N????B?M@oS_@oOoBC?	46	ffffffffc87ff
N????B?M@oCo`OOoY??	46	7ffffffffffe
N????B?M@oCo`OOoBC?	46	fffffffefeff
N????B?M@oCo@ooOY??	46	fbffbfffff77c
N????B?M@oCo@ooOBC?	46	fffffffdfffb
N???C@?kBOEGB_@gY??	46	effefffffeefa
N???C@?kBOEGB_@gX??	46	7fffffffefff
N???C@?kBOEGB_@gW_?	46	3fffffffffff
N???C@?kBOEGB_@gP_?	46	3fffffffffff
N???C@?kBOEGB_@gOo?	46	7ffffffffeff
N???C@?kBOEGB_@gQC?	46	fffffffff7fb
N???C@?kBOEGB_@gPC?	46	3fffffffffff
N???C@?kBOEGB_@gOc?	46	7fffffffff7f
N???C@?kBODGD_@gY??	46	7fffffffefff
N???C@?kBODGD_@gR??	46	ffffffff0e7ff
N???C@?kBODGD_@gW_?	46	3fffffffffff
N???C@?kBODGD_@gI_?	46	3fffffffffff
N???C@?kBODGD_@gHG?	46	fffffbbfce7ff
N???C@?kBODGD_@gBG?	46	fffeff7fd7e7f
N???C@?kBODGD_@gGg?	46	3fffffffffff
N???C@?kBODGD_@g?w?	46	3fffffffffff
N???C@?kBODGD_@gQC?	46	3fffffffffff
N???C@?kBODGD_@gOc?	46	3fffffffffff
N???C@?kBODGD_@g@K?	46	7ffffffdffff
N???C@?kBODGD_@g?k?	46	3fffffffffff
N???C@?kBOCgE_@gY??	46	7fffffffefff
N???C@?kBOCgE_@gX??	46	7fffffffefff
N???C@?kBOCgE_@gHG?	46	7ffffffdffff
N???C@?kBOCgE_@gGg?	46	7ffffffff7ff
N???C@?kBOCgE_@g@W?	46	3fffffffffff
N???C@?kBOCgE_@gQC?	46	3fffffffffff
N???C@?kBOCgE_@gIC?	46	3fffffffffff
N???C@?kBOCgE_@gOS?	46	3fffffffffff
N???C@?kBOCgE_@g@K?	46	3fffffffffff
N???C@?kBOCgE_@g?k?	46	7ffffffdffff
N???C@?kBOCgE_@g?[?	46	3fffffffffff
N???C@?kBOCgD_AgY??	46	7ffffffffeff
N???C@?kBOCgD_AgX??	46	7ffffffffffe
N???C@?kBOCgD_AgIO?	46	3fffffffffff
N???C@?kBOCgD_AgQC?	46	3fffffffffff
N???C@?kBOCgD_AgIC?	46	3fffffffffff
N???C@?kBOCgD_AgOS?	46	3fffffffffff
N???C@?kBOCKD_B_Y??	46	7ffffffffffe
N???C@?kBOCKD_B_Q_?	46	3fffffffffff
N???C@?kBOCKD_B_I_?	46	3fffffffffff
N???C@?kBOCKD_B_Ao?	46	3fffffffffff
N???C@?kBOCKD_B_HG?	46	7ffffffff7ff
N???C@?kBOCKD_B_BG?	46	3fffffffffff
N???C@?kBOCKD_B_Og?	46	3fffffffffff
N???C@?kBOCKD_B_@g?	46	3fffffffffff
N???C@?kBOCKD_B_AK?	46	7ffffffdffff
N???C@?kBOCKD_B_?k?	46	3fffffffffff
N???C@?gV?B_E_@g?w?	46	3ffffbbfeefff
N???C@?gV?B_E_@gAK?	46	7ffffffdffff
N???C@?gV?B_E_@g?k?	46	7ffffffdffff
N???CB?KEOM?@oB_EC?	46	fbffbfffff77c
N???CB?KEOM?@oB_CK?	46	7ffffffff7ff
N???CB?KEOM?@oB_?M?	46	7ffffffdffff
N???CB?KEOL?@oD_F??	46	7ffffffffffe
N???CB?KEOL?@oD_E_?	46	3fffffffffff
N???CB?KEOL?@oD_EG?	46	3fffffffffff
N???CB?KEOL?@oD_EC?	46	7ffffffff7ff
N???CB?KEOL?@oD_BC?	46	7ffffffff7ff
N???CB?KEOL?@oD_@c?	46	3ffffffffffcc
N???CB?KEOL?@oD_BA?	46	7ffffffff7ff
N???CB?KEOK_B_CoF??	46	3fffffffffff
N???CB?KEOK_B_CoEO?	46	3fffffffffff
N???CB?KEOK_B_Co@o?	46	3ffffffffffcc
N???CB?KEOK_B_CoEG?	46	7ffffffffffe
N???CB?KEOK_B_Co?k?	46	3ffffffffffcc
N???CB?KEOK_B_Co?[?	46	3ffffffffffcc
N???CB?KEOK_B_CoAa?	46	3fffffffffff
N???CB?KEOK_B_Co@E?	46	7ffffffeffff
N???CB?KEOK_AoD_F??	46	3fffffffffff
N???CB?KEOK_AoD_EO?	46	7fffffffff7f
N???CB?KEOK_AoD_EG?	46	3fffffffffff
N???CB?KEOK_AoD_@c?	46	3ffffffffffcc
N???CB?KEOK_AoD_@K?	46	ffffffffff74c
N???CB?KEOK_AoD_?k?	46	3ffffffffffcc
N???CB?KEOK_AoD_?M?	46	7ffffffeffff
N???CB?KEOK_@oE_F??	46	7ffffffffffe
N???CB?KEOK_@oE_EO?	46	3fffffffffff
N???CB?KEOK_@oE_EG?	46	3fffffffffff
N???CB?KEOK_@oE_@c?	46	3ffffffffffcc
N???CB?KEOK_@oE_@S?	46	3ffffffffffcc
N???CB?KEOK_@oE_Aa?	46	3fffffffffff
N???CB?KEOK_@oE_?M?	46	7fffffffefff
N???CB?KEOH_H_CoF??	46	3fffffffffff
N???CB?KEOH_H_Co@o?	46	3ffffffffffcc
N???CB?KEOH_H_Co@a?	46	7ffffffff7ff
N???CB?KEOH_@oK_F??	46	ffffffffff7e
N???CB?KEOH_@oK_E_?	46	3fffffffffff
N???CB?KEO@oM?@oM??	46	7ffffffffffe
N???CB?KEO@oM?@oK_?	46	3fffffffffff
N???CB?KEO@oM?@oE_?	46	3fffffffffff
N???CB?KEO@oM?@oEG?	46	3fffffffffff
N???CB?KEO@oM?@oKC?	46	7ffffffff7ff
N???CB?KEO@oM?@oEC?	46	7ffffffff7ff
N???CB?KEO@oM?@oGa?	46	3fffffffffff
N???CB?KEO@oM?@o?q?	46	3fffffffffff
N???CB?KEO@oM?@oCE?	46	7ffffffdffff
N???CB?KEO@o@oL?M??	46	3fffffffffff
N???CB?KEO@o@oL?DO?	46	3fffffffffff
N???CB?KEO@o@oL?KA?	46	3fffffffffff
N???CB?KEO@o@oL?@Q?	46	3fffffffffff
N???CB?KEOKGB_D_F??	46	3fffffffffff
N???CB?KEOKGB_D_E_?	46	3fffffffffff
N???CB?KEOKGB_D_@o?	46	3ffffffffffcc
N???CB?KEOKGB_D_EC?	46	7ffffffffffe
N???CB?KEOKGB_D_AK?	46	7ffffffff7ff
N???CB?KEOKGB_D_?k?	46	3ffffffffffcc
N???CB?KEAL?B_D_EG?	46	7ffffffffffe
N???CB?KEAL?B_D_EC?	46	7ffffffffffe
N???CB?KEAL?B_D_?M?	46	ffffffffc87ff
N???CB?KEADGB_D_M??	46	7ffffffffffe
N???CB?KEADGB_D_GE?	46	ffffffffc87ff
N???CB?KEA@gI_D_M??	46	7ffffffffffd
N???CB?KEA@gI_D_GE?	46	fffffffefeff
N???CB?KEA@gB_K_M??	46	fffdf7ffff77c
N???CB?KEA@gB_K_GE?	46	fffffffdfffb
N???C@_SDOU?B_@oBC?	46	7ffffffff7ff
N???C@_SDOU?B_@oHA?	46	7ffffffff7ff
N???C@_SDOU?B_@oGa?	46	3fffffffffff
N???C@_SDOR?B_@oEG?	46	3fffffff0ffff
N???C@_SDOR?B_@oIC?	46	7ffffffff7ff
N???C@_SDOR?B_@oEC?	46	7ffffffff7ff
N???C@_SDOR?B_@oGK?	46	3fffffffffff
N???C@_SDODG`_D_BG?	46	3fffffff0ffff
N???C@_SDODG`_D_IC?	46	7fffffffefff
N???C@_SDODG`_D_IA?	46	7fffffffefff
N???C@_SDODG`_D_Ga?	46	3fffffffffff
N???C@_SDODG`_D_GI?	46	7fffffffff7f
N???C@_SDODGB_D_Ao?	46	3ffffffe97fff
N???C@_SDODGB_D_QG?	46	3fffffff0ffff
N???C@_SDODGB_D_QC?	46	3fffffffffff
N???C@_SDODGB_D_IC?	46	7fffffffefff
N???C@_SDODGB_D_WA?	46	7ffffffffffe
N???C@_SDODGB_D_IA?	46	7fffffffefff
N???C@_SDODGB_D_Ga?	46	3fffffffffff
N???C@_SDODGB_D_AE?	46	7ffffffff7ff
N???C@_SDOCgc_B_@g?	46	2ffdeff7fe70fccc
N???C@_SDOCgc_B_IC?	46	7ffffffffffe
N???C@_SDOCgc_B_IA?	46	7ffffffffffe
N???C@_SDOCgc_B_HA?	46	3fffffffffff
N???C@_SDOCgc_B_Ga?	46	3fffffffffff
N???C@_SDOCgc_B_GQ?	46	3fffffffffff
N???C@_SDOCgc_B_GI?	46	7ffffffff7ff
N???C@_SDOCgc_B_@I?	46	3fffffffffff
N???C@_SDOCgS_B_R??	46	3fffffffffff
N???C@_SDOCgS_B_Q_?	46	3fffffffffff
N???C@_SDOCgS_B_QO?	46	3fffffffffff
N???C@_SDOCgS_B_QG?	46	7ffffffffffe
N???C@_SDOCgS_B_QC?	46	7ffffffffffe
N???C@_SDOCgS_B_Oa?	46	3fffffffffff
N???C@_SDOCgS_B_@a?	46	3fffffffffff
N???C@_SDOCgS_B_OQ?	46	3fffffffffff
N???C@_SDOCgS_B_OE?	46	7ffffffff7ff
N???C@_SDOCga_D_@g?	46	2ffdeff7fe70fccc
N???C@_SDOCga_D_IC?	46	7fffffffefff
N???C@_SDOCga_D_IA?	46	7fffffffefff
N???C@_SDOCga_D_Ga?	46	3fffffffffff
N???C@_SDOCga_D_GQ?	46	3fffffffffff
N???C@_SDOCga_D_GI?	46	7fffffffff7f
N???C@_SDOCg`_E_?w?	46	2ffdeff7fe70fccc
N???C@_SDOCg`_E_IC?	46	7ffffffffeff
N???C@_SDOCg`_E_IA?	46	7ffffffffeff
N???C@_SDOCg`_E_HA?	46	3fffffffffff
N???C@_SDOCg`_E_GQ?	46	3fffffffffff
N???C@_SDOCg`_E_GI?	46	7ffffffffffd
N???C@_SDOCg`_E_@I?	46	3fffffffffff
N???C@_SDOCg`_E_@E?	46	3fffffffffff
N???C@_SCPU?B_@oJ??	46	7ffffffff7ff
N???C@_SCPU?B_@oI_?	46	3fffffffffff
N???C@_SCPM?B_@oU??	46	fbffbfffff77c
N???C@_SCPM?B_@oR??	46	7ffffffff7ff
N???C@_SCPM?B_@oQ_?	46	3fffffffffff
N???C@_SCPM?B_@oB_?	46	3fffffffffff
N???C@_SCPM?B_@oAo?	46	7fffffffff7f
N???C@_SCPM?B_@oBG?	46	3fffffffffff
N???C@_SCPM?B_@oAg?	46	7fffffffff7f
N???C@_SCPM?B_@oSA?	46	fffffbbfce7ff
N???C@_SCPM?B_@oPA?	46	7ffffffdffff
N???C@_SCPM?B_@o@I?	46	3fffffffffff
N???C@_SCPM?B_@o?i?	46	7fffffff7fff
N???C@_SCPR?H_@oJ??	46	fbffbfffff77c
N???C@_SCPR?H_@oF??	46	7ffffffff7ff
N???C@_SCPR?H_@oI_?	46	3fffffffffff
N???C@_SCPR?H_@oIG?	46	7fffffffff7f
N???C@_SCPR?H_@o@g?	46	3effffffffb7e
N???C@_SCPJ?H_@oS_?	46	3fffffffffff
N???C@_SCPJ?H_@oQ_?	46	3fffffffffff
N???C@_SCPJ?H_@oE_?	46	3fffffffffff
N???C@_SCPJ?H_@oAo?	46	3fffffffffff
N???C@_SCPJ?H_@oEG?	46	3fffffffffff
N???C@_SCPJ?H_@oPG?	46	7fffffffff7f
N???C@_SCPJ?H_@oAg?	46	3fffffffffff
N???C@_SCPJ?H_@oSA?	46	7ffffffdffff
N???C@_SCPJ?H_@oOa?	46	3fffffffffff
N???C@_SCPJ?H_@oCI?	46	3fffffffffff
N???C@_SCPJ?H_@o?i?	46	3fffffffffff
N???C@_SCPQ_I_@oIO?	46	3fffffffffff
N???C@_SCPQ_I_@oDO?	46	3ffffffffffcc
N???C@_SCPQ_I_@oDG?	46	3ffffffffffcc
N???C@_SCPQ_H_AoIO?	46	3fffffffffff
N???C@_SCPQ_H_AoDG?	46	3ffffffffffcc
N???C@_SCPQ_B_GoIO?	46	3fffffffffff
N???C@_SCPQ_B_Go@o?	46	3effffffffb7e
N???C@_SCPQ_B_GoDG?	46	3ffffffffffcc
N???C@_SCPQ_B_Go@I?	46	3fffffffffff
N???C@_SCPI_I_@oU??	46	7ffffffff7ff
N???C@_SCPI_I_@oT??	46	7ffffffff7ff
N???C@_SCPI_I_@oF??	46	ffffffffe7ff
N???C@_SCPI_I_@oQ_?	46	7ffffffffffe
N???C@_SCPI_I_@oQO?	46	3fffffffffff
N???C@_SCPI_I_@oEO?	46	3fffffffffff
N???C@_SCPI_I_@oBO?	46	3fffffffffff
N???C@_SCPI_I_@oSG?	46	3fffffffffff
N???C@_SCPI_I_@oQG?	46	7ffffffffffd
N???C@_SCPI_I_@oEG?	46	3fffffffffff
N???C@_SCPI_I_@oPG?	46	3fffffffffff
N???C@_SCPI_I_@oBG?	46	3fffffffffff
N???C@_SCPI_I_@oAg?	46	7ffffffff7ff
N???C@_SCPI_I_@oAW?	46	3fffffffffff
N???C@_SCPI_I_@o?w?	46	3fffffffffff
N???C@_SCPI_I_@oSA?	46	7ffffffdffff
N???C@_SCPI_I_@oOQ?	46	3fffffffffff
N???C@_SCPI_I_@oCI?	46	3fffffffffff
N???C@_SCPI_I_@o@I?	46	3fffffffffff
N???C@_SCPI_I_@o?Y?	46	3fffffffffff
N???C@_SCPI_H_AoU??	46	7fffffffff7f
N???C@_SCPI_H_AoF??	46	3fffffffffff
N???C@_SCPI_H_AoQ_?	46	7ffffffff7ff
N???C@_SCPI_H_AoSO?	46	3fffffffffff
N???C@_SCPI_H_AoQO?	46	3fffffffffff
N???C@_SCPI_H_AoBO?	46	3fffffffffff
N???C@_SCPI_H_AoSG?	46	3fffffffffff
N???C@_SCPI_H_AoQG?	46	7fffffffff7f
N???C@_SCPI_H_AoEG?	46	3fffffffffff
N???C@_SCPI_H_AoBG?	46	7ffffffff7ff
N???C@_SCPI_H_AoAW?	46	3fffffffffff
N???C@_SCPI_H_Ao@W?	46	7ffffffffffd
N???C@_SCPI_H_AoSA?	46	7ffffffeffff
N???C@_SCPI_H_AoOQ?	46	3fffffffffff
N???C@_SCPI_H_AoCI?	46	3fffffffffff
N???C@_SCPI_H_Ao?Y?	46	3fffffffffff
N???C@_SCPI_B_GoF??	46	3fffffffffff
N???C@_SCPI_B_GoQ_?	46	7fffffffff7f
N???C@_SCPI_B_GoQO?	46	3fffffffffff
N???C@_SCPI_B_GoEO?	46	3fffffffffff
N???C@_SCPI_B_GoOo?	46	3fffffffffff
N???C@_SCPI_B_GoQG?	46	7ffffffff7ff
N???C@_SCPI_B_GoEG?	46	7ffffffff7ff
N???C@_SCPI_B_GoPG?	46	3fffffffffff
N???C@_SCPI_B_GoBG?	46	3fffffffffff
N???C@_SCPI_B_GoCg?	46	3fffffffffff
N???C@_SCPI_B_GoAW?	46	3fffffffffff
N???C@_SCPI_B_GoSA?	46	7ffffffff7ff
N???C@_SCPI_B_GoOQ?	46	3fffffffffff
N???C@_SCPI_B_GoCI?	46	7ffffffdffff
N???C@_SCPI_B_Go@I?	46	3fffffffffff
N???C@_SCPD_AoD_Y??	46	3fffffffffff
N???C@_SCPD_AoD_M??	46	3fffffffffff
N???C@_SCPD_AoD_I_?	46	3fffffffffff
N???C@_SCPD_AoD_IO?	46	3fffffffffff
N???C@_SCPD_AoD_IG?	46	3fffffffffff
N???C@_SCPD_AoD_KA?	46	7ffffffff7ff
N???C@_SCPD_AoD_QA?	46	3fffffffffff
N???C@_SCPD_AoD_IA?	46	3fffffffffff
N???C@_SCPD_AoD_Oa?	46	3fffffffffff
N???C@_SCPD_AoD_OQ?	46	3fffffffffff
N???C@_SCPD_AoD_OI?	46	7ffffffdffff
N???C@_SCPB_AoH_Y??	46	7ffffffffffe
N???C@_SCPB_AoH_M??	46	3fffffffffff
N???C@_SCPB_AoH_I_?	46	3fffffffffff
N???C@_SCPB_AoH_IO?	46	3fffffffffff
N???C@_SCPB_AoH_IG?	46	7ffffffff7ff
N???C@_SCPB_AoH_WA?	46	7fffffffff7f
N???C@_SCPB_AoH_QA?	46	7ffffffff7ff
N???C@_SCPB_AoH_OQ?	46	3fffffffffff
N???C@_SCPB_AoH_?Y?	46	3fffffffffff
N???C@_SCPCoB_DO[??	46	3fffffffffff
N???C@_SCPCoB_DOY??	46	3fffffffffff
N???C@_SCPCoB_DOM??	46	3fffffffffff
N???C@_SCPCoB_DOJ??	46	3fffffffffff
N???C@_SCPCoB_DOIO?	46	3fffffffffff
N???C@_SCPCoB_DOIG?	46	3fffffffffff
N???C@_SCPCoB_DOEG?	46	3fffffffffff
N???C@_SCPCoB_DOCW?	46	1ffffffffb7fe
N???C@_SCPCoB_DO@W?	46	1ffffeffff7fd
N???C@_SCPCoB_DOWA?	46	3fffffffffff
N???C@_SCPCoB_DOKA?	46	3fffffffffff
N???C@_SCPCoB_DOIA?	46	3fffffffffff
N???C@_SCPCoB_DOGI?	46	3fffffffffff
N???C@_SCPCoB_DOAI?	46	3fffffffffff
N???C@_SCPCoKOB_Y??	46	7ffffffffffe
N???C@_SCPCoKOB_R??	46	3fffffffffff
N???C@_SCPCoKOB_J??	46	3fffffffffff
N???C@_SCPCoKOB_W_?	46	3fffffffffff
N???C@_SCPCoKOB_I_?	46	3fffffffffff
N???C@_SCPCoKOB_WG?	46	7ffffffff7ff
N???C@_SCPCoKOB_IG?	46	7ffffffff7ff
N???C@_SCPCoKOB_?w?	46	1ffffffffb7fe
N???C@_SCPCoKOB_WA?	46	7ffffffff7ff
N???C@_SCPCoKOB_QA?	46	7ffffffff7ff
N???C@_SCPCoKOB_BA?	46	3fffffffffff
N???C@_SCPCoKOB_Ga?	46	3fffffffffff
N???C@_SCPCoKOB_GI?	46	7ffffffdffff
N???C@_SCPCoKOB_AI?	46	7ffffffdffff
N???C@_SCP@oIOD_Y??	46	3fffffffffff
N???C@_SCP@oIOD_U??	46	3fffffffffff
N???C@_SCP@oIOD_M??	46	3fffffffffff
N???C@_SCP@oIOD_Go?	46	3fffffffffff
N???C@_SCP@oIOD_Ao?	46	3fffffffffff
N???C@_SCP@oIOD_IG?	46	3fffffffffff
N???C@_SCP@oIOD_QA?	46	3fffffffffff
N???C@_SCP@oEOH_Y??	46	7ffffffffffe
N???C@_SCP@oEOH_M??	46	3fffffffffff
N???C@_SCP@oEOH_I_?	46	3fffffffffff
N???C@_SCP@oEOH_IG?	46	7ffffffff7ff
N???C@_SCP@oEOH_?w?	46	1ffffeffff7fd
N???C@_SCP@oEOH_WA?	46	7fffffffff7f
N???C@_SCP@oEOH_QA?	46	7ffffffff7ff
N???C@_SCP@oEOH_IA?	46	7ffffffff7ff
N???C@_SCP@oEOH_Oa?	46	3fffffffffff
N???C@_SCP@oEOH_GI?	46	7ffffffeffff
N???C@_SCP@oEOH_AI?	46	7ffffffdffff
N???C@_SCP@oBOK_Y??	46	3fffffffffff
N???C@_SCP@oBOK_U??	46	3fffffffffff
N???C@_SCP@oBOK_M??	46	3fffffffffff
N???C@_SCP@oBOK_I_?	46	3fffffffffff
N???C@_SCP@oBOK_IO?	46	3fffffffffff
N???C@_SCP@oBOK_EO?	46	3fffffffffff
N???C@_SCP@oBOK_Go?	46	3fffffffffff
N???C@_SCP@oBOK_IG?	46	3fffffffffff
N???C@_SCP@oBOK_QA?	46	3fffffffffff
N???C@_SCP@oBOK_IA?	46	3fffffffffff
N???C@_SCP@oBOK_OI?	46	7fffffffefff
N???C@_SCPKGB_D_U??	46	7ffffffffffe
N???C@_SCPKGB_D_R??	46	3fffffffffff
N???C@_SCPKGB_D_F??	46	3fffffffffff
N???C@_SCPKGB_D_Q_?	46	3fffffffffff
N???C@_SCPKGB_D_Oo?	46	3fffffffffff
N???C@_SCPKGB_D_Ao?	46	3fffffffffff
N???C@_SCPKGB_D_SG?	46	ffffffffff74c
N???C@_SCPKGB_D_QG?	46	7ffffffff7ff
N???C@_SCPKGB_D_EG?	46	7ffffffff7ff
N???C@_SCPKGB_D_DG?	46	ffffffffff74c
N???C@_SCPKGB_D_BG?	46	3fffffffffff
N???C@_SCPKGB_D_Ag?	46	3fffffffffff
N???C@_SCPKGB_D_?w?	46	3fffffffffff
N???C@_SCPKGB_D_QA?	46	7ffffffff7ff
N???C@_SCPKGB_D_EA?	46	7ffffffff7ff
N???C@_SCPKGB_D_Oa?	46	3fffffffffff
N???C@_SCPKGB_D_CI?	46	ffffffffc87ff
N???C@_SCPQGH_B_M??	46	7ffffffffffe
N???C@_SCPQGH_B_J??	46	7ffffffffffe
N???C@_SCPQGH_B_I_?	46	3fffffffffff
N???C@_SCPQGH_B_IG?	46	ffffffffff74c
N???C@_SCPQGH_B_@g?	46	3effffffffb7e
N???C@_SCPIGH_B_U??	46	7ffffffffffe
N???C@_SCPIGH_B_R??	46	7ffffffffffe
N???C@_SCPIGH_B_F??	46	3fffffffffff
N???C@_SCPIGH_B_S_?	46	3fffffffffff
N???C@_SCPIGH_B_Q_?	46	3fffffffffff
N???C@_SCPIGH_B_E_?	46	3fffffffffff
N???C@_SCPIGH_B_B_?	46	3fffffffffff
N???C@_SCPIGH_B_Co?	46	3ffff7dfdf7ff
N???C@_SCPIGH_B_PG?	46	7fffffffff7f
N???C@_SCPIGH_B_DG?	46	3fffffffffff
N???C@_SCPIGH_B_Cg?	46	3fffffffffff
N???C@_SCPIGH_B_SA?	46	7ffffffff7ff
N???C@_SCPIGH_B_PA?	46	7fffffffff7f
N???C@_SCPIGH_B_BA?	46	7ffffffff7ff
N???C@_SCPIGH_B_Oa?	46	3fffffffffff
N???C@_SCPIGH_B_Ca?	46	3fffffffffff
N???C@_SCPIGH_B_Aa?	46	3fffffffffff
N???C@_SCPHGH_D_U??	46	3fffffffffff
N???C@_SCPHGH_D_R??	46	7ffffffffffe
N???C@_SCPHGH_D_F??	46	3fffffffffff
N???C@_SCPHGH_D_S_?	46	3fffffffffff
N???C@_SCPHGH_D_Q_?	46	3fffffffffff
N???C@_SCPHGH_D_Ao?	46	7fffffffff7f
N???C@_SCPHGH_D_EG?	46	3fffffffffff
N???C@_SCPHGH_D_PG?	46	ffffffffff74c
N???C@_SCPHGH_D_Cg?	46	3fffffffffff
N???C@_SCPHGH_D_Ag?	46	3fffffffffff
N???C@_SCPHGH_D_@g?	46	3fffffffffff
N???C@_SCPHGH_D_?w?	46	3fffffffffff
N???C@_SCPHGH_D_SA?	46	7fffffffff7f
N???C@_SCPHGH_D_QA?	46	7fffffffff7f
N???C@_SCPHGH_D_BA?	46	7ffffffff7ff
N???C@_SCPHGH_D_Oa?	46	3fffffffffff
N???C@_SCPHGH_D_@I?	46	ffffffffc87ff
N???C@_SCPGgI_D_U??	46	3fffffffffff
N???C@_SCPGgI_D_R??	46	3fffffffffff
N???C@_SCPGgI_D_F??	46	3fffffffffff
N???C@_SCPGgI_D_Q_?	46	7ffffffffffe
N???C@_SCPGgI_D_QO?	46	3fffffffffff
N???C@_SCPGgI_D_Ao?	46	3fffffffffff
N???C@_SCPGgI_D_EG?	46	3fffffffffff
N???C@_SCPGgI_D_BG?	46	3fffffffffff
N???C@_SCPGgI_D_Ag?	46	7ffffffff7ff
N???C@_SCPGgI_D_@g?	46	3fffffffffff
N???C@_SCPGgI_D_CW?	46	3fffffffffff
N???C@_SCPGgI_D_AW?	46	3fffffffffff
N???C@_SCPGgI_D_?w?	46	3fffffffffff
N???C@_SCPGgI_D_SA?	46	7fffffffff7f
N???C@_SCPGgI_D_QA?	46	7ffffffffffd
N???C@_SCPGgI_D_DA?	46	7ffffffff7ff
N???C@_SCPGgI_D_BA?	46	3fffffffffff
N???C@_SCPGgI_D_OQ?	46	3fffffffffff
N???C@_SCPGgH_E_U??	46	3fffffffffff
N???C@_SCPGgH_E_R??	46	7ffffffffffe
N???C@_SCPGgH_E_Q_?	46	3fffffffffff
N???C@_SCPGgH_E_SO?	46	3fffffffffff
N???C@_SCPGgH_E_QO?	46	3fffffffffff
N???C@_SCPGgH_E_BO?	46	3fffffffffff
N???C@_SCPGgH_E_EG?	46	3fffffffffff
N???C@_SCPGgH_E_BG?	46	7ffffffff7ff
N???C@_SCPGgH_E_Ag?	46	3fffffffffff
N???C@_SCPGgH_E_@g?	46	3fffffffffff
N???C@_SCPGgH_E_AW?	46	3fffffffffff
N???C@_SCPGgH_E_@W?	46	3fffffffffff
N???C@_SCPGgH_E_SA?	46	7ffffffffffd
N???C@_SCPGgH_E_QA?	46	7fffffffff7f
N???C@_SCPGgH_E_Ca?	46	7ffffffff7ff
N???C@_SCPGgH_E_Aa?	46	3fffffffffff
N???C@_SCPGgH_E_CI?	46	7fffffffefff
N???C@_SCPGgH_E_?i?	46	7ffffffdffff
N???C@_SCPGgB_K_R??	46	3fffffffffff
N???C@_SCPGgB_K_Q_?	46	3fffffffffff
N???C@_SCPGgB_K_B_?	46	3fffffffffff
N???C@_SCPGgB_K_QO?	46	3fffffffffff
N???C@_SCPGgB_K_EO?	46	3fffffffffff
N???C@_SCPGgB_K_EG?	46	7ffffffff7ff
N???C@_SCPGgB_K_BG?	46	3fffffffffff
N???C@_SCPGgB_K_Ag?	46	3fffffffffff
N???C@_SCPGgB_K_CW?	46	3fffffffffff
N???C@_SCPGgB_K_AW?	46	3fffffffffff
N???C@_SCPGgB_K_?w?	46	3fffffffffff
N???C@_SCPGgB_K_SA?	46	7ffffffff7ff
N???C@_SCPGgB_K_PA?	46	7ffffffffffd
N???C@_SCPGgB_K_BA?	46	3fffffffffff
N???C@_SCPGgB_K_Aa?	46	3fffffffffff
N???C@_SCPGgB_K_OQ?	46	3fffffffffff
N???C@_SCPCIB_D_L??	46	7ffffffff7ff
N???C@_SCPCIB_D_K_?	46	3fffffffffff
N???C@_SCPCIB_D_@o?	46	3fffffffffff
N???C@_SCPCIB_D_PG?	46	7ffffffdffff
N???C@_SCPCIB_D_DG?	46	7ffffffdffff
N???C@_SCPCIB_D_Cg?	46	3fffffffffff
N???C@_SCPAIB_H_J??	46	7ffffffff7ff
N???C@_SCPAIB_H_I_?	46	3fffffffffff
N???C@_SCPAIB_H_@o?	46	3ff73fdb9cfdef61
N???C@_SCPAIB_H_KG?	46	7ffffffdffff
N???C@_SCPAIB_H_PG?	46	7ffffffeffff
N???C@_SCP@IH_D_[??	46	7fffffffff7f
N???C@_SCP@IH_D_L??	46	7ffffffff7ff
N???C@_SCP@IH_D_R??	46	7ffffffff7ff
N???C@_SCP?iI_D_[??	46	7fffffffff7f
N???C@_SCP?iI_D_J??	46	3fffffffffff
N???C@_SCP?iI_D_DO?	46	3fffffffffff
N???C@_SCP?iI_D_PG?	46	7ffffffdffff
N???C@_SCP?iE_H_L??	46	3fffffffffff
N???C@_SCP?iE_H_BO?	46	3fffffffffff
N???C@_SCP?iB_K_Y??	46	7ffffffff7ff
N???C@_SCP?iB_K_L??	46	3fffffffffff
N???C@_SCP?iB_K_J??	46	3fffffffffff
N???C@_ECK[?U?@oB_?	46	3fffffffffff
N???C@_ECK[?T?AoF??	46	3fffffffffff
N???C@_ECK[?T?AoB_?	46	3fffffffffff
N???C@_ECK[?T?AoBO?	46	3fffffffffff
N???C@_ECK[?T?AoBG?	46	3fffffffffff
N???C@_ECK[?T?Ao@W?	46	7fffffffefff
N???C@_ECK[?P_EOF??	46	3fffffffffff
N???C@_ECK[?P_EOB_?	46	3fffffffffff
N???C@_ECK[?P_EOBC?	46	3fffffffffff
N???C@_ECK[?SOB_F??	46	3fffffffffff
N???C@_ECK[?SOB_B_?	46	3fffffffffff
N???C@_ECK[?SOB_BG?	46	3fffffffffff
N???C@_ECK[?SOB_CK?	46	ffffffffff74c
N???C@_ECK[?POE_F??	46	3fffffffffff
N???C@_ECK[?POE_B_?	46	3fffffffffff
N???C@_ECK[?POE_BG?	46	3fffffffffff
N???C@_ECK[?POE_BC?	46	3fffffffffff
N???C@_ECK[?@oEOM??	46	3fffffffffff
N???C@_ECK[?@oEOBC?	46	7ffffffffffb
N???C@_ECK[?EG@oB_?	46	7ffffffffffb
N???C@_ECK[?DGAoB_?	46	3fffffffffff
N???C@_ECK[?DGAoBO?	46	3fffffffffff
N???C@_ECK[?DGAoBG?	46	3fffffffffff
N???C@_ECK[?@gEOJ??	46	3fffffffffff
N???C@_ECK[?CWB_B_?	46	3fffffffffff
N???C@_ECK[?CWB_KG?	46	ffffffffff74c
N???C@_ECK[?CWB_BG?	46	3fffffffffff
N???C@_ECKY?Y?@oEG?	46	3fffffffffff
N???C@_ECKY?Y?@oBG?	46	3fffffffffff
N???C@_ECKY?Y?@oCa?	46	3fffffffffff
N???C@_ECKY?Y?@o@a?	46	3fffffffffff
N???C@_ECKY?Y?@oCI?	46	3fffffffffff
N???C@_ECKY?X?AoF??	46	3fffffffffff
N???C@_ECKY?X?AoBO?	46	3fffffffffff
N???C@_ECKY?X?AoEG?	46	3fffffffffff
N???C@_ECKY?X?AoDG?	46	3fffffffffff
N???C@_ECKY?X?AoBG?	46	3fffffffffff
N???C@_ECKY?X?AoCW?	46	3ffffffffffcc
N???C@_ECKY?X?Ao@W?	46	3fffffffffff
N???C@_ECKY?X?AoBC?	46	3fffffffffff
N???C@_ECKY?X?AoCK?	46	3ffffffffffcc
N???C@_ECKY?X?AoDA?	46	3fffffffffff
N???C@_ECKY?X?AoBA?	46	3fffffffffff
N???C@_ECKY?X?Ao@a?	46	3fffffffffff
N???C@_ECKY?X?AoCI?	46	3fffffffffff
N???C@_ECKY?X?AoAE?	46	7ffffffeffff
N???C@_ECKY?X?Ao@E?	46	3fffffffffff
N???C@_ECKY?L?AoL??	46	3fffffffffff
N???C@_ECKY?L?AoKO?	46	3fffffffffff
N???C@_ECKY?L?AoGo?	46	3fffffffffff
N???C@_ECKY?L?Ao@o?	46	3ffffffffffd2
N???C@_ECKY?L?AoKG?	46	3fffffffffff
N???C@_ECKY?L?Ao@W?	46	3ffffffffffd2
N???C@_ECKY?L?AoCc?	46	fffffffff77f
N???C@_ECKY?L?AoKA?	46	7fffffffff7f
N???C@_ECKY?L?Ao@I?	46	3ffffffffffcc
N???C@_ECKY?L?AoGE?	46	7ffffffeffff
N???C@_ECKY?P_IOF??	46	3fffffffffff
N???C@_ECKY?P_IOB_?	46	3fffffffffff
N???C@_ECKY?P_IOAo?	46	3fffffffdef7e
N???C@_ECKY?P_IOEG?	46	3fffffffffff
N???C@_ECKY?P_IODG?	46	3fffffffffff
N???C@_ECKY?P_IOBG?	46	3fffffffffff
N???C@_ECKY?P_IO?w?	46	3fdffffffb7fe
N???C@_ECKY?P_IOBC?	46	3fffffffffff
N???C@_ECKY?P_IODA?	46	7fffffff7fff
N???C@_ECKY?P_IOBA?	46	3fffffffffff
N???C@_ECKY?P_IOAE?	46	7ffffffffffb
N???C@_ECKY?P_IO@E?	46	3fffffffffff
N???C@_ECKY?WOB_F??	46	3fffffffffff
N???C@_ECKY?WOB_B_?	46	3fffffffffff
N???C@_ECKY?WOB_Co?	46	3ffffffffffcc
N???C@_ECKY?WOB_Ao?	46	3fffffffffff
N???C@_ECKY?WOB_BG?	46	3fffffffffff
N???C@_ECKY?WOB_BC?	46	3fffffffffff
N???C@_ECKY?WOB_EA?	46	7ffffffffffe
N???C@_ECKY?WOB_DA?	46	3fffffffffff
N???C@_ECKY?WOB_BA?	46	3fffffffffff
N???C@_ECKY?WOB_Ca?	46	3fffffffffff
N???C@_ECKY?WOB_AE?	46	7ffffffff7ff
N???C@_ECKY?WOB_@E?	46	3fffffffffff
N???C@_ECKY?KOB_L??	46	3fffffffffff
N???C@_ECKY?KOB_K_?	46	3fffffffffff
N???C@_ECKY?KOB_@o?	46	3ffffffffffd2
N???C@_ECKY?KOB_KG?	46	fbffbfffff77c
N???C@_ECKY?KOB_HC?	46	3fffffffffff
N???C@_ECKY?KOB_KA?	46	7ffffffffffe
N???C@_ECKY?KOB_?q?	46	3ffffffffffcc
N???C@_ECKY?KOB_GE?	46	7ffffffff7ff
N???C@_ECKY?POI_F??	46	3fffffffffff
N???C@_ECKY?POI_B_?	46	3fffffffffff
N???C@_ECKY?POI_EG?	46	3fffffffffff
N???C@_ECKY?POI_BG?	46	3fffffffffff
N???C@_ECKY?POI_@g?	46	3fffffffffff
N???C@_ECKY?POI_?w?	46	3fdffffffb7fe
N???C@_ECKY?POI_BC?	46	3fffffffffff
N???C@_ECKY?POI_CK?	46	3ffffffffffcc
N???C@_ECKY?POI_?k?	46	7ffffffffb77c
N???C@_ECKY?POI_DA?	46	7ffffffffeff
N???C@_ECKY?POI_BA?	46	3fffffffffff
N???C@_ECKY?POI_@Q?	46	3fffffffffff
N???C@_ECKY?POI_AE?	46	7ffffffffffd
N???C@_ECKY?POI_@E?	46	3fffffffffff
N???C@_ECKY?@oIOM??	46	3fffffffffff
N???C@_ECKY?@oIOK_?	46	3ffffffffffcc
N???C@_ECKY?@oIOBC?	46	3fffffffffff
N???C@_ECKY?IG@oB_?	46	3fffffffffff
N???C@_ECKY?IG@oBG?	46	3fffffffffff
N???C@_ECKY?BGGoJ??	46	7fffffffff7f
N???C@_ECKY?BGGoF??	46	3fffffffffff
N???C@_ECKY?BGGoB_?	46	7ffffffff7ff
N???C@_ECKY?BGGoBO?	46	3fffffffffff
N???C@_ECKY?BGGoKG?	46	3ffffffffffcc
N???C@_ECKY?BGGoBG?	46	3fffffffffff
N???C@_ECKY?BGGo?w?	46	3ffdf7ffff77f
N???C@_ECKY?AWH_F??	46	3fffffffffff
N???C@_ECKY?AWH_B_?	46	3fffffffffff
N???C@_ECKY?AWH_HG?	46	7fffffffff7f
N???C@_ECKY?AWH_BG?	46	7ffffffff7ff
N???C@_ECKW_[?AoF??	46	7ffffffffffe
N???C@_ECKW_[?AoB_?	46	3fffffffffff
N???C@_ECKW_[?AoAo?	46	3fffffffffff
N???C@_ECKW_[?AoDG?	46	3fffffffffff
N???C@_ECKW_[?AoBG?	46	3fffffffffff
N???C@_ECKW_[?AoAg?	46	3fffffffffff
N???C@_ECKW_[?Ao?w?	46	1ffffffffb7fe
N???C@_ECKW_[?AoCK?	46	3ffffffffffcc
N???C@_ECKW_[?AoDA?	46	7ffffffff7ff
N???C@_ECKW_[?AoBA?	46	7ffffffff7ff
N???C@_ECKW_[?AoCQ?	46	3fffffffffff
N???C@_ECKW_[?AoCI?	46	3fffffffffff
N???C@_ECKW_[?Ao?i?	46	3fffffffffff
N???C@_ECKW_U?GoF??	46	7ffffffffffe
N???C@_ECKW_U?GoB_?	46	ffffffffeffe
N???C@_ECKW_U?GoBO?	46	3fffffffffff
N???C@_ECKW_U?GoAo?	46	3fffffffffff
N???C@_ECKW_U?GoBG?	46	3fffffffffff
N???C@_ECKW_U?GoBC?	46	fffffffff77f
N???C@_ECKW_U?GoEA?	46	7ffffffff7ff
N???C@_ECKW_L?AoJ??	46	3fffffffffff
N???C@_ECKW_L?AoF??	46	3fffffffffff
N???C@_ECKW_L?AoKO?	46	3ffffffffffcc
N???C@_ECKW_L?AoIO?	46	3fffffffffff
N???C@_ECKW_L?AoBO?	46	3ffffffffffd2
N???C@_ECKW_L?AoKG?	46	3ffffffffffcc
N???C@_ECKW_L?AoIG?	46	3fffffffffff
N???C@_ECKW_L?AoBG?	46	3ffffffffffd2
N???C@_ECKW_L?AoCS?	46	1ffffffffb7fe
N???C@_ECKW_F?GoIO?	46	3fffffffffff
N???C@_ECKW_F?GoBO?	46	3ffffffffffd2
N???C@_ECKW_F?GoIG?	46	3fffffffffff
N???C@_ECKW_W_EOF??	46	3fffffffffff
N???C@_ECKW_W_EOB_?	46	3fffffffffff
N???C@_ECKW_W_EOBO?	46	3fffffffffff
N???C@_ECKW_W_EOEG?	46	3fffffffffff
N???C@_ECKW_W_EOAg?	46	3fffffffffff
N???C@_ECKW_W_EOBC?	46	3fffffffffff
N???C@_ECKW_W_EOEA?	46	3fffffffffff
N???C@_ECKW_W_EOCI?	46	3fffffffffff
N???C@_ECKW_W_EO?i?	46	3fffffffffff
N???C@_ECKW_S_IOF??	46	3fffffffffff
N???C@_ECKW_S_IOB_?	46	3fffffffffff
N???C@_ECKW_S_IODO?	46	3fffffffffff
N???C@_ECKW_S_IOBO?	46	3fffffffffff
N???C@_ECKW_S_IO@o?	46	3fffffffffff
N???C@_ECKW_S_IODG?	46	3fffffffffff
N???C@_ECKW_S_IOBG?	46	3fffffffffff
N???C@_ECKW_S_IOCg?	46	3ffffffffffcc
N???C@_ECKW_S_IOCK?	46	3ffffffffffcc
N???C@_ECKW_S_IODA?	46	7fffffff7fff
N???C@_ECKW_K_EOL??	46	3fffffffffff
N???C@_ECKW_K_EOK_?	46	3fffffffffff
N???C@_ECKW_K_EOH_?	46	3fffffffffff
N???C@_ECKW_K_EOKO?	46	3fffffffffff
N???C@_ECKW_K_EOHO?	46	3fffffffffff
N???C@_ECKW_K_EODO?	46	3fffffffffff
N???C@_ECKW_K_EOGo?	46	3fffffffffff
N???C@_ECKW_K_EO@o?	46	3ffffffffffd2
N???C@_ECKW_K_EOKG?	46	3fffffffffff
N???C@_ECKW_K_EOHC?	46	3fffffffffff
N???C@_ECKW_K_EOKA?	46	3fffffffffff
N???C@_ECKW_H_EOM??	46	3fffffffffff
N???C@_ECKW_H_EOJ??	46	3fffffffffff
N???C@_ECKW_H_EOF??	46	3fffffffffff
N???C@_ECKW_H_EOIO?	46	3fffffffffff
N???C@_ECKW_H_EOBO?	46	3ffffffffffd2
N???C@_ECKW_H_EOIG?	46	3fffffffffff
N???C@_ECKW_H_EOKA?	46	7ffffffffffd
N???C@_ECKW_D_IOM??	46	3fffffffffff
N???C@_ECKW_D_IOL??	46	3fffffffffff
N???C@_ECKW_D_IOJ??	46	3fffffffffff
N???C@_ECKW_D_IOF??	46	3fffffffffff
N???C@_ECKW_D_IOKO?	46	3ffffffffffcc
N???C@_ECKW_D_IOIO?	46	3fffffffdef7e
N???C@_ECKW_D_IOHO?	46	3fffffffffff
N???C@_ECKW_D_IOBO?	46	3ffffffffffd2
N???C@_ECKW_D_IOKG?	46	3ffffffffffcc
N???C@_ECKW_D_IOHG?	46	3fffffffffff
N???C@_ECKW_D_IODG?	46	3fffffffffff
N???C@_ECKW_D_IOBG?	46	3ffffffffffd2
N???C@_ECKW_D_IOCS?	46	1ffffffffb7fe
N???C@_ECKW_D_IO@Q?	46	3ffffffffffcc
N???C@_ECKW_WOE_F??	46	3fffffffffff
N???C@_ECKW_WOE_B_?	46	3fffffffffff
N???C@_ECKW_WOE_EO?	46	3fffffffffff
N???C@_ECKW_WOE_Ao?	46	3fffffffffff
N???C@_ECKW_WOE_BG?	46	3fffffffffff
N???C@_ECKW_WOE_BC?	46	3fffffffffff
N???C@_ECKW_WOE_EA?	46	3fffffffffff
N???C@_ECKW_WOE_CQ?	46	3fffffffffff
N???C@_ECKW_WOE_?q?	46	3fffffffffff
N???C@_ECKW_SOI_F??	46	3fffffffffff
N???C@_ECKW_SOI_B_?	46	3fffffffffff
N???C@_ECKW_SOI_BO?	46	3fffffffffff
N???C@_ECKW_SOI_EG?	46	3fffffffffff
N???C@_ECKW_SOI_BG?	46	3fffffffffff
N???C@_ECKW_SOI_@g?	46	3fffffffffff
N???C@_ECKW_SOI_BC?	46	3fffffffffff
N???C@_ECKW_SOI_CK?	46	3ffffffffffcc
N???C@_ECKW_SOI_DA?	46	7ffffffffeff
N???C@_ECKW_KOE_L??	46	3fffffffffff
N???C@_ECKW_KOE_K_?	46	3fffffffffff
N???C@_ECKW_KOE_H_?	46	3fffffffffff
N???C@_ECKW_KOE_D_?	46	3fffffffffff
N???C@_ECKW_KOE_KO?	46	3fffffffffff
N???C@_ECKW_KOE_KG?	46	3fffffffffff
N???C@_ECKW_KOE_HG?	46	3fffffffffff
N???C@_ECKW_KOE_DG?	46	3fffffffffff
N???C@_ECKW_KOE_@g?	46	3ffffffffffd2
N???C@_ECKW_KOE_HC?	46	3fffffffffff
N???C@_ECKW_KOE_@K?	46	3fffffffffff
N???C@_ECKW_KOE_KA?	46	3fffffffffff
N???C@_ECKW_KOE_@I?	46	3ffffffffffcc
N???C@_ECKW_KOE_CE?	46	3fffffffffff
N???C@_ECKW_HOE_M??	46	3fffffffffff
N???C@_ECKW_HOE_J??	46	3fffffffffff
N???C@_ECKW_HOE_F??	46	3fffffffffff
N???C@_ECKW_HOE_IO?	46	3fffffffffff
N???C@_ECKW_HOE_IG?	46	3fffffffffff
N???C@_ECKW_HOE_EG?	46	3fffffffffff
N???C@_ECKW_HOE_BG?	46	3ffffffffffd2
N???C@_ECKW_HOE_BC?	46	fffffffffff9
N???C@_ECKW_HOE_KA?	46	7ffffffffffe
N???C@_ECKW_DOI_M??	46	3fffffffffff
N???C@_ECKW_DOI_L??	46	3fffffffffff
N???C@_ECKW_DOI_J??	46	3fffffffffff
N???C@_ECKW_DOI_F??	46	3fffffffffff
N???C@_ECKW_DOI_KO?	46	3ffffffffffcc
N???C@_ECKW_DOI_HO?	46	3fffffffffff
N???C@_ECKW_DOI_BO?	46	3ffffffffffd2
N???C@_ECKW_DOI_KG?	46	3ffffffffffcc
N???C@_ECKW_DOI_IG?	46	3fffffffdef7e
N???C@_ECKW_DOI_EG?	46	3fffffffffff
N???C@_ECKW_DOI_HG?	46	3fffffffffff
N???C@_ECKW_DOI_BG?	46	3ffffffffffd2
N???C@_ECKW_DOI_CS?	46	1ffffffffb7fe
N???C@_ECKW_DOI_AI?	46	ffffffffff74c
N???C@_ECKW_GoM?B_?	46	3fffffffffff
N???C@_ECKW_GoM?BO?	46	3fffffffffff
N???C@_ECKW_GoM?BG?	46	3fffffffffff
N???C@_ECKW_GoM?BC?	46	fffffffdf7ff
N???C@_ECKW_GoM?IA?	46	7ffffffff7ff
N???C@_ECKW_GoM?AE?	46	fffffffcffff
N???C@_ECKW_GoE_M??	46	3fffffffffff
N???C@_ECKW_GoE_I_?	46	3fffffffffff
N???C@_ECKW_GoE_EG?	46	3fffffffffff
N???C@_ECKW_GoE_KA?	46	3fffffffffff
N???C@_ECKW_GoEOM??	46	3fffffffffff
N???C@_ECKW_GoEOI_?	46	3fffffffffff
N???C@_ECKW_GoEOB_?	46	3ffffffffffd2
N???C@_ECKW_GoEOEO?	46	3fffffffffff
N???C@_ECKW_GoEOBO?	46	3ffffffffffd2
N???C@_ECKW_GoEOBC?	46	7ffffffffffb
N???C@_ECKW_GoEOKA?	46	3fffffffffff
N???C@_ECKW_CoM?KG?	46	3fffffffffff
N???C@_ECKW_CoM?HG?	46	3fffffffffff
N???C@_ECKW_CoM?CW?	46	3fffffffffff
N???C@_ECKW_CoM?@W?	46	3ffffffffffd2
N???C@_ECKW_CoM?HC?	46	7ffffffff7ff
N???C@_ECKW_CoM?DC?	46	fffffffdf7ff
N???C@_ECKW_CoM?@K?	46	3fffffffffff
N???C@_ECKW_CoM?KA?	46	7ffffffff7ff
N???C@_ECKW_CoM?@I?	46	3ffffffffffcc
N???C@_ECKW_CoM?CE?	46	fffffffcffff
N???C@_ECKW_CoI_L??	46	3fffffffffff
N???C@_ECKW_CoI_F??	46	3fffffffffff
N???C@_ECKW_CoI_K_?	46	3ffffffffffcc
N???C@_ECKW_CoI_H_?	46	3fffffffffff
N???C@_ECKW_CoI_B_?	46	3ffffffffffd2
N???C@_ECKW_CoI_KG?	46	3ffffffffffcc
N???C@_ECKW_CoI_EG?	46	3fffffffffff
N???C@_ECKW_CoI_DG?	46	3fffffffffff
N???C@_ECKW_CoI_BG?	46	3ffffffffffd2
N???C@_ECKW_CoI_Cc?	46	1ffffffffb7fe
N???C@_ECKW_CoI_KA?	46	3fffffffffff
N???C@_ECKW_CoIOM??	46	3fffffffffff
N???C@_ECKW_CoIOL??	46	3fffffffffff
N???C@_ECKW_CoIOJ??	46	3fffffffffff
N???C@_ECKW_CoIOF??	46	3fffffffffff
N???C@_ECKW_CoIOK_?	46	3ffffffffffcc
N???C@_ECKW_CoIOH_?	46	3fffffffffff
N???C@_ECKW_CoIOD_?	46	3fffffffffff
N???C@_ECKW_CoIOB_?	46	3ffffffffffd2
N???C@_ECKW_CoIOKO?	46	3ffffffffffcc
N???C@_ECKW_CoIOEO?	46	3fffffffffff
N???C@_ECKW_CoIOBO?	46	3ffffffffffd2
N???C@_ECKW_CoIOKC?	46	3ffffffffffcc
N???C@_ECKW_CoIOEC?	46	3fffffffffff
N???C@_ECKW_CoIOGc?	46	1ffffffffb7fe
N???C@_ECKW_CoIOKA?	46	3fffffffffff
N???C@_ECKW_CoIOBA?	46	3ffffffffffcc
N???C@_ECKW_@oM?BO?	46	3faeffff75e937d2
N???C@_ECKW_@oM?BG?	46	3faeffff75e937d2
N???C@_ECKW_KGAoKG?	46	3ffffffffffcc
N???C@_ECKW_KGAoBG?	46	3fffffffffff
N???C@_ECKW_KGAoEA?	46	fffffffcffff
N???C@_ECKW_EGGoBO?	46	7ffffffffffb
N???C@_ECKW_GgEOJ??	46	3fffffffffff
N???C@_ECKW_GgEOF??	46	fffffffffefe
N???C@_ECKW_CgIOF??	46	3fffffffffff
N???C@_ECKW_CgIOBO?	46	3fffffffffff
N???C@_ECKW_CgIOKG?	46	3ffffffffffcc
N???C@_ECKW_CgIOBG?	46	3fffffffffff
N???C@_ECKW_CWI_J??	46	3fffffffffff
N???C@_ECKW_CWI_F??	46	3fffffffffff
N???C@_ECKW_CWI_B_?	46	3fffffffffff
N???C@_ECKW_CWI_KG?	46	3ffffffffffcc
N???C@_ECKW_CWI_BG?	46	3fffffffffff
N???C@_ECKW_KCAoM??	46	fffffffff77f
N???C@_ECKW_KCAoL??	46	7ffffffff7ff
N???C@_ECKW_KCAoKO?	46	3fffffffffff
N???C@_ECKW_KCAoKG?	46	3fffffffffff
N???C@_ECKW_KCAoBG?	46	3ffffffffffcc
N???C@_ECKW_KCAo?w?	46	2ffdeff7fe70fccc
N???C@_ECKW_GcEOM??	46	3fffffffffff
N???C@_ECKW_GcEOK_?	46	7ffffffffffd
N???C@_ECKW_GcEOKO?	46	7ffffffffffd
N???C@_ECKW_GcEOKG?	46	3fffffffffff
N???C@_ECKW_GSE_M??	46	3fffffffffff
N???C@_ECKW_GSE_K_?	46	7ffffffffffe
N???C@_ECKW_GSE_KO?	46	3fffffffffff
N???C@_ECKW_GSE_KG?	46	7ffffffffffd
N???C@_ECKW_GSE_BG?	46	3ffffffffffcc
N???C@_ECKW_GSE_Cg?	46	7ffffffff7ff
N???C@_ECKI_J??wJ??	46	7fffffffff7f
N???C@_ECKI_J??wWO?	46	1ffffffffb7fe
N???C@_ECKI_J??wKG?	46	1ffffffffb7fe
N???C@_ECKI_J??wBG?	46	3fffffffffff
N???C@_ECKI_J??wOQ?	46	3fffffffffff
N???C@_ECKI_J??wAI?	46	3fffffffffff
N???C@_ECKOoX?EOJ??	46	37ffffbfefffb
N???C@_ECKOoX?EOIO?	46	3fffffffffff
N???C@_ECKOoX?EOBC?	46	ffff7dfffeefa
N???C@_ECKOoX?EO?U?	46	7ffffffdffff
N???C@_ECKOoT?IOKO?	46	3ffffffffffcc
N???C@_ECKOoT?IOIO?	46	3fffffffdef7e
N???C@_ECKOoT?IOEO?	46	3fffffffffff
N???C@_ECKOoT?IOGS?	46	7ffffffffb77c
N???C@_ECKOoT?IO?U?	46	7ffffffeffff
N???C@_ECKOoWOU?Ao?	46	3fffffffffff
N???C@_ECKOoSOY?Co?	46	3ffffffffffcc
N???C@_ECKOoSOY?@o?	46	7fffffffefff
N???C@_ECKOoSOIOK_?	46	3ffffffffffcc
N???C@_ECKOoPOM?EO?	46	3ffff7dfdf7ff
N???C@_ECKOoPOM?BO?	46	3faeffff75e937d2
N???C@_ECKOoSGIO?q?	46	ffffffffc87ff
N???C@_ECKOoEGWOAo?	46	7ffffffffffd
N???C@_ECKOoEGWO?q?	46	fffffffdfffb
N???C@_ECKWG[?B_BG?	46	3fffffffffff
N???C@_ECKWG[?B_Ag?	46	3fffffffffff
N???C@_ECKWG[?B_?w?	46	1ffffffffb7fe
N???C@_ECKWG[?B_EA?	46	fbffbfffff77c
N???C@_ECKWG[?B_DA?	46	7ffffffff7ff
N???C@_ECKWG[?B_BA?	46	7ffffffff7ff
N???C@_ECKWG[?B_Ca?	46	3fffffffffff
N???C@_ECKWG[?B_Aa?	46	3fffffffffff
N???C@_ECKWGU?H_B_?	46	fffffffdefff
N???C@_ECKWGU?H_BG?	46	effefffffeefa
N???C@_ECKWGU?H_BC?	46	fbffbfffff77c
N???C@_ECKWGU?H_CI?	46	3fffffffffff
N???C@_ECKWGX?E_F??	46	ffffffffff7e
N???C@_ECKWGX?E_B_?	46	3fffffffffff
N???C@_ECKWGX?E_EO?	46	7ffffffff7ff
N???C@_ECKWGX?E_BG?	46	3fffffffffff
N???C@_ECKWGX?E_AW?	46	3fffffffffff
N???C@_ECKWGX?E_BC?	46	fffffffff7fd
N???C@_ECKWGX?E_EA?	46	fffffffef7ff
N???C@_ECKWGX?E_Aa?	46	3fffffffffff
N???C@_ECKWGX?E_CQ?	46	7ffffffdffff
N???C@_ECKWGX?E_?Y?	46	3fffffffffff
N???C@_ECKWGT?I_F??	46	7ffffffffffe
N???C@_ECKWGT?I_E_?	46	3fffffffffff
N???C@_ECKWGT?I_B_?	46	3fffffffffff
N???C@_ECKWGT?I_DO?	46	3fffffffffff
N???C@_ECKWGT?I_BO?	46	3fffffffffff
N???C@_ECKWGT?I_EG?	46	3fffffffffff
N???C@_ECKWGT?I_BG?	46	3fffffffffff
N???C@_ECKWGT?I_@g?	46	3fffffffffff
N???C@_ECKWGT?I_CW?	46	3ffffffffffcc
N???C@_ECKWGT?I_EA?	46	7ffffffff7ff
N???C@_ECKWGT?I_DA?	46	fffffffff6ff
N???C@_ECKWGT?I_Aa?	46	fffffffff7fe
N???C@_ECKWGT?I_@Q?	46	3fffffffffff
N???C@_ECKWGT?I_CI?	46	3fffffffffff
N???C@_ECKWGL?E_L??	46	7ffffffffffe
N???C@_ECKWGL?E_K_?	46	3fffffffffff
N???C@_ECKWGL?E_D_?	46	3ffff7dfdf7ff
N???C@_ECKWGL?E_KO?	46	3fffffffffff
N???C@_ECKWGL?E_KG?	46	7ffffffff7ff
N???C@_ECKWGL?E_HG?	46	3fffffffffff
N???C@_ECKWGL?E_DG?	46	3fffffffffff
N???C@_ECKWGL?E_Gg?	46	3fffffffffff
N???C@_ECKWGL?E_@g?	46	3ffffffffffd2
N???C@_ECKWGL?E_GW?	46	7fffffffff7f
N???C@_ECKWGL?E_@K?	46	3fffffffffff
N???C@_ECKWGL?E_KA?	46	7ffffffff7ff
N???C@_ECKWGL?E_Ga?	46	3fffffffffff
N???C@_ECKWGL?E_@I?	46	3ffffffffffcc
N???C@_ECKWGH_M?J??	46	fffffffdfffe
N???C@_ECKWGH_M?B_?	46	3ffff7dfdf7ff
N???C@_ECKWGH_M?BC?	46	ffffffff0e7ff
N???C@_ECKWGH_M?IA?	46	ffffffff77ff
N???C@_ECKWGH_M?GI?	46	3fffffffffff
N???C@_ECKWGH_M?AE?	46	fffffbbfce7ff
N???C@_ECKWGH_F?M??	46	3fffffffffff
N???C@_ECKWGH_F?EO?	46	3ffff7dfdf7ff
N???C@_ECKWGH_F?BO?	46	3faeffff75e937d2
N???C@_ECKWGH_F?IG?	46	3fffffffffff
N???C@_ECKWGH_F?KA?	46	3fffffffffff
N???C@_ECKWGD_M?L??	46	7ffffffffffe
N???C@_ECKWGD_M?K_?	46	3fffffffffff
N???C@_ECKWGD_M?Co?	46	3ffff7dfdf7ff
N???C@_ECKWGD_M?@o?	46	3faeffff75e937d2
N???C@_ECKWGD_M?KG?	46	7ffffffff7ff
N???C@_ECKWGD_M?HG?	46	3fffffffffff
N???C@_ECKWGD_M??w?	46	3ffffffffffd2
N???C@_ECKWGD_M?DC?	46	ffffffff0e7ff
N???C@_ECKWGD_M?@K?	46	3fffffffffff
N???C@_ECKWGD_M?KA?	46	7ffffffff7ff
N???C@_ECKWGD_M?CE?	46	fffffbbfce7ff
N???C@_ECKWGD_J?M??	46	3fffffffffff
N???C@_ECKWGD_J?L??	46	3fffffffffff
N???C@_ECKWGD_J?F??	46	3ffff7dfdf7ff
N???C@_ECKWGD_J?KO?	46	3ffffffffffcc
N???C@_ECKWGD_J?EO?	46	3ffff7dfdf7ff
N???C@_ECKWGD_J?DO?	46	3ffff7dfdf7ff
N???C@_ECKWGD_J?BO?	46	3faeffff75e937d2
N???C@_ECKWGD_J?KG?	46	3ffffffffffcc
N???C@_ECKWGD_J?HG?	46	3fffffffffff
N???C@_ECKWGD_J?DG?	46	3fffffffffff
N???C@_ECKWGD_J?BG?	46	3ffffffffffd2
N???C@_ECKWGD_J?HA?	46	3fffffffffff
N???C@_ECKWGD_J?@Q?	46	2ffdeff7fe70fccc
N???C@_ECKWGKOB_M??	46	fbffbfffff77c
N???C@_ECKWGKOB_L??	46	3fffffffffff
N???C@_ECKWGKOB_J??	46	3fffffffffff
N???C@_ECKWGKOB_F??	46	3fffffffffff
N???C@_ECKWGKOB_K_?	46	3ffffffffffcc
N???C@_ECKWGKOB_I_?	46	3fffffffffff
N???C@_ECKWGKOB_B_?	46	3ffffffffffd2
N???C@_ECKWGKOB_KC?	46	ffffffffff74c
N???C@_ECKWGKOB_DC?	46	3fffffffffff
N???C@_ECKWGKOB_BC?	46	3fffffffffff
N???C@_ECKWGKOB_KA?	46	7ffffffff7ff
N???C@_ECKWGEOH_M??	46	3fffffffffff
N???C@_ECKWGEOH_F??	46	7fffffff7fff
N???C@_ECKWGEOH_I_?	46	3fffffffffff
N???C@_ECKWGEOH_B_?	46	3ffffffffffd2
N???C@_ECKWGEOH_EC?	46	3fffffffffff
N???C@_ECKWGEOH_KA?	46	3fffffffffff
N???C@_ECKWGEOH_CE?	46	3fffffffffff
N???C@_ECKWGHOE_M??	46	3fffffffffff
N???C@_ECKWGHOE_J??	46	3fffffffffff
N???C@_ECKWGHOE_F??	46	3fffffffffff
N???C@_ECKWGHOE_I_?	46	3fffffffffff
N???C@_ECKWGHOE_E_?	46	3fffffffffff
N???C@_ECKWGHOE_B_?	46	3ffffffffffd2
N???C@_ECKWGHOE_IO?	46	3fffffffffff
N???C@_ECKWGHOE_BC?	46	fffffffffffa
N???C@_ECKWGHOE_KA?	46	7ffffffffffd
N???C@_ECKWGDOI_M??	46	3fffffffffff
N???C@_ECKWGDOI_L??	46	3fffffffffff
N???C@_ECKWGDOI_J??	46	3fffffffffff
N???C@_ECKWGDOI_F??	46	3fffffffffff
N???C@_ECKWGDOI_K_?	46	3ffffffffffcc
N???C@_ECKWGDOI_I_?	46	3fffffffdef7e
N???C@_ECKWGDOI_E_?	46	3fffffffffff
N???C@_ECKWGDOI_H_?	46	3fffffffffff
N???C@_ECKWGDOI_B_?	46	3ffffffffffd2
N???C@_ECKWGDOI_KO?	46	3ffffffffffcc
N???C@_ECKWGDOI_HO?	46	3fffffffffff
N???C@_ECKWGDOI_DO?	46	3fffffffffff
N???C@_ECKWGDOI_BO?	46	3ffffffffffd2
N???C@_ECKWGDOI_BC?	46	3fffffffffff
N???C@_ECKWGDOI_Gc?	46	7ffffffffb77c
N???C@_ECKWGDOI_KA?	46	3fffffffffff
N???C@_ECKWGDOI_BA?	46	3ffffffffffcc
N???C@_ECKWGDOI_Aa?	46	ffffffffff74c
N???C@_ECKWGDOI_CE?	46	3fffffffffff
N???C@_ECKWGKGB_B_?	46	3ffffef7ef7ff
N???C@_ECKWGKGB_KG?	46	ffffffffff74c
N???C@_ECKWGKGB_BG?	46	3fffffffffff
N???C@_ECKWGKGB_?w?	46	3ffe7f8f6b7ef07b
N???C@_ECKWGKGB_EA?	46	fffffbbfce7ff
N???C@_ECKWGEGH_B_?	46	ffffffffeffb
N???C@_ECKWGEGH_BG?	46	fffffffff7fb
N???C@_ECKWGHGE_J??	46	3fffffffd77fd
N???C@_ECKWGHGE_F??	46	3ffffffffe7f9
N???C@_ECKWGHGE_B_?	46	7ffbfef7ef7ff
N???C@_ECKWGHGE_BG?	46	7ffbffffff87f
N???C@_ECKWGDGI_F??	46	ffffffffe7ff
N???C@_ECKWGDGI_B_?	46	3fffffffffff
N???C@_ECKWGDGI_BG?	46	3fffffffffff
N???C@_ECKWGDGI_?w?	46	3ffdf7ffff77f
N???C@_ECKWG@gM?J??	46	7ffffffff7ff
N???C@_ECKWG@gM?B_?	46	3fffffffffff
N???C@_ECKWG@gM?BG?	46	7ffffffffffb
N???C@_ECKWGKCB_L??	46	7ffffffff7ff
N???C@_ECKWGKCB_K_?	46	3fffffffffff
N???C@_ECKWGKCB_KG?	46	fffffbbfce7ff
N???C@_ECKWGKCB_?w?	46	2ffdeff7fe70fccc
N???C@_ECKWGHCE_M??	46	7ffffffff7ff
N???C@_ECKWGHCE_K_?	46	7ffffffffffe
N???C@_ECKWGHCE_KO?	46	3fffffffffff
N???C@_ECKWGHCE_KG?	46	fffffffdfffd
N???C@_ECKWGHCE_BG?	46	3ffffffffffcc
N???C@_ECKWGHCE_Gg?	46	7ffffffff7ff
N???C@_ECK?wX?U?U??	46	3fffffffffff
N???C@_ECK?wX?U?R??	46	3fffffffffff
N???C@_ECK?wX?U?QO?	46	3fffffffffff
N???C@_ECK?wX?U?QC?	46	3fffffffffff
N???C@_ECK?wX?U?SA?	46	3fffffffffff
N???C@_ECK?wX?U?QA?	46	3fffffffffff
N???C@_ECK?wX?U?OE?	46	3fffffffffff
N???C@_ECK?wX?E_Y??	46	3fffffffffff
N???C@_ECK?wX?E_M??	46	3fffffffffff
N???C@_ECK?wX?E_QC?	46	3fffffffffff
N???C@_ECK?wX?E_BC?	46	7fffffffefff
N???C@_ECK?wX?E_OE?	46	3fffffffffff
N???C@_ECK?wX?EGR??	46	7ffffffffffb
N???C@_ECK?wX?EGQO?	46	7ffffffffffd
N???C@_ECK?wX?EGQA?	46	7ffffffffffe
N???C@_ECK?wX?EGOQ?	46	fffffffdfffb
N???C@_ECK?wT?i?M??	46	3fffffffffff
N???C@_ECK?wT?i?KO?	46	3ffffffffffcc
N???C@_ECK?wT?i?HC?	46	3fffffffffff
N???C@_ECK?wT?Y?U??	46	3fffffffffff
N???C@_ECK?wT?Y?T??	46	3fffffffffff
N???C@_ECK?wT?Y?R??	46	3fffffffffff
N???C@_ECK?wT?Y?SO?	46	3ffffffffffcc
N???C@_ECK?wT?Y?QO?	46	1ffffffffb7fe
N???C@_ECK?wT?Y?EO?	46	3fffffffffff
N???C@_ECK?wT?Y?PO?	46	7fffffffefff
N???C@_ECK?wT?Y?BO?	46	3fffffffffff
N???C@_ECK?wT?Y?QC?	46	3fffffffffff
N???C@_ECK?wT?Y?PC?	46	3fffffffffff
N???C@_ECK?wT?Y?OS?	46	1ffffffffb7fe
N???C@_ECK?wT?Y?QA?	46	3fffffffffff
N???C@_ECK?wT?Y?CQ?	46	3fffffffffff
N???C@_ECK?wT?Y?OE?	46	3fffffffffff
N???C@_ECK?wT?I_[??	46	3ffffffffffcc
N???C@_ECK?wT?I_Y??	46	3fffffffffff
N???C@_ECK?wT?I_U??	46	3fffffffffff
N???C@_ECK?wT?I_M??	46	3fffffffffff
N???C@_ECK?wT?I_WC?	46	1ffffffffb7fe
N???C@_ECK?wT?I_BC?	46	3fffffffffff
N???C@_ECK?wT?I_OE?	46	3fffffffffff
N???C@_ECK?wP_M?Y??	46	3effffffffcfe
N???C@_ECK?wP_M?U??	46	3ffff7dfdf7ff
N???C@_ECK?wP_M?R??	46	3faeffff75e937d2
N???C@_ECK?wP_M?QA?	46	2ffdeff7fe70fccc
N???C@_E?pY?H_@oP_?	46	3fffffffffff
N???C@_E?pY?H_@oCo?	46	7ffffffffffd
N???C@_E?pY?H_@o@g?	46	3fffffffffff
N???C@_E?pY?H_@o?w?	46	7ffffffffffe
N???C@_E?pY?H_@oPA?	46	fffffbbfce7ff
N???C@_E?pY?H_@o?i?	46	3fffffffffff
N???C@_E?pQ_W_@o[??	46	7ffffffff7ff
N???C@_E?pQ_W_@oPO?	46	3fffffffffff
N???C@_E?pQ_W_@o@W?	46	3fffffffffff
N???C@_E?pQ_W_@oPA?	46	fffffffdfffd
N???C@_E?pQ_W_@o?Y?	46	3fffffffffff
N???C@_E?pQ_P_Go[??	46	3fffffffffff
N???C@_E?pQ_P_GoPO?	46	3fffffffffff
N???C@_E?pQ_P_GoGo?	46	3fffffffffff
N???C@_E?pQ_P_GoKG?	46	7fffffffff7f
N???C@_E?pQ_P_Go@W?	46	3fffffffffff
N???C@_E?pQ_P_GoPA?	46	fffffffeff7f
N???C@_E?pQ_P_GoCI?	46	7ffffffeffff
N???C@_E?pQ_P_Go?Y?	46	3fffffffffff
N???C@_E?pI_g_@o[??	46	7ffffffff7ff
N???C@_E?pI_g_@oKO?	46	3fffffffffff
N???C@_E?pI_g_@oPO?	46	3fffffffffff
N???C@_E?pI_g_@o@g?	46	7fffffffff7f
N???C@_E?pI_g_@o@W?	46	3fffffffffff
N???C@_E?pI_H__oPO?	46	7ffffffff7ff
N???C@_E?pGoH_`OR??	46	fffffffffffa
N???C@_E?pGoH_`OQG?	46	7ffffffffffd
N???C@_E?pGoH_`OQA?	46	fffffffffffc
N???C@_E?pGooOH_U??	46	3fffffffffff
N???C@_E?pGooOH_R??	46	7ffffffffffe
N???C@_E?pGooOH_SA?	46	3fffffffffff
N???C@_E?pGooOH_QA?	46	7fffffffff7f
N???C@_E?pAow?@oK_?	46	3fffffffffff
N???C@_E?pAow?@oOo?	46	7ffffffffffd
N???C@_E?pAop?GoK_?	46	3fffffffffff
N???C@_E?pAop?GoP_?	46	7ffffffff7ff
N???C@_E?pAoX?_o[??	46	7ffffffff7ff
N???C@_E?pAoX?_oPO?	46	7ffffffffffe
N???C@_E?pQGP_H_[??	46	3fffffffffff
N???C@_E?pWAH_@oR??	46	fffffbbfce7ff
N???C@_E?pWAH_@oK_?	46	3fffffffffff
N???C@_E?pWAH_@oCo?	46	7ffffffffffb
N???C@_E?pWAH_@oKG?	46	3fffffffffff
N???C@_E?pWAH_@o?w?	46	7ffffffffffe
N???C@_E?pOaW_@o[??	46	7ffffffdffff
N???C@_E?pOaW_@oR??	46	fffffffdfffd
N???C@_E?pOaW_@oK_?	46	3fffffffffff
N???C@_E?pOaP_Go[??	46	3fffffffffff
N???C@_E?pOaP_GoR??	46	fffffffeff7f
N???C@_E?pOaP_GoK_?	46	3fffffffffff
N???C@_E?pOaP_GoGo?	46	3fffffffffff
N???C@_E?pOaP_GoKG?	46	7fffffff7fff
N???C@_E?pGag_@o[??	46	7ffffffdffff
N???C@_E?pGag_@oSO?	46	7fffffff7fff
N???C@_E?pGag_@oKO?	46	3fffffffffff
N???C@_E?pGaH__o[??	46	3fffffffffff
N???C@_E?pOIP_H_[??	46	7ffffffffffb
N??CA?_cF?EGBGB_HG?	46	3fffffffffff
N??CA?_cF?EGBGB_GW?	46	7ffffffff7ff
N??CA?_cF?EGBGB_@W?	46	3fffffffffff
N??CA?_cF?EGBGB_IC?	46	7ffffffffffe
N??CA?_cF?EGBGB_HC?	46	3fffffffffff
N??CA?_cF?EGBGB_BC?	46	3fffffffffff
N??CA?_cF?EGBGB_@c?	46	3fffffffffff
N??CA?_cF?EGBGB_@K?	46	3fffffffffff
N??CA?_cF?EGBGB_GQ?	46	7fffffffefff
N??CA?_cF?EGBGB_@Q?	46	3fffffffffff
N??CA?_cF?EGBGB_@I?	46	3fffffffffff
N??CA?_cF?EGBGB_AE?	46	7ffffffff7ff
N??CA?_cF?EGBGB_@E?	46	3fffffffffff
N??CA?_cF?EGBGB_?M?	46	7ffffffdffff
N??CA?_cF?@gCWB_M??	46	7ffffffffffe
N??CA?_cF?@gCWB_L??	46	3fffffffffff
N??CA?_cF?@gCWB_J??	46	3fffffffffff
N??CA?_cF?@gCWB_F??	46	3fffffffffff
N??CA?_cF?@gCWB_EO?	46	3fffffffffff
N??CA?_cF?@gCWB_@o?	46	3fffffffffff
N??CA?_cF?@gCWB_KC?	46	7ffffffff7ff
N??CA?_cF?@gCWB_IC?	46	7ffffffff7ff
N??CA?_cF?@gCWB_HC?	46	3fffffffffff
N??CA?_cF?@gCWB_@c?	46	3fffffffffff
N??CA?_cF?@gCWB_GS?	46	3fffffffffff
N??CA?_cF?@gCWB_IA?	46	7ffffffff7ff
N??CA?_cF?@gCWB_EA?	46	7ffffffff7ff
N??CA?_cF?@gCWB_HA?	46	3fffffffffff
N??CA?_cF?@gCWB_DA?	46	3fffffffffff
N??CA?_cF?@gCWB_CQ?	46	3fffffffffff
N??CA?_cF?@gCWB_GE?	46	7ffffffdffff
N??CA?_cF?@gCWB_@E?	46	3fffffffffff
N??CA?_cF?@gCWB_?U?	46	3fffffffffff
N??CA?_cF??MF?B_J??	46	3fffffffffff
N??CA?_cF??MF?B_IG?	46	7ffffffff7ff
N??CA?_cF??MF?B_EG?	46	7ffffffff7ff
N??CA?_cF??MF?B_DG?	46	3fffffffffff
N??CA?_cAWM?J??w@g?	46	3defbfffdea94fcc
N??CA?_cAWM?J??wOK?	46	3fffffffffff
N??CA?_cAWM?J??wOQ?	46	7fffffff7fff
N??CA?_cAWM?J??wOI?	46	3fffffffffff
N??CA?_cAWM?J??w?Y?	46	3fffffffffff
N??CA?_cAWM?J??w?M?	46	3fffffffffff
N??CA?_cAWM?F??w@g?	46	3ffffdefdefff
N??CA?_cAWM?F??wOW?	46	3fffffffffff
N??CA?_cAWM?F??w@c?	46	3ffffdefdefff
N??CA?_cAWM?F??wOS?	46	7fffffff7fff
N??CA?_cAWM?F??wSA?	46	7ffffffdffff
N??CA?_cAWM?F??wOQ?	46	3fffffffffff
N??CA?_cAWM?F??wCQ?	46	3fffffffffff
N??CA?_cAWM?F??w@Q?	46	3fffffffffff
N??CA?_cAWM?F??w?Y?	46	3fffffffffff
N??CA?_cAWM?F??wOE?	46	3fffffffffff
N??CA?_cAWM?F??w?U?	46	3fffffffffff
N??CA?_cAWM?I_@WOK?	46	3fffffffffff
N??CA?_cAWM?I_@WPA?	46	7ffffffeffff
N??CA?_cAWM?I_@WOa?	46	3fffffffffff
N??CA?_cAWM?I_@WAQ?	46	7ffffffdffff
N??CA?_cAWM?I_@WOI?	46	3fffffffffff
N??CA?_cAWM?I_@WOE?	46	3fffffffffff
N??CA?_cAWM?E_@W@S?	46	3fffffffffff
N??CA?_cAWM?E_@WCK?	46	3fffffff0ffff
N??CA?_cAWM?E_@W@a?	46	3fffffffffff
N??CA?_cAWM?E_@WCQ?	46	7ffffffdffff
N??CA?_cAWM?E_@W@Q?	46	fffffffdff7f
N??CA?_cAWM?E_@W?Y?	46	3fffffffffff
N??CA?_cAWM?E_@WOE?	46	3fffffffffff
N??CA?_cAWM?E_@W@E?	46	3fffffffffff
N??CA?_cAWM?IO@g@g?	46	3defbfffdea94fcc
N??CA?_cAWM?IO@gOK?	46	3fffffffffff
N??CA?_cAWM?IO@g@K?	46	2ffdeff7fe70fccc
N??CA?_cAWM?IO@gOa?	46	3fffffffffff
N??CA?_cAWM?IO@gOQ?	46	7ffffffffeff
N??CA?_cAWM?IO@gOI?	46	7ffffffdffff
N??CA?_cAWM?IO@gOE?	46	3fffffffffff
N??CA?_cAWM?EO@gDG?	46	fffffdefce7ff
N??CA?_cAWM?EO@g@g?	46	3ffffdefdefff
N??CA?_cAWM?EO@gOW?	46	3fffffffffff
N??CA?_cAWM?EO@g@W?	46	3fffffffffff
N??CA?_cAWM?EO@gOS?	46	7ffffffffeff
N??CA?_cAWM?EO@g?s?	46	3fffffffffff
N??CA?_cAWM?EO@gOK?	46	3fffffffffff
N??CA?_cAWM?EO@gSA?	46	7fffffffefff
N??CA?_cAWM?EO@gOQ?	46	3fffffffffff
N??CA?_cAWM?EO@gCQ?	46	3fffffffffff
N??CA?_cAWM?EO@g@Q?	46	3fffffffffff
N??CA?_cAWM?EO@g?q?	46	3fffffffffff
N??CA?_cAWM?EO@gOI?	46	fffffffdf7ff
N??CA?_cAWM?EO@g?Y?	46	3fffffffffff
N??CA?_cAWM?EO@gOE?	46	3fffffffffff
N??CA?_cAWM?EO@g?e?	46	3fffffffffff
N??CA?_cAWM?EO@g?U?	46	3fffffffffff
N??CA?_cAWM?BO?wU??	46	7ffffffdffff
N??CA?_cAWM?BO?wP_?	46	3fffffffffff
N??CA?_cAWM?BO?wQO?	46	7fffffff7fff
N??CA?_cAWM?BO?wSC?	46	3fffffffffff
N??CA?_cAWM?BO?wQC?	46	3fffffffffff
N??CA?_cAWM?BO?wSA?	46	7fffffff7fff
N??CA?_cAWM?BO?wPA?	46	3fffffffffff
N??CA?_cAWM?GoBGAW?	46	7ffffffff7ff
N??CA?_cAWM?GoBG@c?	46	3defbfffdea94fcc
N??CA?_cAWM?GoBGAK?	46	3fffffff0ffff
N??CA?_cAWM?GoBGPA?	46	3fffffffffff
N??CA?_cAWM?GoBGAQ?	46	7fffffffefff
N??CA?_cAWM?GoBG@Q?	46	3fffffffffff
N??CA?_cAWM?GoBGOI?	46	7fffffffefff
N??CA?_cAWM?GoBGOE?	46	3fffffffffff
N??CA?_cAWM?CoBG@c?	46	3ffffdefdefff
N??CA?_cAWM?CoBGOK?	46	3fffffffffff
N??CA?_cAWM?CoBG@a?	46	3fffffffffff
N??CA?_cAWM?CoBGCQ?	46	7fffffffefff
N??CA?_cAWM?CoBGOI?	46	ffffffff0e7ff
N??CA?_cAWM?CoBG?Y?	46	fffeff7fd7e7f
N??CA?_cAWM?CoBGOE?	46	3fffffffffff
N??CA?_cAWM?IG@o@c?	46	3defbfffdea94fcc
N??CA?_cAWM?IG@oOK?	46	3fffffffffff
N??CA?_cAWM?IG@oOa?	46	3fffffffffff
N??CA?_cAWM?IG@oOQ?	46	7fffffffff7f
N??CA?_cAWM?IG@oOI?	46	3fffffffffff
N??CA?_cAWM?IG@o?Y?	46	3fffffffffff
N??CA?_cAWM?IG@oOE?	46	7ffffffdffff
N??CA?_cAWM?EG@o?w?	46	3fffffffffff
N??CA?_cAWM?EG@o@c?	46	3ffffdefdefff
N??CA?_cAWM?EG@oOS?	46	3fffffffffff
N??CA?_cAWM?EG@oOK?	46	3fffffffffff
N??CA?_cAWM?EG@oCK?	46	3fffffff0ffff
N??CA?_cAWM?EG@oOQ?	46	3fffffffffff
N??CA?_cAWM?EG@oCQ?	46	3fffffffffff
N??CA?_cAWM?EG@o@Q?	46	3fffffffffff
N??CA?_cAWM?EG@o?q?	46	3fffffffffff
N??CA?_cAWM?EG@o?Y?	46	3fffffffffff
N??CA?_cAWM?BG?wSG?	46	3fffffffffff
N??CA?_cAWM?BG?wSA?	46	3fffffffffff
N??CA?_cAWM?BG?wPA?	46	3fffffffffff
N??CA?_cAWM?GgBOAK?	46	3fffffff0ffff
N??CA?_cAWM?GgBOPA?	46	7ffffffffeff
N??CA?_cAWM?GgBOOI?	46	7fffffff7fff
N??CA?_cAWM?CgBOCW?	46	3fffffffffff
N??CA?_cAWM?CgBOPC?	46	3fffffffffff
N??CA?_cAWM?CgBO@S?	46	3fffffffffff
N??CA?_cAWM?CgBO@Q?	46	3fffffffffff
N??CA?_cAWM?CgBO?Y?	46	3fffffffffff
N??CA?_cAWM?CgBO@E?	46	3fffffffffff
N??CA?_cAWM?GWB_?[?	46	3ffffffffffcc
N??CA?_cAWM?GWB_PA?	46	3fffffffffff
N??CA?_cAWM?GWB_OQ?	46	7ffffffffffe
N??CA?_cAWM?GWB_OI?	46	7ffffffff7ff
N??CA?_cAWM?GWB_?Y?	46	3fffffffffff
N??CA?_cAWM?CWB_PC?	46	3fffffffffff
N??CA?_cAWM?CWB_@c?	46	3ffffdefdefff
N??CA?_cAWM?CWB_OS?	46	3fffffffffff
N??CA?_cAWM?CWB_@a?	46	3fffffffffff
N??CA?_cAWM?CWB_OQ?	46	3fffffffffff
N??CA?_cAWM?CWB_CQ?	46	3fffffffffff
N??CA?_cAWM?CWB_@Q?	46	3fffffffffff
N??CA?_cAWM?CWB_?Y?	46	3fffffffffff
N??CA?_cAWM?Ac@WS_?	46	3fffffffffff
N??CA?_cAWM?Ac@WD_?	46	3fffffffffff
N??CA?_cAWM?Ac@WSO?	46	7ffffffdffff
N??CA?_cAWM?Ac@WEO?	46	7ffffffdffff
N??CA?_cAWM?Ac@WDO?	46	7ffffffdffff
N??CA?_cAWM?Ac@WCo?	46	3fffffffffff
N??CA?_cAWM?Ac@WAo?	46	3fffffffffff
N??CA?_cAWM?Ac@WSG?	46	3fffffffffff
N??CA?_cAWM?Ac@WOg?	46	3fffffffffff
N??CA?_cAWM?Ac@WCW?	46	3fffffffffff
N??CA?_cAWM?Ac@WAW?	46	3fffffffffff
N??CA?_cAWM?Ac@WSC?	46	3fffffffffff
N??CA?_cAWM?Ac@WQC?	46	3fffffffffff
N??CA?_cAWM?Ac@WEC?	46	3fffffffffff
N??CA?_cAWM?Ac@WBC?	46	3fffffffffff
N??CA?_cAWM?Ac@WOc?	46	3fffffffffff
N??CA?_cAWM?Ac@WCS?	46	3fffffffffff
N??CA?_cAWM?Ac@W@S?	46	3fffffffffff
N??CA?_cAWM?Ac@W?s?	46	3fffffffffff
N??CA?_cAWM?Ac@WOK?	46	3fffffffffff
N??CA?_cAWM?Ac@W?[?	46	3fffffffffff
N??CA?_cAWM?AK@oS_?	46	3fffffffffff
N??CA?_cAWM?AK@oP_?	46	3fffffffffff
N??CA?_cAWM?AK@oB_?	46	3fffffffffff
N??CA?_cAWM?AK@oSO?	46	3fffffffffff
N??CA?_cAWM?AK@oCo?	46	3fffffffffff
N??CA?_cAWM?AK@oSG?	46	3fffffffffff
N??CA?_cAWM?AK@oPG?	46	3fffffffffff
N??CA?_cAWM?AK@oCW?	46	3fffffffffff
N??CA?_cAWM?AK@oSC?	46	7ffffffdffff
N??CA?_cAWM?AK@oQC?	46	7ffffffdffff
N??CA?_cAWM?AK@oPC?	46	7ffffffdffff
N??CA?_cAWM?AK@oBC?	46	fffffffdefff
N??CA?_cAWM?AK@oOc?	46	3fffffffffff
N??CA?_cAWM?AK@oAc?	46	3fffffffffff
N??CA?_cAWM?AK@oOS?	46	3fffffffffff
N??CA?_cAWM?AK@o@S?	46	3fffffffffff
N??CA?_cAWM?AK@o?s?	46	3fffffffffff
N??CA?_cAWM?AK@oOK?	46	3fffffffffff
N??CA?_cAWM?AK@o?[?	46	3fffffffffff
N??CA?_cAWM??kBOT??	46	3fffffffffff
N??CA?_cAWM??kBOP_?	46	fffffffff7fd
N??CA?_cAWM??kBODO?	46	3fffffffffff
N??CA?_cAWM??kBOSG?	46	3fffffffffff
N??CA?_cAWM??kBOCW?	46	3fffffffffff
N??CA?_cAWM??kBOAW?	46	3fffffffffff
N??CA?_cAWM??kBOPC?	46	7ffffffffffd
N??CA?_cAWM??kBOBC?	46	3fffffffffff
N??CA?_cAWM??kBO@S?	46	7ffffffffffe
N??CA?_cAWM??kBOOK?	46	7ffffffffffb
N??CA?_cAWM??kBOAK?	46	3fffffffffff
N??CA?_cAWL?d??wE_?	46	7ffffffff7ff
N??CA?_cAWL?d??wEO?	46	3fffffffffff
N??CA?_cAWL?d??wBO?	46	3fffffffffff
N??CA?_cAWL?d??wEG?	46	3fffffffffff
N??CA?_cAWL?d??wAW?	46	3fffffffffff
N??CA?_cAWL?d??wEC?	46	3fffffffffff
N??CA?_cAWL?d??wAc?	46	3fffffffffff
N??CA?_cAWL?d??w@c?	46	3fffffffffff
N??CA?_cAWL?d??wAK?	46	3fffffffffff
N??CA?_cAWL?d??wDA?	46	7ffffffdffff
N??CA?_cAWL?d??wCQ?	46	3fffffffffff
N??CA?_cAWL?d??wCI?	46	3fffffffffff
N??CA?_cAWL?d??w@I?	46	3fffffffffff
N??CA?_cAWL?d??wCE?	46	3fffffffffff
N??CA?_cAWL?d??w@E?	46	3fffffffffff
N??CA?_cAWL?d??w?U?	46	3fffffffffff
N??CA?_cAWL?d??w?M?	46	3fffffffffff
N??CA?_cAWL?L??wQO?	46	7ffffffdffff
N??CA?_cAWL?L??wPA?	46	7ffffffdffff
N??CA?_cAWL?L??wOQ?	46	7fffffff7fff
N??CA?_cAWL?L??wOI?	46	3fffffffffff
N??CA?_cAWL?L??w?Y?	46	3fffffffffff
N??CA?_cAWL?L??wOE?	46	3fffffffffff
N??CA?_cAWL?L??w?U?	46	3fffffffffff
N??CA?_cAWL?L??w?M?	46	3fffffffffff
N??CA?_cAWL?F??wQO?	46	fffffffdefff
N??CA?_cAWL?F??wOo?	46	3fffffffffff
N??CA?_cAWL?F??wAo?	46	3fffffffffff
N??CA?_cAWL?F??w?w?	46	3effffffffb7e
N??CA?_cAWL?F??wOc?	46	3fffffffffff
N??CA?_cAWL?F??wAc?	46	3ffffdefdefff
N??CA?_cAWL?F??w?k?	46	37ff6fdff9f0fb52
N??CA?_cAWL?F??wSA?	46	7ffffffdffff
N??CA?_cAWL?F??wOa?	46	fffffffdf7ff
N??CA?_cAWL?F??wAQ?	46	ffffffff7f7f
N??CA?_cAWL?F??wOI?	46	3fffffffffff
N??CA?_cAWL?F??w?Y?	46	3fffffffffff
N??CA?_cAWL?F??wOE?	46	3fffffffffff
N??CA?_cAWL?F??w?U?	46	3fffffffffff
N??CA?_cAWL?K_@WQG?	46	3fffffffffff
N??CA?_cAWL?K_@WPA?	46	7ffffffeffff
N??CA?_cAWL?K_@WOa?	46	3fffffffffff
N??CA?_cAWL?K_@WOI?	46	3fffffffffff
N??CA?_cAWL?K_@WOE?	46	7fffffffefff
N??CA?_cAWL?E_@WQ_?	46	3fffffffffff
N??CA?_cAWL?E_@WAo?	46	3fffffffffff
N??CA?_cAWL?E_@WOc?	46	7fffffffefff
N??CA?_cAWL?E_@WAc?	46	3ffffdefdefff
N??CA?_cAWL?E_@WSA?	46	7ffffffeffff
N??CA?_cAWL?E_@WOa?	46	3fffffffffff
N??CA?_cAWL?E_@WOI?	46	3fffffffffff
N??CA?_cAWL?E_@WOE?	46	3fffffffffff
N??CA?_cAWL?D_CWSO?	46	3fffffffffff
N??CA?_cAWL?D_CW@c?	46	3ffffdefdefff
N??CA?_cAWL?D_CWOS?	46	3fffffffffff
N??CA?_cAWL?D_CWCK?	46	3fffffff0ffff
N??CA?_cAWL?D_CW?[?	46	3fffffffffff
N??CA?_cAWL?D_CWSA?	46	3fffffffffff
N??CA?_cAWL?D_CWCQ?	46	3fffffffffff
N??CA?_cAWL?D_CW?q?	46	ffffffff7f7f
N??CA?_cAWL?D_CW?Y?	46	3fffffffffff
N??CA?_cAWL?D_CWOE?	46	3fffffffffff
N??CA?_cAWL?D_CW?e?	46	3fffffffffff
N??CA?_cAWL?D_CW?U?	46	3fffffffffff
N??CA?_cAWL?KO@gQO?	46	7ffffffeffff
N??CA?_cAWL?KO@gOK?	46	3fffffffffff
N??CA?_cAWL?KO@gPA?	46	7fffffffefff
N??CA?_cAWL?KO@gOa?	46	3fffffffffff
N??CA?_cAWL?KO@gOQ?	46	7ffffffffeff
N??CA?_cAWL?KO@gOI?	46	7ffffffdffff
N??CA?_cAWL?KO@gOE?	46	3fffffffffff
N??CA?_cAWL?KO@g?U?	46	3fffffffffff
N??CA?_cAWL?EO@gQO?	46	fffffffeefff
N??CA?_cAWL?EO@gOo?	46	3fffffffffff
N??CA?_cAWL?EO@gOW?	46	3fffffffffff
N??CA?_cAWL?EO@gCW?	46	3ffffffffffcc
N??CA?_cAWL?EO@gAW?	46	3fffffffffff
N??CA?_cAWL?EO@g?w?	46	3effffffffb7e
N??CA?_cAWL?EO@g?s?	46	3effffffffb7e
N??CA?_cAWL?EO@g?k?	46	37ff6fdff9f0fb52
N??CA?_cAWL?EO@gSA?	46	7fffffffefff
N??CA?_cAWL?EO@gOa?	46	3fffffffffff
N??CA?_cAWL?EO@gAQ?	46	fffffffffe7f
N??CA?_cAWL?EO@g?q?	46	3fffffffffff
N??CA?_cAWL?EO@gOI?	46	fffffffdf7ff
N??CA?_cAWL?EO@gAI?	46	3fffffffdef7e
N??CA?_cAWL?EO@gOE?	46	3fffffffffff
N??CA?_cAWL?EO@g?e?	46	3fffffffffff
N??CA?_cAWL?HOCgPA?	46	7ffffffffeff
N??CA?_cAWL?HOCgOI?	46	7fffffff7fff
N??CA?_cAWL?DOCgSO?	46	7ffffffffffe
N??CA?_cAWL?DOCgOW?	46	3fffffffffff
N??CA?_cAWL?DOCg?w?	46	3fffffffffff
N??CA?_cAWL?DOCg?k?	46	3fffffff0ffff
N??CA?_cAWL?DOCgSA?	46	7ffffffffffd
N??CA?_cAWL?DOCgOQ?	46	fffffffdf7ff
N??CA?_cAWL?DOCgCQ?	46	7ffffffff7ff
N??CA?_cAWL?DOCg@Q?	46	3fffffffffff
N??CA?_cAWL?DOCg?q?	46	3fffffffffff
N??CA?_cAWL?DOCgOI?	46	3fffffffffff
N??CA?_cAWL?DOCg?Y?	46	3fffffffffff
N??CA?_cAWL?DOCgOE?	46	fffffffdefff
N??CA?_cAWL?DOCg?U?	46	fffffffd7fff
N??CA?_cAWL?DO@gU??	46	3fffffffffff
N??CA?_cAWL?DO@gQO?	46	3fffffffffff
N??CA?_cAWL?DO@gPO?	46	3fffffffffff
N??CA?_cAWL?DO@gAW?	46	3fffffffffff
N??CA?_cAWL?DO@g@W?	46	3effffffffb7e
N??CA?_cAWL?DO@g@S?	46	3effffffffb7e
N??CA?_cAWL?DO@g@K?	46	37ff6fdff9f0fb52
N??CA?_cAWL?DO@gSA?	46	3fffffffffff
N??CA?_cAWL?DO@gPA?	46	3fffffffffff
N??CA?_cAWL?DO@gAQ?	46	3fffffffffff
N??CA?_cAWL?DO@g@Q?	46	3fffffffffff
N??CA?_cAWL?DO@gOI?	46	3fffffffffff
N??CA?_cAWL?DO@gOE?	46	3fffffffffff
N??CA?_cAWL?DO@g@E?	46	3fffffffffff
N??CA?_cAWL?DO?wU??	46	3fffffffffff
N??CA?_cAWL?DO?wQO?	46	3fffffffffff
N??CA?_cAWL?DO?wAo?	46	3fffffffffff
N??CA?_cAWL?DO?w@o?	46	3effffffffb7e
N??CA?_cAWL?DO?wOc?	46	3fffffffffff
N??CA?_cAWL?DO?w@c?	46	37ff6fdff9f0fb52
N??CA?_cAWL?DO?wSA?	46	3fffffffffff
N??CA?_cAWL?DO?wQA?	46	3fffffffffff
N??CA?_cAWL?DO?wPA?	46	3fffffffffff
N??CA?_cAWL?DO?wOa?	46	3fffffffffff
N??CA?_cAWL?DO?wCQ?	46	3fffffffffff
N??CA?_cAWL?DO?wAQ?	46	3fffffffffff
N??CA?_cAWL?DO?w@Q?	46	3fffffffffff
N??CA?_cAWL?DO?wOE?	46	3fffffffffff
N??CA?_cAWL?DO?wCE?	46	3fffffffffff
N??CA?_cAWL?DO?w?U?	46	3fffffffffff
N??CA?_cAWL?BOCgOa?	46	ffffffff0e7ff
N??CA?_cAWL?BOCgOI?	46	fffffdefce7ff
N??CA?_cAWL?CoDGCW?	46	3fffffffffff
N??CA?_cAWL?CoDG@c?	46	3ffffdefdefff
N??CA?_cAWL?CoDGOS?	46	3fffffffffff
N??CA?_cAWL?CoDG?[?	46	3fffffffffff
N??CA?_cAWL?CoDGSA?	46	3fffffffffff
N??CA?_cAWL?CoDG@a?	46	3fffffffffff
N??CA?_cAWL?CoDGCQ?	46	3fffffffffff
N??CA?_cAWL?CoDGCI?	46	3fffffffffff
N??CA?_cAWL?CoDG?Y?	46	ffffffff7f7f
N??CA?_cAWL?CoDGOE?	46	3fffffffffff
N??CA?_cAWL?CoDG?U?	46	3fffffffffff
N??CA?_cAWL?cG@oE_?	46	3fffffffffff
N??CA?_cAWL?cG@oB_?	46	3fffffffffff
N??CA?_cAWL?cG@oEO?	46	7ffffffffffe
N??CA?_cAWL?cG@oEG?	46	3fffffffffff
N??CA?_cAWL?cG@oBG?	46	3fffffffffff
N??CA?_cAWL?cG@o@g?	46	3ffff7dfdf7ff
N??CA?_cAWL?cG@oCW?	46	3fffffffffff
N??CA?_cAWL?cG@o?w?	46	3ffff7dfdf7ff
N??CA?_cAWL?cG@oAc?	46	3fffffffffff
N??CA?_cAWL?cG@o@c?	46	3fffffffffff
N??CA?_cAWL?cG@oCK?	46	3fffffffffff
N??CA?_cAWL?cG@o?[?	46	3fffffffffff
N??CA?_cAWL?cG@oCa?	46	3fffffffffff
N??CA?_cAWL?cG@o@a?	46	3fffffffffff
N??CA?_cAWL?cG@oCQ?	46	7ffffffff7ff
N??CA?_cAWL?cG@oCI?	46	3fffffffffff
N??CA?_cAWL?cG@oAI?	46	3fffffffffff
N??CA?_cAWL?cG@o@I?	46	3fffffffffff
N??CA?_cAWL?cG@o?Y?	46	3fffffffffff
N??CA?_cAWL?cG@o@E?	46	7ffffffdffff
N??CA?_cAWL?cG@o?e?	46	3fffffffffff
N??CA?_cAWL?cG@o?U?	46	fffffffcffff
N??CA?_cAWL?cG@o?M?	46	3fffffffffff
N??CA?_cAWL?KG@oQO?	46	ffffffffeffe
N??CA?_cAWL?KG@oQG?	46	3fffffffffff
N??CA?_cAWL?KG@o@g?	46	3defbfffdea94fcc
N??CA?_cAWL?KG@oOK?	46	3fffffffffff
N??CA?_cAWL?KG@oQA?	46	fffffffff7fd
N??CA?_cAWL?KG@oPA?	46	7ffffffff7ff
N??CA?_cAWL?KG@oOa?	46	3fffffffffff
N??CA?_cAWL?KG@oOQ?	46	fffffffff77f
N??CA?_cAWL?KG@oAQ?	46	fffffffff77f
N??CA?_cAWL?KG@oOI?	46	3fffffffffff
N??CA?_cAWL?EG@oQ_?	46	3fffffffffff
N??CA?_cAWL?EG@oQO?	46	7fffffffefff
N??CA?_cAWL?EG@oQG?	46	3fffffffffff
N??CA?_cAWL?EG@oAg?	46	3ffffdefdefff
N??CA?_cAWL?EG@oOc?	46	3fffffffffff
N??CA?_cAWL?EG@o?k?	46	37ff6fdff9f0fb52
N??CA?_cAWL?EG@oSA?	46	7ffffffff7ff
N??CA?_cAWL?EG@oOa?	46	3fffffffffff
N??CA?_cAWL?EG@oAQ?	46	7fffffffff7f
N??CA?_cAWL?EG@oOI?	46	3fffffffffff
N??CA?_cAWL?`GCoEO?	46	3fffffffffff
N??CA?_cAWL?`GCo@o?	46	3fffffffffff
N??CA?_cAWL?`GCoEG?	46	3fffffffffff
N??CA?_cAWL?`GCoBG?	46	3fffffffffff
N??CA?_cAWL?`GCoCW?	46	3fffffffffff
N??CA?_cAWL?`GCoAc?	46	3fffffffffff
N??CA?_cAWL?`GCo@c?	46	3ffffffffe67f
N??CA?_cAWL?`GCoAK?	46	3fffffffffff
N??CA?_cAWL?`GCo?[?	46	3fffffffffff
N??CA?_cAWL?`GCoEA?	46	3fffffffffff
N??CA?_cAWL?`GCoDA?	46	7fffffffff7f
N??CA?_cAWL?`GCo@a?	46	7ffffffff7ff
N??CA?_cAWL?`GCoCQ?	46	3fffffffffff
N??CA?_cAWL?`GCoCI?	46	3fffffffffff
N??CA?_cAWL?`GCo@I?	46	3fffffffffff
N??CA?_cAWL?`GCo?i?	46	3fffffffffff
N??CA?_cAWL?`GCoAE?	46	3fffffffffff
N??CA?_cAWL?`GCo?e?	46	7ffffffeffff
N??CA?_cAWL?`GCo?U?	46	3fffffffffff
N??CA?_cAWL?`GCo?M?	46	3fffffffffff
N??CA?_cAWL?HGCoPA?	46	7fffffffff7f
N??CA?_cAWL?HGCoOE?	46	7fffffff7fff
N??CA?_cAWL?DG?wU??	46	3fffffffffff
N??CA?_cAWL?DG?wQO?	46	3fffffffffff
N??CA?_cAWL?DG?wSA?	46	3fffffffffff
N??CA?_cAWL?DG?wPA?	46	3fffffffffff
N??CA?_cAWL?DG?wOI?	46	3fffffffffff
N??CA?_cAWL?DG?wCI?	46	3fffffffffff
N??CA?_cAWL?BGCoOo?	46	3fffffffffff
N??CA?_cAWL?BGCoSG?	46	7ffffffffeff
N??CA?_cAWL?BGCoEG?	46	3ffffdefdefff
N??CA?_cAWL?BGCoAg?	46	3ffffdefdefff
N??CA?_cAWL?BGCoSA?	46	7fffffffff7f
N??CA?_cAWL?BGCoOa?	46	7ffffffff7ff
N??CA?_cAWL?GWD_QG?	46	3fffffffffff
N??CA?_cAWL?GWD_PA?	46	7ffffffffffe
N??CA?_cAWL?GWD_OI?	46	7fffffffff7f
N??CA?_cAWL?GWD_OE?	46	7fffffffff7f
N??CA?_cAWL?AWD_Ag?	46	3ffffdefdefff
N??CA?_cAWL?AWD_SA?	46	7ffffffffffe
N??CA?_cAWL?AWD_OI?	46	7ffffffff7ff
N??CA?_cAWL?@WD_U??	46	3fffffffffff
N??CA?_cAWL?@WD_AW?	46	3fffffffffff
N??CA?_cAWL?@WD_PC?	46	7fffffffefff
N??CA?_cAWL?@WD_BC?	46	3ffffdefdefff
N??CA?_cAWL?@WD_SA?	46	3fffffffffff
N??CA?_cAWL?@WD_PA?	46	3fffffffffff
N??CA?_cAWL?@WD_OI?	46	3fffffffffff
N??CA?_cAWL?@WD_OE?	46	3fffffffffff
N??CA?_cAWL?@WCoU??	46	3fffffffffff
N??CA?_cAWL?@WCoT??	46	7ffffffffeff
N??CA?_cAWL?@WCoF??	46	3ffffdefdefff
N??CA?_cAWL?@WCoQ_?	46	3fffffffffff
N??CA?_cAWL?@WCoSO?	46	3fffffffffff
N??CA?_cAWL?@WCoEO?	46	3fffffffffff
N??CA?_cAWL?@WCoBO?	46	3fffffffffff
N??CA?_cAWL?@WCoOc?	46	7ffffffeffff
N??CA?_cAWL?@WCoAc?	46	3fffffff0ffff
N??CA?_cAWL?@WCoOS?	46	3fffffffffff
N??CA?_cAWL?@WCoAS?	46	3fffffffffff
N??CA?_cAWL?@WCoSA?	46	3fffffffffff
N??CA?_cAWL?@WCoPA?	46	3fffffffffff
N??CA?_cAWL?@WCoOa?	46	3fffffffffff
N??CA?_cAWL?@WCoOE?	46	3fffffffffff
N??CA?_cAWL?@WCgU??	46	7ffffffffffd
N??CA?_cAWL?@WCgQG?	46	3fffffffffff
N??CA?_cAWL?@WCgSA?	46	7fffffffefff
N??CA?_cAWL?@WCgPA?	46	3fffffffffff
N??CA?_cAWL?@WCgOa?	46	3fffffffffff
N??CA?_cAWL?@WCgOI?	46	3fffffffffff
N??CA?_cAWJ?h??wE_?	46	7ffffffff7ff
N??CA?_cAWJ?h??wEO?	46	3fffffffffff
N??CA?_cAWJ?h??wDO?	46	3fffffffffff
N??CA?_cAWJ?h??w@o?	46	3fffffffffff
N??CA?_cAWJ?h??wEG?	46	3fffffffffff
N??CA?_cAWJ?h??wEC?	46	3fffffffffff
N??CA?_cAWJ?h??wAc?	46	3fffffffffff
N??CA?_cAWJ?h??w@c?	46	3fffffffffff
N??CA?_cAWJ?h??w@S?	46	3fffffffffff
N??CA?_cAWJ?h??wAK?	46	3fffffffffff
N??CA?_cAWJ?h??wCa?	46	7ffffffdffff
N??CA?_cAWJ?h??wCI?	46	3fffffffffff
N??CA?_cAWJ?h??w?i?	46	3fffffffffff
N??CA?_cAWJ?h??wCE?	46	3fffffffffff
N??CA?_cAWJ?h??w@E?	46	3fffffffffff
N??CA?_cAWJ?h??w?e?	46	3fffffffffff
N??CA?_cAWJ?h??w?U?	46	3fffffffffff
N??CA?_cAWJ?h??w?M?	46	3fffffffffff
N??CA?_cAWJ?L??wD_?	46	fffffbbfce7ff
N??CA?_cAWJ?L??wSO?	46	3fffffffffff
N??CA?_cAWJ?L??w@o?	46	3fffffffffff
N??CA?_cAWJ?L??wOW?	46	3fffffffffff
N??CA?_cAWJ?L??w@K?	46	3fffffff0ffff
N??CA?_cAWJ?L??w@Q?	46	3fffffffffff
N??CA?_cAWJ?L??w?Y?	46	3fffffffffff
N??CA?_cAWJ?L??wOE?	46	3fffffffffff
N??CA?_cAWJ?L??w?U?	46	3fffffffffff
N??CA?_cAWJ?J??wAo?	46	3fffffffffff
N??CA?_cAWJ?J??wAW?	46	3fffffffffff
N??CA?_cAWJ?J??w?w?	46	3effffffffb7e
N??CA?_cAWJ?J??wOc?	46	3fffffffffff
N??CA?_cAWJ?J??w?s?	46	3effffffffb7e
N??CA?_cAWJ?J??w?k?	46	37ff6fdff9f0fb52
N??CA?_cAWJ?J??wOa?	46	fffffffdf7ff
N??CA?_cAWJ?J??wAQ?	46	ffffffff7f7f
N??CA?_cAWJ?J??wOI?	46	3fffffffffff
N??CA?_cAWJ?J??wOE?	46	3fffffffffff
N??CA?_cAWJ?J??w?U?	46	3fffffffffff
N??CA?_cAWJ?g_@WE_?	46	3fffffffffff
N??CA?_cAWJ?g_@WD_?	46	3ffffffffffcc
N??CA?_cAWJ?g_@W@o?	46	3fffffffffff
N??CA?_cAWJ?g_@WEG?	46	3fffffffffff
N??CA?_cAWJ?g_@WDG?	46	3effffffffb7e
N??CA?_cAWJ?g_@WEC?	46	7ffffffffffd
N??CA?_cAWJ?g_@WAc?	46	2fffff7ff7ffb
N??CA?_cAWJ?g_@WCS?	46	fffffffdf7ff
N??CA?_cAWJ?g_@WAK?	46	2ffeffffffefb
N??CA?_cAWJ?g_@WCa?	46	3fffffffffff
N??CA?_cAWJ?g_@WCQ?	46	fffffffdf7ff
N??CA?_cAWJ?g_@WCI?	46	3fffffffffff
N??CA?_cAWJ?g_@W?i?	46	3fffffff0ffff
N??CA?_cAWJ?g_@WCE?	46	fffffffdefff
N??CA?_cAWJ?g_@W@E?	46	3fffffffffff
N??CA?_cAWJ?g_@W?e?	46	3fffffffffff
N??CA?_cAWJ?g_@W?U?	46	fffffffd7fff
N??CA?_cAWJ?g_@W?M?	46	3fffffffffff
N??CA?_cAWJ?K_@WD_?	46	3ffffbbfeefff
N??CA?_cAWJ?K_@WSO?	46	fffffffff7fe
N??CA?_cAWJ?K_@W@o?	46	3fffffffffff
N??CA?_cAWJ?K_@WDG?	46	3ffffdefdefff
N??CA?_cAWJ?K_@W@g?	46	3ffffdefdefff
N??CA?_cAWJ?K_@WOW?	46	3fffffffffff
N??CA?_cAWJ?K_@WOS?	46	7ffffffff7ff
N??CA?_cAWJ?K_@WSA?	46	fffffffefffd
N??CA?_cAWJ?K_@WCQ?	46	fffffffdf7ff
N??CA?_cAWJ?K_@W@Q?	46	fffffffdff7f
N??CA?_cAWJ?K_@W?Y?	46	3fffffffffff
N??CA?_cAWJ?K_@WOE?	46	7fffffffefff
N??CA?_cAWJ?I_@WS_?	46	3fffffffffff
N??CA?_cAWJ?I_@WAo?	46	3fffffffffff
N??CA?_cAWJ?I_@WCg?	46	3defbfffdea94fcc
N??CA?_cAWJ?I_@WAW?	46	3fffffffffff
N??CA?_cAWJ?I_@W?w?	46	3effffffffb7e
N??CA?_cAWJ?I_@W?s?	46	3effffffffb7e
N??CA?_cAWJ?I_@WOa?	46	3fffffffffff
N??CA?_cAWJ?I_@WAQ?	46	fffffffdff7f
N??CA?_cAWJ?I_@WOI?	46	3fffffffffff
N??CA?_cAWJ?I_@WOE?	46	3fffffffffff
N??CA?_cAWJ?I_@W?e?	46	3fffffffffff
N??CA?_cAWJ?D_GWDG?	46	3ffffdefdefff
N??CA?_cAWJ?D_GWSA?	46	3fffffffffff
N??CA?_cAWJ?B_GWS_?	46	3fffffffffff
N??CA?_cAWJ?B_GWE_?	46	3ffffbbfeefff
N??CA?_cAWJ?B_GWCg?	46	3defbfffdea94fcc
N??CA?_cAWJ?B_GWSA?	46	fffffffffefe
N??CA?_cAWJ?KO@gSO?	46	3fffffffffff
N??CA?_cAWJ?KO@g@o?	46	3fffffffffff
N??CA?_cAWJ?KO@gDG?	46	fffffdefce7ff
N??CA?_cAWJ?KO@gOW?	46	3fffffffffff
N??CA?_cAWJ?KO@g@W?	46	3fffffffffff
N??CA?_cAWJ?KO@g@c?	46	3ffffdefdefff
N??CA?_cAWJ?KO@g@S?	46	3fffffffffff
N??CA?_cAWJ?KO@gOK?	46	3fffffffffff
N??CA?_cAWJ?KO@gCK?	46	3fffffff0ffff
N??CA?_cAWJ?KO@g@Q?	46	3fffffffffff
N??CA?_cAWJ?KO@g?Y?	46	3fffffffffff
N??CA?_cAWJ?KO@gOE?	46	3fffffffffff
N??CA?_cAWJ?KO@g?U?	46	3fffffffffff
N??CA?_cAWJ?IO@gCo?	46	3ffffffffffcc
N??CA?_cAWJ?IO@gAo?	46	3fffffffffff
N??CA?_cAWJ?IO@gOW?	46	3fffffffffff
N??CA?_cAWJ?IO@gCW?	46	3ffffffffffcc
N??CA?_cAWJ?IO@gAW?	46	3fffffffffff
N??CA?_cAWJ?IO@g?w?	46	3effffffffb7e
N??CA?_cAWJ?IO@gOS?	46	fffffffffe7f
N??CA?_cAWJ?IO@g?k?	46	37ff6fdff9f0fb52
N??CA?_cAWJ?IO@gOa?	46	3fffffffffff
N??CA?_cAWJ?IO@gAQ?	46	fffffffffe7f
N??CA?_cAWJ?IO@gOI?	46	fffffffdf7ff
N??CA?_cAWJ?IO@gAI?	46	3fffffffdef7e
N??CA?_cAWJ?IO@gOE?	46	3fffffffffff
N??CA?_cAWJ?IO@g?U?	46	3fffffffffff
N??CA?_cAWJ?HOGgQC?	46	7ffffffffffd
N??CA?_cAWJ?HOGg?k?	46	2ffdeff7fe70fccc
N??CA?_cAWJ?HOGgPA?	46	fffffffefffd
N??CA?_cAWJ?HOGgOa?	46	3fffffffffff
N??CA?_cAWJ?HOGgAQ?	46	fffffffdf7ff
N??CA?_cAWJ?HOGgOI?	46	3fffffffffff
N??CA?_cAWJ?HOGg?Y?	46	3fffffffffff
N??CA?_cAWJ?HOGgOE?	46	fffffffdefff
N??CA?_cAWJ?HOGg?U?	46	fffffffd7fff
N??CA?_cAWJ?HOGg?M?	46	3fffffffffff
N??CA?_cAWJ?HO@gU??	46	3fffffffffff
N??CA?_cAWJ?HO@gQO?	46	3fffffffffff
N??CA?_cAWJ?HO@gBO?	46	3fffffffffff
N??CA?_cAWJ?HO@g@W?	46	3effffffffb7e
N??CA?_cAWJ?HO@gQC?	46	3fffffffffff
N??CA?_cAWJ?HO@gPC?	46	3fffffffffff
N??CA?_cAWJ?HO@gCK?	46	2ffdeff7fe70fccc
N??CA?_cAWJ?HO@g@K?	46	37ff6fdff9f0fb52
N??CA?_cAWJ?HO@gSA?	46	3fffffffffff
N??CA?_cAWJ?HO@gPA?	46	3fffffffffff
N??CA?_cAWJ?HO@gDA?	46	3fffffffffff
N??CA?_cAWJ?HO@gOI?	46	3fffffffffff
N??CA?_cAWJ?HO@g?Y?	46	3fffffffffff
N??CA?_cAWJ?HO@gOE?	46	3fffffffffff
N??CA?_cAWJ?HO?wU??	46	3fffffffffff
N??CA?_cAWJ?HO?wQO?	46	3fffffffffff
N??CA?_cAWJ?HO?wBO?	46	3fffffffffff
N??CA?_cAWJ?HO?w@o?	46	3effffffffb7e
N??CA?_cAWJ?HO?wQC?	46	3fffffffffff
N??CA?_cAWJ?HO?wPC?	46	3fffffffffff
N??CA?_cAWJ?HO?w@c?	46	37ff6fdff9f0fb52
N??CA?_cAWJ?HO?w@S?	46	3effffffffb7e
N??CA?_cAWJ?HO?wSA?	46	3fffffffffff
N??CA?_cAWJ?HO?wQA?	46	3fffffffffff
N??CA?_cAWJ?HO?wPA?	46	3fffffffffff
N??CA?_cAWJ?HO?wOa?	46	3fffffffffff
N??CA?_cAWJ?HO?wCQ?	46	3fffffffffff
N??CA?_cAWJ?HO?wAQ?	46	3fffffffffff
N??CA?_cAWJ?HO?w?q?	46	3fffffffffff
N??CA?_cAWJ?HO?wOE?	46	3fffffffffff
N??CA?_cAWJ?HO?wCE?	46	3fffffffffff
N??CA?_cAWJ?HO?w?U?	46	3fffffffffff
N??CA?_cAWJ?BOGgCo?	46	2ffdeff7fe70fccc
N??CA?_cAWJ?Go@gU??	46	3fffffffffff
N??CA?_cAWJ?Go@gQ_?	46	3fffffffffff
N??CA?_cAWJ?Go@gD_?	46	3ffffffffffcc
N??CA?_cAWJ?Go@gB_?	46	3fffffffffff
N??CA?_cAWJ?Go@gQG?	46	3fffffffffff
N??CA?_cAWJ?Go@gQC?	46	3fffffffffff
N??CA?_cAWJ?Go@gPC?	46	3fffffffffff
N??CA?_cAWJ?Go@g@K?	46	3effffffffb7e
N??CA?_cAWJ?Go@gSA?	46	3fffffffffff
N??CA?_cAWJ?Go@gOE?	46	3fffffffffff
N??CA?_cAWJ?Go@g?M?	46	3fffffffffff
N??CA?_cAWJ?CoHGDG?	46	3ffffdefdefff
N??CA?_cAWJ?CoHGSA?	46	3fffffffffff
N??CA?_cAWJ?AoHGCo?	46	3ffffffffffcc
N??CA?_cAWJ?AoHGEG?	46	3ffffdefdefff
N??CA?_cAWJ?AoHGCg?	46	3defbfffdea94fcc
N??CA?_cAWJ?AoHGCW?	46	3ffffffffffcc
N??CA?_cAWJ?AoHGSA?	46	fffffffffe7f
N??CA?_cAWJ?@oHGT??	46	3fffffffffff
N??CA?_cAWJ?@oHGSA?	46	7ffffffffeff
N??CA?_cAWJ?@oGgU??	46	7ffffffffffe
N??CA?_cAWJ?@oGgD_?	46	3ffffffffffcc
N??CA?_cAWJ?@oGgEG?	46	3fffffffffff
N??CA?_cAWJ?@oGgDG?	46	3ffffffffffcc
N??CA?_cAWJ?@oGgCg?	46	3ffffffffffcc
N??CA?_cAWJ?@oGgSA?	46	fffffffdf7ff
N??CA?_cAWJ?@oGgEA?	46	7ffffffff7ff
N??CA?_cAWJ?@oGgCI?	46	3fffffffffff
N??CA?_cAWJ?@oGWU??	46	3fffffffffff
N??CA?_cAWJ?@oGWT??	46	3fffffffffff
N??CA?_cAWJ?@oGWDC?	46	2ffdeff7fe70fccc
N??CA?_cAWJ?@oGWSA?	46	7fffffff7fff
N??CA?_cAWJ?@oGWCa?	46	3fffffffffff
N??CA?_cAWJ?@oGWCQ?	46	3fffffffffff
N??CA?_cAWJ?gG@oF??	46	fffffffefffe
N??CA?_cAWJ?gG@oE_?	46	7ffffffeffff
N??CA?_cAWJ?gG@oD_?	46	fffffffef7ff
N??CA?_cAWJ?gG@oEO?	46	7ffffffffffe
N??CA?_cAWJ?gG@oEG?	46	7ffffffdffff
N??CA?_cAWJ?gG@oDG?	46	fffffffdf7ff
N??CA?_cAWJ?gG@oCW?	46	3fffffffffff
N??CA?_cAWJ?gG@oEC?	46	fffffffff7fd
N??CA?_cAWJ?gG@oDA?	46	7ffffffff7ff
N??CA?_cAWJ?gG@oCa?	46	3fffffffffff
N??CA?_cAWJ?gG@oCQ?	46	fffffffdf7ff
N??CA?_cAWJ?gG@oCI?	46	3fffffffffff
N??CA?_cAWJ?KG@oD_?	46	3ffffbbfeefff
N??CA?_cAWJ?KG@oSO?	46	7ffffffffffe
N??CA?_cAWJ?KG@oSG?	46	3fffffffffff
N??CA?_cAWJ?KG@oDG?	46	3ffffdefdefff
N??CA?_cAWJ?KG@oCW?	46	3fffffffffff
N??CA?_cAWJ?KG@oCK?	46	3fffffff0ffff
N??CA?_cAWJ?IG@oS_?	46	3fffffffffff
N??CA?_cAWJ?IG@oCo?	46	3ffffffffffcc
N??CA?_cAWJ?HGGoQC?	46	3fffffffffff
N??CA?_cAWJ?HGGoPA?	46	fffffffdff7f
N??CA?_cAWJ?HGGoOa?	46	7ffffffdffff
N??CA?_cAWJ?HGGoAQ?	46	ffffffff7ffd
N??CA?_cAWJ?HGGoOI?	46	3fffffffffff
N??CA?_cAWJ?HGGoOE?	46	3fffffffffff
N??CA?_cAWJ?HGGo?M?	46	3fffffffffff
N??CA?_cAWJ?HC?wEO?	46	3fffffffffff
N??CA?_cAWJ?HC?wCo?	46	3fffffffffff
N??CA?_cAWJ?HC?wSG?	46	3fffffffffff
N??CA?_cAWJ?HC?wQG?	46	3fffffffffff
N??CA?_cAWJ?HC?wEG?	46	3fffffffffff
N??CA?_cAWJ?HC?wOW?	46	3fffffffffff
N??CA?_cAWJ?HC?wCW?	46	3fffffffffff
N??CA?_cAWJ?HC?w?w?	46	3fffffffffff
N??CA?_cAWJ?HC?wOS?	46	3fffffffffff
N??CA?_cAWJ?HC?wAS?	46	3fffffffffff
N??CA?_cAWJ?HC?w@S?	46	3fffffffffff
N??CA?_cAWJ?HC?w?[?	46	3fffffffffff
N??CA?_cAWJ?Gc@WU??	46	fffffffefffd
N??CA?_cAWJ?Gc@WS_?	46	3fffffffffff
N??CA?_cAWJ?Gc@WP_?	46	3fffffffffff
N??CA?_cAWJ?Gc@WCo?	46	3fffffffffff
N??CA?_cAWJ?Gc@WSG?	46	3fffffffffff
N??CA?_cAWJ?Gc@WQG?	46	3fffffffffff
N??CA?_cAWJ?Gc@WEG?	46	3fffffffffff
N??CA?_cAWJ?Gc@WOg?	46	3fffffffffff
N??CA?_cAWJ?Gc@WOW?	46	3fffffffffff
N??CA?_cAWJ?Gc@W?w?	46	3fffffffffff
N??CA?_cAWJ?Gc@WSC?	46	fffffffdefff
N??CA?_cAWJ?Gc@WQC?	46	7fffffffefff
N??CA?_cAWJ?Gc@WOc?	46	3fffffffffff
N??CA?_cAWJ?Gc@W@c?	46	3fdffffffb7fe
N??CA?_cAWJ?Gc@WOS?	46	fffffffd7fff
N??CA?_cAWJ?Gc@W?s?	46	3fffffffffff
N??CA?_cAWJ?Gc@WOK?	46	3fffffffffff
N??CA?_cAWJ?Gc@WCK?	46	3fffffffffff
N??CA?_cAWJ?Gc@WAK?	46	3fffffffffff
N??CA?_cAWJ?Gc@W?k?	46	3fbffffffcffe
N??CA?_cAWJ?Gc@W?[?	46	3fffffffffff
N??CA?_cAWJ?@cGWU??	46	3fffffffffff
N??CA?_cAWJ?@cGWSG?	46	3fffffffffff
N??CA?_cAWJ?@cGWSC?	46	3fffffffffff
N??CA?_cAWJ?GK@oU??	46	fffffffff7fd
N??CA?_cAWJ?GK@oS_?	46	3fffffffffff
N??CA?_cAWJ?GK@oE_?	46	3fffffffffff
N??CA?_cAWJ?GK@oDO?	46	7ffffffffffb
N??CA?_cAWJ?GK@oSG?	46	3fffffffffff
N??CA?_cAWJ?GK@oEG?	46	3fffffffffff
N??CA?_cAWJ?GK@oCg?	46	ffffffffeffb
N??CA?_cAWJ?GK@oCW?	46	7ffffffffffb
N??CA?_cAWJ?GK@oSC?	46	fffffffdefff
N??CA?_cAWJ?GK@oCS?	46	fffffffd7fff
N??CA?_cAWF?AgHOY??	46	3fffffffffff
N??CA?_cAWF?AgHOQO?	46	7ffffffffffe
N??CA?_cAWF?AgHOGg?	46	3defbfffdea94fcc
N??CA?_cAWF?AgHOIC?	46	3ffffdefdefff
N??CA?_cAWF?AgHOAS?	46	7ffffffff7ff
N??CA?_cAWF?AgHOOK?	46	3fffffffffff
N??CA?_cAWF?AgHOAK?	46	3fffffff0ffff
N??CA?_cAWF?AgHOWA?	46	3fffffffffff
N??CA?_cAWF?AgHOOa?	46	3fffffffffff
N??CA?_cAWF?AgHOAa?	46	3fffffffffff
N??CA?_cAWF?AgHOAQ?	46	7ffffffff7ff
N??CA?_cAWF?AgHOOI?	46	3fffffffffff
N??CA?_cAWF?AgHO?Y?	46	3fffffffffff
N??CA?_cAWF?AgHOOE?	46	7ffffffffeff
N??CA?_cAWH_k??wD_?	46	7ffffffff7ff
N??CA?_cAWH_k??wB_?	46	ffffffffe7ff
N??CA?_cAWH_k??w@c?	46	3effffffffcfe
N??CA?_cAWH_k??w@a?	46	fffffffdf7ff
N??CA?_cAWH_M??wS_?	46	7ffffffff7ff
N??CA?_cAWH_M??wQ_?	46	ffffffffe7ff
N??CA?_cAWH_M??wAo?	46	3fffffffffff
N??CA?_cAWH_M??wOg?	46	3fffffffffff
N??CA?_cAWH_M??wOc?	46	3fffffffffff
N??CA?_cAWH_M??wOa?	46	fffffffdf7ff
N??CA?_cAWH_M??wOI?	46	fffffffff7fe
N??CA?_cAWH_M??wOE?	46	fffffffffffc
N??CA?_cAWH_M??w?U?	46	fffffffff7fe
N??CA?_cAWH_g_CWD_?	46	ffffffffff74c
N??CA?_cAWH_g_CWBC?	46	2fffff7ff7ffb
N??CA?_cAWH_E_GWS_?	46	7ffffffffffb
N??CA?_cAWH_E_GWE_?	46	3ffffbbfeefff
N??CA?_cAWH_E_GWSA?	46	f7fffbfffeefa
N??CA?_cAWH_KOCg@o?	46	3fffffffffff
N??CA?_cAWH_KOCg@c?	46	3ffffdefdefff
N??CA?_cAWH_KO?wP_?	46	3fffffffffff
N??CA?_cAWH_KO?wPA?	46	7ffffffff7ff
N??CA?_cAWH_IOCgAo?	46	3ffdffdfdff7f
N??CA?_cAWH_IOCgOa?	46	ffffffff0e7ff
N??CA?_cAWH_IOCgOI?	46	fffffdefce7ff
N??CA?_cAWH_EOGgS_?	46	3ffffdefdefff
N??CA?_cAWH_EOGgCo?	46	2ffdeff7fe70fccc
N??CA?_cAWH_EOGgCa?	46	2fffff7ff7ffb
N??CA?_cAWH_CoKGD_?	46	7fbffbbfeefff
N??CA?_cAWH_gGCoD_?	46	3fffffffef7fa
N??CA?_cAWD_F??w[??	46	7ffffffff7ff
N??CA?_cAWD_F??wY??	46	ffffffffe7ff
N??CA?_cAWD_F??wM??	46	fffffbbfce7ff
N??CA?_cAWD_F??wKO?	46	3ffffffffffcc
N??CA?_cAWD_F??wQO?	46	3fffffffcfefb
N??CA?_cAWD_F??wSG?	46	3fffffffffff
N??CA?_cAWD_F??wQG?	46	3fffffffffff
N??CA?_cAWD_F??wEG?	46	3ffffdefdefff
N??CA?_cAWD_F??wGW?	46	7ebfffffffb7e
N??CA?_cAWD_F??wCW?	46	3effffffffb7e
N??CA?_cAWD_F??wAW?	46	3fffffffffff
N??CA?_cAWD_F??wOK?	46	fffffffffffc
N??CA?_cAWD_F??wGK?	46	37ff6fdff9f0fb52
N??CA?_cAWD_F??w?[?	46	fbffbfffff77c
N??CA?_cAWD_F??wWA?	46	fffffffdf7ff
N??CA?_cAWD_F??wKA?	46	fffffffcffff
N??CA?_cAWD_F??wGQ?	46	3fffffffffff
N??CA?_cAWD_F??wAQ?	46	3ffffffff7efc
N??CA?_cAWD_F??wOI?	46	ffffffffff7e
N??CA?_cAWD_F??wAI?	46	3fffffffffff
N??CA?_cAWD_F??w?Y?	46	fffffffff7fd
N??CA?_cAWD_E__WM??	46	3fffffffffff
N??CA?_cAWD_E__WK_?	46	7ffffffffffb
N??CA?_cAWD_E__WI_?	46	3fffffffffff
N??CA?_cAWD_E__WKO?	46	3fffffffffff
N??CA?_cAWD_E__WIO?	46	3fffffffffff
N??CA?_cAWD_E__WEG?	46	3fffffffffff
N??CA?_cAWD_E__WCg?	46	7fffffffefff
N??CA?_cAWD_E__WAg?	46	3fffffffffff
N??CA?_cAWD_E__WCW?	46	3fffffffffff
N??CA?_cAWD_E__WAW?	46	3fffffffffff
N??CA?_cAWD_E__WAK?	46	3fffffffffff
N??CA?_cAWD_E__WKA?	46	3fffffffffff
N??CA?_cAWD_E__WGa?	46	3fffffffffff
N??CA?_cAWD_E__WGI?	46	3fffffffffff
N??CA?_cAWD_E__WCI?	46	3fffffffffff
N??CA?_cAWD_E__W?i?	46	3fffffffffff
N??CA?_cAWD_E__W?Y?	46	3fffffffffff
N??CA?_cAWD_E__W?M?	46	3fffffffffff
N??CA?_cAWD_E_CWK_?	46	3ffffbbfeefff
N??CA?_cAWD_E_CWWO?	46	3fffffffffff
N??CA?_cAWD_E_CWKO?	46	3fffffffffff
N??CA?_cAWD_E_CWCg?	46	3ffffdefdefff
N??CA?_cAWD_E_CWOW?	46	3fffffffffff
N??CA?_cAWD_E_CWCW?	46	3fffffffffff
N??CA?_cAWD_E_CW?w?	46	3fffffffffff
N??CA?_cAWD_E_CW?[?	46	3fffffffffff
N??CA?_cAWD_E_CWKA?	46	3fffffffffff
N??CA?_cAWD_E_CWGQ?	46	3fffffffffff
N??CA?_cAWD_E_CW?q?	46	3fffffffffff
N??CA?_cAWD_E_CWOI?	46	3fffffffffff
N??CA?_cAWD_E_CWCI?	46	3fffffffffff
N??CA?_cAWD_E_CW?Y?	46	3fffffffffff
N??CA?_cAWD_E_CW?M?	46	3fffffffffff
N??CA?_cAWD_EOOgQO?	46	3fffffffffff
N??CA?_cAWD_EOOgOo?	46	3fffffffffff
N??CA?_cAWD_EOOgAW?	46	3fffffffffff
N??CA?_cAWD_EOOg?w?	46	3effffffffb7e
N??CA?_cAWD_EOOgQC?	46	3fffffffffff
N??CA?_cAWD_EOOg?k?	46	37ff6fdff9f0fb52
N??CA?_cAWD_EOOgSA?	46	3fffffffffff
N??CA?_cAWD_EOOgOa?	46	3fffffffffff
N??CA?_cAWD_EOOgAQ?	46	3fffffffffff
N??CA?_cAWD_EOOg?q?	46	3fffffffffff
N??CA?_cAWD_EOOgOI?	46	3fffffffffff
N??CA?_cAWD_EOOgOE?	46	3fffffffffff
N??CA?_cAWD_EOOg?e?	46	3fffffffffff
N??CA?_cAWD_EOCgK_?	46	7ff7fbbfeefff
N??CA?_cAWD_EOCgWO?	46	3fffffffffff
N??CA?_cAWD_EOCgSG?	46	3fffffffffff
N??CA?_cAWD_EOCgCg?	46	3ffffdefdefff
N??CA?_cAWD_EOCgGW?	46	3fffffffffff
N??CA?_cAWD_EOCgCW?	46	3fffffffffff
N??CA?_cAWD_EOCg?w?	46	3fffffffffff
N??CA?_cAWD_EOCgGc?	46	3ffffdefdefff
N??CA?_cAWD_EOCgGK?	46	3fffffff0ffff
N??CA?_cAWD_EOCg?[?	46	3fffffffffff
N??CA?_cAWD_EOCgSA?	46	3fffffffffff
N??CA?_cAWD_EOCgGQ?	46	3fffffffffff
N??CA?_cAWD_EOCgCQ?	46	3fffffffffff
N??CA?_cAWD_EOCg?q?	46	3fffffffffff
N??CA?_cAWD_EOCgOI?	46	3fffffffffff
N??CA?_cAWD_EOCgCI?	46	3fffffffffff
N??CA?_cAWD_EOCg?i?	46	3fffffffffff
N??CA?_cAWD_EOCg?Y?	46	3fffffffffff
N??CA?_cAWD_EOCgOE?	46	3fffffffffff
N??CA?_cAWD_EOCg?U?	46	3fffffffffff
N??CA?_cAWD_EOCg?M?	46	3fffffffffff
N??CA?_cAWD_EO@g[??	46	3fffffffffff
N??CA?_cAWD_EO@gY??	46	3fffffffffff
N??CA?_cAWD_EO@gU??	46	3fffffffffff
N??CA?_cAWD_EO@gM??	46	3ffffbbfeefff
N??CA?_cAWD_EO@gQO?	46	3fffffffffff
N??CA?_cAWD_EO@gSG?	46	3fffffffffff
N??CA?_cAWD_EO@gEG?	46	3ffffdefdefff
N??CA?_cAWD_EO@gGW?	46	3effffffffb7e
N??CA?_cAWD_EO@gCW?	46	3effffffffb7e
N??CA?_cAWD_EO@gAW?	46	3fffffffffff
N??CA?_cAWD_EO@gGK?	46	37ff6fdff9f0fb52
N??CA?_cAWD_EO@gWA?	46	3fffffffffff
N??CA?_cAWD_EO@gOI?	46	3fffffffffff
N??CA?_cAWD_EO?wU??	46	3fffffffffff
N??CA?_cAWD_EO?wQO?	46	3fffffffffff
N??CA?_cAWD_EO?wIO?	46	3fffffffffff
N??CA?_cAWD_EO?wGo?	46	3effffffffb7e
N??CA?_cAWD_EO?wCo?	46	3effffffffb7e
N??CA?_cAWD_EO?wWC?	46	3fffffffffff
N??CA?_cAWD_EO?wGc?	46	37ff6fdff9f0fb52
N??CA?_cAWD_EO?wGS?	46	3effffffffb7e
N??CA?_cAWD_EO?wWA?	46	3fffffffffff
N??CA?_cAWD_EO?wSA?	46	3fffffffffff
N??CA?_cAWD_EO?wQA?	46	3fffffffffff
N??CA?_cAWD_EO?wOQ?	46	3fffffffffff
N??CA?_cAWD_EO?wAQ?	46	3fffffffffff
N??CA?_cAWD_EO?wOE?	46	3fffffffffff
N??CA?_cAWD_EO?k[??	46	3fffffffffff
N??CA?_cAWD_EO?kU??	46	3fffffffffff
N??CA?_cAWD_EO?kW_?	46	3fffffffffff
N??CA?_cAWD_EO?kS_?	46	3fffffffffff
N??CA?_cAWD_EO?kK_?	46	37fffbfffeffb
N??CA?_cAWD_EO?kWO?	46	3fffffffffff
N??CA?_cAWD_EO?kKO?	46	3fffffffffff
N??CA?_cAWD_EO?kEO?	46	3fffffffffff
N??CA?_cAWD_EO?kOo?	46	3fffffffffff
N??CA?_cAWD_EO?kGo?	46	3fffffffffff
N??CA?_cAWD_EO?kCo?	46	3fffffffffff
N??CA?_cAWD_EO?kSG?	46	3fffffffffff
N??CA?_cAWD_EO?kQG?	46	3fffffffffff
N??CA?_cAWD_EO?kEG?	46	3fffffffffff
N??CA?_cAWD_EO?kCW?	46	3fffffffffff
N??CA?_cAWD_EO?kAW?	46	3fffffffffff
N??CA?_cAWD_EO?kWC?	46	3fffffffffff
N??CA?_cAWD_EO?kSC?	46	3fffffffffff
N??CA?_cAWD_EO?kOc?	46	3fffffffffff
N??CA?_cAWD_EO?kGc?	46	3fffffffffff
N??CA?_cAWD_EO?kGS?	46	3fffffffffff
N??CA?_cAWD_EO?k?s?	46	3fffffffffff
N??CA?_cAWD_EO?kOK?	46	3fffffffffff
N??CA?_cAWD_EO?kAK?	46	3fffffffffff
N??CA?_cAWD_EO?k?[?	46	3fffffffffff
N??CA?_cAWD_BOCg[??	46	3ffffffffe7f9
N??CA?_cAWD_BOCgY??	46	3ffff7dfdf7ff
N??CA?_cAWD_BOCgM??	46	7ff7fbbfeefff
N??CA?_cAWD_BOCgIO?	46	3ffdffdfdff7f
N??CA?_cAWD_BOCgWA?	46	ffffffff0e7ff
N??CA?_cAWD_AWS_U??	46	3fffffffffff
N??CA?_cAWD_AWS_Ao?	46	3fffffffffff
N??CA?_cAWD_AWS_Ag?	46	3ffffdefdefff
N??CA?_cAWD_AWS_AW?	46	3fffffffffff
N??CA?_cAWD_AWS_QC?	46	3fffffffffff
N??CA?_cAWD_AWS_SA?	46	3fffffffffff
N??CA?_cAWD_AWS_Oa?	46	3fffffffffff
N??CA?_cAWD_AWS_OI?	46	3fffffffffff
N??CA?_cAWD_AWS_OE?	46	3fffffffffff
N??CA?_cAWD_AWD_[??	46	7ffffffffffb
N??CA?_cAWD_AWD_Y??	46	3fffffffffff
N??CA?_cAWD_AWD_M??	46	3ffffbbfeefff
N??CA?_cAWD_AWD_SG?	46	7fffffffefff
N??CA?_cAWD_AWD_QG?	46	3fffffffffff
N??CA?_cAWD_AWD_EG?	46	3ffffdefdefff
N??CA?_cAWD_AWD_AW?	46	3fffffffffff
N??CA?_cAWD_AWD_OK?	46	7ffffffdffff
N??CA?_cAWD_AWD_AK?	46	3fffffff0ffff
N??CA?_cAWD_AWD_WA?	46	3fffffffffff
N??CA?_cAWD_AWD_OI?	46	3fffffffffff
N??CA?_cAWD_AWCoY??	46	3fffffffffff
N??CA?_cAWD_AWCoWC?	46	7ffffffeffff
N??CA?_cAWD_AWCoQC?	46	3fffffffffff
N??CA?_cAWD_AWCoIC?	46	3fffffff0ffff
N??CA?_cAWD_AWCoWA?	46	3fffffffffff
N??CA?_cAWD_AWCoSA?	46	3fffffffffff
N??CA?_cAWD_AWCoOa?	46	3fffffffffff
N??CA?_cAWD_AWCoOE?	46	3fffffffffff
N??CA?_cAWIOi?@WF??	46	7fffffffff7f
N??CA?_cAWIOi?@WE_?	46	3fffffffffff
N??CA?_cAWIOi?@WEO?	46	7ffffffff7ff
N??CA?_cAWIOi?@WCo?	46	3fffffffffff
N??CA?_cAWIOi?@W@o?	46	3fffffffffff
N??CA?_cAWIOi?@WEG?	46	3fffffffffff
N??CA?_cAWIOi?@WCW?	46	3fffffffffff
N??CA?_cAWIOi?@WEC?	46	3fffffffffff
N??CA?_cAWIOi?@WBC?	46	3fffffffffff
N??CA?_cAWIOi?@WAc?	46	3fffffffffff
N??CA?_cAWIOi?@W@c?	46	7fffffffefff
N??CA?_cAWIOi?@WAK?	46	3fffffffffff
N??CA?_cAWIOi?@W?[?	46	3fffffffffff
N??CA?_cAWIOi?@WEA?	46	7ffffffeffff
N??CA?_cAWIOi?@WDA?	46	7ffffffeffff
N??CA?_cAWIOi?@WCa?	46	3fffffffffff
N??CA?_cAWIOi?@W@a?	46	3fffffffffff
N??CA?_cAWIOi?@WCQ?	46	7ffffffdffff
N??CA?_cAWIOi?@WAQ?	46	fffffffdf7ff
N??CA?_cAWIOi?@W@Q?	46	fffffffdf7ff
N??CA?_cAWIOi?@W?q?	46	3fffffffffff
N??CA?_cAWIOi?@WCI?	46	3fffffffffff
N??CA?_cAWIOi?@W@I?	46	3fffffffffff
N??CA?_cAWIOi?@W?i?	46	3fffffffffff
N??CA?_cAWIOi?@WCE?	46	3fffffffffff
N??CA?_cAWIOi?@W@E?	46	3fffffffffff
N??CA?_cAWIOi?@W?e?	46	3fffffffffff
N??CA?_cAWIOi?@W?U?	46	3fffffffffff
N??CA?_cAWIOi?@W?M?	46	3fffffffffff
N??CA?_cAWIOM?@WSO?	46	7ffffffff7ff
N??CA?_cAWIOM?@WCo?	46	3fffffffffff
N??CA?_cAWIOM?@W@o?	46	3fffffffffff
N??CA?_cAWIOM?@WCW?	46	3fffffffffff
N??CA?_cAWIOM?@W@c?	46	3ffffdefdefff
N??CA?_cAWIOM?@WOK?	46	3fffffffffff
N??CA?_cAWIOM?@W?[?	46	3fffffffffff
N??CA?_cAWIOM?@WSA?	46	7ffffffeffff
N??CA?_cAWIOM?@WPA?	46	fffffffef7ff
N??CA?_cAWIOM?@WOa?	46	3fffffffffff
N??CA?_cAWIOM?@WCa?	46	3fffffffffff
N??CA?_cAWIOM?@WOQ?	46	fffffffdf7ff
N??CA?_cAWIOM?@WCQ?	46	7ffffffdffff
N??CA?_cAWIOM?@W?Y?	46	3fffffffffff
N??CA?_cAWIOM?@WOE?	46	3fffffffffff
N??CA?_cAWIOM?@W?U?	46	3fffffffffff
N??CA?_cAWIOM?@W?M?	46	3fffffffffff
N??CA?_cAWIOF?GWCW?	46	3fffffffffff
N??CA?_cAWIOF?GWSA?	46	3fffffffffff
N??CA?_cAWIOF?GWCQ?	46	3fffffffffff
N??CA?_cAWIOF?GWCI?	46	3fffffffffff
N??CA?_cAWIOKOBGT??	46	3fffffffffff
N??CA?_cAWIOKOBGD_?	46	3ffffbbfeefff
N??CA?_cAWIOKOBG@o?	46	3fffffffffff
N??CA?_cAWIOKOBGOK?	46	3fffffffffff
N??CA?_cAWIOKOBGPA?	46	3fffffffffff
N??CA?_cAWIOKOBGOQ?	46	ffffffff0e7ff
N??CA?_cAWIOKOBGCQ?	46	7fffffffefff
N??CA?_cAWIOKOBG?Y?	46	fffeff7fd7e7f
N??CA?_cAWIOKOBGOE?	46	3fffffffffff
N??CA?_cAWIOKOBG?U?	46	3fffffffffff
N??CA?_cAWIOEOHGD_?	46	3ffffbbfeefff
N??CA?_cAWIOEOHGSA?	46	3fffffffffff
N??CA?_cAWIOEOHGCQ?	46	3fffffffffff
N??CA?_cAWIOBOIGU??	46	3fffffffffff
N??CA?_cAWIOBOIGSA?	46	7ffffffffeff
N??CA?_cAWIOBOGWU??	46	3fffffffffff
N??CA?_cAWIOBOGWSO?	46	3fffffffffff
N??CA?_cAWIOBOGWEO?	46	3fffffffffff
N??CA?_cAWIOBOGWSA?	46	7fffffff7fff
N??CA?_cAWIOgGBOF??	46	7ffffffeffff
N??CA?_cAWIOgGBOD_?	46	3fffffffef7fa
N??CA?_cAWIOgGBOEG?	46	7ffffffdffff
N??CA?_cAWIOgGBOCW?	46	3fffffffffff
N??CA?_cAWIOgGBODA?	46	7ffffffffeff
N??CA?_cAWIOgGBOCI?	46	7fffffff7fff
N??CA?_cAWIOKGBOT??	46	3fffffffffff
N??CA?_cAWIOKGBOD_?	46	7fbffbbfeefff
N??CA?_cAWIOKGBOSG?	46	3fffffffffff
N??CA?_cAWIOKGBOCW?	46	3fffffffffff
N??CA?_cAWKGe?@gF??	46	7ffffffffffd
N??CA?_cAWKGe?@gE_?	46	3fffffffffff
N??CA?_cAWKGe?@gD_?	46	3fffffffffff
N??CA?_cAWKGe?@gEO?	46	7ffffffffffe
N??CA?_cAWKGe?@gAo?	46	3ffff7dfdf7ff
N??CA?_cAWKGe?@gEG?	46	7ffffffff7ff
N??CA?_cAWKGe?@gAW?	46	3fffffffffff
N??CA?_cAWKGe?@gEC?	46	7ffffffffffd
N??CA?_cAWKGe?@gBC?	46	3fffffffffff
N??CA?_cAWKGe?@gAc?	46	3fffffffffff
N??CA?_cAWKGe?@g@S?	46	3fffffffffff
N??CA?_cAWKGe?@gAK?	46	3fffffffffff
N??CA?_cAWKGe?@gDA?	46	7fffffffefff
N??CA?_cAWKGe?@gCa?	46	3fffffffffff
N??CA?_cAWKGe?@gCQ?	46	7ffffffff7ff
N??CA?_cAWKGe?@gCI?	46	7ffffffdffff
N??CA?_cAWKGe?@g?i?	46	3fffffffffff
N??CA?_cAWKGe?@gCE?	46	7fffffffefff
N??CA?_cAWKGe?@g?e?	46	3fffffffffff
N??CA?_cAWKGe?@g?U?	46	fffffffdf7ff
N??CA?_cAWKGe?@g?M?	46	3fffffffffff
N??CA?_cAWKGM?@gQO?	46	fffffffefffe
N??CA?_cAWKGM?@g@g?	46	3defbfffdea94fcc
N??CA?_cAWKGM?@gQA?	46	ffffffffeffd
N??CA?_cAWKGM?@gOa?	46	3fffffffffff
N??CA?_cAWKGM?@gOQ?	46	fffffffff6ff
N??CA?_cAWKGM?@gAQ?	46	fffffffff6ff
N??CA?_cAWKGM?@gOI?	46	7ffffffdffff
N??CA?_cAWKGM?@gOE?	46	7fffffffefff
N??CA?_cAWKGJ?CgAK?	46	3fffffff0ffff
N??CA?_cAWKGJ?CgOI?	46	7fffffff7fff
N??CA?_cAWKGF?CgSO?	46	7ffffffffffe
N??CA?_cAWKGF?Cg@o?	46	3ffdffdfdff7f
N??CA?_cAWKGF?Cg@g?	46	3ffffdefdefff
N??CA?_cAWKGF?CgOW?	46	3fffffffffff
N??CA?_cAWKGF?CgCW?	46	3fffffffffff
N??CA?_cAWKGF?Cg@c?	46	3ffffdefdefff
N??CA?_cAWKGF?CgSA?	46	7ffffffffffd
N??CA?_cAWKGF?CgOQ?	46	ffffffff0e7ff
N??CA?_cAWKGF?CgCQ?	46	7ffffffff7ff
N??CA?_cAWKGF?Cg@Q?	46	3ffffffe97fff
N??CA?_cAWKGF?Cg?Y?	46	3fffffffffff
N??CA?_cAWKGF?CgOE?	46	ffffffff0e7ff
N??CA?_cAWKGF?Cg?U?	46	fffeff7fd7e7f
N??CA?_cAWKGF?AgU??	46	3fffffffffff
N??CA?_cAWKGF?AgS_?	46	3fffffffffff
N??CA?_cAWKGF?AgQO?	46	3ffff7dfdf7ff
N??CA?_cAWKGF?AgCo?	46	3ffffffffffcc
N??CA?_cAWKGF?AgAo?	46	3ffdffdfdff7f
N??CA?_cAWKGF?Ag?w?	46	3effffffffb7e
N??CA?_cAWKGF?AgOc?	46	3fffffffffff
N??CA?_cAWKGF?Ag?s?	46	3effffffffb7e
N??CA?_cAWKGF?AgCK?	46	2ffdeff7fe70fccc
N??CA?_cAWKGF?Ag?k?	46	37ff6fdff9f0fb52
N??CA?_cAWKGF?AgSA?	46	3fffffffffff
N??CA?_cAWKGF?AgOa?	46	3fffffff0ffff
N??CA?_cAWKGF?AgCQ?	46	3fffffffffff
N??CA?_cAWKGF?AgAQ?	46	3ffffffe97fff
N??CA?_cAWKGF?AgOI?	46	3fffffffffff
N??CA?_cAWKGF?Ag?Y?	46	3fffffffffff
N??CA?_cAWKGF?AgOE?	46	3fffffffffff
N??CA?_cAWKGK_BGR??	46	7fffffffff7f
N??CA?_cAWKGK_BGAW?	46	7ffffffff7ff
N??CA?_cAWKGK_BGAK?	46	3fffffff0ffff
N??CA?_cAWKGK_BGPA?	46	7ffffffeffff
N??CA?_cAWKGK_BGOI?	46	7fffffffefff
N??CA?_cAWKGK_BGOE?	46	7fffffffefff
N??CA?_cAWKGE_DGD_?	46	3ffffbbfeefff
N??CA?_cAWKGE_DGDO?	46	3fffffffffff
N??CA?_cAWKGE_DGCW?	46	3fffffffffff
N??CA?_cAWKGE_DG@S?	46	3fffffffffff
N??CA?_cAWKGE_DGSA?	46	7ffffffffffd
N??CA?_cAWKGE_DGDA?	46	3fffffffffff
N??CA?_cAWKGE_DGCQ?	46	7ffffffff7ff
N??CA?_cAWKGE_DG@Q?	46	fffffffe97e7f
N??CA?_cAWKGE_DG?Y?	46	3fffffffffff
N??CA?_cAWKGE_DGOE?	46	ffffffffe7ff
N??CA?_cAWKGE_DG@E?	46	3fffffffffff
N??CA?_cAWKGEO@gU??	46	7ffffffff7ff
N??CA?_cAWKGEO@gQO?	46	fffffffdefff
N??CA?_cAWKGEO@gDO?	46	3ffffffffffcc
N??CA?_cAWKGEO@gBO?	46	3fffffffffff
N??CA?_cAWKGEO@g@o?	46	3effffffffb7e
N??CA?_cAWKGEO@gQC?	46	3fffffffffff
N??CA?_cAWKGEO@g@c?	46	37ff6fdff9f0fb52
N??CA?_cAWKGEO@gSA?	46	7ffffffdffff
N??CA?_cAWKGEO@gQA?	46	fffffffdf7ff
N??CA?_cAWKGEO@gPA?	46	fffffffdf7ff
N??CA?_cAWKGEO@gOa?	46	3fffffffffff
N??CA?_cAWKGEO@gCQ?	46	3fffffffffff
N??CA?_cAWKGEO@gAQ?	46	ffffffff7f7f
N??CA?_cAWKGEO@g?q?	46	3fffffffffff
N??CA?_cAWKGEO@gOE?	46	3fffffffffff
N??CA?_cAWKGEO@g?U?	46	3fffffffffff
N??CA?_cAWKGBOCgPA?	46	fffffdefce7ff
N??CA?_cAWKGCoBGU??	46	7ffffffffffd
N??CA?_cAWKGCoBGT??	46	7ffffffffeff
N??CA?_cAWKGCoBGR??	46	3fffffffffff
N??CA?_cAWKGCoBGF??	46	3ffffdefdefff
N??CA?_cAWKGCoBGEC?	46	3fffffff0ffff
N??CA?_cAWKGCoBGOS?	46	3fffffffffff
N??CA?_cAWKGCoBGAS?	46	3fffffffffff
N??CA?_cAWKGCoBGSA?	46	7fffffffefff
N??CA?_cAWKGCoBGPA?	46	3fffffffffff
N??CA?_cAWKGCoBGOE?	46	3fffffffffff
N??CA?_cAWKGcGB_F??	46	3fffffffffff
N??CA?_cAWKGcGB_EO?	46	7ffffffffffe
N??CA?_cAWKGcGB_@o?	46	3ffff7dfdf7ff
N??CA?_cAWKGcGB_EG?	46	7ffffffffffe
N??CA?_cAWKGcGB_BG?	46	3fffffffffff
N??CA?_cAWKGcGB_@g?	46	3ffff7dfdf7ff
N??CA?_cAWKGcGB_BC?	46	3fffffffffff
N??CA?_cAWKGcGB_AK?	46	7ffffffff7ff
N??CA?_cAWKGcGB_?[?	46	3fffffffffff
N??CA?_cAWKGcGB_EA?	46	fffdf7ffff77c
N??CA?_cAWKGcGB_DA?	46	3fffffffffff
N??CA?_cAWKGcGB_CQ?	46	7ffffffff7ff
N??CA?_cAWKGcGB_CI?	46	7ffffffff7ff
N??CA?_cAWKGcGB_AI?	46	7ffffffff7ff
N??CA?_cAWKGcGB_@I?	46	3fffffffffff
N??CA?_cAWKGcGB_@E?	46	3fffffffffff
N??CA?_cAWKGcGB_?U?	46	fffffbbfce7ff
N??CA?_cAWKGcGB_?M?	46	7ffffffdffff
N??CA?_cAWKGKGB_R??	46	3fffffffffff
N??CA?_cAWKGKGB_QO?	46	ffff7dfffeefa
N??CA?_cAWKGKGB_QG?	46	7ffffffffffe
N??CA?_cAWKGKGB_@g?	46	3defbfffdea94fcc
N??CA?_cAWKGKGB_?[?	46	3ffffffffffcc
N??CA?_cAWKGKGB_PA?	46	3bffbffffff7d
N??CA?_cAWKGKGB_OQ?	46	fbffbfffff77c
N??CA?_cAWKGKGB_OI?	46	7ffffffff7ff
N??CA?_cAWKGaGD_E_?	46	3fffffffffff
N??CA?_cAWKGaGD_D_?	46	7ffffffffffb
N??CA?_cAWKGaGD_EO?	46	7ffffffffffe
N??CA?_cAWKGaGD_EG?	46	3fffffffffff
N??CA?_cAWKGaGD_BC?	46	3fffffffffff
N??CA?_cAWKGaGD_Ac?	46	3fffffffffff
N??CA?_cAWKGaGD_?s?	46	3fffffffffff
N??CA?_cAWKGaGD_AK?	46	3fffffffffff
N??CA?_cAWKGaGD_DA?	46	7ffffffffffe
N??CA?_cAWKGaGD_Ca?	46	3fffffffffff
N??CA?_cAWKGaGD_@a?	46	3fffffff0ffff
N??CA?_cAWKGaGD_CQ?	46	7ffffffff7ff
N??CA?_cAWKGaGD_CI?	46	7fffffffff7f
N??CA?_cAWKGaGD_AI?	46	3fffffffffff
N??CA?_cAWKGaGD_@I?	46	7ffffffff7ff
N??CA?_cAWKGaGD_?i?	46	3fffffffffff
N??CA?_cAWKGaGD_CE?	46	ffffffffef7f
N??CA?_cAWKGaGD_AE?	46	ffffffffe7ff
N??CA?_cAWKGaGD_@E?	46	7ffffffff7ff
N??CA?_cAWKGaGD_?e?	46	3fffffffffff
N??CA?_cAWKGaGD_?U?	46	fffffffdf7ff
N??CA?_cAWKGaGD_?M?	46	7ffffffeffff
N??CA?_cAWKGEG@gU??	46	7ffffffffffd
N??CA?_cAWKGEG@gSA?	46	7fffffffefff
N??CA?_cAWKGEG@gOI?	46	3fffffffffff
N??CA?_cAWKGBGE_S_?	46	7ffffffffffb
N??CA?_cAWKGBGE_Q_?	46	3ffff7dfdf7ff
N??CA?_cAWKGBGE_E_?	46	3ffffbbfeefff
N??CA?_cAWKGBGE_SO?	46	7ffffffff7ff
N??CA?_cAWKGBGE_EO?	46	7ffffffff7ff
N??CA?_cAWKGBGE_Ao?	46	3ffdffdfdff7f
N??CA?_cAWKGBGE_SG?	46	7ffffffffeff
N??CA?_cAWKGBGE_EG?	46	3ffffdefdefff
N??CA?_cAWKGBGE_AW?	46	3fffffffffff
N??CA?_cAWKGBGE_Ac?	46	3ffffdefdefff
N??CA?_cAWKGBGE_SA?	46	7ffffffeffff
N??CA?_cAWKGBGE_Oa?	46	3fffffff0ffff
N??CA?_cAWKGBGE_OI?	46	3fffffffffff
N??CA?_cAWKGBGE_OE?	46	3fffffffffff
N??CA?_cAWKGBGCgU??	46	7ffffffffffd
N??CA?_cAWKGBGCgSA?	46	7fffffffefff
N??CA?_cAWKGBGCgPA?	46	3fffffffffff
N??CA?_cAWKGBGCgOI?	46	3fffffffffff
N??CA?_cAWKGCWB_U??	46	7ffffffffffe
N??CA?_cAWKGCWB_R??	46	3fffffffffff
N??CA?_cAWKGCWB_B_?	46	3ffffdefdefff
N??CA?_cAWKGCWB_QO?	46	7fffffffefff
N??CA?_cAWKGCWB_@c?	46	37ff6fdff9f0fb52
N??CA?_cAWKGCWB_CS?	46	3ffffffffffcc
N??CA?_cAWKGCWB_AS?	46	3fffffffffff
N??CA?_cAWKGCWB_SA?	46	7ffffffff7ff
N??CA?_cAWKGCWB_PA?	46	3fffffffffff
N??CA?_cAWKGCWB_CQ?	46	3fffffffffff
N??CA?_cAWKGCWB_AQ?	46	7fffffffff7f
N??CA?_cAWKGCWB_OE?	46	7ffffffdffff
N??CA?_cAWKGAWD_U??	46	3fffffffffff
N??CA?_cAWKGAWD_S_?	46	7ffffffffeff
N??CA?_cAWKGAWD_E_?	46	3ffffdefdefff
N??CA?_cAWKGAWD_B_?	46	3ffffdefdefff
N??CA?_cAWKGAWD_EO?	46	3fffffffffff
N??CA?_cAWKGAWD_SA?	46	7fffffffff7f
N??CA?_cAWKGAWD_PA?	46	7ffffffff7ff
N??CA?_cAWKGAWD_OE?	46	7ffffffeffff
N??CA?_cAWIGi?@gF??	46	7ffffffffffd
N??CA?_cAWIGi?@gE_?	46	3fffffffffff
N??CA?_cAWIGi?@gB_?	46	3fffffffffff
N??CA?_cAWIGi?@gEO?	46	7ffffffffffe
N??CA?_cAWIGi?@gEG?	46	7ffffffff7ff
N??CA?_cAWIGi?@gCW?	46	3fffffffffff
N??CA?_cAWIGi?@gAW?	46	3fffffffffff
N??CA?_cAWIGi?@gBC?	46	3fffffffffff
N??CA?_cAWIGi?@gAc?	46	3fffffffffff
N??CA?_cAWIGi?@gAS?	46	7ffffffff7ff
N??CA?_cAWIGi?@gCK?	46	3fffffffffff
N??CA?_cAWIGi?@gAK?	46	3fffffffffff
N??CA?_cAWIGi?@gEA?	46	ffffffffeffd
N??CA?_cAWIGi?@gCa?	46	3fffffffffff
N??CA?_cAWIGi?@g@a?	46	3fffffffffff
N??CA?_cAWIGi?@gCI?	46	7ffffffdffff
N??CA?_cAWIGi?@gCE?	46	ffffffffe7ff
N??CA?_cAWIGi?@g@E?	46	3fffffffffff
N??CA?_cAWIGi?@g?e?	46	3fffffffffff
N??CA?_cAWIGi?@g?U?	46	fffffffdff7f
N??CA?_cAWIGi?@g?M?	46	3fffffffffff
N??CA?_cAWIGM?@gSO?	46	7ffffffffffe
N??CA?_cAWIGM?@gPO?	46	3fffffffffff
N??CA?_cAWIGM?@gOo?	46	3fffffffffff
N??CA?_cAWIGM?@g@g?	46	3ffffdefdefff
N??CA?_cAWIGM?@gCW?	46	3fffffffffff
N??CA?_cAWIGM?@g@W?	46	3fffffffffff
N??CA?_cAWIGM?@gOS?	46	fffffffff6ff
N??CA?_cAWIGM?@g?s?	46	3fffffffffff
N??CA?_cAWIGM?@g?k?	46	3fffffff0ffff
N??CA?_cAWIGM?@g?[?	46	3fffffffffff
N??CA?_cAWIGM?@gPA?	46	ffffffffe7ff
N??CA?_cAWIGM?@gOa?	46	3fffffffffff
N??CA?_cAWIGM?@g@Q?	46	3fffffffffff
N??CA?_cAWIGM?@g?q?	46	3fffffffffff
N??CA?_cAWIGM?@gCI?	46	fffffffdefff
N??CA?_cAWIGM?@g?Y?	46	3fffffffffff
N??CA?_cAWIGM?@gOE?	46	7fffffffefff
N??CA?_cAWIGM?@g?e?	46	3fffffffffff
N??CA?_cAWIGM?@g?U?	46	7ffffffdffff
N??CA?_cAWIGJ?Gg@g?	46	3defbfffdea94fcc
N??CA?_cAWIGJ?GgOK?	46	3fffffffffff
N??CA?_cAWIGJ?GgPA?	46	3fffffffffff
N??CA?_cAWIGJ?GgOI?	46	effefffffeefa
N??CA?_cAWIGJ?AgU??	46	3fffffffffff
N??CA?_cAWIGJ?AgQ_?	46	3fffffffffff
N??CA?_cAWIGJ?AgQO?	46	3fffffffffff
N??CA?_cAWIGJ?AgAW?	46	3fffffffffff
N??CA?_cAWIGJ?Ag?w?	46	3effffffffb7e
N??CA?_cAWIGJ?AgQC?	46	3fffffffffff
N??CA?_cAWIGJ?Ag?k?	46	37ff6fdff9f0fb52
N??CA?_cAWIGJ?AgSA?	46	3fffffffffff
N??CA?_cAWIGJ?AgQA?	46	3fffffffffff
N??CA?_cAWIGJ?AgOa?	46	3fffffffffff
N??CA?_cAWIGJ?AgAQ?	46	3fffffffffff
N??CA?_cAWIGJ?Ag?q?	46	3fffffffffff
N??CA?_cAWIGJ?AgOI?	46	3fffffffffff
N??CA?_cAWIGJ?AgOE?	46	3fffffffffff
N??CA?_cAWIGJ?AgAE?	46	3fffffffffff
N??CA?_cAWIGJ?Ag?e?	46	3fffffffffff
N??CA?_cAWIGg_BGF??	46	3fffffffffff
N??CA?_cAWIGg_BGB_?	46	3fefedefe76634fe
N??CA?_cAWIGg_BGEO?	46	fffdf7ffff77c
N??CA?_cAWIGg_BGEG?	46	7ffffffffffd
N??CA?_cAWIGg_BGDG?	46	3effffffffb7e
N??CA?_cAWIGg_BGAW?	46	ffffffff0e7ff
N??CA?_cAWIGg_BGBC?	46	2fffff7ff7ffb
N??CA?_cAWIGg_BGCS?	46	ffffffff0e7ff
N??CA?_cAWIGg_BGAK?	46	2ffeffffffefb
N??CA?_cAWIGg_BG?[?	46	3fffffffffff
N??CA?_cAWIGg_BGDA?	46	3fffffffffff
N??CA?_cAWIGg_BG@a?	46	3ffffdefdefff
N??CA?_cAWIGg_BGCQ?	46	ffffffff0e7ff
N??CA?_cAWIGg_BGCI?	46	7fffffffefff
N??CA?_cAWIGg_BGCE?	46	ffffffff0e7ff
N??CA?_cAWIGg_BG@E?	46	3fffffffffff
N??CA?_cAWIGg_BG?U?	46	fffeff7fd7e7f
N??CA?_cAWIGg_BG?M?	46	3fffffffffff
N??CA?_cAWIGK_BGT??	46	3fffffffffff
N??CA?_cAWIGK_BGPO?	46	3fffffffffff
N??CA?_cAWIGK_BGDO?	46	3fffffffffff
N??CA?_cAWIGK_BGDG?	46	3ffffdefdefff
N??CA?_cAWIGK_BG@g?	46	3ffffdefdefff
N??CA?_cAWIGK_BG?[?	46	3fffffffffff
N??CA?_cAWIGK_BGPA?	46	3fffffffffff
N??CA?_cAWIGK_BGDA?	46	3fffffffffff
N??CA?_cAWIGK_BGCQ?	46	ffffffff0e7ff
N??CA?_cAWIGK_BG@Q?	46	3fffffffffff
N??CA?_cAWIGK_BG?Y?	46	fffeff7fd7e7f
N??CA?_cAWIGK_BGOE?	46	7fffffffefff
N??CA?_cAWIGI_@gU??	46	7ffffffffffe
N??CA?_cAWIGI_@gR??	46	3fffffffffff
N??CA?_cAWIGI_@gF??	46	3fffffffffff
N??CA?_cAWIGI_@gQG?	46	7fffffffefff
N??CA?_cAWIGI_@gEG?	46	3fffffffffff
N??CA?_cAWIGI_@gBG?	46	3fffffffffff
N??CA?_cAWIGI_@gSA?	46	ffffffffe7ff
N??CA?_cAWIGI_@gOI?	46	7ffffffff7ff
N??CA?_cAWIGI_@gCI?	46	3fffffffffff
N??CA?_cAWIGI_@gAI?	46	7fffffffff7f
N??CA?_cAWIGE_HGDO?	46	3fffffffffff
N??CA?_cAWIGE_HGCW?	46	3fffffffffff
N??CA?_cAWIGE_HGCK?	46	3fffffff0ffff
N??CA?_cAWIGE_HGSA?	46	ffffffffff7d
N??CA?_cAWIGE_HGDA?	46	3fffffffffff
N??CA?_cAWIGB_IGU??	46	3fffffffffff
N??CA?_cAWIGB_IGCc?	46	3defbfffdea94fcc
N??CA?_cAWIGB_IGSA?	46	ffffffffeeff
N??CA?_cAWIGB_IGCa?	46	3fffffffffff
N??CA?_cAWIGB_GgU??	46	7ffffffffffe
N??CA?_cAWIGB_GgD_?	46	2ffdeff7fe70fccc
N??CA?_cAWIGB_GgEG?	46	7fffffff7fff
N??CA?_cAWIGB_GgSA?	46	ffffffff0e7ff
N??CA?_cAWIGIO@gU??	46	7ffffffff7ff
N??CA?_cAWIGIO@gSO?	46	3fffffffffff
N??CA?_cAWIGIO@gQO?	46	fffffffdefff
N??CA?_cAWIGIO@gEO?	46	3fffffffffff
N??CA?_cAWIGIO@gDO?	46	3ffffffffffcc
N??CA?_cAWIGIO@gBO?	46	3fffffffffff
N??CA?_cAWIGIO@gAo?	46	3fffffffffff
N??CA?_cAWIGIO@g@o?	46	3effffffffb7e
N??CA?_cAWIGIO@gSC?	46	3fffffffffff
N??CA?_cAWIGIO@gQC?	46	3fffffffffff
N??CA?_cAWIGIO@g@c?	46	37ff6fdff9f0fb52
N??CA?_cAWIGIO@gOS?	46	ffffffff7f7f
N??CA?_cAWIGIO@gAS?	46	3fffffffffff
N??CA?_cAWIGIO@g?s?	46	3effffffffb7e
N??CA?_cAWIGIO@gSA?	46	7ffffffdffff
N??CA?_cAWIGIO@gPA?	46	fffffffdf7ff
N??CA?_cAWIGIO@gOa?	46	3fffffffffff
N??CA?_cAWIGIO@gCQ?	46	3fffffffffff
N??CA?_cAWIGIO@gAQ?	46	ffffffff7f7f
N??CA?_cAWIGIO@gOE?	46	3fffffffffff
N??CA?_cAWIGIO@g?U?	46	3fffffffffff
N??CA?_cAWIGGoBGU??	46	7ffffffffffd
N??CA?_cAWIGGoBGT??	46	3fffffffffff
N??CA?_cAWIGGoBGD_?	46	3defbfffdea94fcc
N??CA?_cAWIGGoBGQO?	46	ffffffff0e7ff
N??CA?_cAWIGGoBGDO?	46	3ffffffffffcc
N??CA?_cAWIGGoBGBO?	46	3fffffffffff
N??CA?_cAWIGGoBG@o?	46	3effffffffb7e
N??CA?_cAWIGGoBGQC?	46	3fffffffffff
N??CA?_cAWIGGoBGEC?	46	3fffffff0ffff
N??CA?_cAWIGGoBGOS?	46	3fffffffffff
N??CA?_cAWIGGoBGSA?	46	7fffffffefff
N??CA?_cAWIGGoBGPA?	46	3fffffffffff
N??CA?_cAWIGGoBGOQ?	46	fffffbbfce7ff
N??CA?_cAWIGGoBGAQ?	46	fffeff7fd7e7f
N??CA?_cAWIGGoBGOE?	46	3fffffffffff
N??CA?_cAWIGGoBG?U?	46	3fffffffffff
N??CA?_cAWIGAoHGU??	46	3fffffffffff
N??CA?_cAWIGAoHGF??	46	3ffffdefdefff
N??CA?_cAWIGAoHGD_?	46	3defbfffdea94fcc
N??CA?_cAWIGAoHGSO?	46	3fffffffffff
N??CA?_cAWIGAoHGDO?	46	3ffffffffffcc
N??CA?_cAWIGAoHGSC?	46	fffffffdf7ff
N??CA?_cAWIGAoHGSA?	46	ffffffff7ffd
N??CA?_cAWIGAoHGCQ?	46	3fffffffffff
N??CA?_cAWIGgGB_F??	46	7ffffffeffff
N??CA?_cAWIGgGB_D_?	46	fffffdefce7ff
N??CA?_cAWIGgGB_EO?	46	7ffffffffffe
N??CA?_cAWIGgGB_EG?	46	fffffffdfffe
N??CA?_cAWIGgGB_DG?	46	fffffffdf7ff
N??CA?_cAWIGgGB_CW?	46	3fffffffffff
N??CA?_cAWIGgGB_EC?	46	fffdf7ffff77c
N??CA?_cAWIGgGB_DA?	46	3fffffffffff
N??CA?_cAWIGgGB_CQ?	46	ffffffff0e7ff
N??CA?_cAWIGgGB_CI?	46	7ffffffff7ff
N??CA?_cAWIGKGB_T??	46	7ffffffdffff
N??CA?_cAWIGKGB_D_?	46	fffffbbfce7ff
N??CA?_cAWIGKGB_SO?	46	fffffffdfffe
N??CA?_cAWIGKGB_DG?	46	3ffffdefdefff
N??CA?_cAWIGKGB_CW?	46	3fffffffffff
N??CA?_cAWIGKGB_CI?	46	ffffffff0e7ff
N??CA?_cAWIGGWB_U??	46	7ffffffffffe
N??CA?_cAWIGGWB_T??	46	3fffffffffff
N??CA?_cAWIGGWB_SO?	46	7fffffff7fff
N??CA?_cAWIGGWB_EO?	46	3fffffffffff
N??CA?_cAWIGGWB_CS?	46	3ffffffffffcc
N??CA?_cAWIGGWB_SA?	46	ffffffff77ff
N??CA?_cAWIGIC@gU??	46	ffffffffeffd
N??CA?_cAWIGIC@gT??	46	7fffffffefff
N??CA?_cAWIGIC@gR??	46	ffffffffe7ff
N??CA?_cAWIGIC@gF??	46	fffffffeefff
N??CA?_cAWIGIC@gS_?	46	3fffffffffff
N??CA?_cAWIGIC@gQ_?	46	3fffffffffff
N??CA?_cAWIGIC@gP_?	46	3fffffffffff
N??CA?_cAWIGIC@gDO?	46	3fffffffffff
N??CA?_cAWIGIC@gCo?	46	3fffffffffff
N??CA?_cAWIGIC@g@o?	46	3fffffffffff
N??CA?_cAWIGIC@gSG?	46	7ffffffdffff
N??CA?_cAWIGIC@gEG?	46	fffffffdefff
N??CA?_cAWIGIC@g@g?	46	3fffffffffff
N??CA?_cAWIGIC@gCW?	46	3fffffffffff
N??CA?_cAWIGIC@gAW?	46	3fffffffffff
N??CA?_cAWIGIC@gQC?	46	7fffffffefff
N??CA?_cAWIGIC@gPC?	46	3fffffffffff
N??CA?_cAWIGIC@gAc?	46	3fffffffffff
N??CA?_cAWIGIC@g@c?	46	3fffffffffff
N??CA?_cAWIGIC@gOS?	46	fffffffdff7f
N??CA?_cAWIGIC@g?s?	46	3fffffffffff
N??CA?_cAWIGIC@gOK?	46	3fffffffffff
N??CA?_cAWIGIC@g?[?	46	3fffffffffff
N??CA?_cAWIGGcBGT??	46	3fffffffffff
N??CA?_cAWIGGcBGR??	46	3fffffffffff
N??CA?_cAWIGGcBGF??	46	3fffffffffff
N??CA?_cAWIGGcBGP_?	46	3fffffffffff
N??CA?_cAWIGGcBGD_?	46	37fffbfffeffb
N??CA?_cAWIGGcBGDO?	46	3fffffffffff
N??CA?_cAWIGGcBG@o?	46	3fffffffffff
N??CA?_cAWIGGcBGSG?	46	7fffffffefff
N??CA?_cAWIGGcBG@g?	46	3fdffffffb7fe
N??CA?_cAWIGGcBGCW?	46	7ffffffdffff
N??CA?_cAWIGGcBGAW?	46	fffeff7fd7e7f
N??CA?_cAWIGGcBGSC?	46	ffffffff0e7ff
N??CA?_cAWIGGcBGQC?	46	7fffffffefff
N??CA?_cAWIGGcBGPC?	46	3fffffffffff
N??CA?_cAWIGGcBGOS?	46	fffeff7fd7e7f
N??CA?_cAWIGGcBGCS?	46	fffeff7fd7e7f
N??CA?_cAWIGGcBG@S?	46	3fffffffffff
N??CA?_cAWIGGcBGOK?	46	3fffffffffff
N??CA?_cAWIGGcBG?[?	46	3fffffffffff
N??CA?_cAWIGAcHGU??	46	ffffffffff7d
N??CA?_cAWIGAcHGF??	46	3fffffffffff
N??CA?_cAWIGAcHGS_?	46	fffffffeefff
N??CA?_cAWIGAcHGDO?	46	3fffffffffff
N??CA?_cAWIGAcHGCo?	46	fffffffdfeff
N??CA?_cAWIGAcHGSG?	46	3fffffffffff
N??CA?_cAWIGAcHGCW?	46	3fffffffffff
N??CA?_cAWIGAcHGSC?	46	ffffffffe7ff
N??CA?_cAWIGAcHGCS?	46	fffffffdff7f
N??CA?_cAWIGGKB_U??	46	fffdf7ffff77c
N??CA?_cAWIGGKB_T??	46	3fffffffffff
N??CA?_cAWIGGKB_F??	46	3fffffffffff
N??CA?_cAWIGGKB_D_?	46	3fffffffcfefb
N??CA?_cAWIGGKB_DO?	46	fffffffffefb
N??CA?_cAWIGGKB_SG?	46	7ffffffff7ff
N??CA?_cAWIGGKB_EG?	46	ffffffff0e7ff
N??CA?_cAWIGGKB_CW?	46	7ffffffffffb
N??CA?_cAWIGGKB_SC?	46	ffffffff0e7ff
N??CA?_cAWIGGKB_CS?	46	fffeff7fd7e7f
N??CA?_cAW@gM?OgSO?	46	3fffffffffff
N??CA?_cAW@gM?OgQO?	46	7fffffff7fff
N??CA?_cAW@gM?OgQC?	46	3fffffffffff
N??CA?_cAW@gM?OgSA?	46	7ffffffffeff
N??CA?_cAW@gM?OgOa?	46	3fffffffffff
N??CA?_cAW@gM?OgAQ?	46	7ffffffffffb
N??CA?_cAW@gM?OgOI?	46	3fffffffffff
N??CA?_cAW@gM?Og?i?	46	3fffffffffff
N??CA?_cAW@gM?OgOE?	46	7ffffffffffd
N??CA?_cAW@gM?Cg[??	46	3fffffffffff
N??CA?_cAW@gM?CgK_?	46	7ff7fbbfeefff
N??CA?_cAW@gM?CgWO?	46	3fffffffffff
N??CA?_cAW@gM?CgKO?	46	3fffffffffff
N??CA?_cAW@gM?CgGo?	46	3fffffffffff
N??CA?_cAW@gM?CgCo?	46	3fffffffffff
N??CA?_cAW@gM?CgKC?	46	3ffffdefdefff
N??CA?_cAW@gM?CgGc?	46	3ffffdefdefff
N??CA?_cAW@gM?CgWA?	46	3fffffffffff
N??CA?_cAW@gM?CgKA?	46	3fffffffffff
N??CA?_cAW@gM?CgGa?	46	3fffffffffff
N??CA?_cAW@gM?CgGQ?	46	3fffffffffff
N??CA?_cAW@gM?Cg?q?	46	3fffffffffff
N??CA?_cAW@gM?@g[??	46	3fffffffffff
N??CA?_cAW@gM?@gY??	46	3fffffffffff
N??CA?_cAW@gM?@gU??	46	7ffffffeffff
N??CA?_cAW@gM?@gM??	46	3ffffbbfeefff
N??CA?_cAW@gM?@gKO?	46	3ffffffffffcc
N??CA?_cAW@gM?@gQO?	46	7ffffffeffff
N??CA?_cAW@gM?@gIO?	46	3fffffffffff
N??CA?_cAW@gM?@gWC?	46	3fffffffffff
N??CA?_cAW@gM?@gQC?	46	3fffffffffff
N??CA?_cAW@gM?@gWA?	46	3fffffffffff
N??CA?_cAW@gM?@gSA?	46	7fffffffefff
N??CA?_cAW@gM??k[??	46	3fffffffffff
N??CA?_cAW@gM??kY??	46	3fffffffffff
N??CA?_cAW@gM??kM??	46	3fffffffffff
N??CA?_cAW@gM??kW_?	46	fffffffff7fd
N??CA?_cAW@gM??kS_?	46	3fffffffffff
N??CA?_cAW@gM??kK_?	46	37fffbfffeffb
N??CA?_cAW@gM??kWO?	46	7ffffffffffb
N??CA?_cAW@gM??kKO?	46	3fffffffffff
N??CA?_cAW@gM??kIO?	46	3fffffffffff
N??CA?_cAW@gM??kGo?	46	fffffffff77f
N??CA?_cAW@gM??kCo?	46	3fffffffffff
N??CA?_cAW@gM??kWC?	46	7ffffffffffd
N??CA?_cAW@gM??kIC?	46	3fffffffffff
N??CA?_cAW@gM??kOc?	46	7ffffffff7ff
N??CA?_cAW@gM??kGc?	46	7fffffffefff
N??CA?_cAW@gM??kGS?	46	7ffffffffffe
N??CA?_cAW@gF?Gg[??	46	3ffffdefdefff
N??CA?_cAW@gF?GgM??	46	3fefebfbbba64b7e
N??CA?_cAW@gF?GgKO?	46	2ffdeff7fe70fccc
N??CA?_cAW@gE_gGM??	46	7ffffffeffff
N??CA?_cAW@gE_gGK_?	46	3fffffffef7fa
N??CA?_cAW@gE_gGE_?	46	7ffffffeffff
N??CA?_cAW@gE_gGKO?	46	3fffffffffff
N??CA?_cAW@gE_gGCo?	46	3fffffffffff
N??CA?_cAW@gE_gGKC?	46	7ffffffffeff
N??CA?_cAW@gE_gGKA?	46	7ffffffffeff
N??CA?_cAW@gE_gGCa?	46	7fffffffefff
N??CA?_cAW@gE_WGSO?	46	3fffffffffff
N??CA?_cAW@gE_WGEO?	46	3fffffffffff
N??CA?_cAW@gE_WGSA?	46	7ffffffffeff
N??CA?_cAW@gE_KGS_?	46	3fffffffffff
N??CA?_cAW@gE_KGK_?	46	7fbffbbfeefff
N??CA?_cAW@gE_KGKO?	46	3fffffffffff
N??CA?_cAW@gE_KGCo?	46	3fffffffffff
N??CA?_cAW@gE_KGKA?	46	3fffffffffff
N??CA?_cAW@gIGK_Y??	46	3fffffffffff
N??CA?_cAW@gIGK_WC?	46	7ffffffffeff
N??CA?_cAW@gIGK_IC?	46	3ffffdefdefff
N??CA?_cAW@gIGK_WA?	46	7ffffffffeff
N??CA?_cAW@gIGK_Oa?	46	7fffffffefff
N??CA?_cAW@gIGD_[??	46	7ffffffffffb
N??CA?_cAW@gIGD_U??	46	3fffffffffff
N??CA?_cAW@gIGD_M??	46	3ffffbbfeefff
N??CA?_cAW@gIGD_EO?	46	3fffffffffff
N??CA?_cAW@gIGD_SA?	46	7fffffffefff
N??CA?_cAWKCM?@oQO?	46	ffffffff6fff
N??CA?_cAWKCM?@oOa?	46	7ffffffffffb
N??CA?_cAWKCM?@oOQ?	46	ffffffffff7b
N??CA?_cAWKCM?@oOI?	46	7ffffffffffb
N??CA?_cAWKCM?@o?Y?	46	7fffffffefff
N??CA?_cAWKCM?@oOE?	46	7ffffffdffff
N??CA?_cAWKCK_BOR??	46	3fffffffffff
N??CA?_cAWKCK_BOPA?	46	7ffffffffeff
N??CA?_cAWKCK_BOOI?	46	7fffffff7fff
N??CA?_cAWKCKOB_R??	46	3fffffffffff
N??CA?_cAWKCKOB_QO?	46	fffffffdfffb
N??CA?_cAWKCKOB_?[?	46	3ffffffffffcc
N??CA?_cAWKCKOB_PA?	46	7fffffff7fff
N??CA?_cAWKCKOB_OQ?	46	ffffffff7ffe
N??CA?_cAWKCKOB_OI?	46	7ffffffff7ff
N??CA?_cAWKCKOB_?Y?	46	3fffffffffff
N??CA?_cAWKCKOB_OE?	46	7ffffffff7ff
N??CA?_cAWKCKOB_?U?	46	3fffffffffff
N??CA?_cBAM?BGB_AW?	46	7ffffffff7ff
N??CA?_cBAM?BGB_?[?	46	3ffffffffffcc
N??CA?_cBAM?BGB_PA?	46	2ffeffffffefb
N??CA?_cBAM?BGB_OQ?	46	effefffffeefa
N??CA?_cBAM?BGB_AQ?	46	effefffffeefa
N??CA?_cBAM?BGB_@Q?	46	37fffbfffeffb
N??CA?_cBAM?BGB_OI?	46	ffffffff0e7ff
N??CA?_cBAL?F?@gQO?	46	fbfffffbe7ff9
N??CA?_cBAL?F?@gQA?	46	effefffffeefa
N??CA?_cBAL?F?@gPA?	46	ffffffffeffe
N??CA?_cBAL?F?@gOa?	46	37fffbfffeffb
N??CA?_cBAL?F?@gOI?	46	fffffffdfffe
N??CA?_cBAL?BGD_PA?	46	7ffffffffffe
N??CA?_cBAL?BGD_OI?	46	ffffffffef7f
N??CA?_cBAHCd?B_F??	46	7ffffffffffb
N??CA?_cBAHCd?B_E_?	46	7fffffffff7f
N??CA?_cBAHCd?B_EO?	46	7fffffffff7f
N??CA?_cBAHCd?B_EG?	46	ffffffffeffe
N??CA?_cBAHCd?B_BG?	46	7fffffffefff
N??CA?_cBAHCd?B_AW?	46	3fffffffffff
N??CA?_cBAHCd?B_EC?	46	ffffffffeffe
N??CA?_cBAHCd?B_BC?	46	7fffffffefff
N??CA?_cBAHCd?B_Ac?	46	3fffffffffff
N??CA?_cBAHCd?B_AS?	46	3fffffffffff
N??CA?_cBAHCd?B_?s?	46	3fffffffffff
N??CA?_cBAHCL?B_QO?	46	ffffffffff7b
N??CA?_cBAHCL?B_QG?	46	7ffffffffffe
N??CA?_cBAHCL?B_OK?	46	7ffffffff7ff
N??CA?_cBAHCL?B_QA?	46	ffffffff7ffe
N??CA?_cBAHCL?B_PA?	46	7ffffffffffe
N??CA?_cBAHCL?B_Oa?	46	7ffffffeffff
N??CA?_cBAHCL?B_OQ?	46	fffffffefffe
N??CA?_cBAHCL?B_AQ?	46	fffffffefffe
N??CA?_cBAHCL?B_OI?	46	7ffffffff7ff
N??CA?_cBAHCL?B_?Y?	46	3fffffffffff
N??CA?_cBAHCL?B_OE?	46	7ffffffff7ff
N??CA?_cBAHCL?B_?U?	46	3fffffffffff
N??CA?_cBAHCJ?D_QG?	46	3fffffffffff
N??CA?_cBAHCJ?D_QC?	46	3fffffffffff
N??CA?_cBAHCJ?D_PA?	46	7ffffffffffe
N??CA?_cBAHCJ?D_OI?	46	7fffffffff7f
N??CA?_cBAHCJ?D_OE?	46	7fffffffff7f
N??CA?_cBAHCDGB_QO?	46	7fffffffefff
N??CA?_cBAHCDGB_SG?	46	7ffffffff7ff
N??CA?_cBAHCDGB_Cg?	46	2ffdeff7fe70fccc
N??CA?_cBAHCDGB_SA?	46	7ffffffff7ff
N??CA?_cBAHCDGB_PA?	46	7ffffffff7ff
N??CA?_cBAHCDGB_Oa?	46	3fffffffffff
N??CA?_cBAHCDGB_OQ?	46	7ffffffff7ff
N??CA?_cBAHCDGB_CQ?	46	3fffffffffff
N??CA?_cBAHCDGB_OI?	46	7ffffffdffff
N??CA?_ECoM?AWP_?s?	46	3fffffffffff
N??CA?_ECoJ?H_@W[??	46	7fffffffff7f
N??CA?_ECoJ?H_@WCo?	46	2ffdeff7fe70fccc
N??CA?_ECoJ?H_@WSG?	46	3fffffffffff
N??CA?_ECoJ?H_@WCg?	46	3defbfffdea94fcc
N??CA?_ECoJ?H_@WCW?	46	3ffffffffffcc
N??CA?_ECoJ?H_@W?w?	46	3ffffffffffcc
N??CA?_ECoJ?H_@WCS?	46	3defbfffdea94fcc
N??CA?_ECoJ?H_@WWA?	46	3fffffffef7fa
N??CA?_ECoJ?H_@WSA?	46	fffffffeefff
N??CA?_ECoJ?H_@WKA?	46	7ffffffeffff
N??CA?_ECoJ?H_@WGQ?	46	3fffffffdef7e
N??CA?_ECoJ?H_@WCQ?	46	fffffffdfeff
N??CA?_ECoJ?H_@W?q?	46	3fffffffffff
N??CA?_ECoJ?H_@WCI?	46	3fffffffffff
N??CA?_ECoJ?H_@W?Y?	46	7ffffffdffff
N??CA?_ECoJ?HG@o[??	46	ffffffffeffe
N??CA?_ECoJ?HG@oKO?	46	3fffffffffff
N??CA?_ECoJ?HG@oCo?	46	2ffdeff7fe70fccc
N??CA?_ECoJ?HG@oCW?	46	3ffffffffffcc
N??CA?_ECoJ?HG@oSA?	46	3ffffffffe67f
N??CA?_ECoJ?HG@oCa?	46	3fffffffcfefb
N??CA?_ECoJ?HG@oCQ?	46	3fffffffffff
N??CA?_ECoJ?GgHO?w?	46	3ffffffffffcc
N??CA?_EC_{?B_@WJ??	46	fffffffef7ff
N??CA?_EC_{?B_@WIO?	46	fffffffdf7ff
N??CA?_EC_{?B_@WBO?	46	3fffffffdef7e
N??CA?_EC_{?B_@WEG?	46	7ffffffff7ff
N??CA?_EC_{?B_@WDG?	46	3fffffffffff
N??CA?_EC_{?B_@WBG?	46	3fffffffffff
N??CA?_EC_{?B_@WGg?	46	7ffffffff7ff
N??CA?_EC_{?B_@WCg?	46	7ffffffff7ff
N??CA?_EC_{?B_@WGW?	46	3fffffffffff
N??CA?_EC_{?B_@WCW?	46	3fffffffffff
N??CA?_EC_{?B_@WAW?	46	3fffffffffff
N??CA?_EC_{?B_@WAK?	46	7ffffffdffff
N??CA?_EC_{?B_@W@K?	46	3fffffffffff
N??CA?_EC_{?B_@W?k?	46	7ffffffdffff
N??CA?_EC_{?B_@W?[?	46	3fffffffffff
N??CA?_EC_{?BO@gD_?	46	3fffffffffff
N??CA?_EC_{?BO@gB_?	46	3fffffffffff
N??CA?_EC_{?BO@gIO?	46	7ffffffff7ff
N??CA?_EC_{?BO@gEO?	46	ffffffffe7ff
N??CA?_EC_{?BO@gGo?	46	3fffffffffff
N??CA?_EC_{?BO@gCo?	46	3fffffffffff
N??CA?_EC_{?BO@gAo?	46	3fffffffffff
N??CA?_EC_{?BO@gEG?	46	7ffffffdffff
N??CA?_EC_{?BO@gDG?	46	7ffffffdffff
N??CA?_EC_{?BO@gCg?	46	3fffffffffff
N??CA?_EC_{?BO@g@g?	46	3fffffffffff
N??CA?_EC_{?BO@gGW?	46	3fffffffffff
N??CA?_EC_{?BO@gCW?	46	3fffffffffff
N??CA?_EC_{?BO@gAW?	46	3fffffffffff
N??CA?_EC_{?BO@g?w?	46	3fffffffffff
N??CA?_EC_{?BO@gIC?	46	7fffffffefff
N??CA?_EC_{?BO@gHC?	46	3fffffffffff
N??CA?_EC_{?BO@gBC?	46	3fffffffffff
N??CA?_EC_{?BO@gGc?	46	3fffffffffff
N??CA?_EC_{?BO@gGS?	46	fffffffd7fff
N??CA?_EC_{?BO@g@S?	46	3fffffffffff
N??CA?_EC_{?BO@gGK?	46	3fffffffffff
N??CA?_EC_{?BO@gCK?	46	3fffffffffff
N??CA?_EC_{?BO@gAK?	46	3fffffffffff
N??CA?_EC_{?BO@g@K?	46	3fffffffffff
N??CA?_EC_{?BO@g?k?	46	3fffffffffff
N??CA?_EC_{?BO@g?[?	46	3fffffffffff
N??CA?_EC_m?B_@W[??	46	fffffffefffe
N??CA?_EC_m?B_@WX??	46	fffffffef7ff
N??CA?_EC_m?B_@WWO?	46	fffffffdf7ff
N??CA?_EC_m?B_@WKO?	46	7ffffffdffff
N??CA?_EC_m?B_@WPO?	46	3fffffffdef7e
N??CA?_EC_m?B_@WHO?	46	fffffffdff7f
N??CA?_EC_m?B_@WSG?	46	7ffffffff7ff
N??CA?_EC_m?B_@WPG?	46	3fffffffffff
N??CA?_EC_m?B_@WDG?	46	3fffffffffff
N??CA?_EC_m?B_@WCg?	46	7fffffffff7f
N??CA?_EC_m?B_@WOW?	46	3fffffffffff
N??CA?_EC_m?B_@W@W?	46	3fffffffffff
N??CA?_EC_m?B_@WOK?	46	7ffffffdffff
N??CA?_EC_m?B_@W@K?	46	3fffffffffff
N??CA?_EC_m?B_@W?k?	46	7fffffff7fff
N??CA?_EC_m?B_@W?[?	46	3fffffffffff
N??CA?_EC_m?BO@g[??	46	ffffffffeffd
N??CA?_EC_m?BO@gX??	46	ffffffffe7ff
N??CA?_EC_m?BO@gT??	46	7fffffffefff
N??CA?_EC_m?BO@gH_?	46	3fffffffffff
N??CA?_EC_m?BO@gWO?	46	7ffffffff7ff
N??CA?_EC_m?BO@gSO?	46	ffffffffe7ff
N??CA?_EC_m?BO@gKO?	46	7ffffffff7ff
N??CA?_EC_m?BO@gHO?	46	3fffffffffff
N??CA?_EC_m?BO@gDO?	46	3fffffffffff
N??CA?_EC_m?BO@gOo?	46	3fffffffffff
N??CA?_EC_m?BO@gCo?	46	3fffffffffff
N??CA?_EC_m?BO@g@o?	46	3fffffffffff
N??CA?_EC_m?BO@gSG?	46	7ffffffdffff
N??CA?_EC_m?BO@gPG?	46	fffffffdff7f
N??CA?_EC_m?BO@gDG?	46	fffffffdefff
N??CA?_EC_m?BO@gOW?	46	3fffffffffff
N??CA?_EC_m?BO@g@W?	46	3fffffffffff
N??CA?_EC_m?BO@gWC?	46	7fffffffefff
N??CA?_EC_m?BO@gPC?	46	3fffffffffff
N??CA?_EC_m?BO@gHC?	46	3fffffffffff
N??CA?_EC_m?BO@gOc?	46	3fffffffffff
N??CA?_EC_m?BO@gGc?	46	3fffffffffff
N??CA?_EC_m?BO@gCc?	46	3fffffffffff
N??CA?_EC_m?BO@g@S?	46	3fffffffffff
N??CA?_EC_m?BO@gOK?	46	3fffffffffff
N??CA?_EC_m?BO@g@K?	46	3fffffffffff
N??CA?_EC_m?BO@g?k?	46	3fffffffffff
N??CA?_EC_m?BO@g?[?	46	3fffffffffff
N??CA?_EC_x?H_@WL??	46	7ffffffeffff
N??CA?_EC_x?H_@WK_?	46	3fffffffffff
N??CA?_EC_x?H_@WB_?	46	3fffffffffff
N??CA?_EC_x?H_@WKO?	46	7ffffffdffff
N??CA?_EC_x?H_@WEO?	46	fffffffdefff
N??CA?_EC_x?H_@WDO?	46	fffffffdefff
N??CA?_EC_x?H_@WAo?	46	3fffffffffff
N??CA?_EC_x?H_@WEG?	46	3fffffffffff
N??CA?_EC_x?H_@WBG?	46	3ffffffffe67f
N??CA?_EC_x?H_@WCg?	46	7bf7bffffff7d
N??CA?_EC_x?H_@WCW?	46	3fffffffffff
N??CA?_EC_x?H_@WAW?	46	7ffffffeffff
N??CA?_EC_x?H_@W?w?	46	3fffffffffff
N??CA?_EC_x?H_@WKC?	46	3fffffffffff
N??CA?_EC_x?H_@WHC?	46	7fffffffff7f
N??CA?_EC_x?H_@WGc?	46	3fffffffffff
N??CA?_EC_x?H_@W@c?	46	3fffffffffff
N??CA?_EC_x?H_@W?s?	46	3ffffffffffcc
N??CA?_EC_x?H_@WGK?	46	7fffffff7fff
N??CA?_EC_x?H_@WCK?	46	6ffaffffffefb
N??CA?_EC_x?H_@WAK?	46	7ffffffeffff
N??CA?_EC_x?H_@W?k?	46	7ffedf7ff7eff
N??CA?_EC_x?H_@W?[?	46	3fffffffffff
N??CA?_EC_x?@oHGL??	46	fffffffff77f
N??CA?_EC_x?@oHGK_?	46	7ffffffdffff
N??CA?_EC_x?@oHGD_?	46	fffffffdefff
N??CA?_EC_x?@oHGEO?	46	3fffffffffff
N??CA?_EC_x?@oHGCo?	46	6ffaffffffefb
N??CA?_EC_x?@oHGEG?	46	3fffffffffff
N??CA?_EC_x?@oHGCg?	46	7bf7bffffff7d
N??CA?_EC_x?@oHGCW?	46	3fffffffffff
N??CA?_EC_x?@oHGKC?	46	7ffffffdffff
N??CA?_EC_j?H_@W[??	46	7ffffffeffff
N??CA?_EC_j?H_@WX??	46	3fffffffef7fa
N??CA?_EC_j?H_@WT??	46	fffffffeefff
N??CA?_EC_j?H_@WL??	46	7ffffffeffff
N??CA?_EC_j?H_@WS_?	46	3ffffef7ef7ff
N??CA?_EC_j?H_@WSO?	46	fffffef7ce7ff
N??CA?_EC_j?H_@WHO?	46	3fffffffdef7e
N??CA?_EC_j?H_@WDO?	46	fffffffdfeff
N??CA?_EC_j?H_@WOo?	46	3ffff7dfdf7ff
N??CA?_EC_j?H_@W@o?	46	3fffffffffff
N??CA?_EC_j?H_@WSG?	46	3fffffffffff
N??CA?_EC_j?H_@WPG?	46	3ffffffffe67f
N??CA?_EC_j?H_@WDG?	46	3fffffffffff
N??CA?_EC_j?H_@WCg?	46	3ff8ffe76cfdf6e1
N??CA?_EC_j?H_@W@g?	46	3fffffffffff
N??CA?_EC_j?H_@WOW?	46	7ffffffeffff
N??CA?_EC_j?H_@WCW?	46	3ffffffffffe1
N??CA?_EC_j?H_@W@W?	46	7ffffffdffff
N??CA?_EC_j?H_@WWC?	46	7fffffffff7f
N??CA?_EC_j?H_@WPC?	46	7ffffffff7ff
N??CA?_EC_j?H_@WHC?	46	ffffffffe7ff
N??CA?_EC_j?H_@WCc?	46	3ff8ffe76cfdf6e1
N??CA?_EC_j?H_@W@S?	46	3fffffffffff
N??CA?_EC_j?H_@W?s?	46	3faeffff75e937d2
N??CA?_EC_j?H_@WOK?	46	7ffffffeffff
N??CA?_EC_j?H_@W@K?	46	fffffffdf7ff
N??CA?_EC_j?H_@W?k?	46	37ff6fdff9f0fb52
N??CA?_EC_j?H_@W?[?	46	3ffffffffffd2
N??CA?_EC_j?@oHG[??	46	fffffffff77f
N??CA?_EC_j?@oHGT??	46	3ffffffffe67f
N??CA?_EC_j?@oHGL??	46	3fffffffe777f
N??CA?_EC_j?@oHGS_?	46	fffffef7ce7ff
N??CA?_EC_j?@oHGD_?	46	3fffffffcfefb
N??CA?_EC_j?@oHGSO?	46	7ffbfef7ef7ff
N??CA?_EC_j?@oHGDO?	46	3fffffffffff
N??CA?_EC_j?@oHGCo?	46	3ff73fdb9cfdef61
N??CA?_EC_j?@oHGSG?	46	3fffffffffff
N??CA?_EC_j?@oHGDG?	46	3fffffffffff
N??CA?_EC_j?@oHGCg?	46	3ff8ffe76cfdf6e1
N??CA?_EC_j?@oHGCW?	46	3ffffffffffe1
N??CA?_EC_w_J??wM??	46	7ffffffdffff
N??CA?_EC_w_J??wF??	46	fffffffdefff
N??CA?_EC_w_J??wD_?	46	fffffffdefff
N??CA?_EC_w_J??wB_?	46	3fffffffdef7e
N??CA?_EC_w_J??wEO?	46	3fffffffffff
N??CA?_EC_w_J??wCo?	46	3fffffffffff
N??CA?_EC_w_J??wAo?	46	3fffffffffff
N??CA?_EC_w_J??wEG?	46	3fffffffffff
N??CA?_EC_w_J??wDG?	46	3fffffffffff
N??CA?_EC_w_J??wCg?	46	3fffffffffff
N??CA?_EC_w_J??wCW?	46	3fffffffffff
N??CA?_EC_w_J??wAW?	46	fffffffff77f
N??CA?_EC_w_J??wKC?	46	3fffffffffff
N??CA?_EC_w_J??wIC?	46	7ffffffffffe
N??CA?_EC_w_J??wHC?	46	3fffffffffff
N??CA?_EC_w_J??wGS?	46	ffffffff7f7f
N??CA?_EC_w_J??wCS?	46	3fffffffffff
N??CA?_EC_w_J??wAS?	46	7ffffffff7ff
N??CA?_EC_w_J??w?s?	46	3fffffffffff
N??CA?_EC_w_J??wCK?	46	3fffffffffff
N??CA?_EC_w_J??wAK?	46	7ffffffff7ff
N??CA?_EC_w_J??w@K?	46	3fffffffffff
N??CA?_EC_w_J??w?k?	46	3fffffffffff
N??CA?_EC_w_J??w?[?	46	fffffffefffb
N??CA?_EC_w_I_@WM??	46	7ffffffeffff
N??CA?_EC_w_I_@WJ??	46	fffffffef7ff
N??CA?_EC_w_I_@WB_?	46	3fffffffffff
N??CA?_EC_w_I_@WKO?	46	7ffffffdffff
N??CA?_EC_w_I_@WIO?	46	fffffffdf7ff
N??CA?_EC_w_I_@WBO?	46	3fffffffdef7e
N??CA?_EC_w_I_@WCo?	46	3fffffffffff
N??CA?_EC_w_I_@WAo?	46	3fffffffffff
N??CA?_EC_w_I_@WCW?	46	3fffffffffff
N??CA?_EC_w_I_@WKC?	46	7ffffffffffd
N??CA?_EC_w_I_@WIC?	46	7ffffffffffd
N??CA?_EC_w_I_@WHC?	46	3fffffffffff
N??CA?_EC_w_I_@WCc?	46	7ffffffff7ff
N??CA?_EC_w_I_@W@c?	46	3fffffffffff
N??CA?_EC_w_I_@WAS?	46	7fffffff7fff
N??CA?_EC_w_I_@W?s?	46	3fffffffffff
N??CA?_EC_w_I_@WGK?	46	3fffffffe6eff
N??CA?_EC_w_I_@WCK?	46	7fffffffefff
N??CA?_EC_w_I_@WAK?	46	7fffffffefff
N??CA?_EC_w_I_@W@K?	46	3fffffffffff
N??CA?_EC_w_I_@W?k?	46	3fffffffcfefb
N??CA?_EC_w_I_@W?[?	46	3fffffffffff
N??CA?_EC_w_H_AWM??	46	7fffffff7fff
N??CA?_EC_w_H_AWL??	46	3fffffffffff
N??CA?_EC_w_H_AWF??	46	3fffffffffff
N??CA?_EC_w_H_AWB_?	46	3fffffffffff
N??CA?_EC_w_H_AWIO?	46	fffffffef7ff
N??CA?_EC_w_H_AWEO?	46	fffffffeefff
N??CA?_EC_w_H_AWDO?	46	3fffffffffff
N??CA?_EC_w_H_AWCo?	46	3fffffffd6ffb
N??CA?_EC_w_H_AWBG?	46	fffffffff77f
N??CA?_EC_w_H_AWCW?	46	3fffffffffff
N??CA?_EC_w_H_AWKC?	46	3fffffffffff
N??CA?_EC_w_H_AWIC?	46	7fffffffff7f
N??CA?_EC_w_H_AWBC?	46	7ffffffff7ff
N??CA?_EC_w_H_AW@c?	46	3fffffffffff
N??CA?_EC_w_H_AW?s?	46	3fffffffffff
N??CA?_EC_w_H_AWGK?	46	7fffffff7fff
N??CA?_EC_w_H_AWAK?	46	7ffffffeffff
N??CA?_EC_w_H_AW@K?	46	fffffffefffe
N??CA?_EC_w_H_AW?k?	46	3fffffffffff
N??CA?_EC_w_H_AW?[?	46	3fffffffffff
N??CA?_EC_w_B_GWM??	46	7ffffffffffe
N??CA?_EC_w_B_GWL??	46	3fffffffffff
N??CA?_EC_w_B_GWF??	46	2ffeffffffefb
N??CA?_EC_w_B_GWKO?	46	3fffffffffff
N??CA?_EC_w_B_GWEO?	46	2ffeffffffefb
N??CA?_EC_w_B_GWDG?	46	3fffffffffff
N??CA?_EC_w_B_GWCg?	46	7ffffffff7ff
N??CA?_EC_w_B_GWCW?	46	3fffffffffff
N??CA?_EC_w_B_GWCc?	46	7ffffffff7ff
N??CA?_EC_w_B_GWCS?	46	3fffffffffff
N??CA?_EC_w_BOGgM??	46	7ffffffffffd
N??CA?_EC_w_BOGgL??	46	3fffffffffff
N??CA?_EC_w_BOGgF??	46	7ffffffffffd
N??CA?_EC_w_BOGgD_?	46	3fffffffffff
N??CA?_EC_w_BOGgKO?	46	fffffffdf7ff
N??CA?_EC_w_BOGgEO?	46	3ffffffffe67f
N??CA?_EC_w_BOGgEG?	46	3fffffffffff
N??CA?_EC_w_BOGgDG?	46	3fffffffffff
N??CA?_EC_w_BOGgCg?	46	3fffffffffff
N??CA?_EC_w_BOGgCW?	46	3fffffffffff
N??CA?_EC_w_BOGgKC?	46	fffffffdefff
N??CA?_EC_w_AoHGM??	46	7fffffffff7f
N??CA?_EC_w_AoHGL??	46	3fffffffffff
N??CA?_EC_w_AoHGF??	46	3fffffffffff
N??CA?_EC_w_AoHGK_?	46	3fffffffdf6fe
N??CA?_EC_w_AoHGD_?	46	3fffffffffff
N??CA?_EC_w_AoHGEO?	46	3fffffffffff
N??CA?_EC_w_AoHGCo?	46	3fffffffffff
N??CA?_EC_w_AoHGCW?	46	3fffffffffff
N??CA?_EC_w_AoHGKC?	46	3fffffffcff7d
N??CA?_EC_w_AoHGCK?	46	7fffffffefff
N??CA?_EC_w_@oIGM??	46	7ffffffff7ff
N??CA?_EC_w_@oIGKO?	46	3ffeff7ff7eff
N??CA?_EC_w_@oIGEO?	46	7fffffffff7f
N??CA?_EC_w_@oIGEG?	46	3fffffffffff
N??CA?_EC_w_@oIGCW?	46	37ffffbfefffb
N??CA?_EC_w_@oIGKC?	46	7ffffffdffff
N??CA?_EC_w_@oIGCK?	46	3fffffffffff
N??CA?_EC_k_GoBGY??	46	7ffffffffffb
N??CA?_EC_k_GoBGX??	46	3fffffffffff
N??CA?_EC_k_GoBGJ??	46	3fffffffffff
N??CA?_EC_k_GoBGW_?	46	3fffffffffff
N??CA?_EC_k_GoBGWO?	46	fffffffdefff
N??CA?_EC_k_GoBGIO?	46	7fffffffefff
N??CA?_EC_k_GoBGHO?	46	3fffffffffff
N??CA?_EC_k_GoBGBO?	46	7ffffffffeff
N??CA?_EC_k_GoBGQG?	46	7fffffffefff
N??CA?_EC_k_GoBGPG?	46	3fffffffffff
N??CA?_EC_k_GoBGBG?	46	3fffffffffff
N??CA?_EC_k_GoBGOg?	46	3fffffffffff
N??CA?_EC_k_GoBGGg?	46	3ffe7f8f6b7ef07b
N??CA?_EC_k_GoBGAg?	46	3fffffffffff
N??CA?_EC_k_GoBGWC?	46	3fffffffffff
N??CA?_EC_k_GoBGIC?	46	3fffffffffff
N??CA?_EC_k_GoBGBC?	46	3fffffffffff
N??CA?_EC_k_GoBGOc?	46	3fffffffffff
N??CA?_EC_k_GoBGGc?	46	3ffe7f8f6b7ef07b
N??CA?_EC_k_GoBGOS?	46	3fffffffffff
N??CA?_EC_k_GoBG?s?	46	3bfffffbf7ffd
N??CA?_EC_k_GoBGOK?	46	3fffffffffff
N??CA?_EC_k_GoBGGK?	46	3ffdbf739b7ee87d
N??CA?_EC_k_GoBG?[?	46	3bfffffbf7ffd
N??CA?_EC_i_J??w[??	46	7ffffffdffff
N??CA?_EC_i_J??wX??	46	fffffffdf7ff
N??CA?_EC_i_J??wT??	46	fffffffdefff
N??CA?_EC_i_J??wL??	46	fffffffcffff
N??CA?_EC_i_J??wW_?	46	fffffffdf7ff
N??CA?_EC_i_J??wK_?	46	fffffffcffff
N??CA?_EC_i_J??wSO?	46	3fffffffffff
N??CA?_EC_i_J??wHO?	46	3fffffffffff
N??CA?_EC_i_J??wDO?	46	3fffffffffff
N??CA?_EC_i_J??wOo?	46	3fffffffffff
N??CA?_EC_i_J??wSG?	46	3fffffffffff
N??CA?_EC_i_J??wPG?	46	3fffffffffff
N??CA?_EC_i_J??wHG?	46	3fffffffffff
N??CA?_EC_i_J??wDG?	46	3fffffffffff
N??CA?_EC_i_J??wOW?	46	fffffffff77f
N??CA?_EC_i_J??wCW?	46	3fffffffffff
N??CA?_EC_i_J??w@W?	46	3fffffffffff
N??CA?_EC_i_J??wWC?	46	7ffffffffffe
N??CA?_EC_i_J??wPC?	46	3fffffffffff
N??CA?_EC_i_J??wHC?	46	3fffffffffff
N??CA?_EC_i_J??wDC?	46	3fffffffffff
N??CA?_EC_i_J??wOc?	46	3fffffffffff
N??CA?_EC_i_J??wGc?	46	3fffffffffff
N??CA?_EC_i_J??wOS?	46	7ffffffff7ff
N??CA?_EC_i_J??wGS?	46	7ffffffff7ff
N??CA?_EC_i_J??w@S?	46	3fffffffffff
N??CA?_EC_i_J??wOK?	46	7ffffffff7ff
N??CA?_EC_i_J??w@K?	46	3fffffffffff
N??CA?_EC_i_J??w?k?	46	3fffffffffff
N??CA?_EC_i_J??w?[?	46	fffffffdfffe
N??CA?_EC_i_H_AW[??	46	7fffffff7fff
N??CA?_EC_i_H_AWX??	46	fffffffff7fe
N??CA?_EC_i_H_AWT??	46	3fffffffffff
N??CA?_EC_i_H_AWL??	46	3fffffffffff
N??CA?_EC_i_H_AWS_?	46	fffffffeefff
N??CA?_EC_i_H_AWK_?	46	7ffffffeffff
N??CA?_EC_i_H_AWSO?	46	fffffffeefff
N??CA?_EC_i_H_AWDO?	46	3fffffffffff
N??CA?_EC_i_H_AW@o?	46	3fffffffffff
N??CA?_EC_i_H_AWSG?	46	3fffffffffff
N??CA?_EC_i_H_AWPG?	46	fffffffff77f
N??CA?_EC_i_H_AWDG?	46	3fffffffffff
N??CA?_EC_i_H_AW@g?	46	3fffffffffff
N??CA?_EC_i_H_AWCW?	46	3fffffffffff
N??CA?_EC_i_H_AW@W?	46	3fffffffffff
N??CA?_EC_i_H_AWWC?	46	7fffffffff7f
N??CA?_EC_i_H_AWPC?	46	7ffffffff7ff
N??CA?_EC_i_H_AWHC?	46	ffffffffe7ff
N??CA?_EC_i_H_AWOc?	46	3fffffffffff
N??CA?_EC_i_H_AWGc?	46	3fffffffffff
N??CA?_EC_i_H_AWCc?	46	3fffffffffff
N??CA?_EC_i_H_AW@S?	46	3fffffffffff
N??CA?_EC_i_H_AW?s?	46	3fffffffffff
N??CA?_EC_i_H_AWOK?	46	7ffffffeffff
N??CA?_EC_i_H_AW@K?	46	fffffffdf7ff
N??CA?_EC_i_H_AW?[?	46	3fffffffffff
N??CA?_EC_i_B_GW[??	46	7ffffffffffe
N??CA?_EC_i_B_GWT??	46	2ffeffffffefb
N??CA?_EC_i_B_GWL??	46	3fffffffffff
N??CA?_EC_i_B_GWK_?	46	7ffffffffffe
N??CA?_EC_i_B_GWSO?	46	2ffeffffffefb
N??CA?_EC_i_B_GWDO?	46	37fffbfffeffb
N??CA?_EC_i_B_GWSG?	46	7ffffffff7ff
N??CA?_EC_i_B_GWDG?	46	3fffffffffff
N??CA?_EC_i_B_GWCg?	46	7fffffffff7f
N??CA?_EC_i_B_GWCW?	46	3fffffffffff
N??CA?_EC_i_HOAg[??	46	7ffffffffeff
N??CA?_EC_i_HOAgX??	46	fffffffff7fd
N??CA?_EC_i_HOAgT??	46	7ffffffffffd
N??CA?_EC_i_HOAgL??	46	3fffffffffff
N??CA?_EC_i_HOAgK_?	46	3fffffffeeffc
N??CA?_EC_i_HOAgSO?	46	7fffffffff7f
N??CA?_EC_i_HOAgPO?	46	3ffffffffe67f
N??CA?_EC_i_HOAgHO?	46	fffffffff77f
N??CA?_EC_i_HOAgDO?	46	7ffffffff7ff
N??CA?_EC_i_HOAgOo?	46	3fffffffffff
N??CA?_EC_i_HOAg@o?	46	3fffffffffff
N??CA?_EC_i_HOAgSG?	46	7ffffffeffff
N??CA?_EC_i_HOAgPG?	46	3fffffffffff
N??CA?_EC_i_HOAgHG?	46	3fffffffffff
N??CA?_EC_i_HOAgDG?	46	3fffffffffff
N??CA?_EC_i_HOAgGg?	46	3fffffffdef7e
N??CA?_EC_i_HOAgCg?	46	3fffffffdef7e
N??CA?_EC_i_HOAg@g?	46	3fffffffffff
N??CA?_EC_i_HOAgCW?	46	3fffffffffff
N??CA?_EC_i_HOAg@W?	46	3fffffffffff
N??CA?_EC_i_HOAgWC?	46	7ffffffffeff
N??CA?_EC_i_HOAgPC?	46	3ffffffffe67f
N??CA?_EC_i_HOAgHC?	46	7fffffffefff
N??CA?_EC_i_HOAgGc?	46	7fffffffff7f
N??CA?_EC_i_HOAg@S?	46	3fffffffcff7d
N??CA?_EC_i_HOAgOK?	46	3fffffffffff
N??CA?_EC_i_HOAgCK?	46	7ffffffffeff
N??CA?_EC_i_HOAg@K?	46	3fffffffffff
N??CA?_EC_i_HOAg?k?	46	7fffffff7fff
N??CA?_EC_i_HOAg?[?	46	3fffffffffff
N??CA?_EC_i_BOGg[??	46	7ffffffffffd
N??CA?_EC_i_BOGgT??	46	7ffffffffffd
N??CA?_EC_i_BOGgL??	46	2fffff7ff7ffb
N??CA?_EC_i_BOGgS_?	46	3fffffffffff
N??CA?_EC_i_BOGgK_?	46	2fffff7ff7ffb
N??CA?_EC_i_BOGgKO?	46	7ffffffff7ff
N??CA?_EC_i_BOGgDO?	46	7ffffffff7ff
N??CA?_EC_i_BOGgCo?	46	3fffffffffff
N??CA?_EC_i_BOGgSG?	46	3fffffffffff
N??CA?_EC_i_BOGgDG?	46	2ffeffffffefb
N??CA?_EC_i_BOGgCW?	46	3fffffffffff
N??CA?_EC_i_BOGgCc?	46	3fffffffffff
N??CA?_EC_i_BOGgCK?	46	3fffffffffff
N??CA?_EC_i_@oIG[??	46	7ffffffff7ff
N??CA?_EC_i_@oIGT??	46	3ffffffffe7f9
N??CA?_EC_i_@oIGL??	46	fffffffef7ff
N??CA?_EC_i_@oIGS_?	46	3fffffffffff
N??CA?_EC_i_@oIGK_?	46	3fffffffffff
N??CA?_EC_i_@oIGSO?	46	7fffffffff7f
N??CA?_EC_i_@oIGDO?	46	7ffffffff7ff
N??CA?_EC_i_@oIGSG?	46	3fffffffffff
N??CA?_EC_i_@oIGDG?	46	3fffffffffff
N??CA?_EC_i_@oIGCg?	46	3fffffffffff
N??CA?_EC_i_@oIGCW?	46	3fffffffffff
N??CA?_EC_i_HGAo[??	46	7fffffffff7f
N??CA?_EC_i_HGAoT??	46	3fffffffffff
N??CA?_EC_i_HGAoL??	46	3fffffffffff
N??CA?_EC_i_HGAoS_?	46	ffffffffe7ff
N??CA?_EC_i_HGAoK_?	46	3fffffffef7fa
N??CA?_EC_i_HGAoSO?	46	3fffffffffff
N??CA?_EC_i_HGAoDO?	46	3fffffffffff
N??CA?_EC_i_HGAoCo?	46	3fffffffffff
N??CA?_EC_i_HGAoSG?	46	3fffffffffff
N??CA?_EC_i_HGAoDG?	46	3fffffffffff
N??CA?_EC_i_HGAoCg?	46	7fffffffff7f
N??CA?_EC_i_HGAoCW?	46	3fffffffffff
N??CA?_EC_i_HGAoDC?	46	3fffffffffff
N??CA?_EC_i_HGAoCK?	46	7ffffffffeff
N??CA?_EC_h_W_@WU??	46	7ffffffeffff
N??CA?_EC_h_W_@WS_?	46	3fffffffffff
N??CA?_EC_h_W_@WD_?	46	3ffffffff87ff
N??CA?_EC_h_W_@WB_?	46	3fffffffffff
N??CA?_EC_h_W_@WSG?	46	3fffffffffff
N??CA?_EC_h_W_@WBG?	46	3fffffffffff
N??CA?_EC_h_W_@WOg?	46	3fffffffffff
N??CA?_EC_h_W_@W@g?	46	3ffff7dfdf7ff
N??CA?_EC_h_W_@WOW?	46	3fffffffffff
N??CA?_EC_h_W_@W?w?	46	3bfffffbf7ffd
N??CA?_EC_h_W_@WQC?	46	3fffffffffff
N??CA?_EC_h_W_@WPC?	46	3fffffffffff
N??CA?_EC_h_W_@WOc?	46	3fffffffffff
N??CA?_EC_h_W_@WOS?	46	3fffffffffff
N??CA?_EC_h_W_@WAS?	46	3fffffffffff
N??CA?_EC_h_W_@W@S?	46	3fffffffffff
N??CA?_EC_h_W_@W?s?	46	3bfffffbf7ffd
N??CA?_EC_h_W_@WOK?	46	3fffffffffff
N??CA?_EC_h_W_@WCK?	46	3ffdbf739b7ee87d
N??CA?_EC_h_W_@WAK?	46	3fffffffffff
N??CA?_EC_h_W_@W?k?	46	3defbfffdea94fcc
N??CA?_EC_h_W_@W?[?	46	3bfffffbf7ffd
N??CA?_EC_h_I_@WY??	46	fffffffef7ff
N??CA?_EC_h_I_@WU??	46	3fffffffeeffc
N??CA?_EC_h_I_@WM??	46	7ffffffeffff
N??CA?_EC_h_I_@WW_?	46	3fffffffffff
N??CA?_EC_h_I_@WK_?	46	3ffffffff87ff
N??CA?_EC_h_I_@WKO?	46	7ffffffdffff
N??CA?_EC_h_I_@WIO?	46	fffffffdff7f
N??CA?_EC_h_I_@WEO?	46	3fffffffdf6fe
N??CA?_EC_h_I_@WGo?	46	3fffffffffff
N??CA?_EC_h_I_@WAo?	46	3fffffffffff
N??CA?_EC_h_I_@WSG?	46	3fffffffffff
N??CA?_EC_h_I_@WQG?	46	3fffffffffff
N??CA?_EC_h_I_@WIG?	46	3fffffffffff
N??CA?_EC_h_I_@WEG?	46	3fffffffffff
N??CA?_EC_h_I_@WGg?	46	3ffff7dfdf7ff
N??CA?_EC_h_I_@WCg?	46	3ffff7dfdf7ff
N??CA?_EC_h_I_@WAg?	46	3fffffffffff
N??CA?_EC_h_I_@WCW?	46	3fffffffffff
N??CA?_EC_h_I_@WAW?	46	3fffffffffff
N??CA?_EC_h_I_@W?w?	46	3fffffffffff
N??CA?_EC_h_I_@WWC?	46	3fffffffffff
N??CA?_EC_h_I_@WQC?	46	7ffffffffeff
N??CA?_EC_h_I_@WIC?	46	3fffffffffff
N??CA?_EC_h_I_@WOc?	46	3fffffffffff
N??CA?_EC_h_I_@WGc?	46	3ffff7dfdf7ff
N??CA?_EC_h_I_@WGS?	46	3fffffffffff
N??CA?_EC_h_I_@WAS?	46	7ffffffeffff
N??CA?_EC_h_I_@W?s?	46	3fffffffffff
N??CA?_EC_h_I_@WOK?	46	3fffffffffff
N??CA?_EC_h_I_@WCK?	46	3ffffdefdefff
N??CA?_EC_h_I_@WAK?	46	3fffffffffff
N??CA?_EC_h_I_@W?k?	46	3fffffff0ffff
N??CA?_EC_h_I_@W?[?	46	3fffffffffff
N??CA?_EC_h_IO@gY??	46	ffffffffe7ff
N??CA?_EC_h_IO@gU??	46	7fffffffefff
N??CA?_EC_h_IO@gM??	46	fffffffeefff
N??CA?_EC_h_IO@gW_?	46	3fffffffffff
N??CA?_EC_h_IO@gS_?	46	3fffffffffff
N??CA?_EC_h_IO@gK_?	46	3ffffffff87ff
N??CA?_EC_h_IO@gIO?	46	3fffffffffff
N??CA?_EC_h_IO@gEO?	46	3fffffffffff
N??CA?_EC_h_IO@gGo?	46	3fffffffffff
N??CA?_EC_h_IO@gCo?	46	3fffffffffff
N??CA?_EC_h_IO@gAo?	46	3fffffffffff
N??CA?_EC_h_IO@gSG?	46	7ffffffdffff
N??CA?_EC_h_IO@gQG?	46	fffffffdff7f
N??CA?_EC_h_IO@gEG?	46	fffffffdefff
N??CA?_EC_h_IO@gAg?	46	3fffffffffff
N??CA?_EC_h_IO@gCW?	46	3fffffffffff
N??CA?_EC_h_IO@gAW?	46	3fffffffffff
N??CA?_EC_h_IO@g?w?	46	3fffffffffff
N??CA?_EC_h_IO@gWC?	46	3fffffffffff
N??CA?_EC_h_IO@gSC?	46	3fffffffffff
N??CA?_EC_h_IO@gQC?	46	3fffffffffff
N??CA?_EC_h_IO@gIC?	46	3fffffffffff
N??CA?_EC_h_IO@gOc?	46	3fffffffffff
N??CA?_EC_h_IO@gGc?	46	3ffff7dfdf7ff
N??CA?_EC_h_IO@gOS?	46	7ffffffff7ff
N??CA?_EC_h_IO@gGS?	46	3fffffffffff
N??CA?_EC_h_IO@gAS?	46	3fffffffffff
N??CA?_EC_h_IO@g?s?	46	3fffffffffff
N??CA?_EC_h_IO@gOK?	46	3fffffffffff
N??CA?_EC_h_IO@gAK?	46	3fffffffffff
N??CA?_EC_h_IO@g?[?	46	3fffffffffff
N??CA?_EC_h_HO@g[??	46	3fffffffffff
N??CA?_EC_h_HO@gX??	46	3fffffffffff
N??CA?_EC_h_HO@gT??	46	3fffffffffff
N??CA?_EC_h_HO@gL??	46	3ffffffff87ff
N??CA?_EC_h_HO@gWO?	46	3fffffffffff
N??CA?_EC_h_HO@gSO?	46	3fffffffffff
N??CA?_EC_h_HO@gKO?	46	3fffffffff87f
N??CA?_EC_h_HO@gQO?	46	3fffffffffff
N??CA?_EC_h_HO@gEO?	46	3fffffffffff
N??CA?_EC_h_HO@gHO?	46	3fffffffffff
N??CA?_EC_h_HO@gDO?	46	3fffffffffff
N??CA?_EC_h_HO@gBO?	46	3fffffffffff
N??CA?_EC_h_HO@gWG?	46	3fffffffffff
N??CA?_EC_h_HO@gSG?	46	3fffffffffff
N??CA?_EC_h_HO@gKG?	46	3ffe7f8f6b7ef07b
N??CA?_EC_h_HO@gEG?	46	3fffffffffff
N??CA?_EC_h_HO@gBG?	46	3fffffffffff
N??CA?_EC_h_HO@gOW?	46	3fffffffffff
N??CA?_EC_h_HO@gGW?	46	3bfffffbf7ffd
N??CA?_EC_h_HO@gCW?	46	3bfffffbf7ffd
N??CA?_EC_h_HO@g@W?	46	3fffffffffff
N??CA?_EC_h_HO@gWC?	46	3fffffffffff
N??CA?_EC_h_HO@gQC?	46	3fffffffffff
N??CA?_EC_h_HO@gIC?	46	3fffffffffff
N??CA?_EC_h_HO@gEC?	46	3fffffffffff
N??CA?_EC_h_HO@gPC?	46	3fffffffffff
N??CA?_EC_h_HO@gHC?	46	3ffff7dfdf7ff
N??CA?_EC_h_HO@gGS?	46	3bfffffbf7ffd
N??CA?_EC_h_HO@g@S?	46	3fffffffffff
N??CA?_EC_h_HO@gOK?	46	3fffffffffff
N??CA?_EC_h_HO@gAK?	46	3fffffffffff
N??CA?_EC_h_HO@g@K?	46	3fffffff0ffff
N??CA?_EC_h_HO@g?[?	46	2ffeffffffefb
N??CA?_EC_h_AoHG[??	46	3fffffffffff
N??CA?_EC_h_AoHGU??	46	3fffffffffff
N??CA?_EC_h_AoHGM??	46	3fffffffffff
N??CA?_EC_h_AoHGS_?	46	7fffffffefff
N??CA?_EC_h_AoHGK_?	46	7fffeffff87ff
N??CA?_EC_h_AoHGKO?	46	3fffffffffff
N??CA?_EC_h_AoHGEO?	46	3fffffffffff
N??CA?_EC_h_AoHGCo?	46	3fffffffffff
N??CA?_EC_h_AoHGSG?	46	3fffffffffff
N??CA?_EC_h_AoHGEG?	46	3fffffffffff
N??CA?_EC_h_AoHGCg?	46	3ffff7dfdf7ff
N??CA?_EC_h_AoHGCW?	46	3fffffffffff
N??CA?_EC_h_AoHGEC?	46	3fffffffffff
N??CA?_EC_h_@oHG[??	46	3fffffffffff
N??CA?_EC_h_@oHGU??	46	7fffffffefff
N??CA?_EC_h_@oHGT??	46	3fffffffffff
N??CA?_EC_h_@oHGL??	46	3ffffffff87ff
N??CA?_EC_h_@oHGSO?	46	3fffffffffff
N??CA?_EC_h_@oHGKO?	46	3fffffffff87f
N??CA?_EC_h_@oHGEO?	46	3fffffffffff
N??CA?_EC_h_@oHGDO?	46	3fffffffffff
N??CA?_EC_h_@oHGSG?	46	3fffffffffff
N??CA?_EC_h_@oHGEG?	46	3fffffffffff
N??CA?_EC_h_@oHGDG?	46	3ffff7dfdf7ff
N??CA?_EC_h_@oHGCW?	46	3bfffffbf7ffd
N??CA?_EC_h_@oHGSC?	46	3fffffffffff
N??CA?_EC_h_@oHGKC?	46	3ffe7f8f6b7ef07b
N??CA?_EC_h_WG@oF??	46	fffffffef7ff
N??CA?_EC_h_WG@oS_?	46	3fffffffffff
N??CA?_EC_h_WG@oEO?	46	3fffffffffff
N??CA?_EC_h_WG@oCo?	46	3fffffffff87f
N??CA?_EC_h_WG@oSG?	46	3fffffffffff
N??CA?_EC_h_WG@oEG?	46	3fffffffffff
N??CA?_EC_h_WG@oCW?	46	3fffffffff87f
N??CA?_EC_h_WG@oSC?	46	7ffffffdffff
N??CA?_EC_h_IG@oU??	46	3ffffffffe7f9
N??CA?_EC_h_IG@oM??	46	fffffffef7ff
N??CA?_EC_h_IG@oEO?	46	7ffffffff7ff
N??CA?_EC_h_IG@oCo?	46	3fffffffffff
N??CA?_EC_h_IG@oSG?	46	3fffffffffff
N??CA?_EC_h_IG@oEG?	46	3fffffffffff
N??CA?_EC_h_IG@oCW?	46	3fffffffffff
N??CA?_EC_h_IG@oSC?	46	3fffffffdf6fe
N??CA?_EC_h_IG@oEC?	46	3fffffffdef7e
N??CA?_EC_h_IG@oCK?	46	3ffffdefdefff
N??CA?_EC_b_X??w[??	46	7ffffffdffff
N??CA?_EC_b_X??wX??	46	fffffffdf7ff
N??CA?_EC_b_X??wL??	46	fffffffcffff
N??CA?_EC_b_X??wW_?	46	fffffffdf7ff
N??CA?_EC_b_X??wK_?	46	ffffffffc87ff
N??CA?_EC_b_X??wWO?	46	3fffffffffff
N??CA?_EC_b_X??wKO?	46	3fffffffff87f
N??CA?_EC_b_X??wHO?	46	3fffffffffff
N??CA?_EC_b_X??w@o?	46	3ffffffff7efc
N??CA?_EC_b_X??wSG?	46	3fffffffffff
N??CA?_EC_b_X??wKG?	46	3ffe7f8f6b7ef07b
N??CA?_EC_b_X??wPG?	46	ffffffffff7e
N??CA?_EC_b_X??wHG?	46	3fffffffffff
N??CA?_EC_b_X??wDG?	46	3fffffffffff
N??CA?_EC_b_X??wOg?	46	3fffffffffff
N??CA?_EC_b_X??wOW?	46	3fffffffffe79
N??CA?_EC_b_X??wCW?	46	3bfffffbf7ffd
N??CA?_EC_b_X??w@W?	46	fffffffff7fd
N??CA?_EC_b_X??wOK?	46	fffffffffff9
N??CA?_EC_b_X??w@K?	46	7ffffffff7ff
N??CA?_EC_b_X??w?k?	46	3fffffff0ffff
N??CA?_EC_b_X??w?[?	46	effefffffeefa
N??CA?_EC_b_P_GW[??	46	7ffffffffffe
N??CA?_EC_b_P_GWT??	46	effefffffeefa
N??CA?_EC_b_P_GWL??	46	7ffffffffffe
N??CA?_EC_b_P_GWS_?	46	2ffeffffffefb
N??CA?_EC_b_P_GWK_?	46	3ffffffff87ff
N??CA?_EC_b_P_GWSO?	46	6ffaffffffefb
N??CA?_EC_b_P_GWKO?	46	3fffffffff87f
N??CA?_EC_b_P_GWDO?	46	37fffbfffeffb
N??CA?_EC_b_P_GWSG?	46	3fffffffe777f
N??CA?_EC_b_P_GWDG?	46	3ffffffffe67f
N??CA?_EC_b_P_GWCW?	46	7bffdffbf7ffd
N??CA?_EC_b_POGg[??	46	7fbfbffbf7f7f
N??CA?_EC_b_POGgL??	46	2fffff7ff7ffb
N??CA?_EC_b_POGgKO?	46	3ffdbf739b7ee87d
N??CA?_EC_b_POGgKG?	46	3ffe7f8f6b7ef07b
N??CA?_EC_b_POGgKC?	46	3ffe7f8f6b7ef07b
N??CA?_EC_wOJ?@WM??	46	7ffffffeffff
N??CA?_EC_wOJ?@WL??	46	7ffffffeffff
N??CA?_EC_wOJ?@WJ??	46	3fffffffef7fa
N??CA?_EC_wOJ?@WF??	46	fffff7dfce7ff
N??CA?_EC_wOJ?@WK_?	46	3ffffffff87ff
N??CA?_EC_wOJ?@WH_?	46	3fffffffffff
N??CA?_EC_wOJ?@WD_?	46	3ff8ffe76cfdf6e1
N??CA?_EC_wOJ?@WB_?	46	3ffff7dfdf7ff
N??CA?_EC_wOJ?@WKO?	46	7ffffffdffff
N??CA?_EC_wOJ?@WEO?	46	fffffffdefff
N??CA?_EC_wOJ?@WCo?	46	3fffffffffff
N??CA?_EC_wOJ?@WAo?	46	3fffffffffff
N??CA?_EC_wOJ?@WKG?	46	3ffffef7ef7ff
N??CA?_EC_wOJ?@WEG?	46	3fffffffffff
N??CA?_EC_wOJ?@WDG?	46	3ffffffffffd2
N??CA?_EC_wOJ?@WCg?	46	37ff6fdff9f0fb52
N??CA?_EC_wOJ?@W@g?	46	3effffffffcfe
N??CA?_EC_wOJ?@WGW?	46	3fffffffe777f
N??CA?_EC_wOJ?@WCW?	46	3fffffffffff
N??CA?_EC_wOJ?@WAW?	46	3fffffffe777f
N??CA?_EC_wOJ?@WKC?	46	3ffffef7ef7ff
N??CA?_EC_wOJ?@WIC?	46	7ffffffffffe
N??CA?_EC_wOJ?@WHC?	46	3fffffffffff
N??CA?_EC_wOJ?@WGc?	46	3ffdffdfdff7f
N??CA?_EC_wOJ?@WGS?	46	ffffffff7f7f
N??CA?_EC_wOJ?@WCS?	46	3fffffffffff
N??CA?_EC_wOJ?@WAS?	46	7ffffffff7ff
N??CA?_EC_wOJ?@W?s?	46	3fffffffffff
N??CA?_EC_wOJ?@WGK?	46	ffff7fefd7e7f
N??CA?_EC_wOJ?@WCK?	46	2ffdeff7fe70fccc
N??CA?_EC_wOJ?@WAK?	46	7ffffffff7ff
N??CA?_EC_wOJ?@W@K?	46	3effffffffb7e
N??CA?_EC_wOJ?@W?k?	46	3fefebfbbba64b7e
N??CA?_EC_wOJ?@W?[?	46	fffffffefffb
N??CA?_EC_wOBOHGM??	46	ffffffffff7d
N??CA?_EC_wOBOHGL??	46	3fffffffffff
N??CA?_EC_wOBOHGF??	46	3ffff7dfdf7ff
N??CA?_EC_wOBOHGK_?	46	ffffffffc87ff
N??CA?_EC_wOBOHGD_?	46	3ff8ffe76cfdf6e1
N??CA?_EC_wOBOHGKO?	46	3fffffffd77fd
N??CA?_EC_wOBOHGEO?	46	3ffffffffe7f9
N??CA?_EC_wOBOHGCo?	46	3fffffffd6ffb
N??CA?_EC_wOBOHGKG?	46	7fdffef7ef7ff
N??CA?_EC_wOBOHGEG?	46	3fffffffffff
N??CA?_EC_wOBOHGDG?	46	3ffffffffffd2
N??CA?_EC_wOBOHGCg?	46	37ff6fdff9f0fb52
N??CA?_EC_wOBOHGCW?	46	3fffffffffff
N??CA?_EC_wOBOHGKC?	46	fffffef7ce7ff
N??CA?_EC_wOBOHGCK?	46	2ffdeff7fe70fccc
N??CA?_EC_iOJ?@W[??	46	7ffffffeffff
N??CA?_EC_iOJ?@WX??	46	3fffffffef7fa
N??CA?_EC_iOJ?@WT??	46	fffffffeefff
N??CA?_EC_iOJ?@WL??	46	7ffffffeffff
N??CA?_EC_iOJ?@WW_?	46	3fffffffffff
N??CA?_EC_iOJ?@WK_?	46	3fffffffffff
N??CA?_EC_iOJ?@WWO?	46	3fffffffdf6fe
N??CA?_EC_iOJ?@WSO?	46	fffffffdefff
N??CA?_EC_iOJ?@WKO?	46	7ffffffdffff
N??CA?_EC_iOJ?@WDO?	46	fffffffdfeff
N??CA?_EC_iOJ?@WOo?	46	3fffffffffff
N??CA?_EC_iOJ?@W@o?	46	3fffffffffff
N??CA?_EC_iOJ?@WSG?	46	3fffffffffff
N??CA?_EC_iOJ?@WKG?	46	3fffffffffff
N??CA?_EC_iOJ?@WPG?	46	7fffffffefff
N??CA?_EC_iOJ?@WDG?	46	3fffffffffff
N??CA?_EC_iOJ?@WGg?	46	3fffffffffff
N??CA?_EC_iOJ?@W@W?	46	7ffffffdffff
N??CA?_EC_iOJ?@WWC?	46	7ffffffffffe
N??CA?_EC_iOJ?@WPC?	46	3fffffffffff
N??CA?_EC_iOJ?@WHC?	46	3fffffffffff
N??CA?_EC_iOJ?@WDC?	46	3fdffffffb7fe
N??CA?_EC_iOJ?@WGc?	46	3fffffffffff
N??CA?_EC_iOJ?@W@c?	46	3fdffffffb7fe
N??CA?_EC_iOJ?@WOS?	46	7ffffffff7ff
N??CA?_EC_iOJ?@WGS?	46	7ffffffff7ff
N??CA?_EC_iOJ?@W@S?	46	3fffffffffff
N??CA?_EC_iOJ?@WOK?	46	7ffffffff7ff
N??CA?_EC_iOJ?@WGK?	46	7ffffffff7ff
N??CA?_EC_iOJ?@WCK?	46	3fbffffffcffe
N??CA?_EC_iOJ?@W@K?	46	3fffffffffff
N??CA?_EC_iOJ?@W?k?	46	5ff7fff7efffd
N??CA?_EC_iOJ?@W?[?	46	7ffffffdffff
N??CA?_EC_iOBOHG[??	46	ffffffffff7d
N??CA?_EC_iOBOHGT??	46	3fffffffffff
N??CA?_EC_iOBOHGL??	46	3fffffffffff
N??CA?_EC_iOBOHGS_?	46	fffffffeefff
N??CA?_EC_iOBOHGK_?	46	7ffffffeffff
N??CA?_EC_iOBOHGSO?	46	3ffffffffe7f9
N??CA?_EC_iOBOHGKO?	46	fffffffff7fd
N??CA?_EC_iOBOHGDO?	46	3fffffffffff
N??CA?_EC_iOBOHGCo?	46	fffffffdfeff
N??CA?_EC_iOBOHGSG?	46	3fffffffffff
N??CA?_EC_iOBOHGKG?	46	3fffffffffff
N??CA?_EC_iOBOHGDG?	46	3fffffffffff
N??CA?_EC_iOBOHGDC?	46	3fdffffffb7fe
N??CA?_EC_iOBOHGCK?	46	3fbffffffcffe
N??CA?_EC_ooY?@WM??	46	fffffffe7fff
N??CA?_EC_ooY?@WL??	46	ffffffffe7fe1
N??CA?_EC_ooY?@WJ??	46	3fffffffe777f
N??CA?_EC_ooY?@WK_?	46	3ffffffff87ff
N??CA?_EC_ooY?@WKO?	46	7ffffffdffff
N??CA?_EC_ooY?@WIO?	46	fffffffdf7ff
N??CA?_EC_ooR?GWM??	46	7ffffffffffe
N??CA?_EC_ooR?GWL??	46	3ffffffffffe1
N??CA?_EC_ooR?GWDG?	46	3fbffffffcffe
N??CA?_EC_ooQOHGM??	46	3fff7fefdfeff
N??CA?_EC_ooQOHGKG?	46	3fefedefe76634fe
N??CA?_EC_goI_@W[??	46	7ffffffdffff
N??CA?_EC_goI_@WY??	46	fffffffdf7ff
N??CA?_EC_goI_@WX??	46	fffffffdf7ff
N??CA?_EC_goI_@WL??	46	7ffffffdffff
N??CA?_EC_goI_@WS_?	46	3fffffffffff
N??CA?_EC_goI_@WK_?	46	3fffffffff87f
N??CA?_EC_goI_@WQ_?	46	3fffffffffff
N??CA?_EC_goI_@WSG?	46	3fffffffffff
N??CA?_EC_goI_@WKG?	46	3fffffffff87f
N??CA?_EC_goI_@WDG?	46	3fffffffffff
N??CA?_EC_goI_@WOg?	46	3fffffffffff
N??CA?_EC_goI_@WGg?	46	7bffdffbf7ffd
N??CA?_EC_goI_@WCg?	46	3bfffffbf7ffd
N??CA?_EC_goI_@W@g?	46	3fffffffffff
N??CA?_EC_goI_@WWC?	46	3fffffffffff
N??CA?_EC_goI_@WKC?	46	3fffffffff87f
N??CA?_EC_goI_@WQC?	46	7fffffff7fff
N??CA?_EC_goI_@WHC?	46	3fffffffffff
N??CA?_EC_goI_@WOc?	46	3fffffffffff
N??CA?_EC_goI_@WGc?	46	7bffdffbf7ffd
N??CA?_EC_goI_@WOK?	46	3fffffffffff
N??CA?_EC_goI_@WGK?	46	7bffdffbf7ffd
N??CA?_EC_goI_@WAK?	46	3fffffffffff
N??CA?_EC_goI_@W?k?	46	2ffeffffffefb
N??CA?_EC_goH_AWY??	46	fffffffef7ff
N??CA?_EC_goH_AWM??	46	7ffffffeffff
N??CA?_EC_goH_AWL??	46	3fffffffffff
N??CA?_EC_goH_AWK_?	46	ffffffffd787f
N??CA?_EC_goH_AWSG?	46	3fffffffffff
N??CA?_EC_goH_AWOg?	46	3fffffffffff
N??CA?_EC_goH_AWGg?	46	3bfffffbf7ffd
N??CA?_EC_goH_AWCg?	46	3bfffffbf7ffd
N??CA?_EC_goH_AW@g?	46	3fffffffffff
N??CA?_EC_goH_AWOK?	46	3fffffffffff
N??CA?_EC_goH_AW@K?	46	ffffffffe7ff
N??CA?_EC_goH_AW?k?	46	2ffeffffffefb
N??CA?_EC_goGoBG[??	46	fffffffdefff
N??CA?_EC_goGoBGY??	46	ffffffffe7ff
N??CA?_EC_goGoBGU??	46	7fffffffefff
N??CA?_EC_goGoBGM??	46	7fffffffefff
N??CA?_EC_goGoBGL??	46	3fffffffffff
N??CA?_EC_goGoBGS_?	46	3fffffffffff
N??CA?_EC_goGoBGK_?	46	3fffffffff87f
N??CA?_EC_goGoBGSG?	46	fffffffd7fff
N??CA?_EC_goGoBGQG?	46	fffffffdff7f
N??CA?_EC_goGoBGOg?	46	3fffffffffff
N??CA?_EC_goGoBGGg?	46	3bfffffbf7ffd
N??CA?_EC_goGoBG@g?	46	3fffffffffff
N??CA?_EC_goGoBGWC?	46	3fffffffffff
N??CA?_EC_goGoBGSC?	46	3fffffffffff
N??CA?_EC_goGoBGQC?	46	3fffffffffff
N??CA?_EC_goGoBGHC?	46	3fffffffffff
N??CA?_EC_goGoBGBC?	46	7fffffffff7f
N??CA?_EC_goGoBGOc?	46	3fffffffffff
N??CA?_EC_goGoBGGc?	46	3bfffffbf7ffd
N??CA?_EC_goGoBGOK?	46	3fffffffffff
N??CA?_EC_goGoBGGK?	46	3bfffffbf7ffd
N??CA?_EC_goGoBG?k?	46	2ffeffffffefb
N??CA?_EC_goAoHG[??	46	3fffffffffff
N??CA?_EC_goAoHGU??	46	3fffffffffff
N??CA?_EC_goAoHGL??	46	3fffffffffff
N??CA?_EC_goAoHGS_?	46	3fffffffffff
N??CA?_EC_goAoHGK_?	46	7ffbffffff87f
N??CA?_EC_goAoHGSG?	46	3fffffffffff
N??CA?_EC_goAoHGDG?	46	3fffffffffff
N??CA?_EC_goAoHGCg?	46	3bfffffbf7ffd
N??CA?_EC_goAoHGKC?	46	7ff7ffffff87f
N??CA?_EC_goAoHGCK?	46	3bfffffbf7ffd
N??CA?_EC_go@oIG[??	46	3ffeff7ff7eff
N??CA?_EC_go@oIGL??	46	3ffeff7ff7eff
N??CA?_EC_go@oIGS_?	46	37ffffbfefffb
N??CA?_EC_go@oIGKC?	46	3fffffffff87f
N??CA?_EC_goWGBOT??	46	3fffffffffff
N??CA?_EC_goWGBOF??	46	3fffffffffff
N??CA?_EC_goWGBOS_?	46	3fffffffffff
N??CA?_EC_goWGBOEO?	46	7ffffffff7ff
N??CA?_EC_goWGBODO?	46	3fffffffffff
N??CA?_EC_goWGBOSG?	46	3fffffffffff
N??CA?_EC_goWGBOEG?	46	3fffffffffff
N??CA?_EC_goWGBOCg?	46	3ffe7f8f6b7ef07b
N??CA?_EC_goWGBOSC?	46	fffffffdefff
N??CA?_EC_goWGBOCc?	46	3ffe7f8f6b7ef07b
N??CA?_EC_goGgBO[??	46	fffffffdf7ff
N??CA?_EC_goGgBOU??	46	3ffffffffe67f
N??CA?_EC_goGgBOM??	46	7ffffffff7ff
N??CA?_EC_goGgBOL??	46	3fffffffffff
N??CA?_EC_goGgBOF??	46	7ffffffff7ff
N??CA?_EC_goGgBOS_?	46	3fffffffffff
N??CA?_EC_goGgBOSG?	46	3fffffffffff
N??CA?_EC_goGgBOKG?	46	3fffffffff87f
N??CA?_EC_goGgBOCg?	46	3bfffffbf7ffd
N??CA?_EC_goGgBOKC?	46	ffffffffd787f
N??CA?_EC_goGgBOCc?	46	3bfffffbf7ffd
N??CA?_EC_goGgBOCK?	46	3bfffffbf7ffd
N??CA?_EC_aoX?AW[??	46	7fffffff7fff
N??CA?_EC_aoX?AWX??	46	3fffffffffff
N??CA?_EC_aoX?AWL??	46	3fffffffffff
N??CA?_EC_aoX?AWW_?	46	fffffffef7ff
N??CA?_EC_aoX?AWK_?	46	7ffffffeffff
N??CA?_EC_aoX?AW@o?	46	3ffffffff7efc
N??CA?_EC_aoX?AWSG?	46	3fffffffffff
N??CA?_EC_aoX?AWPG?	46	ffffffffff7e
N??CA?_EC_aoX?AWDG?	46	3fffffffffff
N??CA?_EC_aoX?AWGg?	46	3fffffffffff
N??CA?_EC_aoX?AWCg?	46	3fffffffffff
N??CA?_EC_aoX?AWOK?	46	7ffffffffffd
N??CA?_EC_aoX?AW@K?	46	7ffffffff7ff
N??CA?_EC_aoX?AW?k?	46	3fffffffffff
N??CA?_EC_aoR?GW[??	46	7ffffffffffe
N??CA?_EC_aoR?GWT??	46	2ffeffffffefb
N??CA?_EC_aoR?GWL??	46	3fffffffffff
N??CA?_EC_aoR?GWS_?	46	2ffeffffffefb
N??CA?_EC_aoR?GWK_?	46	3fffffffffff
N??CA?_EC_aoR?GWSG?	46	fffffffff7fe
N??CA?_EC_aoR?GWDG?	46	3fffffffffff
N??CA?_EC_aoR?GWCg?	46	3fffffffffff
N??CA?_EC_aoR?GWCW?	46	fffffffff77f
N??CA?_EC_aoR?GWCc?	46	3fffffffffff
N??CA?_EC_aoPOIG[??	46	3fffffffffff
N??CA?_EC_aoPOIGL??	46	77ffebfffeffb
N??CA?_EC_aoPOIGK_?	46	1ffffeffff7fd
N??CA?_EC_aoPOIGKG?	46	1ffffffffb7fe
N??CA?_EC_`oY?@W[??	46	7ffffffeffff
N??CA?_EC_`oY?@WY??	46	fffffffef7ff
N??CA?_EC_`oY?@WM??	46	7ffffffeffff
N??CA?_EC_`oY?@WW_?	46	3fffffffffff
N??CA?_EC_`oY?@WKO?	46	7ffffffdffff
N??CA?_EC_`oY?@WIO?	46	fffffffdff7f
N??CA?_EC_`oY?@WGo?	46	3fffffffffff
N??CA?_EC_`oY?@WWG?	46	3fffffffffff
N??CA?_EC_`oY?@WSG?	46	3fffffffffff
N??CA?_EC_`oY?@WQG?	46	3fffffffffff
N??CA?_EC_`oY?@WEG?	46	3fffffffffff
N??CA?_EC_`oY?@WOg?	46	3fffffffffff
N??CA?_EC_`oY?@WCg?	46	3ffff7dfdf7ff
N??CA?_EC_`oY?@WCW?	46	3fffffffffff
N??CA?_EC_`oY?@WAW?	46	3fffffffffff
N??CA?_EC_`oY?@W?w?	46	3fffffffffff
N??CA?_EC_`oY?@WOK?	46	3fffffffffff
N??CA?_EC_`oY?@WAK?	46	3fffffffffff
N??CA?_EC_`oY?@W?k?	46	3fffffff0ffff
N??CA?_EC_`oY?@W?[?	46	3fffffffffff
N??CA?_EC_`oX?@W[??	46	7ffffffffffe
N??CA?_EC_`oX?@WM??	46	7ffffffffffe
N??CA?_EC_`oX?@WX??	46	3fffffffffff
N??CA?_EC_`oX?@WL??	46	3ffffffff87ff
N??CA?_EC_`oX?@WKO?	46	3fffffffff87f
N??CA?_EC_`oX?@WHO?	46	3fffffffffff
N??CA?_EC_`oX?@WWG?	46	7ffffffff7ff
N??CA?_EC_`oX?@WSG?	46	7ffffffff7ff
N??CA?_EC_`oX?@WEG?	46	7fffffffff7f
N??CA?_EC_`oX?@WDG?	46	3ffff7dfdf7ff
N??CA?_EC_`oX?@WCW?	46	3bfffffbf7ffd
N??CA?_EC_`oW_@W[??	46	7ffffffdffff
N??CA?_EC_`oW_@WY??	46	fffffffdf7ff
N??CA?_EC_`oW_@WH_?	46	3fffffffffff
N??CA?_EC_`oW_@WWG?	46	3fffffffffff
N??CA?_EC_`oW_@WSG?	46	3fffffffffff
N??CA?_EC_`oW_@WQG?	46	3fffffffffff
N??CA?_EC_`oW_@WDG?	46	3fffffffffff
N??CA?_EC_`oW_@WCg?	46	3bfffffbf7ffd
N??CA?_EC_`oW_@WOK?	46	3fffffffffff
N??CA?_EC_`oW_@WAK?	46	3fffffffffff
N??CA?_EC_`oW_@W@K?	46	3fffffffffff
N??CA?_EC_`oW_@W?k?	46	2ffeffffffefb
N??CA?_EC_`oP_GW[??	46	3fffffffffff
N??CA?_EC_`oP_GWU??	46	2ffeffffffefb
N??CA?_EC_`oP_GWL??	46	3fffffffffff
N??CA?_EC_`oP_GWSG?	46	3fffffffffff
N??CA?_EC_`oP_GWCg?	46	3bfffffbf7ffd
N??CA?_EC_`oP_GWSC?	46	3fffffffffff
N??CA?_EC_`oQOHG[??	46	3fffffffffff
N??CA?_EC_`oQOHGM??	46	3fffffffffff
N??CA?_EC_`oQOHGK_?	46	7fffdffff87ff
N??CA?_EC_`oQOHGKO?	46	3fffffffffff
N??CA?_EC_`oQOHGKG?	46	7ffbfef7ef7ff
N??CA?_EC_`oPOHG[??	46	7ffffffffffe
N??CA?_EC_`oPOHGM??	46	7ffffffffffe
N??CA?_EC_`oPOHGL??	46	3ffffffff87ff
N??CA?_EC_`oPOHGKO?	46	3fffffffff87f
N??CA?_EC_`oOoHG[??	46	3fffffffffff
N??CA?_EC_`oOoHGK_?	46	7ff7ffffff87f
N??CA?_EC_`oOoHGKG?	46	7ffbffffff87f
N??CA?_EC_wGJ?@gL??	46	ffffffffef7f
N??CA?_EC_wGJ?@gK_?	46	fffffffdff7f
N??CA?_EC_wGJ?@gH_?	46	7ffffffff7ff
N??CA?_EC_wGJ?@gIO?	46	3fffffffdf6fe
N??CA?_EC_wGJ?@gKC?	46	fffffffd7fff
N??CA?_EC_wGJ?@gHC?	46	7ffffffeffff
N??CA?_EC_wGJ?@gGc?	46	fffffffe7fff
N??CA?_EC_wGJ?@gGS?	46	ffffffff7f7f
N??CA?_EC_wGB_HGL??	46	7fffffffff7f
N??CA?_EC_wGB_HGK_?	46	3fffffffdef7e
N??CA?_EC_wGB_HGKO?	46	3fffffffffff
N??CA?_EC_iGJ?@g[??	46	7fffffffefff
N??CA?_EC_iGJ?@gX??	46	3ffffffffe7f9
N??CA?_EC_iGJ?@gL??	46	fffffffeefff
N??CA?_EC_iGJ?@gHO?	46	7fffffffefff
N??CA?_EC_iGJ?@gKG?	46	fffffffdefff
N??CA?_EC_iGJ?@gWC?	46	7ffffffffffe
N??CA?_EC_iGJ?@gHC?	46	3fffffffffff
N??CA?_EC_iGJ?@gGS?	46	fffffffff6ff
N??CA?_EC_iGJ?@gGK?	46	7ffffffff7ff
N??CA?_EC_iGB_HG[??	46	ffffffffff7e
N??CA?_EC_iGB_HGL??	46	3fffffffffff
N??CA?_EC_iGB_HGK_?	46	3fffffffeeffc
N??CA?_EC_iGB_HGKG?	46	3ffffffffe7f9
N??CA?_EC_ggW_BGU??	46	fffffffffefb
N??CA?_EC_ggW_BGT??	46	3fffffffffff
N??CA?_EC_ggW_BGF??	46	3fffffffffff
N??CA?_EC_ggW_BGS_?	46	3fffffffffff
N??CA?_EC_ggW_BGBO?	46	3fffffffffe79
N??CA?_EC_ggW_BGSG?	46	fffffffdefff
N??CA?_EC_ggW_BGBG?	46	3fffffffffff
N??CA?_EC_ggW_BGOg?	46	3fffffffffff
N??CA?_EC_ggW_BGCW?	46	ffffffffd787f
N??CA?_EC_ggW_BGSC?	46	3fffffffffff
N??CA?_EC_ggW_BGQC?	46	ffffffff7ffd
N??CA?_EC_ggW_BGPC?	46	ffffffff7ffd
N??CA?_EC_ggW_BGBC?	46	3fffffffeeffc
N??CA?_EC_ggW_BGOc?	46	7fffffff7fff
N??CA?_EC_ggW_BGOS?	46	3fffffffffff
N??CA?_EC_ggW_BGAS?	46	3fffffffffff
N??CA?_EC_ggW_BGOK?	46	3fffffffffff
N??CA?_EC_ggW_BGCK?	46	3ffdbf739b7ee87d
N??CA?_EC_ggW_BGAK?	46	3fffffffffff
N??CA?_EC_ggW_BG?k?	46	3defbfffdea94fcc
N??CA?_EC_ggW_BG?[?	46	3bfffffbf7ffd
N??CA?_EC_ggWGB_T??	46	37fffbfffeffb
N??CA?_EC_ggWGB_F??	46	77ffebfffeffb
N??CA?_EC_ggWGB_S_?	46	7ffffffffffe
N??CA?_EC_ggWGB_E_?	46	7ffffffffffe
N??CA?_EC_ggWGB_D_?	46	3ffffffff87ff
N??CA?_EC_ggWGB_EO?	46	3fff7dfffeeff
N??CA?_EC_ggWGB_Co?	46	3fffffffff87f
N??CA?_EC_ggWGB_SG?	46	3fffffffd77fd
N??CA?_EC_ggWGB_SC?	46	3fffffffd77fd
N??CAA_K?WY?F?AoGS?	46	3fffffffffff
N??CAA_K?WY?F?AoCS?	46	3fffffffffff
N??CAA_K?WY?F?Ao?k?	46	3fffffffffff
N??CAA_K?WY?F?AoKA?	46	7ffffffff7ff
N??CAA_K?WY?F?AoCI?	46	3fffffffffff
N??CAA_K?WY?F?AoGE?	46	7fffffffff7f
N??CAA_K?WY?F?Ao?e?	46	3fffffffffff
N??CAA_K?WY?F?Ao?U?	46	3fffffffffff
N??CAA_K?WY?F?Ao?M?	46	3fffffffffff
N??CAA_K?WY?F?AoCD?	46	3fffffffffff
N??CAA_K?WY?F?Ao?d?	46	3fffffffffff
N??CAA_K?WY?F?Ao?F?	46	3fffffffffff
N??CAA_K?WY?F??q@c?	46	3fffffffffff
N??CAA_K?WY?F??qKA?	46	7ffffffdffff
N??CAA_K?WY?F??qCQ?	46	3fffffffffff
N??CAA_K?WY?F??qCI?	46	3fffffffffff
N??CAA_K?WY?F??qGE?	46	7fffffff7fff
N??CAA_K?WY?F??q?U?	46	3fffffffffff
N??CAA_K?WY?F??q?M?	46	3fffffffffff
N??CAA_K?WY?EOB_Gg?	46	3ffff7dfdf7ff
N??CAA_K?WY?EOB_Gc?	46	3fffffffffff
N??CAA_K?WY?EOB_Cc?	46	3fffffffffff
N??CAA_K?WY?EOB_GS?	46	3fffffffffff
N??CAA_K?WY?EOB_CS?	46	3fffffffffff
N??CAA_K?WY?EOB_CK?	46	3fffffffffff
N??CAA_K?WY?EOB_KA?	46	3fffffffffff
N??CAA_K?WY?EOB_Ga?	46	3fffffffffff
N??CAA_K?WY?EOB_Ca?	46	3fffffffffff
N??CAA_K?WY?EOB_GI?	46	3fffffffffff
N??CAA_K?WY?EOB_CI?	46	3fffffffffff
N??CAA_K?WY?EOB_GE?	46	3fffffffffff
N??CAA_K?WY?EOB_?e?	46	3fffffffffff
N??CAA_K?WY?EOB_?U?	46	3fffffffffff
N??CAA_K?WY?EOB_?M?	46	3fffffffffff
N??CAA_K?WY?EOB_?h?	46	3ffffffe97fff
N??CAA_K?WY?EOB_?L?	46	3fffffffffff
N??CAA_K?WY?EOB_CB?	46	3fffffffffff
N??CAA_K?WY?EOB_?J?	46	3fffffffffff
N??CAA_K?WY?EOB_?F?	46	3fffffffffff
N??CAA_K?WY?EO@oH_?	46	3ffff7dfdf7ff
N??CAA_K?WY?EO@oHA?	46	3fffffffffff
N??CAA_K?WY?CoR?@g?	46	3ffff7dfdf7ff
N??CAA_K?WY?CoR?@I?	46	3fffffffffff
N??CAA_K?WY?CoR?@E?	46	3fffffffffff
N??CAA_K?WY?CoR??F?	46	3fffffffffff
N??CAA_K?WY?CoJ?H_?	46	7ffffffdffff
N??CAA_K?WY?CoJ?@o?	46	7ffffffdffff
N??CAA_K?WY?CoJ?@g?	46	7ffffffdffff
N??CAA_K?WY?CoJ?@E?	46	3fffffffffff
N??CAA_K?WY?CoJ?@H?	46	7ffffffeffff
N??CAA_K?WY?CoJ??F?	46	3fffffffffff
N??CAA_K?WY?CoB_H_?	46	3ffff7dfdf7ff
N??CAA_K?WY?CoB_@g?	46	3ffdffdfdff7f
N??CAA_K?WY?CoB_HC?	46	3fffffffffff
N??CAA_K?WY?CoB_DC?	46	3fffffffffff
N??CAA_K?WY?CoB_@c?	46	3fffffffffff
N??CAA_K?WY?CoB_@K?	46	3fffffffffff
N??CAA_K?WY?CoB_HA?	46	3fffffffffff
N??CAA_K?WY?CoB_@a?	46	3fffffffffff
N??CAA_K?WY?CoB_@I?	46	3fffffffffff
N??CAA_K?WY?CoB_@E?	46	3fffffffffff
N??CAA_K?WY?CoB_CD?	46	3fffffffffff
N??CAA_K?WY?CoB_GB?	46	3fffffffffff
N??CAA_K?WY?CoB_CB?	46	3fffffffffff
N??CAA_K?WY?CoB_?F?	46	3fffffffffff
N??CAA_K?WY?CoBOHA?	46	3fffffffffff
N??CAA_K?WY?CoBGH_?	46	3fffffffffff
N??CAA_K?WY?CoBGD_?	46	3fffffffffff
N??CAA_K?WY?CoBGHO?	46	3fffffffffff
N??CAA_K?WY?CoBGDO?	46	3fffffffffff
N??CAA_K?WY?CoBGDG?	46	3fffffffffff
N??CAA_K?WY?CoBG@g?	46	3fffffffffff
N??CAA_K?WY?CoBGHA?	46	3fffffffffff
N??CAA_K?WY?CoBGDA?	46	3fffffffffff
N??CAA_K?WY?CoBG@a?	46	3fffffffffff
N??CAA_K?WY?CoBGCP?	46	3fffffffffff
N??CAA_K?WY?CoBGCH?	46	3fffffffffff
N??CAA_K?WY?CoBG@H?	46	3fffffffffff
N??CAA_K?WY?CoBG?X?	46	3fffffffffff
N??CAA_K?WY?CoBGGB?	46	3fffffffffff
N??CAA_K?WY?CoBGCB?	46	3fffffffffff
N??CAA_K?WY?CoBG@B?	46	3fffffffffff
N??CAA_K?WY?CoBCL??	46	3fffffffffff
N??CAA_K?WY?CoBCH_?	46	3fffffffffff
N??CAA_K?WY?CoBCD_?	46	3fffffffffff
N??CAA_K?WY?CoBCHO?	46	3fffffffffff
N??CAA_K?WY?CoBCDO?	46	3fffffffffff
N??CAA_K?WY?CoBCHG?	46	3fffffffffff
N??CAA_K?WY?CoBC@g?	46	3fffffffffff
N??CAA_K?WY?CoBCK@?	46	3fffffffffff
N??CAA_K?WY?CoBCCP?	46	3fffffffffff
N??CAA_K?WY?CWB_H_?	46	3fffffffffff
N??CAA_K?WY?CWB_HO?	46	3fffffffffff
N??CAA_K?WY?CWB_DG?	46	3fffffffffff
N??CAA_K?WY?CWB_@g?	46	3fffffffffff
N??CAA_K?WY?CWB_@W?	46	3fffffffffff
N??CAA_K?WY?CWB_H@?	46	3fffffffffff
N??CAA_K?WY?CWB_CH?	46	7ffffffff7ff
N??CAA_K?WY?CWB_@H?	46	3fffffffffff
N??CAA_K?WY?CWB_?X?	46	3fffffffffff
N??CAA_K?WY?AWP_D_?	46	3fffffffffff
N??CAA_K?WY?AWP_B_?	46	3fffffffffff
N??CAA_K?WY?AWP_EO?	46	3ffffffffffcc
N??CAA_K?WY?AWP_Ao?	46	3fffffffffff
N??CAA_K?WY?AWP_@o?	46	3ffffffffffd2
N??CAA_K?WY?AWP_EG?	46	3ffffffffffcc
N??CAA_K?WY?AWP_@g?	46	3ffffffffffd2
N??CAA_K?WY?AWP_@a?	46	3fffffffffff
N??CAA_K?WY?AW@oM??	46	3ffffffffffcc
N??CAA_K?WY?AW@oF??	46	3fffffffffff
N??CAA_K?WY?AW@oH_?	46	3ffffffffffd2
N??CAA_K?WY?AW@oCQ?	46	3ffdf7ffff77f
N??CAA_K?WY?BCAoM??	46	7ffffffff7ff
N??CAA_K?WY?BCAoKO?	46	3fffffffffff
N??CAA_K?WY?BCAoEG?	46	3fffffffffff
N??CAA_K?WY?BCAoCg?	46	3fffffffffff
N??CAA_K?WY?BCAoAg?	46	3fffffffffff
N??CAA_K?WY?BCAoKC?	46	7fffffffff7f
N??CAA_K?WY?BCAoGc?	46	3fffffffffff
N??CAA_K?WY?BCAo?k?	46	3fffffffffff
N??CAA_K?WY?BCAoG`?	46	3fffffffffff
N??CAA_K?WY?BC?qM??	46	7ffffffdffff
N??CAA_K?WY?BC?qH_?	46	3fffffffffff
N??CAA_K?WY?BC?qKO?	46	3fffffffffff
N??CAA_K?WY?BC?qEO?	46	3fffffffffff
N??CAA_K?WY?BC?qEG?	46	3fffffffffff
N??CAA_K?WY?BC?qDG?	46	3fffffffffff
N??CAA_K?WY?BC?qKC?	46	7fffffff7fff
N??CAA_K?WY?BC?qHC?	46	3fffffffffff
N??CAA_K?WY?ASB_K_?	46	3fffffffffff
N??CAA_K?WY?ASB_I_?	46	3fffffffffff
N??CAA_K?WY?ASB_E_?	46	3fffffffffff
N??CAA_K?WY?ASB_KO?	46	3fffffffffff
N??CAA_K?WY?ASB_EG?	46	3fffffffffff
N??CAA_K?WY?ASB_Gg?	46	3fffffffffff
N??CAA_K?WY?ASB_Cg?	46	3fffffffffff
N??CAA_K?WY?ASB_Ag?	46	3fffffffffff
N??CAA_K?WY?ASB_KC?	46	3fffffffffff
N??CAA_K?WY?ASB_IC?	46	3fffffffffff
N??CAA_K?WY?ASB_Gc?	46	3fffffffffff
N??CAA_K?WY?ASB_Cc?	46	3fffffffffff
N??CAA_K?WY?ASB_Ac?	46	3fffffffffff
N??CAA_K?WY?ASB_GK?	46	3fffffffffff
N??CAA_K?WY?ASB_AK?	46	3fffffffffff
N??CAA_K?WY?ASB_?k?	46	3fffffffffff
N??CAA_K?WY?ASB_?[?	46	3fffffffffff
N??CAA_K?WY?ASB_K@?	46	3fffffffffff
N??CAA_K?WY?ASB_E@?	46	3fffffffffff
N??CAA_K?WY?ASB_C`?	46	3fffffffffff
N??CAA_K?WY?ASB_CH?	46	3fffffffffff
N??CAA_K?WY?ASB_AH?	46	3fffffffffff
N??CAA_K?WY?ASB_GD?	46	3fffffffffff
N??CAA_K?WY?ASB_AD?	46	3fffffffffff
N??CAA_K?WY?ASB_?L?	46	3fffffffffff
N??CAA_K?WY??sR?D_?	46	3fffffffffff
N??CAA_K?WY??sR?DG?	46	3fffffffffff
N??CAA_K?WY??sR?@g?	46	3fffffffffff
N??CAA_K?WY??sR?@W?	46	3fffffffffff
N??CAA_K?WY??sR?@c?	46	3fffffffffff
N??CAA_K?WY??sR?@K?	46	3fffffffffff
N??CAA_K?WY??sR?CH?	46	3fffffffffff
N??CAA_K?WY??sR??X?	46	3fffffffffff
N??CAA_K?WY??sR?@D?	46	3fffffffffff
N??CAA_K?WY??sR??L?	46	3fffffffffff
N??CAA_K?WY??sF?L??	46	3fffffffffff
N??CAA_K?WY??sF?H_?	46	3fffffffffff
N??CAA_K?WY??sF?HO?	46	3fffffffffff
N??CAA_K?WY??sF?@o?	46	3fffffffffff
N??CAA_K?WY??sF?HG?	46	3fffffffffff
N??CAA_K?WY??sF?@g?	46	3fffffffffff
N??CAA_K?WY??sF?@K?	46	3fffffffffff
N??CAA_K?WY??sF?K@?	46	3fffffffffff
N??CAA_K?WY??sF?GP?	46	3fffffffffff
N??CAA_K?WY??sF?GH?	46	3fffffffffff
N??CAA_K?WY??sF??X?	46	3fffffffffff
N??CAA_K?WY??sF??L?	46	3fffffffffff
N??CAA_K?WX?L??qJ??	46	3fffffffffff
N??CAA_K?WX?L??qI_?	46	3fffffffffff
N??CAA_K?WX?L??qAo?	46	3fffffffffff
N??CAA_K?WX?L??q@o?	46	3fffffffffff
N??CAA_K?WX?L??qIG?	46	3fffffffffff
N??CAA_K?WX?L??qAg?	46	3fffffffffff
N??CAA_K?WX?L??qAW?	46	3fffffffffff
N??CAA_K?WX?L??qIC?	46	3fffffffffff
N??CAA_K?WX?F?CoGo?	46	3ffff7dfdf7ff
N??CAA_K?WX?F?CoCK?	46	3fffffffffff
N??CAA_K?WX?F?Co?k?	46	3fffffffffff
N??CAA_K?WX?F?CoKA?	46	3fffffffffff
N??CAA_K?WX?F?CoCI?	46	3fffffffffff
N??CAA_K?WX?F?Co?Y?	46	3fffffffffff
N??CAA_K?WX?F?CoGE?	46	3fffffffffff
N??CAA_K?WX?F?Co?e?	46	3fffffffffff
N??CAA_K?WX?F?Co?U?	46	3fffffffffff
N??CAA_K?WX?F?Co?M?	46	3fffffffffff
N??CAA_K?WX?F?CoGP?	46	3fffffff0ffff
N??CAA_K?WX?F?CoCD?	46	3fffffffffff
N??CAA_K?WX?F?Co?d?	46	3fffffffffff
N??CAA_K?WX?F?Co?F?	46	3fffffffffff
N??CAA_K?WX?F?@oCK?	46	3fffffffffff
N??CAA_K?WX?F?@oKA?	46	3fffffffffff
N??CAA_K?WX?F?@oCQ?	46	3fffffffffff
N??CAA_K?WX?F?@oCI?	46	3fffffffffff
N??CAA_K?WX?F?@o?M?	46	3fffffffffff
N??CAA_K?WX?F?@oAP?	46	3ffffffe97fff
N??CAA_K?WX?F?@oGH?	46	2ffdeff7fe70fccc
N??CAA_K?WX?F?@o?X?	46	3faeffff75e937d2
N??CAA_K?WX?F?@oCD?	46	3fffffffffff
N??CAA_K?WX?F?@o?L?	46	1ffffffffb7fe
N??CAA_K?WX?F?@oCB?	46	3fffffffffff
N??CAA_K?WX?F?@o?F?	46	3fffffffffff
N??CAA_K?WX?F??qCo?	46	3fffffffffff
N??CAA_K?WX?F??qAo?	46	3ffffffe97fff
N??CAA_K?WX?F??qGg?	46	2ffdeff7fe70fccc
N??CAA_K?WX?F??qGW?	46	2ffdeff7fe70fccc
N??CAA_K?WX?F??qEC?	46	3fffffffffff
N??CAA_K?WX?F??qKA?	46	3fffffffffff
N??CAA_K?WX?F??qCa?	46	3fffffffffff
N??CAA_K?WX?F??qGQ?	46	3fffffffffff
N??CAA_K?WX?F??qCQ?	46	3fffffffffff
N??CAA_K?WX?F??qCI?	46	3fffffffffff
N??CAA_K?WX?F??qCE?	46	3fffffffffff
N??CAA_K?WX?F??q?e?	46	3fffffffffff
N??CAA_K?WX?F??q?U?	46	3fffffffffff
N??CAA_K?WX?F??q?M?	46	3fffffffffff
N??CAA_K?WX?E_POEG?	46	3fffffffffff
N??CAA_K?WX?E_POCS?	46	3fff7fefdfeff
N??CAA_K?WX?E_POAS?	46	3fff7fefdfeff
N??CAA_K?WX?E_POEA?	46	3ffffdefdefff
N??CAA_K?WX?E_POCa?	46	3fffffffffff
N??CAA_K?WX?E_POCI?	46	3fffffffffff
N??CAA_K?WX?E_POAI?	46	3fffffffffff
N??CAA_K?WX?E_PO?Y?	46	3fffffffffff
N??CAA_K?WX?E_POE@?	46	3fffffffffff
N??CAA_K?WX?E_POCH?	46	3fffffffffff
N??CAA_K?WX?E_PO?T?	46	3ffffffffffcc
N??CAA_K?WX?E_POCB?	46	3fffffffffff
N??CAA_K?WX?E_PO?J?	46	3fffffffffff
N??CAA_K?WX?E_PO?F?	46	3fffffffffff
N??CAA_K?WX?E_HOI_?	46	3fffffffffff
N??CAA_K?WX?E_HOIO?	46	3fffffffffff
N??CAA_K?WX?E_HOAo?	46	3fffffffffff
N??CAA_K?WX?E_HOIG?	46	3fffffffffff
N??CAA_K?WX?E_HOGg?	46	3fffffffffff
N??CAA_K?WX?E_HOAg?	46	3fffffffffff
N??CAA_K?WX?E_HOAW?	46	3fffffffffff
N??CAA_K?WX?E_HO?w?	46	3fffffffffff
N??CAA_K?WX?E_HOAc?	46	3fffffffffff
N??CAA_K?WX?E_HO?s?	46	3fffffffffff
N??CAA_K?WX?E_HOAK?	46	3fffffffffff
N??CAA_K?WX?E_HO?k?	46	3fffffffffff
N??CAA_K?WX?E_HO?[?	46	3fffffffffff
N??CAA_K?WX?E_HOIA?	46	3fffffffffff
N??CAA_K?WX?E_HOGa?	46	3fffffffffff
N??CAA_K?WX?E_HOAa?	46	3fffffffffff
N??CAA_K?WX?E_HO?q?	46	3fffffffffff
N??CAA_K?WX?E_HOGI?	46	3fffffffffff
N??CAA_K?WX?E_HO?i?	46	3fffffffffff
N??CAA_K?WX?E_HO?Y?	46	3fffffffffff
N??CAA_K?WX?E_HOGE?	46	3fffffffffff
N??CAA_K?WX?E_HO?e?	46	3fffffffffff
N??CAA_K?WX?E_HO?M?	46	3fffffffffff
N??CAA_K?WX?E_HOI@?	46	3fffffffffff
N??CAA_K?WX?E_HOGP?	46	3fffffffffff
N??CAA_K?WX?E_HOAP?	46	3fffffffffff
N??CAA_K?WX?E_HOAH?	46	3fffffffffff
N??CAA_K?WX?E_HO?X?	46	3fffffffffff
N??CAA_K?WX?E_HOGD?	46	3fffffffffff
N??CAA_K?WX?E_HO?L?	46	3fffffffffff
N??CAA_K?WX?E_HOGB?	46	3fffffffffff
N??CAA_K?WX?E_HO?b?	46	3fffffffffff
N??CAA_K?WX?E_HO?J?	46	3fffffffffff
N??CAA_K?WX?E_HO?F?	46	3fffffffffff
N??CAA_K?WX?E_DOK_?	46	3fffffffffff
N??CAA_K?WX?E_DOGo?	46	3ffff7dfdf7ff
N??CAA_K?WX?E_DOGg?	46	3ffff7dfdf7ff
N??CAA_K?WX?E_DOCW?	46	3fffffffffff
N??CAA_K?WX?E_DO?w?	46	3ffdffdfdff7f
N??CAA_K?WX?E_DOCc?	46	3fffffffffff
N??CAA_K?WX?E_DO?k?	46	3fffffffffff
N??CAA_K?WX?E_DOKA?	46	3fffffffffff
N??CAA_K?WX?E_DOGa?	46	3fffffffffff
N??CAA_K?WX?E_DOCa?	46	3fffffffffff
N??CAA_K?WX?E_DO?q?	46	3fffffffffff
N??CAA_K?WX?E_DOCI?	46	3fffffffffff
N??CAA_K?WX?E_DO?Y?	46	3fffffffffff
N??CAA_K?WX?E_DOGE?	46	3fffffffffff
N??CAA_K?WX?E_DO?e?	46	3fffffffffff
N??CAA_K?WX?E_DO?U?	46	3fffffffffff
N??CAA_K?WX?E_DO?M?	46	3fffffffffff
N??CAA_K?WX?E_DOGP?	46	3fffffff0ffff
N??CAA_K?WX?E_DO?X?	46	3ffffffe97fff
N??CAA_K?WX?E_DOGD?	46	3fffffffffff
N??CAA_K?WX?E_DOCB?	46	3fffffffffff
N??CAA_K?WX?E_DO?F?	46	3fffffffffff
N??CAA_K?WX?E_@oM??	46	3fffffffffff
N??CAA_K?WX?E_@oI_?	46	3ffff7dfdf7ff
N??CAA_K?WX?E_@oE_?	46	3fffffffffff
N??CAA_K?WX?E_@oEG?	46	3fffffffffff
N??CAA_K?WX?E_@oGg?	46	3faeffff75e937d2
N??CAA_K?WX?E_@oEC?	46	3fffffffffff
N??CAA_K?WX?E_@oGc?	46	3ffffffffffd2
N??CAA_K?WX?E_@oCc?	46	3fffffffffff
N??CAA_K?WX?E_@oAc?	46	3fffffffffff
N??CAA_K?WX?E_@oCK?	46	3fffffffffff
N??CAA_K?WX?E_@oKA?	46	3fffffffffff
N??CAA_K?WX?E_@oGa?	46	3fffffffffff
N??CAA_K?WX?E_@oCa?	46	3fffffffffff
N??CAA_K?WX?E_@oGE?	46	3fffffffffff
N??CAA_K?WX?E_@oK@?	46	3fffffffffff
N??CAA_K?WX?E_@oI@?	46	3fffffff0ffff
N??CAA_K?WX?B_KOI_?	46	3fffffffffff
N??CAA_K?WX?B_KOIO?	46	3fffffffffff
N??CAA_K?WX?B_KOAo?	46	3fffffffffff
N??CAA_K?WX?B_KOGg?	46	3fffffffffff
N??CAA_K?WX?B_KOAg?	46	3fffffffffff
N??CAA_K?WX?B_KOAW?	46	3fffffffffff
N??CAA_K?WX?B_KO?w?	46	3fffffffffff
N??CAA_K?WX?B_KOAc?	46	3fffffffffff
N??CAA_K?WX?B_KO?k?	46	3fffffffffff
N??CAA_K?WX?B_KO?[?	46	3fffffffffff
N??CAA_K?WX?B_KOIA?	46	3fffffffffff
N??CAA_K?WX?B_KOGa?	46	3fffffffffff
N??CAA_K?WX?B_KOAa?	46	3fffffffffff
N??CAA_K?WX?B_KOGI?	46	3fffffffffff
N??CAA_K?WX?B_KO?i?	46	3fffffffffff
N??CAA_K?WX?B_KO?Y?	46	3fffffffffff
N??CAA_K?WX?B_KOGE?	46	3fffffffffff
N??CAA_K?WX?B_KO?e?	46	3fffffffffff
N??CAA_K?WX?B_KO?M?	46	3fffffffffff
N??CAA_K?WX?B_KOI@?	46	3fffffffffff
N??CAA_K?WX?B_KOG`?	46	3ffdffdfdff7f
N??CAA_K?WX?B_KOA`?	46	3fffffffffff
N??CAA_K?WX?B_KOAH?	46	3fffffffffff
N??CAA_K?WX?B_KO?L?	46	3fffffffffff
N??CAA_K?WX?B_KOGB?	46	3fffffffffff
N??CAA_K?WX?B_KO?b?	46	3fffffffffff
N??CAA_K?WX?B_KO?J?	46	3fffffffffff
N??CAA_K?WX?B_KO?F?	46	3fffffffffff
N??CAA_K?WX?B_DOM??	46	3fffffffffff
N??CAA_K?WX?B_DOEC?	46	3fffffffffff
N??CAA_K?WX?B_DOKA?	46	3fffffffffff
N??CAA_K?WX?B_DOEA?	46	3fffffffffff
N??CAA_K?WX?B_DOCI?	46	3fffffffffff
N??CAA_K?WX?B_DOCE?	46	3fffffffffff
N??CAA_K?WX?B_DOAE?	46	3fffffffffff
N??CAA_K?WX?B_DO?M?	46	3fffffffffff
N??CAA_K?WX?B_DOK@?	46	3fffffffffff
N??CAA_K?WX?B_DOE@?	46	3fffffffffff
N??CAA_K?WX?B_DOAP?	46	3ffffffe97fff
N??CAA_K?WX?B_DOGH?	46	2ffdeff7fe70fccc
N??CAA_K?WX?B_DOCB?	46	3fffffffffff
N??CAA_K?WX?B_CoM??	46	3fffffffffff
N??CAA_K?WX?B_CoE_?	46	3fffffffffff
N??CAA_K?WX?B_CoCg?	46	3fffffffffff
N??CAA_K?WX?B_CoEC?	46	3fffffffffff
N??CAA_K?WX?B_CoCK?	46	3fffffffffff
N??CAA_K?WX?B_CoAK?	46	3fffffffffff
N??CAA_K?WX?B_CoKA?	46	3fffffffffff
N??CAA_K?WX?B_CoCa?	46	3fffffffffff
N??CAA_K?WX?B_CoCI?	46	3fffffffffff
N??CAA_K?WX?B_CoAI?	46	3fffffffffff
N??CAA_K?WX?B_CoGE?	46	3fffffffffff
N??CAA_K?WX?B_CoAE?	46	3fffffffffff
N??CAA_K?WX?B_CoCB?	46	3fffffffffff
N??CAA_K?WX?B_CWM??	46	3fffffffffff
N??CAA_K?WX?B_CWE_?	46	3fffffffffff
N??CAA_K?WX?B_CWEO?	46	3fffffffffff
N??CAA_K?WX?B_CWKG?	46	3fffffffffff
N??CAA_K?WX?B_CWEG?	46	3fffffffffff
N??CAA_K?WX?B_CWCg?	46	3fffffffffff
N??CAA_K?WX?B_CWAg?	46	3fffffffffff
N??CAA_K?WX?B_CWCW?	46	3fffffffffff
N??CAA_K?WX?B_CWKA?	46	3fffffffffff
N??CAA_K?WX?B_CWIA?	46	3fffffffffff
N??CAA_K?WX?B_CWEA?	46	3fffffffffff
N??CAA_K?WX?B_CWCa?	46	3fffffffffff
N??CAA_K?WX?B_CWAa?	46	3fffffffffff
N??CAA_K?WX?B_CWCI?	46	3fffffffffff
N??CAA_K?WX?B_CW?i?	46	3fffffffffff
N??CAA_K?WX?B_CWE@?	46	3fffffffffff
N??CAA_K?WX?B_CWCH?	46	3fffffffffff
N??CAA_K?WX?B_CWAH?	46	3fffffffffff
N??CAA_K?WX?B_CWCB?	46	3fffffffffff
N??CAA_K?WX?B_CWAB?	46	3fffffffffff
N??CAA_K?WX?B_CQM??	46	3fffffffffff
N??CAA_K?WX?B_CQK_?	46	3fffffffffff
N??CAA_K?WX?B_CQE_?	46	3fffffffffff
N??CAA_K?WX?B_CQAo?	46	3ffffffe97fff
N??CAA_K?WX?B_CQGg?	46	2ffdeff7fe70fccc
N??CAA_K?WX?B_CQ?w?	46	3faeffff75e937d2
N??CAA_K?WX?B_CQKA?	46	3fffffffffff
N??CAA_K?WX?B_CQEA?	46	3fffffffffff
N??CAA_K?WX?B_CQCa?	46	3fffffffffff
N??CAA_K?WX?B_CQCI?	46	3fffffffffff
N??CAA_K?WX?B_CQCE?	46	3fffffffffff
N??CAA_K?WX?B_CQAE?	46	3fffffffffff
N??CAA_K?WX?B_CQ?M?	46	3fffffffffff
N??CAA_K?WX?EOP_EC?	46	3fffffffffff
N??CAA_K?WX?EOP_CK?	46	3fffffffffff
N??CAA_K?WX?EOP_Ca?	46	3fffffffffff
N??CAA_K?WX?EOP_CQ?	46	3fffffffffff
N??CAA_K?WX?EOP_CI?	46	3fffffffffff
N??CAA_K?WX?EOP_?Y?	46	3fffffffffff
N??CAA_K?WX?EOP_?M?	46	3fffffffffff
N??CAA_K?WX?EOP_E@?	46	3fffffffffff
N??CAA_K?WX?EOP_?h?	46	2ffdeff7fe70fccc
N??CAA_K?WX?EOP_CB?	46	3fffffffffff
N??CAA_K?WX?EOP_?R?	46	3fffffffffff
N??CAA_K?WX?EOP_?F?	46	3fffffffffff
N??CAA_K?WX?EOD_KC?	46	3fffffffffff
N??CAA_K?WX?EOD_Cc?	46	3fffffffffff
N??CAA_K?WX?EOD_GS?	46	3fffffffffff
N??CAA_K?WX?EOD_CK?	46	3fffffffffff
N??CAA_K?WX?EOD_?k?	46	3fffffffffff
N??CAA_K?WX?EOD_KA?	46	3fffffffffff
N??CAA_K?WX?EOD_Ca?	46	3fffffffffff
N??CAA_K?WX?EOD_?q?	46	3fffffffffff
N??CAA_K?WX?EOD_CI?	46	3fffffffffff
N??CAA_K?WX?EOD_?Y?	46	3fffffffffff
N??CAA_K?WX?EOD_GE?	46	3fffffffffff
N??CAA_K?WX?EOD_?e?	46	3fffffffffff
N??CAA_K?WX?EOD_?U?	46	3fffffffffff
N??CAA_K?WX?EOD_?M?	46	3fffffffffff
N??CAA_K?WX?EOD_K@?	46	3fffffffffff
N??CAA_K?WX?EOD_GP?	46	3fffffff0ffff
N??CAA_K?WX?EOD_?L?	46	3fffffffffff
N??CAA_K?WX?EOD_CB?	46	3fffffffffff
N??CAA_K?WX?EOD_?F?	46	3fffffffffff
N??CAA_K?WX?EO@oGo?	46	3faeffff75e937d2
N??CAA_K?WX?EO@oKC?	46	3fffffffffff
N??CAA_K?WX?EO@oEC?	46	3fffffffffff
N??CAA_K?WX?EO@oGS?	46	3ffffffffffd2
N??CAA_K?WX?EO@oKA?	46	3fffffffffff
N??CAA_K?WX?EO@oCa?	46	3fffffffffff
N??CAA_K?WX?EO@oCQ?	46	3fffffffffff
N??CAA_K?WX?EO@oGE?	46	3fffffffffff
N??CAA_K?WX?EO@oCE?	46	3fffffffffff
N??CAA_K?WX?EO@oAE?	46	3fffffffffff
N??CAA_K?WX?EO@o?e?	46	3fffffffffff
N??CAA_K?WX?EO@oE@?	46	3fffffffffff
N??CAA_K?WX?EO@oG`?	46	2ffdeff7fe70fccc
N??CAA_K?WX?EO@oCB?	46	3fffffffffff
N??CAA_K?WX?HOCaJ??	46	3fffffffffff
N??CAA_K?WX?HOCaB_?	46	3fffffffffff
N??CAA_K?WX?HOCa@o?	46	3fffffffffff
N??CAA_K?WX?HOCaIG?	46	3fffffffffff
N??CAA_K?WX?HOCaAg?	46	3fffffffffff
N??CAA_K?WX?HOCaAW?	46	3fffffffffff
N??CAA_K?WX?HOCa?w?	46	3fffffffffff
N??CAA_K?WX?HOCa@c?	46	3fffffffffff
N??CAA_K?WX?HOCa?[?	46	3fffffffffff
N??CAA_K?WX?HOCa?i?	46	3fffffffffff
N??CAA_K?WX?BOD_M??	46	3fffffffffff
N??CAA_K?WX?BOD_EC?	46	3fffffffffff
N??CAA_K?WX?BOD_KA?	46	3fffffffffff
N??CAA_K?WX?BOD_CQ?	46	3fffffffffff
N??CAA_K?WX?BOD_AE?	46	3fffffffffff
N??CAA_K?WX?BOD_K@?	46	3fffffffffff
N??CAA_K?WX?BOD_CB?	46	3fffffffffff
N??CAA_K?WX?BOD_?F?	46	3fffffffffff
N??CAA_K?WX?BOCoKA?	46	3fffffffffff
N??CAA_K?WX?AoT?EG?	46	3fffffffffff
N??CAA_K?WX?AoT?Cg?	46	3fffffffffff
N??CAA_K?WX?AoT?Ag?	46	3ffff7dfdf7ff
N??CAA_K?WX?AoT?AW?	46	3ffff7dfdf7ff
N??CAA_K?WX?AoT??w?	46	3faeffff75e937d2
N??CAA_K?WX?AoT?EA?	46	3fffffffffff
N??CAA_K?WX?AoT?Ca?	46	3fffffffffff
N??CAA_K?WX?AoT?CI?	46	3fffffffffff
N??CAA_K?WX?AoT?AI?	46	3fffffffffff
N??CAA_K?WX?AoT?AE?	46	3fffffffffff
N??CAA_K?WX?AoT?E@?	46	3fffffffffff
N??CAA_K?WX?AoT??h?	46	2ffdeff7fe70fccc
N??CAA_K?WX?AoT?CB?	46	3fffffffffff
N??CAA_K?WX?AoL?I_?	46	3fffffffffff
N??CAA_K?WX?AoL?Ao?	46	3fffffffffff
N??CAA_K?WX?AoL?IG?	46	3fffffffffff
N??CAA_K?WX?AoL?Gg?	46	3fffffffffff
N??CAA_K?WX?AoL?Ag?	46	3fffffffffff
N??CAA_K?WX?AoL?AW?	46	3fffffffffff
N??CAA_K?WX?AoL??w?	46	3fffffffffff
N??CAA_K?WX?AoL?AS?	46	3fffffffffff
N??CAA_K?WX?AoL??s?	46	3fffffffffff
N??CAA_K?WX?AoL?AK?	46	3fffffffffff
N??CAA_K?WX?AoL??k?	46	3fffffffffff
N??CAA_K?WX?AoL?Ga?	46	3fffffffffff
N??CAA_K?WX?AoL??q?	46	3fffffffffff
N??CAA_K?WX?AoL?GI?	46	3fffffffffff
N??CAA_K?WX?AoL?AI?	46	3fffffffffff
N??CAA_K?WX?AoL??i?	46	3fffffffffff
N??CAA_K?WX?AoL??Y?	46	3fffffffffff
N??CAA_K?WX?AoL?GE?	46	3fffffffffff
N??CAA_K?WX?AoL??e?	46	3fffffffffff
N??CAA_K?WX?AoL??M?	46	3fffffffffff
N??CAA_K?WX?AoL?I@?	46	3fffffffffff
N??CAA_K?WX?AoL?GP?	46	1ffffff7efffd
N??CAA_K?WX?AoL?AP?	46	3fffffffffff
N??CAA_K?WX?AoL?AH?	46	3fffffffffff
N??CAA_K?WX?AoL??X?	46	3ffff7dfdf7ff
N??CAA_K?WX?AoL?GB?	46	3fffffffffff
N??CAA_K?WX?AoL?AB?	46	3fffffffffff
N??CAA_K?WX?AoL??b?	46	3fffffffffff
N??CAA_K?WX?AoL??R?	46	3fffffffffff
N??CAA_K?WX?AoL??F?	46	3fffffffffff
N??CAA_K?WX?AoD_IG?	46	3ffff7dfdf7ff
N??CAA_K?WX?AoD_EG?	46	3fffffffffff
N??CAA_K?WX?AoD_Gg?	46	3faeffff75e937d2
N??CAA_K?WX?AoD_Cg?	46	3fffffffffff
N??CAA_K?WX?AoD_IC?	46	3fffffffffff
N??CAA_K?WX?AoD_EC?	46	3fffffffffff
N??CAA_K?WX?AoD_Cc?	46	3fffffffffff
N??CAA_K?WX?AoD_Ac?	46	3fffffffffff
N??CAA_K?WX?AoD_AK?	46	3fffffffffff
N??CAA_K?WX?AoD_KA?	46	3fffffffffff
N??CAA_K?WX?AoD_Ca?	46	3fffffffffff
N??CAA_K?WX?AoD_Aa?	46	3fffffffffff
N??CAA_K?WX?AoD_CI?	46	3fffffffffff
N??CAA_K?WX?AoD_AI?	46	3fffffffffff
N??CAA_K?WX?AoD_GE?	46	3fffffffffff
N??CAA_K?WX?AoD_AE?	46	3fffffffffff
N??CAA_K?WX?AoD_?e?	46	3fffffffffff
N??CAA_K?WX?AoD_K@?	46	3fffffffffff
N??CAA_K?WX?AoD_E@?	46	3fffffffffff
N??CAA_K?WX?AoD_CH?	46	3fffffffffff
N??CAA_K?WX?AoD_AH?	46	3ffffffe97fff
N??CAA_K?WX?AoD_CB?	46	3fffffffffff
N??CAA_K?WX?AoD_?F?	46	3fffffffffff
N??CAA_K?WX?AoDOK_?	46	3fffffffffff
N??CAA_K?WX?AoDOIO?	46	3ffff7dfdf7ff
N??CAA_K?WX?AoDOGo?	46	3faeffff75e937d2
N??CAA_K?WX?AoDOKA?	46	3fffffffffff
N??CAA_K?WX?AoDOEA?	46	3fffffffffff
N??CAA_K?WX?AoDOCa?	46	3fffffffffff
N??CAA_K?WX?AoDOCQ?	46	3fffffffffff
N??CAA_K?WX?AoDOAE?	46	3fffffffffff
N??CAA_K?WX?AoDO?e?	46	3fffffffffff
N??CAA_K?WX?AoDOG`?	46	2ffdeff7fe70fccc
N??CAA_K?WX?AoDOCB?	46	3fffffffffff
N??CAA_K?WX?AoDGM??	46	3fffffffffff
N??CAA_K?WX?AoDGE_?	46	3fffffffffff
N??CAA_K?WX?AoDGIO?	46	3fffffffffff
N??CAA_K?WX?AoDGEO?	46	3fffffffffff
N??CAA_K?WX?AoDGCo?	46	3fffffffffff
N??CAA_K?WX?AoDGEG?	46	3fffffffffff
N??CAA_K?WX?AoDGCg?	46	3fffffffffff
N??CAA_K?WX?AoDGAg?	46	3fffffffffff
N??CAA_K?WX?AoDGGW?	46	3ffffffffffd2
N??CAA_K?WX?AoDGKA?	46	3fffffffffff
N??CAA_K?WX?AoDGIA?	46	3fffffffffff
N??CAA_K?WX?AoDGEA?	46	3fffffffffff
N??CAA_K?WX?AoDGCa?	46	3fffffffffff
N??CAA_K?WX?AoDGAa?	46	3fffffffffff
N??CAA_K?WX?AoDGCI?	46	3fffffffffff
N??CAA_K?WX?AoDGAI?	46	3fffffffffff
N??CAA_K?WX?AoDG?i?	46	3fffffffffff
N??CAA_K?WX?AoDGE@?	46	3fffffffffff
N??CAA_K?WX?AoDGC`?	46	3fffffffffff
N??CAA_K?WX?AoDGGP?	46	3ffffffffffcc
N??CAA_K?WX?AoDGCB?	46	3fffffffffff
N??CAA_K?WX?AoDGAB?	46	3fffffffffff
N??CAA_K?WX?CWP_EO?	46	3ffffffffffcc
N??CAA_K?WX?CWP_@o?	46	3ffffffffffd2
N??CAA_K?WX?CWP_EG?	46	3ffffffffffcc
N??CAA_K?WX?CWP_DG?	46	3fffffffffff
N??CAA_K?WX?CWP_@g?	46	3ffffffffffd2
N??CAA_K?WX?CWP_CQ?	46	1ffffffffb7fe
N??CAA_K?WX?CW@oM??	46	3ffffffffffcc
N??CAA_K?WX?CW@oL??	46	3fffffffffff
N??CAA_K?WX?CW@oF??	46	3fffffffffff
N??CAA_K?WX?CW@oH_?	46	3ffffffffffd2
N??CAA_K?WX?CW@oD_?	46	3fffffffffff
N??CAA_K?WX?CW@o@a?	46	3fffffffffff
N??CAA_K?WX?@WS_EO?	46	3ffffffffffcc
N??CAA_K?WX?@WS_BO?	46	3fffffffffff
N??CAA_K?WX?@WS_@o?	46	3ffffffffffd2
N??CAA_K?WX?@WS_EG?	46	3ffffffffffcc
N??CAA_K?WX?@WS_DG?	46	3fffffffffff
N??CAA_K?WX?@WS_@g?	46	3ffffffffffd2
N??CAA_K?WX?@WS_CQ?	46	1ffffffffb7fe
N??CAA_K?WX?@WS_E@?	46	3fffffffffff
N??CAA_K?WX?@WS_?h?	46	3ffffffffffcc
N??CAA_K?WX?@WCoM??	46	3ffffffffffcc
N??CAA_K?WX?@WCoL??	46	3fffffffffff
N??CAA_K?WX?@WCoH_?	46	3ffffffffffd2
N??CAA_K?WX?@WCoCQ?	46	3ffdf7ffff77f
N??CAA_K?WL?F?CoWO?	46	3fffffffffff
N??CAA_K?WL?F?CoWC?	46	3fffffffffff
N??CAA_K?WL?F?CoGS?	46	3fffffffffff
N??CAA_K?WL?F?Co?s?	46	3fffffffffff
N??CAA_K?WL?F?Co?[?	46	3fffffffffff
N??CAA_K?WL?F?Co?U?	46	3fffffffffff
N??CAA_K?WL?F?Co?M?	46	3fffffffffff
N??CAA_K?WL?F?CoG`?	46	3ffffef7ef7ff
N??CAA_K?WL?F?Co?h?	46	3ffff7dfdf7ff
N??CAA_K?WL?F?Co?T?	46	3fffffffffff
N??CAA_K?WL?F?@oWC?	46	3fffffffffff
N??CAA_K?WL?F?@oOS?	46	3fffffffffff
N??CAA_K?WL?F?@oGS?	46	3fffffffffff
N??CAA_K?WL?F?@oAS?	46	3fffffffffff
N??CAA_K?WL?F?@oOK?	46	3fffffffffff
N??CAA_K?WL?F?@oOQ?	46	3fffffffffff
N??CAA_K?WL?F?@oOI?	46	3fffffffffff
N??CAA_K?WL?F?@oOE?	46	3fffffffffff
N??CAA_K?WL?F?@o?U?	46	3fffffffffff
N??CAA_K?WL?F?@oI@?	46	3ffffef7ef7ff
N??CAA_K?WL?F?@oGH?	46	3ffff7dfdf7ff
N??CAA_K?WL?F?@oAH?	46	3ffff7dfdf7ff
N??CAA_K?WL?F?@oAD?	46	3fffffffffff
N??CAA_K?WL?F?@o?T?	46	3fffffffffff
N??CAA_K?WL?F?@o?L?	46	3fffffffffff
N??CAA_K?WL?F?@oGB?	46	3ffffdefdefff
N??CAA_K?WL?F??wY??	46	3fffffffffff
N??CAA_K?WL?F??wW_?	46	3fffffffffff
N??CAA_K?WL?F??wIO?	46	3fffffffffff
N??CAA_K?WL?F??wOo?	46	3fffffffffff
N??CAA_K?WL?F??wGo?	46	3fffffffffff
N??CAA_K?WL?F??wAo?	46	3fffffffffff
N??CAA_K?WL?F??wOg?	46	3fffffffffff
N??CAA_K?WL?F??wOW?	46	3ffffffffffd2
N??CAA_K?WL?F??wWA?	46	3fffffffffff
N??CAA_K?WL?F??wOa?	46	3fffffffffff
N??CAA_K?WL?F??wGa?	46	3fffffffffff
N??CAA_K?WL?F??wOI?	46	3fffffffffff
N??CAA_K?WL?F??wW@?	46	3fffffffffff
N??CAA_K?WL?F??wQ@?	46	3fffffffffff
N??CAA_K?WL?F??sOo?	46	3fffffffffff
N??CAA_K?WL?F??sGo?	46	3fffffffffff
N??CAA_K?WL?F??sOg?	46	3fffffffffff
N??CAA_K?WL?F??sOW?	46	3fffffffffff
N??CAA_K?WL?F??sAW?	46	3fffffffffff
N??CAA_K?WL?F??s?w?	46	3fffffffffff
N??CAA_K?WL?F??sWC?	46	3fffffffffff
N??CAA_K?WL?F??sOc?	46	3fffffffffff
N??CAA_K?WL?F??sOS?	46	3fffffffffff
N??CAA_K?WL?F??sGS?	46	3fffffffffff
N??CAA_K?WL?F??sAS?	46	3fffffffffff
N??CAA_K?WL?F??s?s?	46	3fffffffffff
N??CAA_K?WL?F??sOK?	46	3fffffffffff
N??CAA_K?WL?F??sAK?	46	3fffffffffff
N??CAA_K?WL?F??s?[?	46	3fffffffffff
N??CAA_K?WL?F??sOP?	46	3fffffffffff
N??CAA_K?WL?F??sGP?	46	3fffffffffff
N??CAA_K?WL?F??sOH?	46	3fffffffffff
N??CAA_K?WL?F??sGH?	46	3fffffff0ffff
N??CAA_K?WL?F??sOD?	46	3fffffffffff
N??CAA_K?WL?F??sGD?	46	3fffffffffff
N??CAA_K?WL?F??s?T?	46	3fffffffffff
N??CAA_K?WL?E_`OI_?	46	3fffffffffff
N??CAA_K?WL?E_`OIO?	46	3fffffffffff
N??CAA_K?WL?E_`OIG?	46	3fffffffffff
N??CAA_K?WL?E_`OGg?	46	3fffffffffff
N??CAA_K?WL?E_`OAg?	46	3fffffffffff
N??CAA_K?WL?E_`OAW?	46	3fffffffffff
N??CAA_K?WL?E_`OAc?	46	3fffffffffff
N??CAA_K?WL?E_`O?s?	46	3fffffffffff
N??CAA_K?WL?E_`OAK?	46	3fffffffffff
N??CAA_K?WL?E_`OGa?	46	3fffffffffff
N??CAA_K?WL?E_`OAa?	46	3fffffffffff
N??CAA_K?WL?E_`OGE?	46	3fffffffffff
N??CAA_K?WL?E_`OI@?	46	3fffffffffff
N??CAA_K?WL?E_`OGP?	46	3fffffffffff
N??CAA_K?WL?E_DOW_?	46	3fffffffffff
N??CAA_K?WL?E_DOWO?	46	3fffffffffff
N??CAA_K?WL?E_DOOW?	46	3fffffffffff
N??CAA_K?WL?E_DOOc?	46	3fffffffffff
N??CAA_K?WL?E_DOGS?	46	3fffffffffff
N??CAA_K?WL?E_DO?s?	46	3fffffffffff
N??CAA_K?WL?E_DO?[?	46	3fffffffffff
N??CAA_K?WL?E_DOOa?	46	3fffffffffff
N??CAA_K?WL?E_DOGa?	46	3ffffef7ef7ff
N??CAA_K?WL?E_DO?q?	46	3fffffffffff
N??CAA_K?WL?E_DOOI?	46	3fffffffffff
N??CAA_K?WL?E_DO?i?	46	3ffff7dfdf7ff
N??CAA_K?WL?E_DO?Y?	46	3fffffffffff
N??CAA_K?WL?E_DO?e?	46	3fffffffffff
N??CAA_K?WL?E_DO?U?	46	3fffffffffff
N??CAA_K?WL?E_DO?M?	46	3fffffffffff
N??CAA_K?WL?E_DOG`?	46	3ffffef7ef7ff
N??CAA_K?WL?E_DOOP?	46	3fffffffffff
N??CAA_K?WL?E_DOGP?	46	3fffffffffff
N??CAA_K?WL?E_DOGH?	46	3ffff7dfdf7ff
N??CAA_K?WL?E_DOGD?	46	3fffffffffff
N??CAA_K?WL?E_DO?T?	46	3fffffffffff
N??CAA_K?WL?E_DOGB?	46	3ffffdefdefff
N??CAA_K?WL?E_DO?J?	46	3fffffff0ffff
N??CAA_K?WL?E_@oY??	46	3fffffffffff
N??CAA_K?WL?E_@oW_?	46	3fffffffffff
N??CAA_K?WL?E_@oQ_?	46	3fffffffffff
N??CAA_K?WL?E_@oI_?	46	3fffffffffff
N??CAA_K?WL?E_@oQG?	46	3fffffffffff
N??CAA_K?WL?E_@oOg?	46	3fffffffffff
N??CAA_K?WL?E_@oAg?	46	3fffffffffff
N??CAA_K?WL?E_@oIC?	46	3fffffffffff
N??CAA_K?WL?E_@oOc?	46	3fffffffffff
N??CAA_K?WL?E_@oGc?	46	3fffffffffff
N??CAA_K?WL?E_@oAc?	46	3fffffffffff
N??CAA_K?WL?E_@oOK?	46	3fffffffffff
N??CAA_K?WL?E_@oAK?	46	3fffffffffff
N??CAA_K?WL?E_@o?k?	46	3fffffffffff
N??CAA_K?WL?E_@oOa?	46	3fffffffffff
N??CAA_K?WL?E_@oAI?	46	3fffffffffff
N??CAA_K?WL?E_@o?i?	46	3fffffffffff
N??CAA_K?WL?E_@oQ@?	46	3fffffffffff
N??CAA_K?WL?E_@oAH?	46	3fffffffffff
N??CAA_K?WL?B_cOI_?	46	3fffffffffff
N??CAA_K?WL?B_cOIO?	46	3fffffffffff
N??CAA_K?WL?B_cOGo?	46	3fffffffffff
N??CAA_K?WL?B_cOAo?	46	3fffffffffff
N??CAA_K?WL?B_cOGg?	46	3fffffffffff
N??CAA_K?WL?B_cOAg?	46	3fffffffffff
N??CAA_K?WL?B_cO?w?	46	3fffffffffff
N??CAA_K?WL?B_cOGc?	46	3fffffffffff
N??CAA_K?WL?B_cOAc?	46	3fffffffffff
N??CAA_K?WL?B_cOAS?	46	3fffffffffff
N??CAA_K?WL?B_cO?k?	46	3fffffffffff
N??CAA_K?WL?B_cO?[?	46	3fffffffffff
N??CAA_K?WL?B_cOAa?	46	3fffffffffff
N??CAA_K?WL?B_cOGQ?	46	3fffffffffff
N??CAA_K?WL?B_cOAI?	46	3fffffffffff
N??CAA_K?WL?B_cO?i?	46	3fffffffffff
N??CAA_K?WL?B_cO?Y?	46	3fffffffffff
N??CAA_K?WL?B_cOGE?	46	3fffffffffff
N??CAA_K?WL?B_cO?e?	46	3fffffffffff
N??CAA_K?WL?B_cOI@?	46	3fffffffffff
N??CAA_K?WL?B_cOG`?	46	3fffffffffff
N??CAA_K?WL?B_cOA`?	46	3fffffffffff
N??CAA_K?WL?B_cOGP?	46	3fffffffffff
N??CAA_K?WL?B_cOAP?	46	3fffffffffff
N??CAA_K?WL?B_cOAH?	46	3fffffffffff
N??CAA_K?WL?B_cOGD?	46	3fffffffffff
N??CAA_K?WL?B_cOGB?	46	3fffffffffff
N??CAA_K?WL?B_cO?b?	46	3fffffffffff
N??CAA_K?WL?B_cO?J?	46	3fffffffffff
N??CAA_K?WL?B_cO?F?	46	3fffffffffff
N??CAA_K?WL?B_DOY??	46	3fffffffffff
N??CAA_K?WL?B_DOWO?	46	3fffffffffff
N??CAA_K?WL?B_DOQO?	46	3fffffffffff
N??CAA_K?WL?B_DOQC?	46	3fffffffffff
N??CAA_K?WL?B_DOAS?	46	3fffffffffff
N??CAA_K?WL?B_DOOK?	46	3fffffffffff
N??CAA_K?WL?B_DOGQ?	46	3fffffffffff
N??CAA_K?WL?B_DOOI?	46	3fffffffffff
N??CAA_K?WL?B_DOOE?	46	3fffffffffff
N??CAA_K?WL?B_DOGE?	46	3fffffffffff
N??CAA_K?WL?B_DOQ@?	46	3fffffffffff
N??CAA_K?WL?B_DOI@?	46	3ffffef7ef7ff
N??CAA_K?WL?B_DOGH?	46	3ffff7dfdf7ff
N??CAA_K?WL?B_DOAH?	46	3ffff7dfdf7ff
N??CAA_K?WL?B_DOAD?	46	3fffffffffff
N??CAA_K?WL?B_DO?T?	46	3fffffffffff
N??CAA_K?WL?B_DO?L?	46	3fffffffffff
N??CAA_K?WL?B_DOOB?	46	3fffffffffff
N??CAA_K?WL?B_DOGB?	46	3ffffdefdefff
N??CAA_K?WL?B_DO?J?	46	3fffffff0ffff
N??CAA_K?WL?B_CoY??	46	3fffffffffff
N??CAA_K?WL?B_CoW_?	46	3fffffffffff
N??CAA_K?WL?B_CoQ_?	46	3fffffffffff
N??CAA_K?WL?B_CoI_?	46	3fffffffffff
N??CAA_K?WL?B_CoQG?	46	3fffffffffff
N??CAA_K?WL?B_CoOg?	46	3fffffffffff
N??CAA_K?WL?B_CoAg?	46	3fffffffffff
N??CAA_K?WL?B_CoQC?	46	3fffffffffff
N??CAA_K?WL?B_CoIC?	46	3fffffffffff
N??CAA_K?WL?B_CoAc?	46	3fffffffffff
N??CAA_K?WL?B_CoOK?	46	3fffffffffff
N??CAA_K?WL?B_CoAK?	46	3fffffffffff
N??CAA_K?WL?B_CoOa?	46	3fffffffffff
N??CAA_K?WL?B_CoGa?	46	3fffffffffff
N??CAA_K?WL?B_Co?i?	46	3fffffffffff
N??CAA_K?WL?B_Co?h?	46	3fffffffffff
N??CAA_K?WL?B_CWY??	46	3fffffffffff
N??CAA_K?WL?B_CWW_?	46	3fffffffffff
N??CAA_K?WL?B_CWQ_?	46	3fffffffffff
N??CAA_K?WL?B_CWI_?	46	3fffffffffff
N??CAA_K?WL?B_CWQO?	46	3fffffffffff
N??CAA_K?WL?B_CWIO?	46	3fffffffffff
N??CAA_K?WL?B_CWAo?	46	3fffffffffff
N??CAA_K?WL?B_CWQG?	46	3fffffffffff
N??CAA_K?WL?B_CWIG?	46	3ffff7dfdf7ff
N??CAA_K?WL?B_CWOg?	46	3fffffffffff
N??CAA_K?WL?B_CWAg?	46	3fffffffffff
N??CAA_K?WL?B_CWOW?	46	3fffffffffff
N??CAA_K?WL?B_CWGW?	46	3fffffffffff
N??CAA_K?WL?B_CWWA?	46	3fffffffffff
N??CAA_K?WL?B_CWOa?	46	3fffffffffff
N??CAA_K?WL?B_CWGa?	46	3fffffffffff
N??CAA_K?WL?B_CWAa?	46	3fffffffffff
N??CAA_K?WL?B_CWGQ?	46	3fffffffffff
N??CAA_K?WL?B_CWOI?	46	3fffffffffff
N??CAA_K?WL?B_CWAI?	46	7ffbfef7ef7ff
N??CAA_K?WL?B_CW?i?	46	3fffffffffff
N??CAA_K?WL?B_CW?Y?	46	3fffffffffff
N??CAA_K?WL?B_CWW@?	46	3fffffffffff
N??CAA_K?WL?B_CWQ@?	46	3fffffffffff
N??CAA_K?WL?B_CWI@?	46	3fffffffffff
N??CAA_K?WL?B_CWA`?	46	3fffffffffff
N??CAA_K?WL?B_CWGP?	46	3fffffffffff
N??CAA_K?WL?B_CWAP?	46	3fffffffffff
N??CAA_K?WL?B_CW?p?	46	3fffffffffff
N??CAA_K?WL?B_CWOH?	46	3fffffffffff
N??CAA_K?WL?B_CWAH?	46	3fffffffffff
N??CAA_K?WL?B_CWOB?	46	3fffffffffff
N??CAA_K?WL?B_CWGB?	46	3fffffffffff
N??CAA_K?WL?B_CW?R?	46	3fffffffffff
N??CAA_K?WL?B_CW?J?	46	3fffffffffff
N??CAA_K?WL?B_CQY??	46	3fffffffffff
N??CAA_K?WL?B_CQQ_?	46	3fffffffffff
N??CAA_K?WL?B_CQI_?	46	3ffffef7ef7ff
N??CAA_K?WL?B_CQWO?	46	3fffffffffff
N??CAA_K?WL?B_CQQO?	46	3fffffffffff
N??CAA_K?WL?B_CQGg?	46	3ffff7dfdf7ff
N??CAA_K?WL?B_CQWC?	46	3fffffffffff
N??CAA_K?WL?B_CQAc?	46	3fffffffffff
N??CAA_K?WL?B_CQGS?	46	3fffffffffff
N??CAA_K?WL?B_CQAS?	46	3fffffffffff
N??CAA_K?WL?B_CQ?s?	46	3fffffffffff
N??CAA_K?WL?B_CQ?k?	46	3fffffffffff
N??CAA_K?WL?B_CQ?[?	46	3fffffffffff
N??CAA_K?WL?B_CQIA?	46	3ffffdefdefff
N??CAA_K?WL?B_CQOa?	46	3fffffffffff
N??CAA_K?WL?B_CQGa?	46	3ffffdefdefff
N??CAA_K?WL?B_CQGQ?	46	3fffffffffff
N??CAA_K?WL?B_CQOI?	46	3fffffffffff
N??CAA_K?WL?B_CQGI?	46	3fffffff0ffff
N??CAA_K?WL?B_CQ?i?	46	3fffffff0ffff
N??CAA_K?WL?B_CQOE?	46	3fffffffffff
N??CAA_K?WL?B_CQGE?	46	3fffffffffff
N??CAA_K?WL?B_CQ?U?	46	3fffffffffff
N??CAA_K?WL?EOP_QO?	46	3fffffffffff
N??CAA_K?WL?EOP_Ag?	46	3ffffffff87ff
N??CAA_K?WL?EOP_Oc?	46	3fffffffffff
N??CAA_K?WL?EOP_OS?	46	3fffffffffff
N??CAA_K?WL?EOP_AS?	46	3fffffffffff
N??CAA_K?WL?EOP_?s?	46	3fffffffffff
N??CAA_K?WL?EOP_AK?	46	3fffffffffff
N??CAA_K?WL?EOP_?k?	46	3fffffffffff
N??CAA_K?WL?EOP_?[?	46	3fffffffffff
N??CAA_K?WL?EOP_OQ?	46	3fffffffffff
N??CAA_K?WL?EOP_?i?	46	3ffff7dfdf7ff
N??CAA_K?WL?EOP_?Y?	46	3fffffffffff
N??CAA_K?WL?EOP_OE?	46	3fffffffffff
N??CAA_K?WL?EOP_?U?	46	3fffffffffff
N??CAA_K?WL?EOP_Q@?	46	3fffffffffff
N??CAA_K?WL?EOP_OP?	46	3fffffffffff
N??CAA_K?WL?EOP_AH?	46	3ffff7dfdf7ff
N??CAA_K?WL?EOP_?h?	46	3ffff7dfdf7ff
N??CAA_K?WL?EOP_OD?	46	3fffffffffff
N??CAA_K?WL?EOP_?T?	46	3fffffffffff
N??CAA_K?WL?EOP_?R?	46	3fffffffffff
N??CAA_K?WL?EOP_?J?	46	3fffffff0ffff
N??CAA_K?WL?EOP_?F?	46	3fffffffffff
N??CAA_K?WL?EOD_WO?	46	3fffffffffff
N??CAA_K?WL?EOD_Go?	46	3fffffffffff
N??CAA_K?WL?EOD_OW?	46	3fffffffffff
N??CAA_K?WL?EOD_Oc?	46	3fffffffffff
N??CAA_K?WL?EOD_GS?	46	3fffffffffff
N??CAA_K?WL?EOD_?s?	46	3fffffffffff
N??CAA_K?WL?EOD_?[?	46	3fffffffffff
N??CAA_K?WL?EOD_?q?	46	3fffffffffff
N??CAA_K?WL?EOD_OI?	46	3fffffffffff
N??CAA_K?WL?EOD_?Y?	46	3fffffffffff
N??CAA_K?WL?EOD_?e?	46	3fffffffffff
N??CAA_K?WL?EOD_?U?	46	3fffffffffff
N??CAA_K?WL?EOD_W@?	46	3fffffffffff
N??CAA_K?WL?EOD_G`?	46	3ffffef7ef7ff
N??CAA_K?WL?EOD_OP?	46	3fffffffffff
N??CAA_K?WL?EOD_GH?	46	3ffff7dfdf7ff
N??CAA_K?WL?EOD_OD?	46	3fffffffffff
N??CAA_K?WL?EOD_?T?	46	3fffffffffff
N??CAA_K?WL?EO@oI_?	46	3ffffffff87ff
N??CAA_K?WL?EO@oQO?	46	3fffffffffff
N??CAA_K?WL?EO@oIC?	46	3fffffffffff
N??CAA_K?WL?EO@oOc?	46	3fffffffffff
N??CAA_K?WL?EO@oGc?	46	3fffffffffff
N??CAA_K?WL?EO@oGS?	46	3fffffffffff
N??CAA_K?WL?EO@oAS?	46	3fffffffffff
N??CAA_K?WL?EO@oIA?	46	3ffff7dfdf7ff
N??CAA_K?WL?EO@oOa?	46	3fffffffffff
N??CAA_K?WL?EO@oGa?	46	3ffff7dfdf7ff
N??CAA_K?WL?EO@oQ@?	46	3fffffffffff
N??CAA_K?WL?EO@oI@?	46	3ffff7dfdf7ff
N??CAA_K?WL?EO@cWO?	46	3fffffffffff
N??CAA_K?WL?EO@cOo?	46	3fffffffffff
N??CAA_K?WL?EO@cQG?	46	3fffffffffff
N??CAA_K?WL?EO@cIG?	46	3ffff7dfdf7ff
N??CAA_K?WL?EO@cOg?	46	3fffffffffff
N??CAA_K?WL?EO@cOW?	46	3fffffffffff
N??CAA_K?WL?EO@cAW?	46	3fffffffffff
N??CAA_K?WL?EO@c?w?	46	3fffffffffff
N??CAA_K?WL?EO@cWC?	46	3fffffffffff
N??CAA_K?WL?EO@cOc?	46	3fffffffffff
N??CAA_K?WL?EO@cAc?	46	3fffffffffff
N??CAA_K?WL?EO@cOS?	46	3fffffffffff
N??CAA_K?WL?EO@cGS?	46	3fffffffffff
N??CAA_K?WL?EO@cAS?	46	3fffffffffff
N??CAA_K?WL?EO@c?s?	46	3fffffffffff
N??CAA_K?WL?EO@c?k?	46	3fffffffffff
N??CAA_K?WL?EO@c?[?	46	3fffffffffff
N??CAA_K?WL?EO@cI@?	46	3ffffdefdefff
N??CAA_K?WL?EO@cGP?	46	3fffffffffff
N??CAA_K?WL?EO@cOD?	46	3fffffffffff
N??CAA_K?WL?EO@cGD?	46	3fffffffffff
N??CAA_K?WL?EO@c?T?	46	3fffffffffff
N??CAA_K?WL?BOS_QO?	46	3fffffffffff
N??CAA_K?WL?BOS_Oo?	46	3fffffffffff
N??CAA_K?WL?BOS_Ao?	46	3fffffffffff
N??CAA_K?WL?BOS_QG?	46	3fffffffffff
N??CAA_K?WL?BOS_Oc?	46	3fffffffffff
N??CAA_K?WL?BOS_OS?	46	3fffffffffff
N??CAA_K?WL?BOS_AS?	46	3fffffffffff
N??CAA_K?WL?BOS_?s?	46	3fffffffffff
N??CAA_K?WL?BOS_?[?	46	3fffffffffff
N??CAA_K?WL?BOS_OQ?	46	3fffffffffff
N??CAA_K?WL?BOS_AQ?	46	3fffffffffff
N??CAA_K?WL?BOS_?Y?	46	3fffffffffff
N??CAA_K?WL?BOS_OE?	46	3fffffffffff
N??CAA_K?WL?BOS_?e?	46	3fffffffffff
N??CAA_K?WL?BOS_?U?	46	3fffffffffff
N??CAA_K?WL?BOS_Q@?	46	3fffffffffff
N??CAA_K?WL?BOS_OP?	46	3fffffffffff
N??CAA_K?WL?BOS_AP?	46	3fffffffffff
N??CAA_K?WL?BOS_OD?	46	3fffffffffff
N??CAA_K?WL?BOS_?T?	46	3fffffffffff
N??CAA_K?WL?BOS_AB?	46	3ffffdefdefff
N??CAA_K?WL?BOS_?R?	46	3fffffffffff
N??CAA_K?WL?BOS_?F?	46	3fffffffffff
N??CAA_K?WL?BOD_Y??	46	3fffffffffff
N??CAA_K?WL?BOD_QO?	46	3fffffffffff
N??CAA_K?WL?BOD_QC?	46	3fffffffffff
N??CAA_K?WL?BOD_OS?	46	3fffffffffff
N??CAA_K?WL?BOD_GS?	46	3fffffffffff
N??CAA_K?WL?BOD_AS?	46	3fffffffffff
N??CAA_K?WL?BOD_OE?	46	3fffffffffff
N??CAA_K?WL?BOD_?U?	46	3fffffffffff
N??CAA_K?WL?BOD_I@?	46	3ffffef7ef7ff
N??CAA_K?WL?BOD_GP?	46	3fffffffffff
N??CAA_K?WL?BOD_AH?	46	3ffff7dfdf7ff
N??CAA_K?WL?BOD_?X?	46	3fffffffffff
N??CAA_K?WL?BOD_AD?	46	3fffffffffff
N??CAA_K?WL?BOD_?T?	46	3fffffffffff
N??CAA_K?WL?BOD_OB?	46	3fffffffffff
N??CAA_K?WL?BOD_GB?	46	3ffffdefdefff
N??CAA_K?WL?BOD_?J?	46	3fffffff0ffff
N??CAA_K?WL?BOCoQO?	46	3fffffffffff
N??CAA_K?WL?BOCoGS?	46	3fffffffffff
N??CAA_K?WL?BOCoAS?	46	3fffffffffff
N??CAA_K?WL?BOCgW_?	46	3fffffffffff
N??CAA_K?WL?BOCgI_?	46	3fffffffffff
N??CAA_K?WL?BOCgOo?	46	3fffffffffff
N??CAA_K?WL?BOCgGo?	46	3fffffffffff
N??CAA_K?WL?BOCgOW?	46	3fffffffffff
N??CAA_K?WL?BOCgGW?	46	3fffffffffff
N??CAA_K?WL?BOCgWA?	46	3fffffffffff
N??CAA_K?WL?BOCgOa?	46	3fffffffffff
N??CAA_K?WL?BOCgGa?	46	3fffffffffff
N??CAA_K?WL?BOCgOI?	46	3fffffffffff
N??CAA_K?WL?BOCgW@?	46	3fffffffffff
N??CAA_K?WL?Aod?I_?	46	3fffffffffff
N??CAA_K?WL?Aod?Go?	46	3fffffffffff
N??CAA_K?WL?Aod?Gg?	46	3fffffffffff
N??CAA_K?WL?Aod?Ag?	46	3fffffffffff
N??CAA_K?WL?Aod?AW?	46	3fffffffffff
N??CAA_K?WL?Aod??w?	46	3fffffffffff
N??CAA_K?WL?Aod?IC?	46	3fffffffffff
N??CAA_K?WL?Aod?Gc?	46	3fffffffffff
N??CAA_K?WL?Aod?AS?	46	3fffffffffff
N??CAA_K?WL?Aod??s?	46	3fffffffffff
N??CAA_K?WL?Aod??k?	46	3fffffffffff
N??CAA_K?WL?Aod?Ga?	46	3fffffffffff
N??CAA_K?WL?Aod?Aa?	46	3fffffffffff
N??CAA_K?WL?Aod??q?	46	3fffffffffff
N??CAA_K?WL?Aod?GI?	46	3fffffffffff
N??CAA_K?WL?Aod??i?	46	3fffffffffff
N??CAA_K?WL?Aod??Y?	46	3fffffffffff
N??CAA_K?WL?Aod?GE?	46	3fffffffffff
N??CAA_K?WL?Aod??e?	46	3fffffffffff
N??CAA_K?WL?Aod?I@?	46	3fffffffffff
N??CAA_K?WL?Aod?GP?	46	3fffffffffff
N??CAA_K?WL?Aod?AP?	46	3fffffffffff
N??CAA_K?WL?Aod?AH?	46	3fffffffffff
N??CAA_K?WL?Aod?GD?	46	3fffffffffff
N??CAA_K?WL?Aod?AD?	46	3fffffffffff
N??CAA_K?WL?Aod?GB?	46	3fffffffffff
N??CAA_K?WL?Aod??R?	46	3fffffffffff
N??CAA_K?WL?Aod??F?	46	3fffffffffff
N??CAA_K?WL?AoT?QO?	46	3fffffffffff
N??CAA_K?WL?AoT?QG?	46	3fffffffffff
N??CAA_K?WL?AoT?Og?	46	3fffffffffff
N??CAA_K?WL?AoT?QC?	46	3fffffffffff
N??CAA_K?WL?AoT?Oc?	46	3fffffffffff
N??CAA_K?WL?AoT?AS?	46	3fffffffffff
N??CAA_K?WL?AoT??s?	46	3fffffffffff
N??CAA_K?WL?AoT??k?	46	3fffffffffff
N??CAA_K?WL?AoT??[?	46	3fffffffffff
N??CAA_K?WL?AoT?OI?	46	3fffffffffff
N??CAA_K?WL?AoT??i?	46	3ffff7dfdf7ff
N??CAA_K?WL?AoT?OE?	46	3fffffffffff
N??CAA_K?WL?AoT??e?	46	3fffffffffff
N??CAA_K?WL?AoT??U?	46	3fffffffffff
N??CAA_K?WL?AoT?Q@?	46	3fffffffffff
N??CAA_K?WL?AoT?OP?	46	3fffffffffff
N??CAA_K?WL?AoT?AH?	46	3ffff7dfdf7ff
N??CAA_K?WL?AoT??h?	46	3ffff7dfdf7ff
N??CAA_K?WL?AoT?OD?	46	3fffffffffff
N??CAA_K?WL?AoT?AD?	46	3fffffffffff
N??CAA_K?WL?AoT??T?	46	3fffffffffff
N??CAA_K?WL?AoT?OB?	46	3fffffffffff
N??CAA_K?WL?AoT?AB?	46	3ffffdefdefff
N??CAA_K?WL?AoT??b?	46	3ffffdefdefff
N??CAA_K?WL?AoT??R?	46	3fffffffffff
N??CAA_K?WL?AoT??J?	46	3fffffff0ffff
N??CAA_K?WL?AoT??F?	46	3fffffffffff
N??CAA_K?WL?AoD_Y??	46	3fffffffffff
N??CAA_K?WL?AoD_W_?	46	3fffffffffff
N??CAA_K?WL?AoD_Q_?	46	3fffffffffff
N??CAA_K?WL?AoD_I_?	46	3fffffffffff
N??CAA_K?WL?AoD_QG?	46	3fffffffffff
N??CAA_K?WL?AoD_Og?	46	3fffffffffff
N??CAA_K?WL?AoD_Gg?	46	3fffffffffff
N??CAA_K?WL?AoD_Ag?	46	3fffffffffff
N??CAA_K?WL?AoD_QC?	46	3fffffffffff
N??CAA_K?WL?AoD_IC?	46	3fffffffffff
N??CAA_K?WL?AoD_Oc?	46	3fffffffffff
N??CAA_K?WL?AoD_Gc?	46	3fffffffffff
N??CAA_K?WL?AoD_Ac?	46	3fffffffffff
N??CAA_K?WL?AoD_GK?	46	3fffffffffff
N??CAA_K?WL?AoD_AK?	46	3fffffffffff
N??CAA_K?WL?AoD_WA?	46	3fffffffffff
N??CAA_K?WL?AoD_Oa?	46	3fffffffffff
N??CAA_K?WL?AoD_Ga?	46	3fffffffffff
N??CAA_K?WL?AoD_OI?	46	3fffffffffff
N??CAA_K?WL?AoD_?i?	46	3fffffffffff
N??CAA_K?WL?AoD_GE?	46	3fffffffffff
N??CAA_K?WL?AoD_?e?	46	3fffffffffff
N??CAA_K?WL?AoD_?M?	46	3fffffffffff
N??CAA_K?WL?AoD_W@?	46	3fffffffffff
N??CAA_K?WL?AoD_Q@?	46	3fffffffffff
N??CAA_K?WL?AoD_I@?	46	3fffffffffff
N??CAA_K?WL?AoD_OH?	46	3fffffffffff
N??CAA_K?WL?AoD_AH?	46	3fffffffffff
N??CAA_K?WL?AoD_GD?	46	3fffffffffff
N??CAA_K?WL?AoD_AD?	46	3fffffffffff
N??CAA_K?WL?AoD_?d?	46	3fffffffffff
N??CAA_K?WL?AoD_?L?	46	3fffffffffff
N??CAA_K?WL?AoD_OB?	46	3fffffffffff
N??CAA_K?WL?AoD_GB?	46	3fffffffffff
N??CAA_K?WL?AoD_?b?	46	3fffffffffff
N??CAA_K?WL?AoD_?J?	46	3fffffffffff
N??CAA_K?WL?AoD_?F?	46	3fffffffffff
N??CAA_K?WL?AoDOW_?	46	3fffffffffff
N??CAA_K?WL?AoDOI_?	46	3ffffffff87ff
N??CAA_K?WL?AoDOQO?	46	3fffffffffff
N??CAA_K?WL?AoDOOc?	46	3fffffffffff
N??CAA_K?WL?AoDOGc?	46	3fffffffffff
N??CAA_K?WL?AoDOGS?	46	3fffffffffff
N??CAA_K?WL?AoDOAS?	46	3fffffffffff
N??CAA_K?WL?AoDOWA?	46	3fffffffffff
N??CAA_K?WL?AoDOOa?	46	3fffffffffff
N??CAA_K?WL?AoDOGa?	46	3ffff7dfdf7ff
N??CAA_K?WL?AoDOOQ?	46	3fffffffffff
N??CAA_K?WL?AoDO?U?	46	3fffffffffff
N??CAA_K?WL?AoDOI@?	46	3ffff7dfdf7ff
N??CAA_K?WL?AoDOG`?	46	3ffff7dfdf7ff
N??CAA_K?WL?AoDOOP?	46	3fffffffffff
N??CAA_K?WL?AoDO?T?	46	3fffffffffff
N??CAA_K?WL?AoDOGB?	46	3fffffff0ffff
N??CAA_K?WL?AoDO?R?	46	3fffffffffff
N??CAA_K?WL?AoDO?F?	46	3fffffffffff
N??CAA_K?WL?AoDGY??	46	3fffffffffff
N??CAA_K?WL?AoDGW_?	46	3fffffffffff
N??CAA_K?WL?AoDGQ_?	46	3fffffffffff
N??CAA_K?WL?AoDGI_?	46	3fffffffffff
N??CAA_K?WL?AoDGQO?	46	3fffffffffff
N??CAA_K?WL?AoDGIO?	46	3fffffffffff
N??CAA_K?WL?AoDGOo?	46	3fffffffffff
N??CAA_K?WL?AoDGGo?	46	3fffffffffff
N??CAA_K?WL?AoDGQG?	46	3fffffffffff
N??CAA_K?WL?AoDGOg?	46	3fffffffffff
N??CAA_K?WL?AoDGAg?	46	3fffffffffff
N??CAA_K?WL?AoDGGW?	46	3fffffffffff
N??CAA_K?WL?AoDGWA?	46	3fffffffffff
N??CAA_K?WL?AoDGOa?	46	3fffffffffff
N??CAA_K?WL?AoDGGa?	46	3fffffffffff
N??CAA_K?WL?AoDGOI?	46	3fffffffffff
N??CAA_K?WL?AoDGW@?	46	3fffffffffff
N??CAA_K?WL?EG@oY??	46	fffffffff7fe
N??CAA_K?WL?EG@oW_?	46	3fffffffffff
N??CAA_K?WL?EG@oQ_?	46	3fffffffffff
N??CAA_K?WL?EG@oI_?	46	3fffffffffff
N??CAA_K?WL?EG@oIO?	46	3fffffffffff
N??CAA_K?WL?EG@oOo?	46	3fffffffffff
N??CAA_K?WL?EG@oGo?	46	3fffffffffff
N??CAA_K?WL?EG@oQG?	46	3fffffffffff
N??CAA_K?WL?EG@oIG?	46	3fffffffffff
N??CAA_K?WL?EG@oOg?	46	3fffffffffff
N??CAA_K?WL?EG@oAg?	46	3fffffffffff
N??CAA_K?WL?EG@oGW?	46	3fffffffffff
N??CAA_K?WL?EG@oAW?	46	3fffffffffff
N??CAA_K?WL?EG@o?w?	46	7ffffffffffb
N??CAA_K?WL?EG@oWA?	46	fffffffff77f
N??CAA_K?WL?EG@oGa?	46	3fffffffffff
N??CAA_K?WL?EG@oAa?	46	3fffffffffff
N??CAA_K?WL?EG@oGQ?	46	3fffffffffff
N??CAA_K?WL?EG@oW@?	46	7ffffffff7ff
N??CAA_K?WL?EG@oI@?	46	fffffffef7ff
N??CAA_K?WL?EG@oGP?	46	3fffffffffff
N??CAA_K?WL?BGCoY??	46	3fffffffffff
N??CAA_K?WL?BGCoW_?	46	ffffffffeffe
N??CAA_K?WL?BGCoQ_?	46	3fffffffffff
N??CAA_K?WL?BGCoI_?	46	3fffffffffff
N??CAA_K?WL?BGCoIO?	46	3fffffffffff
N??CAA_K?WL?BGCoOg?	46	3fffffffffff
N??CAA_K?WL?BGCoAg?	46	3fffffffffff
N??CAA_K?WL?BGCoOW?	46	3fffffffffff
N??CAA_K?WL?BGCoAW?	46	7ffffffffffd
N??CAA_K?WL?BGCoWA?	46	7fffffffff7f
N??CAA_K?WL?BGCoOa?	46	ffffffffe7ff
N??CAA_K?WL?BGCoGa?	46	fffffffef7ff
N??CAA_K?WL?BGCoGQ?	46	3fffffffffff
N??CAA_K?WL?BGCo?i?	46	3fffffffffff
N??CAA_K?WL?BGCo?Y?	46	3fffffffffff
N??CAA_K?WL?BGCoA`?	46	3fffffffffff
N??CAA_K?WL?PCCoB_?	46	3ffffef7ef7ff
N??CAA_K?WL?PCCo@g?	46	3ffff7dfdf7ff
N??CAA_K?WL?PCCoAS?	46	1ffffffffb7fe
N??CAA_K?WL?PCCo?k?	46	3fffffffffff
N??CAA_K?WL?PCCo?[?	46	3ffdf7ffff77f
N??CAA_K?WL?PCCoOP?	46	3fffffffffff
N??CAA_K?WL?PCCo@H?	46	3fffffff0ffff
N??CAA_K?WR?X??qJ??	46	3fffffffffff
N??CAA_K?WR?X??qI_?	46	3fffffffffff
N??CAA_K?WR?X??qAo?	46	3fffffffffff
N??CAA_K?WR?X??qIG?	46	3fffffffffff
N??CAA_K?WR?X??qBG?	46	3fffffffffff
N??CAA_K?WR?X??qIC?	46	3fffffffffff
N??CAA_K?WR?X??qGc?	46	3fffffffffff
N??CAA_K?WR?X??q@c?	46	3fffffffffff
N??CAA_K?WR?X??qGa?	46	3fffffffffff
N??CAA_K?WR?T?@oHG?	46	3ffff7dfdf7ff
N??CAA_K?WR?T?@oCW?	46	3fffffffffff
N??CAA_K?WR?T?@oHC?	46	3fffffffffff
N??CAA_K?WR?T?@oGS?	46	3fffffffffff
N??CAA_K?WR?T?@oCS?	46	3fffffffffff
N??CAA_K?WR?T?@oCK?	46	3fffffffffff
N??CAA_K?WR?T?@o@K?	46	3fffffffffff
N??CAA_K?WR?T?@o?[?	46	3fffffffffff
N??CAA_K?WR?T?@oKA?	46	3fffffffffff
N??CAA_K?WR?T?@oDA?	46	3fffffffffff
N??CAA_K?WR?T?@oGQ?	46	3fffffffffff
N??CAA_K?WR?T?@o@Q?	46	3fffffffffff
N??CAA_K?WR?T?@oCI?	46	3fffffffffff
N??CAA_K?WR?T?@o@I?	46	3fffffffffff
N??CAA_K?WR?T?@oGE?	46	3fffffffffff
N??CAA_K?WR?T?@o@E?	46	3fffffffffff
N??CAA_K?WR?T?@o?U?	46	3fffffffffff
N??CAA_K?WR?T?@o?M?	46	3fffffffffff
N??CAA_K?WR?T?@oK@?	46	3fffffffffff
N??CAA_K?WR?T?@oGP?	46	3fffffff0ffff
N??CAA_K?WR?T?@oGD?	46	3fffffffffff
N??CAA_K?WR?T?@oCD?	46	3fffffffffff
N??CAA_K?WR?T?@oGB?	46	3fffffffffff
N??CAA_K?WR?T?@oCB?	46	3fffffffffff
N??CAA_K?WR?T?@o?F?	46	3fffffffffff
N??CAA_K?WR?T??qL??	46	3fffffffffff
N??CAA_K?WR?T??qHO?	46	3fffffff0ffff
N??CAA_K?WR?T??qKC?	46	3fffffffffff
N??CAA_K?WR?T??qCQ?	46	3fffffffffff
N??CAA_K?WR?T??qCI?	46	3fffffffffff
N??CAA_K?WR?T??q@E?	46	3fffffffffff
N??CAA_K?WR?T??q?e?	46	3fffffffffff
N??CAA_K?WR?T??q?U?	46	3fffffffffff
N??CAA_K?WR?T??q?M?	46	3fffffffffff
N??CAA_K?WR?R?@oEG?	46	3fffffffffff
N??CAA_K?WR?R?@oCK?	46	3fffffffffff
N??CAA_K?WR?R?@oKA?	46	3fffffffffff
N??CAA_K?WR?R?@oCQ?	46	3fffffffffff
N??CAA_K?WR?R?@oCI?	46	3fffffffffff
N??CAA_K?WR?R?@oAI?	46	3fffffffffff
N??CAA_K?WR?R?@oCE?	46	3fffffffffff
N??CAA_K?WR?R?@oAE?	46	3fffffffffff
N??CAA_K?WR?R?@o?M?	46	3fffffffffff
N??CAA_K?WR?R?@oGH?	46	2ffdeff7fe70fccc
N??CAA_K?WR?R?@oGD?	46	3ffffffffffcc
N??CAA_K?WR?R?@oCB?	46	3fffffffffff
N??CAA_K?WR?R?@o?F?	46	3fffffffffff
N??CAA_K?WR?R??qEG?	46	3fffffffffff
N??CAA_K?WR?R??qGc?	46	3ffffffffffcc
N??CAA_K?WR?R??qAS?	46	3fffffffffff
N??CAA_K?WR?R??q?k?	46	1ffffffffb7fe
N??CAA_K?WR?R??qKA?	46	3fffffffffff
N??CAA_K?WR?R??qCa?	46	3fffffffffff
N??CAA_K?WR?R??qCQ?	46	3fffffffffff
N??CAA_K?WR?R??qCI?	46	3fffffffffff
N??CAA_K?WR?R??qAE?	46	3fffffffffff
N??CAA_K?WR?R??q?e?	46	3fffffffffff
N??CAA_K?WR?R??q?M?	46	3fffffffffff
N??CAA_K?WR?S_PO@o?	46	3ffff7dfdf7ff
N??CAA_K?WR?S_PO@g?	46	3ffff7dfdf7ff
N??CAA_K?WR?S_PO@c?	46	3fffffffffff
N??CAA_K?WR?S_PO@a?	46	3fffffffffff
N??CAA_K?WR?S_PO@Q?	46	3fff7fefdfeff
N??CAA_K?WR?S_PO@I?	46	3fffffffffff
N??CAA_K?WR?S_PO?i?	46	3fffffffffff
N??CAA_K?WR?S_PO@E?	46	3ffffffe97fff
N??CAA_K?WR?S_PO?U?	46	3fefedefe76634fe
N??CAA_K?WR?S_PO?M?	46	1ffffffffb7fe
N??CAA_K?WR?S_PO?h?	46	3fffffff0ffff
N??CAA_K?WR?S_HOH_?	46	3fffffffffff
N??CAA_K?WR?S_HO@g?	46	3fffffffffff
N??CAA_K?WR?S_HO@a?	46	3fffffffffff
N??CAA_K?WR?S_HO?U?	46	1ffffffffb7fe
N??CAA_K?WR?S_HOH@?	46	3fffffffffff
N??CAA_K?WR?S_HOG`?	46	3fffffffffff
N??CAA_K?WR?S_HO@`?	46	3fffffffffff
N??CAA_K?WR?S_HO@H?	46	3fffffffffff
N??CAA_K?WR?S_HO?h?	46	3fffffffffff
N??CAA_K?WR?S_HO@B?	46	3fffffffffff
N??CAA_K?WR?S_BOK_?	46	3fffffffffff
N??CAA_K?WR?S_BOGo?	46	3ffff7dfdf7ff
N??CAA_K?WR?S_BOGc?	46	3fffffffffff
N??CAA_K?WR?S_BO?s?	46	3fffffffffff
N??CAA_K?WR?S_BOCK?	46	3fffffffffff
N??CAA_K?WR?S_BO?[?	46	3fffffffffff
N??CAA_K?WR?S_BOKA?	46	3fffffffffff
N??CAA_K?WR?S_BOGa?	46	3fffffffffff
N??CAA_K?WR?S_BOCa?	46	3fffffffffff
N??CAA_K?WR?S_BO?q?	46	3fffffffffff
N??CAA_K?WR?S_BOCI?	46	3fffffffffff
N??CAA_K?WR?S_BO?Y?	46	3fffffffffff
N??CAA_K?WR?S_BOGE?	46	3fffffffffff
N??CAA_K?WR?S_BO?e?	46	3fffffffffff
N??CAA_K?WR?S_BO?U?	46	7ffbfef7ef7ff
N??CAA_K?WR?S_BO?M?	46	3fffffffffff
N??CAA_K?WR?S_BOK@?	46	3fffffffffff
N??CAA_K?WR?S_BOGP?	46	3fffffff0ffff
N??CAA_K?WR?S_BOCH?	46	3fffffffffff
N??CAA_K?WR?S_BO?X?	46	3ffffffe97fff
N??CAA_K?WR?S_BOGD?	46	3fffffffffff
N??CAA_K?WR?S_BO?L?	46	3fffffffffff
N??CAA_K?WR?S_BOGB?	46	3fffffffffff
N??CAA_K?WR?S_BOCB?	46	3fffffffffff
N??CAA_K?WR?S_BO?F?	46	3fffffffffff
N??CAA_K?WR?S_@oH_?	46	3ffff7dfdf7ff
N??CAA_K?WR?S_@o@g?	46	3ffdffdfdff7f
N??CAA_K?WR?S_@oGc?	46	3fffffffffff
N??CAA_K?WR?S_@oCc?	46	3fffffffffff
N??CAA_K?WR?S_@o@c?	46	3fffffffffff
N??CAA_K?WR?S_@oCK?	46	1ffffffffb7fe
N??CAA_K?WR?S_@o@K?	46	3fffffffffff
N??CAA_K?WR?S_@o?k?	46	3fffffffffff
N??CAA_K?WR?S_@oKA?	46	3ffffffffffcc
N??CAA_K?WR?S_@oDA?	46	3fffffffffff
N??CAA_K?WR?S_@oGa?	46	3fffffffffff
N??CAA_K?WR?S_@o@a?	46	3fffffffffff
N??CAA_K?WR?S_@o@I?	46	3fffffffffff
N??CAA_K?WR?S_@oGE?	46	1ffffffffb7fe
N??CAA_K?WR?S_@oCE?	46	1ffffffffb7fe
N??CAA_K?WR?S_@o@E?	46	3fffffffffff
N??CAA_K?WR?S_@o?e?	46	3fffffffffff
N??CAA_K?WR?S_@o?M?	46	3ffdf7ffff77f
N??CAA_K?WR?S_@oH@?	46	3fffffff0ffff
N??CAA_K?WR?S_@oG`?	46	3fffffff0ffff
N??CAA_K?WR?S_@o@H?	46	3ffffffe97fff
N??CAA_K?WR?S_@o?h?	46	3ffffffe97fff
N??CAA_K?WR?S_@o?F?	46	3fffffffffff
N??CAA_K?WR?S_@WH_?	46	3fffffffffff
N??CAA_K?WR?S_@WD_?	46	3fffffffffff
N??CAA_K?WR?S_@WCo?	46	3fffffffffff
N??CAA_K?WR?S_@W@o?	46	3fffffffffff
N??CAA_K?WR?S_@W@g?	46	3fffffffffff
N??CAA_K?WR?S_@WCW?	46	1ffffffffb7fe
N??CAA_K?WR?S_@W@W?	46	3fffffffffff
N??CAA_K?WR?S_@WGa?	46	3fffffffffff
N??CAA_K?WR?S_@W@a?	46	3fffffffffff
N??CAA_K?WR?S_@WGQ?	46	1ffffffffb7fe
N??CAA_K?WR?S_@W@Q?	46	3fffffffffff
N??CAA_K?WR?S_@W@I?	46	3fffffffffff
N??CAA_K?WR?S_@W?i?	46	3fffffffffff
N??CAA_K?WR?S_@W?Y?	46	3ffdf7ffff77f
N??CAA_K?WR?S_@WK@?	46	3fffffffffff
N??CAA_K?WR?S_@WH@?	46	3fffffffffff
N??CAA_K?WR?S_@WG`?	46	3fffffffffff
N??CAA_K?WR?S_@WC`?	46	3fffffffffff
N??CAA_K?WR?S_@W@`?	46	3fffffffffff
N??CAA_K?WR?S_@WGP?	46	3fffffffffff
N??CAA_K?WR?S_@W@H?	46	3fffffffffff
N??CAA_K?WR?S_@W?h?	46	3fffffffffff
N??CAA_K?WR?S_@W@B?	46	3fffffffffff
N??CAA_K?WR?S_@W?J?	46	3fffffffffff
N??CAA_K?WR?S_@SL??	46	3fffffffffff
N??CAA_K?WR?S_@SH_?	46	3fffffffffff
N??CAA_K?WR?S_@SD_?	46	3fffffffffff
N??CAA_K?WR?S_@SKO?	46	3ffffffffffcc
N??CAA_K?WR?S_@SGo?	46	3fffffffffff
N??CAA_K?WR?S_@S@o?	46	3fffffffffff
N??CAA_K?WR?S_@SHG?	46	3fffffffffff
N??CAA_K?WR?S_@SDG?	46	3fffffffffff
N??CAA_K?WR?S_@SCg?	46	3fffffffffff
N??CAA_K?WR?S_@S@g?	46	3fffffffffff
N??CAA_K?WR?S_@SCW?	46	1ffffffffb7fe
N??CAA_K?WR?S_@SGc?	46	3fffffffffff
N??CAA_K?WR?S_@S@c?	46	3fffffffffff
N??CAA_K?WR?S_@SGS?	46	1ffffffffb7fe
N??CAA_K?WR?S_@SCK?	46	1ffffffffb7fe
N??CAA_K?WR?S_@S@K?	46	3fffffffffff
N??CAA_K?WR?S_@S?[?	46	3ffdf7ffff77f
N??CAA_K?WR?S_@SH@?	46	3fffffffffff
N??CAA_K?WR?S_@SD@?	46	3fffffffffff
N??CAA_K?WR?S_@SC`?	46	3fffffffffff
N??CAA_K?WR?S_@S@H?	46	3fffffffffff
N??CAA_K?WR?S_@S?h?	46	3fffffffffff
N??CAA_K?WR?S_@S@D?	46	3fffffffffff
N??CAA_K?WR?S_@S?L?	46	3fffffffffff
N??CAA_K?WR?S_@QL??	46	3fffffffffff
N??CAA_K?WR?S_@Q@W?	46	3ffffffe97fff
N??CAA_K?WR?S_@QKC?	46	3fffbffbf7f7f
N??CAA_K?WR?S_@QCK?	46	3fffffffffff
N??CAA_K?WR?S_@QKA?	46	3fffbffbf7f7f
N??CAA_K?WR?S_@QCQ?	46	2ffdeff7fe70fccc
N??CAA_K?WR?S_@QCI?	46	3fffffffffff
N??CAA_K?WR?S_@Q@I?	46	3fffffffffff
N??CAA_K?WR?S_@QGE?	46	37ffffbfefffb
N??CAA_K?WR?S_@Q@E?	46	3effffffffb7e
N??CAA_K?WR?S_@Q?U?	46	3ffdbf739b7ee87d
N??CAA_K?WR?S_@Q?M?	46	3fffffffffff
N??CAA_K?WR?Q_POE_?	46	3fffffffffff
N??CAA_K?WR?Q_POEG?	46	3fffffffffff
N??CAA_K?WR?Q_POCW?	46	3fffffffffff
N??CAA_K?WR?Q_POEC?	46	3ffffdefdefff
N??CAA_K?WR?Q_POCc?	46	3fffffffffff
N??CAA_K?WR?Q_POAS?	46	3fff7fefdfeff
N??CAA_K?WR?Q_POEA?	46	3ffffdefdefff
N??CAA_K?WR?Q_POCa?	46	3fffffffffff
N??CAA_K?WR?Q_POCQ?	46	3fff7fefdfeff
N??CAA_K?WR?Q_POCI?	46	3fffffffffff
N??CAA_K?WR?Q_POAI?	46	3fffffffffff
N??CAA_K?WR?Q_POCE?	46	3ffffffe97fff
N??CAA_K?WR?Q_POAE?	46	3ffffffe97fff
N??CAA_K?WR?Q_PO?e?	46	3fffffffffff
N??CAA_K?WR?Q_PO?M?	46	3fffffffffff
N??CAA_K?WR?Q_POAP?	46	3fffffff0ffff
N??CAA_K?WR?Q_PO?h?	46	2ffdeff7fe70fccc
N??CAA_K?WR?Q_HOI_?	46	3fffffffffff
N??CAA_K?WR?Q_HOIO?	46	3fffffffffff
N??CAA_K?WR?Q_HOGg?	46	3fffffffffff
N??CAA_K?WR?Q_HOAg?	46	3fffffffffff
N??CAA_K?WR?Q_HO?w?	46	3fffffffffff
N??CAA_K?WR?Q_HOGc?	46	3fffffffffff
N??CAA_K?WR?Q_HO?s?	46	3fffffffffff
N??CAA_K?WR?Q_HO?k?	46	3fffffffffff
N??CAA_K?WR?Q_HO?[?	46	3fffffffffff
N??CAA_K?WR?Q_HOIA?	46	3fffffffffff
N??CAA_K?WR?Q_HOGa?	46	3fffffffffff
N??CAA_K?WR?Q_HOAa?	46	3fffffffffff
N??CAA_K?WR?Q_HOGQ?	46	3fffffffffff
N??CAA_K?WR?Q_HO?q?	46	3fffffffffff
N??CAA_K?WR?Q_HOGI?	46	3fffffffffff
N??CAA_K?WR?Q_HO?i?	46	3fffffffffff
N??CAA_K?WR?Q_HO?Y?	46	3fffffffffff
N??CAA_K?WR?Q_HOGE?	46	3fffffffffff
N??CAA_K?WR?Q_HO?e?	46	3fffffffffff
N??CAA_K?WR?Q_HO?M?	46	3fffffffffff
N??CAA_K?WR?Q_HOI@?	46	3fffffffffff
N??CAA_K?WR?Q_HOGP?	46	3fffffffffff
N??CAA_K?WR?Q_HOAH?	46	3fffffffffff
N??CAA_K?WR?Q_HOGD?	46	3fffffffffff
N??CAA_K?WR?Q_HOAD?	46	3fffffffffff
N??CAA_K?WR?Q_HO?L?	46	3fffffffffff
N??CAA_K?WR?Q_HOAB?	46	3fffffffffff
N??CAA_K?WR?Q_HO?R?	46	3fffffffffff
N??CAA_K?WR?Q_HO?J?	46	3fffffffffff
N??CAA_K?WR?Q_HO?F?	46	3fffffffffff
N??CAA_K?WR?Q_DOK_?	46	3fffffffffff
N??CAA_K?WR?Q_DOGo?	46	3ffff7dfdf7ff
N??CAA_K?WR?Q_DOGg?	46	3ffff7dfdf7ff
N??CAA_K?WR?Q_DOGc?	46	3fffffffffff
N??CAA_K?WR?Q_DOCK?	46	3fffffffffff
N??CAA_K?WR?Q_DO?k?	46	3fffffffffff
N??CAA_K?WR?Q_DO?[?	46	3fffffffffff
N??CAA_K?WR?Q_DOKA?	46	3fffffffffff
N??CAA_K?WR?Q_DOGa?	46	3fffffffffff
N??CAA_K?WR?Q_DOCa?	46	3fffffffffff
N??CAA_K?WR?Q_DO?q?	46	3fffffffffff
N??CAA_K?WR?Q_DOGI?	46	3fffffffffff
N??CAA_K?WR?Q_DOCI?	46	3fffffffffff
N??CAA_K?WR?Q_DO?Y?	46	3fffffffffff
N??CAA_K?WR?Q_DOGE?	46	3fffffffffff
N??CAA_K?WR?Q_DO?e?	46	3fffffffffff
N??CAA_K?WR?Q_DO?U?	46	3fffffffffff
N??CAA_K?WR?Q_DO?M?	46	3fffffffffff
N??CAA_K?WR?Q_DOGP?	46	3fffffff0ffff
N??CAA_K?WR?Q_DOCH?	46	3fffffffffff
N??CAA_K?WR?Q_DO?X?	46	3ffffffe97fff
N??CAA_K?WR?Q_DOGD?	46	3fffffffffff
N??CAA_K?WR?Q_DOCD?	46	3fffffffffff
N??CAA_K?WR?Q_DO?L?	46	3fffffffffff
N??CAA_K?WR?Q_DOCB?	46	3fffffffffff
N??CAA_K?WR?Q_DO?J?	46	3fffffffffff
N??CAA_K?WR?Q_DO?F?	46	3fffffffffff
N??CAA_K?WR?Q_@oM??	46	3fffffffffff
N??CAA_K?WR?Q_@oI_?	46	3ffff7dfdf7ff
N??CAA_K?WR?Q_@oAg?	46	3ffdffdfdff7f
N??CAA_K?WR?Q_@oEC?	46	3fffffffffff
N??CAA_K?WR?Q_@oGc?	46	3ffffffffffd2
N??CAA_K?WR?Q_@oCc?	46	3fffffffffff
N??CAA_K?WR?Q_@oAc?	46	3fffffffffff
N??CAA_K?WR?Q_@oCK?	46	3fffffffffff
N??CAA_K?WR?Q_@oAK?	46	3fffffffffff
N??CAA_K?WR?Q_@oKA?	46	3fffffffffff
N??CAA_K?WR?Q_@oGa?	46	3fffffffffff
N??CAA_K?WR?Q_@oCa?	46	3fffffffffff
N??CAA_K?WR?Q_@oAa?	46	3fffffffffff
N??CAA_K?WR?Q_@oCI?	46	3fffffffffff
N??CAA_K?WR?Q_@oGE?	46	3fffffffffff
N??CAA_K?WR?Q_@oAE?	46	3fffffffffff
N??CAA_K?WR?Q_@o?e?	46	3fffffffffff
N??CAA_K?WR?Q_@oK@?	46	3fffffffffff
N??CAA_K?WR?Q_@oI@?	46	3fffffff0ffff
N??CAA_K?WR?Q_@oAH?	46	3ffffffe97fff
N??CAA_K?WR?Q_@oGD?	46	3ffffffffffcc
N??CAA_K?WR?Q_@o?L?	46	1ffffffffb7fe
N??CAA_K?WR?Q_@oGB?	46	3fffffffffff
N??CAA_K?WR?Q_@oCB?	46	3fffffffffff
N??CAA_K?WR?Q_@WM??	46	3fffffffffff
N??CAA_K?WR?Q_@WK_?	46	3fffffffffff
N??CAA_K?WR?Q_@WI_?	46	3fffffffffff
N??CAA_K?WR?Q_@WE_?	46	3fffffffffff
N??CAA_K?WR?Q_@WEO?	46	3fffffffffff
N??CAA_K?WR?Q_@WGo?	46	3ffffffffffd2
N??CAA_K?WR?Q_@WCo?	46	3fffffffffff
N??CAA_K?WR?Q_@WEG?	46	3fffffffffff
N??CAA_K?WR?Q_@WCW?	46	3fffffffffff
N??CAA_K?WR?Q_@WAW?	46	3fffffffffff
N??CAA_K?WR?Q_@W?w?	46	1ffffffffcffe
N??CAA_K?WR?Q_@WKA?	46	3fffffffffff
N??CAA_K?WR?Q_@WIA?	46	3fffffffffff
N??CAA_K?WR?Q_@WEA?	46	3fffffffffff
N??CAA_K?WR?Q_@WGa?	46	3fffffffffff
N??CAA_K?WR?Q_@WCa?	46	3fffffffffff
N??CAA_K?WR?Q_@WAa?	46	3fffffffffff
N??CAA_K?WR?Q_@WCI?	46	3fffffffffff
N??CAA_K?WR?Q_@WAI?	46	3fffffffffff
N??CAA_K?WR?Q_@WK@?	46	3fffffffffff
N??CAA_K?WR?Q_@WI@?	46	3fffffffffff
N??CAA_K?WR?Q_@WE@?	46	3fffffffffff
N??CAA_K?WR?Q_@WG`?	46	3ffffffffffcc
N??CAA_K?WR?Q_@WGP?	46	3ffffffffffcc
N??CAA_K?WR?Q_@WCH?	46	3fffffffffff
N??CAA_K?WR?Q_@WAH?	46	3fffffffffff
N??CAA_K?WR?Q_@W?X?	46	1ffffffffb7fe
N??CAA_K?WR?Q_@WCB?	46	3fffffffffff
N??CAA_K?WR?Q_@WAB?	46	3fffffffffff
N??CAA_K?WR?Q_@W?J?	46	3fffffffffff
N??CAA_K?WR?Q_@SM??	46	3fffffffffff
N??CAA_K?WR?Q_@SK_?	46	3fffffffffff
N??CAA_K?WR?Q_@SI_?	46	3fffffffffff
N??CAA_K?WR?Q_@SE_?	46	3fffffffffff
N??CAA_K?WR?Q_@SKO?	46	3fffffffffff
N??CAA_K?WR?Q_@SGo?	46	3fffffffffff
N??CAA_K?WR?Q_@SCo?	46	3fffffffffff
N??CAA_K?WR?Q_@SKG?	46	3fffffffffff
N??CAA_K?WR?Q_@SIG?	46	3fffffffffff
N??CAA_K?WR?Q_@SEG?	46	3fffffffffff
N??CAA_K?WR?Q_@SAg?	46	3fffffffffff
N??CAA_K?WR?Q_@SCW?	46	3fffffffffff
N??CAA_K?WR?Q_@S?w?	46	3fffffffffff
N??CAA_K?WR?Q_@SIC?	46	3fffffffffff
N??CAA_K?WR?Q_@SEC?	46	3fffffffffff
N??CAA_K?WR?Q_@SGc?	46	3fffffffffff
N??CAA_K?WR?Q_@SAc?	46	3fffffffffff
N??CAA_K?WR?Q_@SGS?	46	3fffffffffff
N??CAA_K?WR?Q_@S?s?	46	3fffffffffff
N??CAA_K?WR?Q_@SGK?	46	3fffffffffff
N??CAA_K?WR?Q_@SAK?	46	3fffffffffff
N??CAA_K?WR?Q_@S?k?	46	3fffffffffff
N??CAA_K?WR?Q_@SE@?	46	3fffffffffff
N??CAA_K?WR?Q_@SGP?	46	3fffffffffff
N??CAA_K?WR?Q_@SCP?	46	3fffffffffff
N??CAA_K?WR?Q_@SCH?	46	3fffffffffff
N??CAA_K?WR?Q_@SAH?	46	3fffffffffff
N??CAA_K?WR?Q_@S?h?	46	3fffffffffff
N??CAA_K?WR?Q_@SGD?	46	3fffffffffff
N??CAA_K?WR?Q_@SAD?	46	3fffffffffff
N??CAA_K?WR?Q_@S?d?	46	3fffffffffff
N??CAA_K?WR?Q_@S?L?	46	3fffffffffff
N??CAA_K?WR?Q_@QIO?	46	3fffffff0ffff
N??CAA_K?WR?Q_@QEG?	46	3fffffffffff
N??CAA_K?WR?Q_@QGc?	46	3ffffffffffcc
N??CAA_K?WR?Q_@QAS?	46	3effffffffcfe
N??CAA_K?WR?Q_@Q?k?	46	1ffffffffb7fe
N??CAA_K?WR?Q_@QKA?	46	3fffffffffff
N??CAA_K?WR?Q_@QCa?	46	3fffffffffff
N??CAA_K?WR?Q_@QCQ?	46	3effffffffcfe
N??CAA_K?WR?Q_@QCI?	46	3fffffffffff
N??CAA_K?WR?Q_@QAI?	46	3fffffffffff
N??CAA_K?WR?Q_@QAE?	46	7ebfffffffb7e
N??CAA_K?WR?Q_@Q?M?	46	3fffffffffff
N??CAA_K?WR?D_WOH_?	46	7ffffffff7ff
N??CAA_K?WR?D_WOGo?	46	7ffffffff7ff
N??CAA_K?WR?D_WOGg?	46	3fffffffffff
N??CAA_K?WR?D_WOGI?	46	3ffffffffffcc
N??CAA_K?WR?D_WOGE?	46	3ffffffffffcc
N??CAA_K?WR?D_WOH@?	46	7ffffffdffff
N??CAA_K?WR?D_WOG`?	46	7ffffffdffff
N??CAA_K?WR?D_WOGH?	46	3fffffffffff
N??CAA_K?WR?D_QOK_?	46	3fffffffffff
N??CAA_K?WR?D_QOGo?	46	3ffff7dfdf7ff
N??CAA_K?WR?D_QOKC?	46	3fffffffffff
N??CAA_K?WR?D_QOGc?	46	3fffffffffff
N??CAA_K?WR?D_QOGS?	46	3fffffffffff
N??CAA_K?WR?D_QOKA?	46	3fffffffffff
N??CAA_K?WR?D_QOGa?	46	3fffffffffff
N??CAA_K?WR?D_QOGQ?	46	3fffffffffff
N??CAA_K?WR?D_QOGE?	46	3fffffffffff
N??CAA_K?WR?D_QOG`?	46	3fffffff0ffff
N??CAA_K?WR?D_QOGP?	46	3fffffff0ffff
N??CAA_K?WR?D_POKO?	46	3fffffffffff
N??CAA_K?WR?D_POHO?	46	3ffff7dfdf7ff
N??CAA_K?WR?D_POHG?	46	3ffff7dfdf7ff
N??CAA_K?WR?D_POKC?	46	3fffffffffff
N??CAA_K?WR?D_POHC?	46	3fffffffffff
N??CAA_K?WR?D_POGS?	46	3fffffffffff
N??CAA_K?WR?D_POGK?	46	3fffffffffff
N??CAA_K?WR?D_POKA?	46	3fffffffffff
N??CAA_K?WR?D_POHA?	46	3fffffffffff
N??CAA_K?WR?D_POGQ?	46	3fffffffffff
N??CAA_K?WR?D_POGE?	46	3fffffffffff
N??CAA_K?WR?D_POGP?	46	3fffffff0ffff
N??CAA_K?WR?D_OoH_?	46	3ffff7dfdf7ff
N??CAA_K?WR?D_OoKC?	46	3ffffffffffcc
N??CAA_K?WR?D_OoHC?	46	3fffffffffff
N??CAA_K?WR?D_OoGc?	46	3fffffffffff
N??CAA_K?WR?D_OoKA?	46	3ffffffffffcc
N??CAA_K?WR?D_OoHA?	46	3fffffffffff
N??CAA_K?WR?B_WOI_?	46	7ffffffff7ff
N??CAA_K?WR?B_WOIO?	46	7ffffffff7ff
N??CAA_K?WR?B_WOGg?	46	3fffffffffff
N??CAA_K?WR?B_WOGc?	46	3fffffffffff
N??CAA_K?WR?B_WOGS?	46	3fffffffffff
N??CAA_K?WR?B_WOGa?	46	3fffffffffff
N??CAA_K?WR?B_WOGQ?	46	3fffffffffff
N??CAA_K?WR?B_WOGI?	46	3fffffffffff
N??CAA_K?WR?B_WOGE?	46	3fffffffffff
N??CAA_K?WR?B_WOI@?	46	7ffffffdffff
N??CAA_K?WR?B_WOG`?	46	fffffffdf7ff
N??CAA_K?WR?B_WOGD?	46	3fffffffffff
N??CAA_K?WR?B_WOGB?	46	3fffffffffff
N??CAA_K?WR?B_SOK_?	46	3fffffffffff
N??CAA_K?WR?B_SOGo?	46	3ffff7dfdf7ff
N??CAA_K?WR?B_SOGg?	46	3ffff7dfdf7ff
N??CAA_K?WR?B_SOGc?	46	3fffffffffff
N??CAA_K?WR?B_SOGS?	46	3fffffffffff
N??CAA_K?WR?B_SOKA?	46	3fffffffffff
N??CAA_K?WR?B_SOGa?	46	3fffffffffff
N??CAA_K?WR?B_SOGQ?	46	3fffffffffff
N??CAA_K?WR?B_SOGI?	46	3fffffffffff
N??CAA_K?WR?B_SOGE?	46	3fffffffffff
N??CAA_K?WR?B_SOK@?	46	3fffffffffff
N??CAA_K?WR?B_SOG`?	46	3fffffff0ffff
N??CAA_K?WR?B_SOGP?	46	3fffffff0ffff
N??CAA_K?WR?B_SOGD?	46	3fffffffffff
N??CAA_K?WR?B_SOGB?	46	3fffffffffff
N??CAA_K?WR?B_POM??	46	3fffffffffff
N??CAA_K?WR?B_POKC?	46	3fffffffffff
N??CAA_K?WR?B_POKA?	46	7fffffffff7f
N??CAA_K?WR?B_POGE?	46	3fffffffffff
N??CAA_K?WR?B_OoI_?	46	3ffff7dfdf7ff
N??CAA_K?WR?B_OoIC?	46	3fffffffffff
N??CAA_K?WR?B_OoGc?	46	3ffffffffffd2
N??CAA_K?WR?B_OoKA?	46	7fffffffff7f
N??CAA_K?WR?B_OoGa?	46	3fffffffffff
N??CAA_K?WR?B_OoGE?	46	3fffffffffff
N??CAA_K?WR?B_OoI@?	46	3fffffff0ffff
N??CAA_K?WR?B_OoGD?	46	3ffffffffffcc
N??CAA_K?WR?B_OWM??	46	3fffffffffff
N??CAA_K?WR?B_OWK_?	46	3fffffffffff
N??CAA_K?WR?B_OWI_?	46	3fffffffffff
N??CAA_K?WR?B_OWKO?	46	3fffffffffff
N??CAA_K?WR?B_OWIO?	46	3fffffffffff
N??CAA_K?WR?B_OWGo?	46	3ffffffffffd2
N??CAA_K?WR?B_OWGg?	46	3ffffffffffd2
N??CAA_K?WR?B_OWKA?	46	3fffffffffff
N??CAA_K?WR?B_OWIA?	46	3fffffffffff
N??CAA_K?WR?B_OWGa?	46	3fffffffffff
N??CAA_K?WR?B_OWI@?	46	3fffffffffff
N??CAA_K?WR?B_OWG`?	46	3ffffffffffcc
N??CAA_K?WR?B_OWGP?	46	3ffffffffffcc
N??CAA_K?WR?B_OSM??	46	3fffffffffff
N??CAA_K?WR?B_OSK_?	46	3fffffffffff
N??CAA_K?WR?B_OSI_?	46	3fffffffffff
N??CAA_K?WR?B_OSKO?	46	3fffffffffff
N??CAA_K?WR?B_OSIO?	46	3fffffffffff
N??CAA_K?WR?B_OSGo?	46	ffffffffeffe
N??CAA_K?WR?B_OSGg?	46	3fffffffffff
N??CAA_K?WR?B_OSIC?	46	3fffffffffff
N??CAA_K?WR?B_OSGc?	46	7ffffffffffd
N??CAA_K?WR?B_OSGS?	46	7ffffffffffd
N??CAA_K?WR?B_OSGK?	46	3fffffffffff
N??CAA_K?WR?B_OSK@?	46	3fffffffffff
N??CAA_K?WR?B_OSI@?	46	3fffffffffff
N??CAA_K?WR?B_OSGD?	46	7ffffffffffb
N??CAA_K?WR?B_OQM??	46	3fffffffffff
N??CAA_K?WR?B_OQGo?	46	2ffdeff7fe70fccc
N??CAA_K?WR?B_OQGc?	46	3ffffffffffcc
N??CAA_K?WR?B_OQKA?	46	7fffffff7fff
N??CAA_K?WR?SOP_@g?	46	3ffff7dfdf7ff
N??CAA_K?WR?SOP_@c?	46	3fffffffffff
N??CAA_K?WR?SOP_@S?	46	3fffffffffff
N??CAA_K?WR?SOP_@a?	46	3fffffffffff
N??CAA_K?WR?SOP_@I?	46	3fffffffffff
N??CAA_K?WR?SOP_?e?	46	3fffffffffff
N??CAA_K?WR?SOP_?M?	46	1ffffffffb7fe
N??CAA_K?WR?SOP_?L?	46	3fffffffffff
N??CAA_K?WR?QOP_EC?	46	3fffffffdf6fe
N??CAA_K?WR?QOP_Cc?	46	3fffffffffff
N??CAA_K?WR?QOP_AS?	46	7fffffffefff
N??CAA_K?WR?QOP_EA?	46	3fffffffdf6fe
N??CAA_K?WR?QOP_Ca?	46	3fffffffffff
N??CAA_K?WR?QOP_Aa?	46	3fffffffffff
N??CAA_K?WR?QOP_CQ?	46	7fffffffefff
N??CAA_K?WR?QOP_CI?	46	3fffffffffff
N??CAA_K?WR?QOP_CE?	46	3fffffffe777f
N??CAA_K?WR?QOP_AE?	46	3fffffffe777f
N??CAA_K?WR?QOP_?e?	46	3fffffffffff
N??CAA_K?WR?QOP_?M?	46	3fffffffffff
N??CAA_K?WR?QOP_?h?	46	2ffdeff7fe70fccc
N??CAA_K?WR?QOP_?L?	46	3ffffffffffcc
N??CAA_K?WR?SG@oH_?	46	3fffffffffff
N??CAA_K?WR?SG@oD_?	46	3fffffffffff
N??CAA_K?WR?SG@oCo?	46	3fffffffffff
N??CAA_K?WR?SG@o@o?	46	3fffffffffff
N??CAA_K?WR?SG@o@g?	46	3fffffffffff
N??CAA_K?WR?SG@o@W?	46	3fffffffffff
N??CAA_K?WR?SG@o?w?	46	3fffffffffff
N??CAA_K?WR?SG@oHA?	46	fffffffff77f
N??CAA_K?WR?SG@oGa?	46	3fffffffffff
N??CAA_K?WR?SG@o@a?	46	3fffffffffff
N??CAA_K?WR?SG@oCQ?	46	1ffffffffb7fe
N??CAA_K?WR?SG@oGI?	46	1ffffffffb7fe
N??CAA_K?WR?SG@o@I?	46	3fffffffffff
N??CAA_K?WR?SG@o?i?	46	3fffffffffff
N??CAA_K?WR?SG@oH@?	46	7ffffffff7ff
N??CAA_K?WR?SG@oG`?	46	3fffffffffff
N??CAA_K?WR?SG@oC`?	46	3fffffffffff
N??CAA_K?WR?SG@o@`?	46	3fffffffffff
N??CAA_K?WR?SG@oGP?	46	3fffffffffff
N??CAA_K?WR?SG@oCP?	46	3fffffffffff
N??CAA_K?WR?SG@o@H?	46	3fffffffffff
N??CAA_K?WR?SG@o?h?	46	7fffffffff7f
N??CAA_K?WR?SG@o@B?	46	fffffffdf7ff
N??CAA_K?WR?QG@oM??	46	fffffffff7fe
N??CAA_K?WR?QG@oE_?	46	3fffffffffff
N??CAA_K?WR?QG@oEO?	46	3fffffffffff
N??CAA_K?WR?QG@oGo?	46	3ffffffffffd2
N??CAA_K?WR?QG@oCo?	46	3fffffffffff
N??CAA_K?WR?QG@oAo?	46	3fffffffffff
N??CAA_K?WR?QG@oCg?	46	3fffffffffff
N??CAA_K?WR?QG@o?w?	46	1ffffffffcffe
N??CAA_K?WR?QG@oKA?	46	fffffffff77f
N??CAA_K?WR?QG@oIA?	46	fffffffff77f
N??CAA_K?WR?QG@oCa?	46	3fffffffffff
N??CAA_K?WR?QG@oAa?	46	3fffffffffff
N??CAA_K?WR?QG@o?i?	46	3fffffffffff
N??CAA_K?WR?QG@oK@?	46	7ffffffff7ff
N??CAA_K?WR?QG@oGP?	46	3ffffffffffcc
N??CAA_K?WR?BGOoM??	46	3fffffffffff
N??CAA_K?WR?BGOoK_?	46	3fffffffffff
N??CAA_K?WR?BGOoKO?	46	3fffffffffff
N??CAA_K?WR?BGOoGo?	46	3ffffffffffd2
N??CAA_K?WR?BGOoKA?	46	3fffffffffff
N??CAA_K?WR?BGOoG`?	46	3ffffffffffcc
N??CAA_K?WR?PC@oM??	46	3fffffffffff
N??CAA_K?WR?PC@oJ??	46	3fffffffffff
N??CAA_K?WR?PC@oF??	46	3fffffffffff
N??CAA_K?WR?PC@oDO?	46	3fffffffffff
N??CAA_K?WR?PC@oKG?	46	3fffffffffff
N??CAA_K?WR?PC@oIG?	46	3fffffffffff
N??CAA_K?WR?PC@oDG?	46	3fffffffffff
N??CAA_K?WR?PC@oBG?	46	3fffffffffff
N??CAA_K?WR?PC@oCW?	46	3fffffffffff
N??CAA_K?WR?PC@oHC?	46	3fffffffffff
N??CAA_K?WR?PC@oBC?	46	3fffffffffff
N??CAA_K?WR?PC@oGS?	46	3fffffffffff
N??CAA_K?WR?PC@oAK?	46	3fffffffffff
N??CAA_K?WR?PC@o@K?	46	3fffffffffff
N??CAA_K?WR?PC@o?[?	46	3fffffffffff
N??CAA_K?WR?PC@oK@?	46	3fffffffffff
N??CAA_K?WR?PC@oI@?	46	3fffffffffff
N??CAA_K?WR?PC@oE@?	46	3fffffffffff
N??CAA_K?WR?PC@oCP?	46	3fffffffffff
N??CAA_K?WR?PC@oGD?	46	3fffffffffff
N??CAA_K?WR?PC@o@D?	46	3fffffffffff
N??CAA_K?WR?PC@o?T?	46	3fffffffffff
N??CAA_K?WR?PC@o?L?	46	3fffffffffff
N??CAA_K?WR?PC?qL??	46	3fffffffffff
N??CAA_K?WR?PC?qKO?	46	3fffffffffff
N??CAA_K?WR?PC?qEO?	46	3fffffffffff
N??CAA_K?WR?PC?qEG?	46	3fffffffffff
N??CAA_K?WR?PC?qCg?	46	3fffffffffff
N??CAA_K?WR?PC?qCW?	46	3fffffffffff
N??CAA_K?WR?PC?qAW?	46	3fffffffffff
N??CAA_K?WR?PC?qAK?	46	3fffffffffff
N??CAA_K?WR?PC?q@K?	46	3fffffffffff
N??CAA_K?WR?PC?q?[?	46	3fffffffffff
N??CAA_K?WR?PA@oEO?	46	3fffffffffff
N??CAA_K?WR?PA@o@W?	46	3faeffff75e937d2
N??CAA_K?WR?PA@oEC?	46	1ffffffffb7fe
N??CAA_K?WR?PA@oHC?	46	3ffffffffffcc
N??CAA_K?WR?PA@oKA?	46	3fffffffffff
N??CAA_K?WR?PA@oDA?	46	3fffffffffff
N??CAA_K?WR?PA@oCQ?	46	3fffffffffff
N??CAA_K?WR?PA@oCI?	46	3fffffffffff
N??CAA_K?WR?PA@oGE?	46	3fffffffffff
N??CAA_K?WR?PA@o?U?	46	3fffffffffff
N??CAA_K?WR?Oa@oM??	46	3fffffffffff
N??CAA_K?WR?Oa@oE_?	46	3fffffffffff
N??CAA_K?WR?Oa@oEC?	46	3fffffffffff
N??CAA_K?WR?Oa@oBC?	46	3fffffffffff
N??CAA_K?WR?Oa@oKA?	46	3fffffffffff
N??CAA_K?WR?Oa@oEA?	46	3fffffffffff
N??CAA_K?WR?Oa@oDA?	46	3fffffffffff
N??CAA_K?WR?Oa@oCa?	46	3fffffffffff
N??CAA_K?WR?Oa@oCI?	46	3fffffffffff
N??CAA_K?WR?Oa@oGE?	46	3fffffffffff
N??CAA_K?WR?Oa@oAE?	46	3fffffffffff
N??CAA_K?WR?Oa@o?e?	46	3fffffffffff
N??CAA_K?WR?Oa@WM??	46	3fffffffffff
N??CAA_K?WR?Oa@WE_?	46	3fffffffffff
N??CAA_K?WR?Oa@WEO?	46	3fffffffffff
N??CAA_K?WR?Oa@W@W?	46	1ffffffffb7fe
N??CAA_K?WR?Oa@W?w?	46	1ffffffffb7fe
N??CAA_K?WR?Oa@WKA?	46	3fffffffffff
N??CAA_K?WR?Oa@WIA?	46	3fffffffffff
N??CAA_K?WR?Oa@WCa?	46	3fffffffffff
N??CAA_K?WR?Oa@WCI?	46	3fffffffffff
N??CAA_K?WR?Oa@WAI?	46	3fffffffffff
N??CAA_K?WJ?E_`OGo?	46	3ffff7dfdf7ff
N??CAA_K?WJ?E_`OGg?	46	3ffff7dfdf7ff
N??CAA_K?WJ?E_`OCg?	46	3fffffffffff
N??CAA_K?WJ?E_`OCW?	46	3fffffffffff
N??CAA_K?WJ?E_`O?w?	46	3ffdffdfdff7f
N??CAA_K?WJ?E_`OCc?	46	3fffffffffff
N??CAA_K?WJ?E_`OCS?	46	3fffffffffff
N??CAA_K?WJ?E_`O?s?	46	3fffffffffff
N??CAA_K?WJ?E_`OCK?	46	3fffffffffff
N??CAA_K?WJ?E_`O?[?	46	3fffffffffff
N??CAA_K?WJ?E_`OKA?	46	3fffffffffff
N??CAA_K?WJ?E_`OGa?	46	3fffffffffff
N??CAA_K?WJ?E_`OCa?	46	3fffffffffff
N??CAA_K?WJ?E_`O?q?	46	3fffffffffff
N??CAA_K?WJ?E_`OCI?	46	3fffffffffff
N??CAA_K?WJ?E_`OGE?	46	3fffffffffff
N??CAA_K?WJ?E_`O?e?	46	3fffffffffff
N??CAA_K?WJ?E_`O?U?	46	3fffffffffff
N??CAA_K?WJ?E_`O?M?	46	3fffffffffff
N??CAA_K?WJ?E_`OGP?	46	3fffffff0ffff
N??CAA_K?WJ?E_`O?X?	46	3ffffffe97fff
N??CAA_K?WJ?E_`OGD?	46	3fffffffffff
N??CAA_K?WJ?E_`OCB?	46	3fffffffffff
N??CAA_K?WJ?E_`O?F?	46	3fffffffffff
N??CAA_K?WJ?E_POSC?	46	3ffffdefdefff
N??CAA_K?WJ?E_POCS?	46	3fff7fefdfeff
N??CAA_K?WJ?E_PO?s?	46	3fffffffffff
N??CAA_K?WJ?E_POOK?	46	3fffffffffff
N??CAA_K?WJ?E_POOQ?	46	3fff7fefdfeff
N??CAA_K?WJ?E_POCQ?	46	3fff7fefdfeff
N??CAA_K?WJ?E_POOI?	46	3fffffffffff
N??CAA_K?WJ?E_PO?Y?	46	3ffffffffffd2
N??CAA_K?WJ?E_POOE?	46	3ffffffe97fff
N??CAA_K?WJ?E_POCE?	46	3ffffffe97fff
N??CAA_K?WJ?E_PO?e?	46	3fffffffffff
N??CAA_K?WJ?E_PO?U?	46	3ffffffe67fff
N??CAA_K?WJ?E_PO?X?	46	3faeffff75e937d2
N??CAA_K?WJ?E_POOD?	46	3fffffffffff
N??CAA_K?WJ?E_POCD?	46	3fffffffffff
N??CAA_K?WJ?E_PO?T?	46	3fffffffffff
N??CAA_K?WJ?E_POCB?	46	3ffffdefdefff
N??CAA_K?WJ?E_PO?R?	46	3ffffffffffcc
N??CAA_K?WJ?E_PO?J?	46	2ffdeff7fe70fccc
N??CAA_K?WJ?E_PO?F?	46	3fffffffffff
N??CAA_K?WJ?E_@o[??	46	3fffffffffff
N??CAA_K?WJ?E_@oW_?	46	3ffff7dfdf7ff
N??CAA_K?WJ?E_@oS_?	46	3fffffffffff
N??CAA_K?WJ?E_@oSG?	46	3fffffffffff
N??CAA_K?WJ?E_@oCg?	46	3fffffffffff
N??CAA_K?WJ?E_@oSC?	46	3fffffffffff
N??CAA_K?WJ?E_@oKC?	46	3fffffffffff
N??CAA_K?WJ?E_@oOc?	46	3fffffffffff
N??CAA_K?WJ?E_@oCc?	46	3fffffffffff
N??CAA_K?WJ?E_@oOK?	46	3fffffffffff
N??CAA_K?WJ?E_@oCK?	46	3fffffffffff
N??CAA_K?WJ?E_@oSA?	46	3fffffffffff
N??CAA_K?WJ?E_@oOa?	46	3fffffffffff
N??CAA_K?WJ?E_@oGa?	46	3ffffffffffd2
N??CAA_K?WJ?E_@oOI?	46	3fffffffffff
N??CAA_K?WJ?E_@oGI?	46	3ffffffffffd2
N??CAA_K?WJ?E_@oCI?	46	3fffffffffff
N??CAA_K?WJ?E_@o?i?	46	3effffffffcfe
N??CAA_K?WJ?E_@oOE?	46	3fffffffffff
N??CAA_K?WJ?E_@oGE?	46	3fffffffffff
N??CAA_K?WJ?E_@oW@?	46	3fffffff0ffff
N??CAA_K?WJ?E_@oS@?	46	3fffffffffff
N??CAA_K?WJ?E_@oK@?	46	3fffffffffff
N??CAA_K?WJ?E_@oOH?	46	3ffffffe97fff
N??CAA_K?WJ?E_@oCH?	46	3fffffffffff
N??CAA_K?WJ?E_@oGD?	46	3fffffffffff
N??CAA_K?WJ?E_@oCD?	46	3fffffffffff
N??CAA_K?WJ?E_@oGB?	46	3ffffffffffcc
N??CAA_K?WJ?E_@o?J?	46	3effffffffb7e
N??CAA_K?WJ?E_@o?F?	46	3fffffffffff
N??CAA_K?WJ?E_@W[??	46	3fffffffffff
N??CAA_K?WJ?E_@WW_?	46	3fffffffffff
N??CAA_K?WJ?E_@WS_?	46	3fffffffffff
N??CAA_K?WJ?E_@WK_?	46	3fffffffffff
N??CAA_K?WJ?E_@WSO?	46	3fffffffffff
N??CAA_K?WJ?E_@WKO?	46	3fffffffffff
N??CAA_K?WJ?E_@WWG?	46	3fffffffffff
N??CAA_K?WJ?E_@WWA?	46	3fffffffffff
N??CAA_K?WJ?E_@WGQ?	46	3fffffffffff
N??CAA_K?WJ?E_@W?q?	46	3fffffffffff
N??CAA_K?WJ?D_BOSC?	46	3fffffffffff
N??CAA_K?WJ?D_BOCS?	46	3fffffffffff
N??CAA_K?WJ?D_BOOE?	46	3fffffffffff
N??CAA_K?WJ?D_BO?U?	46	3fffffffffff
N??CAA_K?WJ?D_BOCD?	46	3fffffffffff
N??CAA_K?WJ?D_BO?R?	46	3effffffffb7e
N??CAA_K?WJ?DOOoP_?	46	3ffff7dfdf7ff
N??CAA_K?WJ?DOOoD_?	46	3ffffffff87ff
N??CAA_K?WJ?DOOo@o?	46	3ff73fdb9cfdef61
N??CAA_K?WJ?DOOoSC?	46	3ffffffffffcc
N??CAA_K?WJ?DOOoPC?	46	3fffffffffff
N??CAA_K?WJ?DOOoDC?	46	3fffffffffff
N??CAA_K?WJ?DOOo@c?	46	3fffffffffff
N??CAA_K?WJ?DOOoCS?	46	1ffffffffb7fe
N??CAA_K?WJ?DOOoDA?	46	3ffff7dfdf7ff
N??CAA_K?WJ?DOOo@a?	46	3faeffff75e937d2
N??CAA_K?WJ?DOOo@Q?	46	3ffffffffffd2
N??CAA_K?WJ?DOOoOE?	46	1ffffffffb7fe
N??CAA_K?WJ?DOOo?U?	46	3ffdf7ffff77f
N??CAA_K?WJ?DOOo@B?	46	2ffdeff7fe70fccc
N??CAA_K?WJ?CoBOSC?	46	3fffffffffff
N??CAA_K?WJ?CoBOCS?	46	3fffffffffff
N??CAA_K?WJ?CoBOGQ?	46	3ffffffffffd2
N??CAA_K?WJ?CoBO?U?	46	3fffffffffff
N??CAA_K?WJ?AoP_U??	46	3fffffffffff
N??CAA_K?WJ?AoP_QG?	46	3ffff7dfdf7ff
N??CAA_K?WJ?AoP_Cg?	46	3fffffffffff
N??CAA_K?WJ?AoP_Ag?	46	3ff73fdb9cfdef61
N??CAA_K?WJ?AoP_EC?	46	3fffffffffff
N??CAA_K?WJ?AoP_OK?	46	3ffffffffffd2
N??CAA_K?WJ?AoP_?i?	46	3ffffffffffd2
N??CAA_K?WJ?AoP_CE?	46	3fffffffffff
N??CAA_K?WF?T?Oo@g?	46	3ffffffff87ff
N??CAA_K?WF?T?OoOW?	46	3ffffffffffcc
N??CAA_K?WF?T?Oo@S?	46	3fffffffffff
N??CAA_K?WF?T?Oo?s?	46	3fffffffffff
N??CAA_K?WF?T?Oo?[?	46	1ffffffffb7fe
N??CAA_K?WF?T?Oo@a?	46	3ffe7f8f6b7ef07b
N??CAA_K?WF?T?OoOE?	46	3ffffffffffcc
N??CAA_K?WF?T?Oo?e?	46	3bfffffbf7ffd
N??CAA_K?WF?T?Oo?U?	46	1ffffffffb7fe
N??CAA_K?WF?T?Oo?h?	46	3ffff7dfdf7ff
N??CAA_K?WF?T?Oo?T?	46	3fffffffffff
N??CAA_K?WF?T?Oo@B?	46	3defbfffdea94fcc
N??CAA_K?WF?T?@oOW?	46	3fffffffffff
N??CAA_K?WF?T?@o@W?	46	3fffffffffff
N??CAA_K?WF?T?@oWC?	46	3fffffffffff
N??CAA_K?WF?T?@oGS?	46	3fffffffffff
N??CAA_K?WF?T?@o@S?	46	3fffffffffff
N??CAA_K?WF?T?@oOK?	46	3fffffffffff
N??CAA_K?WF?T?@o?[?	46	3fffffffffff
N??CAA_K?WF?T?@oGQ?	46	3fffffffffff
N??CAA_K?WF?T?@o@Q?	46	3fffffffffff
N??CAA_K?WF?T?@o@I?	46	3ffff7dfdf7ff
N??CAA_K?WF?T?@o?Y?	46	3fffffffffff
N??CAA_K?WF?T?@o?U?	46	3fffffffffff
N??CAA_K?WF?T?@o?M?	46	3fffffffffff
N??CAA_K?WF?T?@oW@?	46	3fffffffffff
N??CAA_K?WF?T?@oOP?	46	3fffffffffff
N??CAA_K?WF?T?@oGH?	46	3ffff7dfdf7ff
N??CAA_K?WF?T?@o@H?	46	3ffff7dfdf7ff
N??CAA_K?WF?T?@o?T?	46	3fffffffffff
N??CAA_K?WF?T?@oOB?	46	3fffffffffff
N??CAA_K?WF?T?@oGB?	46	3ffffdefdefff
N??CAA_K?WF?T?@o@B?	46	3ffffdefdefff
N??CAA_K?WF?T?@o?F?	46	3fffffffffff
N??CAA_K?WF?T??wX??	46	3fffffffffff
N??CAA_K?WF?T??wW_?	46	3fffffffffff
N??CAA_K?WF?T??wHO?	46	3fffffffffff
N??CAA_K?WF?T??wGo?	46	3fffffffffff
N??CAA_K?WF?T??wWA?	46	3ffffffffffcc
N??CAA_K?WF?T??w@a?	46	3ffffffe97fff
N??CAA_K?WF?T??wOQ?	46	3fdffffffb7fe
N??CAA_K?WF?T??wGQ?	46	1ffffffffb7fe
N??CAA_K?WF?T??wOI?	46	1ffffffffb7fe
N??CAA_K?WF?T??wW@?	46	3fffffffffff
N??CAA_K?WF?T??wP@?	46	3fffffffffff
N??CAA_K?WF?T??wGP?	46	3fffffffffff
N??CAA_K?WF?T??w?p?	46	3fffffffffff
N??CAA_K?WF?T??w@H?	46	3fffffffffff
N??CAA_K?WF?T??w?J?	46	3fffffffffff
N??CAA_K?WF?T??sP_?	46	3fffffffffff
N??CAA_K?WF?T??sH_?	46	3ffffef7ef7ff
N??CAA_K?WF?T??sWO?	46	3ffffffffffcc
N??CAA_K?WF?T??sPO?	46	3fffffffffff
N??CAA_K?WF?T??sHO?	46	3fffffffffff
N??CAA_K?WF?T??s@o?	46	3fffffffffff
N??CAA_K?WF?T??s@g?	46	3ffff7dfdf7ff
N??CAA_K?WF?T??sOW?	46	1ffffffffb7fe
N??CAA_K?WF?T??sWC?	46	3ffffffffffcc
N??CAA_K?WF?T??s@c?	46	3fffffffffff
N??CAA_K?WF?T??sOS?	46	3fdffffffb7fe
N??CAA_K?WF?T??sOK?	46	1ffffffffb7fe
N??CAA_K?WF?T??sO`?	46	3fffffffffff
N??CAA_K?WF?T??qPO?	46	3fffffffffff
N??CAA_K?WF?T??qHO?	46	3fffffffffff
N??CAA_K?WF?T??q@g?	46	3ffff7dfdf7ff
N??CAA_K?WF?T??qOW?	46	3fffffffffff
N??CAA_K?WF?T??qWC?	46	3fffffffffff
N??CAA_K?WF?T??qGS?	46	3fffffffffff
N??CAA_K?WF?T??q@S?	46	3fffffffffff
N??CAA_K?WF?T??q?s?	46	3fffffffffff
N??CAA_K?WF?T??q?[?	46	3fffffffffff
N??CAA_K?WF?T??qOQ?	46	3fffffffffff
N??CAA_K?WF?T??q@I?	46	3fffffff0ffff
N??CAA_K?WF?T??q?U?	46	3fffffffffff
N??CAA_K?WF?R?@oQO?	46	3fffffffffff
N??CAA_K?WF?R?@oQG?	46	3fffffffffff
N??CAA_K?WF?R?@oOS?	46	3fffffffffff
N??CAA_K?WF?R?@oGS?	46	3fffffffffff
N??CAA_K?WF?R?@oAS?	46	3fffffffffff
N??CAA_K?WF?R?@oOK?	46	3fffffffffff
N??CAA_K?WF?R?@oOQ?	46	3fffffffffff
N??CAA_K?WF?R?@oOI?	46	3fffffffffff
N??CAA_K?WF?R?@oI@?	46	3ffffef7ef7ff
N??CAA_K?WF?R?@oGH?	46	3ffff7dfdf7ff
N??CAA_K?WF?R?@oAH?	46	3ffff7dfdf7ff
N??CAA_K?WF?R?@o?T?	46	3fffffffffff
N??CAA_K?WF?R?@o?L?	46	3fffffffffff
N??CAA_K?WF?R?@oOB?	46	3fffffffffff
N??CAA_K?WF?R?@oGB?	46	3ffffdefdefff
N??CAA_K?WF?R??wY??	46	3fffffffffff
N??CAA_K?WF?R??wW_?	46	3fffffffffff
N??CAA_K?WF?R??wIO?	46	3fffffffffff
N??CAA_K?WF?R??wOo?	46	3fffffffffff
N??CAA_K?WF?R??wGo?	46	3fffffffffff
N??CAA_K?WF?R??wOg?	46	3fffffffffff
N??CAA_K?WF?R??wAW?	46	3fffffffffff
N??CAA_K?WF?R??wWA?	46	3fffffffffff
N??CAA_K?WF?R??wOa?	46	3fffffffffff
N??CAA_K?WF?R??wAa?	46	3ffffffe97fff
N??CAA_K?WF?R??wOI?	46	3fffffffffff
N??CAA_K?WF?R??wW@?	46	3fffffffffff
N??CAA_K?WF?R??wQ@?	46	3fffffffffff
N??CAA_K?WF?S_`OH_?	46	3fffffffffff
N??CAA_K?WF?S_`O@g?	46	3fffffffffff
N??CAA_K?WF?S_`O@a?	46	3fffffffffff
N??CAA_K?WF?S_`O?U?	46	1ffffffffb7fe
N??CAA_K?WF?S_`O?M?	46	1ffffffffb7fe
N??CAA_K?WF?S_`OH@?	46	3fffffffffff
N??CAA_K?WF?S_`OG`?	46	3fffffffffff
N??CAA_K?WF?S_`O@`?	46	3fffffffffff
N??CAA_K?WF?S_`O?p?	46	3fffffffffff
N??CAA_K?WF?S_`O@H?	46	3fffffffffff
N??CAA_K?WF?S_`O?h?	46	3fffffffffff
N??CAA_K?WF?S_`O@B?	46	3fffffffffff
N??CAA_K?WF?S_`O?b?	46	3fffffffffff
N??CAA_K?WF?S_PO@g?	46	3ffffffff87ff
N??CAA_K?WF?S_PO@W?	46	3fffffffffff
N??CAA_K?WF?S_PO?[?	46	1ffffffffb7fe
N??CAA_K?WF?S_PO@a?	46	3ffffef7ef7ff
N??CAA_K?WF?S_PO@Q?	46	3fff7fefdfeff
N??CAA_K?WF?S_POOE?	46	3defbfffdea94fcc
N??CAA_K?WF?S_PO?U?	46	3fefedefe76634fe
N??CAA_K?WF?S_PO@H?	46	3ffff7dfdf7ff
N??CAA_K?WF?S_PO?h?	46	3ffff7dfdf7ff
N??CAA_K?WF?S_PO@B?	46	3ffffdefdefff
N??CAA_K?WF?S_BOW_?	46	3fffffffffff
N??CAA_K?WF?S_BOOW?	46	3fffffffffff
N??CAA_K?WF?S_BO?s?	46	3fffffffffff
N??CAA_K?WF?S_BOOK?	46	3fffffffffff
N??CAA_K?WF?S_BO?[?	46	3fffffffffff
N??CAA_K?WF?S_BOGa?	46	3ffffef7ef7ff
N??CAA_K?WF?S_BOOI?	46	3fffffffffff
N??CAA_K?WF?S_BO?U?	46	7fffaffbf7f7f
N??CAA_K?WF?S_BOW@?	46	3fffffffffff
N??CAA_K?WF?S_BOG`?	46	3ffffef7ef7ff
N??CAA_K?WF?S_BOOP?	46	3fffffffffff
N??CAA_K?WF?S_BOGP?	46	3fffffffffff
N??CAA_K?WF?S_BOOH?	46	3fffffffffff
N??CAA_K?WF?S_BO?X?	46	3fffffffffff
N??CAA_K?WF?S_BOOD?	46	3fffffffffff
N??CAA_K?WF?S_BOGD?	46	3fffffffffff
N??CAA_K?WF?S_BO?T?	46	3fffffffffff
N??CAA_K?WF?S_BOGB?	46	3ffffdefdefff
N??CAA_K?WF?S_BO?b?	46	3ffffdefdefff
N??CAA_K?WF?S_BO?J?	46	3fffffff0ffff
N??CAA_K?WF?S_@oP_?	46	3fffffffffff
N??CAA_K?WF?S_@oH_?	46	3fffffffffff
N??CAA_K?WF?S_@oPG?	46	3fffffffffff
N??CAA_K?WF?S_@oHG?	46	3fffffffffff
N??CAA_K?WF?S_@oOg?	46	3fffffffffff
N??CAA_K?WF?S_@o@g?	46	3fffffffffff
N??CAA_K?WF?S_@o?k?	46	3fffffffffff
N??CAA_K?WF?S_@oWA?	46	3ffffffffffcc
N??CAA_K?WF?S_@oPA?	46	3fffffffffff
N??CAA_K?WF?S_@oGa?	46	3fffffffffff
N??CAA_K?WF?S_@o@a?	46	3fffffffffff
N??CAA_K?WF?S_@o@I?	46	3fffffffffff
N??CAA_K?WF?S_@o?i?	46	3fffffffffff
N??CAA_K?WF?S_@oOE?	46	1ffffffffb7fe
N??CAA_K?WF?S_@o?e?	46	3fffffffffff
N??CAA_K?WF?S_@o?M?	46	3ffdf7ffff77f
N??CAA_K?WF?S_@oP@?	46	3fffffffffff
N??CAA_K?WF?S_@oH@?	46	3fffffffffff
N??CAA_K?WF?S_@oO`?	46	3fffffffffff
N??CAA_K?WF?S_@o@`?	46	3fffffffffff
N??CAA_K?WF?S_@o@H?	46	3fffffffffff
N??CAA_K?WF?S_@o?h?	46	3fffffffffff
N??CAA_K?WF?S_@o?d?	46	3fffffffffff
N??CAA_K?WF?S_@o?L?	46	3fffffffffff
N??CAA_K?WF?S_@oOB?	46	3fffffffffff
N??CAA_K?WF?S_@SP_?	46	3fffffffffff
N??CAA_K?WF?S_@SH_?	46	3ffffef7ef7ff
N??CAA_K?WF?S_@SWO?	46	3ffffffffffcc
N??CAA_K?WF?S_@S@o?	46	3fffffffffff
N??CAA_K?WF?S_@S@g?	46	3ffff7dfdf7ff
N??CAA_K?WF?S_@SOW?	46	1ffffffffb7fe
N??CAA_K?WF?S_@S@W?	46	3fffffffffff
N??CAA_K?WF?S_@SWC?	46	3ffffffffffcc
N??CAA_K?WF?S_@S@c?	46	3fffffffffff
N??CAA_K?WF?S_@SOS?	46	1ffffffffb7fe
N??CAA_K?WF?S_@SOK?	46	1ffffffffb7fe
N??CAA_K?WF?S_@SO`?	46	3fffffffffff
N??CAA_K?WF?D_oOH_?	46	7ffffffffffe
N??CAA_K?WF?D_oOGg?	46	3fffffffffff
N??CAA_K?WF?D_oOGS?	46	3ffffffffffcc
N??CAA_K?WF?D_oOHA?	46	7ffffffff7ff
N??CAA_K?WF?D_oOGa?	46	7ffffffff7ff
N??CAA_K?WF?D_oOGE?	46	3ffffffffffcc
N??CAA_K?WF?D_oOH@?	46	7ffffffff7ff
N??CAA_K?WF?D_oOG`?	46	7ffffffff7ff
N??CAA_K?WF?D_QOW_?	46	3fffffffffff
N??CAA_K?WF?D_QOWO?	46	3fffffffffff
N??CAA_K?WF?D_QOGS?	46	3fffffffffff
N??CAA_K?WF?D_QOWA?	46	3fffffffffff
N??CAA_K?WF?D_QOGa?	46	3ffffef7ef7ff
N??CAA_K?WF?D_QOGQ?	46	3fffffffffff
N??CAA_K?WF?D_QOGE?	46	3fffffffffff
N??CAA_K?WF?D_QOGH?	46	3ffff7dfdf7ff
N??CAA_K?WF?D_QOGB?	46	3ffffdefdefff
N??CAA_K?WF?D_POWO?	46	3fffffffffff
N??CAA_K?WF?D_POWC?	46	3fffffffffff
N??CAA_K?WF?D_POGS?	46	3fffffffffff
N??CAA_K?WF?D_POWA?	46	3fffffffffff
N??CAA_K?WF?D_POHA?	46	3ffffef7ef7ff
N??CAA_K?WF?D_POGQ?	46	3fffffffffff
N??CAA_K?WF?D_POGE?	46	3fffffffffff
N??CAA_K?WF?D_POH@?	46	3ffffef7ef7ff
N??CAA_K?WF?D_POGH?	46	3ffff7dfdf7ff
N??CAA_K?WF?D_POGD?	46	3fffffffffff
N??CAA_K?WF?D_POGB?	46	3ffffdefdefff
N??CAA_K?WF?D_OoH_?	46	3fffffffffff
N??CAA_K?WF?D_OoWC?	46	3ffffffffffcc
N??CAA_K?WF?D_OoHC?	46	3fffffffffff
N??CAA_K?WF?D_OoGc?	46	3fffffffffff
N??CAA_K?WF?D_OoGK?	46	1ffffffffb7fe
N??CAA_K?WF?D_OoWA?	46	3ffffffffffcc
N??CAA_K?WF?D_OoHA?	46	3fffffffffff
N??CAA_K?WF?D_OoGa?	46	3fffffffffff
N??CAA_K?WF?D_OoGE?	46	1ffffffffb7fe
N??CAA_K?WF?D_OoH@?	46	3fffffffffff
N??CAA_K?WF?D_OoG`?	46	3fffffffffff
N??CAA_K?WF?D_OoGD?	46	3fffffffffff
N??CAA_K?WF?D_OWH_?	46	3fffffffffff
N??CAA_K?WF?D_OWHO?	46	3fffffffffff
N??CAA_K?WF?D_OWGo?	46	3fffffffffff
N??CAA_K?WF?D_OWWA?	46	3ffffffffffcc
N??CAA_K?WF?D_OWHA?	46	3fffffffffff
N??CAA_K?WF?D_OWGa?	46	3fffffffffff
N??CAA_K?WF?D_OWGQ?	46	1ffffffffb7fe
N??CAA_K?WF?D_OWGI?	46	1ffffffffb7fe
N??CAA_K?WF?D_OWG`?	46	3fffffffffff
N??CAA_K?WF?D_OWGP?	46	3fffffffffff
N??CAA_K?WF?D_OWGB?	46	3fffffffffff
N??CAA_K?WF?D_OQH_?	46	3ffffef7ef7ff
N??CAA_K?WF?D_OQWO?	46	7ffffffffffe
N??CAA_K?WF?D_OQWC?	46	7ffffffffffd
N??CAA_K?WF?D_OQGS?	46	7ffffffff7ff
N??CAA_K?WF?D_OQHA?	46	3ffffdefdefff
N??CAA_K?WF?D_OQGE?	46	7fffffffefff
N??CAA_K?WF?B_oOI_?	46	7ffffffffffe
N??CAA_K?WF?B_oOIO?	46	3fffffffffff
N??CAA_K?WF?B_oOGg?	46	3fffffffffff
N??CAA_K?WF?B_oOGW?	46	3fffffffffff
N??CAA_K?WF?B_oOGc?	46	3fffffffffff
N??CAA_K?WF?B_oOGS?	46	3fffffffffff
N??CAA_K?WF?B_oOIA?	46	7ffffffff7ff
N??CAA_K?WF?B_oOGa?	46	7ffffffff7ff
N??CAA_K?WF?B_oOI@?	46	7ffffffff7ff
N??CAA_K?WF?B_SOW_?	46	3fffffffffff
N??CAA_K?WF?B_SOWO?	46	7ffffffff7ff
N??CAA_K?WF?B_SOGW?	46	3fffffffffff
N??CAA_K?WF?B_SOWC?	46	3fffffffffff
N??CAA_K?WF?B_SOGS?	46	3fffffffffff
N??CAA_K?WF?B_SOGa?	46	3ffffef7ef7ff
N??CAA_K?WF?B_SOGQ?	46	3fffffffffff
N??CAA_K?WF?B_SOGE?	46	3ffff7dfdf7ff
N??CAA_K?WF?B_SOW@?	46	3fffffffffff
N??CAA_K?WF?B_SOG`?	46	3ffffef7ef7ff
N??CAA_K?WF?B_SOGD?	46	3fffffffffff
N??CAA_K?WF?B_SOGB?	46	3ffffdefdefff
N??CAA_K?WF?B_POY??	46	3fffffffffff
N??CAA_K?WF?B_POWO?	46	3fffffffffff
N??CAA_K?WF?B_POIO?	46	3fffffffffff
N??CAA_K?WF?B_POWC?	46	7fffffffefff
N??CAA_K?WF?B_POGS?	46	3fffffffffff
N??CAA_K?WF?B_POWA?	46	3fffffffffff
N??CAA_K?WF?B_POIA?	46	3ffffef7ef7ff
N??CAA_K?WF?B_POGI?	46	3ffff7dfdf7ff
N??CAA_K?WF?B_POI@?	46	3ffffef7ef7ff
N??CAA_K?WF?B_POGP?	46	3ffff7dfdf7ff
N??CAA_K?WF?B_POGD?	46	3fffffffffff
N??CAA_K?WF?B_POGB?	46	3ffffdefdefff
N??CAA_K?WF?SOP_@o?	46	3fffffffffff
N??CAA_K?WF?SOP_@g?	46	3ffffffff87ff
N??CAA_K?WF?SOP_@W?	46	3fffffffffff
N??CAA_K?WF?SOP_?s?	46	3fffffffffff
N??CAA_K?WF?SOP_?[?	46	1ffffffffb7fe
N??CAA_K?WF?SOP_@a?	46	3ffffef7ef7ff
N??CAA_K?WF?SOP_?U?	46	1ffffffffb7fe
N??CAA_K?WF?SOP_?h?	46	3ffff7dfdf7ff
N??CAA_K?WF?SOP_?T?	46	3fffffffffff
N??CAA_K?WF?SO@cH_?	46	3ffffef7ef7ff
N??CAA_K?WF?SO@cWO?	46	3ffffffffffcc
N??CAA_K?WF?SO@cHO?	46	3fffffffffff
N??CAA_K?WF?SO@cGo?	46	3fffffffffff
N??CAA_K?WF?SO@cWC?	46	3ffffffffffcc
N??CAA_K?WF?SO@cHC?	46	3fffffffffff
N??CAA_K?WF?SO@cGc?	46	3fffffffffff
N??CAA_K?WF?SO@cGS?	46	1ffffffffb7fe
N??CAA_K?WF?SO@cH@?	46	3ffffdefdefff
N??CAA_K?WF?QOP_QO?	46	7ffffffffffb
N??CAA_K?WF?QOP_Oo?	46	7fffffffefff
N??CAA_K?WF?QOP_Ag?	46	3ffffffff87ff
N??CAA_K?WF?QOP_Oc?	46	7fffffffefff
N??CAA_K?WF?QOP_AS?	46	7fffffffefff
N??CAA_K?WF?QOP_?k?	46	3fffffffffff
N??CAA_K?WF?QOP_?[?	46	3fffffffffff
N??CAA_K?WF?QOP_Oa?	46	3fffffffffff
N??CAA_K?WF?QOP_OQ?	46	7fffffffefff
N??CAA_K?WF?QOP_AQ?	46	7fffffffefff
N??CAA_K?WF?QOP_OI?	46	3fffffffffff
N??CAA_K?WF?QOP_?i?	46	3ffff7dfdf7ff
N??CAA_K?WF?QOP_?Y?	46	3fffffffffff
N??CAA_K?WF?QOP_?U?	46	7ffffffdffff
N??CAA_K?WF?QOP_AP?	46	3fffffffffff
N??CAA_K?WF?QOP_AH?	46	3ffff7dfdf7ff
N??CAA_K?WF?QOP_?h?	46	3ffff7dfdf7ff
N??CAA_K?WF?QOP_?T?	46	3fffffffffff
N??CAA_K?WF?QOP_?J?	46	3fffffff0ffff
N??CAA_K?WF?QO@gY??	46	3fffffffffff
N??CAA_K?WF?QO@gW_?	46	7fffffffefff
N??CAA_K?WF?QO@gWO?	46	7fffffffefff
N??CAA_K?WF?QO@gIO?	46	3fffffffffff
N??CAA_K?WF?QO@gGo?	46	7ffffffffeff
N??CAA_K?WF?QO@gGg?	46	3fffffffffff
N??CAA_K?WF?QO@gGW?	46	3fffffffffff
N??CAA_K?WF?QO@gWA?	46	3fffffffffff
N??CAA_K?WF?QO@gIA?	46	5fffdeffff7fd
N??CAA_K?WF?QO@gGa?	46	3fffffffffff
N??CAA_K?WF?QO@gGQ?	46	3fffffffffff
N??CAA_K?WF?QO@gW@?	46	3fffffffffff
N??CAA_K?WF?QO@gI@?	46	3fffffffffff
N??CAA_K?WF?QO@gGP?	46	3fffffffffff
N??CAA_K?WF?QO@gGB?	46	3fffffffffff
N??CAA_K?WF?SG@oX??	46	fffffffff7fe
N??CAA_K?WF?SG@oW_?	46	3fffffffffff
N??CAA_K?WF?SG@o?w?	46	fffffffffff9
N??CAA_K?WF?SG@oWA?	46	ffffffffff74c
N??CAA_K?WF?SG@o@a?	46	3fffffffffff
N??CAA_K?WF?SG@oOQ?	46	1ffffffffb7fe
N??CAA_K?WF?SG@oGQ?	46	1ffffffffb7fe
N??CAA_K?WF?SG@o?Y?	46	3ffdf7ffff77f
N??CAA_K?WF?SG@oP@?	46	ffffffffe7ff
N??CAA_K?WF?SG@o?p?	46	fffffffffe7f
N??CAA_K?WF?SG@o?X?	46	3fffffffffff
N??CAA_K?WF?CgPOGa?	46	1ffffeffff7fd
N??CAA_K?WF?DCOoH_?	46	3ffe7f8f6b7ef07b
N??CAA_K?WF?DCOoHO?	46	3ffff7dfdf7ff
N??CAA_K?WF?DCOoGo?	46	3ffff7dfdf7ff
N??CAA_K?WF?DCOoH@?	46	3defbfffdea94fcc
N??CAA_K?WF?DCOoG`?	46	3defbfffdea94fcc
N??CAA_K?WP_U?CoGo?	46	3ffff7dfdf7ff
N??CAA_K?WP_U?CoCK?	46	3fffffffffff
N??CAA_K?WP_U?Co?[?	46	3fffffffffff
N??CAA_K?WP_U?CoKA?	46	7ffffffff7ff
N??CAA_K?WP_U?CoGE?	46	3fffffffffff
N??CAA_K?WP_U?Co?e?	46	3fffffffffff
N??CAA_K?WP_U?Co?U?	46	3fffffffffff
N??CAA_K?WP_U?Co?M?	46	3fffffffffff
N??CAA_K?WP_U?CoCD?	46	3fffffffffff
N??CAA_K?WP_U?Co?F?	46	3fffffffffff
N??CAA_K?WP_Q_SOE_?	46	3fffffffffff
N??CAA_K?WP_Q_SOCW?	46	3fffffffffff
N??CAA_K?WP_Q_SOEC?	46	7ffffffff7ff
N??CAA_K?WP_Q_SOEA?	46	7ffffffff7ff
N??CAA_K?WP_Q_SOCa?	46	3fffffffffff
N??CAA_K?WP_Q_SOCQ?	46	3fffffffffff
N??CAA_K?WP_Q_SOCI?	46	7fffffffff7f
N??CAA_K?WP_Q_SOAE?	46	7fffffffff7f
N??CAA_K?WP_Q_SOCB?	46	3fffffffffff
N??CAA_K?WP_Q_KOI_?	46	3fffffffffff
N??CAA_K?WP_Q_KOIO?	46	3fffffffffff
N??CAA_K?WP_Q_KOAg?	46	3fffffffffff
N??CAA_K?WP_Q_KOIC?	46	3fffffffffff
N??CAA_K?WP_Q_KOAS?	46	3fffffffffff
N??CAA_K?WP_Q_KO?[?	46	3fffffffffff
N??CAA_K?WP_Q_KOGa?	46	3fffffffffff
N??CAA_K?WP_Q_KOGQ?	46	3fffffffffff
N??CAA_K?WP_Q_KOGI?	46	7fffffffff7f
N??CAA_K?WP_Q_KO?i?	46	3fffffffffff
N??CAA_K?WP_Q_KO?Y?	46	3fffffffffff
N??CAA_K?WP_Q_KOGE?	46	3fffffffffff
N??CAA_K?WP_Q_KO?M?	46	7ffffffffffd
N??CAA_K?WP_Q_KOI@?	46	3fffffffffff
N??CAA_K?WP_Q_KOG`?	46	3ffdffdfdff7f
N??CAA_K?WP_Q_KOAH?	46	3fffffffffff
N??CAA_K?WP_Q_KOAD?	46	3fffffffffff
N??CAA_K?WP_Q_KOGB?	46	3fffffffffff
N??CAA_K?WP_Q_KO?b?	46	3fffffffffff
N??CAA_K?WP_Q_KO?J?	46	3fffffffffff
N??CAA_K?WP_Q_DOKA?	46	3fffffffffff
N??CAA_K?WP_Q_DOCI?	46	3fffffffffff
N??CAA_K?WP_Q_DOK@?	46	3fffffffffff
N??CAA_K?WP_Q_DOAP?	46	3ffffffe97fff
N??CAA_K?WP_Q_DOGH?	46	2ffdeff7fe70fccc
N??CAA_K?WP_Q_DO?X?	46	3faeffff75e937d2
N??CAA_K?WP_Q_DO?L?	46	1ffffffffb7fe
N??CAA_K?WP_Q_DOCB?	46	3fffffffffff
N??CAA_K?WP_Q_CoM??	46	3fffffffffff
N??CAA_K?WP_Q_CoEC?	46	3fffffffffff
N??CAA_K?WP_Q_CoCK?	46	3fffffffffff
N??CAA_K?WP_Q_CoAK?	46	3fffffffffff
N??CAA_K?WP_Q_CoKA?	46	3fffffffffff
N??CAA_K?WP_Q_CoCI?	46	3fffffffffff
N??CAA_K?WP_Q_CoAI?	46	3fffffffffff
N??CAA_K?WP_Q_CoGE?	46	3fffffffffff
N??CAA_K?WP_Q_CoAE?	46	3fffffffffff
N??CAA_K?WP_Q_CoI@?	46	3fffffff0ffff
N??CAA_K?WP_Q_CoA`?	46	3ffffffe97fff
N??CAA_K?WP_Q_Co?h?	46	3faeffff75e937d2
N??CAA_K?WP_Q_CoCB?	46	3fffffffffff
N??CAA_K?WP_Q_CWM??	46	3fffffffffff
N??CAA_K?WP_Q_CWE_?	46	3fffffffffff
N??CAA_K?WP_Q_CWEO?	46	3fffffffffff
N??CAA_K?WP_Q_CWEG?	46	7fffffffff7f
N??CAA_K?WP_Q_CWCW?	46	3fffffffffff
N??CAA_K?WP_Q_CWKA?	46	3fffffffffff
N??CAA_K?WP_Q_CWIA?	46	3fffffffffff
N??CAA_K?WP_Q_CWEA?	46	7fffffffff7f
N??CAA_K?WP_Q_CWCI?	46	7ffffffffffd
N??CAA_K?WP_Q_CWAI?	46	7ffffffffffd
N??CAA_K?WP_Q_CWE@?	46	3fffffffffff
N??CAA_K?WP_Q_CW?h?	46	1ffffffffb7fe
N??CAA_K?WP_Q_CW?J?	46	3fffffffffff
N??CAA_K?WP_Q_CQK_?	46	3fffffffffff
N??CAA_K?WP_Q_CQAo?	46	3ffffffe97fff
N??CAA_K?WP_Q_CQGg?	46	2ffdeff7fe70fccc
N??CAA_K?WP_Q_CQ?w?	46	3faeffff75e937d2
N??CAA_K?WP_Q_CQEC?	46	3fffffffffff
N??CAA_K?WP_Q_CQ?k?	46	1ffffffffb7fe
N??CAA_K?WP_Q_CQKA?	46	3fffffffffff
N??CAA_K?WP_Q_CQCa?	46	3fffffffffff
N??CAA_K?WP_Q_CQCI?	46	3fffffffffff
N??CAA_K?WP_Q_CQ?M?	46	3fffffffffff
N??CAA_K?WP_E_WOI_?	46	7ffffffff7ff
N??CAA_K?WP_E_WOIO?	46	7ffffffff7ff
N??CAA_K?WP_E_WOIG?	46	7ffffffff7ff
N??CAA_K?WP_E_WOIC?	46	3fffffffffff
N??CAA_K?WP_E_WOGS?	46	3fffffffffff
N??CAA_K?WP_E_WOGa?	46	3fffffffffff
N??CAA_K?WP_E_WOGQ?	46	3fffffffffff
N??CAA_K?WP_E_WOGI?	46	7fffffffff7f
N??CAA_K?WP_E_WOGE?	46	7fffffffff7f
N??CAA_K?WP_E_WOI@?	46	7ffffffdffff
N??CAA_K?WP_E_WOG`?	46	fffffffdf7ff
N??CAA_K?WP_E_WOGP?	46	fffffffdf7ff
N??CAA_K?WP_E_WOGD?	46	3fffffffffff
N??CAA_K?WP_E_WOGB?	46	3fffffffffff
N??CAA_K?WP_E_SOK_?	46	3fffffffffff
N??CAA_K?WP_E_SOGo?	46	3ffff7dfdf7ff
N??CAA_K?WP_E_SOKC?	46	3fffffffffff
N??CAA_K?WP_E_SOGS?	46	3fffffffffff
N??CAA_K?WP_E_SOGK?	46	3fffffffffff
N??CAA_K?WP_E_SOGa?	46	3fffffffffff
N??CAA_K?WP_E_SOGE?	46	3fffffffffff
N??CAA_K?WP_E_SOG`?	46	3fffffff0ffff
N??CAA_K?WP_E_SOGP?	46	3fffffff0ffff
N??CAA_K?WP_E_POKA?	46	7fffffffff7f
N??CAA_K?WP_E_POK@?	46	3fffffffffff
N??CAA_K?WP_E_POGP?	46	2ffdeff7fe70fccc
N??CAA_K?WP_E_POGB?	46	3fffffffffff
N??CAA_K?WP_E_OoI_?	46	3ffff7dfdf7ff
N??CAA_K?WP_E_OoIC?	46	3fffffffffff
N??CAA_K?WP_E_OoGc?	46	3ffffffffffd2
N??CAA_K?WP_E_OoKA?	46	7fffffffff7f
N??CAA_K?WP_E_OoGa?	46	3fffffffffff
N??CAA_K?WP_QOS_E_?	46	3fffffffffff
N??CAA_K?WP_QOS_EC?	46	7ffffffff7ff
N??CAA_K?WP_QOS_EA?	46	7ffffffff7ff
N??CAA_K?WP_QOS_Ca?	46	7ffffffffffe
N??CAA_K?WP_QOS_CQ?	46	3fffffffffff
N??CAA_K?WP_QOS_CI?	46	7fffffffff7f
N??CAA_K?WP_QOS_?U?	46	3fffffffffff
N??CAA_K?WP_QOS_?M?	46	3fffffffffff
N??CAA_K?WP_SACoCS?	46	3fffffffffff
N??CAA_K?WP_SACoCK?	46	3fffffffffff
N??CAA_K?WP_SACoKA?	46	7ffffffdffff
N??CAA_K?WP_SACoGE?	46	3fffffffffff
N??CAA_K?WP_SACo?U?	46	3fffffffffff
N??CAA_K?WP_SACo?M?	46	3fffffffffff
N??CAA_K?WP_OaSO@g?	46	2ffdeff7fe70fccc
N??CAA_K?WP_OaSOCW?	46	3fffffffffff
N??CAA_K?WP_OaSOEC?	46	7ffffffdffff
N??CAA_K?WP_OaSOEA?	46	7ffffffdffff
N??CAA_K?WP_OaSODA?	46	3fffffffffff
N??CAA_K?WP_OaSOCQ?	46	3fffffffffff
N??CAA_K?WP_OaSOCI?	46	7fffffff7fff
N??CAA_K?WP_OaSO?Y?	46	3fffffffffff
N??CAA_K?WP_OaSOAE?	46	7fffffff7fff
N??CAA_K?WP_OaKOJ??	46	3fffffffffff
N??CAA_K?WP_OaKOH_?	46	3ffdffdfdff7f
N??CAA_K?WP_OaKOIO?	46	3fffffffffff
N??CAA_K?WP_OaKOIG?	46	7ffffffdffff
N??CAA_K?WP_OaKOBG?	46	3fffffffffff
N??CAA_K?WP_OaKOIC?	46	3fffffffffff
N??CAA_K?WP_OaKO?[?	46	3fffffffffff
N??CAA_K?WP_OaKOHA?	46	3fffffffffff
N??CAA_K?WP_OaKO@a?	46	3fffffffffff
N??CAA_K?WP_OaKOGQ?	46	3fffffffffff
N??CAA_K?WP_OaKOGI?	46	7fffffff7fff
N??CAA_K?WP_OaKO?Y?	46	3fffffffffff
N??CAA_K?WP_OaKOGE?	46	3fffffffffff
N??CAA_K?WP_OaKO?M?	46	7ffffffffffb
N??CAA_K?WP_OaEOK_?	46	3fffffffffff
N??CAA_K?WP_OaEOAo?	46	3ffffffe97fff
N??CAA_K?WP_OaEOGg?	46	2ffdeff7fe70fccc
N??CAA_K?WP_OaEO?w?	46	3faeffff75e937d2
N??CAA_K?WP_OaEOEC?	46	3fffffffffff
N??CAA_K?WP_OaEO?k?	46	1ffffffffb7fe
N??CAA_K?WP_OaEOKA?	46	3fffffffffff
N??CAA_K?WP_OaEOCa?	46	3fffffffffff
N??CAA_K?WP_OaEOCI?	46	3fffffffffff
N??CAA_K?WP_OaEOGE?	46	3fffffffffff
N??CAA_K?WP_OaEOAE?	46	3fffffffffff
N??CAA_K?WP_OaCoM??	46	3fffffffffff
N??CAA_K?WP_OaCoB_?	46	3ffffffe97fff
N??CAA_K?WP_OaCo@g?	46	3faeffff75e937d2
N??CAA_K?WP_OaCoEC?	46	3fffffffffff
N??CAA_K?WP_OaCoAK?	46	3fffffffffff
N??CAA_K?WP_OaCoKA?	46	3fffffffffff
N??CAA_K?WP_OaCoCI?	46	3fffffffffff
N??CAA_K?WP_OaCoGE?	46	3fffffffffff
N??CAA_K?WP_OaCoAE?	46	3fffffffffff
N??CAA_K?WP_OaCWM??	46	3fffffffffff
N??CAA_K?WP_OaCWF??	46	3fffffffffff
N??CAA_K?WP_OaCWIO?	46	3fffffffffff
N??CAA_K?WP_OaCWEO?	46	3fffffffffff
N??CAA_K?WP_OaCWEG?	46	7fffffff7fff
N??CAA_K?WP_OaCW@g?	46	1ffffffffb7fe
N??CAA_K?WP_OaCWKA?	46	3fffffffffff
N??CAA_K?WP_OaCWIA?	46	3fffffffffff
N??CAA_K?WP_OaCWEA?	46	7fffffff7fff
N??CAA_K?WP_OaCWCI?	46	7ffffffffffb
N??CAA_K?WP_OaCWAI?	46	7ffffffffffb
N??CAA_K?WP_CaWOJ??	46	7ffffffdffff
N??CAA_K?WP_CaWOH_?	46	fffffffdf7ff
N??CAA_K?WP_CaWOIO?	46	7ffffffdffff
N??CAA_K?WP_CaWOIG?	46	7ffffffdffff
N??CAA_K?WP_CaWOIC?	46	3fffffffffff
N??CAA_K?WP_CaWOGS?	46	3fffffffffff
N??CAA_K?WP_CaWOGQ?	46	3fffffffffff
N??CAA_K?WP_CaWOGI?	46	7fffffff7fff
N??CAA_K?WP_CaWOGE?	46	7fffffff7fff
N??CAA_K?WP_CaSOH_?	46	3fffffff0ffff
N??CAA_K?WP_CaSOKC?	46	3fffffffffff
N??CAA_K?WP_CaSOGS?	46	3fffffffffff
N??CAA_K?WP_CaSOGK?	46	3fffffffffff
N??CAA_K?WP_CaSOGQ?	46	3fffffffffff
N??CAA_K?WP_CaSOGE?	46	3fffffffffff
N??CAA_K?WP_CaQOK_?	46	3fffffffffff
N??CAA_K?WP_CaQOKA?	46	7fffffff7fff
N??CAA_K?WP_CaOoIC?	46	3fffffffffff
N??CAA_K?WP_CaOoKA?	46	7fffffff7fff
N??CAA_K?WP_OQS_EC?	46	fffffffdfffd
N??CAA_K?WP_OQS_EA?	46	fffffffdfffd
N??CAA_K?WP_OQS_CQ?	46	7ffffffff7ff
N??CAA_K?WP_OQS_CI?	46	7fffffff7fff
N??CAA_K?WP_OQS_?U?	46	7ffffffdffff
N??CAA_K?WP_OQS_?M?	46	3fffffffffff
N??CAA_K?WH_EOOoQO?	46	3ffff7dfdf7ff
N??CAA_K?WH_EOOoEC?	46	3ffff7dfdf7ff
N??CAA_K?WH_EOOoOc?	46	3ffffffffffd2
N??CAA_K?WH_EOOoCS?	46	3ffffffffffd2
N??CAA_K?WH_EOOoSA?	46	3effffffffcfe
N??CAA_K?WH_EOOoCQ?	46	3fffffffffff
N??CAA_K?WH_EOOoAQ?	46	3ffffffffffd2
N??CAA_K?WH_EOOoOE?	46	3ffffef7ef7ff
N??CAA_K?WH_EOOoA`?	46	3faeffff75e937d2
N??CAA_K?WH_EO@oSC?	46	1ffffffffcffe
N??CAA_K?WH_EO@oSA?	46	1ffffffffcffe
N??CAA_K?WH_BOS_OH?	46	2ffdeff7fe70fccc
N??CAA_K?WH_BOS_CH?	46	3ffff7dfdf7ff
N??CAA_K?WH_BOS_AH?	46	3faeffff75e937d2
N??CAA_K?WH_BOCaM??	46	3ffffef7ef7ff
N??CAA_K?WH_BOCaWO?	46	2ffdeff7fe70fccc
N??CAA_K?WH_BOCaKO?	46	3fffffffffff
N??CAA_K?WH_BOCaIO?	46	3faeffff75e937d2
N??CAA_K?WH_BOCaWC?	46	ffffffffff74c
N??CAA_K?WH_BOCaKC?	46	3fffffffe777f
N??CAA_K?WH_BOCaWA?	46	7ffffffff7ff
N??CAA_K?WD_U?CoOo?	46	3fffffffffff
N??CAA_K?WD_U?CoGW?	46	7fffffffff7f
N??CAA_K?WD_U?Co?w?	46	3fffffffffff
N??CAA_K?WD_U?CoWC?	46	3fffffffffff
N??CAA_K?WD_U?CoGS?	46	3fffffffffff
N??CAA_K?WD_U?Co?s?	46	3fffffffffff
N??CAA_K?WD_U?CoOK?	46	3fffffffffff
N??CAA_K?WD_U?Co?[?	46	3fffffffffff
N??CAA_K?WD_U?Co?U?	46	3fffffffffff
N??CAA_K?WD_U?Co?M?	46	3fffffffffff
N??CAA_K?WD_U?CoOP?	46	3fffffffffff
N??CAA_K?WD_U?Co?h?	46	3ffff7dfdf7ff
N??CAA_K?WD_U?Co?T?	46	3fffffffffff
N??CAA_K?WD_U?Co?b?	46	3ffffdefdefff
N??CAA_K?WD_U??wY??	46	3fffffffffff
N??CAA_K?WD_U??wW_?	46	3fffffffffff
N??CAA_K?WD_U??wIO?	46	3fffffffffff
N??CAA_K?WD_U??wGo?	46	3fffffffffff
N??CAA_K?WD_U??wQG?	46	3fffffffffff
N??CAA_K?WD_U??wOg?	46	3fffffffffff
N??CAA_K?WD_U??w?w?	46	3fffffffffff
N??CAA_K?WD_U??wWA?	46	3fffffffffff
N??CAA_K?WD_U??wOa?	46	3fffffffffff
N??CAA_K?WD_U??wGa?	46	3fffffffffff
N??CAA_K?WD_U??wGQ?	46	3fffffffffff
N??CAA_K?WD_U??w?q?	46	3fffffffffff
N??CAA_K?WD_U??wOI?	46	7ffffffffffd
N??CAA_K?WD_U??wAI?	46	3fffffffffff
N??CAA_K?WD_U??w?i?	46	3fffffffffff
N??CAA_K?WD_U??w?Y?	46	7ffffffffffe
N??CAA_K?WD_U??wW@?	46	3fffffffffff
N??CAA_K?WD_U??wQ@?	46	3fffffffffff
N??CAA_K?WD_U??wI@?	46	3fffffffffff
N??CAA_K?WD_U??wA`?	46	3ffffffe97fff
N??CAA_K?WD_U??wGP?	46	3fffffffffff
N??CAA_K?WD_U??wAP?	46	3fffffffffff
N??CAA_K?WD_U??w?p?	46	3fffffffffff
N??CAA_K?WD_U??wOH?	46	3fffffffffff
N??CAA_K?WD_U??w?X?	46	3fffffffffff
N??CAA_K?WD_U??wOB?	46	3fffffffffff
N??CAA_K?WD_U??w?R?	46	3fffffffffff
N??CAA_K?WD_U??w?J?	46	3fffffffffff
N??CAA_K?WD_U??sGo?	46	3fffffffffff
N??CAA_K?WD_U??sOW?	46	7ffffffffffd
N??CAA_K?WD_U??sAW?	46	3fffffffffff
N??CAA_K?WD_U??sWC?	46	3fffffffffff
N??CAA_K?WD_U??sOc?	46	3fffffffffff
N??CAA_K?WD_U??sOS?	46	7ffffffffffd
N??CAA_K?WD_U??sGS?	46	3fffffffffff
N??CAA_K?WD_U??sAS?	46	3fffffffffff
N??CAA_K?WD_U??s?s?	46	3fffffffffff
N??CAA_K?WD_U??sOK?	46	7ffffffffffd
N??CAA_K?WD_U??sAK?	46	3fffffffffff
N??CAA_K?WD_U??s?k?	46	3fffffffffff
N??CAA_K?WD_U??sG`?	46	3ffffdefdefff
N??CAA_K?WD_U??sOP?	46	3fffffffffff
N??CAA_K?WD_U??sOH?	46	3fffffffffff
N??CAA_K?WD_U??s?h?	46	3fffffff0ffff
N??CAA_K?WD_U??sOD?	46	3fffffffffff
N??CAA_K?WD_U??s?T?	46	3fffffffffff
N??CAA_K?WD_U??s?L?	46	3fffffffffff
N??CAA_K?WD_Q_cOI_?	46	3fffffffffff
N??CAA_K?WD_Q_cOIO?	46	7ffffffff7ff
N??CAA_K?WD_Q_cOGo?	46	3fffffffffff
N??CAA_K?WD_Q_cOAo?	46	3fffffffffff
N??CAA_K?WD_Q_cOAg?	46	3fffffffffff
N??CAA_K?WD_Q_cO?w?	46	3fffffffffff
N??CAA_K?WD_Q_cOIC?	46	3fffffffffff
N??CAA_K?WD_Q_cOAS?	46	3fffffffffff
N??CAA_K?WD_Q_cO?k?	46	3fffffffffff
N??CAA_K?WD_Q_cOGa?	46	3fffffffffff
N??CAA_K?WD_Q_cOGQ?	46	3fffffffffff
N??CAA_K?WD_Q_cO?i?	46	3fffffffffff
N??CAA_K?WD_Q_cO?e?	46	3fffffffffff
N??CAA_K?WD_Q_cOG`?	46	3fffffffffff
N??CAA_K?WD_Q_DOWO?	46	3fffffffffff
N??CAA_K?WD_Q_DOQO?	46	3fffffffffff
N??CAA_K?WD_Q_DOAS?	46	3fffffffffff
N??CAA_K?WD_Q_DOOK?	46	3fffffffffff
N??CAA_K?WD_Q_DO?[?	46	3fffffffffff
N??CAA_K?WD_Q_DOGQ?	46	3fffffffffff
N??CAA_K?WD_Q_DOOE?	46	3fffffffffff
N??CAA_K?WD_Q_DOGE?	46	3fffffffffff
N??CAA_K?WD_Q_DO?U?	46	3fffffffffff
N??CAA_K?WD_Q_DOI@?	46	3ffffef7ef7ff
N??CAA_K?WD_Q_DOGH?	46	3ffff7dfdf7ff
N??CAA_K?WD_Q_DOAH?	46	3ffff7dfdf7ff
N??CAA_K?WD_Q_DO?X?	46	3fffffffffff
N??CAA_K?WD_Q_DOAD?	46	3fffffffffff
N??CAA_K?WD_Q_DO?T?	46	3fffffffffff
N??CAA_K?WD_Q_DOGB?	46	3ffffdefdefff
N??CAA_K?WD_Q_DOAB?	46	3ffffdefdefff
N??CAA_K?WD_Q_DO?J?	46	3fffffff0ffff
N??CAA_K?WD_Q_CoY??	46	7ffffffff7ff
N??CAA_K?WD_Q_CoW_?	46	3fffffffffff
N??CAA_K?WD_Q_CoQ_?	46	3fffffffffff
N??CAA_K?WD_Q_CoI_?	46	3fffffffffff
N??CAA_K?WD_Q_CoQG?	46	7fffffffff7f
N??CAA_K?WD_Q_CoOg?	46	3fffffffffff
N??CAA_K?WD_Q_CoAg?	46	3fffffffffff
N??CAA_K?WD_Q_CoQC?	46	3fffffffffff
N??CAA_K?WD_Q_CoIC?	46	3fffffffffff
N??CAA_K?WD_Q_CoAc?	46	3fffffffffff
N??CAA_K?WD_Q_CoOK?	46	3fffffffffff
N??CAA_K?WD_Q_CoAK?	46	3fffffffffff
N??CAA_K?WD_Q_Co?k?	46	3fffffffffff
N??CAA_K?WD_Q_CoWA?	46	3fffffffffff
N??CAA_K?WD_Q_CoGa?	46	3fffffffffff
N??CAA_K?WD_Q_CoOI?	46	3fffffffffff
N??CAA_K?WD_Q_CoAI?	46	3fffffffffff
N??CAA_K?WD_Q_Co?i?	46	3fffffffffff
N??CAA_K?WD_Q_CoGE?	46	3fffffffffff
N??CAA_K?WD_Q_Co?e?	46	3fffffffffff
N??CAA_K?WD_Q_Co?M?	46	3fffffffffff
N??CAA_K?WD_Q_CoW@?	46	3fffffffffff
N??CAA_K?WD_Q_CoQ@?	46	3fffffffffff
N??CAA_K?WD_Q_CoI@?	46	3fffffffffff
N??CAA_K?WD_Q_Co?h?	46	3fffffffffff
N??CAA_K?WD_Q_CoGD?	46	3fffffffffff
N??CAA_K?WD_Q_CoAD?	46	3fffffffffff
N??CAA_K?WD_Q_Co?d?	46	3fffffffffff
N??CAA_K?WD_Q_CoOB?	46	3fffffffffff
N??CAA_K?WD_Q_CoGB?	46	3fffffffffff
N??CAA_K?WD_Q_Co?J?	46	3fffffffffff
N??CAA_K?WD_Q_Co?F?	46	3fffffffffff
N??CAA_K?WD_E_oOI_?	46	7ffffffffffe
N??CAA_K?WD_E_oOIO?	46	7ffffffff7ff
N??CAA_K?WD_E_oOIG?	46	7ffffffff7ff
N??CAA_K?WD_E_oOGW?	46	7fffffffff7f
N??CAA_K?WD_E_oOIC?	46	3fffffffffff
N??CAA_K?WD_E_oOGS?	46	7fffffffff7f
N??CAA_K?WD_E_oOIA?	46	7ffffffff7ff
N??CAA_K?WD_E_oOGa?	46	7ffffffff7ff
N??CAA_K?WD_E_oOG`?	46	7ffffffff7ff
N??CAA_K?WD_E_SOW_?	46	3fffffffffff
N??CAA_K?WD_E_SOWO?	46	7ffffffff7ff
N??CAA_K?WD_E_SOGW?	46	7fffffffff7f
N??CAA_K?WD_E_SOWC?	46	3fffffffffff
N??CAA_K?WD_E_SOGS?	46	3fffffffffff
N??CAA_K?WD_E_SOGa?	46	3ffffef7ef7ff
N??CAA_K?WD_E_SOGQ?	46	3fffffffffff
N??CAA_K?WD_E_SOG`?	46	3ffffef7ef7ff
N??CAA_K?WD_E_SOGB?	46	3ffffdefdefff
N??CAA_K?WD_E_POWO?	46	3fffffffffff
N??CAA_K?WD_E_POIO?	46	3fffffffffff
N??CAA_K?WD_E_POWC?	46	3fffffffffff
N??CAA_K?WD_E_POGS?	46	3fffffffffff
N??CAA_K?WD_E_POGE?	46	3fffffffffff
N??CAA_K?WD_E_POI@?	46	3ffffef7ef7ff
N??CAA_K?WD_E_POGP?	46	3fffffffffff
N??CAA_K?WD_E_POGD?	46	3fffffffffff
N??CAA_K?WD_E_POGB?	46	3ffffdefdefff
N??CAA_K?WD_QOS_Q_?	46	3fffffffffff
N??CAA_K?WD_QOS_Oo?	46	3fffffffffff
N??CAA_K?WD_QOS_QC?	46	3fffffffffff
N??CAA_K?WD_QOS_Oc?	46	ffffffffeffe
N??CAA_K?WD_QOS_AS?	46	3fffffffffff
N??CAA_K?WD_QOS_?s?	46	3fffffffffff
N??CAA_K?WD_QOS_AK?	46	3fffffffffff
N??CAA_K?WD_QOS_?[?	46	3fffffffffff
N??CAA_K?WD_QOS_OI?	46	3fffffffffff
N??CAA_K?WD_QOS_OE?	46	7fffffffff7f
N??CAA_K?WD_QOS_?e?	46	fffffffef7ff
N??CAA_K?WD_QOS_?U?	46	3fffffffffff
N??CAA_K?WD_QOCgY??	46	3fffffffffff
N??CAA_K?WD_QOCgW_?	46	3fffffffffff
N??CAA_K?WD_QOCgI_?	46	3fffffffffff
N??CAA_K?WD_QOCgWO?	46	3fffffffffff
N??CAA_K?WD_QOCgGo?	46	3fffffffffff
N??CAA_K?WD_QOCgIG?	46	3fffffffffff
N??CAA_K?WD_QOCgGW?	46	3fffffffffff
N??CAA_K?WD_QOCgWA?	46	3fffffffffff
N??CAA_K?WD_QOCgIA?	46	3fffffffffff
N??CAA_K?WD_QOCgGa?	46	3fffffffffff
N??CAA_K?WD_QOCgGQ?	46	3fffffffffff
N??CAA_K?WD_SGCoX??	46	3fffffffffff
N??CAA_K?WD_SGCo@g?	46	3fffffffffff
N??CAA_K?WD_SGCo@Q?	46	3fffffffffff
N??CAA_K?WD_SGCo@I?	46	3fffffffffff
N??CAA_K?WD_SGCoW@?	46	3fffffffffff
N??CAA_K?WD_SGCo?R?	46	3fffffffffff
N??CAA_K?WD_SG?sX??	46	3fffffffffff
N??CAA_K?WD_SG?sP_?	46	3fffffffffff
N??CAA_K?WD_SG?sH_?	46	3fffffffffff
N??CAA_K?WD_SG?sB_?	46	3fffffffffff
N??CAA_K?WD_SG?sPO?	46	3fffffffffff
N??CAA_K?WD_SG?sHO?	46	3fffffffffff
N??CAA_K?WD_SG?sBO?	46	3fffffffffff
N??CAA_K?WD_SG?s@o?	46	3fffffffffff
N??CAA_K?WD_SG?sPG?	46	3fffffffffff
N??CAA_K?WD_SG?sBG?	46	3fffffffffff
N??CAA_K?WD_SG?s@g?	46	3fffffffffff
N??CAA_K?WD_SG?sW@?	46	3fffffffffff
N??CAA_K?WD_SG?sP@?	46	3fffffffffff
N??CAA_K?WD_SG?sOP?	46	3fffffffffff
N??CAA_K?WD_SG?sGP?	46	3fffffffffff
N??CAA_K?WD_SG?sAP?	46	3fffffffffff
N??CAA_K?WD_SG?sOH?	46	3fffffffffff
N??CAA_K?WD_SG?sAH?	46	3fffffffffff
N??CAA_K?WD_SG?s@H?	46	3fffffffffff
N??CAA_K?WD_OgcOH_?	46	3fffffffffff
N??CAA_K?WD_OgcOBO?	46	3fffffffffff
N??CAA_K?WD_OgcO@g?	46	3fffffffffff
N??CAA_K?WD_OgcOBA?	46	3fffffffffff
N??CAA_K?WD_OgcO@a?	46	3fffffffffff
N??CAA_K?WD_OgcO@I?	46	3fffffffffff
N??CAA_K?WD_OgcOB@?	46	3fffffffffff
N??CAA_K?WD_OgcOAP?	46	3fffffffffff
N??CAA_K?WD_OgcO@H?	46	3fffffffffff
N??CAA_K?WD_OgcO?X?	46	3fffffffffff
N??CAA_K?WD_OgcOAB?	46	3fffffffffff
N??CAA_K?WD_OgcO@B?	46	3fffffffffff
N??CAA_K?WD_OgcO?J?	46	3fffffffffff
N??CAA_K?WD_OgCoR??	46	3fffffffffff
N??CAA_K?WD_OgCoH_?	46	3fffffffffff
N??CAA_K?WD_OgCo@g?	46	3fffffffffff
N??CAA_K?WD_OgCo@a?	46	3fffffffffff
N??CAA_K?WD_OgCo@I?	46	3fffffffffff
N??CAA_K?WD_OgCoQ@?	46	3fffffffffff
N??CAA_K?WD_OgCoOH?	46	3fffffffffff
N??CAA_K?WD_OgCo?J?	46	3fffffffffff
N??CAA_K?WD_CgoOH_?	46	3fffffffffff
N??CAA_K?WD_CgoOHO?	46	3fffffffffff
N??CAA_K?WD_CgoOHG?	46	3fffffffffff
N??CAA_K?WD_CgoOHA?	46	3fffffffffff
N??CAA_K?WD_CgoOGB?	46	3fffffffffff
N??CAA_K?WD_CgSOH_?	46	7ffffffdffff
N??CAA_K?WD_CgSOHA?	46	3fffffffffff
N??CAA_K?WD_CgOoX??	46	3fffffffffff
N??CAA_K?WD_CgOoH_?	46	3fffffffffff
N??CAA_K?WD_CgOoHA?	46	3fffffffffff
N??CAA_K?WD_CgOoH@?	46	3fffffffffff
N??CAA_K?WD_CgOoGB?	46	3fffffffffff
N??CAA_K?WD_CgOSX??	46	3fffffffffff
N??CAA_K?WD_CgOSJ??	46	3fffffffffff
N??CAA_K?WD_CgOSH_?	46	3fffffffffff
N??CAA_K?WD_CgOSHG?	46	3fffffffffff
N??CAA_K?WD_CgOSW@?	46	3fffffffffff
N??CAA_K?WD_CgOSI@?	46	3fffffffffff
N??CAA_K?WD_CgOSGH?	46	3fffffffffff
N??CAA_K?WD_AgSOY??	46	3fffffffffff
N??CAA_K?WD_AgSOW_?	46	3ffff7dfdf7ff
N??CAA_K?WD_AgSOIO?	46	3fffffffffff
N??CAA_K?WD_AgSOWA?	46	3fffffffffff
N??CAA_K?WD_AgSOGQ?	46	3fffffffffff
N??CAA_K?WD_AgSOGP?	46	3ffffffe97fff
N??CAA_K?WD_OWS_P_?	46	ffffffffeffe
N??CAA_K?WD_OWS_B_?	46	7ffffffffffe
N??CAA_K?WD_OWS_@o?	46	3fffffffffff
N??CAA_K?WD_OWS_BG?	46	3fffffffffff
N??CAA_K?WD_OWS_@W?	46	3fffffffffff
N??CAA_K?WD_OWS_@a?	46	3fffffffe777f
N??CAA_K?WD_OWS_@Q?	46	3fffffffffff
N??CAA_K?WD_OWS_AH?	46	3fffffffffff
N??CAA_K?WD_OWS_?R?	46	3fffffffffff
N??CAA_K?WD_OWE_Y??	46	3fffffffffff
N??CAA_K?WD_OWE_W_?	46	3fffffffffff
N??CAA_K?WD_OWE_I_?	46	3fffffffffff
N??CAA_K?WD_OWE_IO?	46	3fffffffffff
N??CAA_K?WD_OWE_Go?	46	3fffffffffff
N??CAA_K?WD_OWE_IG?	46	3fffffffffff
N??CAA_K?WD_OWE_GW?	46	7ffffffffffd
N??CAA_K?WD_OWE_WA?	46	7fffffffff7f
N??CAA_K?WD_OWE_IA?	46	3fffffffffff
N??CAA_K?WD_OWE_Ga?	46	3fffffffffff
N??CAA_K?WD_OWE_GQ?	46	3fffffffffff
N??CAA_K?WD_OWE_W@?	46	3fffffffffff
N??CAA_K?WD_OWE_I@?	46	3fffffffffff
N??CAA_K?WD_OWE_G`?	46	3fffffffffff
N??CAA_K?WD_OWE_GP?	46	3fffffffffff
N??CAA_K?WD_OWE_GB?	46	3fffffffffff
N??CAA_K?WD_SACo@g?	46	3ffff7dfdf7ff
N??CAA_K?WD_SACoWC?	46	3fffffffffff
N??CAA_K?WD_SACoGS?	46	3fffffffffff
N??CAA_K?WD_SACo@S?	46	3fffffffffff
N??CAA_K?WD_SACoOK?	46	3fffffffffff
N??CAA_K?WD_SACo?[?	46	3fffffffffff
N??CAA_K?WD_SACoWA?	46	3fffffffffff
N??CAA_K?WD_SACo@a?	46	3ffffdefdefff
N??CAA_K?WD_SACo?U?	46	3fffffffffff
N??CAA_K?WD_SA?wY??	46	3fffffffffff
N??CAA_K?WD_SA?wX??	46	3fffffffffff
N??CAA_K?WD_SA?wB_?	46	3ffffffe97fff
N??CAA_K?WD_SA?wWO?	46	7fffffff7fff
N??CAA_K?WD_SA?wQO?	46	3fffffffffff
N??CAA_K?WD_SA?wIO?	46	3fffffffffff
N??CAA_K?WD_SA?wHO?	46	3fffffffffff
N??CAA_K?WD_SA?w@o?	46	3fffffffffff
N??CAA_K?WD_SA?wQG?	46	3fffffffffff
N??CAA_K?WD_SA?wIG?	46	3fffffffffff
N??CAA_K?WD_SA?wWA?	46	3fffffffffff
N??CAA_K?WD_SA?wPA?	46	3fffffffffff
N??CAA_K?WD_SA?wGQ?	46	3fffffffffff
N??CAA_K?WD_SA?wAQ?	46	3fffffffffff
N??CAA_K?WD_SA?wOI?	46	7ffffffffffb
N??CAA_K?WD_SA?wAI?	46	3fffffffffff
N??CAA_K?WD_SA?w@I?	46	3fffffffffff
N??CAA_K?WD_SA?w?Y?	46	7ffffffffffe
N??CAA_K?WD_SA?sH_?	46	3ffffdefdefff
N??CAA_K?WD_SA?sB_?	46	3ffffdefdefff
N??CAA_K?WD_SA?s@g?	46	3fffffff0ffff
N??CAA_K?WD_SA?sOW?	46	7ffffffffffb
N??CAA_K?WD_SA?sAW?	46	3fffffffffff
N??CAA_K?WD_SA?sWC?	46	3fffffffffff
N??CAA_K?WD_SA?sOS?	46	7ffffffffffb
N??CAA_K?WD_SA?sGS?	46	3fffffffffff
N??CAA_K?WD_SA?sAS?	46	3fffffffffff
N??CAA_K?WD_SA?sOK?	46	7ffffffffffb
N??CAA_K?WD_OacOJ??	46	3fffffffffff
N??CAA_K?WD_OacOH_?	46	3fffffffffff
N??CAA_K?WD_OacOIO?	46	7ffffffdffff
N??CAA_K?WD_OacOBG?	46	3fffffffffff
N??CAA_K?WD_OacOIC?	46	3fffffffffff
N??CAA_K?WD_OacOAS?	46	3fffffffffff
N??CAA_K?WD_OacOHA?	46	3fffffffffff
N??CAA_K?WD_OacOGQ?	46	3fffffffffff
N??CAA_K?WD_OaEOI_?	46	3ffffef7ef7ff
N??CAA_K?WD_OaEOWO?	46	3fffffffffff
N??CAA_K?WD_OaEOQO?	46	3fffffffffff
N??CAA_K?WD_OaEOGg?	46	3ffff7dfdf7ff
N??CAA_K?WD_OaEOAg?	46	3ffff7dfdf7ff
N??CAA_K?WD_OaEO?w?	46	3fffffffffff
N??CAA_K?WD_OaEOAS?	46	3fffffffffff
N??CAA_K?WD_OaEO?s?	46	3fffffffffff
N??CAA_K?WD_OaEOWA?	46	3fffffffffff
N??CAA_K?WD_OaEOGa?	46	3ffffdefdefff
N??CAA_K?WD_OaEOGQ?	46	3fffffffffff
N??CAA_K?WD_OaCoY??	46	7ffffffdffff
N??CAA_K?WD_OaCoX??	46	3fffffffffff
N??CAA_K?WD_OaCoR??	46	3fffffffffff
N??CAA_K?WD_OaCoQG?	46	7fffffff7fff
N??CAA_K?WD_OaCo@g?	46	3fffffffffff
N??CAA_K?WD_OaCoQC?	46	3fffffffffff
N??CAA_K?WD_OaCoIC?	46	3fffffffffff
N??CAA_K?WD_OaCo@c?	46	3fffffffffff
N??CAA_K?WD_OaCoOK?	46	3fffffffffff
N??CAA_K?WD_OaCoGK?	46	3fffffffffff
N??CAA_K?WD_OaCoAK?	46	3fffffffffff
N??CAA_K?WD_OaCoWA?	46	3fffffffffff
N??CAA_K?WD_OaCoHA?	46	3fffffffffff
N??CAA_K?WD_OaCoOI?	46	3fffffffffff
N??CAA_K?WD_OaCoAI?	46	3fffffffffff
N??CAA_K?WD_OaCoGE?	46	3fffffffffff
N??CAA_K?WD_OaCoAE?	46	3fffffffffff
N??CAA_K?WD_OaCo?M?	46	3fffffffffff
N??CAA_K?WD_CaoOJ??	46	7ffffffff7ff
N??CAA_K?WD_CaoOH_?	46	7ffffffff7ff
N??CAA_K?WD_CaoOIO?	46	7ffffffdffff
N??CAA_K?WD_CaoOIG?	46	7ffffffdffff
N??CAA_K?WD_CaoOIC?	46	3fffffffffff
N??CAA_K?WD_CaoOGS?	46	7fffffff7fff
N??CAA_K?WD_CaoOIA?	46	7ffffffdffff
N??CAA_K?WD_CaSOH_?	46	3ffffef7ef7ff
N??CAA_K?WD_CaSOWO?	46	7ffffffdffff
N??CAA_K?WD_CaSOWC?	46	3fffffffffff
N??CAA_K?WD_CaSOGS?	46	3fffffffffff
N??CAA_K?WD_CaSOGQ?	46	3fffffffffff
N??CAA_K?WD_CaQOI_?	46	3ffffef7ef7ff
N??CAA_K?WD_CaQOGo?	46	3fffffffffff
N??CAA_K?WD_CaQOGS?	46	3fffffffffff
N??CAA_K?WD_CaOoY??	46	7ffffffdffff
N??CAA_K?WD_CaOoH_?	46	3fffffffffff
N??CAA_K?WD_CaOoIC?	46	3fffffffffff
N??CAA_K?WD_CaOoHC?	46	3fffffffffff
N??CAA_K?WD_CaOoGK?	46	7ffffffffffb
N??CAA_K?WD_CaOoWA?	46	3fffffffffff
N??CAA_K?WD_CaOoIA?	46	3fffffffffff
N??CAA_K?WD_CaOoGI?	46	3fffffffffff
N??CAA_K?WD_CaOoGE?	46	3fffffffffff
N??CAA_K?WD_OQS_QC?	46	7ffffffffffd
N??CAA_K?WD_OQS_OS?	46	7ffffffff7ff
N??CAA_K?WD_OQS_AS?	46	7ffffffff7ff
N??CAA_K?WD_OQS_AK?	46	3fffffffffff
N??CAA_K?WD_OQS_?[?	46	3fffffffffff
N??CAA_K?WD_OQS_OI?	46	3fffffffffff
N??CAA_K?WD_OQS_?Y?	46	3fffffffffff
N??CAA_K?WD_OQS_OE?	46	ffffffff6fff
N??CAA_K?WD_OQS_?U?	46	7ffffffdffff
N??CAA_K?WD_OQCgY??	46	7ffffffffffd
N??CAA_K?WD_OQCgX??	46	3fffffffffff
N??CAA_K?WD_OQCgWO?	46	7ffffffff7ff
N??CAA_K?WD_OQCgHO?	46	3fffffffffff
N??CAA_K?WD_OQCgIG?	46	3fffffffffff
N??CAA_K?WD_OQCgGW?	46	3fffffffffff
N??CAA_K?WD_OQCgWA?	46	7fffffffefff
N??CAA_K?WD_OQCgIA?	46	7fffffffefff
N??CAA_K?WD_OQCgHA?	46	3fffffffffff
N??CAA_K?WD_OQCgGQ?	46	7ffffffdffff
N??CAA_K?WB_R?_oCS?	46	3defbfffdea94fcc
N??CAA_K?WB_R?_oCK?	46	3defbfffdea94fcc
N??CAA_K?WB_R?_oCQ?	46	3defbfffdea94fcc
N??CAA_K?WB_R?_oCI?	46	3ffffffffffcc
N??CAA_K?WB_R?_o?Y?	46	7ebfffffffb7e
N??CAA_K?WB_R?_o?U?	46	37ff6fdff9f0fb52
N??CAA_K?WB_R?_o?M?	46	3effffffffb7e
N??CAA_K?WB_R?_o?L?	46	1ffffffffb7fe
N??CAA_K?WB_R?_oCB?	46	3fefedefe76634fe
N??CAA_K?WB_R?_o?F?	46	3bffbffffff7d
N??CAA_K?WB_R?Oo?X?	46	3faeffff75e937d2
N??CAA_K?WB_R?OoCD?	46	7bffdffbf7ffd
N??CAA_K?WB_R?GoOW?	46	3defbfffdea94fcc
N??CAA_K?WB_R?GoGS?	46	3ffffffe97fff
N??CAA_K?WB_R?GoOK?	46	3defbfffdea94fcc
N??CAA_K?WB_R?Go?[?	46	3fefedefe76634fe
N??CAA_K?WB_R?GoOI?	46	3ffffffffffcc
N??CAA_K?WB_R?Go?Y?	46	1ffffffffb7fe
N??CAA_K?WB_R?GoI@?	46	7fdffef7ef7ff
N??CAA_K?WB_R?GoAH?	46	3ffff7dfdf7ff
N??CAA_K?WB_R?Go?X?	46	3fffffffffff
N??CAA_K?WB_R?Go?T?	46	3fffffffffff
N??CAA_K?WB_R?Go?J?	46	3fffffff0ffff
N??CAA_K?WB_R?CoCS?	46	3fff7fefdfeff
N??CAA_K?WB_R?CoOE?	46	3fffffff0ffff
N??CAA_K?WB_R?Co?U?	46	3ffffffe97fff
N??CAA_K?WB_R?CoGP?	46	3faeffff75e937d2
N??CAA_K?WB_R?CoCH?	46	3ffff7dfdf7ff
N??CAA_K?WB_R?Co?L?	46	3fffffffffff
N??CAA_K?WB_R?Co?R?	46	3effffffffb7e
N??CAA_K?WB_R??wEO?	46	3fff7fefdfeff
N??CAA_K?WB_R??wOW?	46	3fefebfbbba64b7e
N??CAA_K?WB_R??wSA?	46	2ffdeff7fe70fccc
N??CAA_K?WB_R??wCQ?	46	3faeffff75e937d2
N??CAA_K?WB_R??wAQ?	46	3ffffffe97fff
N??CAA_K?WB_R??wOI?	46	3effffffffb7e
N??CAA_K?WB_R??wCI?	46	1ffffffffb7fe
N??CAA_K?WB_R??wW@?	46	3ffffffffffcc
N??CAA_K?WB_R??wE@?	46	3ffffffe97fff
N??CAA_K?WB_R??wGP?	46	1ffffffffb7fe
N??CAA_K?WB_R??wCP?	46	3fffffffffff
N??CAA_K?WB_R??wOH?	46	1ffffffffb7fe
N??CAA_K?WB_R??w?X?	46	3ffdf7ffff77f
N??CAA_K?WB_R??wOB?	46	3fffffffffff
N??CAA_K?WB_R??w?R?	46	3fffffffffff
N??CAA_K?WB_R??sSO?	46	3defbfffdea94fcc
N??CAA_K?WB_R??sSG?	46	3ffffffffffcc
N??CAA_K?WB_R??sSC?	46	2ffdeff7fe70fccc
N??CAA_K?WB_R??sOS?	46	37ff6fdff9f0fb52
N??CAA_K?WB_R??sCS?	46	3faeffff75e937d2
N??CAA_K?WB_R??sOK?	46	3effffffffb7e
N??CAA_K?WB_R??sCK?	46	1ffffffffb7fe
N??CAA_K?WB_R??s?[?	46	1ffffeffff7fd
N??CAA_K?WB_R??sAP?	46	3effffffffb7e
N??CAA_K?WB_R??sAH?	46	37ff6fdff9f0fb52
N??CAA_K?WB_R??sOD?	46	3fffffffffff
N??CAA_K?WB_R??s?T?	46	3fffffffffff
N??CAA_K?WB_R??qM??	46	3ffffef7ef7ff
N??CAA_K?WB_R??qWO?	46	2ffdeff7fe70fccc
N??CAA_K?WB_R??qQO?	46	3ffffffe97fff
N??CAA_K?WB_R??qEG?	46	3ffff7dfdf7ff
N??CAA_K?WB_R??qOW?	46	3faeffff75e937d2
N??CAA_K?WB_R??qAW?	46	3fefedefe76634fe
N??CAA_K?WB_R??qWC?	46	3ffffffffffcc
N??CAA_K?WB_R??qEC?	46	3ffffdefdefff
N??CAA_K?WB_R??qGS?	46	1ffffffffb7fe
N??CAA_K?WB_R??qCS?	46	7ebfffffffb7e
N??CAA_K?WB_R??qOK?	46	1ffffffffb7fe
N??CAA_K?WB_R??qCK?	46	3fffffffffff
N??CAA_K?WB_R??qSA?	46	1ffffffffb7fe
N??CAA_K?WB_R??qKA?	46	3ffffdefdefff
N??CAA_K?WB_R??qQA?	46	3fffffffffff
N??CAA_K?WB_R??qAQ?	46	3effffffffb7e
N??CAA_K?WB_R??qCI?	46	3fffffff0ffff
N??CAA_K?WB_R??qOE?	46	3ffdffdfdff7f
N??CAA_K?WB_R??qCE?	46	3ffff7dfdf7ff
N??CAA_K?WB_R??q?U?	46	3fffffffffff
N??CAA_K?WB_Q_@oEC?	46	3fffffffffff
N??CAA_K?WB_Q_@oSA?	46	3fffffffffff
N??CAA_K?WB_Q_@oCE?	46	3fffffffffff
N??CAA_K?WB_Q_@oK@?	46	3fffffffffff
N??CAA_K?WB_Q_@oQ@?	46	3ffffffe97fff
N??CAA_K?WB_Q_@oCD?	46	3fffffffffff
N??CAA_K?WB_Q_@oAB?	46	3effffffffb7e
N??CAA_K?WB_E_oOGo?	46	3ffff7dfdf7ff
N??CAA_K?WB_E_oOKG?	46	1ffffff7efffd
N??CAA_K?WB_E_oOGS?	46	3ffff7dfdf7ff
N??CAA_K?WB_E_oOKA?	46	7ffffffff7ff
N??CAA_K?WB_E_oOGa?	46	ffffffffe7ff
N??CAA_K?WB_E_oOGQ?	46	3fffffffffff
N??CAA_K?WB_E_oOGE?	46	3fffffffffff
N??CAA_K?WB_E_oOG`?	46	ffffffff0e7ff
N??CAA_K?WB_E_oOGP?	46	3fffffff0ffff
N??CAA_K?WB_E_POGS?	46	3fffffffffff
N??CAA_K?WB_E_POGE?	46	3fffffffffff
N??CAA_K?WB_E_POGP?	46	3faeffff75e937d2
N??CAA_K?WB_E_POGB?	46	3defbfffdea94fcc
N??CAA_K?WB_E_OoW_?	46	3ffff7dfdf7ff
N??CAA_K?WB_E_OoWG?	46	3ffff7dfdf7ff
N??CAA_K?WB_E_OoWC?	46	3ffff7dfdf7ff
N??CAA_K?WB_E_OoKC?	46	7fffffffff7f
N??CAA_K?WB_E_OoWA?	46	3fffffffffff
N??CAA_K?WB_E_OoKA?	46	7fffffffff7f
N??CAA_K?WB_E_OoGa?	46	3ffffffffffd2
N??CAA_K?WB_E_OoGE?	46	7ffffffffffd
N??CAA_K?WB_E_OoW@?	46	3fffffff0ffff
N??CAA_K?WB_E_OoK@?	46	3fffffffffff
N??CAA_K?WB_E_OoG`?	46	3faeffff75e937d2
N??CAA_K?WB_E_OoGB?	46	3ffffffffffcc
N??CAA_K?WB_B_oOKA?	46	ffffffffff74c
N??CAA_K?WB_B_oOGI?	46	1ffffffffb7fe
N??CAA_K?WB_B_oOGE?	46	1ffffffffb7fe
N??CAA_K?WB_B_oOK@?	46	7ffffffff7ff
N??CAA_K?WB_B_oOI@?	46	ffffffff0e7ff
N??CAA_K?WB_B_oOGP?	46	2ffdeff7fe70fccc
N??CAA_K?WB_B_oOGD?	46	3ffffffffffcc
N??CAA_K?WB_B_WOWC?	46	2ffdeff7fe70fccc
N??CAA_K?WB_B_WOGS?	46	3ffffffe97fff
N??CAA_K?WB_B_WOGK?	46	3faeffff75e937d2
N??CAA_K?WB_B_WOWA?	46	3ffffffffffcc
N??CAA_K?WB_B_WOGI?	46	3faeffff75e937d2
N??CAA_K?WB_B_WOGE?	46	3faeffff75e937d2
N??CAA_K?WB_B_WOW@?	46	fffffffdf7ff
N??CAA_K?WB_B_WOI@?	46	fffffef7ce7ff
N??CAA_K?WB_B_WOGP?	46	3fffffffdef7e
N??CAA_K?WB_B_WOGD?	46	3fffffffffff
N??CAA_K?WB_B_WOGB?	46	3ffffdefdefff
N??CAA_K?WB_B_SOW@?	46	3fffffff0ffff
N??CAA_K?WB_B_SOK@?	46	3ffffef7ef7ff
N??CAA_K?WB_B_SOGP?	46	3faeffff75e937d2
N??CAA_K?WB_B_SOGD?	46	3fffffffffff
N??CAA_K?WB_B_SOGB?	46	3defbfffdea94fcc
N??CAA_K?WB_B_OQM??	46	3ffffef7ef7ff
N??CAA_K?WB_B_OQWO?	46	2ffdeff7fe70fccc
N??CAA_K?WB_B_OQKO?	46	3fffffffffff
N??CAA_K?WB_B_OQIO?	46	3faeffff75e937d2
N??CAA_K?WB_B_OQIG?	46	3faeffff75e937d2
N??CAA_K?WB_B_OQWC?	46	ffffffffff74c
N??CAA_K?WB_B_OQKC?	46	3fffffffe777f
N??CAA_K?WWOU?BOEC?	46	3fffffffffff
N??CAA_K?WWOU?BOAS?	46	3fffffffffff
N??CAA_K?WWOU?BO?s?	46	3ffffffffffd2
N??CAA_K?WWOU?BOCa?	46	3fffffffffff
N??CAA_K?WWOU?BOCQ?	46	3fffffffffff
N??CAA_K?WWOU?BOAQ?	46	3fffffffffff
N??CAA_K?WWOU?BOCI?	46	3fffffffffff
N??CAA_K?WWOU?BO?Y?	46	3fffffffffff
N??CAA_K?WWOU?BOAE?	46	3fffffffffff
N??CAA_K?WWOU?BO?e?	46	3fffffffffff
N??CAA_K?WWOU?BOCB?	46	3fffffffffff
N??CAA_K?WWOU?BO?F?	46	3fffffffffff
N??CAA_K?WWOM?DOH_?	46	3fffffffffff
N??CAA_K?WWOM?DO?[?	46	1ffffffffb7fe
N??CAA_K?WWOM?DOHA?	46	3fffffffffff
N??CAA_K?WWOM?DO@a?	46	3ffe7fda37bf077b
N??CAA_K?WWOM?DO?U?	46	1ffffffffb7fe
N??CAA_K?WWOM?DO?M?	46	1ffffffffb7fe
N??CAA_K?WWOM?DOH@?	46	3fffffffffff
N??CAA_K?WWOM?DOG`?	46	3fffffffffff
N??CAA_K?WWOM?DO@`?	46	3ffe7fda37bf077b
N??CAA_K?WWOM?DO?p?	46	3fffffffffff
N??CAA_K?WWOM?DO@H?	46	3bfffffbf7ffd
N??CAA_K?WWOM?DO?h?	46	3bfffffbf7ffd
N??CAA_K?WWOM?DO@B?	46	3faeffff75e937d2
N??CAA_K?WWOM?DO?b?	46	3faeffff75e937d2
N??CAA_K?WWOM?BOI_?	46	3fffffffffff
N??CAA_K?WWOM?BOIO?	46	3fffffffffff
N??CAA_K?WWOM?BOGo?	46	3fffffffffff
N??CAA_K?WWOM?BOAo?	46	3fffffffffff
N??CAA_K?WWOM?BOAg?	46	3fffffffff87f
N??CAA_K?WWOM?BOGc?	46	3fffffffffff
N??CAA_K?WWOM?BO?s?	46	3fffffffffff
N??CAA_K?WWOM?BOAK?	46	3fffffffffff
N??CAA_K?WWOM?BO?[?	46	3fffffffffff
N??CAA_K?WWOM?BOIA?	46	3fffffffffff
N??CAA_K?WWOM?BOGa?	46	3fffffffffff
N??CAA_K?WWOM?BOGQ?	46	3fffffffffff
N??CAA_K?WWOM?BO?q?	46	3fffffffffff
N??CAA_K?WWOM?BOGI?	46	3fffffffffff
N??CAA_K?WWOM?BOAI?	46	3bfffffbf7ffd
N??CAA_K?WWOM?BO?e?	46	3ffff7dfdf7ff
N??CAA_K?WWOM?BO?M?	46	3fffffffffff
N??CAA_K?WWOM?BOI@?	46	3fffffffffff
N??CAA_K?WWOM?BOGP?	46	3fffffffffff
N??CAA_K?WWOM?BOAP?	46	3fffffffffff
N??CAA_K?WWOM?BOAH?	46	3bfffffbf7ffd
N??CAA_K?WWOM?BO?X?	46	3fffffffffff
N??CAA_K?WWOM?BOGD?	46	3fffffffffff
N??CAA_K?WWOM?BO?L?	46	3fffffffffff
N??CAA_K?WWOM?BOGB?	46	3fffffffffff
N??CAA_K?WWOM?BOAB?	46	3faeffff75e937d2
N??CAA_K?WWOM?BO?b?	46	3faeffff75e937d2
N??CAA_K?WWOM?BO?R?	46	3fffffffffff
N??CAA_K?WWOM?BO?F?	46	3fffffff0ffff
N??CAA_K?WWOM?@SJ??	46	3fffffffffff
N??CAA_K?WWOM?@SH_?	46	3fffffffffff
N??CAA_K?WWOM?@SB_?	46	3ffe7fda37bf077b
N??CAA_K?WWOM?@S@o?	46	3fffffffffff
N??CAA_K?WWOM?@S@g?	46	3bfffffbf7ffd
N??CAA_K?WWOM?@SGc?	46	3fffffffffff
N??CAA_K?WWOM?@S@c?	46	3ffff7dfdf7ff
N??CAA_K?WWOM?@SGS?	46	1ffffffffb7fe
N??CAA_K?WWOM?@SAS?	46	1ffffffffb7fe
N??CAA_K?WWOM?@SAK?	46	1ffffffffb7fe
N??CAA_K?WWOM?@S?[?	46	3ffdf7ffff77f
N??CAA_K?WWOM?@SI@?	46	3fffffffffff
N??CAA_K?WWOM?@SG`?	46	3fffffffffff
N??CAA_K?WWOM?@SA`?	46	3faeffff75e937d2
N??CAA_K?WWOM?@S@H?	46	2ffeffffffefb
N??CAA_K?WWOM?@QJ??	46	3fffffffffff
N??CAA_K?WWOM?@QI_?	46	3fffffffffff
N??CAA_K?WWOM?@QIO?	46	3fffffffff87f
N??CAA_K?WWOM?@Q@o?	46	3fffffffffff
N??CAA_K?WWOM?@QIG?	46	3fffffffffff
N??CAA_K?WWOM?@QBG?	46	3bfffffbf7ffd
N??CAA_K?WWOM?@QAW?	46	3fffffffffff
N??CAA_K?WWOM?@QAS?	46	2ffdeff7fe70fccc
N??CAA_K?WWOM?@QAK?	46	3fffffffffff
N??CAA_K?WWOJ?EOI_?	46	3fffffffffff
N??CAA_K?WWOJ?EOIO?	46	7ffffffff7ff
N??CAA_K?WWOJ?EOAo?	46	3fffffffffff
N??CAA_K?WWOJ?EOAg?	46	3fffffffff87f
N??CAA_K?WWOJ?EOIC?	46	3fffffffffff
N??CAA_K?WWOJ?EOAS?	46	3fffffffffff
N??CAA_K?WWOJ?EO?k?	46	3fffffffffff
N??CAA_K?WWOJ?EO?[?	46	7ffffffffffd
N??CAA_K?WWOJ?EOGa?	46	3fffffffffff
N??CAA_K?WWOJ?EO?Y?	46	3fffffffffff
N??CAA_K?WWOJ?EOGE?	46	7fffffffff7f
N??CAA_K?WWOJ?EO?e?	46	3ffff7dfdf7ff
N??CAA_K?WWOJ?EO?M?	46	3fffffffffff
N??CAA_K?WWOJ?EOI@?	46	3fffffffffff
N??CAA_K?WWOJ?EOG`?	46	3fffffffffff
N??CAA_K?WWOJ?EOAP?	46	3fffffffffff
N??CAA_K?WWOJ?EOAH?	46	3bfffffbf7ffd
N??CAA_K?WWOJ?EOAD?	46	3ffff7dfdf7ff
N??CAA_K?WWOJ?EO?L?	46	3fffffffffff
N??CAA_K?WWOJ?EOGB?	46	3fffffffffff
N??CAA_K?WWOJ?EO?b?	46	3faeffff75e937d2
N??CAA_K?WWOJ?EO?F?	46	3fffffff0ffff
N??CAA_K?WWOJ?CoJ??	46	7ffffffff7ff
N??CAA_K?WWOJ?CoH_?	46	fffffffdefff
N??CAA_K?WWOJ?CoB_?	46	7ffffffdffff
N??CAA_K?WWOJ?CoHG?	46	7fffffffff7f
N??CAA_K?WWOJ?Co@g?	46	fffffffdfeff
N??CAA_K?WWOJ?CoBC?	46	3fffffffffff
N??CAA_K?WWOJ?Co@K?	46	3fffffffffff
N??CAA_K?WWOJ?CoI@?	46	7ffffffdffff
N??CAA_K?WWOJ?CoB@?	46	7ffffffeffff
N??CAA_K?WWOJ?CoGH?	46	7fffffff7fff
N??CAA_K?WWOJ?CoAD?	46	3fffffffffff
N??CAA_K?WWOJ?Co?L?	46	3fffffffffff
N??CAA_K?WWOJ?CWH_?	46	7fffffffefff
N??CAA_K?WWOJ?CWBO?	46	3fffffffffff
N??CAA_K?WWOJ?CW@g?	46	3fffffffffff
N??CAA_K?WWOJ?CW@W?	46	3fffffffffff
N??CAA_K?WWOJ?CWHA?	46	3fffffffffff
N??CAA_K?WWOJ?CWBA?	46	3ffff7dfdf7ff
N??CAA_K?WWOJ?CW@a?	46	3ffff7dfdf7ff
N??CAA_K?WWOJ?CW@I?	46	3fffffffffff
N??CAA_K?WWOJ?CWB@?	46	3ffff7dfdf7ff
N??CAA_K?WWOJ?CWAP?	46	3fffffffffff
N??CAA_K?WWOJ?CW@H?	46	3fffffffffff
N??CAA_K?WWOJ?CW?X?	46	3fffffffffff
N??CAA_K?WWOJ?CWGB?	46	3fffffffffff
N??CAA_K?WWOJ?CWAB?	46	3fffffff0ffff
N??CAA_K?WWOJ?CW@B?	46	3fffffff0ffff
N??CAA_K?WWOJ?CW?J?	46	3fffffffffff
N??CAA_K?WWOJ?CQH_?	46	3fffffffffff
N??CAA_K?WWOJ?CQIO?	46	7ffffffdffff
N??CAA_K?WWOJ?CQGW?	46	7fffffff7fff
N??CAA_K?WWOJ?CQIC?	46	3fffffffffff
N??CAA_K?WWOJ?CQAS?	46	3fffffffffff
N??CAA_K?WWOJ?CQ?[?	46	7ffffffffffb
N??CAA_K?WWOJ?CQHA?	46	3fffffffffff
N??CAA_K?WWOJ?CQ@a?	46	3faeffff75e937d2
N??CAA_K?WWOJ?CQ?Y?	46	3fffffffffff
N??CAA_K?WWOJ?CQGE?	46	7fffffff7fff
N??CAA_K?WWOJ?CQ?M?	46	3fffffffffff
N??CAA_K?WWOE_HOH_?	46	3fffffffffff
N??CAA_K?WWOE_HOB_?	46	3fffffffffff
N??CAA_K?WWOE_HOIG?	46	3ffffffffffcc
N??CAA_K?WWOE_HO@g?	46	3fffffffffff
N??CAA_K?WWOE_HOIC?	46	3ffffffffffcc
N??CAA_K?WWOE_HOGc?	46	3fffffffffff
N??CAA_K?WWOE_HOAc?	46	3fffffffffff
N??CAA_K?WWOE_HO@c?	46	3fffffffffff
N??CAA_K?WWOE_HOAK?	46	1ffffffffb7fe
N??CAA_K?WWOE_HO@a?	46	3fffffffffff
N??CAA_K?WWOE_HOGE?	46	1ffffffffb7fe
N??CAA_K?WWOE_HO?M?	46	3ffdf7ffff77f
N??CAA_K?WWOE_HOH@?	46	3fffffffffff
N??CAA_K?WWOE_HOB@?	46	3fffffffffff
N??CAA_K?WWOE_HOA`?	46	3fffffffffff
N??CAA_K?WWOE_HO@`?	46	3fffffffffff
N??CAA_K?WWOE_HO@H?	46	3fffffffffff
N??CAA_K?WWOE_HO?b?	46	3fffffffffff
N??CAA_K?WWOE_DOH_?	46	3ffff7dfdf7ff
N??CAA_K?WWOE_DO@g?	46	3ffdffdfdff7f
N??CAA_K?WWOE_DOKC?	46	3ffffffffffcc
N??CAA_K?WWOE_DOGc?	46	3fffffffffff
N??CAA_K?WWOE_DOCc?	46	3fffffffffff
N??CAA_K?WWOE_DO@c?	46	3fffffffffff
N??CAA_K?WWOE_DOCK?	46	1ffffffffb7fe
N??CAA_K?WWOE_DO@K?	46	3fffffffffff
N??CAA_K?WWOE_DOKA?	46	3ffffffffffcc
N??CAA_K?WWOE_DO@a?	46	3fffffffffff
N??CAA_K?WWOE_DO@I?	46	3fffffffffff
N??CAA_K?WWOE_DO?i?	46	3fffffffffff
N??CAA_K?WWOE_DOGE?	46	1ffffffffb7fe
N??CAA_K?WWOE_DOCE?	46	1ffffffffb7fe
N??CAA_K?WWOE_DO@E?	46	3fffffffffff
N??CAA_K?WWOE_DO?e?	46	3fffffffffff
N??CAA_K?WWOE_DO?M?	46	3ffdf7ffff77f
N??CAA_K?WWOE_DOH@?	46	3fffffff0ffff
N??CAA_K?WWOE_DOG`?	46	3fffffff0ffff
N??CAA_K?WWOE_DO@H?	46	3ffffffe97fff
N??CAA_K?WWOE_DOGB?	46	3fffffffffff
N??CAA_K?WWOE_DO?F?	46	3fffffffffff
N??CAA_K?WWOE_BOK_?	46	3fffffffffff
N??CAA_K?WWOE_BOI_?	46	3ffff7dfdf7ff
N??CAA_K?WWOE_BOEC?	46	3ffff7dfdf7ff
N??CAA_K?WWOE_BOGc?	46	3ffffffffffd2
N??CAA_K?WWOE_BOCc?	46	3fffffffffff
N??CAA_K?WWOE_BOAc?	46	3fffffffffff
N??CAA_K?WWOE_BOCK?	46	3fffffffffff
N??CAA_K?WWOE_BOAK?	46	3fffffffffff
N??CAA_K?WWOE_BOKA?	46	3fffffffffff
N??CAA_K?WWOE_BOEA?	46	3ffff7dfdf7ff
N??CAA_K?WWOE_BOGa?	46	3fffffffffff
N??CAA_K?WWOE_BOCa?	46	3fffffffffff
N??CAA_K?WWOE_BOAa?	46	3fffffffffff
N??CAA_K?WWOE_BOCI?	46	3fffffffffff
N??CAA_K?WWOE_BOAI?	46	3fffffffffff
N??CAA_K?WWOE_BOGE?	46	3fffffffffff
N??CAA_K?WWOE_BOCE?	46	7ffbfef7ef7ff
N??CAA_K?WWOE_BOAE?	46	7ffbfef7ef7ff
N??CAA_K?WWOE_BO?e?	46	3fffffffffff
N??CAA_K?WWOE_BO?M?	46	3fffffffffff
N??CAA_K?WWOE_BOK@?	46	3fffffffffff
N??CAA_K?WWOE_BOI@?	46	3fffffff0ffff
N??CAA_K?WWOE_BOE@?	46	3fffffffffff
N??CAA_K?WWOE_BOCH?	46	3fffffffffff
N??CAA_K?WWOE_BO?h?	46	3faeffff75e937d2
N??CAA_K?WWOE_BOGD?	46	3ffffffffffcc
N??CAA_K?WWOE_BOGB?	46	3fffffffffff
N??CAA_K?WWOE_BOCB?	46	3fffffffffff
N??CAA_K?WWOE_@SK_?	46	3fffffffffff
N??CAA_K?WWOE_@SH_?	46	3fffffffffff
N??CAA_K?WWOE_@SD_?	46	3fffffffffff
N??CAA_K?WWOE_@SB_?	46	3fffffffffff
N??CAA_K?WWOE_@SBG?	46	3fffffffffff
N??CAA_K?WWOE_@S@g?	46	3fffffffffff
N??CAA_K?WWOE_@SKC?	46	1ffffffffb7fe
N??CAA_K?WWOE_@SIC?	46	1ffffffffb7fe
N??CAA_K?WWOE_@SHC?	46	3fffffffffff
N??CAA_K?WWOE_@SGc?	46	3fffffffffff
N??CAA_K?WWOE_@S@c?	46	3fffffffffff
N??CAA_K?WWOE_@SCK?	46	3ffdf7ffff77f
N??CAA_K?WWOE_@S@K?	46	3fffffffffff
N??CAA_K?WWOE_@SH@?	46	3fffffffffff
N??CAA_K?WWOE_@SC`?	46	3fffffffffff
N??CAA_K?WWOE_@SCH?	46	3fffffffffff
N??CAA_K?WWOE_@S@H?	46	3fffffffffff
N??CAA_K?WWOE_@S?h?	46	3fffffffffff
N??CAA_K?WWOE_@SGD?	46	3fffffffffff
N??CAA_K?WWOE_@S@D?	46	3fffffffffff
N??CAA_K?WWOE_@S?d?	46	3fffffffffff
N??CAA_K?WWOE_@QD_?	46	3fffffffffff
N??CAA_K?WWOE_@QB_?	46	3ffffffe97fff
N??CAA_K?WWOE_@QBG?	46	3ffffffe97fff
N??CAA_K?WWOE_@QGg?	46	2ffdeff7fe70fccc
N??CAA_K?WWOE_@QEC?	46	2ffdeff7fe70fccc
N??CAA_K?WWOE_@QBC?	46	3effffffffcfe
N??CAA_K?WWOE_@Q@K?	46	1ffffffffb7fe
N??CAA_K?WWOE_@QKA?	46	1ffffff7efffd
N??CAA_K?WWOE_@QIA?	46	1ffffff7efffd
N??CAA_K?WWOE_@QCa?	46	3fffffffffff
N??CAA_K?WWOE_@QCI?	46	3fffffffffff
N??CAA_K?WWOE_@QGE?	46	3fff7dfffeeff
N??CAA_K?WWOE_@QAE?	46	3ffdbf739b7ee87d
N??CAA_K?WWOE_@Q?e?	46	3fffffffffff
N??CAA_K?WWOB_KOJ??	46	3fffffffffff
N??CAA_K?WWOB_KOH_?	46	1ffffffffb7fe
N??CAA_K?WWOB_KOB_?	46	fffffffdfeff
N??CAA_K?WWOB_KOHG?	46	3fffffffffff
N??CAA_K?WWOB_KO@g?	46	7ffffffffeff
N??CAA_K?WWOB_KOBC?	46	3fffffffffff
N??CAA_K?WWOB_KO@K?	46	3fffffffffff
N??CAA_K?WWOB_KO@a?	46	fffffffe7fff
N??CAA_K?WWOB_KO@I?	46	7ffffffffffd
N??CAA_K?WWOB_KOI@?	46	3fffffffffff
N??CAA_K?WWOB_KOGH?	46	3fffffffffff
N??CAA_K?WWOB_KOAD?	46	3fffffffffff
N??CAA_K?WWOB_KO?L?	46	3fffffffffff
N??CAA_K?WWOB_KO?J?	46	7ffffffffffb
N??CAA_K?WWOB_EOM??	46	3fffffffffff
N??CAA_K?WWOB_EOE_?	46	3fffffffffff
N??CAA_K?WWOB_EOIC?	46	3fffffffffff
N??CAA_K?WWOB_EOEC?	46	7fffffffff7f
N??CAA_K?WWOB_EOKA?	46	7fffffffff7f
N??CAA_K?WWOB_EOCa?	46	3fffffffffff
N??CAA_K?WWOB_EOCI?	46	7ffffffffffd
N??CAA_K?WWOB_EO?i?	46	3fffffffffff
N??CAA_K?WWOB_EOGE?	46	7ffffffffffd
N??CAA_K?WWOB_EOAE?	46	7ffffffffffd
N??CAA_K?WWOB_EOCB?	46	3fffffffffff
N??CAA_K?WWOB_CQM??	46	3fffffffffff
N??CAA_K?WWOB_CQEC?	46	7fffffff7fff
N??CAA_K?WWOB_CQAK?	46	3fffffffffff
N??CAA_K?WWOB_CQKA?	46	7fffffff7fff
N??CAA_K?WWOB_CQEA?	46	7fffffff7fff
N??CAA_K?WWOB_CQCI?	46	7ffffffffffb
N??CAA_K?WWOB_CQGE?	46	7ffffffffffb
N??CAA_K?WWOB_CQAE?	46	7ffffffffffb
N??CAA_K?WWOSOJ?B_?	46	ffffffffc87ff
N??CAA_K?WWOSOJ?BG?	46	7ffffffff7ff
N??CAA_K?WWOSOJ?@g?	46	3fffffffd6ffb
N??CAA_K?WWOSOJ?@W?	46	7fffffffff7f
N??CAA_K?WWOSOJ?@c?	46	3ff8ffe76cfdf6e1
N??CAA_K?WWOSOJ?@a?	46	3ff73fdb9cfdef61
N??CAA_K?WWOSOJ?@E?	46	3effffffffcfe
N??CAA_K?WWOSOJ?B@?	46	fffdffdfd7e7f
N??CAA_K?WWOSOJ?AH?	46	7ffffffdffff
N??CAA_K?WWOSOJ??X?	46	7fffffff7fff
N??CAA_K?WWOSOJ?@B?	46	3fefedefe76634fe
N??CAA_K?WWOSOJ??F?	46	3bffbffffff7d
N??CAA_K?WWOSOF?@o?	46	fffff7dfce7ff
N??CAA_K?WWOSOF?@g?	46	3ff8ffe76cfdf6e1
N??CAA_K?WWOSOF?@c?	46	3fffffffd6ffb
N??CAA_K?WWOSOF?DA?	46	3ffdffdfdff7f
N??CAA_K?WWOSOF?@I?	46	3effffffffcfe
N??CAA_K?WWOSOF?@E?	46	3fffffffffff
N??CAA_K?WWOSOF?CB?	46	3ffffffe67fff
N??CAA_K?WWOSOF??F?	46	3fffffffffff
N??CAA_K?WWOSOB_DG?	46	3fffffffffff
N??CAA_K?WWOSOB_BG?	46	3ffff7dfdf7ff
N??CAA_K?WWOSOB_@g?	46	3faeffff75e937d2
N??CAA_K?WWOSOB_DC?	46	3ffff7dfdf7ff
N??CAA_K?WWOSOB_@K?	46	3ffffffffffd2
N??CAA_K?WWOSOB_DA?	46	7fffffffff7f
N??CAA_K?WWOSOB_@E?	46	3fffffffffff
N??CAA_K?WWOSOB_CH?	46	3fffffffffff
N??CAA_K?WWOSOB_AH?	46	3fffffff0ffff
N??CAA_K?WWOSOB_?L?	46	3ffffffffffcc
N??CAA_K?WWOSOB_CB?	46	7fffffff7fff
N??CAA_K?WWOSOB_?J?	46	3fffffffffff
N??CAA_K?WWOSOB_?F?	46	3fffffffffff
N??CAA_K?WWOKOR?@W?	46	3fffffffffff
N??CAA_K?WWOKOR?@a?	46	ffffffffeeff
N??CAA_K?WWOKOR?@I?	46	3fffffffffff
N??CAA_K?WWOKOR??X?	46	3fffffffffff
N??CAA_K?WWOKOR?@B?	46	fffffffff7fd
N??CAA_K?WWOKOR??J?	46	3fffffffffff
N??CAA_K?WWOKOF?H_?	46	fffffffefffb
N??CAA_K?WWOKOF?@a?	46	3ffe7fda37bf077b
N??CAA_K?WWOKOF?H@?	46	fffffffffefe
N??CAA_K?WWOKOF??F?	46	3fffffff0ffff
N??CAA_K?WWOKOBOJ??	46	3fffffffffff
N??CAA_K?WWOKOBOH_?	46	3fff7fefdfeff
N??CAA_K?WWOKOBOB_?	46	3fffffffff87f
N??CAA_K?WWOKOBOHA?	46	3fffffffffff
N??CAA_K?WWOKOBOI@?	46	3fffffffffff
N??CAA_K?WWOKOBOGP?	46	3fffffffffff
N??CAA_K?WWOKOBOGB?	46	3fffffffffff
N??CAA_K?WWOKOBC@g?	46	3bfffffbf7ffd
N??CAA_K?WWOKOBCH@?	46	fffffffff7fd
N??CAA_K?WWOKOBC@H?	46	2ffeffffffefb
N??CAA_K?WWOIOT?@o?	46	3fffffffffff
N??CAA_K?WWOIOT?@g?	46	3fffffffffff
N??CAA_K?WWOIOT?AW?	46	3ffffffffffcc
N??CAA_K?WWOIOT?@c?	46	3fffffffffff
N??CAA_K?WWOIOT?AS?	46	3ffffffffffcc
N??CAA_K?WWOIOT?@a?	46	3fffffffffff
N??CAA_K?WWOIOT?@I?	46	3fffffffffff
N??CAA_K?WWOIOT??U?	46	1ffffffffb7fe
N??CAA_K?WWOIOT?B@?	46	3fffffffffff
N??CAA_K?WWOIOT??d?	46	3fffffffffff
N??CAA_K?WWOIOT??b?	46	3fffffffffff
N??CAA_K?WWOIOT??J?	46	3fffffffffff
N??CAA_K?WWOIOF?I_?	46	3fffffffffff
N??CAA_K?WWOIOF?IO?	46	3fffffffffff
N??CAA_K?WWOIOF?Go?	46	3fffffffffff
N??CAA_K?WWOIOF?IG?	46	3fffffffffff
N??CAA_K?WWOIOF?Gg?	46	3fffffffffff
N??CAA_K?WWOIOF?Ag?	46	3fffffffff87f
N??CAA_K?WWOIOF?GW?	46	3effffffffcfe
N??CAA_K?WWOIOF??w?	46	3fffffffffff
N??CAA_K?WWOIOF?Gc?	46	3fffffffffff
N??CAA_K?WWOIOF??s?	46	3fffffffffff
N??CAA_K?WWOIOF?AK?	46	3fffffffffff
N??CAA_K?WWOIOF??k?	46	3fffffffffff
N??CAA_K?WWOIOF?Ga?	46	3fffffffffff
N??CAA_K?WWOIOF??q?	46	3fffffffffff
N??CAA_K?WWOIOF?GI?	46	3fffffffffff
N??CAA_K?WWOIOF??i?	46	3bfffffbf7ffd
N??CAA_K?WWOIOF?GE?	46	3fffffffffff
N??CAA_K?WWOIOF??e?	46	3ffff7dfdf7ff
N??CAA_K?WWOIOF??M?	46	3fffffffffff
N??CAA_K?WWOIOF?I@?	46	3fffffffffff
N??CAA_K?WWOIOF?AP?	46	3fffffffffff
N??CAA_K?WWOIOF?AH?	46	3bfffffbf7ffd
N??CAA_K?WWOIOF?GD?	46	3fffffffffff
N??CAA_K?WWOIOF?AD?	46	3ffff7dfdf7ff
N??CAA_K?WWOIOF??L?	46	3fffffffffff
N??CAA_K?WWOIOF?GB?	46	3fffffffffff
N??CAA_K?WWOIOF??R?	46	3fffffffffff
N??CAA_K?WWOIOF??J?	46	2ffeffffffefb
N??CAA_K?WWOIOF??F?	46	3fffffff0ffff
N??CAA_K?WWOIODOI_?	46	3fffffffffff
N??CAA_K?WWOIODOH_?	46	3fffffffffff
N??CAA_K?WWOIODOIO?	46	3ffffffffffcc
N??CAA_K?WWOIODO@o?	46	3fffffffffff
N??CAA_K?WWOIODOAS?	46	1ffffffffb7fe
N??CAA_K?WWOIODOHA?	46	3fffffffffff
N??CAA_K?WWOIODO@a?	46	3bfffffbf7ffd
N??CAA_K?WWOIODOB@?	46	3bfffffbf7ffd
N??CAA_K?WWOIODOG`?	46	3fffffffffff
N??CAA_K?WWOIODOA`?	46	3bfffffbf7ffd
N??CAA_K?WWOIODO@`?	46	3bfffffbf7ffd
N??CAA_K?WWOIODO@D?	46	3fffffffffff
N??CAA_K?WWOIODO?d?	46	3fffffffffff
N??CAA_K?WWOIODOGB?	46	3fffffffffff
N??CAA_K?WWOIODO@B?	46	2ffeffffffefb
N??CAA_K?WWOIODO?b?	46	2ffeffffffefb
N??CAA_K?WWOIODAI_?	46	3fffffffffff
N??CAA_K?WWOIODA@o?	46	3fffffffffff
N??CAA_K?WWOIODAIG?	46	3fffffffffff
N??CAA_K?WWOIODABG?	46	3bfffffbf7ffd
N??CAA_K?WWOIODAAW?	46	3fffffffffff
N??CAA_K?WWOIODA@K?	46	3fff7fefdfeff
N??CAA_K?WWOIODAGI?	46	3ffffffffffe1
N??CAA_K?WWOIODA@I?	46	2ffeffffffefb
N??CAA_K?WWOCoR?BG?	46	3ffff7dfdf7ff
N??CAA_K?WWOCoR?@g?	46	3faeffff75e937d2
N??CAA_K?WWOCoR?@K?	46	3ffffffffffd2
N??CAA_K?WWOCoR?DA?	46	7fffffffff7f
N??CAA_K?WWOCoR?AH?	46	3fffffff0ffff
N??CAA_K?WWOCoR??L?	46	3ffffffffffcc
N??CAA_K?WWOCoR?CB?	46	7fffffff7fff
N??CAA_K?WWOCoF?H_?	46	3ffff7dfdf7ff
N??CAA_K?WWOCoF?@g?	46	3ffdffdfdff7f
N??CAA_K?WWOCoF?HC?	46	3fffffffffff
N??CAA_K?WWOCoF?DC?	46	3fffffffffff
N??CAA_K?WWOCoF?@K?	46	3fffffffffff
N??CAA_K?WWOCoF?HA?	46	3fffffffffff
N??CAA_K?WWOCoF?DA?	46	3fffffffffff
N??CAA_K?WWOCoF?@a?	46	3ffffffe97fff
N??CAA_K?WWOCoF?@I?	46	3fffffffffff
N??CAA_K?WWOCoF?@E?	46	3fffffffffff
N??CAA_K?WWOCoF?H@?	46	3fffffff0ffff
N??CAA_K?WWOCoF?GB?	46	3fffffffffff
N??CAA_K?WWOCoF?CB?	46	3fffffffffff
N??CAA_K?WWOCoF??F?	46	3fffffffffff
N??CAA_K?WWOCoBOJ??	46	3ffff7dfdf7ff
N??CAA_K?WWOCoBOHC?	46	3ffffffffffd2
N??CAA_K?WWOCoBOHA?	46	3fffffffffff
N??CAA_K?WWOCoBOK@?	46	3fffffffffff
N??CAA_K?WWOCoBOI@?	46	3fffffff0ffff
N??CAA_K?WWOCoBOGD?	46	3ffffffffffcc
N??CAA_K?WWOCoBOGB?	46	3fffffffffff
N??CAA_K?WWOCoBGJ??	46	3fffffffffff
N??CAA_K?WWOCoBGF??	46	3fffffffffff
N??CAA_K?WWOCoBGH_?	46	3ffffffffffd2
N??CAA_K?WWOCoBGD_?	46	77ffebfffeffb
N??CAA_K?WWOCoBGB_?	46	7ffffffeffff
N??CAA_K?WWOCoBGDG?	46	3fffffffffff
N??CAA_K?WWOCoBGBG?	46	3fffffffffff
N??CAA_K?WWOCoBG@g?	46	1ffffffffcffe
N??CAA_K?WWOCoBGE@?	46	3fffffffffff
N??CAA_K?WWOCoBCJ??	46	3fffffffffff
N??CAA_K?WWOCoBCF??	46	3fffffffffff
N??CAA_K?WWOCoBCH_?	46	ffffffffeffb
N??CAA_K?WWOCoBCD_?	46	5fffdeffff7fd
N??CAA_K?WWOCoBCHG?	46	7ffffffffffd
N??CAA_K?WWOCoBCBG?	46	3fffffffffff
N??CAA_K?WWOCoBC@g?	46	ffffffffeeff
N??CAA_K?WWOCoBCHC?	46	7ffffffffffd
N??CAA_K?WWOCoBC@c?	46	7fffffffefff
N??CAA_K?WWOCoBCE@?	46	3fffffffffff
N??CAA_K?WWOCoBCD@?	46	77fbffbfefffb
N??CAA_K?WWOCoBCGH?	46	7ffffffffffb
N??CAA_K?WWOCoBCGD?	46	7ffffffffffb
N??CAA_K?WWOAoT?D_?	46	3fffffffffff
N??CAA_K?WWOAoT?B_?	46	3ffff7dfdf7ff
N??CAA_K?WWOAoT?EG?	46	3ffffffffffcc
N??CAA_K?WWOAoT?@g?	46	3faeffff75e937d2
N??CAA_K?WWOAoT?EC?	46	3ffffffffffcc
N??CAA_K?WWOAoT?Ac?	46	3fffffffffff
N??CAA_K?WWOAoT?@c?	46	3ffffffffffd2
N??CAA_K?WWOAoT?Ca?	46	3fffffffffff
N??CAA_K?WWOAoT?Aa?	46	3fffffffffff
N??CAA_K?WWOAoT?@a?	46	3fffffffffff
N??CAA_K?WWOAoT?CI?	46	1ffffffffb7fe
N??CAA_K?WWOAoT?@I?	46	3fffffffffff
N??CAA_K?WWOAoT?CE?	46	1ffffffffb7fe
N??CAA_K?WWOAoT?AE?	46	1ffffffffb7fe
N??CAA_K?WWOAoT?A`?	46	3fffffff0ffff
N??CAA_K?WWOAoT?CB?	46	3fffffffffff
N??CAA_K?WWOAoL?H_?	46	3fffffffffff
N??CAA_K?WWOAoL?B_?	46	3fffffffffff
N??CAA_K?WWOAoL?IG?	46	3ffffffffffcc
N??CAA_K?WWOAoL?@g?	46	3fffffffffff
N??CAA_K?WWOAoL?IC?	46	3ffffffffffcc
N??CAA_K?WWOAoL?BC?	46	3fffffffffff
N??CAA_K?WWOAoL?@c?	46	3fffffffffff
N??CAA_K?WWOAoL?AK?	46	1ffffffffb7fe
N??CAA_K?WWOAoL??k?	46	3fffffffffff
N??CAA_K?WWOAoL?Ga?	46	3fffffffffff
N??CAA_K?WWOAoL?@a?	46	3fffffffffff
N??CAA_K?WWOAoL?GE?	46	1ffffffffb7fe
N??CAA_K?WWOAoL??M?	46	3ffdf7ffff77f
N??CAA_K?WWOAoL?I@?	46	3fffffffffff
N??CAA_K?WWOAoL?H@?	46	1ffffff7efffd
N??CAA_K?WWOAoL?B@?	46	3fffffffffff
N??CAA_K?WWOAoL?G`?	46	3fffffffffff
N??CAA_K?WWOAoL?A`?	46	5fffdeffff7fd
N??CAA_K?WWOAoL?@`?	46	3fffffffffff
N??CAA_K?WWOAoL?@B?	46	3fffffffffff
N??CAA_K?WWOAoL??b?	46	3fff7fefdfeff
N??CAA_K?WWOAoF?K_?	46	3fffffffffff
N??CAA_K?WWOAoF?IG?	46	3ffff7dfdf7ff
N??CAA_K?WWOAoF?IC?	46	3fffffffffff
N??CAA_K?WWOAoF?EC?	46	3fffffffffff
N??CAA_K?WWOAoF?Gc?	46	3ffffffffffd2
N??CAA_K?WWOAoF?Cc?	46	3fffffffffff
N??CAA_K?WWOAoF?AK?	46	3fffffffffff
N??CAA_K?WWOAoF?KA?	46	3fffffffffff
N??CAA_K?WWOAoF?Ga?	46	3fffffffffff
N??CAA_K?WWOAoF?Ca?	46	3fffffffffff
N??CAA_K?WWOAoF?CI?	46	3fffffffffff
N??CAA_K?WWOAoF?GE?	46	3fffffffffff
N??CAA_K?WWOAoF?AE?	46	3fffffffffff
N??CAA_K?WWOAoF??e?	46	3fffffffffff
N??CAA_K?WWOAoF?E@?	46	3fffffffffff
N??CAA_K?WWOAoF?A`?	46	3ffffffe97fff
N??CAA_K?WWOAoF?AH?	46	3ffffffe97fff
N??CAA_K?WWOAoF??L?	46	1ffffffffb7fe
N??CAA_K?WWOAoF?GB?	46	3fffffffffff
N??CAA_K?WWOAoF?CB?	46	3fffffffffff
N??CAA_K?WWOAoF??J?	46	3fffffffffff
N??CAA_K?WWOAoF??F?	46	3fffffffffff
N??CAA_K?WWOAoDOM??	46	3ffffffffffcc
N??CAA_K?WWOAoDOH_?	46	3faeffff75e937d2
N??CAA_K?WWOAoDOD_?	46	3fffffffffff
N??CAA_K?WWOAoDOEC?	46	1ffffffffb7fe
N??CAA_K?WWOAoDOKA?	46	1ffffffffb7fe
N??CAA_K?WWOAoDOHA?	46	3fffffffffff
N??CAA_K?WWOAoDOCa?	46	3fffffffffff
N??CAA_K?WWOAoDOAE?	46	3ffdf7ffff77f
N??CAA_K?WWOAoDGM??	46	3ffffffffffcc
N??CAA_K?WWOAoDGJ??	46	3fffffffffff
N??CAA_K?WWOAoDGF??	46	3fffffffffff
N??CAA_K?WWOAoDGE_?	46	5fffdeffff7fd
N??CAA_K?WWOAoDGH_?	46	3ffffffffffd2
N??CAA_K?WWOAoDGD_?	46	3fffffffffff
N??CAA_K?WWOAoDGB_?	46	3fffffffffff
N??CAA_K?WWOAoDGEG?	46	1ffffffffb7fe
N??CAA_K?WWOAoDGDG?	46	3fffffffffff
N??CAA_K?WWOAoDGBG?	46	3fffffffffff
N??CAA_K?WWOAoDGCg?	46	3fffffffffff
N??CAA_K?WWOAoDGAg?	46	3fffffffffff
N??CAA_K?WWOAoDG@g?	46	1ffffffffcffe
N??CAA_K?WWOAoDGKA?	46	1ffffffffb7fe
N??CAA_K?WWOAoDGIA?	46	1ffffffffb7fe
N??CAA_K?WWOAoDGAa?	46	1ffffffffb7fe
N??CAA_K?WWOAoDG@a?	46	3fffffffffff
N??CAA_K?WWOAoDGCI?	46	3ffdf7ffff77f
N??CAA_K?WWOAoDGAI?	46	3ffdf7ffff77f
N??CAA_K?WWOAoDGI@?	46	3fffffffffff
N??CAA_K?WWOAoDGE@?	46	3fffffffffff
N??CAA_K?WWOAoDGH@?	46	3ffffffffffcc
N??CAA_K?WWOAoDGG`?	46	3ffffffffffcc
N??CAA_K?WWOAoDG@H?	46	1ffffffffb7fe
N??CAA_K?WWOAoDG?h?	46	1ffffffffb7fe
N??CAA_K?WWOEGHOH_?	46	3fffffffffff
N??CAA_K?WWOEGHOB_?	46	3ffffffff87ff
N??CAA_K?WWOEGHOIO?	46	3ffffffffffcc
N??CAA_K?WWOEGHOBO?	46	3fffffffffff
N??CAA_K?WWOEGHOGo?	46	3fffffffffff
N??CAA_K?WWOEGHOAo?	46	3fffffffffff
N??CAA_K?WWOEGHO@o?	46	3fffffffffff
N??CAA_K?WWOEGHO@g?	46	3fffffffffff
N??CAA_K?WWOEGHOAW?	46	1ffffffffb7fe
N??CAA_K?WWOEGHO@W?	46	3fffffffffff
N??CAA_K?WWOEGHOGa?	46	3fffffffffff
N??CAA_K?WWOEGHO@a?	46	3ffff7dfdf7ff
N??CAA_K?WWOEGHOGQ?	46	1ffffffffb7fe
N??CAA_K?WWOEGHOAI?	46	1ffffffffb7fe
N??CAA_K?WWOEGHO?i?	46	3fffffffffff
N??CAA_K?WWOEGHO?Y?	46	3ffdf7ffff77f
N??CAA_K?WWOEGHOH@?	46	3fffffffffff
N??CAA_K?WWOEGHOG`?	46	3fffffffffff
N??CAA_K?WWOEGHO@H?	46	3fffffffffff
N??CAA_K?WWOEGHO?h?	46	3fffffffffff
N??CAA_K?WWOEGHOGB?	46	3fffffffffff
N??CAA_K?WWOEGHO?b?	46	3fffffff0ffff
N??CAA_K?WWOEGDOK_?	46	3fffffffffff
N??CAA_K?WWOEGDOH_?	46	3fffffffffff
N??CAA_K?WWOEGDOD_?	46	3ffffffff87ff
N??CAA_K?WWOEGDOKO?	46	3ffffffffffcc
N??CAA_K?WWOEGDOCo?	46	3fffffffffff
N??CAA_K?WWOEGDO@o?	46	3fffffffffff
N??CAA_K?WWOEGDO@g?	46	3fffffffffff
N??CAA_K?WWOEGDOCW?	46	1ffffffffb7fe
N??CAA_K?WWOEGDOHA?	46	3fffffffffff
N??CAA_K?WWOEGDOGa?	46	3fffffffffff
N??CAA_K?WWOEGDO@a?	46	3ffff7dfdf7ff
N??CAA_K?WWOEGDOGQ?	46	1ffffffffb7fe
N??CAA_K?WWOEGDOCQ?	46	1ffffffffb7fe
N??CAA_K?WWOEGDOCI?	46	1ffffffffb7fe
N??CAA_K?WWOEGDO@I?	46	3fffffffffff
N??CAA_K?WWOEGDO?i?	46	3fffffffffff
N??CAA_K?WWOEGDOH@?	46	3fffffffffff
N??CAA_K?WWOEGDOG`?	46	3fffffffffff
N??CAA_K?WWOEGDO@`?	46	3ffff7dfdf7ff
N??CAA_K?WWOEGDO@H?	46	3fffffffffff
N??CAA_K?WWOEGDO?h?	46	3fffffffffff
N??CAA_K?WWOEGDO@B?	46	3fffffff0ffff
N??CAA_K?WWOEGDO?b?	46	3fffffff0ffff
N??CAA_K?WWOEGBOM??	46	3fffffffffff
N??CAA_K?WWOEGBOK_?	46	3fffffffffff
N??CAA_K?WWOEGBOI_?	46	3fffffffffff
N??CAA_K?WWOEGBOE_?	46	3ffffffff87ff
N??CAA_K?WWOEGBOEO?	46	3ffff7dfdf7ff
N??CAA_K?WWOEGBOGo?	46	3ffffffffffd2
N??CAA_K?WWOEGBOCo?	46	3fffffffffff
N??CAA_K?WWOEGBOEG?	46	3fffffffffff
N??CAA_K?WWOEGBOCW?	46	3fffffffffff
N??CAA_K?WWOEGBOAW?	46	3fffffffffff
N??CAA_K?WWOEGBOIA?	46	3fffffffffff
N??CAA_K?WWOEGBOEA?	46	3ffff7dfdf7ff
N??CAA_K?WWOEGBOGa?	46	3fffffffffff
N??CAA_K?WWOEGBOCa?	46	3ffff7dfdf7ff
N??CAA_K?WWOEGBOAa?	46	3ffff7dfdf7ff
N??CAA_K?WWOEGBO?q?	46	3fffffffffff
N??CAA_K?WWOEGBOAI?	46	3fffffffffff
N??CAA_K?WWOEGBOK@?	46	3fffffffffff
N??CAA_K?WWOEGBOI@?	46	3fffffffffff
N??CAA_K?WWOEGBOE@?	46	3ffff7dfdf7ff
N??CAA_K?WWOEGBOG`?	46	3ffffffffffcc
N??CAA_K?WWOEGBOGP?	46	3ffffffffffcc
N??CAA_K?WWOEGBOCH?	46	3fffffffffff
N??CAA_K?WWOEGBOAH?	46	3fffffffffff
N??CAA_K?WWOEGBO?h?	46	3fdffffffb7fe
N??CAA_K?WWOEGBOGB?	46	3fffffffffff
N??CAA_K?WWOEGBOAB?	46	3fffffff0ffff
N??CAA_K?WWOEG@SK_?	46	3fffffffffff
N??CAA_K?WWOEG@SI_?	46	3fffffffffff
N??CAA_K?WWOEG@SH_?	46	3fffffffffff
N??CAA_K?WWOEG@SD_?	46	3ffff7dfdf7ff
N??CAA_K?WWOEG@SB_?	46	3ffff7dfdf7ff
N??CAA_K?WWOEG@SKO?	46	1ffffffffb7fe
N??CAA_K?WWOEG@S@o?	46	3fffffffffff
N??CAA_K?WWOEG@SEG?	46	1ffffffffb7fe
N??CAA_K?WWOEG@S@g?	46	3fffffffffff
N??CAA_K?WWOEG@SGW?	46	3ffdf7ffff77f
N??CAA_K?WWOEG@SCW?	46	3ffdf7ffff77f
N??CAA_K?WWOEG@SH@?	46	3fffffffffff
N??CAA_K?WWOEG@SC`?	46	3fffffff0ffff
N??CAA_K?WWOEG@SCP?	46	3fffffffffff
N??CAA_K?WWOEG@S?h?	46	3fffffffffff
N??CAA_K?WWOEG@QH_?	46	3ffffffffffcc
N??CAA_K?WWOEG@QD_?	46	3ffff7dfdf7ff
N??CAA_K?WWOEG@QIO?	46	1ffffff7efffd
N??CAA_K?WWOEG@QEO?	46	2ffdeff7fe70fccc
N??CAA_K?WWOEG@QCo?	46	3fffffffffff
N??CAA_K?WWOEG@QEG?	46	3fffffffffff
N??CAA_K?WWOEG@QBG?	46	3fffffffffff
N??CAA_K?WWOEG@Q@W?	46	1ffffffffb7fe
N??CAA_K?WWOEG@QKA?	46	37ffffbfefffb
N??CAA_K?WWOEG@QCI?	46	3fffffffffff
N??CAA_K?WWOEG@QAI?	46	3fffffffffff
N??CAA_K?WWOBGKOJ??	46	3fffffffffff
N??CAA_K?WWOBGKOH_?	46	7fffffffefff
N??CAA_K?WWOBGKOB_?	46	3ffffffff87ff
N??CAA_K?WWOBGKOBO?	46	3fffffffffff
N??CAA_K?WWOBGKO@o?	46	3ffffdefdefff
N??CAA_K?WWOBGKO@g?	46	7ffffffffeff
N??CAA_K?WWOBGKO@W?	46	3fffffffffff
N??CAA_K?WWOBGKOHA?	46	3fffffffffff
N??CAA_K?WWOBGKOBA?	46	3ffff7dfdf7ff
N??CAA_K?WWOBGKO@a?	46	3ffff7dfdf7ff
N??CAA_K?WWOBGKO@I?	46	3fffffffffff
N??CAA_K?WWOBGKOI@?	46	3fffffffffff
N??CAA_K?WWOBGKOAP?	46	3fffffffffff
N??CAA_K?WWOBGKO@H?	46	7fffffffff7f
N??CAA_K?WWOBGKO?X?	46	3fffffffffff
N??CAA_K?WWOBGKOGB?	46	3fffffffffff
N??CAA_K?WWOBGKOAB?	46	3fffffff0ffff
N??CAA_K?WWOBGKO?J?	46	3fffffffffff
N??CAA_K?WWOBGEOM??	46	3fffffffffff
N??CAA_K?WWOBGEOI_?	46	3fffffffffff
N??CAA_K?WWOBGEOE_?	46	3ffffffff87ff
N??CAA_K?WWOBGEOEO?	46	3fffffffffff
N??CAA_K?WWOBGEOEG?	46	3fffffffffff
N??CAA_K?WWOBGEOCg?	46	3fffffffffff
N??CAA_K?WWOBGEOAg?	46	3fffffffffff
N??CAA_K?WWOBGEOCW?	46	3fffffffffff
N??CAA_K?WWOBGEO?w?	46	1ffffffffcffe
N??CAA_K?WWOBGEOKA?	46	7fffffffff7f
N??CAA_K?WWOBGEOIA?	46	7fffffffff7f
N??CAA_K?WWOBGEOCa?	46	3ffff7dfdf7ff
N??CAA_K?WWOBGEOCI?	46	3fffffffffff
N??CAA_K?WWOBGEOAI?	46	7ffffffffffd
N??CAA_K?WWOBGEOE@?	46	3ffff7dfdf7ff
N??CAA_K?WWOBGEOG`?	46	3ffffffffffcc
N??CAA_K?WWOBGEOCH?	46	3fffffffffff
N??CAA_K?WWOBGEOAH?	46	3fffffffffff
N??CAA_K?WWOBGEO?h?	46	3fdffffffb7fe
N??CAA_K?WWOBGEOGB?	46	3fffffffffff
N??CAA_K?WWOBGEOAB?	46	3fffffff0ffff
N??CAA_K?WWOBGCQM??	46	3fffffffffff
N??CAA_K?WWOBGCQH_?	46	3ffffffffffcc
N??CAA_K?WWOBGCQEO?	46	3fffffffffff
N??CAA_K?WWOBGCQ@o?	46	1ffffffffb7fe
N??CAA_K?WWOBGCQEG?	46	3fffffffffff
N??CAA_K?WWOBGCQ@g?	46	3fdffffffb7fe
N??CAA_K?WWOBGCQKA?	46	7fffffff7fff
N??CAA_K?WWOBGCQIA?	46	7fffffff7fff
N??CAA_K?WWOBGCQEA?	46	3fffffff0ffff
N??CAA_K?WWOBGCQCI?	46	3fffffffffff
N??CAA_K?WWOBGCQAI?	46	7ffffffffffb
N??CAA_K?WWOCgBOF??	46	3ffff7dfdf7ff
N??CAA_K?WWOCgBOD_?	46	2fffff7ff7ffb
N??CAA_K?WWOCgBODG?	46	3fffffffffff
N??CAA_K?WWOCgBODA?	46	7ffbfef7ef7ff
N??CAA_K?WWOCgBO@a?	46	effefffffeefa
N??CAA_K?WWOCgBOE@?	46	ffffffff0e7ff
N??CAA_K?WWOAgDOM??	46	3ffffffffffcc
N??CAA_K?WWOAgDOF??	46	3fffffffffff
N??CAA_K?WWOAgDOI_?	46	3fffffffffff
N??CAA_K?WWOAgDOE_?	46	3fffffffffff
N??CAA_K?WWOAgDOEG?	46	1ffffffffb7fe
N??CAA_K?WWOAgDODG?	46	3fffffffffff
N??CAA_K?WWOAgDOBG?	46	3fffffffffff
N??CAA_K?WWOAgDOAg?	46	3ffffffff7efc
N??CAA_K?WWOAgDOKA?	46	7ffffffffb77c
N??CAA_K?WWOAgDOIA?	46	1ffffffffb7fe
N??CAA_K?WWOAgDOEA?	46	1ffffffffb7fe
N??CAA_K?WWOAgDOBA?	46	3fffffffffff
N??CAA_K?WWOAgDO@a?	46	3fffffffffff
N??CAA_K?WWOAgDOCI?	46	3ffdf7ffff77f
N??CAA_K?WWOAgDOAI?	46	fffdf7ffff77c
N??CAA_K?WWOCWF?H_?	46	7fffffffefff
N??CAA_K?WWOCWF?D_?	46	3ffffffff87ff
N??CAA_K?WWOCWF?HO?	46	3fffffffffff
N??CAA_K?WWOCWF?DO?	46	3fffffffffff
N??CAA_K?WWOCWF?@g?	46	3fffffffffff
N??CAA_K?WWOCWF?@a?	46	3ffff7dfdf7ff
N??CAA_K?WWOCWF?@Q?	46	3fffffffffff
N??CAA_K?WWOCWF?@I?	46	3fffffffffff
N??CAA_K?WWOCWF?H@?	46	7ffffffff7ff
N??CAA_K?WWOCWF?D@?	46	3ffff7dfdf7ff
N??CAA_K?WWOCWF?CP?	46	3fffffffffff
N??CAA_K?WWOCWF?@H?	46	3fffffffffff
N??CAA_K?WWOCWF?CB?	46	3fffffff0ffff
N??CAA_K?WWOCWF??R?	46	3fffffffffff
N??CAA_K?WWOCWF??J?	46	3fffffffffff
N??CAA_K?WWOCWB_J??	46	3fffffffffff
N??CAA_K?WWOCWB_F??	46	3fffffffffff
N??CAA_K?WWOCWB_H_?	46	3ffffffffffd2
N??CAA_K?WWOCWB_D_?	46	3fffffffffff
N??CAA_K?WWOCWB_B_?	46	3fffffffffff
N??CAA_K?WWOCWB_DG?	46	3fffffffffff
N??CAA_K?WWOCWB_BG?	46	3fffffffffff
N??CAA_K?WWOCWB_@g?	46	1ffffffffcffe
N??CAA_K?WWOCWB_HA?	46	3fffffffffff
N??CAA_K?WWOCWB_BA?	46	3fffffffffff
N??CAA_K?WWOCWB_I@?	46	3fffffffffff
N??CAA_K?WWOCWB_E@?	46	3fffffffffff
N??CAA_K?WWOCWB_GB?	46	3fffffffffff
N??CAA_K?WWOCWB_AB?	46	3fffffffffff
N??CAA_K?WWOCWBOH_?	46	3ffffffffffd2
N??CAA_K?WWOCWBCF??	46	3ffff7dfdf7ff
N??CAA_K?WWOCWBCH_?	46	fffffffdfffb
N??CAA_K?WWOCWBCHO?	46	7ffffffffffd
N??CAA_K?WWOCWBC@o?	46	7fffffffefff
N??CAA_K?WWOCWBC@g?	46	7fffffffefff
N??CAA_K?WWOCWBCE@?	46	3fffffff0ffff
N??CAA_K?WWOCWBCH@?	46	fffffffdfffe
N??CAA_K?WWOCWBCGP?	46	7ffffffffffb
N??CAA_K?WWOCWBC@H?	46	7ffffffff7ff
N??CAA_K?WWOAWT?E_?	46	3fffffffffff
N??CAA_K?WWOAWT?EO?	46	3ffffffffffcc
N??CAA_K?WWOAWT?Ao?	46	3fffffffffff
N??CAA_K?WWOAWT?@o?	46	3ffffffffffd2
N??CAA_K?WWOAWT?@g?	46	3ffffffffffd2
N??CAA_K?WWOAWT?BA?	46	3fffffffffff
N??CAA_K?WWOAWT?@a?	46	3fffffffffff
N??CAA_K?WWOAWT?CQ?	46	1ffffffffb7fe
N??CAA_K?WWOAWL?H_?	46	3fffffffffff
N??CAA_K?WWOAWL?IO?	46	3ffffffffffcc
N??CAA_K?WWOAWL?@o?	46	3fffffffffff
N??CAA_K?WWOAWL?@g?	46	3fffffffffff
N??CAA_K?WWOAWL?AW?	46	1ffffffffb7fe
N??CAA_K?WWOAWL?@W?	46	7ebfffffffb7e
N??CAA_K?WWOAWL??w?	46	3fffffffffff
N??CAA_K?WWOAWL?HA?	46	3fffffffffff
N??CAA_K?WWOAWL?@a?	46	3ffff7dfdf7ff
N??CAA_K?WWOAWL?GQ?	46	1ffffffffb7fe
N??CAA_K?WWOAWL?AI?	46	1ffffffffb7fe
N??CAA_K?WWOAWL?@I?	46	3fffffffffff
N??CAA_K?WWOAWL??i?	46	3fffffffffff
N??CAA_K?WWOAWL??Y?	46	3ffdf7ffff77f
N??CAA_K?WWOAWL?H@?	46	3fffffffffff
N??CAA_K?WWOAWL?G`?	46	3fffffffffff
N??CAA_K?WWOAWL?A`?	46	3ffff7dfdf7ff
N??CAA_K?WWOAWL?@H?	46	3fffffffffff
N??CAA_K?WWOAWL??h?	46	3fffffffffff
N??CAA_K?WWOAWL?GB?	46	3fffffffffff
N??CAA_K?WWOAWL?@B?	46	3fffffff0ffff
N??CAA_K?WWOAWL??b?	46	3fffffff0ffff
N??CAA_K?WWOAWF?M??	46	3fffffffffff
N??CAA_K?WWOAWF?I_?	46	3fffffffffff
N??CAA_K?WWOAWF?E_?	46	3ffffffff87ff
N??CAA_K?WWOAWF?IO?	46	3fffffffffff
N??CAA_K?WWOAWF?EO?	46	3fffffffffff
N??CAA_K?WWOAWF?Go?	46	3ffffffffffd2
N??CAA_K?WWOAWF?Co?	46	3fffffffffff
N??CAA_K?WWOAWF?EG?	46	3fffffffffff
N??CAA_K?WWOAWF?GW?	46	3ffffffffffd2
N??CAA_K?WWOAWF??w?	46	1ffffffffcffe
N??CAA_K?WWOAWF?KA?	46	3fffffffffff
N??CAA_K?WWOAWF?IA?	46	3fffffffffff
N??CAA_K?WWOAWF?Ga?	46	3fffffffffff
N??CAA_K?WWOAWF?Ca?	46	3ffff7dfdf7ff
N??CAA_K?WWOAWF??q?	46	3fffffffffff
N??CAA_K?WWOAWF?CI?	46	3fffffffffff
N??CAA_K?WWOAWF?AI?	46	3fffffffffff
N??CAA_K?WWOAWF?K@?	46	3fffffffffff
N??CAA_K?WWOAWF?E@?	46	3ffff7dfdf7ff
N??CAA_K?WWOAWF?G`?	46	3ffffffffffcc
N??CAA_K?WWOAWF?CH?	46	3fffffffffff
N??CAA_K?WWOAWF?AH?	46	3fffffffffff
N??CAA_K?WWOAWF??h?	46	3fdffffffb7fe
N??CAA_K?WWOAWF??X?	46	1ffffffffb7fe
N??CAA_K?WWOAWF?GB?	46	3fffffffffff
N??CAA_K?WWOAWF?CB?	46	3fffffff0ffff
N??CAA_K?WWOAWF??R?	46	3fffffffffff
N??CAA_K?WWOAWD_M??	46	3ffffffffffcc
N??CAA_K?WWOAWD_J??	46	3fffffffffff
N??CAA_K?WWOAWD_F??	46	3fffffffffff
N??CAA_K?WWOAWD_E_?	46	3fffffffffff
N??CAA_K?WWOAWD_H_?	46	3ffffffffffd2
N??CAA_K?WWOAWD_D_?	46	3fffffffffff
N??CAA_K?WWOAWD_B_?	46	3fffffffffff
N??CAA_K?WWOAWD_EG?	46	1ffffffffb7fe
N??CAA_K?WWOAWD_DG?	46	3fffffffffff
N??CAA_K?WWOAWD_BG?	46	3fffffffffff
N??CAA_K?WWOAWD_Cg?	46	3fffffffffff
N??CAA_K?WWOAWD_Ag?	46	3fffffffffff
N??CAA_K?WWOAWD_@g?	46	1ffffffffcffe
N??CAA_K?WWOAWD_KA?	46	1ffffffffb7fe
N??CAA_K?WWOAWD_IA?	46	1ffffffffb7fe
N??CAA_K?WWOAWD_BA?	46	3fffffffffff
N??CAA_K?WWOAWD_@a?	46	3fffffffffff
N??CAA_K?WWOAWD_CI?	46	3ffdf7ffff77f
N??CAA_K?WWOAWD_AI?	46	3ffdf7ffff77f
N??CAA_K?WWOAWD_E@?	46	3fffffffffff
N??CAA_K?WWOAWD_G`?	46	3ffffffffffcc
N??CAA_K?WWOAWD_@H?	46	1ffffffffb7fe
N??CAA_K?WWOAWD_?h?	46	1ffffffffb7fe
N??CAA_K?WWOAWD_GB?	46	3fffffffffff
N??CAA_K?WWOAWD_@B?	46	3fffffffffff
N??CAA_K?WWOAWDOH_?	46	3ffffffffffd2
N??CAA_K?WWOAWDOEO?	46	1ffffffffb7fe
N??CAA_K?WWOAWDO@o?	46	1ffffffffcffe
N??CAA_K?WWOBCEOM??	46	3fffffffffff
N??CAA_K?WWOBCEOK_?	46	3fffffffffff
N??CAA_K?WWOBCEOEG?	46	3bfffffbf7ffd
N??CAA_K?WWOBCEOGW?	46	7ffffffffffd
N??CAA_K?WWOBCEOCW?	46	3fffffffffff
N??CAA_K?WWOBCEO?w?	46	3fffffffffff
N??CAA_K?WWOBCEOIC?	46	3fffffffffff
N??CAA_K?WWOBCEOGc?	46	3fffffffffff
N??CAA_K?WWOBCEOGS?	46	7ffffffffffd
N??CAA_K?WWOBCEO?k?	46	3fffffffffff
N??CAA_K?WWOBCEOG`?	46	3effffffffb7e
N??CAA_K?WWOBCCQM??	46	3fffffffffff
N??CAA_K?WWOBCCQL??	46	3fffffffffff
N??CAA_K?WWOBCCQH_?	46	3effffffffb7e
N??CAA_K?WWOBCCQEO?	46	3fffffffffff
N??CAA_K?WWOBCCQEG?	46	2ffeffffffefb
N??CAA_K?WWOBCCQDG?	46	2ffeffffffefb
N??CAA_K?WWOBCCQGW?	46	7ffffffffffb
N??CAA_K?WWOBCCQCW?	46	3fffffffffff
N??CAA_K?WWOBCCQIC?	46	3fffffffffff
N??CAA_K?WWOBCCQHC?	46	3fffffffffff
N??CAA_K?WWOBCCQGS?	46	7ffffffffffb
N??CAA_K?WWOCSR?D_?	46	3fffffffe6eff
N??CAA_K?WWOCSR?BG?	46	3effffffffcfe
N??CAA_K?WWOCSR?@g?	46	3fefedefe76634fe
N??CAA_K?WWOCSR?@W?	46	3ffffef7ef7ff
N??CAA_K?WWOCSR?@c?	46	ffffbffbd7e7f
N??CAA_K?WWOCSR?D@?	46	3ffffffffe7f9
N??CAA_K?WWOCSR?AH?	46	3bffbffffff7d
N??CAA_K?WWOCSR??X?	46	3ffffbbfeefff
N??CAA_K?WWOCSR?@D?	46	fffeff7fd7e7f
N??CAA_K?WWOCSF?H_?	46	fffffffffeed2
N??CAA_K?WWOCSF?D_?	46	3ffe7fda37bf077b
N??CAA_K?WWOCSF?HO?	46	7fffffffff7f
N??CAA_K?WWOCSF?DO?	46	3fffffffffff
N??CAA_K?WWOCSF?@o?	46	3fffffffe6eff
N??CAA_K?WWOCSF?DG?	46	3bfffffbf7ffd
N??CAA_K?WWOCSF?HC?	46	7fffffffff7f
N??CAA_K?WWOCSF?GP?	46	7fffffff7fff
N??CAA_K?WWOCSF?CP?	46	3fffffffffff
N??CAA_K?WWOCSF?GH?	46	3bffbffffff7d
N??CAA_K?WWOCSF?CH?	46	2ffeffffffefb
N??CAA_K?WWOCSF?GD?	46	7fffffff7fff
N??CAA_K?WWOASF?K_?	46	3fffffffffff
N??CAA_K?WWOASF?KO?	46	3fffffffffff
N??CAA_K?WWOASF?Go?	46	3fffffffffff
N??CAA_K?WWOASF?Co?	46	3fffffffffff
N??CAA_K?WWOASF?KG?	46	3fffffffffff
N??CAA_K?WWOASF?EG?	46	3bfffffbf7ffd
N??CAA_K?WWOASF?Gg?	46	3effffffffcfe
N??CAA_K?WWOASF??w?	46	3fffffffffff
N??CAA_K?WWOASF?KC?	46	3fffffffffff
N??CAA_K?WWOASF?IC?	46	3fffffffffff
N??CAA_K?WWOASF?Gc?	46	3fffffffffff
N??CAA_K?WWOASF?Cc?	46	3ffff7dfdf7ff
N??CAA_K?WWOASF?GS?	46	3fffffffffff
N??CAA_K?WWOASF?CS?	46	3fffffffffff
N??CAA_K?WWOASF??s?	46	3fffffffffff
N??CAA_K?WWOASF?GK?	46	3fffffffffff
N??CAA_K?WWOASF??k?	46	3fffffffffff
N??CAA_K?WWOASF??[?	46	3fffffffffff
N??CAA_K?WWOASF?K@?	46	3fffffffffff
N??CAA_K?WWOASF?GP?	46	3fffffffffff
N??CAA_K?WWOASF?CP?	46	3fffffffffff
N??CAA_K?WWOASF?CH?	46	2ffeffffffefb
N??CAA_K?WWOASF??X?	46	3fffffffffff
N??CAA_K?WWOASF?GD?	46	3fffffffffff
N??CAA_K?WWOASF??d?	46	3fffffff0ffff
N??CAA_K?WWOASF??T?	46	3fffffffffff
N??CAA_K?WWOASF??L?	46	3fffffffffff
N??CAA_K?WKOe?DOH_?	46	3fffffffffff
N??CAA_K?WKOe?DO@a?	46	3fffffffffff
N??CAA_K?WKOe?DO?i?	46	3fffffffffff
N??CAA_K?WKOe?DO?U?	46	1ffffffffb7fe
N??CAA_K?WKOe?DO?M?	46	1ffffffffb7fe
N??CAA_K?WKOe?DOH@?	46	3fffffffffff
N??CAA_K?WKOe?DOG`?	46	3fffffffffff
N??CAA_K?WKOe?DO@`?	46	3fffffffffff
N??CAA_K?WKOe?DO@H?	46	3fffffffffff
N??CAA_K?WKOe?DO?h?	46	3fffffffffff
N??CAA_K?WKOe?DO@B?	46	3fffffffffff
N??CAA_K?WKOe?DO?b?	46	3fffffffffff
N??CAA_K?WKOe?BOI_?	46	3fffffffffff
N??CAA_K?WKOe?BOIO?	46	3fffffffffff
N??CAA_K?WKOe?BOGo?	46	3fffffffffff
N??CAA_K?WKOe?BOAg?	46	3fffffffffff
N??CAA_K?WKOe?BOGc?	46	3fffffffffff
N??CAA_K?WKOe?BO?s?	46	3fffffffffff
N??CAA_K?WKOe?BOAK?	46	3fffffffffff
N??CAA_K?WKOe?BOIA?	46	3fffffffffff
N??CAA_K?WKOe?BOGa?	46	3fffffffffff
N??CAA_K?WKOe?BOAa?	46	3fffffffffff
N??CAA_K?WKOe?BOGQ?	46	3fffffffffff
N??CAA_K?WKOe?BO?q?	46	3fffffffffff
N??CAA_K?WKOe?BOAI?	46	3fffffffffff
N??CAA_K?WKOe?BO?i?	46	3fffffffffff
N??CAA_K?WKOe?BO?e?	46	3fffffffffff
N??CAA_K?WKOe?BO?M?	46	3fffffffffff
N??CAA_K?WKOe?BOI@?	46	3fffffffffff
N??CAA_K?WKOe?BOGP?	46	3fffffffffff
N??CAA_K?WKOe?BOAH?	46	3fffffffffff
N??CAA_K?WKOe?BO?X?	46	3fffffffffff
N??CAA_K?WKOe?BOGD?	46	3fffffffffff
N??CAA_K?WKOe?BO?L?	46	3fffffffffff
N??CAA_K?WKOe?BOGB?	46	3fffffffffff
N??CAA_K?WKOe?BOAB?	46	3fffffffffff
N??CAA_K?WKOe?BO?R?	46	3fffffffffff
N??CAA_K?WKOe?BO?J?	46	3fffffffffff
N??CAA_K?WKOe?BO?F?	46	3fffffffffff
N??CAA_K?WKOe?@SH_?	46	3fffffffffff
N??CAA_K?WKOe?@SB_?	46	3fffffffffff
N??CAA_K?WKOe?@S@o?	46	3fffffffffff
N??CAA_K?WKOe?@S@c?	46	3fffffffffff
N??CAA_K?WKOe?@SGS?	46	1ffffffffb7fe
N??CAA_K?WKOe?@SAS?	46	1ffffffffb7fe
N??CAA_K?WKOe?@SAK?	46	1ffffffffb7fe
N??CAA_K?WKOe?@SB@?	46	3fffffffffff
N??CAA_K?WKOe?@SG`?	46	3fffffffffff
N??CAA_K?WKOe?@S@H?	46	3fffffffffff
N??CAA_K?WKOe?@QJ??	46	3fffffffffff
N??CAA_K?WKOe?@QI_?	46	3fffffffffff
N??CAA_K?WKOe?@QIO?	46	3fffffffff87f
N??CAA_K?WKOe?@QHO?	46	3fffffffffff
N??CAA_K?WKOe?@QAo?	46	3fffffffffff
N??CAA_K?WKOe?@QIG?	46	3fffffffffff
N??CAA_K?WKOe?@QBG?	46	3fffffffffff
N??CAA_K?WKOe?@Q@c?	46	3fffffffffff
N??CAA_K?WKOe?@Q?s?	46	3fffffffffff
N??CAA_K?WKOe?@QHA?	46	3fffffffffff
N??CAA_K?WKOe?@QGa?	46	3fffffffffff
N??CAA_K?WKOe?@QGQ?	46	1ffffff7efffd
N??CAA_K?WKOe?@QAI?	46	3fffffffffff
N??CAA_K?WKOe?@Q?i?	46	3fffffffffff
N??CAA_K?WKOe?@QGE?	46	37ffffbfefffb
N??CAA_K?WKOe?@Q?M?	46	3fffffffffff
N??CAA_K?WKOb?EOI_?	46	3fffffffffff
N??CAA_K?WKOb?EOIO?	46	3fffffffffff
N??CAA_K?WKOb?EOAg?	46	3fffffffffff
N??CAA_K?WKOb?EOIC?	46	3fffffffffff
N??CAA_K?WKOb?EOGa?	46	3fffffffffff
N??CAA_K?WKOb?EOGQ?	46	7fffffffff7f
N??CAA_K?WKOb?EOI@?	46	3fffffffffff
N??CAA_K?WKOb?EOG`?	46	3fffffffffff
N??CAA_K?WKOb?EOAH?	46	3fffffffffff
N??CAA_K?WKOb?EO?X?	46	3fffffffffff
N??CAA_K?WKOb?EOGB?	46	3fffffffffff
N??CAA_K?WKOb?CoJ??	46	3fffffffffff
N??CAA_K?WKOb?CoH_?	46	3fffffffffff
N??CAA_K?WKOb?CoB_?	46	3fffffffffff
N??CAA_K?WKOb?Co@g?	46	3fffffffffff
N??CAA_K?WKOb?CoBC?	46	3fffffffffff
N??CAA_K?WKOb?Co@c?	46	3fffffffffff
N??CAA_K?WKOb?Co@K?	46	3fffffffffff
N??CAA_K?WKOb?CoHA?	46	3fffffffffff
N??CAA_K?WKOb?CoI@?	46	3fffffffffff
N??CAA_K?WKOb?Co@H?	46	3fffffffffff
N??CAA_K?WKOb?CoAD?	46	3fffffffffff
N??CAA_K?WKOb?CoGB?	46	3fffffffffff
N??CAA_K?WKOb?CQH_?	46	3fffffffffff
N??CAA_K?WKOb?CQIO?	46	3fffffffffff
N??CAA_K?WKOb?CQIC?	46	3fffffffffff
N??CAA_K?WKOb?CQHA?	46	3fffffffffff
N??CAA_K?WKOb?CQGQ?	46	7fffffff7fff
N??CAA_K?WKOcOR?BG?	46	3fffffffffff
N??CAA_K?WKOcOR?@a?	46	3fffffffffff
N??CAA_K?WKOcOR?AH?	46	3fffffffffff
N??CAA_K?WKOcOR?@B?	46	3fffffffffff
N??CAA_K?WKOcOF?H_?	46	3fffffffffff
N??CAA_K?WKOcOF?@g?	46	3fffffffffff
N??CAA_K?WKOcOF?@a?	46	3fffffffffff
N??CAA_K?WKOcOF?@I?	46	3fffffffffff
N??CAA_K?WKOcOF?@E?	46	3fffffffffff
N??CAA_K?WKOcOF?H@?	46	3fffffffffff
N??CAA_K?WKOcOF??J?	46	3fffffffffff
N??CAA_K?WKOcOF??F?	46	3fffffffffff
N??CAA_K?WKOCoF?X??	46	3fffffffffff
N??CAA_K?WKOCoF?H_?	46	3fffffffffff
N??CAA_K?WKOCoF?@g?	46	3fffffffffff
N??CAA_K?WKOCoF?@c?	46	3fffffffffff
N??CAA_K?WKOCoF?PA?	46	3fffffffffff
N??CAA_K?WKOCoF?@a?	46	3fffffffffff
N??CAA_K?WKOCoF?@I?	46	3fffffffffff
N??CAA_K?WKOCoF?@E?	46	3fffffffffff
N??CAA_K?WKOCoF?W@?	46	3fffffffffff
N??CAA_K?WKOCoF?@H?	46	3fffffffffff
N??CAA_K?WKOCgBOP_?	46	2fffff7ff7ffb
N??CAA_K?WKOCgBOPA?	46	7ffbfef7ef7ff
N??CAA_K?WKOCgBO@a?	46	37fffbfffeffb
N??CAA_K?WKOCgBOOH?	46	3fffffffffff
N??CAA_K?WKOQCDOB_?	46	3ffffef7ef7ff
N??CAA_K?WKOQCDOBO?	46	3fffffffffff
N??CAA_K?WKOQCDOAS?	46	1ffffffffb7fe
N??CAA_K?WQOY?DOH_?	46	7fffffffff7f
N??CAA_K?WQOY?DO@g?	46	7ffffffff7ff
N??CAA_K?WQOY?DO@a?	46	3fffffffffff
N??CAA_K?WQOY?DO@I?	46	3fffffffffff
N??CAA_K?WQOY?DOH@?	46	7ffffffeffff
N??CAA_K?WQOY?DO@`?	46	7ffffffeffff
N??CAA_K?WQOY?BOI_?	46	7fffffffff7f
N??CAA_K?WQOY?BOGo?	46	7fffffffff7f
N??CAA_K?WQOY?BOIG?	46	7ffffffff7ff
N??CAA_K?WQOY?BOIC?	46	3fffffffffff
N??CAA_K?WQOY?BOGc?	46	3ffffef7ef7ff
N??CAA_K?WQOY?BOAc?	46	3fffffffffff
N??CAA_K?WQOY?BO?s?	46	3fffffffffff
N??CAA_K?WQOY?BO?[?	46	3fffffffffff
N??CAA_K?WQOY?BOGa?	46	3fffbffbf7f7f
N??CAA_K?WQOY?BOAI?	46	3fffffffffff
N??CAA_K?WQOY?BO?i?	46	1ffffff7efffd
N??CAA_K?WQOY?BOGE?	46	3fffffffffff
N??CAA_K?WQOY?BO?e?	46	3fffffffffff
N??CAA_K?WQOY?BO?M?	46	3fffffffffff
N??CAA_K?WQOY?BOI@?	46	7ffffffeffff
N??CAA_K?WQOY?BOA`?	46	7ffffffeffff
N??CAA_K?WQOY?BOGP?	46	7fffffff7fff
N??CAA_K?WQOY?BOAH?	46	7ffffffdffff
N??CAA_K?WQOY?BOGD?	46	3ffffdefdefff
N??CAA_K?WQOY?BOAD?	46	3fffffffffff
N??CAA_K?WQOY?BOGB?	46	2fffff7ff7ffb
N??CAA_K?WQOY?BO?b?	46	37ffffbfefffb
N??CAA_K?WQOY?BO?F?	46	3fffffffffff
N??CAA_K?WQOY?@SB_?	46	3fffffffffff
N??CAA_K?WQOY?@SBG?	46	3fffffffffff
N??CAA_K?WQOY?@SG`?	46	2fffff7ff7ffb
N??CAA_K?WQOY?@QJ??	46	7ffffffeffff
N??CAA_K?WQOY?@QI_?	46	7ffffffeffff
N??CAA_K?WQOY?@QB_?	46	7ffffffeffff
N??CAA_K?WQOY?@QIO?	46	3fffffffff87f
N??CAA_K?WQOY?@QIG?	46	7ffffffdffff
N??CAA_K?WQOY?@QBG?	46	7ffffffdffff
N??CAA_K?WQOY?@QAg?	46	7ffffffdffff
N??CAA_K?WQOY?@QGS?	46	1ffffff7efffd
N??CAA_K?WQOY?@QHA?	46	2fffff7ff7ffb
N??CAA_K?WQOU?PO@o?	46	3ffff7dfdf7ff
N??CAA_K?WQOU?PO@c?	46	7ffffffffffd
N??CAA_K?WQOU?PO@S?	46	3fff7fefdfeff
N??CAA_K?WQOU?PO@K?	46	7fffffffff7f
N??CAA_K?WQOU?PO@a?	46	3ffffffffffd2
N??CAA_K?WQOU?PO@Q?	46	3fff7fefdfeff
N??CAA_K?WQOU?BOGc?	46	7ffffffffffd
N??CAA_K?WQOU?BO?s?	46	3fffffffffff
N??CAA_K?WQOU?BO?[?	46	3fffffffffff
N??CAA_K?WQOU?BOKA?	46	3fffffffffff
N??CAA_K?WQOU?BOCa?	46	3fffffffffff
N??CAA_K?WQOU?BO?q?	46	3fffffffffff
N??CAA_K?WQOU?BO?Y?	46	3fffffffffff
N??CAA_K?WQOU?BOGE?	46	3fffffffffff
N??CAA_K?WQOU?BO?e?	46	3fffffffffff
N??CAA_K?WQOU?BOGP?	46	3fffffff0ffff
N??CAA_K?WQOU?BOGD?	46	7ffffffffeff
N??CAA_K?WQOU?BOCD?	46	3fffffffffff
N??CAA_K?WQOU?BOGB?	46	3effffffffb7e
N??CAA_K?WQOU?BOCB?	46	3fffffffffff
N??CAA_K?WQOU?BO?F?	46	3fffffffffff
N??CAA_K?WQOU?@oH_?	46	3ffff7dfdf7ff
N??CAA_K?WQOU?@o@g?	46	3ffdffdfdff7f
N??CAA_K?WQOU?@oKC?	46	3ffffffffffcc
N??CAA_K?WQOU?@oGc?	46	3fffffffffff
N??CAA_K?WQOU?@oCc?	46	3fffffffffff
N??CAA_K?WQOU?@o@c?	46	3fffffffffff
N??CAA_K?WQOU?@oCK?	46	1ffffffffb7fe
N??CAA_K?WQOU?@o@K?	46	3fffffffffff
N??CAA_K?WQOU?@oKA?	46	3ffffffffffcc
N??CAA_K?WQOU?@oDA?	46	3fffffffffff
N??CAA_K?WQOU?@oGa?	46	3fffffffffff
N??CAA_K?WQOU?@oCa?	46	3fffffffffff
N??CAA_K?WQOU?@o@a?	46	3fffffffffff
N??CAA_K?WQOU?@oCI?	46	1ffffffffb7fe
N??CAA_K?WQOU?@o@I?	46	3fffffffffff
N??CAA_K?WQOU?@oGE?	46	1ffffffffb7fe
N??CAA_K?WQOU?@o@E?	46	3fffffffffff
N??CAA_K?WQOU?@o?e?	46	3fffffffffff
N??CAA_K?WQOU?@o?M?	46	3ffdf7ffff77f
N??CAA_K?WQOU?@oH@?	46	3fffffff0ffff
N??CAA_K?WQOU?@oG`?	46	3fffffff0ffff
N??CAA_K?WQOU?@o@H?	46	3ffffffe97fff
N??CAA_K?WQOU?@o?h?	46	3ffffffe97fff
N??CAA_K?WQOU?@oGD?	46	3fffffffffff
N??CAA_K?WQOU?@o?L?	46	3fffffffffff
N??CAA_K?WQOU?@oGB?	46	3fffffffffff
N??CAA_K?WQOU?@o?J?	46	3fffffffffff
N??CAA_K?WQOU?@o?F?	46	3fffffffffff
N??CAA_K?WQOU?@WH_?	46	7ffffffffffd
N??CAA_K?WQOU?@WD_?	46	3fffffffffff
N??CAA_K?WQOU?@WKO?	46	3ffffffffffcc
N??CAA_K?WQOU?@WGo?	46	3fffffffffff
N??CAA_K?WQOU?@WCo?	46	3fffffffffff
N??CAA_K?WQOU?@W@o?	46	3fffffffffff
N??CAA_K?WQOU?@WCg?	46	3fffffffffff
N??CAA_K?WQOU?@WCW?	46	1ffffffffb7fe
N??CAA_K?WQOU?@WK@?	46	3fffffffffff
N??CAA_K?WQOU?@WH@?	46	7ffffffffeff
N??CAA_K?WQOU?@WD@?	46	3fffffffffff
N??CAA_K?WQOU?@WG`?	46	7ffffffffeff
N??CAA_K?WQOU?@WC`?	46	3fffffffffff
N??CAA_K?WQOU?@WGP?	46	3fffffffffff
N??CAA_K?WQOU?@SL??	46	3fffffffffff
N??CAA_K?WQOU?@SK_?	46	3fffffffffff
N??CAA_K?WQOU?@SH_?	46	3ffffffffffd2
N??CAA_K?WQOU?@SD_?	46	3fffffffffff
N??CAA_K?WQOU?@SKO?	46	3ffffffffffcc
N??CAA_K?WQOU?@SDO?	46	3fffffffffff
N??CAA_K?WQOU?@SGo?	46	3fffffffffff
N??CAA_K?WQOU?@SCo?	46	3fffffffffff
N??CAA_K?WQOU?@S@o?	46	3fffffffffff
N??CAA_K?WQOU?@SHG?	46	3effffffffcfe
N??CAA_K?WQOU?@SDG?	46	3fffffffffff
N??CAA_K?WQOU?@SCg?	46	3fffffffffff
N??CAA_K?WQOU?@S@g?	46	1ffffffffcffe
N??CAA_K?WQOU?@SCW?	46	1ffffffffb7fe
N??CAA_K?WQOU?@SHC?	46	3fffffffffff
N??CAA_K?WQOU?@S@c?	46	3fffffffffff
N??CAA_K?WQOU?@SGS?	46	1ffffffffb7fe
N??CAA_K?WQOU?@S?k?	46	3fffffffffff
N??CAA_K?WQOU?@S?[?	46	3ffdf7ffff77f
N??CAA_K?WQOU?@SK@?	46	3fffffffffff
N??CAA_K?WQOU?@SH@?	46	3effffffffb7e
N??CAA_K?WQOU?@SD@?	46	3fffffffffff
N??CAA_K?WQOU?@SC`?	46	3fffffffffff
N??CAA_K?WQOU?@SCH?	46	3fffffffffff
N??CAA_K?WQOU?@S?h?	46	1ffffeffff7fd
N??CAA_K?WQOU?@S?X?	46	3fffffffffff
N??CAA_K?WQOU?@S@D?	46	3fffffffffff
N??CAA_K?WQOU?@S?d?	46	3fffffffffff
N??CAA_K?WQOU?@QD_?	46	7ffffffeffff
N??CAA_K?WQOU?@QKC?	46	3fffbffbf7f7f
N??CAA_K?WQOU?@QHC?	46	7ffffffffeff
N??CAA_K?WQOU?@QGS?	46	1ffffff7efffd
N??CAA_K?WQOU?@Q?[?	46	7fffffffff7f
N??CAA_K?WQOU?@QGQ?	46	1ffffff7efffd
N??CAA_K?WQOU?@QCI?	46	7ffffffffffe
N??CAA_K?WQOU?@Q?Y?	46	7fffffffff7f
N??CAA_K?WQOU?@QGE?	46	37ffffbfefffb
N??CAA_K?WQOU?@Q@E?	46	3effffffffb7e
N??CAA_K?WQOU?@Q?e?	46	7ffffffffeff
N??CAA_K?WQOU?@Q?M?	46	7fffffffff7f
N??CAA_K?WQOJ?SOH_?	46	3fffffffcff7d
N??CAA_K?WQOJ?QOI_?	46	7fffffffff7f
N??CAA_K?WQOJ?QOIO?	46	7ffffffff7ff
N??CAA_K?WQOJ?QOIG?	46	7ffffffff7ff
N??CAA_K?WQOJ?QOIC?	46	3fffffffffff
N??CAA_K?WQOJ?QOGS?	46	3fffffffffff
N??CAA_K?WQOJ?QOIA?	46	3fffffffffff
N??CAA_K?WQOJ?QOGQ?	46	3fffffffffff
N??CAA_K?WQOJ?QOGI?	46	3bfffffbf7ffd
N??CAA_K?WQOJ?QOGE?	46	3fffffffffff
N??CAA_K?WQOJ?QOI@?	46	7ffffffeffff
N??CAA_K?WQOJ?OoJ??	46	7ffffffff7ff
N??CAA_K?WQOJ?OoH_?	46	3fffffffdef7e
N??CAA_K?WQOJ?OoHG?	46	7fffffffff7f
N??CAA_K?WQOJ?OoHC?	46	3fffffffffff
N??CAA_K?WQOJ?OoI@?	46	7ffffffdffff
N??CAA_K?WQOJ?OoGH?	46	7fffffff7fff
N??CAA_K?WQOJ?OWH_?	46	7fdffef7ef7ff
N??CAA_K?WQOJ?OWHO?	46	3fffffffffff
N??CAA_K?WQOJ?OWHG?	46	3ffff7dfdf7ff
N??CAA_K?WQOJ?OWHA?	46	3fffffffffff
N??CAA_K?WQOJ?OWGB?	46	3fffffffffff
N??CAA_K?WQOJ?OSH@?	46	6fffef7ff7ffb
N??CAA_K?WQOJ?OQJ??	46	7ffffffeffff
N??CAA_K?WQOJ?OQIO?	46	fffffffdfffe
N??CAA_K?WQOJ?OQIG?	46	7ffffffdffff
N??CAA_K?WQOJ?OQIC?	46	7ffffffffffd
N??CAA_K?WQOJ?OQGS?	46	7ffffffff7ff
N??CAA_K?WQOJ?OQIA?	46	7ffffffffffd
N??CAA_K?WQOJ?OQGQ?	46	7ffffffff7ff
N??CAA_K?WQOJ?OQGI?	46	2ffeffffffefb
N??CAA_K?WQOJ?OQGE?	46	7fffffffefff
N??CAA_K?WQOF?WOH_?	46	3fffffffe777f
N??CAA_K?WQOF?WOH@?	46	3fffffffcfefb
N??CAA_K?WQOF?QOKC?	46	7ffffffff7ff
N??CAA_K?WQOF?QOGS?	46	3fffffffffff
N??CAA_K?WQOF?QOKA?	46	3fffffffffff
N??CAA_K?WQOF?QOGQ?	46	3fffffffffff
N??CAA_K?WQOF?QOGE?	46	3fffffffffff
N??CAA_K?WQOF?OWH_?	46	3fffffffeeffc
N??CAA_K?WQOF?OWHO?	46	3fffffffffff
N??CAA_K?WQOF?OWHG?	46	7fffffffff7f
N??CAA_K?WQOF?OWHA?	46	7fffffffff7f
N??CAA_K?WQOF?OWH@?	46	3ffffffffe67f
N??CAA_K?WQOF?OWGP?	46	3fffffffffff
N??CAA_K?WQOF?OWGB?	46	7fffffff7fff
N??CAA_K?WQOF?OSL??	46	3fffffffffff
N??CAA_K?WQOF?OSH_?	46	3ffffffffffd2
N??CAA_K?WQOF?OSHO?	46	3fffffffffff
N??CAA_K?WQOF?OSHG?	46	3effffffffcfe
N??CAA_K?WQOF?OSHC?	46	3fffffffffff
N??CAA_K?WQOF?OSK@?	46	3fffffffffff
N??CAA_K?WQOF?OSGP?	46	3fffffffffff
N??CAA_K?WQOF?OSGH?	46	3bffbffffff7d
N??CAA_K?WQOF?OSGD?	46	3fffffffffff
N??CAA_K?WQOF?OQKC?	46	fffffffdfffd
N??CAA_K?WQOF?OQGS?	46	7ffffffff7ff
N??CAA_K?WQOF?OQGK?	46	7fffffff7fff
N??CAA_K?WQOF?OQKA?	46	7ffffffffffd
N??CAA_K?WQOF?OQGQ?	46	7ffffffff7ff
N??CAA_K?WQOF?OQGE?	46	7fffffffefff
N??CAA_K?WQOQ_POD_?	46	7fffffffff7f
N??CAA_K?WQOQ_POB_?	46	3ffff7dfdf7ff
N??CAA_K?WQOQ_PODC?	46	3fff7fefdfeff
N??CAA_K?WQOQ_POBC?	46	3fff7fefdfeff
N??CAA_K?WQOQ_POCc?	46	7fffffffefff
N??CAA_K?WQOQ_POAc?	46	7fffffffefff
N??CAA_K?WQOQ_POCa?	46	7fffffffefff
N??CAA_K?WQOQ_POB@?	46	3fffffff0ffff
N??CAA_K?WQOQ_HOH_?	46	7fffffffff7f
N??CAA_K?WQOQ_HOB_?	46	3fffffffffff
N??CAA_K?WQOQ_HO@g?	46	7ffffffff7ff
N??CAA_K?WQOQ_HOIC?	46	3ffffffffffcc
N??CAA_K?WQOQ_HOBC?	46	3fffffffffff
N??CAA_K?WQOQ_HOGc?	46	3fffffffffff
N??CAA_K?WQOQ_HO@c?	46	3fffffffffff
N??CAA_K?WQOQ_HOAK?	46	1ffffffffb7fe
N??CAA_K?WQOQ_HO@a?	46	3fffffffffff
N??CAA_K?WQOQ_HOGE?	46	1ffffffffb7fe
N??CAA_K?WQOQ_HO?e?	46	3fffffffffff
N??CAA_K?WQOQ_HO?M?	46	3ffdf7ffff77f
N??CAA_K?WQOQ_HOI@?	46	3fffffffffff
N??CAA_K?WQOQ_HOH@?	46	7fffffff7fff
N??CAA_K?WQOQ_HOAH?	46	3fffffffffff
N??CAA_K?WQOQ_HO?h?	46	7ffffffeffff
N??CAA_K?WQOQ_HO?L?	46	3fffffffffff
N??CAA_K?WQOQ_BOI_?	46	3ffff7dfdf7ff
N??CAA_K?WQOQ_BOCc?	46	3fffffffffff
N??CAA_K?WQOQ_BOAc?	46	3fffffffffff
N??CAA_K?WQOQ_BOCK?	46	3fffffffffff
N??CAA_K?WQOQ_BOAK?	46	3fffffffffff
N??CAA_K?WQOQ_BOKA?	46	3fffffffffff
N??CAA_K?WQOQ_BOCa?	46	3fffffffffff
N??CAA_K?WQOQ_BOCI?	46	3fffffffffff
N??CAA_K?WQOQ_BOK@?	46	7fffffff7fff
N??CAA_K?WQOQ_BOI@?	46	3fffffff0ffff
N??CAA_K?WQOQ_BOCB?	46	3fffffffffff
N??CAA_K?WQOQ_@QJ??	46	3fffffff0ffff
N??CAA_K?WQOQ_@QEG?	46	7ffffffffffe
N??CAA_K?WQOQ_@QKC?	46	1ffffff7efffd
N??CAA_K?WQOQ_@QIC?	46	1ffffff7efffd
N??CAA_K?WQOQ_@QBC?	46	3effffffffcfe
N??CAA_K?WQOQ_@QAc?	46	7fffffffff7f
N??CAA_K?WQOQ_@QCK?	46	7fffffffff7f
N??CAA_K?WQOQ_@QAK?	46	7fffffffff7f
N??CAA_K?WQOQ_@QKA?	46	1ffffff7efffd
N??CAA_K?WQOQ_@QDA?	46	3effffffffcfe
N??CAA_K?WQOQ_@QCa?	46	7fffffffff7f
N??CAA_K?WQOQ_@QCI?	46	7fffffffff7f
N??CAA_K?WQOB_WOJ??	46	7ffffffff7ff
N??CAA_K?WQOB_WOH_?	46	3ffffffffe67f
N??CAA_K?WQOB_WOHG?	46	7fffffffff7f
N??CAA_K?WQOB_WOHC?	46	3fffffffffff
N??CAA_K?WQOB_WOHA?	46	7fffffffff7f
N??CAA_K?WQOB_WOI@?	46	7ffffffdffff
N??CAA_K?WQOB_WOGH?	46	7fffffff7fff
N??CAA_K?WQOB_WOGD?	46	3fffffffffff
N??CAA_K?WQOB_WOGB?	46	7fffffff7fff
N??CAA_K?WQOB_QOM??	46	3fffffffffff
N??CAA_K?WQOB_QOKC?	46	3fffffffffff
N??CAA_K?WQOB_QOIC?	46	3fffffffffff
N??CAA_K?WQOB_QOKA?	46	7fffffffff7f
N??CAA_K?WQOB_OQM??	46	7ffffffffffe
N??CAA_K?WQOB_OQKC?	46	7ffffffff7ff
N??CAA_K?WQOB_OQIC?	46	7ffffffff7ff
N??CAA_K?WQOB_OQKA?	46	ffffffff77ff
N??CAA_K?WQOWOR?BG?	46	7ffffffff7ff
N??CAA_K?WQOWOR?@a?	46	7fffaffbf7f7f
N??CAA_K?WQOWOR?@I?	46	3bfffffbf7ffd
N??CAA_K?WQOWOR?AH?	46	7ffffffdffff
N??CAA_K?WQOWOR??T?	46	7ffffffff7ff
N??CAA_K?WQOWOR?@B?	46	2fffff7ff7ffb
N??CAA_K?WQOWOR??J?	46	2ffeffffffefb
N??CAA_K?WQOSOR?@S?	46	3fffffffffff
N??CAA_K?WQOSOR?@K?	46	7fffffffff7f
N??CAA_K?WQOSOR?@I?	46	3effffffffcfe
N??CAA_K?WQOSOR??L?	46	7fffffff7fff
N??CAA_K?WQOSOB_H_?	46	3ffff7dfdf7ff
N??CAA_K?WQOSOB_HC?	46	3fffffffffff
N??CAA_K?WQOSOB_HA?	46	3fffffffffff
N??CAA_K?WQOSOB_H@?	46	3fffffff0ffff
N??CAA_K?WQOSOB_GD?	46	3fffffffffff
N??CAA_K?WQOSOB_GB?	46	3fffffffffff
N??CAA_K?WQOOoF?H_?	46	3ffff7dfdf7ff
N??CAA_K?WQOOoF?HC?	46	3fffffffffff
N??CAA_K?WQOOoF?HA?	46	3fffffffffff
N??CAA_K?WQOOoF?H@?	46	3fffffff0ffff
N??CAA_K?WQOOoF?GD?	46	3fffffffffff
N??CAA_K?WQOOoF?GB?	46	3fffffffffff
N??CAA_K?WEOq?DOH_?	46	7fffffffff7f
N??CAA_K?WEOq?DOGo?	46	3fffffffffff
N??CAA_K?WEOq?DO@o?	46	3fffffffffff
N??CAA_K?WEOq?DO@g?	46	7ffffffff7ff
N??CAA_K?WEOq?DO@W?	46	3fffffffffff
N??CAA_K?WEOq?DO@a?	46	3fffffffffff
N??CAA_K?WEOq?DOH@?	46	7ffffffeffff
N??CAA_K?WEOq?DO@`?	46	7ffffffeffff
N??CAA_K?WEOq?DO@P?	46	3fffffffffff
N??CAA_K?WEOq?DO?p?	46	3fffffffffff
N??CAA_K?WEOq?DOGB?	46	3fffffffffff
N??CAA_K?WEOq?BOI_?	46	7fffffffff7f
N??CAA_K?WEOq?BOIO?	46	3fffffffffff
N??CAA_K?WEOq?BOAo?	46	3fffffffffff
N??CAA_K?WEOq?BOIG?	46	7ffffffff7ff
N??CAA_K?WEOq?BOAW?	46	3fffffffffff
N??CAA_K?WEOq?BOIC?	46	3fffffffffff
N??CAA_K?WEOq?BOAc?	46	3fffffffffff
N??CAA_K?WEOq?BO?s?	46	3fffffffffff
N??CAA_K?WEOq?BO?[?	46	3fffffffffff
N??CAA_K?WEOq?BOI@?	46	7ffffffeffff
N??CAA_K?WEOq?BOA`?	46	7ffffffeffff
N??CAA_K?WEOq?BOGP?	46	3fffffffffff
N??CAA_K?WEOq?BOAP?	46	3fffffffffff
N??CAA_K?WEOq?BOAH?	46	7ffffffdffff
N??CAA_K?WEOq?BOAD?	46	3fffffffffff
N??CAA_K?WEOq?@QJ??	46	7ffffffeffff
N??CAA_K?WEOq?@QI_?	46	7ffffffeffff
N??CAA_K?WEOq?@QB_?	46	7ffffffeffff
N??CAA_K?WEOq?@QIO?	46	3fffffffff87f
N??CAA_K?WEOq?@QBO?	46	3ffffffffffe1
N??CAA_K?WEOq?@Q@o?	46	3fffffffffff
N??CAA_K?WEOq?@QIG?	46	7ffffffdffff
N??CAA_K?WEOq?@QBG?	46	7ffffffdffff
N??CAA_K?WEOq?@QAg?	46	7ffffffdffff
N??CAA_K?WEOq?@QAW?	46	7ffffffffffe
N??CAA_K?WEOq?@QGS?	46	1ffffff7efffd
N??CAA_K?WEOq?@QAK?	46	7ffffffffffe
N??CAA_K?WEOq?@Q?[?	46	7fffffffff7f
N??CAA_K?WEOq?@QIA?	46	3fffbffbf7f7f
N??CAA_K?WEOU?PO@W?	46	3fffffffffff
N??CAA_K?WEOU?PO@a?	46	3ffffef7ef7ff
N??CAA_K?WEOU?BOWO?	46	3fffffffffff
N??CAA_K?WEOU?BOOo?	46	3fffffffffff
N??CAA_K?WEOU?BOOW?	46	3fffffffffff
N??CAA_K?WEOU?BOGa?	46	3ffffef7ef7ff
N??CAA_K?WEOU?BO?q?	46	3fffffffffff
N??CAA_K?WEOU?BO?Y?	46	3fffffffffff
N??CAA_K?WEOU?BO?e?	46	3fffffffffff
N??CAA_K?WEOU?BO?M?	46	3fffffffffff
N??CAA_K?WEOU?BOOP?	46	3fffffffffff
N??CAA_K?WEOU?BOGD?	46	3fffffffffff
N??CAA_K?WEOU?BOGB?	46	3ffffdefdefff
N??CAA_K?WEOU?@oP_?	46	3fffffffffff
N??CAA_K?WEOU?@oH_?	46	3fffffffffff
N??CAA_K?WEOU?@oPG?	46	3fffffffffff
N??CAA_K?WEOU?@oHG?	46	3fffffffffff
N??CAA_K?WEOU?@oOg?	46	3fffffffffff
N??CAA_K?WEOU?@o@g?	46	3fffffffffff
N??CAA_K?WEOU?@oWA?	46	3ffffffffffcc
N??CAA_K?WEOU?@oPA?	46	3fffffffffff
N??CAA_K?WEOU?@oOa?	46	3fffffffffff
N??CAA_K?WEOU?@oGa?	46	3fffffffffff
N??CAA_K?WEOU?@o@a?	46	3fffffffffff
N??CAA_K?WEOU?@oOI?	46	1ffffffffb7fe
N??CAA_K?WEOU?@oGE?	46	1ffffffffb7fe
N??CAA_K?WEOU?@o@E?	46	3fffffffffff
N??CAA_K?WEOU?@o?M?	46	3ffdf7ffff77f
N??CAA_K?WEOU?@oW@?	46	3fffffffffff
N??CAA_K?WEOU?@oP@?	46	3fffffffffff
N??CAA_K?WEOU?@oH@?	46	3fffffffffff
N??CAA_K?WEOU?@oO`?	46	3fffffffffff
N??CAA_K?WEOU?@o@`?	46	3fffffffffff
N??CAA_K?WEOU?@o@H?	46	3fffffffffff
N??CAA_K?WEOU?@o?h?	46	3fffffffffff
N??CAA_K?WEOU?@o?J?	46	3fffffffffff
N??CAA_K?WEOU?@SP_?	46	3fffffffffff
N??CAA_K?WEOU?@SH_?	46	3ffffef7ef7ff
N??CAA_K?WEOU?@SWO?	46	3ffffffffffcc
N??CAA_K?WEOU?@SPO?	46	3fffffffffff
N??CAA_K?WEOU?@SOo?	46	3fffffffffff
N??CAA_K?WEOU?@SGo?	46	3fffffffffff
N??CAA_K?WEOU?@S@o?	46	3fffffffffff
N??CAA_K?WEOU?@SOW?	46	1ffffffffb7fe
N??CAA_K?WEOU?@S@W?	46	3fffffffffff
N??CAA_K?WEOU?@SGS?	46	1ffffffffb7fe
N??CAA_K?WEOU?@S@S?	46	3fffffffffff
N??CAA_K?WEOU?@SH@?	46	3ffffdefdefff
N??CAA_K?WEOU?@SG`?	46	3ffffdefdefff
N??CAA_K?WEOU?@SGP?	46	3fffffffffff
N??CAA_K?WEOU?@S?X?	46	3fffffffffff
N??CAA_K?WEOU?@S?T?	46	3fffffffffff
N??CAA_K?WEOU?@QP_?	46	7ffffffeffff
N??CAA_K?WEOU?@QWO?	46	3fffffffff87f
N??CAA_K?WEOU?@Q@o?	46	3fffffffffff
N??CAA_K?WEOU?@QOW?	46	7ffffffffffe
N??CAA_K?WEOU?@QWC?	46	3fffbffbf7f7f
N??CAA_K?WEOU?@Q@c?	46	3fffffffffff
N??CAA_K?WEOU?@Q?[?	46	7ffffffff7ff
N??CAA_K?WEOU?@QGQ?	46	1ffffff7efffd
N??CAA_K?WEOU?@Q?Y?	46	7ffffffff7ff
N??CAA_K?WEOU?@QGE?	46	37ffffbfefffb
N??CAA_K?WEOU?@Q?M?	46	7ffffffff7ff
N??CAA_K?WEOb?SOH_?	46	fffffffffe7f
N??CAA_K?WEOb?QOI_?	46	7fffffffff7f
N??CAA_K?WEOb?QOIO?	46	3fffffffffff
N??CAA_K?WEOb?QOIG?	46	7ffffffff7ff
N??CAA_K?WEOb?QOIC?	46	3fffffffffff
N??CAA_K?WEOb?QOGS?	46	3fffffffffff
N??CAA_K?WEOb?QOI@?	46	7ffffffeffff
N??CAA_K?WEOb?OoH_?	46	3fffffffffff
N??CAA_K?WEOb?OoHC?	46	3fffffffffff
N??CAA_K?WEOb?OoH@?	46	3fffffffffff
N??CAA_K?WEOb?OQJ??	46	7ffffffeffff
N??CAA_K?WEOb?OQIO?	46	7ffffffffffe
N??CAA_K?WEOb?OQIG?	46	7ffffffdffff
N??CAA_K?WEOb?OQIC?	46	7ffffffffffd
N??CAA_K?WEOb?OQGS?	46	7ffffffff7ff
N??CAA_K?WEOF?oOH_?	46	ffffffffff7e
N??CAA_K?WEOF?oOH@?	46	fffffffef7ff
N??CAA_K?WEOF?QOWO?	46	3fffffffffff
N??CAA_K?WEOF?QOWC?	46	3fffffffffff
N??CAA_K?WEOF?QOGS?	46	3fffffffffff
N??CAA_K?WEOF?QOGQ?	46	3fffffffffff
N??CAA_K?WEOF?QOGE?	46	3fffffffffff
N??CAA_K?WEOF?OoH_?	46	3fffffffffff
N??CAA_K?WEOF?OoHA?	46	3fffffffffff
N??CAA_K?WEOF?OoH@?	46	3fffffffffff
N??CAA_K?WEOF?OoGB?	46	3fffffffffff
N??CAA_K?WEOF?OWH_?	46	3fffffffffff
N??CAA_K?WEOF?OWHA?	46	3fffffffffff
N??CAA_K?WEOF?OWGB?	46	3fffffffffff
N??CAA_K?WEOF?OQWO?	46	7ffffffffffe
N??CAA_K?WEOF?OQWC?	46	7ffffffffffd
N??CAA_K?WEOF?OQGS?	46	7ffffffff7ff
N??CAA_K?WEOF?OQGQ?	46	7ffffffff7ff
N??CAA_K?WEOF?OQGE?	46	7fffffffefff
N??CAA_K?WEOoOR?BG?	46	7ffffffff7ff
N??CAA_K?WEOoOR?@W?	46	3fffffffffff
N??CAA_K?WEOoOR?AH?	46	7ffffffdffff
N??CAA_K?WEOSOR?@W?	46	3fffffffffff
N??CAA_K?WEOSOBCH_?	46	3ffffef7ef7ff
N??CAA_K?WEOSOBCHO?	46	3fffffffffff
N??CAA_K?WEOSOBCHC?	46	3fffffffffff
N??CAA_K?WEOSOBCH@?	46	3ffffdefdefff
N??CAA_K?WEOSOBCGP?	46	3fffffffffff
N??CAA_K?WEOSOBCGD?	46	3fffffffffff
N??CAA_K?WEOOgBOP_?	46	2fffff7ff7ffb
N??CAA_K?WEOECPOWO?	46	2ffdeff7fe70fccc
N??CAA_K?WEOECPOGo?	46	3fdffffffb7fe
N??CAA_K?WEOECPOGS?	46	3fefedefe76634fe
N??CAA_K?WDOs?DOH_?	46	3fffffffffff
N??CAA_K?WDOs?DO@o?	46	3fffffffffff
N??CAA_K?WDOs?DO@g?	46	3fffffffffff
N??CAA_K?WDOs?DO@c?	46	3fffffffffff
N??CAA_K?WDOs?DO@a?	46	3fffffffffff
N??CAA_K?WDOs?DO?U?	46	1ffffffffb7fe
N??CAA_K?WDOs?DO?M?	46	1ffffffffb7fe
N??CAA_K?WDOs?DOH@?	46	3fffffffffff
N??CAA_K?WDOs?DO@H?	46	3fffffffffff
N??CAA_K?WDOs?@SH_?	46	3fffffffffff
N??CAA_K?WDOs?@SB_?	46	3fffffffffff
N??CAA_K?WDOs?@SGo?	46	3fffffffffff
N??CAA_K?WDOs?@S@o?	46	3fffffffffff
N??CAA_K?WDOs?@SIG?	46	3ffffffffffcc
N??CAA_K?WDOs?@SGc?	46	3fffffffffff
N??CAA_K?WDOs?@S@c?	46	3fffffffffff
N??CAA_K?WDOs?@SAK?	46	1ffffffffb7fe
N??CAA_K?WDOs?@S?[?	46	3ffdf7ffff77f
N??CAA_K?WDOs?@SH@?	46	3fffffffffff
N??CAA_K?WDOs?@S@H?	46	3fffffffffff
N??CAA_K?WDOs?@S?L?	46	3fffffffffff
N??CAA_K?WDOU?`OIO?	46	3fffffffffff
N??CAA_K?WDOU?`OGo?	46	3fffffffffff
N??CAA_K?WDOU?`OAo?	46	3fffffffffff
N??CAA_K?WDOU?`OIG?	46	3fffffffffff
N??CAA_K?WDOU?`OGg?	46	3fffffffffff
N??CAA_K?WDOU?`OAg?	46	3fffffffffff
N??CAA_K?WDOU?`OGW?	46	3fffffffffff
N??CAA_K?WDOU?`OAW?	46	3fffffffffff
N??CAA_K?WDOU?`OGc?	46	3fffffffffff
N??CAA_K?WDOU?`OAS?	46	3fffffffffff
N??CAA_K?WDOU?`O?s?	46	3fffffffffff
N??CAA_K?WDOU?`OAK?	46	3fffffffffff
N??CAA_K?WDOU?`OGa?	46	3fffffffffff
N??CAA_K?WDOU?`OAa?	46	3fffffffffff
N??CAA_K?WDOU?`OGQ?	46	3fffffffffff
N??CAA_K?WDOU?`O?i?	46	3fffffffffff
N??CAA_K?WDOU?`O?Y?	46	3fffffffffff
N??CAA_K?WDOU?`O?e?	46	3fffffffffff
N??CAA_K?WDOU?`O?M?	46	3fffffffffff
N??CAA_K?WDOU?`OI@?	46	3fffffffffff
N??CAA_K?WDOU?`OG`?	46	3fffffffffff
N??CAA_K?WDOU?`OA`?	46	3fffffffffff
N??CAA_K?WDOU?`OGP?	46	3fffffffffff
N??CAA_K?WDOU?`OAP?	46	3fffffffffff
N??CAA_K?WDOU?`OAH?	46	3fffffffffff
N??CAA_K?WDOU?`O?h?	46	3fffffffffff
N??CAA_K?WDOU?`O?X?	46	3fffffffffff
N??CAA_K?WDOU?`OGD?	46	3fffffffffff
N??CAA_K?WDOU?`OGB?	46	3fffffffffff
N??CAA_K?WDOU?`O?b?	46	3fffffffffff
N??CAA_K?WDOU?`O?R?	46	3fffffffffff
N??CAA_K?WDOU?`O?J?	46	3fffffffffff
N??CAA_K?WDOU?`O?F?	46	3fffffffffff
N??CAA_K?WDOU?DOWO?	46	3fffffffffff
N??CAA_K?WDOU?DOOo?	46	3fffffffffff
N??CAA_K?WDOU?DOOW?	46	3fffffffffff
N??CAA_K?WDOU?DOGS?	46	3fffffffffff
N??CAA_K?WDOU?DO?s?	46	3fffffffffff
N??CAA_K?WDOU?DO?[?	46	3fffffffffff
N??CAA_K?WDOU?DOOa?	46	3fffffffffff
N??CAA_K?WDOU?DOGa?	46	3ffffef7ef7ff
N??CAA_K?WDOU?DO?Y?	46	3fffffffffff
N??CAA_K?WDOU?DO?e?	46	3fffffffffff
N??CAA_K?WDOU?DO?U?	46	3fffffffffff
N??CAA_K?WDOU?DO?M?	46	3fffffffffff
N??CAA_K?WDOU?DOOP?	46	3fffffffffff
N??CAA_K?WDOU?DOGH?	46	3ffff7dfdf7ff
N??CAA_K?WDOU?DOGD?	46	3fffffffffff
N??CAA_K?WDOU?DO?T?	46	3fffffffffff
N??CAA_K?WDOU?DOGB?	46	3ffffdefdefff
N??CAA_K?WDOU?DO?J?	46	3fffffff0ffff
N??CAA_K?WDOU?@oY??	46	3fffffffffff
N??CAA_K?WDOU?@oW_?	46	3fffffffffff
N??CAA_K?WDOU?@oQ_?	46	3fffffffffff
N??CAA_K?WDOU?@oQG?	46	3fffffffffff
N??CAA_K?WDOU?@oOg?	46	3fffffffffff
N??CAA_K?WDOU?@oGg?	46	3fffffffffff
N??CAA_K?WDOU?@oAg?	46	3fffffffffff
N??CAA_K?WDOU?@oQC?	46	3fffffffffff
N??CAA_K?WDOU?@oIC?	46	3fffffffffff
N??CAA_K?WDOU?@oOc?	46	3fffffffffff
N??CAA_K?WDOU?@oGc?	46	3fffffffffff
N??CAA_K?WDOU?@oAc?	46	3fffffffffff
N??CAA_K?WDOU?@oAK?	46	3fffffffffff
N??CAA_K?WDOU?@oWA?	46	3fffffffffff
N??CAA_K?WDOU?@oOa?	46	3fffffffffff
N??CAA_K?WDOU?@oGa?	46	3fffffffffff
N??CAA_K?WDOU?@oOI?	46	3fffffffffff
N??CAA_K?WDOU?@o?i?	46	3fffffffffff
N??CAA_K?WDOU?@oGE?	46	3fffffffffff
N??CAA_K?WDOU?@o?e?	46	3fffffffffff
N??CAA_K?WDOU?@o?M?	46	3fffffffffff
N??CAA_K?WDOU?@oW@?	46	3fffffffffff
N??CAA_K?WDOU?@oQ@?	46	3fffffffffff
N??CAA_K?WDOU?@oI@?	46	3fffffffffff
N??CAA_K?WDOU?@oG`?	46	3fffffffffff
N??CAA_K?WDOU?@oOH?	46	3fffffffffff
N??CAA_K?WDOU?@oAH?	46	3fffffffffff
N??CAA_K?WDOU?@oGD?	46	3fffffffffff
N??CAA_K?WDOU?@oAD?	46	3fffffffffff
N??CAA_K?WDOU?@o?L?	46	3fffffffffff
N??CAA_K?WDOU?@oOB?	46	3fffffffffff
N??CAA_K?WDOU?@oGB?	46	3fffffffffff
N??CAA_K?WDOU?@o?J?	46	3fffffffffff
N??CAA_K?WDOU?@o?F?	46	3fffffffffff
N??CAA_K?WDOU?@SW_?	46	3fffffffffff
N??CAA_K?WDOU?@SQ_?	46	3fffffffffff
N??CAA_K?WDOU?@SI_?	46	3ffffef7ef7ff
N??CAA_K?WDOU?@SWO?	46	3fffffffffff
N??CAA_K?WDOU?@SOo?	46	3fffffffffff
N??CAA_K?WDOU?@SGo?	46	3fffffffffff
N??CAA_K?WDOU?@SAg?	46	3ffff7dfdf7ff
N??CAA_K?WDOU?@SOW?	46	3fffffffffff
N??CAA_K?WDOU?@SAW?	46	3fffffffffff
N??CAA_K?WDOU?@SOc?	46	3fffffffffff
N??CAA_K?WDOU?@SGc?	46	3fffffffffff
N??CAA_K?WDOU?@SAc?	46	3fffffffffff
N??CAA_K?WDOU?@SOS?	46	3fffffffffff
N??CAA_K?WDOU?@SGS?	46	3fffffffffff
N??CAA_K?WDOU?@SAS?	46	3fffffffffff
N??CAA_K?WDOU?@S?s?	46	3fffffffffff
N??CAA_K?WDOU?@SAK?	46	3fffffffffff
N??CAA_K?WDOU?@S?[?	46	3fffffffffff
N??CAA_K?WDOU?@SI@?	46	3ffffdefdefff
N??CAA_K?WDOU?@SOP?	46	3fffffffffff
N??CAA_K?WDOU?@SGP?	46	3fffffffffff
N??CAA_K?WDOU?@SOH?	46	3fffffffffff
N??CAA_K?WDOU?@SAH?	46	3fffffff0ffff
N??CAA_K?WDOU?@S?X?	46	3fffffffffff
N??CAA_K?WDOU?@SOD?	46	3fffffffffff
N??CAA_K?WDOU?@SGD?	46	3fffffffffff
N??CAA_K?WDOU?@S?d?	46	3fffffffffff
N??CAA_K?WDOU?@S?T?	46	3fffffffffff
N??CAA_K?WDOU?@S?L?	46	3fffffffffff
N??CAA_K?WDOp?DOJ??	46	3fffffffffff
N??CAA_K?WDOp?DOIO?	46	3fffffffffff
N??CAA_K?WDOp?DOBO?	46	3fffffffffff
N??CAA_K?WDOp?DOBG?	46	3fffffffffff
N??CAA_K?WDOp?DOAW?	46	3fffffffffff
N??CAA_K?WDOp?DO@W?	46	3fffffffffff
N??CAA_K?WDOp?DOIC?	46	3fffffffffff
N??CAA_K?WDOp?DOBC?	46	3fffffffffff
N??CAA_K?WDOp?DO@S?	46	3fffffffffff
N??CAA_K?WDOp?DOAK?	46	3fffffffffff
N??CAA_K?WDOp?DO@K?	46	3fffffffffff
N??CAA_K?WDOp?DO?[?	46	3fffffffffff
N??CAA_K?WDOp?DOHA?	46	3fffffffffff
N??CAA_K?WDOp?DOAI?	46	3fffffffffff
N??CAA_K?WDOp?DO@I?	46	3fffffffffff
N??CAA_K?WDOp?DO?Y?	46	3fffffffffff
N??CAA_K?WDOp?DOGE?	46	3fffffffffff
N??CAA_K?WDOp?DO@E?	46	3fffffffffff
N??CAA_K?WDOp?DO?M?	46	3fffffffffff
N??CAA_K?WDOp?DOI@?	46	3fffffffffff
N??CAA_K?WDOp?DOH@?	46	3fffffffffff
N??CAA_K?WDOp?DOB@?	46	3fffffffffff
N??CAA_K?WDOp?DOAH?	46	3fffffffffff
N??CAA_K?WDOp?DO@H?	46	3fffffffffff
N??CAA_K?WDOp?DO?X?	46	3fffffffffff
N??CAA_K?WDOp?DOAD?	46	3fffffffffff
N??CAA_K?WDOp?DO?L?	46	3fffffffffff
N??CAA_K?WDOp?DOGB?	46	3fffffffffff
N??CAA_K?WDOp?DO@B?	46	3fffffffffff
N??CAA_K?WDOp?DO?J?	46	3fffffffffff
N??CAA_K?WDOp?DO?F?	46	3fffffffffff
N??CAA_K?WDOp?CoJ??	46	3fffffffffff
N??CAA_K?WDOp?CoI_?	46	3fffffffffff
N??CAA_K?WDOp?CoB_?	46	3fffffffffff
N??CAA_K?WDOp?CoGg?	46	3fffffffffff
N??CAA_K?WDOp?Co@g?	46	3fffffffffff
N??CAA_K?WDOp?CoIC?	46	3ffffffffffcc
N??CAA_K?WDOp?CoAc?	46	3fffffffffff
N??CAA_K?WDOp?Co@c?	46	3fffffffffff
N??CAA_K?WDOp?CoAK?	46	1ffffffffb7fe
N??CAA_K?WDOp?Co?k?	46	3fffffffffff
N??CAA_K?WDOp?CoHA?	46	3fffffffffff
N??CAA_K?WDOp?Co@a?	46	3fffffffffff
N??CAA_K?WDOp?CoGE?	46	1ffffffffb7fe
N??CAA_K?WDOp?CoAE?	46	3fdffffffb7fe
N??CAA_K?WDOp?Co?M?	46	3ffdf7ffff77f
N??CAA_K?WDOp?CoH@?	46	3fffffffffff
N??CAA_K?WDOp?CoB@?	46	3fffffffffff
N??CAA_K?WDOp?Co@H?	46	3fffffffffff
N??CAA_K?WDOp?Co?h?	46	3fffffffffff
N??CAA_K?WDOp?CoAD?	46	3fffffffffff
N??CAA_K?WDOp?CoGB?	46	3fffffffffff
N??CAA_K?WDOp?Co@B?	46	3fffffffffff
N??CAA_K?WDOp?CWB_?	46	3fffffffffff
N??CAA_K?WDOp?CWIO?	46	3ffffffffffcc
N??CAA_K?WDOp?CWAo?	46	3fffffffffff
N??CAA_K?WDOp?CW@o?	46	3fffffffffff
N??CAA_K?WDOp?CW@g?	46	3fffffffffff
N??CAA_K?WDOp?CW?w?	46	3fffffffffff
N??CAA_K?WDOp?CWHA?	46	3fffffffffff
N??CAA_K?WDOp?CWGa?	46	3fffffffffff
N??CAA_K?WDOp?CW@a?	46	3fffffffffff
N??CAA_K?WDOp?CWGQ?	46	1ffffffffb7fe
N??CAA_K?WDOp?CW?i?	46	3fffffffffff
N??CAA_K?WDOp?CW?Y?	46	3ffdf7ffff77f
N??CAA_K?WDOp?CWA`?	46	3fffffffffff
N??CAA_K?WDOp?CWAP?	46	3fffffffffff
N??CAA_K?WDOp?CW@H?	46	3fffffffffff
N??CAA_K?WDOp?CW?h?	46	3fffffffffff
N??CAA_K?WDOp?CW?X?	46	3fffffffffff
N??CAA_K?WDOp?CWGB?	46	3fffffffffff
N??CAA_K?WDOp?CW@B?	46	3fffffffffff
N??CAA_K?WDOp?CW?b?	46	3fffffffffff
N??CAA_K?WDOp?CW?J?	46	3fffffffffff
N??CAA_K?WDOp?CQI_?	46	3fffffffffff
N??CAA_K?WDOp?CQH_?	46	3fffffffffff
N??CAA_K?WDOp?CQB_?	46	3fffffffffff
N??CAA_K?WDOp?CQIO?	46	3fffffffffff
N??CAA_K?WDOp?CQHO?	46	3fffffffffff
N??CAA_K?WDOp?CQ@g?	46	3fffffffffff
N??CAA_K?WDOp?CQAW?	46	3fffffffffff
N??CAA_K?WDOp?CQ@W?	46	3fffffffffff
N??CAA_K?WDOp?CQIC?	46	3fffffffffff
N??CAA_K?WDOp?CQGS?	46	3fffffffffff
N??CAA_K?WDOp?CQAS?	46	3fffffffffff
N??CAA_K?WDOp?CQGa?	46	3fffffffffff
N??CAA_K?WDOp?CQ@a?	46	3fffffffffff
N??CAA_K?WDOp?CQGQ?	46	3fffffffffff
N??CAA_K?WDOp?CQAI?	46	3fffffffffff
N??CAA_K?WDOp?CQ?i?	46	3fffffffffff
N??CAA_K?WDOp?CQ?Y?	46	3fffffffffff
N??CAA_K?WDOp?CQGE?	46	3fffffffffff
N??CAA_K?WDOp?CQ?e?	46	3fffffffffff
N??CAA_K?WDOp?CQ?M?	46	3fffffffffff
N??CAA_K?WDOd?SOH_?	46	3fffffffffff
N??CAA_K?WDOd?SOGS?	46	3ffffffffffcc
N??CAA_K?WDOd?SOGE?	46	3ffffffffffcc
N??CAA_K?WDOd?SOH@?	46	3fffffffffff
N??CAA_K?WDOd?SOG`?	46	3fffffffffff
N??CAA_K?WDOd?POJ??	46	3fffffffffff
N??CAA_K?WDOd?POIO?	46	3fffffffffff
N??CAA_K?WDOd?POHO?	46	3fffffffffff
N??CAA_K?WDOd?POIC?	46	3fffffffffff
N??CAA_K?WDOd?POHC?	46	3fffffffffff
N??CAA_K?WDOd?POGS?	46	3fffffffffff
N??CAA_K?WDOd?POIA?	46	3fffffffffff
N??CAA_K?WDOd?POHA?	46	3fffffffffff
N??CAA_K?WDOd?POGQ?	46	3fffffffffff
N??CAA_K?WDOd?POGI?	46	3fffffffffff
N??CAA_K?WDOd?POGE?	46	3fffffffffff
N??CAA_K?WDOd?POI@?	46	3fffffffffff
N??CAA_K?WDOd?POH@?	46	3fffffffffff
N??CAA_K?WDOd?POGP?	46	3fffffffffff
N??CAA_K?WDOd?POGD?	46	3fffffffffff
N??CAA_K?WDOd?POGB?	46	3fffffffffff
N??CAA_K?WDOd?OoH_?	46	3fffffffffff
N??CAA_K?WDOd?OoIG?	46	3ffffffffffcc
N??CAA_K?WDOd?OoIC?	46	3ffffffffffcc
N??CAA_K?WDOd?OoHC?	46	3fffffffffff
N??CAA_K?WDOd?OoGc?	46	3fffffffffff
N??CAA_K?WDOd?OoGa?	46	3fffffffffff
N??CAA_K?WDOd?OoGE?	46	1ffffffffb7fe
N??CAA_K?WDOd?OoH@?	46	3fffffffffff
N??CAA_K?WDOd?OWH_?	46	3fffffffffff
N??CAA_K?WDOd?OWIO?	46	3ffffffffffcc
N??CAA_K?WDOd?OWHO?	46	3fffffffffff
N??CAA_K?WDOd?OWGo?	46	3fffffffffff
N??CAA_K?WDOd?OWGa?	46	3fffffffffff
N??CAA_K?WDOd?OWGQ?	46	1ffffffffb7fe
N??CAA_K?WDOd?OWGI?	46	1ffffffffb7fe
N??CAA_K?WDOd?OWG`?	46	3fffffffffff
N??CAA_K?WDOd?OWGP?	46	3fffffffffff
N??CAA_K?WDOd?OSH_?	46	3fffffffffff
N??CAA_K?WDOd?OSIC?	46	3ffffffffffcc
N??CAA_K?WDOd?OSGS?	46	1ffffffffb7fe
N??CAA_K?WDOd?OQI_?	46	3fffffffffff
N??CAA_K?WDOd?OQH_?	46	3fffffffffff
N??CAA_K?WDOd?OQIO?	46	7ffffffffffe
N??CAA_K?WDOd?OQIG?	46	3fffffffffff
N??CAA_K?WDOd?OQIC?	46	7ffffffffffd
N??CAA_K?WDOd?OQGS?	46	7ffffffff7ff
N??CAA_K?WDOd?OQIA?	46	7ffffffffffd
N??CAA_K?WDOd?OQGa?	46	3fffffffffff
N??CAA_K?WDOd?OQGQ?	46	7ffffffff7ff
N??CAA_K?WDOd?OQGI?	46	3fffffffffff
N??CAA_K?WDOd?OQGE?	46	7fffffffefff
N??CAA_K?WDOR?cOIO?	46	3fffffffffff
N??CAA_K?WDOR?cOAo?	46	3fffffffffff
N??CAA_K?WDOR?cOIG?	46	3fffffffffff
N??CAA_K?WDOR?cOAg?	46	3fffffffffff
N??CAA_K?WDOR?cO?w?	46	3fffffffffff
N??CAA_K?WDOR?cOAS?	46	3bfffffbf7ffd
N??CAA_K?WDOR?cO?s?	46	3fffffffffff
N??CAA_K?WDOR?cO?k?	46	3fffffffffff
N??CAA_K?WDOR?cOGa?	46	3fffffffffff
N??CAA_K?WDOR?cOAa?	46	3fffffffffff
N??CAA_K?WDOR?cOGQ?	46	3fffffffffff
N??CAA_K?WDOR?cO?i?	46	3fffffffffff
N??CAA_K?WDOR?cO?Y?	46	3fffffffffff
N??CAA_K?WDOR?cOGE?	46	3fffffffffff
N??CAA_K?WDOR?cO?e?	46	3fffffffffff
N??CAA_K?WDOR?cOI@?	46	3fffffffffff
N??CAA_K?WDOR?cOG`?	46	3fffffffffff
N??CAA_K?WDOR?cOA`?	46	3fffffffffff
N??CAA_K?WDOR?cOGP?	46	3fffffffffff
N??CAA_K?WDOR?cOAP?	46	3fffffffffff
N??CAA_K?WDOR?cOAH?	46	3fffffffffff
N??CAA_K?WDOR?cO?X?	46	3fffffffffff
N??CAA_K?WDOR?cO?L?	46	3fffffffffff
N??CAA_K?WDOR?cOGB?	46	3fffffffffff
N??CAA_K?WDOR?cO?b?	46	3fffffffffff
N??CAA_K?WDOR?cO?R?	46	3fffffffffff
N??CAA_K?WDOR?cO?J?	46	3fffffffffff
N??CAA_K?WDOR?cO?F?	46	3fffffffffff
N??CAA_K?WDOR?DOQO?	46	3fffffffffff
N??CAA_K?WDOR?DOOW?	46	3fffffffffff
N??CAA_K?WDOR?DOAS?	46	3fffffffffff
N??CAA_K?WDOR?DOOK?	46	3fffffffffff
N??CAA_K?WDOR?DO?[?	46	3fffffffffff
N??CAA_K?WDOR?DOOI?	46	3fffffffffff
N??CAA_K?WDOR?DO?Y?	46	3fffffffffff
N??CAA_K?WDOR?DOOE?	46	3fffffffffff
N??CAA_K?WDOR?DO?U?	46	3fffffffffff
N??CAA_K?WDOR?DO?M?	46	3fffffffffff
N??CAA_K?WDOR?DOQ@?	46	3fffffffffff
N??CAA_K?WDOR?DOI@?	46	7fdffef7ef7ff
N??CAA_K?WDOR?DOGH?	46	3ffff7dfdf7ff
N??CAA_K?WDOR?DOOD?	46	3fffffffffff
N??CAA_K?WDOR?DOAD?	46	3fffffffffff
N??CAA_K?WDOR?DO?T?	46	3fffffffffff
N??CAA_K?WDOR?DO?L?	46	3fffffffffff
N??CAA_K?WDOR?DOOB?	46	3fffffffffff
N??CAA_K?WDOR?DOGB?	46	3ffffdefdefff
N??CAA_K?WDOR?DO?J?	46	3fffffff0ffff
N??CAA_K?WDOR?CQQ_?	46	3fffffffffff
N??CAA_K?WDOR?CQI_?	46	7fdffef7ef7ff
N??CAA_K?WDOR?CQQO?	46	3fffffffffff
N??CAA_K?WDOR?CQGg?	46	3ffff7dfdf7ff
N??CAA_K?WDOR?CQAg?	46	3ffff7dfdf7ff
N??CAA_K?WDOR?CQOW?	46	3fffffffffff
N??CAA_K?WDOR?CQQC?	46	3fffffffffff
N??CAA_K?WDOR?CQOc?	46	3fffffffffff
N??CAA_K?WDOR?CQAc?	46	3fffffffffff
N??CAA_K?WDOR?CQOS?	46	3fffffffffff
N??CAA_K?WDOR?CQGS?	46	3fffffffffff
N??CAA_K?WDOR?CQAS?	46	3fffffffffff
N??CAA_K?WDOR?CQ?s?	46	3fffffffffff
N??CAA_K?WDOR?CQ?k?	46	3fffffffffff
N??CAA_K?WDOR?CQ?[?	46	3fffffffffff
N??CAA_K?WDOR?CQOa?	46	3fffffffffff
N??CAA_K?WDOR?CQGa?	46	3ffffdefdefff
N??CAA_K?WDOR?CQOQ?	46	3fffffffffff
N??CAA_K?WDOR?CQ?i?	46	3fffffff0ffff
N??CAA_K?WDOR?CQ?Y?	46	3fffffffffff
N??CAA_K?WDOR?CQOE?	46	3fffffffffff
N??CAA_K?WDOR?CQ?U?	46	3fffffffffff
N??CAA_K?WDOR?CQ?M?	46	3fffffffffff
N??CAA_K?WDOF?oOI_?	46	7ffffffffffe
N??CAA_K?WDOF?oOIO?	46	3fffffffffff
N??CAA_K?WDOF?oOGo?	46	3fffffffffff
N??CAA_K?WDOF?oOIG?	46	3fffffffffff
N??CAA_K?WDOF?oOGg?	46	3fffffffffff
N??CAA_K?WDOF?oOGW?	46	3effffffffcfe
N??CAA_K?WDOF?oOGc?	46	3fffffffffff
N??CAA_K?WDOF?oOGS?	46	3effffffffcfe
N??CAA_K?WDOF?oOGa?	46	7ffffffff7ff
N??CAA_K?WDOF?oOGQ?	46	3fffffffffff
N??CAA_K?WDOF?oOGI?	46	3fffffffffff
N??CAA_K?WDOF?oOGE?	46	3fffffffffff
N??CAA_K?WDOF?oOI@?	46	7ffffffff7ff
N??CAA_K?WDOF?oOG`?	46	7ffffffff7ff
N??CAA_K?WDOF?oOGP?	46	3fffffffffff
N??CAA_K?WDOF?oOGD?	46	3fffffffffff
N??CAA_K?WDOF?oOGB?	46	7ffffffdffff
N??CAA_K?WDOF?SOWO?	46	7ffffffff7ff
N??CAA_K?WDOF?SOGS?	46	7fffffffff7f
N??CAA_K?WDOF?SOGa?	46	3ffffef7ef7ff
N??CAA_K?WDOF?SOG`?	46	7fdffef7ef7ff
N??CAA_K?WDOF?SOGD?	46	3fffffffffff
N??CAA_K?WDOF?SOGB?	46	3ffffdefdefff
N??CAA_K?WDOF?POWO?	46	3fffffffffff
N??CAA_K?WDOF?POWC?	46	3fffffffffff
N??CAA_K?WDOF?POGS?	46	3fffffffffff
N??CAA_K?WDOF?POWA?	46	3fffffffffff
N??CAA_K?WDOF?POGQ?	46	3fffffffffff
N??CAA_K?WDOF?POGE?	46	3fffffffffff
N??CAA_K?WDOF?POW@?	46	3fffffffffff
N??CAA_K?WDOF?POI@?	46	7fdffef7ef7ff
N??CAA_K?WDOF?POGP?	46	3fffffffffff
N??CAA_K?WDOF?POGD?	46	3fffffffffff
N??CAA_K?WDOF?POGB?	46	3ffffdefdefff
N??CAA_K?WDOF?OSW_?	46	3fffffffffff
N??CAA_K?WDOF?OSI_?	46	3ffffef7ef7ff
N??CAA_K?WDOF?OSWO?	46	3fffffffffff
N??CAA_K?WDOF?OSIO?	46	3fffffffffff
N??CAA_K?WDOF?OSGo?	46	3fffffffffff
N??CAA_K?WDOF?OSGg?	46	3ffff7dfdf7ff
N??CAA_K?WDOF?OSWC?	46	3fffffffffff
N??CAA_K?WDOF?OSIC?	46	3fffffffffff
N??CAA_K?WDOF?OSGc?	46	3fffffffffff
N??CAA_K?WDOF?OSGS?	46	3fffffffffff
N??CAA_K?WDOF?OSGK?	46	3fffffffffff
N??CAA_K?WDOF?OSI@?	46	3ffffdefdefff
N??CAA_K?WDOF?OSG`?	46	3ffffdefdefff
N??CAA_K?WDOF?OSGP?	46	3fffffffffff
N??CAA_K?WDOF?OSGD?	46	3fffffffffff
N??CAA_K?WDOF?OQI_?	46	7fdffef7ef7ff
N??CAA_K?WDOF?OQWO?	46	3fffffffffff
N??CAA_K?WDOF?OQGo?	46	3fffffffffff
N??CAA_K?WDOF?OQWC?	46	3fffffffffff
N??CAA_K?WDOF?OQGc?	46	3fffffffffff
N??CAA_K?WDOF?OQGS?	46	3fffffffffff
N??CAA_K?WDOF?OQGK?	46	3fffffffffff
N??CAA_K?WDOF?OQGa?	46	3ffffdefdefff
N??CAA_K?WDOF?OQGQ?	46	3fffffffffff
N??CAA_K?WDOF?OQGI?	46	3fffffff0ffff
N??CAA_K?WDOF?OQGE?	46	3fffffffffff
N??CAA_K?WDOS_DOP_?	46	3fffffffffff
N??CAA_K?WDOS_DOH_?	46	3fffffffffff
N??CAA_K?WDOS_DOPG?	46	3fffffffffff
N??CAA_K?WDOS_DOGg?	46	3fffffffffff
N??CAA_K?WDOS_DO@g?	46	3fffffffffff
N??CAA_K?WDOS_DO?k?	46	3fffffffffff
N??CAA_K?WDOS_DOWA?	46	3ffffffffffcc
N??CAA_K?WDOS_DO@a?	46	3fffffffffff
N??CAA_K?WDOS_DO@I?	46	3fffffffffff
N??CAA_K?WDOS_DOOE?	46	1ffffffffb7fe
N??CAA_K?WDOS_DO?e?	46	3fffffffffff
N??CAA_K?WDOS_DO?M?	46	3ffdf7ffff77f
N??CAA_K?WDOS_DOP@?	46	3fffffffffff
N??CAA_K?WDOS_DOH@?	46	3fffffffffff
N??CAA_K?WDOS_DOG`?	46	3fffffffffff
N??CAA_K?WDOS_DO@H?	46	3fffffffffff
N??CAA_K?WDOS_DO?h?	46	3fffffffffff
N??CAA_K?WDOS_DO?d?	46	3fffffffffff
N??CAA_K?WDOS_DO?L?	46	3fffffffffff
N??CAA_K?WDOS_BOY??	46	3fffffffffff
N??CAA_K?WDOS_BOW_?	46	3fffffffffff
N??CAA_K?WDOS_BOQ_?	46	3fffffffffff
N??CAA_K?WDOS_BOI_?	46	3fffffffffff
N??CAA_K?WDOS_BOQG?	46	3fffffffffff
N??CAA_K?WDOS_BOOg?	46	3fffffffffff
N??CAA_K?WDOS_BOQC?	46	3ffff7dfdf7ff
N??CAA_K?WDOS_BOOc?	46	3fffffffffff
N??CAA_K?WDOS_BOGc?	46	3fffffffffff
N??CAA_K?WDOS_BOAc?	46	3fffffffffff
N??CAA_K?WDOS_BOAK?	46	3fffffffffff
N??CAA_K?WDOS_BOWA?	46	3fffffffffff
N??CAA_K?WDOS_BOOa?	46	3fffffffffff
N??CAA_K?WDOS_BOGa?	46	3fffffffffff
N??CAA_K?WDOS_BOOI?	46	3fffffffffff
N??CAA_K?WDOS_BOGI?	46	3fffffffffff
N??CAA_K?WDOS_BO?i?	46	3fffffffffff
N??CAA_K?WDOS_BOGE?	46	3fffffffffff
N??CAA_K?WDOS_BO?e?	46	3fffffffffff
N??CAA_K?WDOS_BO?M?	46	3fffffffffff
N??CAA_K?WDOS_BOW@?	46	3fffffffffff
N??CAA_K?WDOS_BOQ@?	46	3fffffffffff
N??CAA_K?WDOS_BOI@?	46	3fffffffffff
N??CAA_K?WDOS_BOG`?	46	3fffffffffff
N??CAA_K?WDOS_BOOH?	46	3fffffffffff
N??CAA_K?WDOS_BOAH?	46	3fffffffffff
N??CAA_K?WDOS_BOGD?	46	3fffffffffff
N??CAA_K?WDOS_BOAD?	46	3fffffffffff
N??CAA_K?WDOS_BO?d?	46	3fffffffffff
N??CAA_K?WDOS_BO?L?	46	3fffffffffff
N??CAA_K?WDOS_BOOB?	46	3fffffffffff
N??CAA_K?WDOS_BOGB?	46	3fffffffffff
N??CAA_K?WDOS_BO?J?	46	3fffffffffff
N??CAA_K?WDOS_BO?F?	46	3fffffffffff
N??CAA_K?WDOS_@SY??	46	3ffffffffffcc
N??CAA_K?WDOS_@SP_?	46	3fffffffffff
N??CAA_K?WDOS_@SH_?	46	3fffffffffff
N??CAA_K?WDOS_@SB_?	46	3fffffffffff
N??CAA_K?WDOS_@SPG?	46	3fffffffffff
N??CAA_K?WDOS_@SBG?	46	3fffffffffff
N??CAA_K?WDOS_@SOg?	46	3fffffffffff
N??CAA_K?WDOS_@SAg?	46	3fffffffffff
N??CAA_K?WDOS_@SQC?	46	1ffffffffb7fe
N??CAA_K?WDOS_@SGc?	46	3fffffffffff
N??CAA_K?WDOS_@SAc?	46	3fffffffffff
N??CAA_K?WDOS_@S@c?	46	3fffffffffff
N??CAA_K?WDOS_@SOK?	46	3ffdf7ffff77f
N??CAA_K?WDOS_@SAK?	46	3ffdf7ffff77f
N??CAA_K?WDOS_@SP@?	46	3fffffffffff
N??CAA_K?WDOS_@SH@?	46	3fffffffffff
N??CAA_K?WDOS_@SO`?	46	3fffffffffff
N??CAA_K?WDOS_@SG`?	46	3fffffffffff
N??CAA_K?WDOS_@S@H?	46	3fffffffffff
N??CAA_K?WDOS_@S@D?	46	3fffffffffff
N??CAA_K?WDOoOT?BO?	46	3fffffffffff
N??CAA_K?WDOoOT?@o?	46	3fffffffffff
N??CAA_K?WDOoOT?BG?	46	3fffffffffff
N??CAA_K?WDOoOT?@g?	46	3fffffffffff
N??CAA_K?WDOoOT?AW?	46	3ffffffffffcc
N??CAA_K?WDOoOT??w?	46	3fffffffffff
N??CAA_K?WDOoOT?@c?	46	3fffffffffff
N??CAA_K?WDOoOT?@a?	46	7ffffffff7ff
N??CAA_K?WDOoOT?@I?	46	3fffffffffff
N??CAA_K?WDOoOT?B@?	46	7ffffffff7ff
N??CAA_K?WDOoOT?@P?	46	fffffffff7fe
N??CAA_K?WDOoOT??d?	46	3fffffffffff
N??CAA_K?WDOoOT??b?	46	7ffffffdffff
N??CAA_K?WDOoOT??J?	46	3fffffffffff
N??CAA_K?WDOQOd?I_?	46	3fffffffffff
N??CAA_K?WDOQOd?IO?	46	3fffffffffff
N??CAA_K?WDOQOd?Go?	46	3fffffffffff
N??CAA_K?WDOQOd?IG?	46	3fffffffffff
N??CAA_K?WDOQOd?Gg?	46	3fffffffffff
N??CAA_K?WDOQOd?Gc?	46	3fffffffffff
N??CAA_K?WDOQOd?GS?	46	3fffffffffff
N??CAA_K?WDOQOd?Ga?	46	3fffffffffff
N??CAA_K?WDOQOd?GQ?	46	3fffffffffff
N??CAA_K?WDOQOd?GI?	46	3fffffffffff
N??CAA_K?WDOQOd?I@?	46	3fffffffffff
N??CAA_K?WDOQOd?GP?	46	3fffffffffff
N??CAA_K?WDOQOT?QO?	46	7ffffffffffb
N??CAA_K?WDOQOT?Oo?	46	3fffffffffff
N??CAA_K?WDOQOT?QG?	46	3fffffffffff
N??CAA_K?WDOQOT?Og?	46	3fffffffffff
N??CAA_K?WDOQOT?Ag?	46	7fffeffff87ff
N??CAA_K?WDOQOT?Oc?	46	3fffffffffff
N??CAA_K?WDOQOT?OS?	46	3fffffffdef7e
N??CAA_K?WDOQOT?AS?	46	7fffffffefff
N??CAA_K?WDOQOT??s?	46	3fffffffffff
N??CAA_K?WDOQOT?AK?	46	3fffffffffff
N??CAA_K?WDOQOT??k?	46	3fffffffffff
N??CAA_K?WDOQOT??[?	46	3fffffffffff
N??CAA_K?WDOQOT?Oa?	46	3fffffffffff
N??CAA_K?WDOQOT?OQ?	46	3fffffffdef7e
N??CAA_K?WDOQOT??q?	46	3fffffffffff
N??CAA_K?WDOQOT?OI?	46	3fffffffffff
N??CAA_K?WDOQOT??i?	46	3ffff7dfdf7ff
N??CAA_K?WDOQOT??e?	46	3fffffffffff
N??CAA_K?WDOQOT??U?	46	3fffffffd77fd
N??CAA_K?WDOQOT?AH?	46	3ffff7dfdf7ff
N??CAA_K?WDOQOT??h?	46	3ffff7dfdf7ff
N??CAA_K?WDOQOT??T?	46	fffffffff77f
N??CAA_K?WDOQOT??J?	46	3fffffff0ffff
N??CAA_K?WDOQOD_Y??	46	3fffffffffff
N??CAA_K?WDOQOD_W_?	46	3fffffffffff
N??CAA_K?WDOQOD_I_?	46	3fffffffffff
N??CAA_K?WDOQOD_Gg?	46	3fffffffffff
N??CAA_K?WDOQOD_WC?	46	3fffffffffff
N??CAA_K?WDOQOD_IC?	46	3fffffffffff
N??CAA_K?WDOQOD_Gc?	46	3fffffffffff
N??CAA_K?WDOQOD_GK?	46	3fffffffffff
N??CAA_K?WDOQOD_WA?	46	3fffffffffff
N??CAA_K?WDOQOD_IA?	46	3fffffffffff
N??CAA_K?WDOQOD_Ga?	46	3fffffffffff
N??CAA_K?WDOQOD_GE?	46	3fffffffffff
N??CAA_K?WDOQOD_W@?	46	3fffffffffff
N??CAA_K?WDOQOD_I@?	46	3fffffffffff
N??CAA_K?WDOQOD_G`?	46	3fffffffffff
N??CAA_K?WDOQOD_GD?	46	3fffffffffff
N??CAA_K?WDOQOD_GB?	46	3fffffffffff
N??CAA_K?WDOQODGY??	46	3fffffffffff
N??CAA_K?WDOQODGW_?	46	3fffffffffff
N??CAA_K?WDOQODGI_?	46	3fffffffffff
N??CAA_K?WDOQODGWO?	46	3fffffffffff
N??CAA_K?WDOQODGIO?	46	3fffffffffff
N??CAA_K?WDOQODGGo?	46	3fffffffffff
N??CAA_K?WDOQODGIG?	46	3fffffffffff
N??CAA_K?WDOQODGGg?	46	3fffffffffff
N??CAA_K?WDOQODGGW?	46	3fffffffffff
N??CAA_K?WDOQODGWA?	46	3fffffffffff
N??CAA_K?WDOQODGIA?	46	3fffffffffff
N??CAA_K?WDOQODGGa?	46	3fffffffffff
N??CAA_K?WDOQODGGQ?	46	3fffffffffff
N??CAA_K?WDOQODGI@?	46	3fffffffffff
N??CAA_K?WDOQODGGP?	46	3fffffffffff
N??CAA_K?WDOQODGGB?	46	3fffffffffff
N??CAA_K?WDOOoF?Y??	46	3fffffffffff
N??CAA_K?WDOOoF?W_?	46	3fffffffffff
N??CAA_K?WDOOoF?Gg?	46	3fffffffffff
N??CAA_K?WDOOoF?IC?	46	3fffffffffff
N??CAA_K?WDOOoF?Gc?	46	3fffffffffff
N??CAA_K?WDOOoF?GK?	46	3ffffffffffd2
N??CAA_K?WDOOoF?WA?	46	3fffffffffff
N??CAA_K?WDOOoF?IA?	46	3fffffffffff
N??CAA_K?WDOOoF?Ga?	46	3fffffffffff
N??CAA_K?WDOOoF?GE?	46	3fffffffffff
N??CAA_K?WDOOoF?W@?	46	3fffffffffff
N??CAA_K?WDOOoF?I@?	46	3fffffffffff
N??CAA_K?WDOOoF?G`?	46	3fffffffffff
N??CAA_K?WDOOoF?GD?	46	3fffffffffff
N??CAA_K?WDOOoF?GB?	46	3fffffffffff
N??CAA_K?WDOSGDOP_?	46	3fffffffffff
N??CAA_K?WDOSGDOWA?	46	3ffffffffffcc
N??CAA_K?WDOSGDO@a?	46	3fffffffffff
N??CAA_K?WDOSGDOOQ?	46	1ffffffffb7fe
N??CAA_K?WDOSGDOGQ?	46	1ffffffffb7fe
N??CAA_K?WDOSGDO?q?	46	3fffffffffff
N??CAA_K?WDOSGDO?Y?	46	3ffdf7ffff77f
N??CAA_K?WDOSGDOW@?	46	3fffffffffff
N??CAA_K?WDOSGDOH@?	46	3fffffffffff
N??CAA_K?WDOSGDO?p?	46	3fffffffffff
N??CAA_K?WDOSGDO?X?	46	3fffffffffff
N??CAA_K?WDOSGBOY??	46	3fffffffffff
N??CAA_K?WDOSGBOW_?	46	3fffffffffff
N??CAA_K?WDOSGBOQ_?	46	3fffffffffff
N??CAA_K?WDOSGBOI_?	46	3fffffffffff
N??CAA_K?WDOSGBOQO?	46	3ffff7dfdf7ff
N??CAA_K?WDOSGBOIO?	46	3fffffffffff
N??CAA_K?WDOSGBOOo?	46	3fffffffffff
N??CAA_K?WDOSGBOGo?	46	3fffffffffff
N??CAA_K?WDOSGBOIG?	46	3fffffffffff
N??CAA_K?WDOSGBOOg?	46	3fffffffffff
N??CAA_K?WDOSGBOAg?	46	3fffffffffff
N??CAA_K?WDOSGBOAW?	46	3fffffffffff
N??CAA_K?WDOSGBOWA?	46	3fffffffffff
N??CAA_K?WDOSGBOOa?	46	3fffffffffff
N??CAA_K?WDOSGBOGa?	46	3fffffffffff
N??CAA_K?WDOSGBOAa?	46	3fffffffffff
N??CAA_K?WDOSGBOGQ?	46	3fffffffffff
N??CAA_K?WDOSGBO?q?	46	3fffffffffff
N??CAA_K?WDOSGBOOI?	46	3fffffffffff
N??CAA_K?WDOSGBO?i?	46	3fffffffffff
N??CAA_K?WDOSGBO?Y?	46	3fffffffffff
N??CAA_K?WDOSGBOW@?	46	3fffffffffff
N??CAA_K?WDOSGBOQ@?	46	3fffffffffff
N??CAA_K?WDOSGBOI@?	46	3fffffffffff
N??CAA_K?WDOSGBOO`?	46	3fffffffffff
N??CAA_K?WDOSGBOA`?	46	3fffffffffff
N??CAA_K?WDOSGBOGP?	46	3fffffffffff
N??CAA_K?WDOSGBOAP?	46	3fffffffffff
N??CAA_K?WDOSGBO?p?	46	3fffffffffff
N??CAA_K?WDOSGBOAH?	46	3fffffffffff
N??CAA_K?WDOSGBO?X?	46	3fffffffffff
N??CAA_K?WDOSGBOOB?	46	3fffffffffff
N??CAA_K?WDOSGBOGB?	46	3fffffffffff
N??CAA_K?WDOSGBO?R?	46	3fffffffffff
N??CAA_K?WDOSGBO?J?	46	3fffffffffff
N??CAA_K?WDOSG@SY??	46	3ffffffffffcc
N??CAA_K?WDOSG@SP_?	46	3fffffffffff
N??CAA_K?WDOSG@SH_?	46	3fffffffffff
N??CAA_K?WDOSG@SB_?	46	3fffffffffff
N??CAA_K?WDOSG@SIO?	46	1ffffffffb7fe
N??CAA_K?WDOSG@SAo?	46	3fffffffffff
N??CAA_K?WDOSG@S@o?	46	3fffffffffff
N??CAA_K?WDOSG@SQG?	46	1ffffffffb7fe
N??CAA_K?WDOSG@SBG?	46	3fffffffffff
N??CAA_K?WDOSG@SOW?	46	3ffdf7ffff77f
N??CAA_K?WDOSG@SAW?	46	3ffdf7ffff77f
N??CAA_K?WDOSG@SW@?	46	3fffffffffff
N??CAA_K?WDOSG@SP@?	46	3fffffffffff
N??CAA_K?WDOSG@SH@?	46	3fffffffffff
N??CAA_K?WDOSG@SO`?	46	3fffffffffff
N??CAA_K?WDOSG@SG`?	46	3fffffffffff
N??CAA_K?WDOSG@SOH?	46	3fffffffffff
N??CAA_K?WDOSG@S@H?	46	3fffffffffff
N??CAA_K?WDODGoOI_?	46	3fffffffffff
N??CAA_K?WDODGoOH_?	46	3fffffffffff
N??CAA_K?WDODGoOIO?	46	3ffffffffffcc
N??CAA_K?WDODGoOHO?	46	3fffffffffff
N??CAA_K?WDODGoOGo?	46	3fffffffffff
N??CAA_K?WDODGoOGg?	46	3fffffffffff
N??CAA_K?WDODGoOIA?	46	3ffffffffffcc
N??CAA_K?WDODGoOHA?	46	3fffffffffff
N??CAA_K?WDODGoOGa?	46	3fffffffffff
N??CAA_K?WDODGoOGQ?	46	1ffffffffb7fe
N??CAA_K?WDODGoOH@?	46	3fffffffffff
N??CAA_K?WDODGoOG`?	46	3fffffffffff
N??CAA_K?WDODGoOGB?	46	3fffffffffff
N??CAA_K?WDODGSOW_?	46	3fffffffffff
N??CAA_K?WDODGSOH_?	46	3fffffffffff
N??CAA_K?WDODGSOWO?	46	3ffffffffffcc
N??CAA_K?WDODGSOGW?	46	1ffffffffb7fe
N??CAA_K?WDODGSOWA?	46	3ffffffffffcc
N??CAA_K?WDODGSOHA?	46	3fffffffffff
N??CAA_K?WDODGSOGa?	46	3fffffffffff
N??CAA_K?WDODGSOGQ?	46	1ffffffffb7fe
N??CAA_K?WDODGSOH@?	46	3fffffffffff
N??CAA_K?WDODGSOG`?	46	3fffffffffff
N??CAA_K?WDODGSOGP?	46	3fffffffffff
N??CAA_K?WDODGOQY??	46	7ffffffffffd
N??CAA_K?WDODGOQX??	46	3fffffffffff
N??CAA_K?WDODGOQJ??	46	3fffffffffff
N??CAA_K?WDODGOQW_?	46	3fffffffffff
N??CAA_K?WDODGOQI_?	46	3fffffffffff
N??CAA_K?WDODGOQH_?	46	3fffffffffff
N??CAA_K?WDODGOQWO?	46	7ffffffff7ff
N??CAA_K?WDODGOQIO?	46	7ffffffff7ff
N??CAA_K?WDODGOQIG?	46	3fffffffffff
N??CAA_K?WDODGOQHG?	46	3fffffffffff
N??CAA_K?WDODGOQWA?	46	7fffffffefff
N??CAA_K?WDOBGSOY??	46	3fffffffffff
N??CAA_K?WDOBGSOW_?	46	3ffff7dfdf7ff
N??CAA_K?WDOBGSOI_?	46	3fffffffffff
N??CAA_K?WDOBGSOWA?	46	3fffffffffff
N??CAA_K?WDOBGSOGa?	46	3fffffffffff
N??CAA_K?WDOOgDOY??	46	3ffffffffffcc
N??CAA_K?WDOOgDOR??	46	3fffffffffff
N??CAA_K?WDOOgDOP_?	46	3fffffffffff
N??CAA_K?WDOOgDOH_?	46	3fffffffffff
N??CAA_K?WDOOgDOWG?	46	3fdffffffb7fe
N??CAA_K?WDOOgDOQG?	46	1ffffffffb7fe
N??CAA_K?WDOOgDOPG?	46	3fffffffffff
N??CAA_K?WDOOgDOOg?	46	3fffffffffff
N??CAA_K?WDOOgDOAg?	46	fffffffefffd
N??CAA_K?WDOOgDO@g?	46	3fffffffffff
N??CAA_K?WDOOgDOWA?	46	7ffffffffb77c
N??CAA_K?WDOOgDOQA?	46	1ffffffffb7fe
N??CAA_K?WDOOgDO@a?	46	3fffffffffff
N??CAA_K?WDOOgDOOI?	46	3ffdf7ffff77f
N??CAA_K?WDOOgDO?i?	46	3fffffffffff
N??CAA_K?WDOOgDOQ@?	46	3fffffffffff
N??CAA_K?WDOOgDOO`?	46	3fffffffffff
N??CAA_K?WDOOgDOA`?	46	fffffffdfeff
N??CAA_K?WDOOgDOAH?	46	3fffffffffff
N??CAA_K?WDOOgDO@H?	46	3fffffffffff
N??CAA_K?WDOOgDO?h?	46	fffffffff7fd
N??CAA_K?WDOOgDO@B?	46	fffffffdff7f
N??CAA_K?WDOCgPOY??	46	2ffdeff7fe70fccc
N??CAA_K?WDOCgPOW_?	46	1ffffffffb7fe
N??CAA_K?WDOCgPOWA?	46	3fefedefe76634fe
N??CAA_K?WDOCgPOGa?	46	3ffdf7ffff77f
N??CAA_K?WDOCgPOW@?	46	3fffffffffff
N??CAA_K?WDOOWT?P_?	46	3fffffffffff
N??CAA_K?WDOOWT?@o?	46	3fffffffffff
N??CAA_K?WDOOWT?QG?	46	3ffffffffffcc
N??CAA_K?WDOOWT?PG?	46	3fffffffffff
N??CAA_K?WDOOWT?BG?	46	3fffffffffff
N??CAA_K?WDOOWT?Ag?	46	3fffffffffff
N??CAA_K?WDOOWT?@g?	46	3fffffffffff
N??CAA_K?WDOOWT?AW?	46	1ffffffffb7fe
N??CAA_K?WDOOWT??w?	46	3fffffffffff
N??CAA_K?WDOOWT?@a?	46	3fffffffffff
N??CAA_K?WDOOWT?OI?	46	1ffffffffb7fe
N??CAA_K?WDOOWT?AI?	46	3fdffffffb7fe
N??CAA_K?WDOOWT??Y?	46	3ffdf7ffff77f
N??CAA_K?WDOOWT?B@?	46	3fffffffffff
N??CAA_K?WDOOWT?AP?	46	3fffffffffff
N??CAA_K?WDOOWT?@P?	46	fffffffff77f
N??CAA_K?WDOOWT??p?	46	3fffffffffff
N??CAA_K?WDOOWT?AH?	46	3fffffffffff
N??CAA_K?WDOOWT?@B?	46	7fffffffefff
N??CAA_K?WDOOWF?W_?	46	3fffffffffff
N??CAA_K?WDOOWF?I_?	46	3fffffffffff
N??CAA_K?WDOOWF?IO?	46	3fffffffffff
N??CAA_K?WDOOWF?Go?	46	3fffffffffff
N??CAA_K?WDOOWF?IG?	46	3fffffffffff
N??CAA_K?WDOOWF?Gg?	46	3fffffffffff
N??CAA_K?WDOOWF?WA?	46	3fffffffffff
N??CAA_K?WDOOWF?IA?	46	3fffffffffff
N??CAA_K?WDOOWF?Ga?	46	3fffffffffff
N??CAA_K?WDOOWF?GQ?	46	3fffffffffff
N??CAA_K?WDOOWF?W@?	46	3fffffffffff
N??CAA_K?WDOOWF?I@?	46	3fffffffffff
N??CAA_K?WDOOWF?G`?	46	3fffffffffff
N??CAA_K?WDOOWF?GP?	46	3fffffffffff
N??CAA_K?WDOOWF?GB?	46	3fffffffffff
N??CAA_K?WDOPCCQI_?	46	3ffffdefdefff
N??CAA_K?WDOPCCQHO?	46	3fffffffffff
N??CAA_K?WDOPCCQIG?	46	3fffffff0ffff
N??CAA_K?WDOPCCQOW?	46	3fffffffffff
N??CAA_K?WDOPCCQAW?	46	3fffffffffff
N??CAA_K?WDOPCCQWC?	46	3fffffffffff
N??CAA_K?WDOPCCQAc?	46	3fffffffffff
N??CAA_K?WDOPCCQAS?	46	3fffffffffff
N??CAA_K?WDOPCCQOK?	46	3fffffffffff
N??CAA_K?WDOPCCQ@K?	46	3fffffffffff
N??CAA_K?WDOPCCQ?[?	46	3fffffffffff
N??CAA_K?WDOSADOWO?	46	3fffffffffff
N??CAA_K?WDOSADOOW?	46	3fffffffffff
N??CAA_K?WDOSADOWC?	46	3fffffffffff
N??CAA_K?WDOSADO@c?	46	3fffffffffff
N??CAA_K?WDOSADOGS?	46	3fffffffffff
N??CAA_K?WDOSADO?s?	46	3fffffffffff
N??CAA_K?WDOSADOOK?	46	3fffffffffff
N??CAA_K?WDOSADO@K?	46	3fffffffffff
N??CAA_K?WDOSADO?[?	46	3fffffffffff
N??CAA_K?WDOSADOGQ?	46	3fffffffffff
N??CAA_K?WDOSADO?U?	46	3fffffffffff
N??CAA_K?WWGU?B_Cg?	46	3fffffffffff
N??CAA_K?WWGU?B_Ag?	46	3ffff7dfdf7ff
N??CAA_K?WWGU?B_EC?	46	7ffffffff7ff
N??CAA_K?WWGU?B_CK?	46	3fffffffffff
N??CAA_K?WWGU?B_?k?	46	3ffffffffffd2
N??CAA_K?WWGU?B_Ca?	46	7ffffffff7ff
N??CAA_K?WWGU?B_CQ?	46	7fffffffff7f
N??CAA_K?WWGU?B_CI?	46	3fffffffffff
N??CAA_K?WWGU?B_AI?	46	3fffffffffff
N??CAA_K?WWGU?B_?i?	46	3fffffffffff
N??CAA_K?WWGU?B_CE?	46	7fffffffff7f
N??CAA_K?WWGU?B_AE?	46	7fffffffff7f
N??CAA_K?WWGU?B_?e?	46	3fffffffffff
N??CAA_K?WWGU?B_CB?	46	7ffffffdffff
N??CAA_K?WWGS_J?B_?	46	fffffffdfffe
N??CAA_K?WWGS_J?@o?	46	fffffffdefff
N??CAA_K?WWGS_J?BG?	46	7ffffffff7ff
N??CAA_K?WWGS_J?@W?	46	7fffffffff7f
N??CAA_K?WWGS_J?@c?	46	effefffffeefa
N??CAA_K?WWGS_J?@K?	46	3fffffffffff
N??CAA_K?WWGS_J?@a?	46	fbffbfffff77c
N??CAA_K?WWGS_J?@I?	46	3fffffffffff
N??CAA_K?WWGS_J?@E?	46	7fffffffff7f
N??CAA_K?WWGS_J?AH?	46	7ffffffdffff
N??CAA_K?WWGS_J??X?	46	7fffffff7fff
N??CAA_K?WWGS_J??J?	46	3fffffffffff
N??CAA_K?WWGS_J??F?	46	7fffffff7fff
N??CAA_K?WWGS_F?@o?	46	3ffff7dfdf7ff
N??CAA_K?WWGS_F?@g?	46	3ffff7dfdf7ff
N??CAA_K?WWGS_F?@c?	46	7fffffff7fff
N??CAA_K?WWGS_F?DA?	46	7ffffffff7ff
N??CAA_K?WWGS_F?@I?	46	3fffffffffff
N??CAA_K?WWGS_F?CB?	46	7ffffffdffff
N??CAA_K?WWGS_B_DG?	46	3fffffffffff
N??CAA_K?WWGS_B_BG?	46	3ffff7dfdf7ff
N??CAA_K?WWGS_B_CH?	46	3fffffffffff
N??CAA_K?WWGS_B_AH?	46	3fffffff0ffff
N??CAA_K?WWGS_BOF??	46	3fffffffffff
N??CAA_K?WWGS_BOD_?	46	fffffffdefff
N??CAA_K?WWGS_BOBO?	46	3ffff7dfdf7ff
N??CAA_K?WWGS_BO@o?	46	3faeffff75e937d2
N??CAA_K?WWGS_BODC?	46	3fffffffffff
N??CAA_K?WWGS_BODA?	46	7fffffffff7f
N??CAA_K?WWGS_BOE@?	46	3fffffffffff
N??CAA_K?WWGS_BOAP?	46	3fffffff0ffff
N??CAA_K?WWGS_BOCB?	46	7fffffff7fff
N??CAA_K?WWGSGB_F??	46	3fffffffffff
N??CAA_K?WWGSGB_D_?	46	3fffffffffff
N??CAA_K?WWGSGB_B_?	46	3fffffffffff
N??CAA_K?WWGSGB_DG?	46	3fffffffffff
N??CAA_K?WWGSGB_@g?	46	3ffffffffffd2
N??CAA_K?WWGSGB_@a?	46	fffffffffff9
N??CAA_K?WWGSGB_E@?	46	7ffffffffffe
N??CAA_K?WWGQGD_F??	46	3fffffffffff
N??CAA_K?WWGQGD_D_?	46	3fffffffffff
N??CAA_K?WWGQGD_B_?	46	3fffffffffff
N??CAA_K?WWGQGD_EO?	46	3ffffffffffcc
N??CAA_K?WWGQGD_EG?	46	3ffffffffffcc
N??CAA_K?WWGQGD_DG?	46	3fffffffdef7e
N??CAA_K?WWGQGD_Cg?	46	3fffffffffff
N??CAA_K?WWGQGD_@g?	46	3ffffffffffd2
N??CAA_K?WWGQGD_AI?	46	1ffffffffb7fe
N??CAA_K?WWGQGD_AB?	46	3fffffffffff
N??CAA_K?WWGQGD_?b?	46	3fffffffffff
N??CAA_K?WIGS_b?D_?	46	ffffbffbd7e7f
N??CAA_K?WIGS_b?@o?	46	3faeffff75e937d2
N??CAA_K?WIGS_b?@g?	46	fffff7dfce7ff
N??CAA_K?WIGS_b?@I?	46	7fffffffff7f
N??CAA_K?WIGS_B_D_?	46	3fffffffcfefb
N??CAA_K?WIGS_B_PG?	46	3ffff7dfdf7ff
N??CAA_K?WIGS_B_DG?	46	3fffffffffff
N??CAA_K?WIGS_B_@a?	46	fffffffffeed2
N??CAA_K?WIGS_B_OH?	46	3fffffff0ffff
N??CAA_K?WIGS_BOPO?	46	3ffff7dfdf7ff
N??CAA_K?WIGS_BODO?	46	3fffffffffff
N??CAA_K?WIGS_BO@o?	46	3ff73fdb9cfdef61
N??CAA_K?WIGS_BOPC?	46	7fffffffff7f
N??CAA_K?WIGS_BO@Q?	46	3ffffffffffd2
N??CAA_K?WIGS_BOOP?	46	3fffffff0ffff
N??CAA_K?WIGS_BOOD?	46	7fffffff7fff
N??CAA_K?WIGS_BO?R?	46	3ffffffffffcc
N??CAA_K?WIGQ_F?SC?	46	7ffffffff7ff
N??CAA_K?WIGQ_F?CS?	46	7fffffffff7f
N??CAA_K?WIGQ_F??Y?	46	3ffffffffffd2
N??CAA_K?WIGE_R?SC?	46	3fffffffffff
N??CAA_K?WIGE_R?OS?	46	3fffffffffff
N??CAA_K?WIGE_R?CS?	46	3fffffffffff
N??CAA_K?WIGE_R?OK?	46	3fffffffffff
N??CAA_K?WIGE_R??Y?	46	3ffffffffffd2
N??CAA_K?WIGE_R?OE?	46	3fffffffffff
N??CAA_K?WIGE_R??T?	46	3fffffffffff
N??CAA_K?WIGOob?F??	46	7ffffffff7ff
N??CAA_K?WIGOob?D_?	46	fffffef7ce7ff
N??CAA_K?WIGOob?@S?	46	3ffffffffffd2
N??CAA_K?WIGOob?DA?	46	7fffffffff7f
N??CAA_K?WIGOob?BA?	46	7fffffffff7f
N??CAA_K?WIGOob?E@?	46	7ffffffdffff
N??CAA_K?WIGOob??T?	46	3ffffffffffcc
N??CAA_K?WIGOob?CB?	46	7fffffff7fff
N??CAA_K?WIGOoJ?R??	46	7ffffffff7ff
N??CAA_K?WIGOoJ?B_?	46	ffffffffc87ff
N??CAA_K?WIGOoJ?@o?	46	3fffffffcfefb
N??CAA_K?WIGOoJ?PC?	46	3ffff7dfdf7ff
N??CAA_K?WIGOoJ?BC?	46	3fffffffffff
N??CAA_K?WIGOoJ?@c?	46	3ff73fdb9cfdef61
N??CAA_K?WIGOoJ?@S?	46	3fffffffffff
N??CAA_K?WIGOoJ?@a?	46	3ff8ffe76cfdf6e1
N??CAA_K?WIGOoJ?@Q?	46	3fffffffffff
N??CAA_K?WIGOoJ?@E?	46	3ffffffffffd2
N??CAA_K?WIGOoJ?Q@?	46	7ffffffdffff
N??CAA_K?WIGOoJ??T?	46	3fffffffffff
N??CAA_K?WIGOoJ??F?	46	3ffffffffffcc
N??CAA_K?WIGOoF?P_?	46	fffff7dfce7ff
N??CAA_K?WIGOoF?@o?	46	3ff73fdb9cfdef61
N??CAA_K?WIGOoF?PC?	46	7fffffffff7f
N??CAA_K?WIGOoF?DC?	46	7fffffffff7f
N??CAA_K?WIGOoF?DA?	46	3ffff7dfdf7ff
N??CAA_K?WIGOoF?@a?	46	3faeffff75e937d2
N??CAA_K?WIGOoF?@Q?	46	3ffffffffffd2
N??CAA_K?WIGOoF?CB?	46	3fffffff0ffff
N??CAA_K?WIGOoF??R?	46	3ffffffffffcc
N??CAA_K?WHGT?B_SC?	46	3ffffffffffd2
N??CAA_K?WHGT?B_SA?	46	3ffffffffffd2
N??CAA_K?WHGT?B_OE?	46	3ffffffff87ff
N??CAA_K?WHGT?B_CE?	46	3ffffffff87ff
N??CAA_K?WHGT?CoP_?	46	3ffff7dfdf7ff
N??CAA_K?WHGT?CoD_?	46	3ffffffff87ff
N??CAA_K?WHGT?CoCo?	46	3fffffffffff
N??CAA_K?WHGT?Co@o?	46	3ff73fdb9cfdef61
N??CAA_K?WHGT?CoSC?	46	3ffffffffffcc
N??CAA_K?WHGT?CoPC?	46	3fffffffffff
N??CAA_K?WHGT?CoDC?	46	3fffffffffff
N??CAA_K?WHGT?CoOc?	46	3fffffffffff
N??CAA_K?WHGT?CoCc?	46	3fffffffffff
N??CAA_K?WHGT?Co@c?	46	3fffffffffff
N??CAA_K?WHGT?CoCS?	46	1ffffffffb7fe
N??CAA_K?WHGT?CoPA?	46	3fffffffffff
N??CAA_K?WHGT?CoDA?	46	3ffff7dfdf7ff
N??CAA_K?WHGT?CoOa?	46	3fffffffffff
N??CAA_K?WHGT?Co@a?	46	3faeffff75e937d2
N??CAA_K?WHGT?Co@Q?	46	3ffffffffffd2
N??CAA_K?WHGT?Co?q?	46	3ffffffffffd2
N??CAA_K?WHGT?CoOE?	46	1ffffffffb7fe
N??CAA_K?WHGT?Co?U?	46	3ffdf7ffff77f
N??CAA_K?WHGT?Co?p?	46	3faeffff75e937d2
N??CAA_K?WHGT?Co?b?	46	2ffdeff7fe70fccc
N??CAA_K?WHGT?@oU??	46	3fffffffffff
N??CAA_K?WHGT?@oQO?	46	3ffff7dfdf7ff
N??CAA_K?WHGT?@oBO?	46	3ff73fdb9cfdef61
N??CAA_K?WHGT?@oSC?	46	3effffffffcfe
N??CAA_K?WHGT?@oQC?	46	3fffffffffff
N??CAA_K?WHGT?@oEC?	46	3ffff7dfdf7ff
N??CAA_K?WHGT?@oPC?	46	3ffffffffffd2
N??CAA_K?WHGT?@oDC?	46	3fffffffffff
N??CAA_K?WHGT?@oOS?	46	3ffffffffffd2
N??CAA_K?WHGT?@oSA?	46	3effffffffcfe
N??CAA_K?WHGT?@oE@?	46	3ffff7dfdf7ff
N??CAA_K?WHGT?@oB@?	46	3faeffff75e937d2
N??CAA_K?WHGT?@oAP?	46	3faeffff75e937d2
N??CAA_K?WHGT?@oCD?	46	3fffffffffff
N??CAA_K?WHGR?CoO`?	46	2ffdeff7fe70fccc
N??CAA_K?WHGR?CoC`?	46	3ffff7dfdf7ff
N??CAA_K?WHGR?CoA`?	46	3faeffff75e937d2
N??CAA_K?WHGE_T?Og?	46	3ffff7dfdf7ff
N??CAA_K?WHGE_T?SC?	46	7ffffffffeff
N??CAA_K?WHGE_T?OS?	46	7fffffffefff
N??CAA_K?WHGE_T?CS?	46	7fffffffefff
N??CAA_K?WHGE_T?OK?	46	3fffffffffff
N??CAA_K?WHGE_T?OQ?	46	7fffffffefff
N??CAA_K?WHGE_T??Y?	46	3ffffffffffd2
N??CAA_K?WHGE_T??e?	46	3fffffffffff
N??CAA_K?WHGE_T??U?	46	7ffffffdffff
N??CAA_K?WHGSOH_P_?	46	3fffffffffff
N??CAA_K?WHGSOH_B_?	46	7fffeffff87ff
N??CAA_K?WHGSOH_QO?	46	3ffffffffffcc
N??CAA_K?WHGSOH_@o?	46	3fffffffffff
N??CAA_K?WHGSOH_Oc?	46	3fefedefe76634fe
N??CAA_K?WHGSOH_Ac?	46	3fffffffffff
N??CAA_K?WHGSOH_@c?	46	3fffffffffff
N??CAA_K?WHGSOH_AS?	46	1ffffffffb7fe
N??CAA_K?WHGSOH_@S?	46	3fffffffffff
N??CAA_K?WHGSOH_?s?	46	37ff6fdff9f0fb52
N??CAA_K?WHGSOH_@a?	46	3ffff7dfdf7ff
N??CAA_K?WHGSOH_OQ?	46	3fefedefe76634fe
N??CAA_K?WHGSOH_@Q?	46	3fffffffffff
N??CAA_K?WHGSOH_?q?	46	37ffffbfefffb
N??CAA_K?WHGSOH_OE?	46	3fefedefe76634fe
N??CAA_K?WHGSOH_@E?	46	3fffffffffff
N??CAA_K?WHGSOH_?e?	46	37ffffbfefffb
N??CAA_K?WHGSOH_?U?	46	3ffe7f8f6b7ef07b
N??CAA_K?WHGSOH_Q@?	46	3fffffffffff
N??CAA_K?WHGSOH_B@?	46	3ffff7dfdf7ff
N??CAA_K?WHGSOH_A`?	46	3ffff7dfdf7ff
N??CAA_K?WHGSOH_?p?	46	3fff7fefdfeff
N??CAA_K?WHGSOH_?d?	46	3fff7fefdfeff
N??CAA_K?WHGSOH_?T?	46	3fff7fefdfeff
N??CAA_K?WHGSOH_@B?	46	3fffffff0ffff
N??CAA_K?WHGSOD_P_?	46	3ffff7dfdf7ff
N??CAA_K?WHGSOD_D_?	46	3ffffffff87ff
N??CAA_K?WHGSOD_Oo?	46	3ffff7dfdf7ff
N??CAA_K?WHGSOD_Co?	46	3fffffffffff
N??CAA_K?WHGSOD_@o?	46	3ff73fdb9cfdef61
N??CAA_K?WHGSOD_SC?	46	3ffffffffffcc
N??CAA_K?WHGSOD_Oc?	46	3fffffffffff
N??CAA_K?WHGSOD_Cc?	46	3fffffffffff
N??CAA_K?WHGSOD_@c?	46	3fffffffffff
N??CAA_K?WHGSOD_CS?	46	3fdffffffb7fe
N??CAA_K?WHGSOD_PA?	46	3fffffffffff
N??CAA_K?WHGSOD_@a?	46	3faeffff75e937d2
N??CAA_K?WHGSOD_@Q?	46	3ffffffffffd2
N??CAA_K?WHGSOD_?q?	46	3ffffffffffd2
N??CAA_K?WHGSOD_OE?	46	1ffffffffb7fe
N??CAA_K?WHGSOD_?U?	46	3ffdf7ffff77f
N??CAA_K?WHGSOD_@P?	46	3faeffff75e937d2
N??CAA_K?WHGSOD_?p?	46	3faeffff75e937d2
N??CAA_K?WHGSOD_?T?	46	3fffffffffff
N??CAA_K?WHGSOD_?b?	46	2ffdeff7fe70fccc
N??CAA_K?WHGSOB_E_?	46	3ffffffff87ff
N??CAA_K?WHGSOB_QO?	46	3ffff7dfdf7ff
N??CAA_K?WHGSOB_EC?	46	3ffff7dfdf7ff
N??CAA_K?WHGSOB_Oc?	46	3ffffffffffd2
N??CAA_K?WHGSOB_Cc?	46	3fffffffffff
N??CAA_K?WHGSOB_OS?	46	3ffffffffffd2
N??CAA_K?WHGSOB_CS?	46	3ffffffffffd2
N??CAA_K?WHGSOB_SA?	46	7edfffffffcfe
N??CAA_K?WHGSOB_Ca?	46	3ffff7dfdf7ff
N??CAA_K?WHGSOB_CQ?	46	3fffffffffff
N??CAA_K?WHGSOB_AQ?	46	3ffffffffffd2
N??CAA_K?WHGSOB_OE?	46	7ffbfef7ef7ff
N??CAA_K?WHGSOB_CE?	46	7ffbfef7ef7ff
N??CAA_K?WHGSOB_?U?	46	3fffffffffff
N??CAA_K?WHGSOB_E@?	46	3ffff7dfdf7ff
N??CAA_K?WHGSOB_OD?	46	3ffffffffffcc
N??CAA_K?WHGSOB_?T?	46	1ffffffffb7fe
N??CAA_K?WHGSOB_CB?	46	3fffffff0ffff
N??CAA_K?WHGSO@gU??	46	3ffffffffffcc
N??CAA_K?WHGSO@gF??	46	5fffdeffff7fd
N??CAA_K?WHGSO@gQ_?	46	3fffffffffff
N??CAA_K?WHGSO@gE_?	46	3fffffffffff
N??CAA_K?WHGSO@gP_?	46	3ffffffffffd2
N??CAA_K?WHGSO@gSA?	46	3fefedefe76634fe
N??CAA_K?WHGSO@gQA?	46	1ffffffffb7fe
N??CAA_K?WHGSO@gPA?	46	3fffffffffff
N??CAA_K?WHGSO@gOa?	46	37ffffbfefffb
N??CAA_K?WHGSO@g@a?	46	3fffffffffff
N??CAA_K?WHGSO@gCQ?	46	3ffe7f8f6b7ef07b
N??CAA_K?WHGSO@gAQ?	46	3ffdf7ffff77f
N??CAA_K?WHGSO@cS_?	46	3ffeff7ff7eff
N??CAA_K?WHGSO@cQ_?	46	3fffffffffff
N??CAA_K?WHGSO@cP_?	46	3fffffffffff
N??CAA_K?WHGSO@cD_?	46	3ffff7dfdf7ff
N??CAA_K?WHGSO@cB_?	46	3faeffff75e937d2
N??CAA_K?WHGSO@cSO?	46	3fefedefe76634fe
N??CAA_K?WHGSO@cOo?	46	37ffffbfefffb
N??CAA_K?WHGSO@c@o?	46	3ffffffffffd2
N??CAA_K?WHGSO@cQC?	46	1ffffffffb7fe
N??CAA_K?WHGSO@cPC?	46	3fffffffffff
N??CAA_K?WHGSO@cOc?	46	37ffffbfefffb
N??CAA_K?WHGSO@c@c?	46	3fffffffffff
N??CAA_K?WHGSO@cCS?	46	3ffe7f8f6b7ef07b
N??CAA_K?WHGSO@c?s?	46	3fff7dfffeeff
N??CAA_K?WHGSO@cOD?	46	3fffffffffff
N??CAA_K?WHGSO@aU??	46	3fffffffff87f
N??CAA_K?WHGSO@a@o?	46	3faeffff75e937d2
N??CAA_K?WHGSO@aSC?	46	3ffdbf739b7ee87d
N??CAA_K?WHGSO@aEC?	46	2ffdeff7fe70fccc
N??CAA_K?WHGSO@aDC?	46	7edfffffffcfe
N??CAA_K?WHGSO@aCS?	46	2ffdeff7fe70fccc
N??CAA_K?WHGSO@aAS?	46	3fffffffffff
N??CAA_K?WHGSO@aSA?	46	3ffdbf739b7ee87d
N??CAA_K?WHGSO@aOE?	46	3ffdbf739b7ee87d
N??CAA_K?WHGPOE_E_?	46	3ffffffff87ff
N??CAA_K?WHGPOE_Ao?	46	3ff73fdb9cfdef61
N??CAA_K?WHGPOE_Oc?	46	fffffffffeed2
N??CAA_K?WHGPOE_Cc?	46	3fffffffe6eff
N??CAA_K?WHGPOE_E@?	46	3ffff7dfdf7ff
N??CAA_K?WHGPOE_O`?	46	2ffdeff7fe70fccc
N??CAA_K?WHGPOE_C`?	46	3ffff7dfdf7ff
N??CAA_K?WHGPOE_A`?	46	3faeffff75e937d2
N??CAA_K?WHGPOE_OP?	46	2ffdeff7fe70fccc
N??CAA_K?WHGPOE_AP?	46	3faeffff75e937d2
N??CAA_K?WHGPOE_OD?	46	ffffffffff74c
N??CAA_K?WHGPOE_CD?	46	3ffffffffe67f
N??CAA_K?WHGPOE_OB?	46	7ffffffff7ff
N??CAA_K?WHGPOCaP_?	46	2ffdeff7fe70fccc
N??CAA_K?WHGPOCaD_?	46	3ffff7dfdf7ff
N??CAA_K?WHGPOCaB_?	46	3faeffff75e937d2
N??CAA_K?WWCU?@oEO?	46	3ffffffffffcc
N??CAA_K?WWCU?@oBO?	46	3fffffffffff
N??CAA_K?WWCU?@o@o?	46	3ffffffffffd2
N??CAA_K?WWCU?@oEG?	46	3ffffffffffcc
N??CAA_K?WWCU?@oDG?	46	3fffffffffff
N??CAA_K?WWCU?@o@g?	46	3ffffffffffd2
N??CAA_K?WWCU?@oCI?	46	1ffffffffb7fe
N??CAA_K?WWCU?@oE@?	46	7ffffffff7ff
N??CAA_K?WWCU?@o@P?	46	3ffffffffffcc
N??CAA_K?WWCU?@o@H?	46	3ffffffffffcc
N??CAA_K?WWCM?@oH_?	46	3fffffffffff
N??CAA_K?WWCM?@oIO?	46	3ffffffffffcc
N??CAA_K?WWCM?@o@o?	46	3fffffffffff
N??CAA_K?WWCM?@oHG?	46	3fffffffffff
N??CAA_K?WWCM?@o@g?	46	7ffffffffeff
N??CAA_K?WWCM?@oGW?	46	1ffffffffb7fe
N??CAA_K?WWCM?@o@W?	46	3fffffffffff
N??CAA_K?WWCM?@oAa?	46	7fffffffff7f
N??CAA_K?WWCM?@o@a?	46	7fffffffff7f
N??CAA_K?WWCM?@oGQ?	46	1ffffffffb7fe
N??CAA_K?WWCM?@o?Y?	46	3ffdf7ffff77f
N??CAA_K?WWCM?@oH@?	46	7ffffffff7ff
N??CAA_K?WWCM?@oB@?	46	3ffffffffe67f
N??CAA_K?WWCM?@oAP?	46	3fffffffffff
N??CAA_K?WWCM?@o@B?	46	3fffffffd77fd
N??CAA_K?WWCM?@o?b?	46	7fffffff7fff
N??CAA_K?WWCR?CoDG?	46	3fffffffffff
N??CAA_K?WWCJ?CoH_?	46	ffffffffeffe
N??CAA_K?WWCJ?CoBO?	46	3fffffffffff
N??CAA_K?WWCJ?CoHG?	46	3fffffffffff
N??CAA_K?WWCJ?Co@g?	46	3fffffffffff
N??CAA_K?WWCJ?CoHA?	46	7fffffffff7f
N??CAA_K?WWCJ?CoBA?	46	7fffffffff7f
N??CAA_K?WWCJ?Co@a?	46	3ffffffffe67f
N??CAA_K?WWCJ?CoB@?	46	7fffffffff7f
N??CAA_K?WWCJ?CoAP?	46	3fffffffffff
N??CAA_K?WWCJ?Co?X?	46	3fffffffffff
N??CAA_K?WWCJ?CoGB?	46	7fffffff7fff
N??CAA_K?WWCJ?CoAB?	46	7fffffff7fff
N??CAA_K?WWCJ?Co@B?	46	3fffffffe777f
N??CAA_K?WWCS_BOD_?	46	3fffffffffff
N??CAA_K?WWCS_BOB_?	46	3fffffffffff
N??CAA_K?WWCS_BOBO?	46	3fffffffffff
N??CAA_K?WWCS_BO@o?	46	3ffffffffffd2
N??CAA_K?WWCS_BODG?	46	3fffffffffff
N??CAA_K?WWCS_BO@P?	46	3ffffffffffcc
N??CAA_K?WWCK_BOJ??	46	3fffffffffff
N??CAA_K?WWCK_BOB_?	46	2fffff7ff7ffb
N??CAA_K?WWCK_BO@o?	46	2fffff7ff7ffb
N??CAA_K?WWCK_BO@a?	46	2ffeffffffefb
N??CAA_K?WWCK_BOI@?	46	7ffffffffffd
N??CAA_K?WWCK_BOB@?	46	3ffffffffffd2
N??CAA_K?WWCK_BO@B?	46	3effffffffb7e
N??CAA_K?WWCQ_DOF??	46	3fffffffffff
N??CAA_K?WWCQ_DOE_?	46	3fffffffffff
N??CAA_K?WWCQ_DOD_?	46	3fffffffffff
N??CAA_K?WWCQ_DOB_?	46	3fffffffffff
N??CAA_K?WWCQ_DOEO?	46	3ffffffffffcc
N??CAA_K?WWCQ_DODO?	46	3fffffffdef7e
N??CAA_K?WWCQ_DOBO?	46	3fffffffffff
N??CAA_K?WWCQ_DO@o?	46	3ffffffffffd2
N??CAA_K?WWCQ_DOEG?	46	3ffffffffffcc
N??CAA_K?WWCQ_DOCg?	46	3fffffffffff
N??CAA_K?WWCQ_DO@g?	46	3ffffffffffd2
N??CAA_K?WWCQ_DOCI?	46	1ffffffffb7fe
N??CAA_K?WWCQ_DO?p?	46	3ffffffffffcc
N??CAA_K?WWCQ_DO?h?	46	3ffffffffffcc
N??CAA_K?WWCI_DOI_?	46	3fffffffffff
N??CAA_K?WWCI_DOH_?	46	3fffffffffff
N??CAA_K?WWCI_DOB_?	46	3fffffffffff
N??CAA_K?WWCI_DOIO?	46	3ffffffffffcc
N??CAA_K?WWCI_DOBO?	46	3fffffffffff
N??CAA_K?WWCI_DO@o?	46	3fffffffffff
N??CAA_K?WWCI_DO@g?	46	3fffffffffff
N??CAA_K?WWCI_DOAW?	46	1ffffffffb7fe
N??CAA_K?WWCI_DO@W?	46	3fffffffffff
N??CAA_K?WWCI_DO?w?	46	3fffffffffff
N??CAA_K?WWCI_DOHA?	46	ffffffffff7d
N??CAA_K?WWCI_DO@a?	46	3fffffffffff
N??CAA_K?WWCI_DOGQ?	46	7ffffffffb77c
N??CAA_K?WWCI_DOAQ?	46	1ffffffffb7fe
N??CAA_K?WWCI_DO?i?	46	3fffffffffff
N??CAA_K?WWCI_DO?Y?	46	3ffdf7ffff77f
N??CAA_K?WWCI_DOH@?	46	fffffffff7fd
N??CAA_K?WWCI_DOG`?	46	3fffffffffff
N??CAA_K?WWCI_DOA`?	46	fffffffeefff
N??CAA_K?WWCI_DOAP?	46	3fffffffffff
N??CAA_K?WWCI_DO@B?	46	ffffffffe7ff
N??CAA_K?WWCI_DO?b?	46	3fffffffffff
N??CAA_K?WWCE_DOK_?	46	3fffffffffff
N??CAA_K?WWCE_DOH_?	46	3fffffffffff
N??CAA_K?WWCE_DOD_?	46	3fffffffffff
N??CAA_K?WWCE_DOKO?	46	3ffffffffffcc
N??CAA_K?WWCE_DOCo?	46	3fffffffffff
N??CAA_K?WWCE_DO@o?	46	3fffffffffff
N??CAA_K?WWCE_DO@g?	46	fffffffffefe
N??CAA_K?WWCE_DOCW?	46	1ffffffffb7fe
N??CAA_K?WWCE_DO@W?	46	3fffffffffff
N??CAA_K?WWCE_DO@a?	46	ffffffffeffe
N??CAA_K?WWCE_DO@I?	46	7ffffffffffd
N??CAA_K?WWCE_DO?i?	46	7ffffffffffd
N??CAA_K?WWCE_DOH@?	46	3fffffffffff
N??CAA_K?WWCE_DOC`?	46	3fffffffffff
N??CAA_K?WWCE_DOCP?	46	3fffffffffff
N??CAA_K?WWCE_DO@H?	46	ffffffffff7d
N??CAA_K?WWCE_DO?h?	46	ffffffffff7d
N??CAA_K?WWCE_DO?b?	46	fffffffff7fd
N??CAA_K?WWCE_BOM??	46	3fffffffffff
N??CAA_K?WWCE_BOK_?	46	3fffffffffff
N??CAA_K?WWCE_BOI_?	46	3fffffffffff
N??CAA_K?WWCE_BOE_?	46	3fffffffffff
N??CAA_K?WWCE_BOEO?	46	3ffff7dfdf7ff
N??CAA_K?WWCE_BOGo?	46	3ffffffffffd2
N??CAA_K?WWCE_BOCo?	46	3fffffffffff
N??CAA_K?WWCE_BOAo?	46	3fffffffffff
N??CAA_K?WWCE_BOCW?	46	3fffffffffff
N??CAA_K?WWCE_BOAW?	46	3fffffffffff
N??CAA_K?WWCE_BOKA?	46	7fffffffff7f
N??CAA_K?WWCE_BOCa?	46	3fffffffffff
N??CAA_K?WWCE_BOAQ?	46	7ffbfef7ef7ff
N??CAA_K?WWCE_BO?q?	46	3fffffffffff
N??CAA_K?WWCE_BOAI?	46	7ffffffffffd
N??CAA_K?WWCE_BOI@?	46	3fffffffffff
N??CAA_K?WWCE_BOE@?	46	3fffffffffff
N??CAA_K?WWCE_BOGP?	46	3ffffffffffcc
N??CAA_K?WWCE_BOCH?	46	3fffffffffff
N??CAA_K?WWCE_BO?h?	46	7ffffffffb77c
N??CAA_K?WWCE_BO?X?	46	1ffffffffb7fe
N??CAA_K?WWCE_BOCB?	46	3fffffffffff
N??CAA_K?WWCE_BO?b?	46	fffffffff7fd
N??CAA_K?WWCB_EOM??	46	3fffffffffff
N??CAA_K?WWCB_EOK_?	46	3fffffffffff
N??CAA_K?WWCB_EOI_?	46	3fffffffffff
N??CAA_K?WWCB_EOE_?	46	3fffffffffff
N??CAA_K?WWCB_EOEO?	46	3fffffffffff
N??CAA_K?WWCB_EOKG?	46	3fffffffffff
N??CAA_K?WWCB_EOEG?	46	3fffffffffff
N??CAA_K?WWCB_EOGg?	46	3ffffffffffd2
N??CAA_K?WWCB_EOAg?	46	fffffffffefe
N??CAA_K?WWCB_EOCW?	46	3fffffffffff
N??CAA_K?WWCB_EOKA?	46	7fffffffff7f
N??CAA_K?WWCB_EOEA?	46	3fffffffffff
N??CAA_K?WWCB_EOCa?	46	3fffffffffff
N??CAA_K?WWCB_EOAa?	46	ffffffffeffe
N??CAA_K?WWCB_EOCI?	46	3fffffffffff
N??CAA_K?WWCB_EOAI?	46	7ffffffffffd
N??CAA_K?WWCB_EO?i?	46	7ffffffffffd
N??CAA_K?WWCB_EOE@?	46	3fffffffffff
N??CAA_K?WWCB_EOGH?	46	3ffffffffffcc
N??CAA_K?WWCB_EOAH?	46	ffffffffff7d
N??CAA_K?WWCB_EO?h?	46	7ffffffffb77c
N??CAA_K?WWCB_EOCB?	46	3fffffffffff
N??CAA_K?WWCB_EOAB?	46	fffffffff7fd
N??CAA_K?WWCSOB_D_?	46	3ffff7dfdf7ff
N??CAA_K?WWCSOB_B_?	46	3fffffffdef7e
N??CAA_K?WWCSOB_DO?	46	3ffff7dfdf7ff
N??CAA_K?WWCSOB_DG?	46	3fffffffffff
N??CAA_K?WWCSOB_@g?	46	3ffffffffffd2
N??CAA_K?WWCSOB_@H?	46	3ffffffffffcc
N??CAA_K?WWCKOB_H_?	46	3fffffffffff
N??CAA_K?WWCKOB_B_?	46	3fffffffffff
N??CAA_K?WWCKOB_BO?	46	3fffffffffff
N??CAA_K?WWCKOB_@g?	46	7ffffffffeff
N??CAA_K?WWCKOB_@W?	46	3fffffffffff
N??CAA_K?WWCKOB_@a?	46	3fffffffffff
N??CAA_K?WWCKOB_@I?	46	3fffffffffff
N??CAA_K?WWCKOB_H@?	46	3fffffffffff
N??CAA_K?WWCKOB_B@?	46	3fffffffffff
N??CAA_K?WWCKOB_AP?	46	3fffffffffff
N??CAA_K?WWCKOB_?X?	46	3fffffffffff
N??CAA_K?WWCKOB_@B?	46	3fffffffffff
N??CAA_K?WWCKOB_?J?	46	7ffffffdffff
N??CAA_K?WWCQOD_F??	46	3fffffffffff
N??CAA_K?WWCQOD_B_?	46	ffffffffeffe
N??CAA_K?WWCQOD_EO?	46	3defbfffdea94fcc
N??CAA_K?WWCQOD_Co?	46	3fff7fefdfeff
N??CAA_K?WWCQOD_Ao?	46	3fff7fefdfeff
N??CAA_K?WWCQOD_@o?	46	3ffffffffffd2
N??CAA_K?WWCQOD_EG?	46	3ffffffffffcc
N??CAA_K?WWCQOD_DG?	46	3fffffffdef7e
N??CAA_K?WWCQOD_Cg?	46	3fffffffffff
N??CAA_K?WWCQOD_@g?	46	fffffffffeed2
N??CAA_K?WWCQOD_CI?	46	7ffffffffb77c
N??CAA_K?WWCQOD_@H?	46	ffffffffff74c
N??CAA_K?WWCIOD_J??	46	3fffffffffff
N??CAA_K?WWCIOD_H_?	46	3fffffffffff
N??CAA_K?WWCIOD_B_?	46	3fffffffffff
N??CAA_K?WWCIOD_IO?	46	3ffffffffffcc
N??CAA_K?WWCIOD_HO?	46	3fffffffffff
N??CAA_K?WWCIOD_BO?	46	3fffffffffff
N??CAA_K?WWCIOD_@o?	46	3fffffffffff
N??CAA_K?WWCIOD_Gg?	46	3fffffffffff
N??CAA_K?WWCIOD_@g?	46	3fffffffffff
N??CAA_K?WWCIOD_@a?	46	3fffffffffff
N??CAA_K?WWCIOD_GQ?	46	1ffffffffb7fe
N??CAA_K?WWCIOD_AQ?	46	3fdffffffb7fe
N??CAA_K?WWCIOD_?Y?	46	3ffdf7ffff77f
N??CAA_K?WWCIOD_G`?	46	3fffffffffff
N??CAA_K?WWCIOD_@`?	46	3fffffffffff
N??CAA_K?WWCIOD_?h?	46	3fffffffffff
N??CAA_K?WWCIOD_@B?	46	7ffffffff7ff
N??CAA_K?WWCIOD_?b?	46	3fffffffffff
N??CAA_K?WWCOoF?@o?	46	3faeffff75e937d2
N??CAA_K?WWCOoF?@g?	46	3faeffff75e937d2
N??CAA_K?WWCGoF?H_?	46	3fffffff0ffff
N??CAA_K?WWCGoF?@o?	46	3ffffffe97fff
N??CAA_K?WWCGoF?@g?	46	3ffffffe97fff
N??CAA_K?WWCGoF?@W?	46	3ffffffffffd2
N??CAA_K?WWCGoF?AP?	46	3fffffffffff
N??CAA_K?WWCCoF?H_?	46	3fffffffffff
N??CAA_K?WWCCoF?D_?	46	7ffffffffffe
N??CAA_K?WWCCoF?HO?	46	3fffffffffff
N??CAA_K?WWCCoF?@g?	46	fffffffffefe
N??CAA_K?WWCCoF?DA?	46	7fffffffff7f
N??CAA_K?WWCCoF?@a?	46	3fffffffdef7e
N??CAA_K?WWCCoF?@I?	46	7ffffffffffd
N??CAA_K?WWCCoF?D@?	46	7fffffffff7f
N??CAA_K?WWCCoF?CP?	46	3fffffffffff
N??CAA_K?WWCCoF?@H?	46	ffffffffff7d
N??CAA_K?WWCCoF??X?	46	3fffffffffff
N??CAA_K?WWCCoF?CB?	46	7fffffff7fff
N??CAA_K?WWCCoF??R?	46	3fffffffffff
N??CAA_K?WWCCoF??J?	46	7ffffffffffb
N??CAA_K?WWCCoB_F??	46	3fffffffffff
N??CAA_K?WWCCoB_H_?	46	3ffffffffffd2
N??CAA_K?WWCCoB_D_?	46	3fffffffffff
N??CAA_K?WWCCoB_B_?	46	3fffffffffff
N??CAA_K?WWCCoB_DG?	46	3fffffffffff
N??CAA_K?WWCCoB_BG?	46	3fffffffffff
N??CAA_K?WWCCoB_@g?	46	1ffffffffcffe
N??CAA_K?WWCCoB_BA?	46	3fffffffffff
N??CAA_K?WWCCoB_E@?	46	3fffffffffff
N??CAA_K?WWCCoB_@H?	46	1ffffffffb7fe
N??CAA_K?WWCCoB_AB?	46	3fffffffffff
N??CAA_K?WWCCoBOL??	46	3fffffffffff
N??CAA_K?WWCCoBOH_?	46	fffffffffeed2
N??CAA_K?WWCAoF?M??	46	7ffffffff7ff
N??CAA_K?WWCAoF?E_?	46	7ffffffffffe
N??CAA_K?WWCAoF?EO?	46	3fffffffffff
N??CAA_K?WWCAoF?Go?	46	3ffffffffffd2
N??CAA_K?WWCAoF?Co?	46	3fffffffffff
N??CAA_K?WWCAoF?Ag?	46	fffffffffefe
N??CAA_K?WWCAoF?AW?	46	3fffffffffff
N??CAA_K?WWCAoF??w?	46	1ffffffffcffe
N??CAA_K?WWCAoF?Ca?	46	7fffffffff7f
N??CAA_K?WWCAoF??q?	46	3fffffffffff
N??CAA_K?WWCAoF?AI?	46	7ffffffffffd
N??CAA_K?WWCAoF??i?	46	7ffffffffffd
N??CAA_K?WWCAoF?E@?	46	7fffffffff7f
N??CAA_K?WWCAoF?C`?	46	7fffffffff7f
N??CAA_K?WWCAoF?GP?	46	3ffffffffffcc
N??CAA_K?WWCAoF??h?	46	7ffffffffb77c
N??CAA_K?WWCAoF??X?	46	1ffffffffb7fe
N??CAA_K?WWCAoF?CB?	46	7fffffff7fff
N??CAA_K?WWCAoF??R?	46	3fffffffffff
N??CAA_K?WWCAoF??J?	46	7ffffffffffb
N??CAA_K?WWCAoD_M??	46	3ffffffffffcc
N??CAA_K?WWCAoD_F??	46	3fffffffffff
N??CAA_K?WWCAoD_E_?	46	3fffffffffff
N??CAA_K?WWCAoD_H_?	46	3ffffffffffd2
N??CAA_K?WWCAoD_D_?	46	3fffffffffff
N??CAA_K?WWCAoD_B_?	46	3fffffffffff
N??CAA_K?WWCAoD_EG?	46	1ffffffffb7fe
N??CAA_K?WWCAoD_DG?	46	3fffffffffff
N??CAA_K?WWCAoD_BG?	46	3fffffffffff
N??CAA_K?WWCAoD_Cg?	46	3fffffffffff
N??CAA_K?WWCAoD_Ag?	46	3fffffffffff
N??CAA_K?WWCAoD_@g?	46	1ffffffffcffe
N??CAA_K?WWCAoD_KA?	46	1ffffffffb7fe
N??CAA_K?WWCAoD_@a?	46	3fffffffffff
N??CAA_K?WWCAoD_CI?	46	3ffdf7ffff77f
N??CAA_K?WWCAoD_E@?	46	3fffffffffff
N??CAA_K?WWCAoD_H@?	46	3ffffffffffcc
N??CAA_K?WWCAoD_G`?	46	3ffffffffffcc
N??CAA_K?WWCAoD_@H?	46	1ffffffffb7fe
N??CAA_K?WWCAoD_?h?	46	1ffffffffb7fe
N??CAA_K?WWCAoD_@B?	46	3fffffffffff
N??CAA_K?WWCAoDOM??	46	3ffffffffffcc
N??CAA_K?WWCAoDOK_?	46	3fffffffffff
N??CAA_K?WWCAoDOH_?	46	3ffffffffffd2
N??CAA_K?WWCAoDOEO?	46	1ffffffffb7fe
N??CAA_K?WWCAoDO@o?	46	1ffffffffcffe
N??CAA_K?WWCAoDOBA?	46	7ffffffffffd
N??CAA_K?WWCAoDO@a?	46	7ffffffffffd
N??CAA_K?WWCAoDOG`?	46	3ffffffffffcc
N??CAA_K?WWCEC@oE_?	46	7fffffffff7f
N??CAA_K?WWCEC@oD_?	46	7fffffffff7f
N??CAA_K?WWCEC@oB_?	46	3fffffffdef7e
N??CAA_K?WWCEC@o@o?	46	3fffffffffff
N??CAA_K?WWCEC@oAg?	46	7ffffffffffd
N??CAA_K?WWCEC@o@g?	46	ffffffff7ffd
N??CAA_K?WWCEC@oCW?	46	3ffe7f8f6b7ef07b
N??CAA_K?WWCEC@o?p?	46	1ffffff7efffd
N??CAA_K?WWCEC@o?h?	46	dffffff7e7ff9
N??CAA_K?WWCBCCoF??	46	7fffffffff7f
N??CAA_K?WWCBCCo@o?	46	7fffffffefff
N??CAA_K?WWCBCCo@g?	46	ffffffffeffd
N??CAA_K?WWCBCCoE@?	46	7fffffff7fff
N??CAA_K?WWCCcBOD_?	46	6ffaffffffefb
N??CAA_K?WWCAcDOD_?	46	3fffffffffff
N??CAA_K?WWCAcDOB_?	46	ffffffffeffe
N??CAA_K?WWCAcDOEO?	46	1ffffffffb7fe
N??CAA_K?WWCAcDO@o?	46	3fffffffffff
N??CAA_K?WWCAcDO@g?	46	7ffffffffffd
N??CAA_K?WWCAcDOCW?	46	3ffdf7ffff77f
N??CAA_K?WWCAcDO@P?	46	fffffffdf7ff
N??CAA_K?WWCCSB_H_?	46	7fbfbffbf7f7f
N??CAA_K?WWCCSB_D_?	46	3ffffffffffd2
N??CAA_K?WWCCSB_B_?	46	3fffffffeeffc
N??CAA_K?WWCCSB_@g?	46	3ffffffff7efc
N??CAA_K?WWCCSB_@H?	46	3ffffffff7f7a
N??CAA_K?WWCASD_H_?	46	3fffffffffff
N??CAA_K?WWCASD_D_?	46	3fffffffffff
N??CAA_K?WWCASD_B_?	46	ffffffffeffe
N??CAA_K?WWCASD_EO?	46	3fdffffffb7fe
N??CAA_K?WWCASD_@o?	46	3fffffffffff
N??CAA_K?WWCASD_@g?	46	7ffffffffffd
N??CAA_K?WWCASD_CW?	46	3ffdf7ffff77f
N??CAA_K?WWCASD_C`?	46	3fffffffffff
N??CAA_K?WWCASD_@`?	46	fffffffff7fd
N??CAA_K?WWCASD_CP?	46	3fffffffffff
N??CAA_K?WWCASD_@P?	46	3fffffffffff
N??CAA_K?WWCASD_AH?	46	7ffffffffffb
N??CAA_K?WWCASD_@H?	46	fffffffdfffb
N??CAA_K?WWCASD_?h?	46	7ffffffffffb
N??CAA_K?WWC?sF?F??	46	7fffffffff7f
N??CAA_K?WWC?sF?H_?	46	3fffffffffff
N??CAA_K?WWC?sF?D_?	46	7fffffffff7f
N??CAA_K?WWC?sF?DO?	46	3fffffffffff
N??CAA_K?WWC?sF?@o?	46	3fffffffffff
N??CAA_K?WWC?sF?BG?	46	7ffffffffffd
N??CAA_K?WWC?sF?@g?	46	7ffffffffffd
N??CAA_K?WWC?sF?E@?	46	7fffffff7fff
N??CAA_K?WWC?sF?CP?	46	7ffffffff7ff
N??CAA_K?WWC?sF?@P?	46	3fffffffffff
N??CAA_K?WWC?sF?AH?	46	7ffffffffffb
N??CAA_K?WWC?sF?@H?	46	7ffffffffffb
N??CAA_K?WWCEA@oM??	46	fffffffdf7ff
N??CAA_K?WWCEA@oD_?	46	7fffffffff7f
N??CAA_K?WWCEA@oIO?	46	3fffffffffff
N??CAA_K?WWCEA@oEO?	46	3fffffffffff
N??CAA_K?WWCEA@oHO?	46	3ffffffffffcc
N??CAA_K?WWCEA@oBG?	46	ffffffffff7d
N??CAA_K?WWCEA@o@g?	46	7ffffffffb77c
N??CAA_K?WWCEA@oGW?	46	2ffdeff7fe70fccc
N??CAA_K?WWCEA@o@W?	46	1ffffffffb7fe
N??CAA_K?WWCEA@o?w?	46	3fefedefe76634fe
N??CAA_K?WWCEA@oBA?	46	3fffffffd77fd
N??CAA_K?WWCEA@oAI?	46	7ffffffffffb
N??CAA_K?WWCCaBOM??	46	7ffffffffffd
N??CAA_K?WWCCaBOEO?	46	ffffffff0e7ff
N??CAA_K?WWCCaBO@g?	46	7ffffffffb77c
N??CAA_K?WWCCaBOCW?	46	3fffffffffff
N??CAA_K?WWCCaBOKA?	46	ffffffff6fff
N??CAA_K?WWCCaBO@a?	46	fffffffff7fd
N??CAA_K?WWCCaBOAQ?	46	fffffbbfce7ff
N??CAA_K?WWCCaBOAI?	46	7ffffffffffb
N??CAA_K?WWCCQB_M??	46	7ffffffffffe
N??CAA_K?WWCCQB_IO?	46	3fffffffffff
N??CAA_K?WWCCQB_EO?	46	3fffffffffff
N??CAA_K?WWCCQB_@o?	46	1ffffffffb7fe
N??CAA_K?WWCCQB_EG?	46	7ffffffff7ff
N??CAA_K?WWCCQB_@g?	46	7ffffffffb77c
N??CAA_K?WWCCQB_KA?	46	ffffffff77ff
N??CAA_K?WWCCQB_EA?	46	7ffffffff7ff
N??CAA_K?WWCCQB_DA?	46	3fffffffffff
N??CAA_K?WWCCQB_BA?	46	fffffffff7fd
N??CAA_K?WWCCQB_AQ?	46	3fffffffffff
N??CAA_K?WWCCQB_CI?	46	7ffffffdffff
N??CAA_K?WWCCQB_AI?	46	fffffffdfffb
N??CAA_K?WWCCQB_@I?	46	7ffffffffffb
N??CAA_K?WWCAQD_M??	46	3ffffef7ef7ff
N??CAA_K?WWCAQD_EO?	46	37ff6fdff9f0fb52
N??CAA_K?WWCAQD_?w?	46	1ffffffffb7fe
N??CAA_K?WWCAQD_KA?	46	ffff7fefd7e7f
N??CAA_K?WWCAQD_EA?	46	2ffdeff7fe70fccc
N??CAA_K?WWCAQD_BA?	46	fffffffff7fd
N??CAA_K?WWCAQD_Ca?	46	3effffffffb7e
N??CAA_K?WWCAQD_@a?	46	fffffffff7fd
N??CAA_K?WWCAQD_AI?	46	7ffffffffffb
N??CAA_K?WWC?qF?M??	46	7ffffffdffff
N??CAA_K?WWC?qF?D_?	46	7fffffffff7f
N??CAA_K?WWC?qF?IO?	46	3fffffffffff
N??CAA_K?WWC?qF?EO?	46	3fffffffffff
N??CAA_K?WWC?qF?HO?	46	3ffffffffffcc
N??CAA_K?WWC?qF?DO?	46	3fffffffffff
N??CAA_K?WWC?qF?@g?	46	7ffffffffb77c
N??CAA_K?WWC?qF?DA?	46	7fffffff7fff
N??CAA_K?WWC?qF?AQ?	46	3fffffffffff
N??CAA_K?WWC?qF?AI?	46	7ffffffffffb
N??CAA_K?WWC?qF?@I?	46	7ffffffffffb
N??CAA_K?WKCe?@oH_?	46	3fffffffffff
N??CAA_K?WKCe?@oB_?	46	3fffffffffff
N??CAA_K?WKCe?@oIO?	46	3ffffffffffcc
N??CAA_K?WKCe?@oAo?	46	3fffffffffff
N??CAA_K?WKCe?@o@o?	46	3fffffffffff
N??CAA_K?WKCe?@o@g?	46	3fffffffffff
N??CAA_K?WKCe?@oGW?	46	1ffffffffb7fe
N??CAA_K?WKCe?@o@W?	46	3fffffffffff
N??CAA_K?WKCe?@oHA?	46	fffffffff77f
N??CAA_K?WKCe?@oGa?	46	3fffffffffff
N??CAA_K?WKCe?@o@a?	46	3fffffffffff
N??CAA_K?WKCe?@oGQ?	46	1ffffffffb7fe
N??CAA_K?WKCe?@oAQ?	46	1ffffffffb7fe
N??CAA_K?WKCe?@o?Y?	46	3ffdf7ffff77f
N??CAA_K?WKCe?@oH@?	46	7ffffffff7ff
N??CAA_K?WKCe?@oB@?	46	ffffffffe7ff
N??CAA_K?WKCe?@oG`?	46	3fffffffffff
N??CAA_K?WKCe?@oA`?	46	3fffffffffff
N??CAA_K?WKCe?@o@`?	46	3fffffffffff
N??CAA_K?WKCe?@o@H?	46	3fffffffffff
N??CAA_K?WKCe?@oGB?	46	7ffffffdffff
N??CAA_K?WKCe?@o@B?	46	fffffffdf7ff
N??CAA_K?WKCe?@o?b?	46	3fffffffffff
N??CAA_K?WKCb?CoH_?	46	ffffffffeffe
N??CAA_K?WKCb?CoB_?	46	3fffffffffff
N??CAA_K?WKCb?CoBO?	46	3fffffffffff
N??CAA_K?WKCb?CoHA?	46	7fffffffff7f
N??CAA_K?WKCb?CoB@?	46	3fffffffffff
N??CAA_K?WKCb?CoGB?	46	7fffffff7fff
N??CAA_K?WKCF?CoX??	46	3fffffffffff
N??CAA_K?WKCF?Co@o?	46	ffffffff7ffd
N??CAA_K?WKCF?Co@a?	46	3fffffffcfefb
N??CAA_K?WKCF?Co@Q?	46	3fffffffffff
N??CAA_K?WKCF?CoW@?	46	3fffffffffff
N??CAA_K?WKCF?AoY??	46	7ffffffff7ff
N??CAA_K?WKCF?AoW_?	46	3fffffffffff
N??CAA_K?WKCF?AoQO?	46	3fffffffffff
N??CAA_K?WKCF?AoOo?	46	3fffffffffff
N??CAA_K?WKCF?AoGo?	46	3fffffffffff
N??CAA_K?WKCF?AoAo?	46	ffffffff7ffd
N??CAA_K?WKCF?AoOW?	46	3ffffffffffd2
N??CAA_K?WKCF?AoAW?	46	7ffffffffffd
N??CAA_K?WKCF?Ao?w?	46	fffffffffff9
N??CAA_K?WKCF?AoWA?	46	7fffffffff7f
N??CAA_K?WKCF?AoOa?	46	3fffffffffff
N??CAA_K?WKCF?AoGQ?	46	3fffffffffff
N??CAA_K?WKCF?AoAQ?	46	3fffffffffff
N??CAA_K?WKCF?Ao?q?	46	3fffffffffff
N??CAA_K?WKCF?Ao?Y?	46	3fffffffffff
N??CAA_K?WKCF?AoW@?	46	3fffffffffff
N??CAA_K?WKCF?AoQ@?	46	3fffffffffff
N??CAA_K?WKCF?AoA`?	46	3fffffffcfefb
N??CAA_K?WKCF?AoGP?	46	3fffffffffff
N??CAA_K?WKCF?AoAP?	46	fffffffffefb
N??CAA_K?WKCF?Ao?p?	46	3fffffffffe79
N??CAA_K?WKCF?Ao?X?	46	fffffffffff9
N??CAA_K?WKCF?AoOB?	46	3fffffffffff
N??CAA_K?WKCF?Ao?R?	46	3fffffffffff
N??CAA_K?WKCc_BOJ??	46	3fffffffffff
N??CAA_K?WKCc_BOB_?	46	efffff7fe7ff9
N??CAA_K?WKCc_BO@o?	46	6fffef7ff7ffb
N??CAA_K?WKCc_BO@W?	46	3fffffffffff
N??CAA_K?WKCc_BOHA?	46	3fffffffffff
N??CAA_K?WKCc_BO@a?	46	6ffaffffffefb
N??CAA_K?WKCc_BO@Q?	46	7ffbfef7ef7ff
N??CAA_K?WKCc_BOI@?	46	7ffffffffffd
N??CAA_K?WKCc_BOB@?	46	fffffffffeed2
N??CAA_K?WKCc_BO?X?	46	3fffffffffff
N??CAA_K?WKCc_BOGB?	46	7fffffffefff
N??CAA_K?WKCc_BO@B?	46	7ebfffffffb7e
N??CAA_K?WKCS_BOP_?	46	3fffffffffff
N??CAA_K?WKCS_BOB_?	46	3fffffffffff
N??CAA_K?WKCS_BOBG?	46	3fffffffffff
N??CAA_K?WKCS_BOPA?	46	3fffffffffff
N??CAA_K?WKCS_BOP@?	46	3fffffffffff
N??CAA_K?WKCS_BOB@?	46	3fffffffffff
N??CAA_K?WKCS_BOOB?	46	7fffffffefff
N??CAA_K?WKCa_DOH_?	46	3fffffffffff
N??CAA_K?WKCa_DOB_?	46	fffffffefffd
N??CAA_K?WKCa_DOIO?	46	3ffffffffffcc
N??CAA_K?WKCa_DOAo?	46	3fffffffffff
N??CAA_K?WKCa_DO@o?	46	3fffffffe6eff
N??CAA_K?WKCa_DOGW?	46	3fdffffffb7fe
N??CAA_K?WKCa_DOHA?	46	ffffffffff7d
N??CAA_K?WKCa_DOGa?	46	3fff7fefdfeff
N??CAA_K?WKCa_DOGQ?	46	7ffffffffb77c
N??CAA_K?WKCa_DOG`?	46	3fffffffffff
N??CAA_K?WKCa_DOAP?	46	3fffffffffff
N??CAA_K?WKCa_DOGB?	46	7ffffffffeff
N??CAA_K?WKCE_DOP_?	46	3fffffffffff
N??CAA_K?WKCE_DO@W?	46	7ffffffffffd
N??CAA_K?WKCE_DOWA?	46	3ffffffffffcc
N??CAA_K?WKCE_DO@a?	46	3fffffffffff
N??CAA_K?WKCE_DOGQ?	46	1ffffffffb7fe
N??CAA_K?WKCE_DO?q?	46	3fffffffffff
N??CAA_K?WKCE_DOW@?	46	3fffffffffff
N??CAA_K?WKCE_DOH@?	46	3fffffffffff
N??CAA_K?WKCE_DO?p?	46	fffffffffefb
N??CAA_K?WKCE_DO?X?	46	7ffffffffffb
N??CAA_K?WKCEA@oY??	46	fffffffdf7ff
N??CAA_K?WKCEA@oX??	46	7ffffffff7ff
N??CAA_K?WKCEA@oW_?	46	3ffffbbfeefff
N??CAA_K?WKCEA@oQ_?	46	3fffffffffff
N??CAA_K?WKCEA@oHO?	46	3fffffffffff
N??CAA_K?WKCEA@oBO?	46	fffffffffefb
N??CAA_K?WKCEA@oAo?	46	fffffffffefb
N??CAA_K?WKCEA@o@o?	46	3fffffffffe79
N??CAA_K?WKCEA@oAW?	46	7ffffffffffb
N??CAA_K?WKCEA@o@W?	46	fffffffffff9
N??CAA_K?WKCEA@o?w?	46	fffffffe67ff9
N??CAA_K?WKCEA@oWA?	46	ffffffffd787f
N??CAA_K?WKCEA@oOa?	46	3fffffffffff
N??CAA_K?WKCEA@oGQ?	46	1ffffff7efffd
N??CAA_K?WKCEA@oAQ?	46	3fffffffffff
N??CAA_K?WKCEA@o@Q?	46	3fffffffffff
N??CAA_K?WKCCaBOY??	46	7ffffffffffd
N??CAA_K?WKCCaBOX??	46	3fffffffffff
N??CAA_K?WKCCaBOJ??	46	3fffffffffff
N??CAA_K?WKCCaBOB_?	46	3fffffffcfefb
N??CAA_K?WKCCaBOQO?	46	ffffffff0e7ff
N??CAA_K?WKCCaBOIO?	46	7ffffffff7ff
N??CAA_K?WKCCaBO@g?	46	3ffffffffe7f9
N??CAA_K?WKCCaBOOW?	46	3fffffffffff
N??CAA_K?WKCCaBOAW?	46	7ffffffffffb
N??CAA_K?WKCCaBOWA?	46	ffffffff6fff
N??CAA_K?WKCCaBOPA?	46	3fffffffffff
N??CAA_K?WKCCaBOOI?	46	7ffffffffffb
N??CAA_K?WQCY?@oH_?	46	3fffffffffff
N??CAA_K?WQCY?@oB_?	46	3fffffffffff
N??CAA_K?WQCY?@oIO?	46	3ffffffffffcc
N??CAA_K?WQCY?@oAo?	46	3fffffffffff
N??CAA_K?WQCY?@o@o?	46	3fffffffffff
N??CAA_K?WQCY?@oBG?	46	3fffffffffff
N??CAA_K?WQCY?@o@g?	46	3fffffffffff
N??CAA_K?WQCY?@oAW?	46	1ffffffffb7fe
N??CAA_K?WQCY?@o@W?	46	3fffffffffff
N??CAA_K?WQCY?@oIA?	46	ffffffffff74c
N??CAA_K?WQCY?@o@a?	46	3fffffffffff
N??CAA_K?WQCY?@oGQ?	46	1ffffffffb7fe
N??CAA_K?WQCY?@o?q?	46	3fffffffffff
N??CAA_K?WQCY?@o?Y?	46	3ffdf7ffff77f
N??CAA_K?WQCY?@oI@?	46	7ffffffff7ff
N??CAA_K?WQCY?@oH@?	46	7ffffffff7ff
N??CAA_K?WQCY?@oG`?	46	3fffffffffff
N??CAA_K?WQCY?@oA`?	46	3fffffffffff
N??CAA_K?WQCY?@o@`?	46	3fffffffffff
N??CAA_K?WQCY?@oGP?	46	3fffffffffff
N??CAA_K?WQCY?@o?h?	46	7fffffffff7f
N??CAA_K?WQCJ?OoH_?	46	37ffffbfefffb
N??CAA_K?WQCJ?OoHO?	46	3fffffffffff
N??CAA_K?WQCJ?OoH@?	46	3fbffffffcffe
N??CAA_K?WQCW_BOB_?	46	2fffff7ff7ffb
N??CAA_K?WQCW_BO@o?	46	2fffff7ff7ffb
N??CAA_K?WQCW_BO@W?	46	3fffffffffff
N??CAA_K?WQCW_BO@a?	46	2ffeffffffefb
N??CAA_K?WQCW_BO@Q?	46	7ffbfef7ef7ff
N??CAA_K?WQCQ_BOM??	46	3fffffffffff
N??CAA_K?WQCQ_BOK_?	46	3fffffffffff
N??CAA_K?WQCQ_BOE_?	46	3fffffffffff
N??CAA_K?WQCQ_BOCo?	46	3fffffffffff
N??CAA_K?WQCQ_BOEG?	46	7fffffffff7f
N??CAA_K?WQCQ_BOCW?	46	3fffffffffff
N??CAA_K?WQCQ_BOGa?	46	7ffffffffffe
N??CAA_K?WQCQ_BOCa?	46	3fffffffffff
N??CAA_K?WQCQ_BOK@?	46	3fffffffffff
N??CAA_K?WQCQ_BOE@?	46	3fffffffffff
N??CAA_K?WQCQ_BOCH?	46	3fffffffffff
N??CAA_K?WQCQ_BOGB?	46	7ffffffffffd
N??CAA_K?WQCQ_BO?J?	46	7fffffffefff
N??CAA_K?WQCQ_@oM??	46	3ffffffffffcc
N??CAA_K?WQCQ_@oF??	46	3fffffffffff
N??CAA_K?WQCQ_@oK_?	46	3fffffffffff
N??CAA_K?WQCQ_@oD_?	46	3fffffffffff
N??CAA_K?WQCQ_@oKA?	46	1ffffffffb7fe
N??CAA_K?WQCQ_@oDA?	46	3fffffffffff
N??CAA_K?WQCQ_@oK@?	46	3fffffffffff
N??CAA_K?WQCQ_@oE@?	46	7fffffffefff
N??CAA_K?WQCI_POI_?	46	3effffffffb7e
N??CAA_K?WQCI_POIO?	46	2ffdeff7fe70fccc
N??CAA_K?WQCI_POGo?	46	1ffffffffb7fe
N??CAA_K?WQCI_POIA?	46	3defbfffdea94fcc
N??CAA_K?WQCI_POGa?	46	1ffffeffff7fd
N??CAA_K?WQCI_POGQ?	46	3fefedefe76634fe
N??CAA_K?WQCB_QOM??	46	1ffffffffcffe
N??CAA_K?WQCB_QOK_?	46	3fffffffffff
N??CAA_K?WQCB_QOKO?	46	3fffffffffff
N??CAA_K?WQCB_QOKA?	46	3ffff7dfdf7ff
N??CAA_K?WQCB_QOGa?	46	7ffffffffffe
N??CAA_K?WQCB_QOGB?	46	7ffffffffffd
N??CAA_K?WQCWOB_H_?	46	1ffffffffb7fe
N??CAA_K?WQCWOB_HO?	46	3fffffffffff
N??CAA_K?WQCWOB_H@?	46	3ffdffdfdff7f
N??CAA_K?WQCWOB_GP?	46	3fffffffffff
N??CAA_K?WQCQOP_F??	46	3fffffffdf6fe
N??CAA_K?WQCQOP_E_?	46	3ffffdefdefff
N??CAA_K?WQCQOP_D_?	46	3fffffffffff
N??CAA_K?WQCQOP_EG?	46	3ffffffffffcc
N??CAA_K?WQCQOP_@a?	46	7ffffffffffe
N??CAA_K?WQCOoB_L??	46	3fffffffffff
N??CAA_K?WQCOoB_K@?	46	3fffffffffff
N??CAA_K?WQCQC@oM??	46	ffffffffff74c
N??CAA_K?WQCQC@oF??	46	3ffffffffe67f
N??CAA_K?WQCQC@oH_?	46	7ffffffffffe
N??CAA_K?WQCQC@oD_?	46	3fffffffffff
N??CAA_K?WQCQC@o@g?	46	7ffffffff7ff
N??CAA_K?WQCQC@oH@?	46	fffffffdfffd
N??CAA_K?WQCQC@oG`?	46	7ffffffffffd
N??CAA_K?WQCQC@o@`?	46	7ffffffff7ff
N??CAA_K?WQCQC@o@H?	46	7fffffffefff
N??CAA_K?WQCQC@o?h?	46	ffffffff6fff
N??CAA_K?WQCBCOoH_?	46	ffff7dfffeefa
N??CAA_K?WQCOcBOD_?	46	2ffeffffffefb
N??CAA_K?WQCAcPOM??	46	3defbfffdea94fcc
N??CAA_K?WQCOSB_H_?	46	fffdf7ffff77c
N??CAA_K?WQCOSB_H@?	46	fffffffe67ff9
N??CAA_K?WQCQA@oM??	46	3fffffffd77fd
N??CAA_K?WQCQA@oKO?	46	7ffffffff7ff
N??CAA_K?WQCQA@oEG?	46	7ffbffffff87f
N??CAA_K?WQCQA@oCW?	46	3bfffffbf7ffd
N??CAA_K?WQCQA@oKA?	46	3fffffffd6ffb
N??CAA_K?WQCOaBOM??	46	7ffffffffffd
N??CAA_K?WQCOaBOEG?	46	7fffffff7fff
N??CAA_K?WQCOaBOCW?	46	3fffffffffff
N??CAA_K?WQCOaBOHA?	46	7ffffffffffd
N??CAA_K?WQCOQB_M??	46	fffdf7ffff77c
N??CAA_K?WQCOQB_KO?	46	7ffffffff7ff
N??CAA_K?WQCOQB_KA?	46	ffffffff0e7ff
N??CAA_K?WQCOQB_HA?	46	7ffffffffffd
N??CAA_K?WECq?@oB_?	46	3fffffffffff
N??CAA_K?WECq?@oIA?	46	ffffffffff74c
N??CAA_K?WECq?@oAI?	46	1ffffffffb7fe
N??CAA_K?WECq?@oA`?	46	3fffffffffff
N??CAA_K?WECU?@oX??	46	fffffffff7fe
N??CAA_K?WECU?@oW_?	46	3fffffffffff
N??CAA_K?WECU?@oP_?	46	3fffffffffff
N??CAA_K?WECU?@oH_?	46	3ffffef7ef7ff
N??CAA_K?WECU?@o@g?	46	3ffff7dfdf7ff
N??CAA_K?WECU?@oWA?	46	ffffffffff74c
N??CAA_K?WECU?@o@a?	46	3fffffffffff
N??CAA_K?WECU?@oGQ?	46	1ffffffffb7fe
N??CAA_K?WECU?@o@Q?	46	3fffffffffff
N??CAA_K?WECU?@oOI?	46	1ffffffffb7fe
N??CAA_K?WECU?@oGI?	46	1ffffffffb7fe
N??CAA_K?WECU?@o?Y?	46	3ffdf7ffff77f
N??CAA_K?WECU?@oP@?	46	ffffffffe7ff
N??CAA_K?WECU?@oH@?	46	fffffdefce7ff
N??CAA_K?WECU?@oO`?	46	ffffffffeffb
N??CAA_K?WECU?@oOH?	46	7ffffffffffb
N??CAA_K?WECU?@o?h?	46	ffffffff0e7ff
N??CAA_K?WECF?OoX??	46	3fffffffffff
N??CAA_K?WECF?OoW@?	46	7ffffffffffb
N??CAA_K?WECo_BOB_?	46	3ffe7fda37bf077b
N??CAA_K?WECS_BOP_?	46	efffff7fe7ff9
N??CAA_K?WECS_BOPG?	46	7fffffffff7f
N??CAA_K?WECS_BO@a?	46	77ffebfffeffb
N??CAA_K?WECS_BOP@?	46	fffffffffeed2
N??CAA_K?WECS_BOOH?	46	7fffffff7fff
N??CAA_K?WECS_BO?R?	46	fffeff7fd7e7f
N??CAA_K?WECa_POIA?	46	3defbfffdea94fcc
N??CAA_K?WECQ_BOY??	46	3fffffffffff
N??CAA_K?WECQ_BOQ_?	46	3fffffffffff
N??CAA_K?WECQ_BOI_?	46	3ffffef7ef7ff
N??CAA_K?WECQ_BOIO?	46	3fffffffffff
N??CAA_K?WECQ_BOQG?	46	7fffffffff7f
N??CAA_K?WECQ_BOAa?	46	3fffffffffff
N??CAA_K?WECQ_BOQ@?	46	3fffffffffff
N??CAA_K?WECQ_BOI@?	46	3ffffdefdefff
N??CAA_K?WECQ_BOAP?	46	3fffffffffff
N??CAA_K?WECQ_BOAH?	46	3fffffff0ffff
N??CAA_K?WECE_POWA?	46	3defbfffdea94fcc
N??CAA_K?WECE_POGa?	46	5fffdeffff7fd
N??CAA_K?WECE_POGQ?	46	3fefedefe76634fe
N??CAA_K?WECE_POGI?	46	3fdffffffb7fe
N??CAA_K?WECE_POW@?	46	7ffffffffeff
N??CAA_K?WECSOB_X??	46	3fffffffffff
N??CAA_K?WECSOB_H_?	46	3fefedefe76634fe
N??CAA_K?WECSOB_HA?	46	3ffff7dfdf7ff
N??CAA_K?WECSOB_W@?	46	7ffffffffffe
N??CAA_K?WECSOB_H@?	46	3ff73fdb9cfdef61
N??CAA_K?WECQOP_B_?	46	3ffffef7ef7ff
N??CAA_K?WECQOP_A`?	46	3ffffdefdefff
N??CAA_K?WECQOB_Y??	46	1ffffffffcffe
N??CAA_K?WECQOB_I_?	46	3ffffef7ef7ff
N??CAA_K?WECQOB_IA?	46	3ffff7dfdf7ff
N??CAA_K?WECQOB_I@?	46	3ffffdefdefff
N??CAA_K?WECOoR?B_?	46	3ffe7f8f6b7ef07b
N??CAA_K?WECQA@oY??	46	3fffffffd77fd
N??CAA_K?WECQA@oQG?	46	7ffbffffff87f
N??CAA_K?WECQA@oAg?	46	3fffffff0ffff
N??CAA_K?WECQA@oIA?	46	3fffffffd6ffb
N??CAA_K?WECOaBOY??	46	7ffffffffffd
N??CAA_K?WECOaBOJ??	46	3ffffdefdefff
N??CAA_K?WECOaBOIO?	46	7ffffffff7ff
N??CAA_K?WECOaBOQG?	46	7fffffff7fff
N??CAA_K?WECAaPOY??	46	3ffe7fda37bf077b
N??CAA_K?WECAaPOJ??	46	3ffffdefdefff
N??CAA_K?WECOQB_Y??	46	fffdf7ffff77c
N??CAA_K?WECOQB_IA?	46	ffffffff0e7ff
N??CAA_K?WPC[?@oH_?	46	3fffffffffff
N??CAA_K?WPC[?@oB_?	46	3fffffffffff
N??CAA_K?WPC[?@o@o?	46	2fffff7ff7ffb
N??CAA_K?WPC[?@oAg?	46	3fffffffffff
N??CAA_K?WPC[?@o@g?	46	3fffffffffff
N??CAA_K?WPC[?@oAW?	46	1ffffffffb7fe
N??CAA_K?WPC[?@oHA?	46	fffffffff77f
N??CAA_K?WPC[?@oBA?	46	3ffffffffe67f
N??CAA_K?WPC[?@oGa?	46	3fffffffffff
N??CAA_K?WPC[?@o@a?	46	3fffffffffff
N??CAA_K?WPC[?@oGQ?	46	1ffffffffb7fe
N??CAA_K?WPC[?@oAQ?	46	1ffffffffb7fe
N??CAA_K?WPC[?@oAI?	46	7ffffffffb77c
N??CAA_K?WPC[?@o@I?	46	3fffffffffff
N??CAA_K?WPC[?@o?i?	46	3fffffffffff
N??CAA_K?WPC[?@o?Y?	46	3ffdf7ffff77f
N??CAA_K?WPC[?@oH@?	46	7ffffffff7ff
N??CAA_K?WPC[?@oB@?	46	ffffffffe7ff
N??CAA_K?WPC[?@o@`?	46	3effffffffcfe
N??CAA_K?WPC[?@oGP?	46	3fffffffffff
N??CAA_K?WPC[?@o@H?	46	3fffffffffff
N??CAA_K?WPC[?@o@B?	46	fffffffdf7ff
N??CAA_K?WPCU?@oM??	46	fffffffff7fe
N??CAA_K?WPCU?@oE_?	46	3fffffffffff
N??CAA_K?WPCU?@oEO?	46	3fffffffffff
N??CAA_K?WPCU?@oGo?	46	3ffffffffffd2
N??CAA_K?WPCU?@oAo?	46	3fffffffffff
N??CAA_K?WPCU?@oKG?	46	3fffffffffff
N??CAA_K?WPCU?@oEG?	46	3fffffffffff
N??CAA_K?WPCU?@oAg?	46	3fffffffffff
N??CAA_K?WPCU?@oAW?	46	3fffffffffff
N??CAA_K?WPCU?@o?w?	46	1ffffffffcffe
N??CAA_K?WPCU?@oKA?	46	fffffffff77f
N??CAA_K?WPCU?@oCa?	46	3fffffffffff
N??CAA_K?WPCU?@oGQ?	46	3fffffffffff
N??CAA_K?WPCU?@oCI?	46	3fffffffffff
N??CAA_K?WPCU?@o?Y?	46	3fffffffffff
N??CAA_K?WPCU?@oK@?	46	7ffffffff7ff
N??CAA_K?WPCU?@oI@?	46	7ffffffff7ff
N??CAA_K?WPCU?@oE@?	46	ffffffffe7ff
N??CAA_K?WPCU?@oGP?	46	3ffffffffffcc
N??CAA_K?WPCU?@oGH?	46	3ffffffffffcc
N??CAA_K?WPCU?@oCH?	46	3fffffffffff
N??CAA_K?WPCU?@o?X?	46	1ffffffffb7fe
N??CAA_K?WPCU?@oCB?	46	fffffffdf7ff
N??CAA_K?WPCL?OoH_?	46	3fffffffffff
N??CAA_K?WPCL?OoIO?	46	3ffffffffffcc
N??CAA_K?WPCL?OoHO?	46	1ffffffffb7fe
N??CAA_K?WPCL?OoGo?	46	7fffffffefff
N??CAA_K?WPCL?OoIA?	46	3ffffffffffcc
N??CAA_K?WPCL?OoHA?	46	3fffffffffff
N??CAA_K?WPCL?OoGa?	46	3fffffffffff
N??CAA_K?WPCL?OoGQ?	46	1ffffffffb7fe
N??CAA_K?WPCL?OoH@?	46	3fffffffffff
N??CAA_K?WPCW_DOI_?	46	3fffffffffff
N??CAA_K?WPCW_DOH_?	46	3fffffffffff
N??CAA_K?WPCW_DOB_?	46	3fffffffffff
N??CAA_K?WPCW_DOIO?	46	3ffffffffffcc
N??CAA_K?WPCW_DO@o?	46	3fffffffffff
N??CAA_K?WPCW_DO@g?	46	3fffffffffff
N??CAA_K?WPCW_DOGW?	46	3fdffffffb7fe
N??CAA_K?WPCW_DOAW?	46	1ffffffffb7fe
N??CAA_K?WPCW_DO?w?	46	3fffffffffff
N??CAA_K?WPCW_DOHA?	46	ffffffffff7d
N??CAA_K?WPCW_DOGa?	46	3fffffffffff
N??CAA_K?WPCW_DO@a?	46	3fffffffffff
N??CAA_K?WPCW_DOGQ?	46	7ffffffffb77c
N??CAA_K?WPCW_DOAQ?	46	1ffffffffb7fe
N??CAA_K?WPCW_DO@I?	46	3fffffffffff
N??CAA_K?WPCW_DO?i?	46	3fffffffffff
N??CAA_K?WPCW_DO?Y?	46	3ffdf7ffff77f
N??CAA_K?WPCW_DOH@?	46	fffffffff7fd
N??CAA_K?WPCW_DOB@?	46	3fffffffffff
N??CAA_K?WPCW_DO@`?	46	3fffffffffff
N??CAA_K?WPCW_DO@H?	46	3fffffffffff
N??CAA_K?WPCW_DO@B?	46	ffffffffe7ff
N??CAA_K?WPCS_DOK_?	46	3fffffffffff
N??CAA_K?WPCS_DOH_?	46	3fffffffffff
N??CAA_K?WPCS_DOD_?	46	3fffffffffff
N??CAA_K?WPCS_DOGo?	46	3fffffffffff
N??CAA_K?WPCS_DOCo?	46	3fffffffffff
N??CAA_K?WPCS_DO@o?	46	3fffffffffff
N??CAA_K?WPCS_DO@g?	46	3fffffffffff
N??CAA_K?WPCS_DOCW?	46	1ffffffffb7fe
N??CAA_K?WPCS_DO@W?	46	3fffffffffff
N??CAA_K?WPCS_DO?w?	46	3fffffffffff
N??CAA_K?WPCS_DO@a?	46	3fffffffffff
N??CAA_K?WPCS_DOGQ?	46	1ffffffffb7fe
N??CAA_K?WPCS_DO?i?	46	fffffffff7fd
N??CAA_K?WPCS_DOH@?	46	3fffffffffff
N??CAA_K?WPCS_DOD@?	46	7fffffffefff
N??CAA_K?WPCS_DOG`?	46	fffffffff7fe
N??CAA_K?WPCS_DO@`?	46	3fffffffffff
N??CAA_K?WPCS_DOGP?	46	3fffffffffff
N??CAA_K?WPCS_DO@H?	46	3fffffffffff
N??CAA_K?WPCS_DO?h?	46	fffffffff77f
N??CAA_K?WPCS_DOGB?	46	7ffffffffffd
N??CAA_K?WPCS_DO?b?	46	7ffffffff7ff
N??CAA_K?WPCS_DO?J?	46	7fffffffefff
N??CAA_K?WPCS_@oM??	46	3ffffffffffcc
N??CAA_K?WPCS_@oF??	46	3fffffffffff
N??CAA_K?WPCS_@oK_?	46	3fffffffffff
N??CAA_K?WPCS_@oE_?	46	3fffffffffff
N??CAA_K?WPCS_@oH_?	46	3ffffffffffd2
N??CAA_K?WPCS_@oKA?	46	1ffffffffb7fe
N??CAA_K?WPCS_@oIA?	46	1ffffffffb7fe
N??CAA_K?WPCS_@o@a?	46	3fffffffffff
N??CAA_K?WPCS_@oCI?	46	3ffdf7ffff77f
N??CAA_K?WPCS_@oAI?	46	3ffdf7ffff77f
N??CAA_K?WPCK_POJ??	46	3ffffdefdefff
N??CAA_K?WPCK_POI_?	46	3effffffffb7e
N??CAA_K?WPCK_POGo?	46	1ffffffffb7fe
N??CAA_K?WPCK_POHA?	46	3ffffffe97fff
N??CAA_K?WPCK_POGa?	46	1ffffeffff7fd
N??CAA_K?WPCK_POGI?	46	1ffffffffb7fe
N??CAA_K?WPCE_POM??	46	3ffffdefdefff
N??CAA_K?WPCE_POK_?	46	3fffffffffff
N??CAA_K?WPCE_POI_?	46	3fffffffffff
N??CAA_K?WPCE_POGo?	46	3ffffffffffd2
N??CAA_K?WPCE_POKA?	46	3ffffffe97fff
N??CAA_K?WPCE_POK@?	46	3fffffffffff
N??CAA_K?WPCE_POI@?	46	3fffffffffff
N??CAA_K?WPCE_POGP?	46	3ffffffffffcc
N??CAA_K?WPCD_SOK_?	46	3fffffffffff
N??CAA_K?WPCD_SOH_?	46	3fffffffffff
N??CAA_K?WPCD_SOKO?	46	3ffffffffffcc
N??CAA_K?WPCD_SOHO?	46	3fffffffffff
N??CAA_K?WPCD_SOGo?	46	3fffffffffff
N??CAA_K?WPCD_SOGg?	46	3fffffffdef7e
N??CAA_K?WPCD_SOKA?	46	ffffffffff74c
N??CAA_K?WPCD_SOGQ?	46	1ffffffffb7fe
N??CAA_K?WPCD_SOGI?	46	7ffffffffb77c
N??CAA_K?WPCD_SOH@?	46	3fffffffffff
N??CAA_K?WPCD_SOG`?	46	fffffffff7fe
N??CAA_K?WPCD_SOGP?	46	3fffffffffff
N??CAA_K?WPCD_SOGB?	46	7ffffffffffd
N??CAA_K?WPCWOD_I_?	46	3fffffffffff
N??CAA_K?WPCWOD_H_?	46	3fffffffffff
N??CAA_K?WPCWOD_IO?	46	3ffffffffffcc
N??CAA_K?WPCWOD_HO?	46	3fffffffffff
N??CAA_K?WPCWOD_Go?	46	3fffffffffff
N??CAA_K?WPCWOD_HG?	46	3fffffffdef7e
N??CAA_K?WPCWOD_GW?	46	3fdffffffb7fe
N??CAA_K?WPCWOD_GI?	46	7ffffffffb77c
N??CAA_K?WPCWOD_H@?	46	fffffffff7fe
N??CAA_K?WPCWOD_G`?	46	3fffffffffff
N??CAA_K?WPCWOD_GP?	46	3fffffffffff
N??CAA_K?WPCSOP_E_?	46	3fffffffffff
N??CAA_K?WPCSOP_B_?	46	3fffffffffff
N??CAA_K?WPCSOP_EO?	46	3ffffffffffcc
N??CAA_K?WPCSOP_Co?	46	3ffff7dfdf7ff
N??CAA_K?WPCSOP_@o?	46	37ff6fdff9f0fb52
N??CAA_K?WPCSOP_EG?	46	ffffffffff74c
N??CAA_K?WPCSOP_DG?	46	3fffffffffff
N??CAA_K?WPCSOP_@g?	46	3ffffffffffd2
N??CAA_K?WPCSOP_CI?	46	7ffffffffb77c
N??CAA_K?WPCSOP_AI?	46	7ffffffffb77c
N??CAA_K?WPCOoT?EO?	46	3ffffffffffcc
N??CAA_K?WPCOoT?AI?	46	7ffffffffb77c
N??CAA_K?WPCOoD_M??	46	3ffffffffffcc
N??CAA_K?WPCOoD_L??	46	3fffffffffff
N??CAA_K?WPCOoD_J??	46	3fffffffffff
N??CAA_K?WPCOoD_I_?	46	3fffffffffff
N??CAA_K?WPCOoD_KA?	46	1ffffffffb7fe
N??CAA_K?WPCOoD_IA?	46	1ffffffffb7fe
N??CAA_K?WPCSC@oM??	46	ffffffffff74c
N??CAA_K?WPCSC@oF??	46	3ffffffffe67f
N??CAA_K?WPCSC@oHO?	46	3fffffffffff
N??CAA_K?WPCSC@o@o?	46	3ff8ffe76cfdf6e1
N??CAA_K?WPCSC@oEG?	46	7ffffffffb77c
N??CAA_K?WPCSC@oCW?	46	3ffdf7ffff77f
N??CAA_K?WPCSC@oG`?	46	fffffffdff7f
N??CAA_K?WPCSC@oA`?	46	7ffffffff7ff
N??CAA_K?WPCSC@o?h?	46	ffffffffe7fe1
N??CAA_K?WPCPCCo@o?	46	3fffffffffff
N??CAA_K?WPCPCCoCg?	46	3fffffffffff
N??CAA_K?WPCPCCo@g?	46	3fffffffffff
N??CAA_K?WPCPCCoG`?	46	fffffffeff7f
N??CAA_K?WPCPCCo?h?	46	7ffffffeffff
N??CAA_K?WPCDCOoM??	46	3ffffffffffcc
N??CAA_K?WPCDCOoIO?	46	7ffffffffb77c
N??CAA_K?WPCDCOoGo?	46	3fffffffcff7d
N??CAA_K?WPCDCOoG`?	46	3fffffffdef7e
N??CAA_K?WPCOcDOCo?	46	3fffffffffff
N??CAA_K?WPCOcDO@o?	46	3fffffffffff
N??CAA_K?WPCOcDOGW?	46	3ffdf7ffff77f
N??CAA_K?WPCOcDOCW?	46	3ffdf7ffff77f
N??CAA_K?WPCOcDOG`?	46	7fffffffff7f
N??CAA_K?WPCOcDOA`?	46	7ffffffff7ff
N??CAA_K?WPCOcDO?h?	46	fffffffeff7f
N??CAA_K?WPCCcPOK_?	46	5fffdeffff7fd
N??CAA_K?WPC@cSOM??	46	ffffffffff74c
N??CAA_K?WPC@cSOHO?	46	3fffffffffff
N??CAA_K?WPCOSD_M??	46	ffffffffff74c
N??CAA_K?WPCOSD_H_?	46	7ffffffffffd
N??CAA_K?WPCOSD_KO?	46	1ffffffffb7fe
N??CAA_K?WPCOSD_HO?	46	7ffffffffffd
N??CAA_K?WPCOSD_Go?	46	7ffffffffffd
N??CAA_K?WPCOSD_GW?	46	3ffdf7ffff77f
N??CAA_K?WPCOSD_I@?	46	7ffffffffffd
N??CAA_K?WPCOSD_H@?	46	fffffffff7fb
N??CAA_K?WPCOSD_G`?	46	ffffffffff7b
N??CAA_K?WPCOSD_GH?	46	fffffffefeff
N??CAA_K?WI@Q_BOAg?	46	3faeffff75e937d2
N??CAA_K?WI@Q_BO?w?	46	3faeffff75e937d2
N??CAA_K?WI@Q_@oEC?	46	3fffffffffff
N??CAA_K?WI@Q_@oCE?	46	3fffffffffff
N??CAA_K?WI@E_`O@W?	46	3ffffffe97fff
N??CAA_K?WI@E_`OKC?	46	3fffffffffff
N??CAA_K?WI@E_`OCS?	46	3fffffffffff
N??CAA_K?WI@E_`OCK?	46	3fffffffffff
N??CAA_K?WI@E_`OKA?	46	3fffffffffff
N??CAA_K?WI@E_`OCa?	46	3fffffffffff
N??CAA_K?WI@E_`OGQ?	46	3fffffffffff
N??CAA_K?WI@E_`OCI?	46	3fffffffffff
N??CAA_K?WI@E_`OGE?	46	3fffffffffff
N??CAA_K?WI@E_`O?e?	46	3fffffffffff
N??CAA_K?WI@E_`O?U?	46	3fffffffffff
N??CAA_K?WI@E_`O?M?	46	3fffffffffff
N??CAA_K?WI@E_HO@g?	46	3ffff7dfdf7ff
N??CAA_K?WI@E_HOOW?	46	3fffffffffff
N??CAA_K?WI@E_HOWC?	46	3fffffffffff
N??CAA_K?WI@E_HO@c?	46	3fffffffffff
N??CAA_K?WI@E_HOGS?	46	3fffffffffff
N??CAA_K?WI@E_HO?s?	46	3fffffffffff
N??CAA_K?WI@E_HO@K?	46	3fffffffffff
N??CAA_K?WI@E_HO?[?	46	3fffffffffff
N??CAA_K?WI@E_HO@I?	46	3fffffff0ffff
N??CAA_K?WI@E_HO?i?	46	3fffffff0ffff
N??CAA_K?WI@E_HO@E?	46	3fffffffffff
N??CAA_K?WI@E_HO?U?	46	3fffffffffff
N??CAA_K?WI@E_BOGo?	46	3faeffff75e937d2
N??CAA_K?WI@E_BOCo?	46	3fffffffffff
N??CAA_K?WI@E_BOSC?	46	3fffffffffff
N??CAA_K?WI@E_BOCc?	46	3fffffffffff
N??CAA_K?WI@E_BOGS?	46	3fffffffffff
N??CAA_K?WI@E_BOCS?	46	3fffffffffff
N??CAA_K?WI@E_BOGa?	46	3defbfffdea94fcc
N??CAA_K?WI@E_BOOQ?	46	3fffffffffff
N??CAA_K?WI@E_BOCQ?	46	3fffffffffff
N??CAA_K?WI@E_BO?q?	46	3effffffffb7e
N??CAA_K?WI@E_BOOE?	46	3fffffffffff
N??CAA_K?WI@E_BOCE?	46	3fffffffffff
N??CAA_K?WI@E_BO?U?	46	3fffffffffff
N??CAA_K?WI@E_@oSC?	46	3fffffffffff
N??CAA_K?WI@E_@oKC?	46	3fffffffffff
N??CAA_K?WI@E_@oCc?	46	3fffffffffff
N??CAA_K?WI@E_@oCK?	46	3fffffffffff
N??CAA_K?WI@E_@o@K?	46	3fffffffffff
N??CAA_K?WI@E_@oWA?	46	3fffffffffff
N??CAA_K?WI@E_@oSA?	46	3fffffffffff
N??CAA_K?WI@E_@oPA?	46	3fffffffffff
N??CAA_K?WI@E_@oOE?	46	3fffffffffff
N??CAA_K?WI@E_@oCE?	46	3fffffffffff
N??CAA_K?WI@E_@S[??	46	3fffffffffff
N??CAA_K?WI@E_@SS_?	46	3fffffffffff
N??CAA_K?WI@E_@SWO?	46	3fffffffffff
N??CAA_K?WI@E_@SSO?	46	3fffffffffff
N??CAA_K?WI@E_@SDO?	46	3fffffffffff
N??CAA_K?WI@E_@SDG?	46	3fffffff0ffff
N??CAA_K?WI@E_@SOg?	46	3fffffffffff
N??CAA_K?WI@E_@SWC?	46	3fffffffffff
N??CAA_K?WI@E_@SOc?	46	3fffffffffff
N??CAA_K?WI@E_@S@c?	46	3fffffffffff
N??CAA_K?WI@E_@SGS?	46	3fffffffffff
N??CAA_K?WI@E_@SCS?	46	3fffffffffff
N??CAA_K?WI@E_@SOK?	46	3fffffffffff
N??CAA_K?WI@EOP_SC?	46	3fffffffffff
N??CAA_K?WI@EOP_CS?	46	3fffffffffff
N??CAA_K?WI@EOP_OK?	46	3fffffffffff
N??CAA_K?WI@EOP_CK?	46	3fffffffffff
N??CAA_K?WI@EOP_?[?	46	3fffffffffff
N??CAA_K?WI@EOP_OE?	46	3fffffffffff
N??CAA_K?WI@EOP_?U?	46	3fffffffffff
N??CAA_K?WI@EOB_Oo?	46	3ffffffe97fff
N??CAA_K?WI@EOB_SC?	46	3fffffffffff
N??CAA_K?WI@EOB_Gc?	46	3fffffffffff
N??CAA_K?WI@EOB_Cc?	46	3fffffffffff
N??CAA_K?WI@EOB_CS?	46	3fffffffffff
N??CAA_K?WI@EOB_OK?	46	3fffffffffff
N??CAA_K?WI@EOB_CK?	46	3fffffffffff
N??CAA_K?WI@EOB_?q?	46	3effffffffb7e
N??CAA_K?WI@EOB_?i?	46	37ff6fdff9f0fb52
N??CAA_K?WI@EOB_OE?	46	3fffffffffff
N??CAA_K?WI@EOB_GE?	46	3fffffffffff
N??CAA_K?WI@EOB_?M?	46	3fffffffffff
N??CAA_K?WI@EO@oWC?	46	3fffffffffff
N??CAA_K?WI@EO@oSC?	46	3fffffffffff
N??CAA_K?WI@EO@oKC?	46	3fffffffffff
N??CAA_K?WI@EO@oCS?	46	3fffffffffff
N??CAA_K?WI@EO@oOE?	46	3fffffffffff
N??CAA_K?WI@OoB_QG?	46	3fffffff0ffff
N??CAA_K?WI@OoB_EC?	46	7fffffff7fff
N??CAA_K?WI@OoB_CE?	46	7ffffffffffb
N??CAA_K?WI@OoBOB_?	46	3faeffff75e937d2
N??CAA_K?WI@OoBOQO?	46	3fffffff0ffff
N??CAA_K?WI@OoBO@o?	46	3faeffff75e937d2
N??CAA_K?WI@OoBOEC?	46	3fffffff0ffff
N??CAA_K?WI@OoBOCS?	46	3ffffffffffcc
N??CAA_K?WI@OoBOSA?	46	3bffbffffff7d
N??CAA_K?WI@OoBOAQ?	46	3ffffffffffcc
N??CAA_K?WI@OoBOOE?	46	3ffffbbfeefff
N??CAA_K?WI@OoBO?U?	46	3fffffffffff
N??CAA_K?WI@CoB_SC?	46	3fffffffffff
N??CAA_K?WI@CoB_KC?	46	3fffffffffff
N??CAA_K?WI@CoB_DC?	46	3fffffffffff
N??CAA_K?WI@CoB_CK?	46	3fffffffffff
N??CAA_K?WI@CoB_WA?	46	3fffffffffff
N??CAA_K?WI@CoB_SA?	46	3fffffffffff
N??CAA_K?WI@CoB_OI?	46	3fffffffffff
N??CAA_K?WI@CoB_OE?	46	3fffffffffff
N??CAA_K?WI@CoB_GE?	46	3fffffffffff
N??CAA_K?WI@CoB_CE?	46	3fffffffffff
N??CAA_K?WI@CoBOWC?	46	3fffffffffff
N??CAA_K?WI@CoBOSC?	46	3fffffffffff
N??CAA_K?WI@CoBOCS?	46	3fffffffffff
N??CAA_K?WI@CoBOGQ?	46	3ffffffffffcc
N??CAA_K?WI@CoBO?U?	46	3fffffffffff
N??CAA_K?WI@ASP_SO?	46	3fffffffffff
N??CAA_K?WI@ASP_QG?	46	3fffffffffff
N??CAA_K?WI@ASP_BG?	46	2ffdeff7fe70fccc
N??CAA_K?WI@ASP_@g?	46	2ffdeff7fe70fccc
N??CAA_K?WI@ASP_QC?	46	3fffffffffff
N??CAA_K?WI@ASP_PC?	46	3fffffffffff
N??CAA_K?WI@ASP_CS?	46	3fffffffffff
N??CAA_K?WI@ASP_AS?	46	3fffffffffff
N??CAA_K?WI@ASP_OK?	46	3fffffffffff
N??CAA_K?WI@AS@o[??	46	3fffffffffff
N??CAA_K?WI@AS@oJ??	46	2ffdeff7fe70fccc
N??CAA_K?WI@AS@oWC?	46	3fffffffffff
N??CAA_K?WH@U?@oSG?	46	3fffffffffff
N??CAA_K?WH@U?@oEG?	46	3ffff7dfdf7ff
N??CAA_K?WH@U?@oOc?	46	3ffffffffffcc
N??CAA_K?WH@U?@oCK?	46	3fffffffffff
N??CAA_K?WH@U?@oSA?	46	feffffffff37c
N??CAA_K?WH@U?@oCa?	46	3ffffdefdefff
N??CAA_K?WH@U?@oOE?	46	fffffef7ce7ff
N??CAA_K?WH@T?CoSC?	46	3fffffffffff
N??CAA_K?WH@T?CoOc?	46	3fffffffffff
N??CAA_K?WH@T?CoCS?	46	3fffffffffff
N??CAA_K?WH@T?CoOE?	46	3fffffffffff
N??CAA_K?WH@T?AoEC?	46	3ffffdefdefff
N??CAA_K?WH@T?AoOc?	46	3ffffffffffcc
N??CAA_K?WH@T?AoCS?	46	3ffffffffffcc
N??CAA_K?WH@T?AoCK?	46	3fffffffffff
N??CAA_K?WH@T?Ao?[?	46	1ffffffffb7fe
N??CAA_K?WH@T?AoSA?	46	3effffffffb7e
N??CAA_K?WH@T?AoCa?	46	3ffffdefdefff
N??CAA_K?WH@T?AoOE?	46	3ffffef7ef7ff
N??CAA_K?WH@T?Ao?M?	46	3fffffffffff
N??CAA_K?WH@T?@oBG?	46	3faeffff75e937d2
N??CAA_K?WH@T?@o@W?	46	3faeffff75e937d2
N??CAA_K?WH@T?@oSC?	46	3effffffffb7e
N??CAA_K?WH@T?@oQC?	46	3fffffffffff
N??CAA_K?WH@T?@oEC?	46	3ffffdefdefff
N??CAA_K?WH@T?@oPC?	46	3ffffffffffcc
N??CAA_K?WH@T?@oDA?	46	3ffffdefdefff
N??CAA_K?WH@T?@oOE?	46	3ffffef7ef7ff
N??CAA_K?WH@T??sSC?	46	6ffaffffffefb
N??CAA_K?WH@T??sPC?	46	3fffffffffff
N??CAA_K?WH@T??sOc?	46	3fffffffffff
N??CAA_K?WH@T??sCS?	46	7ff7fbbfeefff
N??CAA_K?WH@T??sOK?	46	3fffffffffff
N??CAA_K?WH@T??s@K?	46	3fffffffffff
N??CAA_K?WH@F?_oGo?	46	2ffdeff7fe70fccc
N??CAA_K?WH@F?_oCo?	46	3fffffffffff
N??CAA_K?WH@F?_oGW?	46	2ffdeff7fe70fccc
N??CAA_K?WH@F?_oEC?	46	3fefedefe76634fe
N??CAA_K?WH@F?_oCS?	46	3ff8ffe76cfdf6e1
N??CAA_K?WH@F?_o?k?	46	1ffffffffb7fe
N??CAA_K?WH@F?_oKA?	46	7fdffffe67fff
N??CAA_K?WH@F?_oCa?	46	3fefedefe76634fe
N??CAA_K?WH@F?_oAa?	46	3fefedefe76634fe
N??CAA_K?WH@F?_oCQ?	46	3ff8ffe76cfdf6e1
N??CAA_K?WH@F?_oCI?	46	3ffffffffffe1
N??CAA_K?WH@F?_oGE?	46	3fffffffffff
N??CAA_K?WH@F?_o?e?	46	3bffbffffff7d
N??CAA_K?WH@F?_o?U?	46	2ffdeff7fe70fccc
N??CAA_K?WH@F?_o?M?	46	3effffffffcfe
N??CAA_K?WH@F?CoGo?	46	3faeffff75e937d2
N??CAA_K?WH@F?CoCg?	46	3ffff7dfdf7ff
N??CAA_K?WH@F?CoWC?	46	3fffffffffff
N??CAA_K?WH@F?CoCS?	46	3ffdffdfdff7f
N??CAA_K?WH@F?Co?k?	46	3fffffffffff
N??CAA_K?WH@F?Co?q?	46	3effffffffb7e
N??CAA_K?WH@F?CoOE?	46	3ffffdefdefff
N??CAA_K?WH@F?CoGE?	46	3fffffffffff
N??CAA_K?WH@F?Co?U?	46	3ffffffe97fff
N??CAA_K?WH@F?@oM??	46	3ffffef7ef7ff
N??CAA_K?WH@F?@oWO?	46	2ffdeff7fe70fccc
N??CAA_K?WH@F?@oQO?	46	3ffffffe97fff
N??CAA_K?WH@F?@oEG?	46	3ffff7dfdf7ff
N??CAA_K?WH@F?@oOW?	46	3faeffff75e937d2
N??CAA_K?WH@F?@oGW?	46	3faeffff75e937d2
N??CAA_K?WH@F?@oAW?	46	3fefedefe76634fe
N??CAA_K?WH@F?@oWC?	46	3ffffffffffcc
N??CAA_K?WH@F?@oEC?	46	3ffffdefdefff
N??CAA_K?WH@F?@oGS?	46	1ffffffffb7fe
N??CAA_K?WH@F?@oCS?	46	7ebfffffffb7e
N??CAA_K?WH@F?@oOK?	46	1ffffffffb7fe
N??CAA_K?WH@F?@oCK?	46	3fffffffffff
N??CAA_K?WH@F?@oSA?	46	1ffffffffb7fe
N??CAA_K?WH@F?@oKA?	46	3ffffdefdefff
N??CAA_K?WH@F?@oQA?	46	3fffffffffff
N??CAA_K?WH@F?@oAQ?	46	3effffffffb7e
N??CAA_K?WH@F?@oCI?	46	3fffffff0ffff
N??CAA_K?WH@F?@oOE?	46	3ffdffdfdff7f
N??CAA_K?WH@F?@oCE?	46	3ffff7dfdf7ff
N??CAA_K?WH@F?@o?U?	46	3fffffffffff
N??CAA_K?WH@F??wY??	46	3fffffffffff
N??CAA_K?WH@F??wU??	46	3ffffef7ef7ff
N??CAA_K?WH@F??wM??	46	3fffffffffff
N??CAA_K?WH@F??wW_?	46	3ffffffffffcc
N??CAA_K?WH@F??wE_?	46	3ffffffe97fff
N??CAA_K?WH@F??wKO?	46	3fff7fefdfeff
N??CAA_K?WH@F??wEO?	46	3ffdffdfdff7f
N??CAA_K?WH@F??wGo?	46	1ffffffffb7fe
N??CAA_K?WH@F??wCo?	46	3fffffffffff
N??CAA_K?WH@F??wWG?	46	2ffdeff7fe70fccc
N??CAA_K?WH@F??wSG?	46	3ff8ffe76cfdf6e1
N??CAA_K?WH@F??wKG?	46	3fff7fefdfeff
N??CAA_K?WH@F??wOg?	46	1ffffffffb7fe
N??CAA_K?WH@F??w?w?	46	3ffdf7ffff77f
N??CAA_K?WH@F??wWA?	46	3fffffffffff
N??CAA_K?WH@F??wSA?	46	3ff73fdb9cfdef61
N??CAA_K?WH@F??wIA?	46	37ffffbfefffb
N??CAA_K?WH@F??wOa?	46	3fffffffffff
N??CAA_K?WH@F??wGQ?	46	3fffffffffff
N??CAA_K?WH@F??wCQ?	46	3defbfffdea94fcc
N??CAA_K?WH@F??wAQ?	46	3ffffffe97fff
N??CAA_K?WH@F??w?q?	46	3fffffffffff
N??CAA_K?WH@F??wOI?	46	3effffffffcfe
N??CAA_K?WH@F??s[??	46	3fffffffffff
N??CAA_K?WH@F??sSO?	46	3ff8ffe76cfdf6e1
N??CAA_K?WH@F??sAo?	46	3effffffffb7e
N??CAA_K?WH@F??sSG?	46	3ffffffffffe1
N??CAA_K?WH@F??sAg?	46	37ff6fdff9f0fb52
N??CAA_K?WH@F??sWC?	46	3fffffffffff
N??CAA_K?WH@F??sSC?	46	3ff73fdb9cfdef61
N??CAA_K?WH@F??sOc?	46	3fffffffffff
N??CAA_K?WH@F??sOS?	46	2ffdeff7fe70fccc
N??CAA_K?WH@F??sGS?	46	3fffffffffff
N??CAA_K?WH@F??s?s?	46	3fffffffffff
N??CAA_K?WH@F??sOK?	46	3effffffffcfe
N??CAA_K?WH@E_`OM??	46	3fffffffffff
N??CAA_K?WH@E_`OCo?	46	3fffffffffff
N??CAA_K?WH@E_`OCc?	46	3fffffffffff
N??CAA_K?WH@E_`OAS?	46	7fffffffff7f
N??CAA_K?WH@E_`OKA?	46	3fffffffffff
N??CAA_K?WH@E_`OCa?	46	3fffffffffff
N??CAA_K?WH@E_`OCI?	46	3fffffffffff
N??CAA_K?WH@E_`O?i?	46	3fffffffffff
N??CAA_K?WH@E_`OGE?	46	3fffffffffff
N??CAA_K?WH@E_`O?e?	46	3fffffffffff
N??CAA_K?WH@E_DOCo?	46	3fffffffffff
N??CAA_K?WH@E_DO?w?	46	3fefedefe76634fe
N??CAA_K?WH@E_DOSC?	46	7ffffffffffd
N??CAA_K?WH@E_DOCc?	46	3fffffffffff
N??CAA_K?WH@E_DOCS?	46	7ffffffff7ff
N??CAA_K?WH@E_DOOQ?	46	7fffffffff7f
N??CAA_K?WH@E_DOCQ?	46	7ffffffff7ff
N??CAA_K?WH@E_DO?q?	46	3effffffffb7e
N??CAA_K?WH@E_DOOE?	46	7ffffffffeff
N??CAA_K?WH@E_DOCE?	46	7fffffffefff
N??CAA_K?WH@E_DO?U?	46	7ffffffeffff
N??CAA_K?WH@SOD_SC?	46	7fdffef7ef7ff
N??CAA_K?WH@SOD_CS?	46	3ffdffdfdff7f
N??CAA_K?WH@SOD_?[?	46	3fffffffffff
N??CAA_K?WH@SOD_OE?	46	3fff7fefdfeff
N??CAA_K?WH@SOB_SG?	46	3fffffffffff
N??CAA_K?WH@SOB_EG?	46	3ff8ffe76cfdf6e1
N??CAA_K?WH@SOB_Cc?	46	3ffffffe97fff
N??CAA_K?WH@SOB_CK?	46	7edfffffffcfe
N??CAA_K?WH@SOB_SA?	46	37ff6fdff9f0fb52
N??CAA_K?WH@SOB_OE?	46	3fefedefe76634fe
N??CAA_K?WH@SO@oU??	46	3fffffffffff
N??CAA_K?WH@SO@oT??	46	3fffffffffff
N??CAA_K?WH@SO@oF??	46	3ffff7dfdf7ff
N??CAA_K?WH@SO@oB_?	46	3faeffff75e937d2
N??CAA_K?WH@SO@o@o?	46	3faeffff75e937d2
N??CAA_K?WH@SO@oEC?	46	3fffffff0ffff
N??CAA_K?WH@SO@oDC?	46	3fffffffffff
N??CAA_K?WH@SO@oCS?	46	3ffffffffffcc
N??CAA_K?WH@SO@oSA?	46	3bffbffffff7d
N??CAA_K?WH@SO@oOE?	46	7fbffbbfeefff
N??CAA_K?WH@SO@cU??	46	3ffffef7ef7ff
N??CAA_K?WH@SO@cPC?	46	3fffffffffff
N??CAA_K?WH@EOD_SC?	46	3fffffffffff
N??CAA_K?WH@EOD_KC?	46	3fffffffffff
N??CAA_K?WH@EOD_Cc?	46	3fffffffffff
N??CAA_K?WH@EOD_CS?	46	3fffffffffff
N??CAA_K?WH@EOD_?q?	46	3effffffffb7e
N??CAA_K?WH@EOD_?i?	46	37ff6fdff9f0fb52
N??CAA_K?WH@EOD_OE?	46	3fffffffffff
N??CAA_K?WH@EOD_GE?	46	3fffffffffff
N??CAA_K?WH@EOD_?U?	46	3fffffffffff
N??CAA_K?WH@EO@oM??	46	3ffff7dfdf7ff
N??CAA_K?WH@EO@oKC?	46	3fffffffffff
N??CAA_K?WH@EO@oEC?	46	3fffffff0ffff
N??CAA_K?WH@`OS_DA?	46	3fffffffffff
N??CAA_K?WH@`OS_CQ?	46	7ffffffff7ff
N??CAA_K?WH@`OS_CI?	46	3fffffffffff
N??CAA_K?WH@`OCoE_?	46	3fffffffffff
N??CAA_K?WH@`OCoEC?	46	3fffffffff87f
N??CAA_K?WH@`OCoKA?	46	3fffffffffff
N??CAA_K?WH@`OCoDA?	46	3fffffffffff
N??CAA_K?WH@POD_PG?	46	2ffdeff7fe70fccc
N??CAA_K?WH@POD_DG?	46	3ffff7dfdf7ff
N??CAA_K?WH@POD_BG?	46	3faeffff75e937d2
N??CAA_K?WH@BOS_Og?	46	2ffdeff7fe70fccc
N??CAA_K?WH@BOS_Cg?	46	3ffff7dfdf7ff
N??CAA_K?WH@BOS_Ag?	46	3faeffff75e937d2
N??CAA_K?WH@BOD_M??	46	3ffffef7ef7ff
N??CAA_K?WH@BOD_WO?	46	2ffdeff7fe70fccc
N??CAA_K?WH@BOD_IO?	46	3faeffff75e937d2
N??CAA_K?WH@BOD_WG?	46	2ffdeff7fe70fccc
N??CAA_K?WH@BOD_KG?	46	3ffff7dfdf7ff
N??CAA_K?WH@BOD_IG?	46	3faeffff75e937d2
N??CAA_K?WH@BOD_EG?	46	3ffff7dfdf7ff
N??CAA_K?WH@BOD_OW?	46	3faeffff75e937d2
N??CAA_K?WH@BOD_CW?	46	3fffffffffff
N??CAA_K?WH@BOD_AW?	46	3fefedefe76634fe
N??CAA_K?WH@BOD_WC?	46	ffffffffff74c
N??CAA_K?WH@BOD_KC?	46	3fffffffe777f
N??CAA_K?WH@BOD_OK?	46	7ffffffffb77c
N??CAA_K?WH@BOD_CK?	46	3ffffffffe7f9
N??CAA_K?WH@BOD_WA?	46	7ffffffff7ff
N??CAA_K?WH@BOD_OI?	46	7fffffffff7f
N??CAA_K?WH@BOCoW_?	46	2ffdeff7fe70fccc
N??CAA_K?WH@BOCoK_?	46	3ffff7dfdf7ff
N??CAA_K?WH@BOCoI_?	46	3faeffff75e937d2
N??CAA_K?WH@_oT?@W?	46	2ffdeff7fe70fccc
N??CAA_K?WH@_oT?EC?	46	7fbffffe67fff
N??CAA_K?WH@_oT?DA?	46	3ffffffe67fff
N??CAA_K?WH@_oT?CQ?	46	7bf7bffffff7d
N??CAA_K?WH@_oT?CI?	46	3fffffffffff
N??CAA_K?WB@U?@oCg?	46	3ffff7dfdf7ff
N??CAA_K?WB@U?@oWC?	46	7ffffffff7ff
N??CAA_K?WB@U?@oCc?	46	3fffffffffff
N??CAA_K?WB@U?@oOS?	46	3ffffffffe67f
N??CAA_K?WB@U?@oGS?	46	3fffffffffff
N??CAA_K?WB@U?@oCS?	46	3ffffffffe67f
N??CAA_K?WB@U?@oCK?	46	7fffffffefff
N??CAA_K?WB@U?@oOQ?	46	7fffffffff7f
N??CAA_K?WB@U?@oGQ?	46	3ffffffffffcc
N??CAA_K?WB@U?@oCQ?	46	7ffffffff7ff
N??CAA_K?WB@U?@o?q?	46	3effffffffb7e
N??CAA_K?WB@U?@oOE?	46	3fffffffdf6fe
N??CAA_K?WB@U?@oGE?	46	fffffffdefff
N??CAA_K?WB@U?@oCE?	46	3fffffffdef7e
N??CAA_K?WB@U?@o?U?	46	7ffffffeffff
N??CAA_K?WB@p?@oM??	46	3fffffffffff
N??CAA_K?WB@p?@oDO?	46	3fffffffffff
N??CAA_K?WB@p?@oBO?	46	3ffffffe97fff
N??CAA_K?WB@p?@oKA?	46	3fffffffffff
N??CAA_K?WB@p?@oDA?	46	3fffffffffff
N??CAA_K?WB@p?@oBA?	46	3fffffffffff
N??CAA_K?WB@p?@oCQ?	46	3fffffffffff
N??CAA_K?WB@p?@oCI?	46	3fffffffffff
N??CAA_K?WB@p?@oCE?	46	3fffffffffff
N??CAA_K?WB@p?@o@E?	46	3fffffffffff
N??CAA_K?WB@p??wM??	46	3fffffffffff
N??CAA_K?WB@p??wL??	46	3fffffffffff
N??CAA_K?WB@p??wJ??	46	3fffffffffff
N??CAA_K?WB@p??wD_?	46	3fffffffffff
N??CAA_K?WB@p??wEO?	46	3fffffffffff
N??CAA_K?WB@p??wBO?	46	3fffffffffff
N??CAA_K?WB@p??wEG?	46	3fffffffffff
N??CAA_K?WB@p??wBG?	46	3fffffffffff
N??CAA_K?WB@p??w@g?	46	1ffffffffb7fe
N??CAA_K?WB@p??wGW?	46	2ffdeff7fe70fccc
N??CAA_K?WB@p??wAW?	46	3fffffffffff
N??CAA_K?WB@p??w@W?	46	1ffffffffb7fe
N??CAA_K?WB@p??wKA?	46	3fffffffff87f
N??CAA_K?WB@p??wIA?	46	3fffffffffff
N??CAA_K?WB@p??wBA?	46	3fffffffffff
N??CAA_K?WB@p??wAI?	46	3fffffffffff
N??CAA_K?WB@T?_oHO?	46	3fffffff0ffff
N??CAA_K?WB@T?_oKC?	46	3fffffffffff
N??CAA_K?WB@T?_oCS?	46	6ffaffffffefb
N??CAA_K?WB@T?_oCQ?	46	6ffaffffffefb
N??CAA_K?WB@T?_oCI?	46	3fffffffffff
N??CAA_K?WB@T?_o@I?	46	1ffffeffff7fd
N??CAA_K?WB@T?_oGE?	46	3fffffffffff
N??CAA_K?WB@T?_o@E?	46	3bffbffffff7d
N??CAA_K?WB@T?_o?U?	46	3ffffffffffcc
N??CAA_K?WB@T?_o?M?	46	3fffffffffff
N??CAA_K?WB@T?OoSC?	46	7fdffffe67fff
N??CAA_K?WB@T?OoCS?	46	3fffffff0ffff
N??CAA_K?WB@T?OoOE?	46	2ffeffffffefb
N??CAA_K?WB@T?GoOo?	46	3fffffffffff
N??CAA_K?WB@T?Go@g?	46	3ffff7dfdf7ff
N??CAA_K?WB@T?GoOW?	46	6ffaffffffefb
N??CAA_K?WB@T?GoWC?	46	3fffffffffff
N??CAA_K?WB@T?GoGS?	46	3fffffffffff
N??CAA_K?WB@T?Go@S?	46	3fffffffffff
N??CAA_K?WB@T?Go?s?	46	3fffffffffff
N??CAA_K?WB@T?Go?[?	46	7ff7fbbfeefff
N??CAA_K?WB@T?Go@Q?	46	3fffffffffff
N??CAA_K?WB@T?Go@I?	46	3fffffff0ffff
N??CAA_K?WB@T?Go?U?	46	3ffffffffffcc
N??CAA_K?WB@T?AoCg?	46	3ffff7dfdf7ff
N??CAA_K?WB@T?AoWC?	46	3fffffffffff
N??CAA_K?WB@T?AoCc?	46	3fffffffffff
N??CAA_K?WB@T?AoOS?	46	3fffffffffff
N??CAA_K?WB@T?AoCS?	46	3fffffffffff
N??CAA_K?WB@T?AoOK?	46	3fffffffffff
N??CAA_K?WB@T?AoOQ?	46	3fffffffffff
N??CAA_K?WB@T?AoCQ?	46	3fffffffffff
N??CAA_K?WB@T?Ao?q?	46	3effffffffb7e
N??CAA_K?WB@T?Ao?Y?	46	3effffffffb7e
N??CAA_K?WB@T?AoOE?	46	3fffffffffff
N??CAA_K?WB@T?AoGE?	46	3fffffffffff
N??CAA_K?WB@T?Ao?U?	46	3fffffffffff
N??CAA_K?WB@T?Ao?M?	46	3fffffffffff
N??CAA_K?WB@T?@oSO?	46	3fffffffffff
N??CAA_K?WB@T?@oDG?	46	3ffff7dfdf7ff
N??CAA_K?WB@T?@oWC?	46	3fffffffffff
N??CAA_K?WB@T?@oSC?	46	3fffffffffff
N??CAA_K?WB@T?@oDC?	46	3fffffffffff
N??CAA_K?WB@T?@oCS?	46	3fffffffffff
N??CAA_K?WB@T?@o@Q?	46	3effffffffb7e
N??CAA_K?WB@T?@oOE?	46	3fffffffffff
N??CAA_K?WB@T??w[??	46	3fffffffffff
N??CAA_K?WB@T??wX??	46	3fffffffffff
N??CAA_K?WB@T??wW_?	46	3fffffffffff
N??CAA_K?WB@T??wS_?	46	3fffffffffff
N??CAA_K?WB@T??wSO?	46	6ffaffffffefb
N??CAA_K?WB@T??wKO?	46	3fffffffffff
N??CAA_K?WB@T??wHO?	46	3fffffffffff
N??CAA_K?WB@T??wDO?	46	3fffffffffff
N??CAA_K?WB@T??wGo?	46	3fffffffffff
N??CAA_K?WB@T??wCo?	46	3fffffffffff
N??CAA_K?WB@T??wPG?	46	3fffffffffff
N??CAA_K?WB@T??wDG?	46	3fffffffffff
N??CAA_K?WB@T??wOg?	46	3fffffffffff
N??CAA_K?WB@T??wOW?	46	7ffedf7ff7eff
N??CAA_K?WB@T??w@W?	46	3fffffffffff
N??CAA_K?WB@T??wWA?	46	3fffffffffff
N??CAA_K?WB@T??wPA?	46	3fffffffffff
N??CAA_K?WB@T??wHA?	46	37ffffbfefffb
N??CAA_K?WB@T??wDA?	46	3fff7fefdfeff
N??CAA_K?WB@T??wGQ?	46	3fffffffffff
N??CAA_K?WB@T??wCQ?	46	3ffffffffffcc
N??CAA_K?WB@T??w@Q?	46	3fffffffffff
N??CAA_K?WB@T??wOI?	46	3fffffffffff
N??CAA_K?WB@T??wCI?	46	3fffffffffff
N??CAA_K?WB@T??w@I?	46	3fffffffffff
N??CAA_K?WB@T??w?Y?	46	3fffffffffff
N??CAA_K?WB@T??sSO?	46	6ffaffffffefb
N??CAA_K?WB@T??sDO?	46	3fffffffffff
N??CAA_K?WB@T??s@o?	46	3effffffffb7e
N??CAA_K?WB@T??sPG?	46	3fffffffffff
N??CAA_K?WB@T??s@g?	46	37ff6fdff9f0fb52
N??CAA_K?WB@T??sOW?	46	3fffffffffff
N??CAA_K?WB@T??sCW?	46	3fffffffffff
N??CAA_K?WB@T??sWC?	46	3fffffffffff
N??CAA_K?WB@T??sPC?	46	3fffffffffff
N??CAA_K?WB@T??sCS?	46	3ffffffffffcc
N??CAA_K?WB@T??sOK?	46	3fffffffffff
N??CAA_K?WB@T??s@K?	46	3fffffffffff
N??CAA_K?WB@R?_oCo?	46	3fffffffffff
N??CAA_K?WB@R?_oAo?	46	3ffffffe97fff
N??CAA_K?WB@R?_oEG?	46	3fffffffffff
N??CAA_K?WB@R?_oAS?	46	3ffff7dfdf7ff
N??CAA_K?WB@R?_o?k?	46	1ffffffffb7fe
N??CAA_K?WB@R?_oKA?	46	7fdffffe67fff
N??CAA_K?WB@R?_oCa?	46	3fefedefe76634fe
N??CAA_K?WB@R?_oCQ?	46	3ff8ffe76cfdf6e1
N??CAA_K?WB@R?_oCI?	46	3ffffffffffe1
N??CAA_K?WB@R?_oAI?	46	5fffdeffff7fd
N??CAA_K?WB@R?_oAE?	46	3ff73fdb9cfdef61
N??CAA_K?WB@R?_o?e?	46	3bffbffffff7d
N??CAA_K?WB@R?_o?M?	46	3effffffffcfe
N??CAA_K?WB@R?OoEC?	46	3defbfffdea94fcc
N??CAA_K?WB@R?OoCc?	46	7bffdffbf7ffd
N??CAA_K?WB@R?OoCS?	46	2ffdeff7fe70fccc
N??CAA_K?WB@R?GoI_?	46	7fdffef7ef7ff
N??CAA_K?WB@R?GoQO?	46	3ffffffff87ff
N??CAA_K?WB@R?GoQG?	46	3fffffffffff
N??CAA_K?WB@R?GoAg?	46	3ffff7dfdf7ff
N??CAA_K?WB@R?GoOW?	46	3ff8ffe76cfdf6e1
N??CAA_K?WB@R?Go?w?	46	3fffffffffff
N??CAA_K?WB@R?GoOS?	46	3ff8ffe76cfdf6e1
N??CAA_K?WB@R?GoGS?	46	3fff7fefdfeff
N??CAA_K?WB@R?GoAS?	46	3ffdffdfdff7f
N??CAA_K?WB@R?Go?s?	46	3fffffffffff
N??CAA_K?WB@R?GoOK?	46	3ff8ffe76cfdf6e1
N??CAA_K?WB@R?Go?[?	46	3fefebfbbba64b7e
N??CAA_K?WB@R?GoGa?	46	3ffffdefdefff
N??CAA_K?WB@R?GoOQ?	46	3ff8ffe76cfdf6e1
N??CAA_K?WB@R?GoAQ?	46	3ffdffdfdff7f
N??CAA_K?WB@R?GoOI?	46	3ffffffffffe1
N??CAA_K?WB@R?GoAI?	46	3fffffff0ffff
N??CAA_K?WB@R?Go?i?	46	3fffffff0ffff
N??CAA_K?WB@R?Go?U?	46	3defbfffdea94fcc
N??CAA_K?WB@R?CoGo?	46	3faeffff75e937d2
N??CAA_K?WB@R?CoCg?	46	3ffff7dfdf7ff
N??CAA_K?WB@R?CoSC?	46	7ffbfef7ef7ff
N??CAA_K?WB@R?CoOS?	46	3ffff7dfdf7ff
N??CAA_K?WB@R?CoCS?	46	3ffdffdfdff7f
N??CAA_K?WB@R?CoOK?	46	3fffffffffff
N??CAA_K?WB@R?Co?k?	46	3fffffffffff
N??CAA_K?WB@R?Co?[?	46	3fffffffffff
N??CAA_K?WB@R?CoOQ?	46	3ffff7dfdf7ff
N??CAA_K?WB@R?CoCQ?	46	3ffdffdfdff7f
N??CAA_K?WB@R?Co?q?	46	3effffffffb7e
N??CAA_K?WB@R?Co?Y?	46	3effffffffb7e
N??CAA_K?WB@R?CoOE?	46	3ffffdefdefff
N??CAA_K?WB@R?Co?U?	46	3ffffffe97fff
N??CAA_K?WB@R?Co?M?	46	3fffffffffff
N??CAA_K?WB@R?@oM??	46	3ffffef7ef7ff
N??CAA_K?WB@R?@oWO?	46	2ffdeff7fe70fccc
N??CAA_K?WB@R?@oQO?	46	3ffffffe97fff
N??CAA_K?WB@R?@oEG?	46	3ffff7dfdf7ff
N??CAA_K?WB@R?@oOW?	46	3faeffff75e937d2
N??CAA_K?WB@R?@oGW?	46	3faeffff75e937d2
N??CAA_K?WB@R?@oAW?	46	3fefedefe76634fe
N??CAA_K?WB@R?@oWC?	46	3ffffffffffcc
N??CAA_K?WB@R?@oEC?	46	3ffffdefdefff
N??CAA_K?WB@R?@oGS?	46	1ffffffffb7fe
N??CAA_K?WB@R?@oCS?	46	7ebfffffffb7e
N??CAA_K?WB@R?@oCK?	46	3fffffffffff
N??CAA_K?WB@R?@oSA?	46	1ffffffffb7fe
N??CAA_K?WB@R?@oKA?	46	3ffffdefdefff
N??CAA_K?WB@R?@oAQ?	46	3effffffffb7e
N??CAA_K?WB@R?@oCI?	46	3fffffff0ffff
N??CAA_K?WB@R?@oOE?	46	3ffdffdfdff7f
N??CAA_K?WB@R?@o?U?	46	3fffffffffff
N??CAA_K?WB@R??wU??	46	3ffffef7ef7ff
N??CAA_K?WB@R??wM??	46	3fffffffffff
N??CAA_K?WB@R??wW_?	46	3ffffffffffcc
N??CAA_K?WB@R??wE_?	46	3ffffffe97fff
N??CAA_K?WB@R??wKO?	46	3fff7fefdfeff
N??CAA_K?WB@R??wQO?	46	3ffff7dfdf7ff
N??CAA_K?WB@R??wEO?	46	3ffdffdfdff7f
N??CAA_K?WB@R??wGo?	46	1ffffffffb7fe
N??CAA_K?WB@R??wCo?	46	3fffffffffff
N??CAA_K?WB@R??wSG?	46	3ff8ffe76cfdf6e1
N??CAA_K?WB@R??wQG?	46	3fffffffffff
N??CAA_K?WB@R??wEG?	46	3fffffffffff
N??CAA_K?WB@R??wOg?	46	1ffffffffb7fe
N??CAA_K?WB@R??wOW?	46	3fefedefe76634fe
N??CAA_K?WB@R??w?w?	46	3ffdf7ffff77f
N??CAA_K?WB@R??wQA?	46	3ffffdefdefff
N??CAA_K?WB@R??wEA?	46	3fff7fefdfeff
N??CAA_K?WB@R??wOa?	46	3fffffffffff
N??CAA_K?WB@R??wCQ?	46	3defbfffdea94fcc
N??CAA_K?WB@R??wAQ?	46	3ffffffe97fff
N??CAA_K?WB@R??w?q?	46	3fffffffffff
N??CAA_K?WB@R??wAI?	46	3fffffffffff
N??CAA_K?WB@R??sSO?	46	3ff8ffe76cfdf6e1
N??CAA_K?WB@R??sEO?	46	3ffdffdfdff7f
N??CAA_K?WB@R??sAo?	46	3effffffffb7e
N??CAA_K?WB@R??sSG?	46	3ffffffffffe1
N??CAA_K?WB@R??sQG?	46	3fffffffffff
N??CAA_K?WB@R??sAg?	46	37ff6fdff9f0fb52
N??CAA_K?WB@R??sWC?	46	3fffffffffff
N??CAA_K?WB@R??sQC?	46	3ffffdefdefff
N??CAA_K?WB@R??sOc?	46	3fffffffffff
N??CAA_K?WB@R??sCS?	46	3defbfffdea94fcc
N??CAA_K?WB@R??s?s?	46	3fffffffffff
N??CAA_K?WB@R??sOK?	46	3effffffffcfe
N??CAA_K?WB@o_@oM??	46	3fffffffffff
N??CAA_K?WB@o_@oD_?	46	3fffffffffff
N??CAA_K?WB@o_@o@g?	46	3faeffff75e937d2
N??CAA_K?WB@o_@oEC?	46	3fff7fefdfeff
N??CAA_K?WB@o_@oBC?	46	3fffffffffff
N??CAA_K?WB@o_@oKA?	46	3fffffffff87f
N??CAA_K?WB@o_@oEA?	46	3fff7fefdfeff
N??CAA_K?WB@o_@oDA?	46	3fff7fefdfeff
N??CAA_K?WB@o_@oCa?	46	3fffffffffff
N??CAA_K?WB@o_@oCI?	46	1ffffff7efffd
N??CAA_K?WB@o_@oGE?	46	1ffffff7efffd
N??CAA_K?WB@o_@oAE?	46	1ffffff7efffd
N??CAA_K?WB@o_@WM??	46	3fffffffffff
N??CAA_K?WB@o_@WH_?	46	3ffffffffffcc
N??CAA_K?WB@o_@WD_?	46	3ffff7dfdf7ff
N??CAA_K?WB@o_@WEO?	46	3fffffffffff
N??CAA_K?WB@o_@WHO?	46	3ffffffffffcc
N??CAA_K?WB@o_@WEG?	46	3fffffffffff
N??CAA_K?WB@o_@W@g?	46	3fdffffffb7fe
N??CAA_K?WB@o_@W@W?	46	1ffffffffb7fe
N??CAA_K?WB@o_@WKA?	46	3fffffffff87f
N??CAA_K?WB@o_@WIA?	46	3fffffffffff
N??CAA_K?WB@o_@WBA?	46	3fffffff0ffff
N??CAA_K?WB@o_@WCa?	46	3fffffff0ffff
N??CAA_K?WB@o_@WAI?	46	3fffffffffff
N??CAA_K?WB@o_@SM??	46	3fffffffffff
N??CAA_K?WB@o_@SL??	46	3fffffffffff
N??CAA_K?WB@o_@SJ??	46	3effffffffb7e
N??CAA_K?WB@o_@SEO?	46	3fffffffffff
N??CAA_K?WB@o_@SKG?	46	3fffffffff87f
N??CAA_K?WB@o_@SDG?	46	2ffeffffffefb
N??CAA_K?WB@o_@SGW?	46	1ffffff7efffd
N??CAA_K?WB@o_@SCW?	46	1ffffff7efffd
N??CAA_K?WB@o_@SIC?	46	3fffffffffff
N??CAA_K?WB@o_@SHC?	46	3fffffffffff
N??CAA_K?WB@o_@SGS?	46	1ffffff7efffd
N??CAA_K?WB@S_`OCg?	46	3fffffffffff
N??CAA_K?WB@S_`O@W?	46	3ffffffe97fff
N??CAA_K?WB@S_`OKC?	46	3fffffffffff
N??CAA_K?WB@S_`OHC?	46	3fffffffffff
N??CAA_K?WB@S_`O@c?	46	3fffffffffff
N??CAA_K?WB@S_`O@S?	46	3fffffffffff
N??CAA_K?WB@S_`OCK?	46	3fffffffffff
N??CAA_K?WB@S_`O@K?	46	3fffffffffff
N??CAA_K?WB@S_`OCQ?	46	3fffffffffff
N??CAA_K?WB@S_`OCI?	46	3fffffffffff
N??CAA_K?WB@S_`OGE?	46	3fffffffffff
N??CAA_K?WB@S_`O@E?	46	3fffffffffff
N??CAA_K?WB@S_`O?U?	46	3fffffffffff
N??CAA_K?WB@S_`O?M?	46	3fffffffffff
N??CAA_K?WB@S_POSC?	46	7fffaffbf7f7f
N??CAA_K?WB@S_POPC?	46	3fffffffffff
N??CAA_K?WB@S_POCS?	46	5ff7fff7efffd
N??CAA_K?WB@S_PO?[?	46	3fffffffffff
N??CAA_K?WB@S_@oX??	46	3fffffff0ffff
N??CAA_K?WB@S_@oS_?	46	3fffffffffff
N??CAA_K?WB@S_@oSC?	46	3fffffffffff
N??CAA_K?WB@S_@oKC?	46	3fffffffffff
N??CAA_K?WB@S_@oCc?	46	3fffffffffff
N??CAA_K?WB@S_@oCK?	46	3fffffffffff
N??CAA_K?WB@S_@o@K?	46	3fffffffffff
N??CAA_K?WB@S_@oWA?	46	3fffffffffff
N??CAA_K?WB@S_@oSA?	46	3fffffffffff
N??CAA_K?WB@S_@oPA?	46	3fffffffffff
N??CAA_K?WB@S_@oDA?	46	3fffffffffff
N??CAA_K?WB@S_@o@I?	46	3effffffffb7e
N??CAA_K?WB@S_@oOE?	46	3fffffffffff
N??CAA_K?WB@S_@oCE?	46	3fffffffffff
N??CAA_K?WB@Q_`OCo?	46	3fffffffffff
N??CAA_K?WB@Q_`OAo?	46	3ffffffe97fff
N??CAA_K?WB@Q_`OAS?	46	3fffffffffff
N??CAA_K?WB@Q_`OCK?	46	3fffffffffff
N??CAA_K?WB@Q_`OAK?	46	3fffffffffff
N??CAA_K?WB@Q_`OKA?	46	3fffffffffff
N??CAA_K?WB@Q_`OCa?	46	3fffffffffff
N??CAA_K?WB@Q_`OCQ?	46	3fffffffffff
N??CAA_K?WB@Q_`OCI?	46	3fffffffffff
N??CAA_K?WB@Q_`OAE?	46	3fffffffffff
N??CAA_K?WB@Q_`O?e?	46	3fffffffffff
N??CAA_K?WB@Q_`O?M?	46	3fffffffffff
N??CAA_K?WB@Q_POAg?	46	3faeffff75e937d2
N??CAA_K?WB@Q_PO?w?	46	3faeffff75e937d2
N??CAA_K?WB@Q_@o[??	46	3fffffffffff
N??CAA_K?WB@Q_@oY??	46	3fffffff0ffff
N??CAA_K?WB@Q_@oW_?	46	2ffdeff7fe70fccc
N??CAA_K?WB@Q_@oQ_?	46	3ffffffe97fff
N??CAA_K?WB@Q_@oCg?	46	3fffffffffff
N??CAA_K?WB@Q_@oQC?	46	3fffffffffff
N??CAA_K?WB@Q_@oEC?	46	3fffffffffff
N??CAA_K?WB@Q_@oCc?	46	3fffffffffff
N??CAA_K?WB@Q_@oCK?	46	3fffffffffff
N??CAA_K?WB@Q_@oSA?	46	3fffffffffff
N??CAA_K?WB@Q_@oQA?	46	3fffffffffff
N??CAA_K?WB@Q_@oEA?	46	3fffffffffff
N??CAA_K?WB@Q_@oCE?	46	3fffffffffff
N??CAA_K?WB@E_POWO?	46	3fffffff0ffff
N??CAA_K?WB@E_POGo?	46	3faeffff75e937d2
N??CAA_K?WB@E_POWC?	46	3ffffffffe67f
N??CAA_K?WB@E_POGS?	46	3fffffffffff
N??CAA_K?WB@E_POGQ?	46	3ffffffffffcc
N??CAA_K?WB@D_oOH_?	46	ffffffff0e7ff
N??CAA_K?WB@D_oOHO?	46	3fffffff0ffff
N??CAA_K?WB@D_oOGo?	46	3fffffff0ffff
N??CAA_K?WB@D_oOKC?	46	7fff5dfffeeff
N??CAA_K?WB@D_oOGS?	46	3fffffff0ffff
N??CAA_K?WB@D_oOKA?	46	7ffffffdffff
N??CAA_K?WB@D_oOHA?	46	fffffffdf7ff
N??CAA_K?WB@D_oOGE?	46	3fffffffffff
N??CAA_K?WB@D_WOH_?	46	fffffef7ce7ff
N??CAA_K?WB@D_WOWO?	46	7ffffffdffff
N??CAA_K?WB@D_WOGo?	46	fffffffdefff
N??CAA_K?WB@D_WOGc?	46	3fffffffffff
N??CAA_K?WB@D_WOGS?	46	3fffffffffff
N??CAA_K?WB@D_WOHA?	46	3ffffdefdefff
N??CAA_K?WB@D_WOGa?	46	3ffffdefdefff
N??CAA_K?WB@D_WOGE?	46	3fffffff0ffff
N??CAA_K?WB@D_QOGo?	46	3faeffff75e937d2
N??CAA_K?WB@D_QOKC?	46	fffffffe7fff
N??CAA_K?WB@D_QOGa?	46	3defbfffdea94fcc
N??CAA_K?WB@D_QOGE?	46	3fffffffffff
N??CAA_K?WB@D_POL??	46	3ffffef7ef7ff
N??CAA_K?WB@D_POHO?	46	3faeffff75e937d2
N??CAA_K?WB@D_POHA?	46	3defbfffdea94fcc
N??CAA_K?WB@D_OoK_?	46	3fffffffffff
N??CAA_K?WB@D_OoH_?	46	3faeffff75e937d2
N??CAA_K?WB@D_OoKC?	46	7fffffff7fff
N??CAA_K?WB@D_OoHC?	46	3fffffffffff
N??CAA_K?WB@D_OoHA?	46	3ffffffffffcc
N??CAA_K?WB@D_OW[??	46	7fff5dfffeeff
N??CAA_K?WB@D_OWX??	46	3fffffffffff
N??CAA_K?WB@D_OWL??	46	3fffffffffff
N??CAA_K?WB@D_OWW_?	46	3fffffffffff
N??CAA_K?WB@D_OWK_?	46	3fffffffffff
N??CAA_K?WB@D_OWH_?	46	3fffffffcff7d
N??CAA_K?WB@D_OWWO?	46	3fffffff0ffff
N??CAA_K?WB@D_OWKO?	46	3fffffffffff
N??CAA_K?WB@D_OWHO?	46	ffffffffff7d
N??CAA_K?WB@D_OWGo?	46	ffffffffff7d
N??CAA_K?WB@D_OWWG?	46	3fffffff0ffff
N??CAA_K?WB@D_OWKG?	46	3fffffff0ffff
N??CAA_K?WB@D_OWGW?	46	7ffedf7ff7eff
N??CAA_K?WB@D_OWWA?	46	3fffffffffff
N??CAA_K?WB@D_OWKA?	46	3fffffff0ffff
N??CAA_K?WB@D_OWHA?	46	ffffffffeffb
N??CAA_K?WB@D_OWGa?	46	ffffffffeffb
N??CAA_K?WB@D_OWGQ?	46	7ffffffffffb
N??CAA_K?WB@D_OSX??	46	3fffffffffff
N??CAA_K?WB@D_OSL??	46	3ffffdefdefff
N??CAA_K?WB@D_OSK_?	46	3ffffdefdefff
N??CAA_K?WB@D_OSH_?	46	3defbfffdea94fcc
N??CAA_K?WB@D_OSHO?	46	3ffffffffffcc
N??CAA_K?WB@D_OSHG?	46	2ffdeff7fe70fccc
N??CAA_K?WB@D_OSWC?	46	7fffffff7fff
N??CAA_K?WB@B_oOM??	46	fffffffdf7ff
N??CAA_K?WB@B_oOK_?	46	7ffffffff7ff
N??CAA_K?WB@B_oOI_?	46	ffffffff0e7ff
N??CAA_K?WB@B_oOGo?	46	2ffdeff7fe70fccc
N??CAA_K?WB@B_oOGc?	46	3ffffffffffcc
N??CAA_K?WB@B_oOKA?	46	ffffffffd787f
N??CAA_K?WB@B_oOIA?	46	3fffffffd77fd
N??CAA_K?WB@B_WOY??	46	7ffffffdffff
N??CAA_K?WB@B_WOW_?	46	fffffffdf7ff
N??CAA_K?WB@B_WOI_?	46	fffffef7ce7ff
N??CAA_K?WB@B_WOGo?	46	3fffffffdef7e
N??CAA_K?WB@B_WOWC?	46	3ffdbf739b7ee87d
N??CAA_K?WB@B_WOGc?	46	3fffffffffff
N??CAA_K?WB@B_WOGS?	46	3fff7fefdfeff
N??CAA_K?WB@B_WOWA?	46	3fffffffff87f
N??CAA_K?WB@B_WOIA?	46	3ff73fdb9cfdef61
N??CAA_K?WB@B_WOGa?	46	3ffffdefdefff
N??CAA_K?WB@B_WOGE?	46	2ffdeff7fe70fccc
N??CAA_K?WB@B_SOW_?	46	3fffffff0ffff
N??CAA_K?WB@B_SOK_?	46	3ffffef7ef7ff
N??CAA_K?WB@B_SOGo?	46	3faeffff75e937d2
N??CAA_K?WB@B_SOWC?	46	3fffffffe777f
N??CAA_K?WB@B_SOGc?	46	3fffffffffff
N??CAA_K?WB@B_SOGE?	46	3effffffffcfe
N??CAA_K?WB@B_POM??	46	3ffffef7ef7ff
N??CAA_K?WB@B_POWO?	46	2ffdeff7fe70fccc
N??CAA_K?WB@B_POKO?	46	3fffffffffff
N??CAA_K?WB@B_POIO?	46	3faeffff75e937d2
N??CAA_K?WB@B_POIG?	46	3faeffff75e937d2
N??CAA_K?WB@B_POGW?	46	3faeffff75e937d2
N??CAA_K?WB@B_POKC?	46	3fffffffe777f
N??CAA_K?WB@B_POGS?	46	1ffffffffb7fe
N??CAA_K?WB@B_POKA?	46	fffffdefce7ff
N??CAA_K?WB@B_POGE?	46	fffffffdefff
N??CAA_K?WB@B_OoW_?	46	2ffdeff7fe70fccc
N??CAA_K?WB@B_OoK_?	46	3fffffffffff
N??CAA_K?WB@B_OoI_?	46	3faeffff75e937d2
N??CAA_K?WB@B_OoKC?	46	ffff7fefd7e7f
N??CAA_K?WB@B_OoGc?	46	1ffffffffb7fe
N??CAA_K?WB@B_OoGa?	46	3ffffffffffcc
N??CAA_K?WB@B_OW[??	46	3ffdbf739b7ee87d
N??CAA_K?WB@B_OWY??	46	3fffffffffff
N??CAA_K?WB@B_OWM??	46	3ffffffffffe1
N??CAA_K?WB@B_OWW_?	46	3ffffffffffcc
N??CAA_K?WB@B_OWK_?	46	3fffffffffff
N??CAA_K?WB@B_OWI_?	46	3fffffffcff7d
N??CAA_K?WB@B_OWKO?	46	3fff7fefdfeff
N??CAA_K?WB@B_OWGo?	46	7ffffffffb77c
N??CAA_K?WB@B_OWKA?	46	2ffdeff7fe70fccc
N??CAA_K?WB@B_OWIA?	46	fefffffffecfa
N??CAA_K?WB@B_OWGa?	46	ffffffffeffb
N??CAA_K?WB@B_OS[??	46	3fffffffff87f
N??CAA_K?WB@B_OSY??	46	3fffffffffff
N??CAA_K?WB@B_OSM??	46	3ff73fdb9cfdef61
N??CAA_K?WB@B_OSK_?	46	3ffffdefdefff
N??CAA_K?WB@B_OSI_?	46	3defbfffdea94fcc
N??CAA_K?WB@B_OSGo?	46	ffffffffff74c
N??CAA_K?WB@B_OSWC?	46	dffffff7e7ff9
N??CAA_K?WB@B_OSGc?	46	7fffffffefff
N??CAA_K?WB@SOP_SC?	46	3fffffffd77fd
N??CAA_K?WB@SOP_CS?	46	3fffffffe777f
N??CAA_K?WB@SOP_OK?	46	3fffffffffff
N??CAA_K?WB@SOP_CK?	46	3fffffffffff
N??CAA_K?WB@SOP_?[?	46	3fffffffffff
N??CAA_K?WB@SOP_OE?	46	3fffffffd6ffb
N??CAA_K?WB@QOP_?w?	46	3faeffff75e937d2
N??CAA_K?WB@QOP_EC?	46	fffffdefce7ff
N??CAA_K?WB@QOP_OK?	46	3ffffffffffcc
N??CAA_K?WB@Og@oY??	46	3fffffffffff
N??CAA_K?WB@Og@oU??	46	3fffffffffff
N??CAA_K?WB@Og@oM??	46	3fffffffffff
N??CAA_K?WB@Og@oX??	46	3ffffffffffcc
N??CAA_K?WB@Og@oR??	46	3fffffffffff
N??CAA_K?WB@Og@oF??	46	3fffffffffff
N??CAA_K?WB@Og@oE_?	46	3fffffffffff
N??CAA_K?WB@Og@oWG?	46	2ffdeff7fe70fccc
N??CAA_K?WB@Og@oEG?	46	3fffffffffff
N??CAA_K?WB@Og@oDG?	46	3fffffffffff
N??CAA_K?WB@Og@oBG?	46	3fffffffffff
N??CAA_K?WB@Og@oCI?	46	3fff7dfffeeff
N??CAA_K?WB@Og@oAI?	46	3fffffffffff
N??CAA_K?WB@PCOo@g?	46	2ffdeff7fe70fccc
N??CAA_K?WB@PCOoPC?	46	3fffffffffff
N??CAA_K?WB@PCOoOc?	46	3fffffffffff
N??CAA_K?WB@PCOoOS?	46	1ffffff7efffd
N??CAA_K?WB@PCOoOK?	46	1ffffff7efffd
N??CAA_K?WB@PCOo?k?	46	3fffffffffff
N??CAA_K?WB@PCGoBO?	46	3fffffffffff
N??CAA_K?WB@PCGoOo?	46	3fffffffffff
N??CAA_K?WB@PCGoQG?	46	3fffffffffff
N??CAA_K?WB@PCGoBG?	46	3fffffff0ffff
N??CAA_K?WB@PCGoOW?	46	5ff7fff7efffd
N??CAA_K?WB@PCGoWC?	46	3fffffffff87f
N??CAA_K?WB@PCGoOS?	46	5ff7fff7efffd
N??CAA_K?WB@PCGoGS?	46	1ffffff7efffd
N??CAA_K?WB@PCGoAS?	46	3fffffffffff
N??CAA_K?WB@PCGo@S?	46	3fffffffffff
N??CAA_K?WB@PCGoOK?	46	5ff7fff7efffd
N??CAA_K?WB@PCGo?[?	46	7ff77dfffeeff
N??CAA_K?WB@PCCoSO?	46	3fffffffffff
N??CAA_K?WB@PCCoHO?	46	3ffffffffffcc
N??CAA_K?WB@PCCoDO?	46	3fffffffffff
N??CAA_K?WB@PCCoPG?	46	3fffffffffff
N??CAA_K?WB@PCCo@g?	46	37ff6fdff9f0fb52
N??CAA_K?WB@PCCoCW?	46	3fffffffffff
N??CAA_K?WB@PCCo@W?	46	3effffffffb7e
N??CAA_K?WB@PCCoWC?	46	3fffffffffff
N??CAA_K?WB@PCCoPC?	46	3fffffffffff
N??CAA_K?WB@PCCoHC?	46	3fffffffffff
N??CAA_K?WB@PCCoCS?	46	3fffffffffff
N??CAA_K?WB@PCCoOK?	46	3fffffffffff
N??CAA_K?WB@PCAo[??	46	3fffffffffff
N??CAA_K?WB@PCAoSO?	46	3fffffffffff
N??CAA_K?WB@PCAoEO?	46	3fffffffffff
N??CAA_K?WB@PCAoGg?	46	2ffdeff7fe70fccc
N??CAA_K?WB@PCAoWC?	46	3fffffffffff
N??CAA_K?WB@PCAoQC?	46	3fffffffffff
N??CAA_K?WB@PCAoIC?	46	3fffffffffff
N??CAA_K?WB@PCAoOc?	46	3fffffffffff
N??CAA_K?WB@PCAoGc?	46	3fffffffffff
N??CAA_K?WB@PCAoCS?	46	3fffffffffff
N??CAA_K?WB@PCAo?s?	46	3fffffffffff
N??CAA_K?WB@PCAo?k?	46	3fffffffffff
N??CAA_K?WB@PC@oSO?	46	3fffffffffff
N??CAA_K?WB@PC@oBO?	46	3effffffffb7e
N??CAA_K?WB@PC@oHG?	46	2ffdeff7fe70fccc
N??CAA_K?WB@PC@oWC?	46	3fffffffffff
N??CAA_K?WB@PC@oSC?	46	3fffffffffff
N??CAA_K?WB@PC@oPC?	46	3fffffffffff
N??CAA_K?WB@PC@oHC?	46	3fffffffffff
N??CAA_K?WB@PC@oGS?	46	3fffffffffff
N??CAA_K?WB@PC@o@S?	46	3fffffffffff
N??CAA_K?WB@PC@oOK?	46	3fffffffffff
N??CAA_K?WB@PC@o@K?	46	3fffffffffff
N??CAA_K?WB@PC?w[??	46	3fffffffff87f
N??CAA_K?WB@PC?wM??	46	3fffffffffff
N??CAA_K?WB@PC?wX??	46	3fffffffffff
N??CAA_K?WB@PC?wJ??	46	37ffffbfefffb
N??CAA_K?WB@PC?wW_?	46	3fffffffffff
N??CAA_K?WB@PC?wS_?	46	3fffffffffff
N??CAA_K?WB@PC?wP_?	46	3fffffffffff
N??CAA_K?WB@PC?wH_?	46	37ffffbfefffb
N??CAA_K?WB@PC?wKO?	46	1ffffff7efffd
N??CAA_K?WB@PC?wIO?	46	3fffffffffff
N??CAA_K?WB@PC?wEO?	46	3fffffffffff
N??CAA_K?WB@PC?wGo?	46	3fffffffffff
N??CAA_K?WB@PC?w@o?	46	3fffffffffff
N??CAA_K?WB@PC?wWG?	46	1ffffff7efffd
N??CAA_K?WB@PC?wSG?	46	5ff7fff7efffd
N??CAA_K?WB@PC?wQG?	46	3fffffffffff
N??CAA_K?WB@PC?wEG?	46	3fffffffffff
N??CAA_K?WB@PC?wOg?	46	3fffffffffff
N??CAA_K?WB@PC?w@g?	46	3fffffffffff
N??CAA_K?WB@PC?wGW?	46	7fff5dfffeeff
N??CAA_K?WB@Oc`OL??	46	3fffffffffff
N??CAA_K?WB@Oc`OJ??	46	3fffffffffff
N??CAA_K?WB@Oc`OK_?	46	3fffffffffff
N??CAA_K?WB@Oc`OEO?	46	3fffffffffff
N??CAA_K?WB@Oc`OKG?	46	3fffffffff87f
N??CAA_K?WB@Oc`OEG?	46	3fffffffffff
N??CAA_K?WB@Oc`ODG?	46	3fffffffffff
N??CAA_K?WB@Oc`OCW?	46	1ffffff7efffd
N??CAA_K?WB@Oc`OKC?	46	3fffffffff87f
N??CAA_K?WB@Oc`OGS?	46	1ffffff7efffd
N??CAA_K?WB@Oc@o[??	46	3fffffffff87f
N??CAA_K?WB@Oc@oU??	46	3fffffffffff
N??CAA_K?WB@Oc@oT??	46	3fffffffffff
N??CAA_K?WB@Oc@oS_?	46	3fffffffffff
N??CAA_K?WB@Oc@oSG?	46	1ffffff7efffd
N??CAA_K?WB@Oc@oBG?	46	3effffffffb7e
N??CAA_K?WB@Oc@oCg?	46	3fffffffffff
N??CAA_K?WB@Oc@o@g?	46	3effffffffb7e
N??CAA_K?WB@Oc@oWC?	46	1ffffff7efffd
N??CAA_K?WB@Oc@oEC?	46	3fffffffffff
N??CAA_K?WB@@coOM??	46	7ffffffdffff
N??CAA_K?WB@@coOJ??	46	fffffffdf7ff
N??CAA_K?WB@@coOK_?	46	7ffffffdffff
N??CAA_K?WB@@coOH_?	46	fffffffdf7ff
N??CAA_K?WB@@coOKO?	46	3fffffffff87f
N??CAA_K?WB@@coOIO?	46	3fffffffffff
N??CAA_K?WB@@coOGo?	46	3fffffffffff
N??CAA_K?WB@@coOKG?	46	7ffbffffff87f
N??CAA_K?WB@@coOIC?	46	3fffffffffff
N??CAA_K?WB@@coOGc?	46	3fffffffffff
N??CAA_K?WB@@coOGS?	46	1ffffff7efffd
N??CAA_K?WB@@coOGK?	46	1ffffff7efffd
N??CAA_K?WB@@cWOJ??	46	3ffffdefdefff
N??CAA_K?WB@@cWOH_?	46	3ffffdefdefff
N??CAA_K?WB@@cWOIO?	46	3fffffffffff
N??CAA_K?WB@@cWOGo?	46	3fffffffffff
N??CAA_K?WB@@cWOGW?	46	1ffffff7efffd
N??CAA_K?WB@@cWOWC?	46	7ffbffffff87f
N??CAA_K?WB@@cWOIC?	46	3fffffffffff
N??CAA_K?WB@@cWOGS?	46	1ffffff7efffd
N??CAA_K?WB@@cSOX??	46	3fffffffffff
N??CAA_K?WB@@cSOHO?	46	3ffffffffffcc
N??CAA_K?WB@@cSOHG?	46	2ffdeff7fe70fccc
N??CAA_K?WB@@cSOWC?	46	7fffffff7fff
N??CAA_K?WB@@cQOWC?	46	ffffffff6fff
N??CAA_K?WB@OSP_BG?	46	2ffdeff7fe70fccc
N??CAA_K?WB@OSP_SC?	46	ffffffffd787f
N??CAA_K?WB@OSP_PC?	46	fffffffdfffb
N??CAA_K?WB@OSP_OK?	46	1ffffff7efffd
N??CAA_K?W@`U?OoAg?	46	3faeffff75e937d2
N??CAA_K?W@`U?OoOc?	46	3ffffffffffcc
N??CAA_K?W@`U?Oo?s?	46	1ffffffffb7fe
N??CAA_K?W@`U?OoCa?	46	3defbfffdea94fcc
N??CAA_K?W@`U?CoGo?	46	3faeffff75e937d2
N??CAA_K?W@`U?CoCg?	46	3ffff7dfdf7ff
N??CAA_K?W@`U?CoCc?	46	3fffffffffff
N??CAA_K?W@`U?Co?q?	46	3effffffffb7e
N??CAA_K?W@`U?@oM??	46	3ffffef7ef7ff
N??CAA_K?W@`U?@oKO?	46	3fffffffffff
N??CAA_K?W@`U?@oQO?	46	3ffffffe97fff
N??CAA_K?W@`U?@oEG?	46	3ffff7dfdf7ff
N??CAA_K?W@`U?@oWC?	46	3ffffffffffcc
N??CAA_K?W@`U?@oEC?	46	3ffffdefdefff
N??CAA_K?W@`U?@oOK?	46	1ffffffffb7fe
N??CAA_K?W@`U?@oSA?	46	1ffffffffb7fe
N??CAA_K?W@`U??wW_?	46	3ffffffffffcc
N??CAA_K?W@`U??wE_?	46	3ffffffe97fff
N??CAA_K?W@`U??wGo?	46	1ffffffffb7fe
N??CAA_K?W@`U??wCo?	46	3fffffffffff
N??CAA_K?W@`U??wOg?	46	1ffffffffb7fe
N??CAA_K?W@`U??wAg?	46	3fdffffffb7fe
N??CAA_K?W@`U??wOa?	46	3fffffffffff
N??CAA_K?W@`U??sS_?	46	3fffffffffff
N??CAA_K?W@`U??sK_?	46	3ffffdefdefff
N??CAA_K?W@`U??sCo?	46	3fffffffffff
N??CAA_K?W@`U??sAo?	46	3effffffffb7e
N??CAA_K?W@`U??sOg?	46	3fffffffffff
N??CAA_K?W@`U??sCg?	46	3fffffff0ffff
N??CAA_K?W@`U??sAg?	46	37ff6fdff9f0fb52
N??CAA_K?W@`U??sOc?	46	3fffffffffff
N??CAA_K?W@`U??sGc?	46	3fffffffffff
N??CAA_K?W@`o_EOK_?	46	3fffffffffff
N??CAA_K?W@`o_EOGc?	46	3ffffffffffcc
N??CAA_K?W@`o_EO?k?	46	3fdffffffb7fe
N??CAA_K?W@`o_EOGa?	46	3effffffffb7e
N??CAA_K?W@`o_EOCa?	46	3faeffff75e937d2
N??CAA_K?W@`o_EO?e?	46	3fffffff0ffff
N??CAA_K?W@`W_EOW_?	46	3fffffffffff
N??CAA_K?W@`W_EOI_?	46	7fdffef7ef7ff
N??CAA_K?W@`W_EOAg?	46	3ffff7dfdf7ff
N??CAA_K?W@`W_EO?w?	46	3fffffffffff
N??CAA_K?W@`W_EO?s?	46	3fffffffffff
N??CAA_K?W@`W_EOGa?	46	3ffffdefdefff
N??CAA_K?W@`E_oOK_?	46	7ffffffff7ff
N??CAA_K?W@`E_oOI_?	46	ffffffff0e7ff
N??CAA_K?W@`E_oOGo?	46	2ffdeff7fe70fccc
N??CAA_K?W@`E_oOGc?	46	3ffffffffffcc
N??CAA_K?W@`E_oOGa?	46	fffffffdf7ff
N??CAA_K?W@`E_WOW_?	46	fffffffdf7ff
N??CAA_K?W@`E_WOI_?	46	fffffef7ce7ff
N??CAA_K?W@`E_WOGo?	46	3fffffffdef7e
N??CAA_K?W@`E_WOGc?	46	3fffffffffff
N??CAA_K?W@`E_WOGa?	46	3ffffdefdefff
N??CAA_K?W@`E_SOW_?	46	3fffffff0ffff
N??CAA_K?W@`E_SOK_?	46	3ffffef7ef7ff
N??CAA_K?W@`E_SOGo?	46	3faeffff75e937d2
N??CAA_K?W@`E_SOGc?	46	3fffffffffff
N??CAA_K?W@`QOD_M??	46	3ffffef7ef7ff
N??CAA_K?W@`QOD_WO?	46	2ffdeff7fe70fccc
N??CAA_K?W@`QOD_KO?	46	3fffffffffff
N??CAA_K?W@`QOD_IO?	46	3faeffff75e937d2
N??CAA_K?W@`QOD_WG?	46	2ffdeff7fe70fccc
N??CAA_K?W@`QOD_KG?	46	3ffff7dfdf7ff
N??CAA_K?W@`QOD_IG?	46	3faeffff75e937d2
N??CAA_K?W@`QOD_WC?	46	ffffffffff74c
N??CAA_K?W@`QOD_KC?	46	3fffffffe777f
N??CAA_K?W@`QOD_WA?	46	7ffffffff7ff
N??CAA_K?WAPq?BOM??	46	3fffffffffff
N??CAA_K?WAPq?BOK_?	46	3fffffffffff
N??CAA_K?WAPq?BOCo?	46	3fffffffffff
N??CAA_K?WAPq?BOAS?	46	3fffffffffff
N??CAA_K?WAPq?BOKA?	46	3fffffffffff
N??CAA_K?WAPq?BOGa?	46	3fffffffffff
N??CAA_K?WAPq?BOCa?	46	3fffffffffff
N??CAA_K?WAPq?BOCQ?	46	3fffffffffff
N??CAA_K?WAPq?BOAQ?	46	3fffffffffff
N??CAA_K?WAPq?BOCI?	46	3fffffffffff
N??CAA_K?WAPq?BOCE?	46	3fffffffffff
N??CAA_K?WAPq?BOAE?	46	3fffffffffff
N??CAA_K?WAPq?BO?e?	46	3fffffffffff
N??CAA_K?WAPq?@WM??	46	3fffffffffff
N??CAA_K?WAPq?@WKO?	46	3fffffffffff
N??CAA_K?WAPq?@WIO?	46	3fffffffffff
N??CAA_K?WAPq?@WEO?	46	3fffffffffff
N??CAA_K?WAPq?@WAo?	46	3fffffffffff
N??CAA_K?WAPq?@WEG?	46	3fffffffffff
N??CAA_K?WAPq?@W@g?	46	1ffffffffb7fe
N??CAA_K?WAPq?@WAW?	46	3fffffffffff
N??CAA_K?WAPq?@WKA?	46	3fffffffffff
N??CAA_K?WAPq?@WAQ?	46	3fffffffffff
N??CAA_K?WAPq?@WCI?	46	3fffffffffff
N??CAA_K?WAPq?@WAI?	46	3fffffffffff
N??CAA_K?WAPq?@W?Y?	46	3fffffffffff
N??CAA_K?WAPq?@SM??	46	3fffffffffff
N??CAA_K?WAPq?@SD_?	46	3fffffffffff
N??CAA_K?WAPq?@SKG?	46	3fffffffffff
N??CAA_K?WAPU?`OKO?	46	3fffffffffff
N??CAA_K?WAPU?`OKC?	46	3fffffffffff
N??CAA_K?WAPU?`OGS?	46	3fffffffffff
N??CAA_K?WAPU?`OCS?	46	3fffffffffff
N??CAA_K?WAPU?`O@S?	46	3fffffffffff
N??CAA_K?WAPU?`O?[?	46	3fffffffffff
N??CAA_K?WAPU?`OGQ?	46	3fffffffffff
N??CAA_K?WAPU?`O?q?	46	3fffffffffff
N??CAA_K?WAPU?`OCI?	46	3fffffffffff
N??CAA_K?WAPU?`O?Y?	46	3fffffffffff
N??CAA_K?WAPU?`OGE?	46	3fffffffffff
N??CAA_K?WAPU?`O@E?	46	3fffffffffff
N??CAA_K?WAPU?`O?e?	46	3fffffffffff
N??CAA_K?WAPU?`O?U?	46	3fffffffffff
N??CAA_K?WAPU?`O?M?	46	3fffffffffff
N??CAA_K?WAPU?POSC?	46	7ffffffffffd
N??CAA_K?WAPU?POPC?	46	3fffffffffff
N??CAA_K?WAPU?POCS?	46	7ffffffff7ff
N??CAA_K?WAPU?POOE?	46	7fffffffefff
N??CAA_K?WAPU?HOWO?	46	3fffffffffff
N??CAA_K?WAPU?HO@g?	46	3ffff7dfdf7ff
N??CAA_K?WAPU?HOOW?	46	3fffffffffff
N??CAA_K?WAPU?HO@c?	46	3fffffffffff
N??CAA_K?WAPU?HOGS?	46	3fffffffffff
N??CAA_K?WAPU?HO?[?	46	3fffffffffff
N??CAA_K?WAPU?HOGQ?	46	3fffffffffff
N??CAA_K?WAPU?HO?q?	46	3fffffffffff
N??CAA_K?WAPU?HO?Y?	46	3fffffffffff
N??CAA_K?WAPU?HO?U?	46	3fffffffffff
N??CAA_K?WAPU?BOGo?	46	3faeffff75e937d2
N??CAA_K?WAPU?BOWC?	46	3fffffffffff
N??CAA_K?WAPU?BOSC?	46	3fffffffffff
N??CAA_K?WAPU?BOCc?	46	3fffffffffff
N??CAA_K?WAPU?BOOS?	46	3fffffffffff
N??CAA_K?WAPU?BOGS?	46	3fffffffffff
N??CAA_K?WAPU?BOGa?	46	3defbfffdea94fcc
N??CAA_K?WAPU?BOOQ?	46	3fffffffffff
N??CAA_K?WAPU?BOGQ?	46	3ffffffffffcc
N??CAA_K?WAPU?BOCQ?	46	3fffffffffff
N??CAA_K?WAPU?BO?q?	46	3effffffffb7e
N??CAA_K?WAPU?BOOE?	46	3fffffffffff
N??CAA_K?WAPU?BOGE?	46	3fffffffffff
N??CAA_K?WAPU?@o[??	46	3fffffffffff
N??CAA_K?WAPU?@oX??	46	3fffffff0ffff
N??CAA_K?WAPU?@oSG?	46	3fffffffffff
N??CAA_K?WAPU?@oWC?	46	3fffffffffff
N??CAA_K?WAPU?@oSC?	46	3fffffffffff
N??CAA_K?WAPU?@oKC?	46	3fffffffffff
N??CAA_K?WAPU?@oOK?	46	3fffffffffff
N??CAA_K?WAPU?@oWA?	46	3fffffffffff
N??CAA_K?WAPU?@oSA?	46	3fffffffffff
N??CAA_K?WAPU?@oPA?	46	3fffffffffff
N??CAA_K?WAPU?@SWO?	46	3fffffffffff
N??CAA_K?WAPU?@SSO?	46	3fffffffffff
N??CAA_K?WAPU?@SKO?	46	3fffffffffff
N??CAA_K?WAPU?@SHO?	46	3ffffffffffcc
N??CAA_K?WAPU?@SDO?	46	3fffffffffff
N??CAA_K?WAPU?@SOo?	46	3fffffffffff
N??CAA_K?WAPU?@SCo?	46	3fffffffffff
N??CAA_K?WAPU?@SOW?	46	3fffffffffff
N??CAA_K?WAPU?@SCW?	46	3fffffffffff
N??CAA_K?WAPU?@SWC?	46	3fffffffffff
N??CAA_K?WAPU?@SPC?	46	3fffffffffff
N??CAA_K?WAPU?@SOc?	46	3fffffffffff
N??CAA_K?WAPU?@S@c?	46	3fffffffffff
N??CAA_K?WAPU?@SOS?	46	3fffffffffff
N??CAA_K?WAPU?@SGS?	46	3fffffffffff
N??CAA_K?WAPU?@SCS?	46	3fffffffffff
N??CAA_K?WAPU?@SOK?	46	3fffffffffff
N??CAA_K?WAPU?@SCK?	46	3fffffffffff
N??CAA_K?WAPU?@S?[?	46	3fffffffffff
N??CAA_K?WAPF?oOH_?	46	ffffffff0e7ff
N??CAA_K?WAPF?oOKG?	46	3fff7dfffeeff
N??CAA_K?WAPF?oOGS?	46	3fffffff0ffff
N??CAA_K?WAPF?oOKA?	46	7ffffffdffff
N??CAA_K?WAPF?oOGQ?	46	3fffffffffff
N??CAA_K?WAPF?oOGE?	46	3fffffffffff
N??CAA_K?WAPF?QOGo?	46	3faeffff75e937d2
N??CAA_K?WAPF?OoH_?	46	3faeffff75e937d2
N??CAA_K?WAPF?OoWG?	46	3fffffff0ffff
N??CAA_K?WAPF?OoWC?	46	3fffffff0ffff
N??CAA_K?WAPF?OoKC?	46	7fffffff7fff
N??CAA_K?WAPF?OoWA?	46	3fffffffffff
N??CAA_K?WAPF?OoKA?	46	7fffffff7fff
N??CAA_K?WAPF?OoGE?	46	7ffffffffffb
N??CAA_K?WAPSOR?SC?	46	7ffffffffffd
N??CAA_K?WAPSOR?CS?	46	7ffffffff7ff
N??CAA_K?WAPSOR?OK?	46	3fffffffffff
N??CAA_K?WAPSOR?CK?	46	3fffffffffff
N??CAA_K?WAPSOR??Y?	46	3ffffffffffcc
N??CAA_K?WAPSOR?OE?	46	7fffffffefff
N??CAA_K?WGHU?D_SC?	46	7ffffffffffd
N??CAA_K?WGHU?D_PC?	46	3fffffffffff
N??CAA_K?WGHU?D_CS?	46	7ffffffff7ff
N??CAA_K?WGHU?D_OK?	46	3fffffffffff
N??CAA_K?WGHU?D_CK?	46	3fffffffffff
N??CAA_K?WGHU?D_?[?	46	3fffffffffff
N??CAA_K?WGHU?D_OE?	46	7fffffffefff
N??CAA_K?WGHU?B_EG?	46	3ffff7dfdf7ff
N??CAA_K?WGHU?B_Ag?	46	3faeffff75e937d2
N??CAA_K?WGHU?B_SC?	46	3effffffffb7e
N??CAA_K?WGHU?B_QC?	46	3fffffffffff
N??CAA_K?WGHU?B_EC?	46	3ffffdefdefff
N??CAA_K?WGHU?B_CK?	46	3fffffffffff
N??CAA_K?WGHU?@oU??	46	3fffffffffff
N??CAA_K?WGHU?@oT??	46	3fffffffffff
N??CAA_K?WGHU?@oF??	46	3ffff7dfdf7ff
N??CAA_K?WGHU?@oQC?	46	3fffffffffff
N??CAA_K?WGHU?@oEC?	46	3fffffff0ffff
N??CAA_K?WGHU?@oDC?	46	3fffffffffff
N??CAA_K?WGHU?@oSA?	46	3bffbffffff7d
N??CAA_K?WGHU?@cU??	46	7ffffffffffd
N??CAA_K?WGHU?@cSO?	46	feffffffff37c
N??CAA_K?WGHU?@cSG?	46	3fffffffffff
N??CAA_K?WGHU?@cCW?	46	3fffffffffff
N??CAA_K?WGHU?@cQC?	46	7fffffffefff
N??CAA_K?WGHU?@cOK?	46	3fffffffffff
N??CAA_K?WGHR?CoP_?	46	2ffdeff7fe70fccc
N??CAA_K?WGHR?CoD_?	46	3ffff7dfdf7ff
N??CAA_K?WGHR?CoB_?	46	3faeffff75e937d2
N??CE@_K?o@_POGcB_?	46	7ffffffffffe
N??CE@_K?o@_POGcPC?	46	3fffffffffff
N??CE@_K?o@_POGcAc?	46	3ffffffe97fff
N??CE@_K?o@_POGcP@?	46	7fffffffff7f
N??CE@_K?o@_POGc@`?	46	3fffffffe777f
N??CE@_K?o@_POGc@D?	46	3fffffffffff
N??CE@_K?o@_POGc@@_	46	3fffffffe6eff
N??CE@_K?o@_PGCaD_?	46	3ffffffff87ff
N??CE@_K?o@_PGCaPO?	46	3fffffffdef7e
N??CE@_K?o@_PGCaOo?	46	3fffffffffff
N??CE@_K?o@_PGCaCo?	46	3fffffffffff
N??CE@_K?o@_PGCa@o?	46	3fffffffffff
N??CE@_K?o@_PGCaSG?	46	ffffffffff74c
N??CE@_K?o@_PGCaCg?	46	3fffffffe777f
N??CE@_K?o@_HGCcWO?	46	2ffdeff7fe70fccc
N??CE@_K?o@_HGCcHO?	46	3fffffffffff
N??CE@_K?o@_HGCcOo?	46	3ffffffe97fff
N??CE@_K?o@_HGCcGo?	46	3ffffffe97fff
N??CE@_K?o@_HGCcWG?	46	2ffdeff7fe70fccc
N??CE@_K?o@_HGCcPG?	46	3fffffffffff
N??CE@_K?o@_HGCcOg?	46	3ffffffe97fff
N??CE@_K?o@_HGCaWG?	46	ffffffffff74c
N??CE@_K?o@_HGCaPG?	46	ffffffffff7d
N??CE@_K?o@_HGCaWA?	46	3ffffffffffcc
N??CE@_K?o@_HGCa@a?	46	3faeffff75e937d2
N??CE@_K?o@_HGCaOI?	46	1ffffffffb7fe
N??CE@_K?o@_HGCaOG_	46	fffffffefeff
N??CE@_K?o@_HGAaY??	46	3fffffffffff
N??CE@_K?o@_HGAaW_?	46	ffffffffeffb
N??CE@_K?o@_HGAaWO?	46	3ffffffffe67f
N??CE@_K?o@_HGAaQO?	46	3fffffffcff7d
N??CE@_K?o@_HGAaIO?	46	3fffffffffff
N??CE@_K?o@_HGAaWG?	46	3ffffffffe67f
N??CE@_K?o@_HGAaQG?	46	ffffffffff7d
N??CE@_K?o@_HGAaIA?	46	3ffff7dfdf7ff
N??CE@_K?o@_HGAaOa?	46	7fffffffefff
N??CE@_K?o@_HGAaGa?	46	fffff7dfce7ff
N??CE@_K?o@_HGAaAa?	46	3faeffff75e937d2
N??CE@_K?o@_HGAa?i?	46	fffffffdefff
N??CE@_K?o@_HCCaP_?	46	3ffff7dfdf7ff
N??CE@_K?o@_HCCaOo?	46	3ffff7dfdf7ff
N??CE@_K?o@_HCCa@o?	46	3ff73fdb9cfdef61
N??CE@_K?o@_HCCaWG?	46	3ffffffffffcc
N??CE@_K?o@_HCCaHG?	46	3fffffffffff
N??CE@_K?o@_HCCa@g?	46	3fffffffffff
N??CE@_K?o@_HCCaGW?	46	1ffffffffb7fe
N??CE@_K?o@_HCCa@S?	46	3ffffffffffd2
N??CE@_K?o@_HCCa?[?	46	3ffdf7ffff77f
N??CE@_K?o@_HCCa?o_	46	3faeffff75e937d2
N??CB@_c?o@_POGgR??	46	3ffffbbfeefff
N??CB@_c?o@_POGgP_?	46	3ffff7dfdf7ff
N??CB@_c?o@_POGgBO?	46	3fffffffffff
N??CB@_c?o@_POGgOo?	46	3faeffff75e937d2
N??CB@_c?o@_POGgQA?	46	2ffdeff7fe70fccc
N??CB@_c?o@_POGgAa?	46	3ffffffe97fff
N??CB@_c?o@_POGgAQ?	46	3faeffff75e937d2
N??CB@_c?o@_POGgP@?	46	3fff7fefdfeff
N??CB@_c?o@_POGgB@?	46	3ff8ffe76cfdf6e1
N??CB@_c?o@_POGgOB?	46	3fefedefe76634fe
N??CB@_c?o@_POAaSA?	46	fffffffe97e7f
N??CB@_c?o@_PO@`SA?	46	ffffffffff74c
N??CB@_c?o@_DAOoD_?	46	3ffe7f8f6b7ef07b
N??CB@OKCO@_POCgP_?	46	3fffffffffff
N??CB@OKCO@_POCgD_?	46	3ffffef7ef7ff
N??CB@OKCO@_POCgSO?	46	2ffdeff7fe70fccc
N??CB@OKCO@_POCgOo?	46	3ffffffe97fff
N??CB@OKCO@_POCgCo?	46	3faeffff75e937d2
N??CB@OKCO@_POCgCa?	46	3faeffff75e937d2
N??CB@OKCO@_POCgP@?	46	1ffffffffb7fe
N??CB@OKCO@_POCgD@?	46	3fffffffffff
N??CB@OKCO@_POCgO`?	46	3fffffffffff
N??CB@OKCO@_POCg@`?	46	3ffffdefdefff
N??CB@OKCO@_POCgOP?	46	3fdffffffb7fe
N??CB@OKCO@_POCgOB?	46	1ffffffffb7fe
N??CB@OKCO@_POCgP?_	46	1ffffffffb7fe
N??CB@OKCO@_POCcP@?	46	7ffffffffb77c
N??CB@OKCO@_POCcP?_	46	7ffffffffb77c
N??CB@OKCO@_PO@`BO?	46	7ffffffff7ff
N??CB@OKCO@_PO@`BA?	46	3ffffdefdefff
