N????B?KKWCWF?OoX??	46	7fffffff7fff
N????B?KKWCWQ_DOP_?	46	7ffffffeffff
N???C@?M@K[?F??wY??	46	7ffffffdffff
N???C@?M@K[?F??wR??	46	fffffffdf7ff
N???C@?M@K[?F??wW_?	46	7ffffffdffff
N???C@?M@K[?F??wWO?	46	7ffffffffffe
N???C@?M@K[?F??wQG?	46	3fffffffffff
N???C@?M@K[?F??wIG?	46	3fffffffffff
N???C@?M@K[?F??wBG?	46	3fffffffffff
N???C@?M@K[?F??wOg?	46	3fffffffffff
N???C@?M@K[?F??wGg?	46	3fffffffffff
N???C@?M@K[?F??wGW?	46	7ffffffff7ff
N???C@?M@K[?F??wAK?	46	3fffffffffff
N???C@?M@K[?F??w?k?	46	3fffffffffff
N???C@?M@K[?F??w?[?	46	7ffffffdffff
N???C@?M@K[?EO@gY??	46	7fffffffefff
N???C@?M@K[?EO@gR??	46	ffffffff0e7ff
N???C@?M@K[?EO@gGg?	46	3fffffffffff
N???C@?M@K[?DOAgY??	46	7ffffffffeff
N???C@?M@K[?DOAgIG?	46	7ffffffeffff
N???C@?M@K[?DOAgPG?	46	3fffffffffff
N???C@?M@K[?DOAgHG?	46	3fffffffffff
N???C@?M@K[?DOAgBG?	46	3fffffffffff
N???C@?M@K[?DOAgAK?	46	3fffffffffff
N???C@?M@KU?R??wY??	46	7ffffffdffff
N???C@?M@KU?R??wJ??	46	fffffffdefff
N???C@?M@KU?R??wW_?	46	7ffffffdffff
N???C@?M@KU?R??wWO?	46	3fffffffffff
N???C@?M@KU?R??wBO?	46	3fffffffffff
N???C@?M@KU?R??wOo?	46	3fffffffffff
N???C@?M@KU?R??wGo?	46	3fffffffffff
N???C@?M@KU?R??wAo?	46	3fffffffffff
N???C@?M@KU?R??wWG?	46	3fffffffffff
N???C@?M@KU?R??wIG?	46	3fffffffffff
N???C@?M@KU?R??wHG?	46	3fffffffffff
N???C@?M@KU?R??wBG?	46	3fffffffffff
N???C@?M@KU?R??wGW?	46	3fffffffffff
N???C@?M@KU?R??wQC?	46	7ffffffffffe
N???C@?M@KU?R??wIC?	46	3fffffffffff
N???C@?M@KU?R??wOS?	46	7fffffffff7f
N???C@?M@KU?R??wGS?	46	3fffffffffff
N???C@?M@KU?R??wOK?	46	7fffffffff7f
N???C@?M@KU?R??wAK?	46	7ffffffff7ff
N???C@?M@KU?R??w@K?	46	3fffffffffff
N???C@?M@KU?R??w?k?	46	3fffffffffff
N???C@?M@KU?R??w?[?	46	7ffffffeffff
N???C@?M@KU?P_AWY??	46	7fffffff7fff
N???C@?M@KU?P_AWB_?	46	3fffffffffff
N???C@?M@KU?P_AWOo?	46	fffffffdf7ff
N???C@?M@KU?P_AW@o?	46	3fffffffffff
N???C@?M@KU?P_AWWG?	46	3fffffffffff
N???C@?M@KU?P_AWIG?	46	3fffffffffff
N???C@?M@KU?P_AWHG?	46	3fffffffffff
N???C@?M@KU?P_AWBG?	46	ffffffffff74c
N???C@?M@KU?P_AWQC?	46	7fffffffff7f
N???C@?M@KU?P_AWOc?	46	3fffffffffff
N???C@?M@KU?P_AW?s?	46	fffffffef7ff
N???C@?M@KU?P_AWOK?	46	7fffffff7fff
N???C@?M@KU?P_AWGK?	46	7ffffffffffe
N???C@?M@KU?P_AW@K?	46	7ffffffeffff
N???C@?M@KU?P_AW?k?	46	3fffffffffff
N???C@?M@KU?B_OWY??	46	7ffffffffffe
N???C@?M@KU?B_OWW_?	46	3fffffffffff
N???C@?M@KU?B_OWGo?	46	2ffeffffffefb
N???C@?M@KU?B_OWIG?	46	7ffffffff7ff
N???C@?M@KU?B_OWHG?	46	3fffffffffff
N???C@?M@KU?B_OWGg?	46	3fffffffffff
N???C@?M@KU?B_OWHC?	46	3fffffffffff
N???C@?M@KU?B_OWGc?	46	3fffffffffff
N???C@?M@KU?BOOgY??	46	7ffffffffffd
N???C@?M@KU?BOOgWO?	46	7ffffffff7ff
N???C@?M@KU?BOOgGo?	46	fffffffdefff
N???C@?M@KU?BOOgIG?	46	3fffffffffff
N???C@?M@KU?BOOgHG?	46	3fffffffffff
N???C@?M@KU?BOOgGg?	46	3fffffffffff
N???C@?M@KU?BOOgWC?	46	7fffffffefff
N???C@?M@KU?BOOgGK?	46	3fffffffffff
N???C@?M@KU?@oQGY??	46	7ffffffff7ff
N???C@?M@KU?@oQGW_?	46	3fffffffffff
N???C@?M@KU?@oQGIG?	46	3fffffffffff
N???C@?M@KU?@oQGHG?	46	7ffffffffffb
N???C@?M@KU?@oQGWC?	46	7ffffffdffff
N???C@?M@KU?@oQGGK?	46	7ffffffffffe
N???C@?M@KF?p??wY??	46	fffffffdfffe
N???C@?M@KF?p??wIG?	46	7ffffffff7ff
N???C@?M@KF?`_OWY??	46	7ffffffffffe
N???C@?M@KF?`OOgY??	46	3ffffffff7efc
N???C@?M@KE_q??wY??	46	7ffffffdffff
N???C@?M@KE_q??wX??	46	7ffffffdffff
N???C@?M@KE_q??wR??	46	fffffffdf7ff
N???C@?M@KE_q??wW_?	46	7ffffffdffff
N???C@?M@KE_q??wWO?	46	3fffffffffff
N???C@?M@KE_q??wOo?	46	3fffffffffff
N???C@?M@KE_q??wWG?	46	1ffffeffff7fd
N???C@?M@KE_q??wIG?	46	3fffffffffff
N???C@?M@KE_q??wPG?	46	3fffffffffff
N???C@?M@KE_q??wHG?	46	3fffffffffff
N???C@?M@KE_a_OWY??	46	7ffffffffffe
N???C@?M@KE_a_OWX??	46	3fffffffffff
N???C@?M@KE_a_OWJ??	46	2ffeffffffefb
N???C@?M@KE_a_OWHG?	46	3fffffffffff
N???C@?M@KE_a_OWHC?	46	3fffffffffff
N???C@?M@KE_aOOgY??	46	3fffffffffff
N???C@?M@KE_aOOgX??	46	3ffdf7ffff77f
N???C@?M@KE_aOOgWG?	46	1ffffeffff7fd
N???C@?M@KSGU?@gR??	46	ffffffff0e7ff
N???C@?M@KSGU?@gW_?	46	3fffffffffff
N???C@?M@KSGT?AgY??	46	7ffffffffeff
N???C@?M@KSGT?AgX??	46	3fffffffffff
N???C@?M@KSGT?AgR??	46	3fffffffffff
N???C@?M@KSGF?OgY??	46	3fffffffffff
N???C@?M@KSGF?OgWO?	46	7ffffffffffe
N???C@?M@KSGF?OgWC?	46	7ffffffffffe
N???C@?gU_F?B_@gH_?	46	7ffffffffffd
N???C@?gU_F?B_@g@o?	46	3ffffffffe67f
N???C@?gU_F?B_@gKG?	46	fffffbbfce7ff
N???C@?gU_F?B_@gIG?	46	fffffbbfce7ff
N???C@?gU_F?B_@gAg?	46	3fffffffffff
N???C@?gU_F?B_@gIC?	46	7ffffffff7ff
N???C@?gU_F?B_@gCc?	46	7ffffffffffb
N???C@?gU_D_E_@gH_?	46	3fffffffffff
N???C@?gU_D_E_@gHO?	46	3fffffffffff
N???C@?gU_D_E_@gBO?	46	3fffffffffff
N???C@?gU_D_E_@gAg?	46	3fffffffffff
N???C@?gU_D_E_@g?w?	46	3fffffffffff
N???C@?gU_D_E_@gCS?	46	7ffffffffffb
N???C@?gU_D_E_@g?s?	46	fffffffffe7f
N???C@?gU_D_E_@g@K?	46	3fffffffffff
N???C@?gU_D_E_@g?k?	46	7ffffffdffff
N???C@?gU_D_E_@g?[?	46	7ffffffeffff
N???C@?gU_D_B_CgHO?	46	3fffffffffff
N???C@?gU_D_B_CgBG?	46	3fffffffffff
N???C@?gU_D_B_CgAS?	46	ffffffffff74c
N???C@?gU_D_B_Cg?[?	46	7ffffffeffff
N???C@?gU_B_B_GgHO?	46	3fffffffffff
N???C@?gU_B_B_GgIC?	46	7ffffffff7ff
N???CB?KAAl?D_B_DG?	46	7ffffffff7ff
N???CB?KAAl?D_B_AK?	46	7ffffffdffff
N???CB?KAAl?D_B_?k?	46	3fffffffffff
N???CB?KAAh_K_B_CK?	46	7ffffffdffff
N???CB?KAAh_K_B_?[?	46	3fffffffffff
N???CB?KAAh_I_D_CK?	46	7ffffffeffff
N???CB?KAAh_I_D_?[?	46	3fffffffffff
N???C@_SCQU?H_B_IC?	46	effefffffeefa
N???C@_SCQU?H_B_AK?	46	7ffffffff7ff
N???C@_SCQU?H_B_HA?	46	3fffffffffff
N???C@_SCQU?H_B_Ga?	46	3fffffffffff
N???C@_SCQU?H_B_GI?	46	7ffffffff7ff
N???C@_SCQU?H_B_GE?	46	ffffffffff74c
N???C@_SCQU?H_B_AE?	46	ffffffffff74c
N???C@_SCQT?B_D_EG?	46	3fffffff0ffff
N???C@_SCQT?B_D_IC?	46	ffffffff0e7ff
N???C@_SCQT?B_D_KA?	46	fbffbfffff77c
N???C@_SCQS_K_B_@g?	46	2ffdeff7fe70fccc
N???C@_SCQS_K_B_HA?	46	3fffffffffff
N???C@_SCQS_K_B_Ga?	46	3fffffffffff
N???C@_SCQS_K_B_GQ?	46	7ffffffff7ff
N???C@_SCQS_K_B_GI?	46	7ffffffff7ff
N???C@_SCQS_K_B_?i?	46	3fffffffffff
N???C@_SCQS_B_D_M??	46	3fffffffffff
N???C@_SCQS_B_D_IG?	46	3fffffffffff
N???C@_SCQS_B_D_IC?	46	3fffffffffff
N???C@_SCQS_B_D_KA?	46	3fffffffffff
N???C@_SCQS_B_D_GE?	46	3fffffffffff
N???C@_SCQS_CoB_M??	46	7ffffffffffe
N???C@_SCQS_CoB_L??	46	3fffffffffff
N???C@_SCQS_CoB_IC?	46	7ffffffff7ff
N???C@_SCQS_CoB_GE?	46	7ffffffdffff
N???C@_SCQS_CoB_@E?	46	3fffffffffff
N???C@_SCQP_I_D_I_?	46	ffffffffeffe
N???C@_SCQP_I_D_IG?	46	3fffffffffff
N???C@_SCQP_I_D_IC?	46	3ffffffffe67f
N???C@_SCQP_I_D_KA?	46	3fffffffdf6fe
N???C@_SCQP_I_D_GE?	46	3fffffffd77fd
N???C@_SCQP_I_D_?M?	46	7ffffffdffff
N???C@_SCQP_H_K_IG?	46	3fffffffffff
N???C@_SCQP_H_K_HA?	46	ffffffff7eff
N???C@_SCQP_H_K_GI?	46	ffffffff7ffb
N???C@_SCQP_H_D_L??	46	3fffffffffff
N???C@_SCQP_H_D_@K?	46	3effffffffb7e
N???C@_SCQP_B_K_KG?	46	3fffffffffff
N???C@_SCQP_B_K_?M?	46	ffffffffeffe
N???C@_SCQP_GoD_M??	46	7ffffffffffe
N???C@_SCQP_GoD_J??	46	3fffffffffff
N???C@_SCQP_GoD_IO?	46	3fffffffffff
N???C@_SCQP_GoD_IC?	46	3fffffffd77fd
N???C@_SCQP_GoD_@c?	46	3effffffffb7e
N???C@_SCQP_GoD_KA?	46	3fffffffe777f
N???C@_SCQP_GoD_GE?	46	3fffffffcfefb
N???C@_SCQP_GoD_@E?	46	7ffffffdffff
N???C@_SCQP_@oK_L??	46	3fffffffffff
N???C@_SCQP_@oK_@E?	46	ffffffffeffe
N???C@_SCQP_CgH_J??	46	fffffffffefe
N???C@_SCQP_CgH_IG?	46	ffffffff7f7f
N???C@_SCQP_CgH_@I?	46	fffffffeff7f
N???C@_SCQOoJ?K_IG?	46	3fffffffffff
N???C@_SCQOoJ?K_@g?	46	2ffdeff7fe70fccc
N???C@_SCQOoJ?K_IC?	46	3ffffffffe7f9
N???C@_SCQOoJ?K_IA?	46	3ffffffffe7f9
N???C@_SCQOoJ?K_HA?	46	7ffffffff7ff
N???C@_SCQOoJ?K_GI?	46	3fffffffffff
N???C@_SCQOoJ?K_GE?	46	3fffffffdef7e
N???C@_SCQOoJ?E_KG?	46	3fffffffffff
N???C@_SCQOoJ?E_IC?	46	7ffffffff7ff
N???C@_SCQOoJ?E_GS?	46	3fffffffffff
N???C@_SCQOoJ?E_GE?	46	7ffffffdffff
N???C@_SCQOoJ?E_?M?	46	3fffffffffff
N???C@_SCQOoH_M?IG?	46	3fffffffffff
N???C@_SCQOoH_M??w?	46	2ffdeff7fe70fccc
N???C@_SCQOoH_M?IC?	46	ffffffff0e7ff
N???C@_SCQOoH_M?IA?	46	ffffffff0e7ff
N???C@_SCQOoH_M?Ga?	46	3fffffffffff
N???C@_SCQOoH_M?GI?	46	3fffffffffff
N???C@_SCQOoH_M?GE?	46	fffeff7fd7e7f
N???C@_SCQOoH_F?IO?	46	3fffffffffff
N???C@_SCQOoH_F?IC?	46	3fffffffffff
N???C@_SCQOoH_F?HC?	46	3fffffffffff
N???C@_SCQOoH_F?KA?	46	3fffffffffff
N???C@_SCQOoH_F?GE?	46	3fffffffffff
N???C@_SCQOoB_M?EG?	46	3fffffff0ffff
N???C@_SCQOoB_M??M?	46	7ffffffffffe
N???C@_SCQOoKOB_@E?	46	7ffffffffffe
N???C@_SCQOoIOD_F??	46	3fffffff0ffff
N???C@_SCQOoIOD_IC?	46	fffffbbfce7ff
N???C@_SCQOoIOD_KA?	46	ffffffffff74c
N???C@_SCQOoIOD_GE?	46	ffffffffc87ff
N???C@_SCQOoHOE_M??	46	7ffffffffffe
N???C@_SCQOoHOE_L??	46	3fffffffffff
N???C@_SCQOoHOE_J??	46	3fffffffffff
N???C@_SCQOoHOE_IC?	46	fffffffef7ff
N???C@_SCQOoHOE_KA?	46	fffffffff7fd
N???C@_SCQOoHOE_GE?	46	fffffffdefff
N???C@_SCQOoHOE_@E?	46	3fffffffffff
N???C@_SCQOoDGI_J??	46	7ffffffff7ff
N???C@_SCQOoDGI_IO?	46	3fffffffffff
N???C@_SCQOoDGI_IG?	46	7ffffffffffd
N???C@_SCQOoDGI_?w?	46	3effffffffb7e
N???C@_SCQSGB_D_M??	46	7ffffffffffe
N???C@_SCQSGB_D_F??	46	3fffffff0ffff
N???C@_SCQSGB_D_I_?	46	3ffffef7ef7ff
N???C@_SCQSGB_D_IC?	46	fffffbbfce7ff
N???C@_SCQSGB_D_EC?	46	7ffffffff7ff
N???C@_SCQSGB_D_KA?	46	ffffffffff74c
N???C@_SCQSGB_D_IA?	46	fffffbbfce7ff
N???C@_SCQSGB_D_EA?	46	7ffffffff7ff
N???C@_SCQSGB_D_Ga?	46	3ffffdefdefff
N???C@_SCQSGB_D_GE?	46	ffffffffc87ff
N???C@_SCQOgI_D_J??	46	3fffffffffff
N???C@_SCQOgI_D_IC?	46	3fffffffd77fd
N???C@_SCQOgI_D_GE?	46	3fffffffcfefb
N???C@_SCQOgI_D_@E?	46	7ffffffdffff
N???C@_SCQOgB_K_L??	46	3fffffffffff
N???C@_SCQOgB_K_@E?	46	ffffffffeffe
N???C@_EAK[?e?@oF??	46	7ffffffffffe
N???C@_EAK[?e?@oBC?	46	7ffffffff7ff
N???C@_EAK[?M?@oBC?	46	ffffffff0e7ff
N???C@_EAK[?M?@oAK?	46	3fffffffffff
N???C@_EAK[?M?@o?e?	46	3fffffffffff
N???C@_EAK[?M?@o?M?	46	3fffffffffff
N???C@_EAK[?d?AoBO?	46	3fffffffffff
N???C@_EAK[?d?AoBG?	46	7fffffffefff
N???C@_EAK[?d?AoBC?	46	3fffffffffff
N???C@_EAK[?d?AoCE?	46	7ffffffeffff
N???C@_EAK[?L?AoB_?	46	3fffffffffff
N???C@_EAK[?L?AoBO?	46	3fffffffffff
N???C@_EAK[?L?AoBG?	46	3fffffffffff
N???C@_EAK[?L?AoAg?	46	3fffffffffff
N???C@_EAK[?L?Ao@W?	46	3fffffffffff
N???C@_EAK[?L?AoBC?	46	3fffffffffff
N???C@_EAK[?L?Ao?s?	46	1ffffffffb7fe
N???C@_EAK[?L?AoAI?	46	3fffffffffff
N???C@_EAK[?L?Ao@I?	46	7ffffffffffd
N???C@_EAK[?L?Ao?M?	46	3fffffffffff
N???C@_EAK[?H_EOBC?	46	2ffeffffffefb
N???C@_EAK[?D_EOT??	46	3fffffffffff
N???C@_EAK[?D_EOP_?	46	3fffffffffff
N???C@_EAK[?D_EOCo?	46	3ffff7dfdf7ff
N???C@_EAK[?D_EOPC?	46	3fffffffffff
N???C@_EAK[?D_EODC?	46	3fffffffffff
N???C@_EAK[?D_EOCK?	46	7fffffffff7f
N???C@_EAK[?D_EO@K?	46	3fffffffffff
N???C@_EAK[?D_EO?k?	46	3fffffffffff
N???C@_EAK[?D_EOOE?	46	3fffffffffff
N???C@_EAK[?D_EO?e?	46	3fffffffffff
N???C@_EAK[?cOB_B_?	46	3fffffffffff
N???C@_EAK[?cOB_BG?	46	7fffffffefff
N???C@_EAK[?cOB_BC?	46	3fffffffffff
N???C@_EAK[?cOB_CK?	46	ffffffffff74c
N???C@_EAK[?KOB_R??	46	3fffffffffff
N???C@_EAK[?KOB_BC?	46	3fffffffffff
N???C@_EAK[?KOB_?s?	46	3fdffffffb7fe
N???C@_EAK[?KOB_OK?	46	ffffffffff74c
N???C@_EAK[?KOB_BA?	46	3fffffffffff
N???C@_EAK[?KOB_@I?	46	3fffffffffff
N???C@_EAK[?KOB_?i?	46	3fffffffffff
N???C@_EAK[?HOE_R??	46	3fffffffffff
N???C@_EAK[?HOE_B_?	46	3fffffffffff
N???C@_EAK[?HOE_BG?	46	3fffffffffff
N???C@_EAK[?HOE_AW?	46	3fffffffffff
N???C@_EAK[?HOE_BC?	46	3fffffffffff
N???C@_EAK[?HOE_AS?	46	3fffffffffff
N???C@_EAK[?HOE_AI?	46	3fffffffffff
N???C@_EAK[?HOE_?Y?	46	3fffffffffff
N???C@_EAK[?HOE_?U?	46	3fffffffffff
N???C@_EAK[?@oEOR??	46	7fffffffefff
N???C@_EAK[?@oEOF??	46	7fffffff7fff
N???C@_EAK[?EG@oEG?	46	3fffffffffff
N???C@_EAK[?EG@oBG?	46	7ffffffffffb
N???C@_EAK[?EG@oCa?	46	3fffffffffff
N???C@_EAK[?EG@oCI?	46	3fffffffffff
N???C@_EAK[?CWB_R??	46	3fffffffffff
N???C@_EAK[?CWB_F??	46	3fffffffffff
N???C@_EAK[?CWB_B_?	46	3fffffffffff
N???C@_EAK[?CWB_Co?	46	3fdffffffb7fe
N???C@_EAK[?CWB_?w?	46	3ffdf7ffff77f
N???C@_EAK[?CWB_@I?	46	3fffffffffff
N???C@_EAK[?@WE_R??	46	3fffffffffff
N???C@_EAK[?@WE_F??	46	3fffffffffff
N???C@_EAK[?@WE_B_?	46	3fffffffffff
N???C@_EAK[?@WE_EO?	46	3fffffffffff
N???C@_EAK[?@WE_BG?	46	3fffffffffff
N???C@_EAK[?@WE_CQ?	46	3fffffffffff
N???C@_EAK[?@WE_AI?	46	3fffffffffff
N???C@_EAKY?i?@oF??	46	7ffffffffffe
N???C@_EAKY?i?@oCo?	46	3ffffffffffcc
N???C@_EAKY?i?@oEG?	46	3fffffffffff
N???C@_EAKY?i?@oDG?	46	3fffffffffff
N???C@_EAKY?i?@oBG?	46	3fffffffffff
N???C@_EAKY?i?@o?w?	46	3fdffffffb7fe
N???C@_EAKY?i?@oBC?	46	7ffffffff7ff
N???C@_EAKY?i?@o@K?	46	3fffffffffff
N???C@_EAKY?i?@oEA?	46	7ffffffff7ff
N???C@_EAKY?i?@oDA?	46	7ffffffff7ff
N???C@_EAKY?i?@oBA?	46	7ffffffff7ff
N???C@_EAKY?i?@oCa?	46	3fffffffffff
N???C@_EAKY?i?@oAa?	46	3fffffffffff
N???C@_EAKY?i?@o@a?	46	3fffffffffff
N???C@_EAKY?i?@o@I?	46	3fffffffffff
N???C@_EAKY?i?@oAE?	46	7ffffffdffff
N???C@_EAKY?M?@oS_?	46	3fffffffffff
N???C@_EAKY?M?@oP_?	46	3fffffffffff
N???C@_EAKY?M?@o@o?	46	3fffffffffff
N???C@_EAKY?M?@oSG?	46	3fffffffffff
N???C@_EAKY?M?@oPG?	46	3fffffffffff
N???C@_EAKY?M?@o?w?	46	3ffffffffffd2
N???C@_EAKY?M?@oPC?	46	7ffffffff7ff
N???C@_EAKY?M?@oOc?	46	3fffffffffff
N???C@_EAKY?M?@o@c?	46	3fffffffffff
N???C@_EAKY?M?@o@K?	46	3fffffffffff
N???C@_EAKY?M?@oSA?	46	7ffffffff7ff
N???C@_EAKY?M?@oDA?	46	ffffffff0e7ff
N???C@_EAKY?M?@oOa?	46	3fffffffffff
N???C@_EAKY?M?@oCa?	46	3fffffffffff
N???C@_EAKY?M?@o@I?	46	3fffffffffff
N???C@_EAKY?M?@oOE?	46	7ffffffdffff
N???C@_EAKY?M?@o@E?	46	fffffbbfce7ff
N???C@_EAKY?M?@o?e?	46	3fffffffffff
N???C@_EAKY?M?@o?M?	46	3fffffffffff
N???C@_EAKY?h?AoBG?	46	3fffffffffff
N???C@_EAKY?h?AoCg?	46	3ffffffffffcc
N???C@_EAKY?h?AoCW?	46	3ffffffffffcc
N???C@_EAKY?h?AoBC?	46	3fffffffffff
N???C@_EAKY?h?Ao?s?	46	1ffffffffb7fe
N???C@_EAKY?h?AoCK?	46	3ffffffffffcc
N???C@_EAKY?h?AoDA?	46	3fffffffffff
N???C@_EAKY?h?AoBA?	46	3fffffffffff
N???C@_EAKY?h?Ao@a?	46	3fffffffffff
N???C@_EAKY?h?AoCQ?	46	3fffffffffff
N???C@_EAKY?h?AoAQ?	46	3fffffffffff
N???C@_EAKY?h?AoAE?	46	7ffffffeffff
N???C@_EAKY?h?Ao@E?	46	3fffffffffff
N???C@_EAKY?L?AoS_?	46	fffffffff7fe
N???C@_EAKY?L?AoSO?	46	3fffffffffff
N???C@_EAKY?L?AoDO?	46	3fffffffffff
N???C@_EAKY?L?Ao@o?	46	3fffffffffff
N???C@_EAKY?L?AoDG?	46	3fffffffffff
N???C@_EAKY?L?AoCg?	46	3fffffffffff
N???C@_EAKY?L?Ao@g?	46	3fffffffffff
N???C@_EAKY?L?AoCW?	46	3fffffffffff
N???C@_EAKY?L?Ao@W?	46	3fffffffffff
N???C@_EAKY?L?Ao?w?	46	3fffffffffff
N???C@_EAKY?L?AoPC?	46	3fffffffffff
N???C@_EAKY?L?AoDC?	46	3fffffffffff
N???C@_EAKY?L?Ao@c?	46	3fffffffffff
N???C@_EAKY?L?Ao@K?	46	3fffffffffff
N???C@_EAKY?L?AoSA?	46	7fffffffff7f
N???C@_EAKY?L?AoDA?	46	3fffffffffff
N???C@_EAKY?L?AoOa?	46	7ffffffff7ff
N???C@_EAKY?L?AoCa?	46	ffffffffe7ff
N???C@_EAKY?L?AoOQ?	46	3fffffffffff
N???C@_EAKY?L?AoCQ?	46	3fffffffffff
N???C@_EAKY?L?AoCI?	46	3fffffffffff
N???C@_EAKY?L?Ao?i?	46	3fffffffffff
N???C@_EAKY?L?AoOE?	46	7ffffffeffff
N???C@_EAKY?L?Ao?e?	46	fffffffdf7ff
N???C@_EAKY?L?Ao?U?	46	3fffffffffff
N???C@_EAKY?L?Ao?M?	46	3fffffffffff
N???C@_EAKY?b?GoD_?	46	3fffffffffff
N???C@_EAKY?b?GoBO?	46	3fffffffffff
N???C@_EAKY?b?GoBG?	46	3fffffffffff
N???C@_EAKY?b?GoCg?	46	3ffffffffffcc
N???C@_EAKY?b?GoCW?	46	3ffffffffffcc
N???C@_EAKY?b?GoBC?	46	7fffffffff7f
N???C@_EAKY?b?GoCK?	46	3ffffffffffcc
N???C@_EAKY?b?Go@K?	46	3fffffffffff
N???C@_EAKY?b?GoAQ?	46	3fffffffffff
N???C@_EAKY?b?GoAE?	46	7fffffff7fff
N???C@_EAKY?F?GoS_?	46	3fffffffffff
N???C@_EAKY?F?GoP_?	46	ffffffffeffe
N???C@_EAKY?F?GoSO?	46	3fffffffffff
N???C@_EAKY?F?GoPO?	46	3fffffffffff
N???C@_EAKY?F?GoDO?	46	3fffffffffff
N???C@_EAKY?F?GoCo?	46	3fffffffffff
N???C@_EAKY?F?GoPG?	46	3fffffffffff
N???C@_EAKY?F?GoDG?	46	3fffffffffff
N???C@_EAKY?F?GoCg?	46	3fffffffffff
N???C@_EAKY?F?Go@g?	46	3fffffffffff
N???C@_EAKY?F?GoCW?	46	3fffffffffff
N???C@_EAKY?F?Go@W?	46	3fffffffffff
N???C@_EAKY?F?Go?w?	46	3fffffffffff
N???C@_EAKY?F?GoPC?	46	7fffffffff7f
N???C@_EAKY?F?GoDC?	46	3fffffffffff
N???C@_EAKY?F?GoOc?	46	7fffffffff7f
N???C@_EAKY?F?GoOS?	46	3fffffffffff
N???C@_EAKY?F?Go@S?	46	3fffffffffff
N???C@_EAKY?F?Go@K?	46	3fffffffffff
N???C@_EAKY?F?GoSA?	46	3fffffffffff
N???C@_EAKY?F?GoPA?	46	fffffffff77f
N???C@_EAKY?F?GoDA?	46	3fffffffffff
N???C@_EAKY?F?GoOQ?	46	3fffffffffff
N???C@_EAKY?F?GoCQ?	46	3fffffffffff
N???C@_EAKY?F?GoCI?	46	3fffffffffff
N???C@_EAKY?F?Go?Y?	46	3fffffffffff
N???C@_EAKY?F?GoOE?	46	7fffffff7fff
N???C@_EAKY?F?Go@E?	46	fffffffef7ff
N???C@_EAKY?F?Go?U?	46	3fffffffffff
N???C@_EAKY?F?Go?M?	46	3fffffffffff
N???C@_EAKY?H_IOR??	46	3fffffffffff
N???C@_EAKY?H_IOPC?	46	3fffffffffff
N???C@_EAKY?H_IOBC?	46	3fffffffffff
N???C@_EAKY?H_IOQA?	46	3fffffffffff
N???C@_EAKY?D_IOT??	46	3fffffffffff
N???C@_EAKY?D_IOSG?	46	3fffffffffff
N???C@_EAKY?D_IODG?	46	7fffffff7fff
N???C@_EAKY?D_IO?w?	46	3fffffffffff
N???C@_EAKY?D_IOPC?	46	3fffffffffff
N???C@_EAKY?D_IODC?	46	3fffffffffff
N???C@_EAKY?D_IOOc?	46	ffffffffff7d
N???C@_EAKY?D_IOCK?	46	3fffffffffff
N???C@_EAKY?D_IO@K?	46	3fffffffffff
N???C@_EAKY?D_IOOE?	46	7ffffffffffb
N???C@_EAKY?D_IO?e?	46	ffffffffe7ff
N???C@_EAKY?D_IO?M?	46	3fffffffffff
N???C@_EAKY?B_IOU??	46	3fffffffffff
N???C@_EAKY?B_IOCo?	46	3fffffffffff
N???C@_EAKY?B_IOSG?	46	3fffffffffff
N???C@_EAKY?B_IOSC?	46	3fffffffffff
N???C@_EAKY?B_IOQC?	46	3fffffffffff
N???C@_EAKY?B_IOEC?	46	3fffffffffff
N???C@_EAKY?B_IOOc?	46	3fffffffffff
N???C@_EAKY?B_IOAK?	46	3fffffffffff
N???C@_EAKY?B_IOOE?	46	3fffffffffff
N???C@_EAKY?B_IO?e?	46	3fffffffffff
N???C@_EAKY?B_HOU??	46	3fffffffffff
N???C@_EAKY?B_HOR??	46	3fffffffffff
N???C@_EAKY?B_HOF??	46	3fffffffffff
N???C@_EAKY?B_HOSO?	46	3ffffffffffcc
N???C@_EAKY?B_HOEO?	46	3fffffffffff
N???C@_EAKY?B_HOBO?	46	3fffffffffff
N???C@_EAKY?B_HOBG?	46	3fffffffffff
N???C@_EAKY?B_HOCW?	46	1ffffffffb7fe
N???C@_EAKY?B_HOAW?	46	3fffffffffff
N???C@_EAKY?B_HOPC?	46	3fffffffffff
N???C@_EAKY?B_HOBC?	46	3fffffffffff
N???C@_EAKY?B_HOOS?	46	1ffffffffb7fe
N???C@_EAKY?B_HO?[?	46	3ffdf7ffff77f
N???C@_EAKY?B_HOSA?	46	3fffffffffff
N???C@_EAKY?B_HOQA?	46	3fffffffffff
N???C@_EAKY?B_HOEA?	46	3fffffffffff
N???C@_EAKY?B_HOOQ?	46	3fffffffffff
N???C@_EAKY?B_HOCQ?	46	3fffffffffff
N???C@_EAKY?B_HOAI?	46	3fffffffffff
N???C@_EAKY?B_HO@I?	46	3fffffffffff
N???C@_EAKY?B_HO?Y?	46	3fffffffffff
N???C@_EAKY?B_HOAE?	46	3fffffffffff
N???C@_EAKY?B_HO@E?	46	3fffffffffff
N???C@_EAKY?B_HO?M?	46	3fffffffffff
N???C@_EAKY?gOB_F??	46	3fffffffffff
N???C@_EAKY?gOB_Co?	46	3ffffffffffcc
N???C@_EAKY?gOB_Ao?	46	3ffff7dfdf7ff
N???C@_EAKY?gOB_BG?	46	3fffffffffff
N???C@_EAKY?gOB_Cg?	46	3ffffffffffcc
N???C@_EAKY?gOB_Ag?	46	3fffffffffff
N???C@_EAKY?gOB_BC?	46	3fffffffffff
N???C@_EAKY?gOB_?s?	46	3fdffffffb7fe
N???C@_EAKY?gOB_CK?	46	ffffffffff74c
N???C@_EAKY?gOB_@K?	46	3fffffffffff
N???C@_EAKY?gOB_EA?	46	7ffffffffffe
N???C@_EAKY?gOB_DA?	46	3fffffffffff
N???C@_EAKY?gOB_BA?	46	3fffffff0ffff
N???C@_EAKY?gOB_Ca?	46	3fffffffffff
N???C@_EAKY?gOB_Aa?	46	3fffffff0ffff
N???C@_EAKY?gOB_@I?	46	3fffffffffff
N???C@_EAKY?gOB_AE?	46	7ffffffff7ff
N???C@_EAKY?gOB_@E?	46	3fffffffffff
N???C@_EAKY?KOB_T??	46	3fffffffffff
N???C@_EAKY?KOB_S_?	46	3fffffffffff
N???C@_EAKY?KOB_Co?	46	3fffffffffff
N???C@_EAKY?KOB_@o?	46	3fffffffffff
N???C@_EAKY?KOB_SG?	46	fbffbfffff77c
N???C@_EAKY?KOB_PG?	46	3fffffffffff
N???C@_EAKY?KOB_Cg?	46	3fffffffffff
N???C@_EAKY?KOB_?w?	46	3fffffffffff
N???C@_EAKY?KOB_PC?	46	3fffffffffff
N???C@_EAKY?KOB_DC?	46	3fffffffffff
N???C@_EAKY?KOB_Oc?	46	3fffffffffff
N???C@_EAKY?KOB_@K?	46	3fffffffffff
N???C@_EAKY?KOB_SA?	46	7ffffffffffe
N???C@_EAKY?KOB_DA?	46	3fffffffffff
N???C@_EAKY?KOB_Oa?	46	3fffffffffff
N???C@_EAKY?KOB_Ca?	46	3fffffffffff
N???C@_EAKY?KOB_CI?	46	7ffffffff7ff
N???C@_EAKY?KOB_?i?	46	3fffffffffff
N???C@_EAKY?KOB_OE?	46	7ffffffff7ff
N???C@_EAKY?KOB_?e?	46	3fffffffffff
N???C@_EAKY?KOB_?M?	46	7ffffffdffff
N???C@_EAKY?aOH_B_?	46	3fffffffffff
N???C@_EAKY?aOH_EG?	46	3fffffffffff
N???C@_EAKY?aOH_DG?	46	3fffffffffff
N???C@_EAKY?aOH_BC?	46	7ffffffffffe
N???C@_EAKY?aOH_Aa?	46	3fffffffffff
N???C@_EAKY?aOH_?q?	46	7ffffffff7ff
N???C@_EAKY?aOH_AE?	46	7fffffffff7f
N???C@_EAKY?EOH_T??	46	3fffffffffff
N???C@_EAKY?EOH_P_?	46	3fffffffffff
N???C@_EAKY?EOH_@o?	46	3fffffffffff
N???C@_EAKY?EOH_?w?	46	3fffffffffff
N???C@_EAKY?EOH_PC?	46	7ffffffffffe
N???C@_EAKY?EOH_DC?	46	3fffffffffff
N???C@_EAKY?EOH_SA?	46	3fffffffffff
N???C@_EAKY?EOH_DA?	46	3fffffffffff
N???C@_EAKY?EOH_Oa?	46	3fffffffffff
N???C@_EAKY?EOH_OE?	46	7fffffffff7f
N???C@_EAKY?EOH_?e?	46	3fffffffffff
N???C@_EAKY?DOI_T??	46	3fffffffffff
N???C@_EAKY?DOI_S_?	46	3fffffffffff
N???C@_EAKY?DOI_P_?	46	3fffffffffff
N???C@_EAKY?DOI_D_?	46	3fffffffffff
N???C@_EAKY?DOI_SO?	46	3fffffffffff
N???C@_EAKY?DOI_PO?	46	3fffffffffff
N???C@_EAKY?DOI_DO?	46	3fffffffffff
N???C@_EAKY?DOI_Co?	46	3fffffffffff
N???C@_EAKY?DOI_@o?	46	3fffffffffff
N???C@_EAKY?DOI_SG?	46	3fffffffffff
N???C@_EAKY?DOI_PG?	46	3fffffffffff
N???C@_EAKY?DOI_DG?	46	3fffffffffff
N???C@_EAKY?DOI_Cg?	46	3fffffffffff
N???C@_EAKY?DOI_@g?	46	3fffffffffff
N???C@_EAKY?DOI_CW?	46	3fffffffffff
N???C@_EAKY?DOI_@W?	46	3fffffffffff
N???C@_EAKY?DOI_PC?	46	3fffffffffff
N???C@_EAKY?DOI_DC?	46	3fffffffffff
N???C@_EAKY?DOI_Cc?	46	3fffffffffff
N???C@_EAKY?DOI_OS?	46	3fffffffffff
N???C@_EAKY?DOI_@S?	46	3fffffffffff
N???C@_EAKY?DOI_@K?	46	3fffffffffff
N???C@_EAKY?DOI_SA?	46	3fffffffffff
N???C@_EAKY?DOI_DA?	46	3fffffffffff
N???C@_EAKY?DOI_Ca?	46	3fffffffffff
N???C@_EAKY?DOI_OQ?	46	3fffffffffff
N???C@_EAKY?DOI_CQ?	46	3fffffffffff
N???C@_EAKY?DOI_CI?	46	3fffffffffff
N???C@_EAKY?DOI_OE?	46	7ffffffffffd
N???C@_EAKY?DOI_?U?	46	3fffffffffff
N???C@_EAKY?DOI_?M?	46	7fffffffefff
N???C@_EAKY?BOGoR??	46	3fffffffffff
N???C@_EAKY?BOGoF??	46	3fffffffffff
N???C@_EAKY?BOGoS_?	46	3ffffffffffcc
N???C@_EAKY?BOGoQ_?	46	3fffffffffff
N???C@_EAKY?BOGoE_?	46	3fffffffffff
N???C@_EAKY?BOGoD_?	46	3fffffffffff
N???C@_EAKY?BOGoBO?	46	3fffffffffff
N???C@_EAKY?BOGoAo?	46	3fffffffffff
N???C@_EAKY?BOGoSC?	46	3ffffffffffcc
N???C@_EAKY?BOGoBC?	46	3fffffffffff
N???C@_EAKY?BOGo?s?	46	3ffdf7ffff77f
N???C@_EAKY?BOGoAE?	46	3fffffffffff
N???C@_EAKY?@oIOU??	46	3fffffffffff
N???C@_EAKY?@oIOR??	46	3fffffffffff
N???C@_EAKY?@oIOF??	46	3fffffffffff
N???C@_EAKY?@oIOB_?	46	3fffffffffff
N???C@_EAKY?@oIOCo?	46	1ffffffffb7fe
N???C@_EAKY?@oIOBC?	46	3fffffffffff
N???C@_EAKY?@oIO?s?	46	3ffdf7ffff77f
N???C@_EAKY?@oIOAE?	46	3fffffffffff
N???C@_EAKY?@oIO@E?	46	3fffffffffff
N???C@_EAKY?AWH_T??	46	3fffffffffff
N???C@_EAKY?AWH_R??	46	7ffffffffffe
N???C@_EAKY?AWH_F??	46	3fffffffffff
N???C@_EAKY?AWH_EG?	46	3fffffffffff
N???C@_EAKY?AWH_BG?	46	7ffffffff7ff
N???C@_EAKY?AWH_QA?	46	7fffffffff7f
N???C@_EAKY?AWH_PA?	46	7fffffffff7f
N???C@_EAKY?AWH_BA?	46	7ffffffff7ff
N???C@_EAKY?AWH_CI?	46	3fffffffffff
N???C@_EAKY?AWH_@I?	46	7ffffffeffff
N???C@_EAKY?IC@oU??	46	7ffffffff7ff
N???C@_EAKY?IC@oS_?	46	3fffffffffff
N???C@_EAKY?IC@oE_?	46	3fffffffffff
N???C@_EAKY?IC@oB_?	46	3fffffffffff
N???C@_EAKY?IC@o@o?	46	3fffffffffff
N???C@_EAKY?IC@oDG?	46	3fffffffffff
N???C@_EAKY?IC@oCg?	46	3fffffffffff
N???C@_EAKY?IC@oSC?	46	7ffffffdffff
N???C@_EAKY?IC@oQC?	46	7ffffffdffff
N???C@_EAKY?IC@oDC?	46	fffffbbfce7ff
N???C@_EAKY?IC@oAK?	46	3fffffffffff
N???C@_EAKY?HCAoT??	46	3fffffffffff
N???C@_EAKY?HCAoF??	46	3fffffffffff
N???C@_EAKY?HCAoS_?	46	7ffffffff7ff
N???C@_EAKY?HCAoB_?	46	3fffffffffff
N???C@_EAKY?HCAoSO?	46	3fffffffffff
N???C@_EAKY?HCAoEO?	46	3fffffffffff
N???C@_EAKY?HCAoDO?	46	3fffffffffff
N???C@_EAKY?HCAoBO?	46	3fffffffffff
N???C@_EAKY?HCAoOo?	46	3fffffffffff
N???C@_EAKY?HCAoAo?	46	3fffffffffff
N???C@_EAKY?HCAo@o?	46	3fffffffffff
N???C@_EAKY?HCAoEG?	46	3fffffffffff
N???C@_EAKY?HCAoCg?	46	3fffffffffff
N???C@_EAKY?HCAoCW?	46	3fffffffffff
N???C@_EAKY?HCAo?w?	46	3fffffffffff
N???C@_EAKY?HCAoSC?	46	7ffffffeffff
N???C@_EAKY?HCAoQC?	46	7ffffffeffff
N???C@_EAKY?HCAoPC?	46	3fffffffffff
N???C@_EAKY?HCAoCK?	46	3fffffffffff
N???C@_EAKY?HCAoAK?	46	3fffffffffff
N???C@_EAKY?HCAo@K?	46	3fffffffffff
N???C@_EAKY?GSB_T??	46	3fffffffffff
N???C@_EAKY?GSB_F??	46	3fffffffffff
N???C@_EAKY?GSB_S_?	46	3fffffffffff
N???C@_EAKY?GSB_Q_?	46	3fffffffffff
N???C@_EAKY?GSB_E_?	46	3fffffffffff
N???C@_EAKY?GSB_Oo?	46	3fffffffffff
N???C@_EAKY?GSB_Co?	46	3fffffffffff
N???C@_EAKY?GSB_SG?	46	7ffffffff7ff
N???C@_EAKY?GSB_BG?	46	3fffffffffff
N???C@_EAKY?GSB_Cg?	46	3fffffffffff
N???C@_EAKY?GSB_?w?	46	3fffffffffff
N???C@_EAKY?GSB_QC?	46	7ffffffff7ff
N???C@_EAKY?GSB_PC?	46	3fffffffffff
N???C@_EAKY?GSB_?s?	46	3fffffffffff
N???C@_EAKY?GSB_@K?	46	3fffffffffff
N???C@_EAKY?GSB_?k?	46	3fffffffffff
N???C@_EAKY?ASH_U??	46	3fffffffffff
N???C@_EAKY?ASH_F??	46	3fffffffffff
N???C@_EAKY?ASH_B_?	46	3fffffffffff
N???C@_EAKY?ASH_Oo?	46	1ffffff7efffd
N???C@_EAKY?ASH_SG?	46	3fffffffffff
N???C@_EAKY?ASH_Cg?	46	7ffffffffffe
N???C@_EAKY?ASH_?w?	46	7fffffffff7f
N???C@_EAKY?ASH_QC?	46	7fffffffff7f
N???C@_EAKY?ASH_CK?	46	7ffffffffffe
N???C@_EAKY?ASH_AK?	46	7ffffffeffff
N???C@_EAKY?ASH_?k?	46	7fffffffff7f
N???C@_EAKY?@SI_T??	46	3fffffffffff
N???C@_EAKY?@SI_F??	46	3fffffffffff
N???C@_EAKY?@SI_E_?	46	3fffffffffff
N???C@_EAKY?@SI_B_?	46	3fffffffffff
N???C@_EAKY?@SI_DO?	46	3fffffffffff
N???C@_EAKY?@SI_BO?	46	3fffffffffff
N???C@_EAKY?@SI_Ao?	46	3fffffffffff
N???C@_EAKY?@SI_SG?	46	3fffffffffff
N???C@_EAKY?@SI_EG?	46	3fffffffffff
N???C@_EAKY?@SI_Cg?	46	3fffffffffff
N???C@_EAKY?@SI_CW?	46	3fffffffffff
N???C@_EAKY?@SI_@W?	46	3fffffffffff
N???C@_EAKY?@SI_QC?	46	7ffffffffffd
N???C@_EAKY?@SI_PC?	46	3fffffffffff
N???C@_EAKY?@SI_CK?	46	3fffffffffff
N???C@_EAKY?@SI_@K?	46	3fffffffffff
N???C@_EAKY?@SI_?k?	46	7ffffffeffff
N???C@_EAKM?i?@oOo?	46	3ffffffffffcc
N???C@_EAKM?i?@oBC?	46	ffffffff0e7ff
N???C@_EAKM?i?@oOc?	46	3ffffffffffcc
N???C@_EAKM?i?@o?s?	46	3fdffffffb7fe
N???C@_EAKM?i?@o@K?	46	3fffffffffff
N???C@_EAKM?i?@oOa?	46	3fffffffffff
N???C@_EAKM?i?@o@a?	46	3fffffffffff
N???C@_EAKM?i?@oAI?	46	3fffffffffff
N???C@_EAKM?i?@o@E?	46	fffffbbfce7ff
N???C@_EAKM?i?@o?M?	46	3fffffffffff
N???C@_EAKM?e?@oOo?	46	3fffffffffff
N???C@_EAKM?e?@o@o?	46	3fffffffffff
N???C@_EAKM?e?@o@g?	46	3fffffffffff
N???C@_EAKM?e?@oPC?	46	7ffffffff7ff
N???C@_EAKM?e?@oDC?	46	ffffffff0e7ff
N???C@_EAKM?e?@o@K?	46	3fffffffffff
N???C@_EAKM?e?@oSA?	46	7ffffffff7ff
N???C@_EAKM?e?@oOa?	46	3fffffffffff
N???C@_EAKM?e?@oCI?	46	3fffffffffff
N???C@_EAKM?e?@o?M?	46	3fffffffffff
N???C@_EAKM?h?AoR??	46	3fffffffffff
N???C@_EAKM?h?AoPC?	46	3fffffffffff
N???C@_EAKM?h?AoBC?	46	3fffffffffff
N???C@_EAKM?h?Ao?s?	46	1ffffffffb7fe
N???C@_EAKM?h?AoOK?	46	3ffffffffffcc
N???C@_EAKM?h?Ao@K?	46	3fffffffffff
N???C@_EAKM?h?Ao?[?	46	1ffffffffb7fe
N???C@_EAKM?h?AoPA?	46	3fffffffffff
N???C@_EAKM?h?Ao@a?	46	3fffffffffff
N???C@_EAKM?h?Ao@Q?	46	3fffffffffff
N???C@_EAKM?h?AoAI?	46	3fffffffffff
N???C@_EAKM?h?Ao@I?	46	7ffffffffffd
N???C@_EAKM?d?AoT??	46	3fffffffffff
N???C@_EAKM?d?AoPO?	46	3fffffffffff
N???C@_EAKM?d?Ao@o?	46	3fffffffffff
N???C@_EAKM?d?AoCg?	46	3fffffffffff
N???C@_EAKM?d?Ao@g?	46	3fffffffffff
N???C@_EAKM?d?Ao@W?	46	3fffffffffff
N???C@_EAKM?d?Ao?w?	46	3fffffffffff
N???C@_EAKM?d?AoSC?	46	fffffffff77f
N???C@_EAKM?d?AoPC?	46	3fffffffffff
N???C@_EAKM?d?AoDC?	46	3fffffffffff
N???C@_EAKM?d?Ao@K?	46	3fffffffffff
N???C@_EAKM?d?AoSA?	46	7fffffffff7f
N???C@_EAKM?d?AoOa?	46	7ffffffff7ff
N???C@_EAKM?d?AoOQ?	46	3fffffffffff
N???C@_EAKM?d?AoCI?	46	3fffffffffff
N???C@_EAKM?d?Ao?Y?	46	3fffffffffff
N???C@_EAKM?d?AoOE?	46	7ffffffeffff
N???C@_EAKM?d?Ao?M?	46	3fffffffffff
N???C@_EAKM?J?_oPC?	46	3fffffffffff
N???C@_EAKM?J?_oOK?	46	3ffffffffffcc
N???C@_EAKM?J?_oQA?	46	3fffffffffff
N???C@_EAKM?F?_oP_?	46	3fffffffffff
N???C@_EAKM?F?_oSO?	46	3fffffffffff
N???C@_EAKM?F?_oPO?	46	7fffffffefff
N???C@_EAKM?F?_oOo?	46	3fffffffffff
N???C@_EAKM?F?_oPG?	46	7fffffffefff
N???C@_EAKM?F?_oPC?	46	3fffffffffff
N???C@_EAKM?F?_oSA?	46	3fffffffffff
N???C@_EAKM?F?_oOE?	46	3fffffffffff
N???C@_EAKM?H_aOPC?	46	3bffbffffff7d
N???C@_EAKM?D_aOT??	46	3fffffffffff
N???C@_EAKM?D_aOP_?	46	3fffffffffff
N???C@_EAKM?D_aOPC?	46	3fffffffffff
N???C@_EAKM?D_aOSA?	46	3fffffffffff
N???C@_EAKM?D_aOOa?	46	3fffffffffff
N???C@_EAKM?D_aOOE?	46	3fffffffffff
N???C@_EAKM?B_`OU??	46	3fffffffffff
N???C@_EAKM?B_`OR??	46	3fffffffffff
N???C@_EAKM?B_`OSO?	46	3ffffffffffcc
N???C@_EAKM?B_`OQO?	46	3fffffffffff
N???C@_EAKM?B_`OPO?	46	1ffffffffb7fe
N???C@_EAKM?B_`OSG?	46	3ffffffffffcc
N???C@_EAKM?B_`OOW?	46	1ffffffffb7fe
N???C@_EAKM?B_`OOS?	46	1ffffffffb7fe
N???C@_EAKM?B_`OSA?	46	3fffffffffff
N???C@_EAKM?gOB_R??	46	3fffffffffff
N???C@_EAKM?gOB_Oo?	46	3ffffffffffcc
N???C@_EAKM?gOB_PC?	46	3fffffffffff
N???C@_EAKM?gOB_Oc?	46	3ffffffffffcc
N???C@_EAKM?gOB_QA?	46	7ffffffffffe
N???C@_EAKM?gOB_PA?	46	7fffffff7fff
N???C@_EAKM?gOB_Oa?	46	3fffffffffff
N???C@_EAKM?cOB_S_?	46	3fffffffffff
N???C@_EAKM?cOB_P_?	46	7fffffffefff
N???C@_EAKM?cOB_Oo?	46	7fffffffefff
N???C@_EAKM?cOB_SC?	46	fbffbfffff77c
N???C@_EAKM?cOB_PC?	46	3fffffffffff
N???C@_EAKM?cOB_SA?	46	7ffffffffffe
N???C@_EAKM?cOB_Oa?	46	3fffffffffff
N???C@_EAKM?cOB_OE?	46	7ffffffff7ff
N???C@_EAKM?aG@oF??	46	ffffffff0e7ff
N???C@_EAKM?aG@oS_?	46	3ffffffffffcc
N???C@_EAKM?aG@oOo?	46	1ffffffffb7fe
N???C@_EAKM?aG@oCo?	46	3fdffffffb7fe
N???C@_EAKM?aG@oBG?	46	3fffffffffff
N???C@_EAKM?aG@o?w?	46	3ffdf7ffff77f
N???C@_EAKM?aG@oDA?	46	fffffbbfce7ff
N???C@_EAKM?aG@oCI?	46	3fffffffffff
N???C@_EAKM?aG@oAI?	46	3fffffffffff
N???C@_EAKM?aG@o@I?	46	3fffffffffff
N???C@_EAKM?`GAoT??	46	3fffffffffff
N???C@_EAKM?`GAoR??	46	3fffffffffff
N???C@_EAKM?`GAoF??	46	3fffffffffff
N???C@_EAKM?`GAoE_?	46	3ffffffffe67f
N???C@_EAKM?`GAoD_?	46	3fffffffffff
N???C@_EAKM?`GAoCo?	46	1ffffffffb7fe
N???C@_EAKM?`GAoSG?	46	3ffffffffffcc
N???C@_EAKM?`GAoDG?	46	3fffffffffff
N???C@_EAKM?`GAoBG?	46	3fffffffffff
N???C@_EAKM?`GAoCW?	46	1ffffffffb7fe
N???C@_EAKM?`GAo?w?	46	3ffdf7ffff77f
N???C@_EAKM?`GAoPA?	46	3fffffffffff
N???C@_EAKM?`GAoAI?	46	3fffffffffff
N???C@_EAKM?`GAo@I?	46	7ffffffffeff
N???C@_EAKM?BG_oR??	46	3fffffffffff
N???C@_EAKM?BG_oSG?	46	3ffffffffffcc
N???C@_EAKM?BG_oQA?	46	3fffffffffff
N???C@_EAKM?_WB_T??	46	3fffffffffff
N???C@_EAKM?_WB_R??	46	3fffffffffff
N???C@_EAKM?_WB_S_?	46	3ffffffffffcc
N???C@_EAKM?_WB_Oo?	46	1ffffffffb7fe
N???C@_EAKM?_WB_QA?	46	7ffffffff7ff
N???C@_EAKM?_WB_PA?	46	7ffffffffffb
N???C@_EAKM?aC@oT??	46	7ffffffff7ff
N???C@_EAKM?aC@oS_?	46	3fffffffffff
N???C@_EAKM?aC@oB_?	46	3fffffffffff
N???C@_EAKM?aC@oCo?	46	3ff8ffe76cfdf6e1
N???C@_EAKM?aC@o@o?	46	3fffffffffff
N???C@_EAKM?aC@oSG?	46	3fffffffffff
N???C@_EAKM?aC@oEG?	46	3fffffffffff
N???C@_EAKM?aC@oPG?	46	7ffffffff7ff
N???C@_EAKM?aC@oBG?	46	7fffffffff7f
N???C@_EAKM?aC@oSC?	46	7ffffffdffff
N???C@_EAKM?aC@oPC?	46	7ffffffdffff
N???C@_EAKM?aC@oOc?	46	3fffffffffff
N???C@_EAKM?aC@oCK?	46	3ffffffffffe1
N???C@_EAKM?aC@oAK?	46	3fffffffffff
N???C@_EAKM?`CAoU??	46	7fffffffff7f
N???C@_EAKM?`CAoT??	46	3fffffffffff
N???C@_EAKM?`CAoS_?	46	7ffffffff7ff
N???C@_EAKM?`CAoB_?	46	3fffffffffff
N???C@_EAKM?`CAoSO?	46	3fffffffffff
N???C@_EAKM?`CAoQO?	46	3fffffffffff
N???C@_EAKM?`CAoBO?	46	3fffffffffff
N???C@_EAKM?`CAoCo?	46	3fffffffffff
N???C@_EAKM?`CAo@o?	46	3fffffffffff
N???C@_EAKM?`CAoSG?	46	3fffffffffff
N???C@_EAKM?`CAoEG?	46	3fffffffffff
N???C@_EAKM?`CAoDG?	46	3fffffffffff
N???C@_EAKM?`CAoSC?	46	7ffffffeffff
N???C@_EAKM?`CAoQC?	46	7ffffffeffff
N???C@_EAKM?`CAoPC?	46	3fffffffffff
N???C@_EAKM?`CAoOc?	46	7ffffffdffff
N???C@_EAKM?`CAoCK?	46	3fffffffffff
N???C@_EAKM?`CAoAK?	46	3fffffffffff
N???C@_EAKM?`CAo@K?	46	3fffffffffff
N???C@_EAKM?_SB_T??	46	3fffffffffff
N???C@_EAKM?_SB_R??	46	7ffffffff7ff
N???C@_EAKM?_SB_S_?	46	7ffffffffffd
N???C@_EAKM?_SB_Oo?	46	7ffffffff7ff
N???C@_EAKM?_SB_SG?	46	7ffffffff7ff
N???C@_EAKM?_SB_QG?	46	7ffffffff7ff
N???C@_EAKM?_SB_SC?	46	fffffffff7fb
N???C@_EAKM?_SB_PC?	46	3fffffffffff
N???C@_EAKM?_SB_Oc?	46	7fffffffefff
N???C@_EAKJ?k?@oS_?	46	3fffffffffff
N???C@_EAKJ?k?@oP_?	46	3fffffffffff
N???C@_EAKJ?k?@oOo?	46	7fffffffff7f
N???C@_EAKJ?k?@oCo?	46	3fffffffffff
N???C@_EAKJ?k?@oSG?	46	3fffffffffff
N???C@_EAKJ?k?@oPC?	46	7ffffffff7ff
N???C@_EAKJ?k?@oOc?	46	3fffffffffff
N???C@_EAKJ?k?@o@K?	46	3fffffffffff
N???C@_EAKJ?k?@oSA?	46	7ffffffff7ff
N???C@_EAKJ?k?@oDA?	46	ffffffff0e7ff
N???C@_EAKJ?k?@oOa?	46	3fffffffffff
N???C@_EAKJ?k?@oCa?	46	3fffffffffff
N???C@_EAKJ?k?@o?M?	46	3fffffffffff
N???C@_EAKJ?d?GoT??	46	3fffffffffff
N???C@_EAKJ?d?GoS_?	46	3fffffffffff
N???C@_EAKJ?d?GoP_?	46	ffffffffeffe
N???C@_EAKJ?d?GoCo?	46	3fffffffffff
N???C@_EAKJ?d?GoCg?	46	3fffffffffff
N???C@_EAKJ?d?Go@g?	46	3fffffffffff
N???C@_EAKJ?d?GoCW?	46	7fffffffff7f
N???C@_EAKJ?d?Go@W?	46	3fffffffffff
N???C@_EAKJ?d?Go?w?	46	3fffffffffff
N???C@_EAKJ?d?GoSC?	46	3fffffffffff
N???C@_EAKJ?d?GoPC?	46	7fffffffff7f
N???C@_EAKJ?d?GoCc?	46	3fffffffffff
N???C@_EAKJ?d?GoCK?	46	7fffffffff7f
N???C@_EAKJ?d?Go@K?	46	3fffffffffff
N???C@_EAKJ?d?Go?[?	46	7ffffffffffd
N???C@_EAKJ?d?GoPA?	46	fffffffff77f
N???C@_EAKJ?d?GoOa?	46	fffffffff77f
N???C@_EAKJ?d?GoCa?	46	3fffffffffff
N???C@_EAKJ?d?GoCQ?	46	3fffffffffff
N???C@_EAKJ?d?GoCI?	46	3fffffffffff
N???C@_EAKJ?d?Go?Y?	46	3fffffffffff
N???C@_EAKJ?d?Go?M?	46	3fffffffffff
N???C@_EAKJ?L?_oS_?	46	3fffffffffff
N???C@_EAKJ?L?_oP_?	46	3fffffffffff
N???C@_EAKJ?L?_oSO?	46	3fffffffffff
N???C@_EAKJ?L?_oOo?	46	7fffffffff7f
N???C@_EAKJ?L?_oSG?	46	3fffffffffff
N???C@_EAKJ?L?_oPC?	46	3fffffffffff
N???C@_EAKJ?L?_oOS?	46	7fffffffff7f
N???C@_EAKJ?L?_oOa?	46	3fffffffffff
N???C@_EAKJ?L?_oOE?	46	3fffffffffff
N???C@_EAKJ?`_HOR??	46	3fffffffffff
N???C@_EAKJ?`_HOF??	46	3fffffffffff
N???C@_EAKJ?`_HOEO?	46	3fffffffffff
N???C@_EAKJ?`_HOBG?	46	3fffffffffff
N???C@_EAKJ?`_HOAW?	46	3fffffffffff
N???C@_EAKJ?`_HOEC?	46	3fffffffffff
N???C@_EAKJ?`_HOBC?	46	3fffffffffff
N???C@_EAKJ?`_HOAK?	46	3fffffffffff
N???C@_EAKJ?`_HOEA?	46	3fffffffffff
N???C@_EAKJ?`_HOCQ?	46	3fffffffffff
N???C@_EAKJ?`_HOAI?	46	3fffffffffff
N???C@_EAKJ?`_HO?Y?	46	3fffffffffff
N???C@_EAKJ?`_HOCE?	46	3fffffffffff
N???C@_EAKJ?`_HO?M?	46	3fffffffffff
N???C@_EAKJ?H_gOR??	46	7ffffffdffff
N???C@_EAKJ?H_gOQC?	46	3fffffffffff
N???C@_EAKJ?H_gOOE?	46	3fffffffffff
N???C@_EAKJ?H_`OR??	46	3fffffffffff
N???C@_EAKJ?H_`OQO?	46	3fffffffffff
N???C@_EAKJ?H_`OQC?	46	3fffffffffff
N???C@_EAKJ?H_`OOE?	46	3fffffffffff
N???C@_EAKJ?cOH_T??	46	3fffffffffff
N???C@_EAKJ?cOH_Oo?	46	3fffffffffff
N???C@_EAKJ?cOH_SG?	46	3fffffffffff
N???C@_EAKJ?cOH_SC?	46	3fffffffffff
N???C@_EAKJ?cOH_PC?	46	7ffffffffffe
N???C@_EAKJ?cOH_Oc?	46	3fffffffffff
N???C@_EAKJ?_WH_U??	46	3fffffffffff
N???C@_EAKJ?_WH_R??	46	7ffffffffffe
N???C@_EAKJ?_WH_QG?	46	7fffffffff7f
N???C@_EAKJ?_WH_SA?	46	3fffffffffff
N???C@_EAKJ?_WH_OI?	46	7fffffff7fff
N???C@_EAKJ?gC@oF??	46	ffffffff0e7ff
N???C@_EAKJ?gC@oS_?	46	3fffffffffff
N???C@_EAKJ?gC@oOo?	46	7fffffff7fff
N???C@_EAKJ?gC@oCo?	46	3fffffffffff
N???C@_EAKJ?gC@oOc?	46	3fffffffffff
N???C@_EAKJ?gC@oCc?	46	3fffffffffff
N???C@_EAKJ?gC@oCK?	46	3fffffffffff
N???C@_EAKJ?gC@oAK?	46	3fffffffffff
N???C@_EAKJ?`CGoR??	46	fffffffff77f
N???C@_EAKJ?`CGoS_?	46	3fffffffffff
N???C@_EAKJ?`CGoCo?	46	3fffffffffff
N???C@_EAKJ?`CGoEG?	46	3fffffffffff
N???C@_EAKJ?`CGoCg?	46	3fffffffffff
N???C@_EAKJ?`CGoCW?	46	7fffffff7fff
N???C@_EAKJ?`CGo?w?	46	3fffffffffff
N???C@_EAKJ?`CGoSC?	46	3fffffffffff
N???C@_EAKJ?`CGoCK?	46	7fffffff7fff
N???C@_EAKJ?`CGoAK?	46	3fffffffffff
N???C@_EAKJ?`CGo?[?	46	7ffffffffffb
N???C@_EAKJ?HC_oS_?	46	3fffffffffff
N???C@_EAKJ?HC_oSO?	46	3fffffffffff
N???C@_EAKJ?HC_oOo?	46	7fffffff7fff
N???C@_EAKJ?HC_oSG?	46	3fffffffffff
N???C@_EAKJ?HC_oSC?	46	3fffffffffff
N???C@_EAKJ?HC_oQC?	46	3fffffffffff
N???C@_EAKJ?HC_oOS?	46	7fffffff7fff
N???C@_EAKJ?@cgOU??	46	3fffffffffff
N???C@_EAKJ?@cgOQC?	46	3fffffffffff
N???C@_EAKJ?_SH_Oo?	46	7ffffffff7ff
N???C@_EAKJ?_SH_SG?	46	3fffffffffff
N???C@_EAKJ?_SH_SC?	46	7ffffffffffb
N???C@_EAKJ?_SH_QC?	46	7fffffffff7f
N???C@_EAKJ?_SH_Oc?	46	7fffffffefff
N???C@_EAKW_k?AoF??	46	3fffffffffff
N???C@_EAKW_k?AoB_?	46	3fffffffffff
N???C@_EAKW_k?AoBO?	46	3fffffffffff
N???C@_EAKW_k?AoDG?	46	3fffffffffff
N???C@_EAKW_k?AoBG?	46	3fffffffffff
N???C@_EAKW_k?AoCg?	46	3ffffffffffcc
N???C@_EAKW_k?Ao?w?	46	1ffffffffb7fe
N???C@_EAKW_k?AoBC?	46	3fffffffffff
N???C@_EAKW_k?AoCK?	46	3ffffffffffcc
N???C@_EAKW_k?AoDA?	46	3fffffffffff
N???C@_EAKW_k?Ao@a?	46	3fffffffffff
N???C@_EAKW_k?AoCQ?	46	3fffffffffff
N???C@_EAKW_k?AoAI?	46	3fffffffffff
N???C@_EAKW_L?AoU??	46	fffffffff7fe
N???C@_EAKW_L?AoT??	46	3fffffffffff
N???C@_EAKW_L?AoR??	46	3fffffffffff
N???C@_EAKW_L?AoF??	46	3fffffffffff
N???C@_EAKW_L?AoSO?	46	3ffffffffffcc
N???C@_EAKW_L?AoDO?	46	3fffffffffff
N???C@_EAKW_L?AoBO?	46	3fffffffffff
N???C@_EAKW_L?AoSG?	46	3ffffffffffcc
N???C@_EAKW_L?AoEG?	46	3fffffffffff
N???C@_EAKW_L?AoBG?	46	3fffffffffff
N???C@_EAKW_L?AoOW?	46	1ffffffffb7fe
N???C@_EAKW_L?AoCW?	46	1ffffffffb7fe
N???C@_EAKW_L?AoAW?	46	3fffffffffff
N???C@_EAKW_L?AoDC?	46	3fffffffffff
N???C@_EAKW_L?AoBC?	46	3fffffffffff
N???C@_EAKW_L?AoOS?	46	1ffffffffb7fe
N???C@_EAKW_L?AoCS?	46	1ffffffffb7fe
N???C@_EAKW_L?AoAS?	46	3fffffffffff
N???C@_EAKW_L?Ao?[?	46	3ffdf7ffff77f
N???C@_EAKW_L?AoQA?	46	7ffffffff7ff
N???C@_EAKW_L?AoEA?	46	ffffffffe7ff
N???C@_EAKW_L?AoPA?	46	3fffffffffff
N???C@_EAKW_L?AoDA?	46	3fffffffffff
N???C@_EAKW_L?AoBA?	46	3fffffffffff
N???C@_EAKW_L?AoAI?	46	3fffffffffff
N???C@_EAKW_L?AoAE?	46	fffffffdf7ff
N???C@_EAKW_L?Ao@E?	46	3fffffffffff
N???C@_EAKW_F?GoU??	46	3fffffffffff
N???C@_EAKW_F?GoR??	46	ffffffffeffe
N???C@_EAKW_F?GoF??	46	3fffffffffff
N???C@_EAKW_F?GoEO?	46	3fffffffffff
N???C@_EAKW_F?GoQG?	46	3fffffffffff
N???C@_EAKW_F?GoEG?	46	3fffffffffff
N???C@_EAKW_F?GoBG?	46	3fffffffffff
N???C@_EAKW_F?GoAW?	46	3fffffffffff
N???C@_EAKW_F?GoQC?	46	7fffffffff7f
N???C@_EAKW_F?GoEC?	46	3fffffffffff
N???C@_EAKW_F?GoBC?	46	ffffffffe7ff
N???C@_EAKW_F?GoSA?	46	3fffffffffff
N???C@_EAKW_F?GoCQ?	46	3fffffffffff
N???C@_EAKW_F?GoOI?	46	3fffffffffff
N???C@_EAKW_F?GoCI?	46	3fffffffffff
N???C@_EAKW_F?Go?Y?	46	3fffffffffff
N???C@_EAKW_F?GoOE?	46	7fffffff7fff
N???C@_EAKW_F?GoCE?	46	3fffffffffff
N???C@_EAKW_g_EOF??	46	3fffffffffff
N???C@_EAKW_g_EOB_?	46	3fffffffffff
N???C@_EAKW_g_EOBO?	46	3fffffffffff
N???C@_EAKW_g_EOBC?	46	3fffffffffff
N???C@_EAKW_g_EOEA?	46	3fffffffffff
N???C@_EAKW_g_EOAa?	46	3fffffffffff
N???C@_EAKW_c_IOF??	46	3fffffffffff
N???C@_EAKW_c_IOB_?	46	3fffffffffff
N???C@_EAKW_c_IOEO?	46	3fffffffffff
N???C@_EAKW_c_IOBO?	46	3fffffffffff
N???C@_EAKW_c_IOAo?	46	3fffffffdef7e
N???C@_EAKW_c_IODG?	46	3fffffffffff
N???C@_EAKW_c_IOBG?	46	3fffffffffff
N???C@_EAKW_c_IOCg?	46	3ffffffffffcc
N???C@_EAKW_c_IO?w?	46	3fdffffffb7fe
N???C@_EAKW_c_IOBC?	46	3fffffffffff
N???C@_EAKW_c_IOCK?	46	3ffffffffffcc
N???C@_EAKW_c_IOEA?	46	3fffffffffff
N???C@_EAKW_c_IO@a?	46	3fffffffffff
N???C@_EAKW_K_IOR??	46	3fffffffffff
N???C@_EAKW_K_IOB_?	46	3fffffffffff
N???C@_EAKW_K_IOBO?	46	3fffffffffff
N???C@_EAKW_K_IOBC?	46	3fffffffffff
N???C@_EAKW_K_IOOK?	46	3ffffffffffcc
N???C@_EAKW_K_IOAK?	46	3fffffffffff
N???C@_EAKW_K_IO?[?	46	1ffffffffb7fe
N???C@_EAKW_K_IO@I?	46	3fffffffffff
N???C@_EAKW_K_IOOE?	46	3fffffffffff
N???C@_EAKW_K_EOT??	46	3fffffffffff
N???C@_EAKW_K_EOS_?	46	3fffffffffff
N???C@_EAKW_K_EOP_?	46	3fffffffffff
N???C@_EAKW_K_EOD_?	46	3fffffffffff
N???C@_EAKW_K_EOSO?	46	3fffffffffff
N???C@_EAKW_K_EOPO?	46	3fffffffffff
N???C@_EAKW_K_EODO?	46	3fffffffffff
N???C@_EAKW_K_EO@o?	46	3fffffffffff
N???C@_EAKW_K_EODG?	46	3fffffffffff
N???C@_EAKW_K_EOCW?	46	3fffffffffff
N???C@_EAKW_K_EOSC?	46	3fffffffffff
N???C@_EAKW_K_EOPC?	46	3fffffffffff
N???C@_EAKW_K_EODC?	46	3fffffffffff
N???C@_EAKW_K_EO@S?	46	3fffffffffff
N???C@_EAKW_K_EOCK?	46	3fffffffffff
N???C@_EAKW_K_EO@K?	46	3fffffffffff
N???C@_EAKW_K_EOSA?	46	3fffffffffff
N???C@_EAKW_K_EODA?	46	fffffffdefff
N???C@_EAKW_K_EOOa?	46	3fffffffffff
N???C@_EAKW_K_EOCa?	46	3fffffffffff
N???C@_EAKW_K_EOOQ?	46	3fffffffffff
N???C@_EAKW_K_EOCQ?	46	3fffffffffff
N???C@_EAKW_K_EO?i?	46	3fffffffffff
N???C@_EAKW_K_EO?Y?	46	3fffffffffff
N???C@_EAKW_K_EOOE?	46	3fffffffffff
N???C@_EAKW_K_EO?e?	46	3fffffffffff
N???C@_EAKW_K_EO?M?	46	3fffffffffff
N???C@_EAKW_K_AoU??	46	3fffffffffff
N???C@_EAKW_K_AoT??	46	3fffffffffff
N???C@_EAKW_K_AoR??	46	3fffffffffff
N???C@_EAKW_K_AoF??	46	3fffffffffff
N???C@_EAKW_K_AoS_?	46	3ffffffffffcc
N???C@_EAKW_K_AoD_?	46	3fffffffffff
N???C@_EAKW_K_AoB_?	46	3fffffffffff
N???C@_EAKW_K_AoEG?	46	3fffffffffff
N???C@_EAKW_K_AoDG?	46	3fffffffffff
N???C@_EAKW_K_AoBG?	46	3fffffffffff
N???C@_EAKW_K_AoCg?	46	1ffffffffb7fe
N???C@_EAKW_K_AoAg?	46	3fffffffffff
N???C@_EAKW_K_AoBC?	46	3fffffffffff
N???C@_EAKW_K_AoOc?	46	1ffffffffb7fe
N???C@_EAKW_K_AoCc?	46	1ffffffffb7fe
N???C@_EAKW_K_AoCK?	46	1ffffffffb7fe
N???C@_EAKW_K_Ao?k?	46	3ffdf7ffff77f
N???C@_EAKW_K_AoQA?	46	3fffffffffff
N???C@_EAKW_K_AoEA?	46	3fffffffffff
N???C@_EAKW_K_AoDA?	46	3fffffffffff
N???C@_EAKW_K_AoBA?	46	3fffffffffff
N???C@_EAKW_K_AoAI?	46	3fffffffffff
N???C@_EAKW_K_Ao@I?	46	3fffffffffff
N???C@_EAKW_K_Ao@E?	46	3fffffffffff
N???C@_EAKW_K_Ao?M?	46	3fffffffffff
N???C@_EAKW_E_KOT??	46	3fffffffffff
N???C@_EAKW_E_KOS_?	46	3fffffffffff
N???C@_EAKW_E_KOP_?	46	3fffffffffff
N???C@_EAKW_E_KOD_?	46	3fffffffffff
N???C@_EAKW_E_KOSO?	46	3fffffffffff
N???C@_EAKW_E_KOSG?	46	3fffffffffff
N???C@_EAKW_E_KOPG?	46	3fffffffffff
N???C@_EAKW_E_KODG?	46	3fffffffffff
N???C@_EAKW_E_KOCg?	46	3fffffffffff
N???C@_EAKW_E_KO@g?	46	3fffffffffff
N???C@_EAKW_E_KO@W?	46	3fffffffffff
N???C@_EAKW_E_KOPC?	46	3fffffffffff
N???C@_EAKW_E_KODC?	46	3fffffffffff
N???C@_EAKW_E_KOOc?	46	7fffffffff7f
N???C@_EAKW_E_KO@c?	46	3fffffffffff
N???C@_EAKW_E_KO@K?	46	3fffffffffff
N???C@_EAKW_E_KO?[?	46	3fffffffffff
N???C@_EAKW_E_KOSA?	46	3fffffffffff
N???C@_EAKW_E_KOPA?	46	3fffffffffff
N???C@_EAKW_E_KODA?	46	fffffffdefff
N???C@_EAKW_E_KOOa?	46	3fffffffffff
N???C@_EAKW_E_KOCa?	46	3fffffffffff
N???C@_EAKW_E_KOCI?	46	3fffffffffff
N???C@_EAKW_E_KO@I?	46	ffffffffff7d
N???C@_EAKW_E_KO?i?	46	3fffffffffff
N???C@_EAKW_E_KO?Y?	46	3fffffffffff
N???C@_EAKW_E_KOOE?	46	3fffffffffff
N???C@_EAKW_E_KO@E?	46	3fffffffffff
N???C@_EAKW_E_KO?e?	46	3fffffffffff
N???C@_EAKW_E_KO?M?	46	3fffffffffff
N???C@_EAKW_E_GoR??	46	3fffffffffff
N???C@_EAKW_E_GoF??	46	3fffffffffff
N???C@_EAKW_E_GoE_?	46	3fffffffffff
N???C@_EAKW_E_GoB_?	46	3fffffffffff
N???C@_EAKW_E_GoEG?	46	3fffffffffff
N???C@_EAKW_E_GoBG?	46	3fffffffffff
N???C@_EAKW_E_GoAg?	46	3fffffffffff
N???C@_EAKW_E_GoEC?	46	3fffffffffff
N???C@_EAKW_E_GoBC?	46	3fffffffffff
N???C@_EAKW_E_GoAK?	46	3fffffffffff
N???C@_EAKW_E_GoCa?	46	3fffffffffff
N???C@_EAKW_E_GoCI?	46	3fffffffffff
N???C@_EAKW_E_Go?i?	46	3fffffffffff
N???C@_EAKW_E_GoCE?	46	3fffffffffff
N???C@_EAKW_E_Go?M?	46	3fffffffffff
N???C@_EAKW_H_EOF??	46	2fffff7ff7ffb
N???C@_EAKW_H_EOBO?	46	2fffff7ff7ffb
N???C@_EAKW_H_EOBC?	46	2ffeffffffefb
N???C@_EAKW_H_EOAS?	46	7ffbfef7ef7ff
N???C@_EAKW_H_EO?Y?	46	3fffffffffff
N???C@_EAKW_H_EOAE?	46	3effffffffb7e
N???C@_EAKW_D_IOT??	46	3fffffffffff
N???C@_EAKW_D_IOR??	46	3fffffffffff
N???C@_EAKW_D_IOF??	46	3fffffffffff
N???C@_EAKW_D_IOSO?	46	3ffffffffffcc
N???C@_EAKW_D_IODO?	46	3fffffffffff
N???C@_EAKW_D_IOBO?	46	3fffffffffff
N???C@_EAKW_D_IOSG?	46	3ffffffffffcc
N???C@_EAKW_D_IODG?	46	ffffffff7f7f
N???C@_EAKW_D_IOBG?	46	3fffffffffff
N???C@_EAKW_D_IOOW?	46	3fdffffffb7fe
N???C@_EAKW_D_IOCW?	46	1ffffffffb7fe
N???C@_EAKW_D_IOQC?	46	ffffffffff7d
N???C@_EAKW_D_IOBC?	46	3fffffffffff
N???C@_EAKW_D_IOOS?	46	7ffffffffb77c
N???C@_EAKW_D_IO?[?	46	3ffdf7ffff77f
N???C@_EAKW_D_IOSA?	46	3fffffffffff
N???C@_EAKW_D_IOQA?	46	fffffffff7fd
N???C@_EAKW_D_IOPA?	46	3fffffffffff
N???C@_EAKW_D_IODA?	46	fffffffeefff
N???C@_EAKW_D_IOCI?	46	3fffffffffff
N???C@_EAKW_D_IO@I?	46	ffffffffff7e
N???C@_EAKW_D_IOAE?	46	ffffffffe7ff
N???C@_EAKW_D_IO@E?	46	3fffffffffff
N???C@_EAKW_gOE_F??	46	fffffffdff7f
N???C@_EAKW_gOE_B_?	46	3ffff7dfdf7ff
N???C@_EAKW_gOE_BG?	46	3fffffffffff
N???C@_EAKW_gOE_Ag?	46	3fffffffffff
N???C@_EAKW_gOE_BC?	46	3fffffffffff
N???C@_EAKW_gOE_EA?	46	fffffffe7fff
N???C@_EAKW_gOE_Aa?	46	3fffffff0ffff
N???C@_EAKW_gOE_?q?	46	3fffffff0ffff
N???C@_EAKW_gOE_AI?	46	3fffffffffff
N???C@_EAKW_gOE_?i?	46	7ffffffff7ff
N???C@_EAKW_cOI_F??	46	3fffffffffff
N???C@_EAKW_cOI_B_?	46	3fffffffffff
N???C@_EAKW_cOI_DO?	46	3ffffdefdefff
N???C@_EAKW_cOI_BO?	46	3fffffffffff
N???C@_EAKW_cOI_EG?	46	3fffffffffff
N???C@_EAKW_cOI_BG?	46	ffffffffeeff
N???C@_EAKW_cOI_Cg?	46	3ffffffffffcc
N???C@_EAKW_cOI_@g?	46	3fffffffffff
N???C@_EAKW_cOI_?w?	46	3fdffffffb7fe
N???C@_EAKW_cOI_BC?	46	3fffffffffff
N???C@_EAKW_cOI_CK?	46	3ffffffffffcc
N???C@_EAKW_cOI_DA?	46	ffffffffeeff
N???C@_EAKW_cOI_@a?	46	3fffffffffff
N???C@_EAKW_cOI_AE?	46	7ffffffffffd
N???C@_EAKW_HOE_U??	46	3fffffffffff
N???C@_EAKW_HOE_R??	46	3fffffffffff
N???C@_EAKW_HOE_F??	46	3fffffffffff
N???C@_EAKW_HOE_EO?	46	3fffffffffff
N???C@_EAKW_HOE_BG?	46	3fffffffffff
N???C@_EAKW_HOE_AW?	46	3fffffffffff
N???C@_EAKW_HOE_BC?	46	3fffffffffff
N???C@_EAKW_HOE_SA?	46	7ffffffffffe
N???C@_EAKW_HOE_QA?	46	3fffffffffff
N???C@_EAKW_HOE_EA?	46	3fffffffffff
N???C@_EAKW_HOE_CQ?	46	3fffffffffff
N???C@_EAKW_HOE_AI?	46	3fffffffffff
N???C@_EAKW_HOE_AE?	46	3fffffffffff
N???C@_EAKW_DOI_U??	46	3fffffffffff
N???C@_EAKW_DOI_R??	46	3fffffffffff
N???C@_EAKW_DOI_F??	46	3fffffffffff
N???C@_EAKW_DOI_SO?	46	3ffffffffffcc
N???C@_EAKW_DOI_EO?	46	3fffffffffff
N???C@_EAKW_DOI_BO?	46	3fffffffffff
N???C@_EAKW_DOI_SG?	46	3ffffffffffcc
N???C@_EAKW_DOI_EG?	46	3fffffffffff
N???C@_EAKW_DOI_PG?	46	3fffffffffff
N???C@_EAKW_DOI_BG?	46	3fffffffffff
N???C@_EAKW_DOI_CW?	46	1ffffffffb7fe
N???C@_EAKW_DOI_@W?	46	3fffffffffff
N???C@_EAKW_DOI_EC?	46	3fffffffffff
N???C@_EAKW_DOI_BC?	46	3fffffffffff
N???C@_EAKW_DOI_OS?	46	1ffffffffb7fe
N???C@_EAKW_DOI_CS?	46	3fdffffffb7fe
N???C@_EAKW_DOI_?[?	46	3ffdf7ffff77f
N???C@_EAKW_DOI_SA?	46	3fffffffffff
N???C@_EAKW_DOI_EA?	46	3fffffffffff
N???C@_EAKW_DOI_PA?	46	3fffffffffff
N???C@_EAKW_DOI_DA?	46	7fffffffefff
N???C@_EAKW_DOI_BA?	46	3fffffffffff
N???C@_EAKW_DOI_@E?	46	3fffffffffff
N???C@_EAKW__oM?B_?	46	3fffffff0ffff
N???C@_EAKW__oM?Aa?	46	3ffffbbfeefff
N???C@_EAKW_GoM?R??	46	3fffffffffff
N???C@_EAKW_GoM?BG?	46	3fffffffffff
N???C@_EAKW_GoM?QC?	46	3fffffffffff
N???C@_EAKW_GoM?Ac?	46	3fffffffffff
N???C@_EAKW_GoM?AK?	46	3fffffffffff
N???C@_EAKW_GoM?AI?	46	3fffffffffff
N???C@_EAKW_GoM?OE?	46	3fffffffffff
N???C@_EAKW_GoM??e?	46	3fffffffffff
N???C@_EAKW_GoM??U?	46	3fffffffffff
N???C@_EAKW_GoM??M?	46	3fffffffffff
N???C@_EAKW_GoEOR??	46	ffffffffeeff
N???C@_EAKW_GoEOQ_?	46	3fffffffffff
N???C@_EAKW_GoEOBC?	46	3fffffffffff
N???C@_EAKW_GoEOOa?	46	3fffffffffff
N???C@_EAKW_CoM?S_?	46	7ffffffff7ff
N???C@_EAKW_CoM?P_?	46	3fffffffffff
N???C@_EAKW_CoM?SO?	46	3fffffffffff
N???C@_EAKW_CoM?PO?	46	3fffffffffff
N???C@_EAKW_CoM?@o?	46	3fffffffffff
N???C@_EAKW_CoM?SG?	46	3fffffffffff
N???C@_EAKW_CoM?PG?	46	3fffffffffff
N???C@_EAKW_CoM?DG?	46	3fffffffffff
N???C@_EAKW_CoM?@g?	46	3fffffffffff
N???C@_EAKW_CoM?CW?	46	3fffffffffff
N???C@_EAKW_CoM?@W?	46	3fffffffffff
N???C@_EAKW_CoM?SC?	46	7ffffffff7ff
N???C@_EAKW_CoM?PC?	46	3fffffffffff
N???C@_EAKW_CoM?Oc?	46	7fffffffff7f
N???C@_EAKW_CoM?@c?	46	3fffffffffff
N???C@_EAKW_CoM?@S?	46	3fffffffffff
N???C@_EAKW_CoM?CK?	46	3fffffffffff
N???C@_EAKW_CoM?@K?	46	3fffffffffff
N???C@_EAKW_CoM??[?	46	3fffffffffff
N???C@_EAKW_CoM?SA?	46	3fffffffffff
N???C@_EAKW_CoM?PA?	46	3fffffffffff
N???C@_EAKW_CoM?DA?	46	fffffffdefff
N???C@_EAKW_CoM?Oa?	46	3fffffffffff
N???C@_EAKW_CoM?Ca?	46	3fffffffffff
N???C@_EAKW_CoM?CQ?	46	3fffffffffff
N???C@_EAKW_CoM??Y?	46	3fffffffffff
N???C@_EAKW_CoM?OE?	46	3fffffffffff
N???C@_EAKW_CoM??e?	46	3fffffffffff
N???C@_EAKW_CoM??U?	46	3fffffffffff
N???C@_EAKW_CoM??M?	46	3fffffffffff
N???C@_EAKW_CoIOU??	46	3fffffffffff
N???C@_EAKW_CoIOT??	46	3fffffffffff
N???C@_EAKW_CoIOR??	46	3fffffffffff
N???C@_EAKW_CoIOS_?	46	3ffffffffffcc
N???C@_EAKW_CoIOB_?	46	3fffffffffff
N???C@_EAKW_CoIOEO?	46	3fffffffffff
N???C@_EAKW_CoIOSC?	46	3ffffffffffcc
N???C@_EAKW_CoIOEC?	46	3fffffffffff
N???C@_EAKW_CoIOBC?	46	3fffffffffff
N???C@_EAKW_CoIODA?	46	3fffffffffff
N???C@_EAKW_CoIO@E?	46	3fffffffffff
N???C@_EAKW_@oM?U??	46	3fffffffffff
N???C@_EAKW_@oM?R??	46	3fffffff0ffff
N???C@_EAKW_@oM?QO?	46	3effffffffcfe
N???C@_EAKW_@oM?EO?	46	3fffffffffff
N???C@_EAKW_@oM?BO?	46	3ffffffe97fff
N???C@_EAKW_@oM?SA?	46	3fffffffffff
N???C@_EAKW_@oM?QA?	46	3ffffbbfeefff
N???C@_EAKW_EGGoU??	46	3fffffffffff
N???C@_EAKW_EGGoR??	46	7fffffffff7f
N???C@_EAKW_EGGoF??	46	fffffffdefff
N???C@_EAKW_EGGoE_?	46	3fffffffffff
N???C@_EAKW_EGGoEO?	46	3fffffffffff
N???C@_EAKW_EGGoEG?	46	3fffffffffff
N???C@_EAKW_EGGoSA?	46	3fffffffffff
N???C@_EAKW_EGGoQA?	46	7fffffff7fff
N???C@_EAKW_EGGoCa?	46	3fffffffffff
N???C@_EAKW_EGGoCI?	46	3fffffffffff
N???C@_EAKW_GWE_R??	46	3fffffffffff
N???C@_EAKW_GWE_F??	46	3fffffffffff
N???C@_EAKW_GWE_B_?	46	3ffffffffffd2
N???C@_EAKW_GWE_EO?	46	3fffffffffff
N???C@_EAKW_GWE_Ao?	46	3ffffffffffd2
N???C@_EAKW_GWE_BG?	46	fffffffffffa
N???C@_EAKW_GWE_CQ?	46	3fffffffffff
N???C@_EAKW_GWE_AI?	46	fffffffffffc
N???C@_EAKW_CWI_R??	46	3fffffffffff
N???C@_EAKW_CWI_F??	46	3fffffffffff
N???C@_EAKW_CWI_S_?	46	3ffffffffffcc
N???C@_EAKW_CWI_BO?	46	3fffffffffff
N???C@_EAKW_CWI_Co?	46	3fdffffffb7fe
N???C@_EAKW_CWI_SG?	46	3ffffffffffcc
N???C@_EAKW_CWI_DG?	46	3fffffffffff
N???C@_EAKW_CWI_CW?	46	1ffffffffb7fe
N???C@_EAKW_CWI_SA?	46	3fffffffffff
N???C@_EAKW_CWI_QA?	46	7ffffffffffd
N???C@_EAKW_CWI_PA?	46	3fffffffffff
N???C@_EAKW_CWI_BA?	46	3fffffffffff
N???C@_EAKW_CWI_CI?	46	3fffffffffff
N???C@_EAKW_CWI_@I?	46	3fffffffffff
N???C@_EAKW_?wM?U??	46	3fffffffffff
N???C@_EAKW_?wM?R??	46	3fffffffffff
N???C@_EAKW_?wM?E_?	46	3fffffffffff
N???C@_EAKW_?wM?B_?	46	3fffffffffff
N???C@_EAKW_?wM?BO?	46	3fffffffffff
N???C@_EAKW_?wM?EG?	46	3fffffffffff
N???C@_EAKW_?wM?BG?	46	3fffffffffff
N???C@_EAKW_?wM?SA?	46	3fffffffffff
N???C@_EAKW_?wM?QA?	46	3fffffffffff
N???C@_EAKW_?wM?Ca?	46	3fffffffffff
N???C@_EAKW_?wM?CI?	46	3fffffffffff
N???C@_EAKW_?wM?AI?	46	3fffffffffff
N???C@_EAKW_KCAoU??	46	7fffffffff7f
N???C@_EAKW_KCAoT??	46	3fffffffffff
N???C@_EAKW_KCAoR??	46	3fffffffffff
N???C@_EAKW_KCAoP_?	46	3ffffbbfeefff
N???C@_EAKW_KCAoD_?	46	3fffffffffff
N???C@_EAKW_KCAoB_?	46	3fffffffffff
N???C@_EAKW_KCAoSO?	46	3fffffffffff
N???C@_EAKW_KCAoDO?	46	3fffffffffff
N???C@_EAKW_KCAoBO?	46	3fffffffffff
N???C@_EAKW_KCAoAo?	46	3fffffffffff
N???C@_EAKW_KCAoDG?	46	3fffffffffff
N???C@_EAKW_KCAoBG?	46	ffffffffff7d
N???C@_EAKW_KCAoCg?	46	3fffffffffff
N???C@_EAKW_KCAoSC?	46	fffffffcffff
N???C@_EAKW_KCAoQC?	46	7ffffffeffff
N???C@_EAKW_KCAoEC?	46	fffffffef7ff
N???C@_EAKW_KCAoOc?	46	ffffffffd787f
N???C@_EAKW_GcEOU??	46	3fffffffffff
N???C@_EAKW_GcEOF??	46	fffffffdefff
N???C@_EAKW_GcEOS_?	46	7ffffffffffd
N???C@_EAKW_GcEOQ_?	46	3fffffffffff
N???C@_EAKW_GcEOE_?	46	3fffffffffff
N???C@_EAKW_GcEOB_?	46	3fffffffffff
N???C@_EAKW_GcEOSO?	46	7ffffffffffd
N???C@_EAKW_GcEOBO?	46	3fffffffffff
N???C@_EAKW_GcEOAo?	46	3fffffffffff
N???C@_EAKW_GcEOCW?	46	3fffffffffff
N???C@_EAKW_GcEOSC?	46	7ffffffffffb
N???C@_EAKW_GcEOQC?	46	3fffffffffff
N???C@_EAKW_GcEOCK?	46	3fffffffffff
N???C@_EAKW_GSE_U??	46	3fffffffffff
N???C@_EAKW_GSE_R??	46	3fffffffffff
N???C@_EAKW_GSE_F??	46	fffffffdefff
N???C@_EAKW_GSE_S_?	46	7ffffffffffe
N???C@_EAKW_GSE_Q_?	46	3fffffffffff
N???C@_EAKW_GSE_E_?	46	3fffffffffff
N???C@_EAKW_GSE_SO?	46	3fffffffffff
N???C@_EAKW_GSE_SG?	46	7ffffffffffd
N???C@_EAKW_GSE_BG?	46	ffffffffff7d
N???C@_EAKW_GSE_Cg?	46	7ffffffff7ff
N???C@_EAKW_GSE_QC?	46	3fffffffffff
N???C@_EAKW_GSE_BC?	46	3fffffffffff
N???C@_EAKW_GSE_Oc?	46	ffffffff77ff
N???C@_EAKW_GSE_AK?	46	3fffffffffff
N???C@_EAKW_GSE_?[?	46	3fffffffffff
N???C@_EAKW_CSI_U??	46	3fffffffffff
N???C@_EAKW_CSI_T??	46	3fffffffffff
N???C@_EAKW_CSI_F??	46	fffffffdefff
N???C@_EAKW_CSI_S_?	46	3ffffef7ef7ff
N???C@_EAKW_CSI_E_?	46	3fffffffffff
N???C@_EAKW_CSI_B_?	46	3fffffffffff
N???C@_EAKW_CSI_DO?	46	3ffffffffffd2
N???C@_EAKW_CSI_BO?	46	3fffffffffff
N???C@_EAKW_CSI_Ao?	46	3fffffffffff
N???C@_EAKW_CSI_SG?	46	3fffffffffff
N???C@_EAKW_CSI_Cg?	46	3fffffffffff
N???C@_EAKW_CSI_SC?	46	3ffffbbfeefff
N???C@_EAKW_CSI_PC?	46	3fffffffffff
N???C@_EAKW_CSI_Cc?	46	2ffdeff7fe70fccc
N???C@_EAKW_CSI_CK?	46	3fffffffffff
N???C@_EAKW_CSI_AK?	46	7fffffffefff
N???C@_EAKW_CSI_@K?	46	3fffffffffff
N???C@_EAKW_CSI_?[?	46	3fffffffffff
N???C@_EAKW_?sM?R??	46	3fffffffffff
N???C@_EAKW_?sM?F??	46	fffffffdefff
N???C@_EAKW_?sM?S_?	46	7ffffffdffff
N???C@_EAKW_?sM?B_?	46	3fffffffffff
N???C@_EAKW_?sM?SO?	46	3fffffffffff
N???C@_EAKW_?sM?BO?	46	3fffffffffff
N???C@_EAKW_?sM?Ao?	46	3fffffffffff
N???C@_EAKW_?sM?SG?	46	3fffffffffff
N???C@_EAKW_?sM?BG?	46	ffffffffff7d
N???C@_EAKW_?sM?CW?	46	3fffffffffff
N???C@_EAKW_?sM?SC?	46	7ffffffdffff
N???C@_EAKW_?sM?QC?	46	3fffffffffff
N???C@_EAKW_?sM?BC?	46	fffffffef7ff
N???C@_EAKW_?sM?Oc?	46	ffffffff7ffe
N???C@_EAKW_?sM?CK?	46	3fffffffffff
N???C@_EAKW_?sM?AK?	46	3fffffffffff
N???C@_EAKW_?sM??[?	46	7ffffffff7ff
N???C@_EAKS_DOa_L??	46	3fffffffffff
N???C@_EAKS_DOa_J??	46	3fffffffffff
N???C@_EAKS_DOa_F??	46	3fffffffffff
N???C@_EAKS_DOa_KO?	46	3ffffffffffcc
N???C@_EAKS_DOa_DO?	46	3fffffffffff
N???C@_EAKS_DOa_BO?	46	3ffffffffffd2
N???C@_EAKS_DOa_KG?	46	3ffffffffffcc
N???C@_EAKS_DOa_EG?	46	3fffffffffff
N???C@_EAKS_DOa_BG?	46	3ffffffffffd2
N???C@_EAKS_DOa_BC?	46	3fffffffffff
N???C@_EAKS_DOa_CS?	46	1ffffffffb7fe
N???C@_EAKS_DOa_KA?	46	3fffffffffff
N???C@_EAKS_DOAo[??	46	3ffffffffffcc
N???C@_EAKS_DOAoU??	46	3fffffffffff
N???C@_EAKS_DOAoM??	46	3fffffffffff
N???C@_EAKS_DOAoR??	46	3ffffffffffd2
N???C@_EAKS_DOAoJ??	46	3fffffffffff
N???C@_EAKS_DOAoKO?	46	1ffffffffb7fe
N???C@_EAKS_DOAoBO?	46	1ffffffffcffe
N???C@_EAKS_DOAoGS?	46	3ffdf7ffff77f
N???C@_EAKS_DOAoAE?	46	3fffffffffff
N???C@_EAKK_k?AoB_?	46	3fffffffffff
N???C@_EAKK_k?AoBO?	46	3fffffffffff
N???C@_EAKK_k?AoBG?	46	3fffffffffff
N???C@_EAKK_k?AoBC?	46	3fffffffffff
N???C@_EAKK_k?AoOc?	46	ffffffffff74c
N???C@_EAKK_k?AoAc?	46	3ffffffffe67f
N???C@_EAKK_k?AoOK?	46	3ffffffffffcc
N???C@_EAKK_k?Ao@K?	46	3fffffffffff
N???C@_EAKK_k?AoPA?	46	3fffffffffff
N???C@_EAKK_k?AoBA?	46	3fffffffffff
N???C@_EAKK_k?AoAE?	46	fffffffef7ff
N???C@_EAKK_k?Ao@E?	46	3fffffffffff
N???C@_EAKK_M?_oQC?	46	3fffffffffff
N???C@_EAKK_M?_oOE?	46	3fffffffffff
N???C@_EAKK_d?AoR??	46	3fffffffffff
N???C@_EAKK_d?AoF??	46	3fffffffffff
N???C@_EAKK_d?AoPO?	46	3fffffffffff
N???C@_EAKK_d?AoBO?	46	3fffffffffff
N???C@_EAKK_d?AoEG?	46	3fffffffffff
N???C@_EAKK_d?AoBG?	46	3fffffffffff
N???C@_EAKK_d?AoSC?	46	ffffffffff74c
N???C@_EAKK_d?AoEC?	46	3ffffffffe67f
N???C@_EAKK_d?AoBC?	46	3fffffffffff
N???C@_EAKK_d?AoSA?	46	7ffffffff7ff
N???C@_EAKK_d?AoQA?	46	7ffffffff7ff
N???C@_EAKK_d?AoPA?	46	3fffffffffff
N???C@_EAKK_d?AoBA?	46	3fffffffffff
N???C@_EAKK_d?AoAI?	46	3fffffffffff
N???C@_EAKK_d?Ao@I?	46	7fffffffff7f
N???C@_EAKK_d?Ao?Y?	46	7fffffffff7f
N???C@_EAKK_F?_oR??	46	37ffffbfefffb
N???C@_EAKK_F?_oQO?	46	3fffffffffff
N???C@_EAKK_F?_oQA?	46	1ffffffffcffe
N???C@_EAKK_F?_oOQ?	46	7ffffffff7ff
N???C@_EAKK_g_EOB_?	46	2fffff7ff7ffb
N???C@_EAKK_g_EOBO?	46	2fffff7ff7ffb
N???C@_EAKK_g_EOBC?	46	2ffeffffffefb
N???C@_EAKK_g_EOAE?	46	3ffffffffffcc
N???C@_EAKK_c_EOT??	46	3fffffffffff
N???C@_EAKK_c_EOP_?	46	3fffffffffff
N???C@_EAKK_c_EOD_?	46	3fffffffffff
N???C@_EAKK_c_EOSO?	46	3fffffffffff
N???C@_EAKK_c_EODO?	46	3fffffffffff
N???C@_EAKK_c_EO@o?	46	3fffffffffff
N???C@_EAKK_c_EOSG?	46	3fffffffffff
N???C@_EAKK_c_EODG?	46	3fffffffffff
N???C@_EAKK_c_EOCW?	46	3fffffffffff
N???C@_EAKK_c_EO?w?	46	3fffffffffff
N???C@_EAKK_c_EOSC?	46	3fffffffffff
N???C@_EAKK_c_EOPC?	46	3fffffffffff
N???C@_EAKK_c_EODC?	46	3fffffffffff
N???C@_EAKK_c_EOOS?	46	3fffffffffff
N???C@_EAKK_c_EOCK?	46	7fffffffff7f
N???C@_EAKK_c_EO@K?	46	3fffffffffff
N???C@_EAKK_c_EOSA?	46	3fffffffffff
N???C@_EAKK_c_EODA?	46	3fffffffffff
N???C@_EAKK_c_EOOa?	46	3fffffffffff
N???C@_EAKK_c_EOCQ?	46	3fffffffffff
N???C@_EAKK_c_EOCI?	46	3fffffffffff
N???C@_EAKK_c_EO?i?	46	3fffffffffff
N???C@_EAKK_c_EOOE?	46	3fffffffffff
N???C@_EAKK_c_EOCE?	46	3fffffffffff
N???C@_EAKK_c_EO?U?	46	3fffffffffff
N???C@_EAKK_c_EO?M?	46	3fffffffffff
N???C@_EAKK_c_AoU??	46	3fffffffffff
N???C@_EAKK_c_AoT??	46	3fffffffffff
N???C@_EAKK_c_AoF??	46	3fffffffffff
N???C@_EAKK_c_AoP_?	46	3fffffffffff
N???C@_EAKK_c_AoB_?	46	3fffffffffff
N???C@_EAKK_c_AoBC?	46	3fffffffffff
N???C@_EAKK_c_AoSA?	46	3fffffffffff
N???C@_EAKK_c_AoEA?	46	3fffffffffff
N???C@_EAKK_c_AoOa?	46	3fffffffffff
N???C@_EAKK_c_AoOE?	46	3fffffffffff
N???C@_EAKK_c_AoAE?	46	3fffffffffff
N???C@_EAKK_K_aOPC?	46	3bffbffffff7d
N???C@_EAKK_K_aOOc?	46	3defbfffdea94fcc
N???C@_EAKK_K_aOOK?	46	3ffffffffffcc
N???C@_EAKK_K_aOOE?	46	3fffffffffff
N???C@_EAKK_E_cOT??	46	3fffffffffff
N???C@_EAKK_E_cOS_?	46	1ffffffffcffe
N???C@_EAKK_E_cOP_?	46	3fffffffffff
N???C@_EAKK_E_cOSO?	46	3fffffffffff
N???C@_EAKK_E_cOOo?	46	3fffffffffff
N???C@_EAKK_E_cOSG?	46	3fffffffffff
N???C@_EAKK_E_cOSC?	46	3ffdffdfdff7f
N???C@_EAKK_E_cOPC?	46	3fffffffffff
N???C@_EAKK_E_cOOS?	46	3fffffffffff
N???C@_EAKK_E_cOSA?	46	3fffffffffff
N???C@_EAKK_E_cOOa?	46	3fffffffffff
N???C@_EAKK_E_cOOE?	46	3fffffffffff
N???C@_EAKK_E__oU??	46	3fffffffffff
N???C@_EAKK_E__oQ_?	46	3fffffffffff
N???C@_EAKK_E__oQC?	46	3fffffffffff
N???C@_EAKK_E__oSA?	46	3fffffffffff
N???C@_EAKK_E__oOa?	46	3fffffffffff
N???C@_EAKK_E__oOE?	46	3fffffffffff
N???C@_EAKK_`_EOF??	46	2fffff7ff7ffb
N???C@_EAKK_`_EOBO?	46	2fffff7ff7ffb
N???C@_EAKK_`_EOBC?	46	2ffeffffffefb
N???C@_EAKK_D_aOT??	46	3effffffffb7e
N???C@_EAKK_D_aOPO?	46	1ffffffffb7fe
N???C@_EAKK_D_aOSC?	46	3defbfffdea94fcc
N???C@_EAKK_gOE_R??	46	1ffffffffb7fe
N???C@_EAKK_gOE_QO?	46	3fffffffffff
N???C@_EAKK_gOE_QA?	46	3ffff7dfdf7ff
N???C@_EAKK_gOE_OQ?	46	3fffffffffff
N???C@_EAKK_`OE_U??	46	3fffffffffff
N???C@_EAKK_`OE_R??	46	1ffffffffb7fe
N???C@_EAKK_`OE_QO?	46	3fffffffffff
N???C@_EAKK_`OE_SA?	46	7ffffffffffe
N???C@_EAKK_`OE_QA?	46	3ffdffdfdff7f
N???C@_EAKK__oe?F??	46	37ffffbfefffb
N???C@_EAKK__oe?EG?	46	3fffffffffff
N???C@_EAKK__oe?EA?	46	3effffffffcfe
N???C@_EAKK__oe?CI?	46	3fffffffffff
N???C@_EAKK_cGAoF??	46	3fffffffffff
N???C@_EAKK_cGAoS_?	46	ffffffffff74c
N???C@_EAKK_cGAoE_?	46	3ffffffffe67f
N???C@_EAKK_cGAoSG?	46	3ffffffffffcc
N???C@_EAKK_cGAoDG?	46	3fffffffffff
N???C@_EAKK_cGAoBG?	46	3fffffffffff
N???C@_EAKK_cGAoQA?	46	7ffffffeffff
N???C@_EAKK_cGAoEA?	46	fffffffef7ff
N???C@_EAKK_cGAoPA?	46	3fffffffffff
N???C@_EAKK_cGAoDA?	46	3fffffffffff
N???C@_EAKK_cGAoBA?	46	3fffffffffff
N???C@_EAKK_cGAoAI?	46	3fffffffffff
N???C@_EAKK_cGAo@I?	46	7ffffffffeff
N???C@_EAKK_EG_oU??	46	3fffffffffff
N???C@_EAKK_EG_oR??	46	3fff7dfffeeff
N???C@_EAKK_EG_oSA?	46	3fffffffffff
N???C@_EAKK__gEOF??	46	2ffeffffffefb
N???C@_EAKK__gEOEA?	46	3ffffffffffcc
N???C@_EAKK_CgaOT??	46	3bffbffffff7d
N???C@_EAKK_CgaOS_?	46	3defbfffdea94fcc
N???C@_EAKK_CgaOSG?	46	3ffffffffffcc
N???C@_EAKK_CgaOSA?	46	3fffffffffff
N???C@_EAKK__WE_R??	46	3ffdf7ffff77f
N???C@_EAKK__WE_QA?	46	3ffffffe97fff
N???C@_EAKK_cCAoU??	46	7fffffffff7f
N???C@_EAKK_cCAoT??	46	3fffffffffff
N???C@_EAKK_cCAoF??	46	3fffffffffff
N???C@_EAKK_cCAoS_?	46	3fffffffd77fd
N???C@_EAKK_cCAoB_?	46	3fffffffffff
N???C@_EAKK_cCAoSO?	46	7ffffffffffd
N???C@_EAKK_cCAoEO?	46	7ffffffffffd
N???C@_EAKK_cCAoDO?	46	3ffffef7ef7ff
N???C@_EAKK_cCAoOo?	46	7ffffffff7ff
N???C@_EAKK_cCAoSG?	46	3fffffffffff
N???C@_EAKK_cCAoEG?	46	3fffffffffff
N???C@_EAKK_cCAoDG?	46	3fffffffffff
N???C@_EAKK_cCAoCW?	46	3fffffffff87f
N???C@_EAKK_cCAo?w?	46	3bfffffbf7ffd
N???C@_EAKK_cCAoSC?	46	3fffffffcfefb
N???C@_EAKK_cCAoPC?	46	3fffffffffff
N???C@_EAKK_cCAoOS?	46	7fffffffefff
N???C@_EAKK_cCAo?[?	46	3bfffffbf7ffd
N???C@_EAKK__cEOU??	46	3fffffffffff
N???C@_EAKK__cEOF??	46	3fffffffffff
N???C@_EAKK__cEOQ_?	46	3fffffffffff
N???C@_EAKK__cEOB_?	46	3fffffffffff
N???C@_EAKK__cEOSO?	46	7ffffffffffd
N???C@_EAKK__cEOEO?	46	3fffffffffff
N???C@_EAKK__cEOSG?	46	3fffffffffff
N???C@_EAKK__cEOEG?	46	3fffffffffff
N???C@_EAKK__cEOCW?	46	3fffffffffff
N???C@_EAKK__cEO?w?	46	3fffffffffff
N???C@_EAKK__cEOSC?	46	7ffffffffffb
N???C@_EAKK__cEOQC?	46	3fffffffffff
N???C@_EAKK__cEOOS?	46	7fffffffefff
N???C@_EAKK__SE_U??	46	3fffffffffff
N???C@_EAKK__SE_S_?	46	fffdf7ffff77c
N???C@_EAKK__SE_SO?	46	7ffffffffffd
N???C@_EAKK__SE_Oo?	46	7ffffffff7ff
N???C@_EAKK__SE_SG?	46	7ffffffffffd
N???C@_EAKK__SE_SC?	46	fffffffe67ff9
N???C@_EAKK__SE_QC?	46	3fffffffffff
N???C@_EAKK__SE_OS?	46	7fffffffefff
N???C@_EAKQ_BOg_M??	46	3fffffffffff
N???C@_EAKQ_BOg_L??	46	3fffffffffff
N???C@_EAKQ_BOg_F??	46	3fffffffffff
N???C@_EAKQ_BOg_KO?	46	3ffffffffffcc
N???C@_EAKQ_BOg_EO?	46	3fffffffffff
N???C@_EAKQ_BOg_BO?	46	3ffffffffffd2
N???C@_EAKQ_BOg_KG?	46	3ffffffffffcc
N???C@_EAKQ_BOg_BG?	46	fffffffffeed2
N???C@_EAKQ_BOg_BC?	46	3fffffffffff
N???C@_EAKQ_BOg_GS?	46	1ffffffffb7fe
N???C@_EAKQ_BOg_CS?	46	1ffffffffb7fe
N???C@_EAKQ_BOg_AK?	46	3fffffffffff
N???C@_EAKQ_BOg_KA?	46	3fffffffffff
N???C@_EAKQ_BOg_AE?	46	3fffffffffff
N???C@_EAKI_k?AoS_?	46	fffffffff7fe
N???C@_EAKI_k?AoP_?	46	3fffffffffff
N???C@_EAKI_k?AoD_?	46	3fffffffffff
N???C@_EAKI_k?AoSO?	46	3fffffffffff
N???C@_EAKI_k?AoDO?	46	3fffffffffff
N???C@_EAKI_k?AoCo?	46	3fffffffffff
N???C@_EAKI_k?Ao@o?	46	3fffffffffff
N???C@_EAKI_k?AoSG?	46	3fffffffffff
N???C@_EAKI_k?AoDG?	46	3fffffffffff
N???C@_EAKI_k?AoOg?	46	3fffffffffff
N???C@_EAKI_k?AoCg?	46	3fffffffffff
N???C@_EAKI_k?Ao@g?	46	3fffffffffff
N???C@_EAKI_k?AoCW?	46	3fffffffffff
N???C@_EAKI_k?Ao@W?	46	3fffffffffff
N???C@_EAKI_k?AoPC?	46	3fffffffffff
N???C@_EAKI_k?AoDC?	46	3fffffffffff
N???C@_EAKI_k?AoOc?	46	fffffffff77f
N???C@_EAKI_k?Ao@K?	46	3fffffffffff
N???C@_EAKI_k?Ao?k?	46	3fffffffffff
N???C@_EAKI_k?AoSA?	46	7fffffffff7f
N???C@_EAKI_k?AoDA?	46	3fffffffffff
N???C@_EAKI_k?AoOa?	46	7ffffffff7ff
N???C@_EAKI_k?AoCa?	46	ffffffffe7ff
N???C@_EAKI_k?AoOQ?	46	3fffffffffff
N???C@_EAKI_k?Ao@I?	46	3fffffffffff
N???C@_EAKI_k?Ao?i?	46	3fffffffffff
N???C@_EAKI_k?Ao?e?	46	fffffffdf7ff
N???C@_EAKI_k?Ao?M?	46	3fffffffffff
N???C@_EAKI_e?GoS_?	46	3fffffffffff
N???C@_EAKI_e?GoD_?	46	3fffffffffff
N???C@_EAKI_e?GoDO?	46	3fffffffffff
N???C@_EAKI_e?GoCo?	46	3bfffffbf7ffd
N???C@_EAKI_e?Go@o?	46	3fffffffffff
N???C@_EAKI_e?GoDG?	46	3fffffffffff
N???C@_EAKI_e?GoCg?	46	3fffffffffff
N???C@_EAKI_e?Go@g?	46	3fffffffffff
N???C@_EAKI_e?GoCW?	46	3fffffffffff
N???C@_EAKI_e?Go@W?	46	3fffffffffff
N???C@_EAKI_e?GoPC?	46	7fffffffff7f
N???C@_EAKI_e?GoDC?	46	3fffffffffff
N???C@_EAKI_e?GoCc?	46	3effffffffcfe
N???C@_EAKI_e?GoCK?	46	3fffffffffff
N???C@_EAKI_e?Go@K?	46	3fffffffffff
N???C@_EAKI_e?GoDA?	46	3fffffffffff
N???C@_EAKI_e?GoOa?	46	fffffffff77f
N???C@_EAKI_e?GoCa?	46	3fffffffffff
N???C@_EAKI_e?GoCI?	46	3fffffffffff
N???C@_EAKI_e?Go?i?	46	3fffffffffff
N???C@_EAKI_e?Go?Y?	46	3fffffffffff
N???C@_EAKI_e?GoOE?	46	7fffffff7fff
N???C@_EAKI_e?Go?M?	46	3fffffffffff
N???C@_EAKI_M?_oS_?	46	3fffffffffff
N???C@_EAKI_M?_oP_?	46	3fffffffffff
N???C@_EAKI_M?_oPO?	46	3fffffffffff
N???C@_EAKI_M?_oSG?	46	7ffffffff7ff
N???C@_EAKI_M?_oPG?	46	3fffffffffff
N???C@_EAKI_M?_oPC?	46	3fffffffffff
N???C@_EAKI_M?_oOc?	46	3fffffffffff
N???C@_EAKI_M?_oPA?	46	3fffffffffff
N???C@_EAKI_M?_oOa?	46	3fffffffffff
N???C@_EAKI_M?_oOE?	46	3fffffffffff
N???C@_EAKI_h?AoR??	46	3fffffffffff
N???C@_EAKI_h?AoF??	46	3fffffffffff
N???C@_EAKI_h?AoSO?	46	3ffffffffffcc
N???C@_EAKI_h?AoPO?	46	3fffffffffff
N???C@_EAKI_h?AoDO?	46	3fffffffffff
N???C@_EAKI_h?AoBO?	46	3fffffffffff
N???C@_EAKI_h?AoEG?	46	3fffffffffff
N???C@_EAKI_h?AoBG?	46	3fffffffffff
N???C@_EAKI_h?AoCW?	46	1ffffffffb7fe
N???C@_EAKI_h?AoSC?	46	ffffffffff74c
N???C@_EAKI_h?AoQC?	46	fffffffff77f
N???C@_EAKI_h?AoPC?	46	3fffffffffff
N???C@_EAKI_h?AoDC?	46	3fffffffffff
N???C@_EAKI_h?AoBC?	46	3fffffffffff
N???C@_EAKI_h?AoOS?	46	1ffffffffb7fe
N???C@_EAKI_h?AoCS?	46	1ffffffffb7fe
N???C@_EAKI_h?Ao?[?	46	3ffdf7ffff77f
N???C@_EAKI_h?AoQA?	46	7ffffffff7ff
N???C@_EAKI_h?AoEA?	46	ffffffffe7ff
N???C@_EAKI_h?AoPA?	46	3fffffffffff
N???C@_EAKI_h?AoDA?	46	3fffffffffff
N???C@_EAKI_h?AoBA?	46	3fffffffffff
N???C@_EAKI_h?AoCQ?	46	3fffffffffff
N???C@_EAKI_h?AoAI?	46	3fffffffffff
N???C@_EAKI_h?AoAE?	46	fffffffdf7ff
N???C@_EAKI_b?GoU??	46	3fffffffffff
N???C@_EAKI_b?GoT??	46	3fffffffffff
N???C@_EAKI_b?GoR??	46	ffffffffeffe
N???C@_EAKI_b?GoF??	46	3fffffffffff
N???C@_EAKI_b?GoSO?	46	3ffffffffffcc
N???C@_EAKI_b?GoDO?	46	3fffffffffff
N???C@_EAKI_b?GoBO?	46	3fffffffffff
N???C@_EAKI_b?GoSG?	46	3ffffffffffcc
N???C@_EAKI_b?GoEG?	46	3fffffffffff
N???C@_EAKI_b?GoDG?	46	3fffffffffff
N???C@_EAKI_b?GoBG?	46	3fffffffffff
N???C@_EAKI_b?GoCW?	46	1ffffffffb7fe
N???C@_EAKI_b?GoSC?	46	3ffffffffffcc
N???C@_EAKI_b?GoPC?	46	7fffffffff7f
N???C@_EAKI_b?GoDC?	46	3fffffffffff
N???C@_EAKI_b?GoBC?	46	ffffffffe7ff
N???C@_EAKI_b?GoOS?	46	1ffffffffb7fe
N???C@_EAKI_b?GoCS?	46	3fdffffffb7fe
N???C@_EAKI_b?Go?[?	46	3ffdf7ffff77f
N???C@_EAKI_b?GoQA?	46	fffffffff77f
N???C@_EAKI_b?GoEA?	46	3fffffffffff
N???C@_EAKI_b?GoDA?	46	3fffffffffff
N???C@_EAKI_b?GoBA?	46	3ffffffffe67f
N???C@_EAKI_b?GoCQ?	46	3fffffffffff
N???C@_EAKI_b?Go@Q?	46	3fffffffffff
N???C@_EAKI_b?GoCI?	46	3fffffffffff
N???C@_EAKI_b?GoAI?	46	3fffffffffff
N???C@_EAKI_b?Go?Y?	46	3fffffffffff
N???C@_EAKI_J?_oU??	46	3fffffffffff
N???C@_EAKI_J?_oT??	46	3fffffffffff
N???C@_EAKI_J?_oR??	46	3fffffffffff
N???C@_EAKI_J?_oSO?	46	3ffffffffffcc
N???C@_EAKI_J?_oQO?	46	3fffffffffff
N???C@_EAKI_J?_oPO?	46	3fffffffffff
N???C@_EAKI_J?_oPC?	46	3fffffffffff
N???C@_EAKI_J?_oOS?	46	1ffffffffb7fe
N???C@_EAKI_J?_oQA?	46	3fffffffffff
N???C@_EAKI_J?_oPA?	46	3fffffffffff
N???C@_EAKI_g_IOR??	46	3fffffffffff
N???C@_EAKI_g_IOP_?	46	3fffffffffff
N???C@_EAKI_g_IOB_?	46	3fffffffffff
N???C@_EAKI_g_IOBO?	46	3fffffffffff
N???C@_EAKI_g_IOBG?	46	3fffffffffff
N???C@_EAKI_g_IOBC?	46	3fffffffffff
N???C@_EAKI_g_IO@c?	46	3fffffffffff
N???C@_EAKI_g_IOOK?	46	3ffffffffffcc
N???C@_EAKI_g_IOAK?	46	3fffffffffff
N???C@_EAKI_g_IO?k?	46	1ffffffffb7fe
N???C@_EAKI_g_IO@I?	46	3fffffffffff
N???C@_EAKI_g_IOOE?	46	3fffffffffff
N???C@_EAKI_g_IO?M?	46	3fffffffffff
N???C@_EAKI_c_IOT??	46	3fffffffffff
N???C@_EAKI_c_IOS_?	46	3fffffffffff
N???C@_EAKI_c_IOP_?	46	3fffffffffff
N???C@_EAKI_c_IOD_?	46	3fffffffffff
N???C@_EAKI_c_IOSO?	46	3fffffffffff
N???C@_EAKI_c_IOPO?	46	3fffffffffff
N???C@_EAKI_c_IODO?	46	3fffffffffff
N???C@_EAKI_c_IO@o?	46	3fffffffffff
N???C@_EAKI_c_IOSG?	46	3fffffffffff
N???C@_EAKI_c_IODG?	46	7fffffff7fff
N???C@_EAKI_c_IOCg?	46	3fffffffffff
N???C@_EAKI_c_IO@g?	46	3fffffffffff
N???C@_EAKI_c_IOSC?	46	3fffffffffff
N???C@_EAKI_c_IOPC?	46	3fffffffffff
N???C@_EAKI_c_IODC?	46	3fffffffffff
N???C@_EAKI_c_IOCc?	46	3fffffffffff
N???C@_EAKI_c_IOCK?	46	3fffffffffff
N???C@_EAKI_c_IO@K?	46	3fffffffffff
N???C@_EAKI_c_IO?k?	46	3fffffffffff
N???C@_EAKI_c_IOSA?	46	3fffffffffff
N???C@_EAKI_c_IODA?	46	3fffffffffff
N???C@_EAKI_c_IOOa?	46	fffffffff7fd
N???C@_EAKI_c_IOCa?	46	3fffffffffff
N???C@_EAKI_c_IOOQ?	46	fffffffff7fd
N???C@_EAKI_c_IOCI?	46	3fffffffffff
N???C@_EAKI_c_IO@I?	46	3fffffffffff
N???C@_EAKI_c_IO?i?	46	3fffffffffff
N???C@_EAKI_c_IOOE?	46	7ffffffffffb
N???C@_EAKI_c_IO?e?	46	ffffffffe7ff
N???C@_EAKI_c_IO?M?	46	3fffffffffff
N???C@_EAKI_K_aOT??	46	3fffffffffff
N???C@_EAKI_K_aOS_?	46	3ffffdefdefff
N???C@_EAKI_K_aOP_?	46	3fffffffffff
N???C@_EAKI_K_aOSO?	46	3ffffdefdefff
N???C@_EAKI_K_aOPO?	46	3fffffffffff
N???C@_EAKI_K_aOSG?	46	3fffffffffff
N???C@_EAKI_K_aOPC?	46	3fffffffffff
N???C@_EAKI_K_aOSA?	46	3fffffffffff
N???C@_EAKI_K_aOOa?	46	3fffffffffff
N???C@_EAKI_K_aOOQ?	46	3fffffffffff
N???C@_EAKI_K_aOOE?	46	3fffffffffff
N???C@_EAKI_a_gOF??	46	3fffffffffff
N???C@_EAKI_a_gOE_?	46	fffffffff7fe
N???C@_EAKI_a_gOD_?	46	3fffffffffff
N???C@_EAKI_a_gOB_?	46	3ffff7dfdf7ff
N???C@_EAKI_a_gOEO?	46	3fffffffffff
N???C@_EAKI_a_gODO?	46	3fffffffffff
N???C@_EAKI_a_gOBO?	46	3ffff7dfdf7ff
N???C@_EAKI_a_gOCo?	46	3ffffffffffcc
N???C@_EAKI_a_gO@o?	46	3ffff7dfdf7ff
N???C@_EAKI_a_gOBG?	46	3fffffffffff
N???C@_EAKI_a_gOCg?	46	3ffffffffffcc
N???C@_EAKI_a_gOAg?	46	3fffffffffff
N???C@_EAKI_a_gOCW?	46	3ffffffffffcc
N???C@_EAKI_a_gO@W?	46	3fffffffffff
N???C@_EAKI_a_gOBC?	46	3fffffffffff
N???C@_EAKI_a_gO?s?	46	1ffffffffb7fe
N???C@_EAKI_a_gOEA?	46	7fffffffff7f
N???C@_EAKI_a_gOAa?	46	ffffffff0e7ff
N???C@_EAKI_a_gOCI?	46	3fffffffffff
N???C@_EAKI_a_gOAE?	46	fffffffef7ff
N???C@_EAKI_a_IOU??	46	3fffffffffff
N???C@_EAKI_a_IOS_?	46	3fffffffffff
N???C@_EAKI_a_IOQ_?	46	3fffffffffff
N???C@_EAKI_a_IOE_?	46	3fffffffffff
N???C@_EAKI_a_IOSO?	46	3fffffffffff
N???C@_EAKI_a_IOEO?	46	3fffffffffff
N???C@_EAKI_a_IOAo?	46	3fffffffffff
N???C@_EAKI_a_IOSG?	46	fffffffdf7ff
N???C@_EAKI_a_IOEG?	46	3fffffffffff
N???C@_EAKI_a_IOCg?	46	3fffffffffff
N???C@_EAKI_a_IOAg?	46	3fffffffffff
N???C@_EAKI_a_IOCW?	46	3fffffffffff
N???C@_EAKI_a_IO?w?	46	3fffffffffff
N???C@_EAKI_a_IOQC?	46	3fffffffffff
N???C@_EAKI_a_IOEC?	46	3fffffffffff
N???C@_EAKI_a_IOOS?	46	3fffffffffff
N???C@_EAKI_a_IOAK?	46	3fffffffffff
N???C@_EAKI_a_IO?k?	46	3fffffffffff
N???C@_EAKI_a_IO?[?	46	3fffffffffff
N???C@_EAKI_a_IOSA?	46	3fffffffffff
N???C@_EAKI_a_IOQA?	46	3fffffffffff
N???C@_EAKI_a_IOEA?	46	3fffffffffff
N???C@_EAKI_a_IOCa?	46	3fffffffffff
N???C@_EAKI_a_IOOQ?	46	3fffffffffff
N???C@_EAKI_a_IOCQ?	46	3fffffffffff
N???C@_EAKI_a_IOCI?	46	3fffffffffff
N???C@_EAKI_a_IO?i?	46	3fffffffffff
N???C@_EAKI_a_IO?Y?	46	3fffffffffff
N???C@_EAKI_a_IOOE?	46	3fffffffffff
N???C@_EAKI_a_IO?U?	46	3fffffffffff
N???C@_EAKI_a_IO?M?	46	3fffffffffff
N???C@_EAKI_a_GoT??	46	3fffffffffff
N???C@_EAKI_a_GoR??	46	3fffffffffff
N???C@_EAKI_a_GoF??	46	3fffffffffff
N???C@_EAKI_a_GoS_?	46	3ffffffffffcc
N???C@_EAKI_a_GoD_?	46	3fffffffffff
N???C@_EAKI_a_GoB_?	46	3fffffffffff
N???C@_EAKI_a_GoBG?	46	3fffffffffff
N???C@_EAKI_a_Go@g?	46	3fffffffffff
N???C@_EAKI_a_GoBC?	46	3fffffffffff
N???C@_EAKI_a_GoOc?	46	1ffffffffb7fe
N???C@_EAKI_a_Go?k?	46	3ffdf7ffff77f
N???C@_EAKI_a_GoPA?	46	3fffffffffff
N???C@_EAKI_a_GoDA?	46	3fffffffffff
N???C@_EAKI_a_GoCa?	46	3fffffffffff
N???C@_EAKI_a_GoAI?	46	3fffffffffff
N???C@_EAKI_a_Go@I?	46	3fffffffffff
N???C@_EAKI_a_Go?i?	46	3fffffffffff
N???C@_EAKI_a_GoOE?	46	3fffffffffff
N???C@_EAKI_a_Go@E?	46	3fffffffffff
N???C@_EAKI_a_Go?M?	46	3fffffffffff
N???C@_EAKI_I_gOR??	46	3fffffffffff
N???C@_EAKI_I_gOQO?	46	3fffffffffff
N???C@_EAKI_I_gOOo?	46	3ffffffffffcc
N???C@_EAKI_I_gOOc?	46	3ffffffffffcc
N???C@_EAKI_I_gOOS?	46	3ffffffffffcc
N???C@_EAKI_I_gOQA?	46	3fffffffffff
N???C@_EAKI_I_gOOE?	46	3fffffffffff
N???C@_EAKI_I_aOU??	46	3fffffffffff
N???C@_EAKI_I_aOS_?	46	3fffffffffff
N???C@_EAKI_I_aOQ_?	46	3fffffffffff
N???C@_EAKI_I_aOSO?	46	3fffffffffff
N???C@_EAKI_I_aOQO?	46	3fffffffffff
N???C@_EAKI_I_aOOo?	46	3fffffffffff
N???C@_EAKI_I_aOSG?	46	fffffffdf7ff
N???C@_EAKI_I_aOSC?	46	3fffffffffff
N???C@_EAKI_I_aOQC?	46	3fffffffffff
N???C@_EAKI_I_aOOc?	46	3fffffffffff
N???C@_EAKI_I_aOOS?	46	3fffffffffff
N???C@_EAKI_I_aOSA?	46	3fffffffffff
N???C@_EAKI_I_aOQA?	46	fffffffff77f
N???C@_EAKI_I_aOOa?	46	3fffffffffff
N???C@_EAKI_I_aOOQ?	46	3fffffffffff
N???C@_EAKI_I_aOOE?	46	3fffffffffff
N???C@_EAKI_I__oT??	46	3fffffffffff
N???C@_EAKI_I__oR??	46	3fffffffffff
N???C@_EAKI_I__oS_?	46	3ffffffffffcc
N???C@_EAKI_I__oQ_?	46	3fffffffffff
N???C@_EAKI_I__oP_?	46	3fffffffffff
N???C@_EAKI_I__oSG?	46	3ffffffffffcc
N???C@_EAKI_I__oOc?	46	1ffffffffb7fe
N???C@_EAKI_I__oPA?	46	3fffffffffff
N???C@_EAKI_E_gOT??	46	3fffffffffff
N???C@_EAKI_E_gOS_?	46	3fffffffffff
N???C@_EAKI_E_gOP_?	46	3ffff7dfdf7ff
N???C@_EAKI_E_gOSO?	46	3fffffffffff
N???C@_EAKI_E_gOPG?	46	3fffffffffff
N???C@_EAKI_E_gOOg?	46	3fffffffffff
N???C@_EAKI_E_gOPC?	46	3fffffffffff
N???C@_EAKI_E_gOOc?	46	3fffffffffff
N???C@_EAKI_E_gOSA?	46	3fffffffffff
N???C@_EAKI_E_gOOa?	46	3fffffff0ffff
N???C@_EAKI_E_gOOE?	46	3fffffffffff
N???C@_EAKI_`_IOR??	46	3fffffffffff
N???C@_EAKI_`_IOF??	46	3fffffffffff
N???C@_EAKI_`_IOSO?	46	3ffffffffffcc
N???C@_EAKI_`_IOEO?	46	3fffffffffff
N???C@_EAKI_`_IODO?	46	3fffffffffff
N???C@_EAKI_`_IOBO?	46	3fffffffffff
N???C@_EAKI_`_IOEG?	46	3fffffffffff
N???C@_EAKI_`_IODG?	46	ffffffff7f7f
N???C@_EAKI_`_IOBG?	46	3fffffffffff
N???C@_EAKI_`_IOOW?	46	3fdffffffb7fe
N???C@_EAKI_`_IOCW?	46	1ffffffffb7fe
N???C@_EAKI_`_IOAW?	46	3fffffffffff
N???C@_EAKI_`_IO@W?	46	3fffffffffff
N???C@_EAKI_`_IODC?	46	3fffffffffff
N???C@_EAKI_`_IOBC?	46	3fffffffffff
N???C@_EAKI_`_IOOS?	46	7ffffffffb77c
N???C@_EAKI_`_IOCS?	46	1ffffffffb7fe
N???C@_EAKI_`_IOCK?	46	1ffffffffb7fe
N???C@_EAKI_`_IO@K?	46	3fffffffffff
N???C@_EAKI_`_IO?[?	46	3ffdf7ffff77f
N???C@_EAKI_`_IOEA?	46	3fffffffffff
N???C@_EAKI_`_IODA?	46	fffffffeefff
N???C@_EAKI_`_IOBA?	46	3fffffffffff
N???C@_EAKI_`_IOCQ?	46	3fffffffffff
N???C@_EAKI_`_IO@Q?	46	3fffffffffff
N???C@_EAKI_`_IOAI?	46	3fffffffffff
N???C@_EAKI_`_IO@I?	46	ffffffffff7e
N???C@_EAKI_`_IOAE?	46	ffffffffe7ff
N???C@_EAKI_H_aOSO?	46	2ffdeff7fe70fccc
N???C@_EAKI_H_aOPO?	46	1ffffffffb7fe
N???C@_EAKI_H_aOPC?	46	1ffffeffff7fd
N???C@_EAKI_H_aOOS?	46	3fefedefe76634fe
N???C@_EAKI_H_aOOQ?	46	3fffffffffff
N???C@_EAKI_B_gOU??	46	3fffffffffff
N???C@_EAKI_B_gOT??	46	3fffffffffff
N???C@_EAKI_B_gOR??	46	3ffff7dfdf7ff
N???C@_EAKI_B_gOSO?	46	3ffffffffffcc
N???C@_EAKI_B_gOQG?	46	3fffffffffff
N???C@_EAKI_B_gOPC?	46	3fffffffffff
N???C@_EAKI_B_gOOS?	46	1ffffffffb7fe
N???C@_EAKI_B_gOQA?	46	3fffffff0ffff
N???C@_EAKI_cOI_T??	46	3fffffffffff
N???C@_EAKI_cOI_S_?	46	3fffffffffff
N???C@_EAKI_cOI_P_?	46	3fffffffffff
N???C@_EAKI_cOI_SO?	46	3fffffffffff
N???C@_EAKI_cOI_PO?	46	3fffffffffff
N???C@_EAKI_cOI_Oo?	46	3fffffffffff
N???C@_EAKI_cOI_SG?	46	3fffffffffff
N???C@_EAKI_cOI_PG?	46	ffffffffeeff
N???C@_EAKI_cOI_SC?	46	3fffffffffff
N???C@_EAKI_cOI_PC?	46	3fffffffffff
N???C@_EAKI_cOI_Oc?	46	ffffffffff7e
N???C@_EAKI_cOI_SA?	46	3fffffffffff
N???C@_EAKI_cOI_Oa?	46	fffffffff7fe
N???C@_EAKI_cOI_OE?	46	7ffffffffffd
N???C@_EAKI_aOg_F??	46	3fffffffffff
N???C@_EAKI_aOg_E_?	46	3ffffdefdefff
N???C@_EAKI_aOg_D_?	46	3fffffffffff
N???C@_EAKI_aOg_B_?	46	ffffffffeffe
N???C@_EAKI_aOg_BO?	46	3fffffffffff
N???C@_EAKI_aOg_DG?	46	fffffffdf7ff
N???C@_EAKI_aOg_BG?	46	ffffffffeeff
N???C@_EAKI_aOg_Cg?	46	3ffffffffffcc
N???C@_EAKI_aOg_CW?	46	3ffffffffffcc
N???C@_EAKI_aOg_BC?	46	7fffffffff7f
N???C@_EAKI_aOg_?s?	46	3fefedefe76634fe
N???C@_EAKI_aOg_EA?	46	3fffffffffff
N???C@_EAKI_aOg_Aa?	46	3ffffffffe67f
N???C@_EAKI_aOg_AE?	46	ffffffff7f7f
N???C@_EAKI_`OI_U??	46	3fffffffffff
N???C@_EAKI_`OI_T??	46	3fffffffffff
N???C@_EAKI_`OI_R??	46	3fffffffffff
N???C@_EAKI_`OI_SO?	46	3ffffffffffcc
N???C@_EAKI_`OI_QO?	46	3fffffffffff
N???C@_EAKI_`OI_PO?	46	3fffffffffff
N???C@_EAKI_`OI_SG?	46	3ffffffffffcc
N???C@_EAKI_`OI_PC?	46	3fffffffffff
N???C@_EAKI_`OI_OS?	46	1ffffffffb7fe
N???C@_EAKI__oi?F??	46	3fffffffffff
N???C@_EAKI__oi?E_?	46	3fffffffffff
N???C@_EAKI__oi?B_?	46	3fffffffffff
N???C@_EAKI__oi?BO?	46	3fffffffffff
N???C@_EAKI__oi?EG?	46	3fffffffffff
N???C@_EAKI__oi?DG?	46	fffffffdf7ff
N???C@_EAKI__oi?BG?	46	3fffffffffff
N???C@_EAKI__oi?CW?	46	3ffffffffffcc
N???C@_EAKI__oi?BC?	46	3fffffffffff
N???C@_EAKI__oi?EA?	46	3fffffffffff
N???C@_EAKI__oi?Aa?	46	3ffffffffe7f9
N???C@_EAKI__oi?AE?	46	fffffffffffa
N???C@_EAKI__oi?@E?	46	3fffffffffff
N???C@_EAKI_gGAoR??	46	3fffffffffff
N???C@_EAKI_gGAoF??	46	3fffffffffff
N???C@_EAKI_gGAoD_?	46	3fffffffffff
N???C@_EAKI_gGAoBG?	46	3fffffffffff
N???C@_EAKI_gGAoCg?	46	1ffffffffb7fe
N???C@_EAKI_gGAoCW?	46	1ffffffffb7fe
N???C@_EAKI_gGAo?w?	46	3ffdf7ffff77f
N???C@_EAKI_gGAoPA?	46	3fffffffffff
N???C@_EAKI_gGAoCQ?	46	3fffffffffff
N???C@_EAKI_gGAoCI?	46	3fffffffffff
N???C@_EAKI_gGAoAI?	46	3fffffffffff
N???C@_EAKI_gGAo@I?	46	fffffffdfeff
N???C@_EAKI_aGGoU??	46	3fffffffffff
N???C@_EAKI_aGGoF??	46	3fffffffffff
N???C@_EAKI_aGGoS_?	46	3ffffffffffcc
N???C@_EAKI_aGGoD_?	46	3fffffffffff
N???C@_EAKI_aGGoOo?	46	1ffffffffb7fe
N???C@_EAKI_aGGoSG?	46	3ffffffffffcc
N???C@_EAKI_aGGoBG?	46	3fffffffffff
N???C@_EAKI_aGGoSA?	46	3fffffffffff
N???C@_EAKI_aGGoQA?	46	7fffffff7fff
N???C@_EAKI_aGGoCI?	46	3fffffffffff
N???C@_EAKI_aGGoAI?	46	3fffffffffff
N???C@_EAKI_aGGo@I?	46	3fffffffffff
N???C@_EAKI_IG_oR??	46	3fffffffffff
N???C@_EAKI_IG_oSG?	46	3ffffffffffcc
N???C@_EAKI_IG_oQA?	46	3fffffffffff
N???C@_EAKI__gIOR??	46	3fffffffffff
N???C@_EAKI__gIOF??	46	3fffffffffff
N???C@_EAKI__gIOD_?	46	3fffffffffff
N???C@_EAKI__gIO@o?	46	3fffffffffff
N???C@_EAKI__gIOSG?	46	3ffffffffffcc
N???C@_EAKI__gIOEG?	46	3fffffffffff
N???C@_EAKI__gIOBG?	46	3fffffffffff
N???C@_EAKI__gIOCg?	46	1ffffffffb7fe
N???C@_EAKI__gIO?w?	46	3ffdf7ffff77f
N???C@_EAKI__gIOSA?	46	3fffffffffff
N???C@_EAKI__gIOQA?	46	7ffffffffffb
N???C@_EAKI__gIOPA?	46	3fffffffffff
N???C@_EAKI__gIOCI?	46	3fffffffffff
N???C@_EAKI__gIOAI?	46	3fffffffffff
N???C@_EAKI__gIO@I?	46	7ffffffffffe
N???C@_EAKI_AggOR??	46	3fffffffffff
N???C@_EAKI_AggOS_?	46	3ffffffffffcc
N???C@_EAKI_AggOSO?	46	3ffffffffffcc
N???C@_EAKI_AggOOo?	46	1ffffffffb7fe
N???C@_EAKI_AggOSA?	46	7ffffffffffb
N???C@_EAKI_AggOQA?	46	3fffffffffff
N???C@_EAKI__WI_R??	46	3fffffffffff
N???C@_EAKI__WI_S_?	46	3ffffffffffcc
N???C@_EAKI__WI_Oo?	46	1ffffffffb7fe
N???C@_EAKI__WI_SA?	46	3fffffffffff
N???C@_EAKI__WI_PA?	46	3fffffffffff
N???C@_EAKI__WI_OI?	46	7ffffffffeff
N???C@_EAKI_gCAoF??	46	3fffffffffff
N???C@_EAKI_gCAoQ_?	46	7ffffffff7ff
N???C@_EAKI_gCAoE_?	46	ffffffffe7ff
N???C@_EAKI_gCAoSO?	46	3fffffffffff
N???C@_EAKI_gCAoDO?	46	3fffffffffff
N???C@_EAKI_gCAoCo?	46	3fffffffffff
N???C@_EAKI_gCAoEG?	46	3fffffffffff
N???C@_EAKI_gCAoDG?	46	3fffffffffff
N???C@_EAKI_gCAoBG?	46	3fffffffffff
N???C@_EAKI_gCAoCg?	46	3fffffffffff
N???C@_EAKI_gCAoAg?	46	3fffffffffff
N???C@_EAKI_gCAo@W?	46	3fffffffffff
N???C@_EAKI_gCAo?w?	46	3fffffffffff
N???C@_EAKI_gCAoQC?	46	7ffffffeffff
N???C@_EAKI_gCAoPC?	46	3fffffffffff
N???C@_EAKI_gCAoOS?	46	3fffffffffff
N???C@_EAKI_gCAoCS?	46	3fffffffffff
N???C@_EAKI_gCAoCK?	46	3fffffffffff
N???C@_EAKI_gCAoAK?	46	3fffffffffff
N???C@_EAKI_gCAo@K?	46	3fffffffffff
N???C@_EAKI_gCAo?[?	46	3fffffffffff
N???C@_EAKI_aCGoF??	46	3fffffffffff
N???C@_EAKI_aCGoE_?	46	3ffffef7ef7ff
N???C@_EAKI_aCGoDO?	46	3fffffffffff
N???C@_EAKI_aCGoOo?	46	3fffffffffff
N???C@_EAKI_aCGoCo?	46	3ff8ffe76cfdf6e1
N???C@_EAKI_aCGoEG?	46	3fffffffffff
N???C@_EAKI_aCGoPG?	46	fffffffff7fd
N???C@_EAKI_aCGoDG?	46	3fffffffffff
N???C@_EAKI_aCGoBG?	46	ffffffffff7d
N???C@_EAKI_aCGoCg?	46	3ffffffffffe1
N???C@_EAKI_aCGoCW?	46	3ffffffffffe1
N???C@_EAKI_aCGo?w?	46	3effffffffcfe
N???C@_EAKI_aCGoSC?	46	3fffffffffff
N???C@_EAKI_aCGoPC?	46	7fffffff7fff
N???C@_EAKI_aCGoOS?	46	3fffffffffff
N???C@_EAKI_aCGoCK?	46	3ffffffffffe1
N???C@_EAKI_aCGoAK?	46	3fffffffffff
N???C@_EAKI_aCGo?[?	46	3effffffffcfe
N???C@_EAKI_IC_oU??	46	3fffffffffff
N???C@_EAKI_IC_oT??	46	ffffffff7ffb
N???C@_EAKI_IC_oQ_?	46	3ffffbbfeefff
N???C@_EAKI_IC_oOo?	46	3ff73fdb9cfdef61
N???C@_EAKI_IC_oSG?	46	fffffffcffff
N???C@_EAKI_IC_oSC?	46	3fffffffffff
N???C@_EAKI_IC_oQC?	46	3fffffffffff
N???C@_EAKI__cIOU??	46	3fffffffffff
N???C@_EAKI__cIOT??	46	3fffffffffff
N???C@_EAKI__cIOR??	46	3fffffffffff
N???C@_EAKI__cIOF??	46	3fffffffffff
N???C@_EAKI__cIOQ_?	46	fffffffff7fd
N???C@_EAKI__cIOE_?	46	3fffffffffff
N???C@_EAKI__cIOSO?	46	3fffffffffff
N???C@_EAKI__cIODO?	46	3fffffffffff
N???C@_EAKI__cIOCo?	46	3fffffffffff
N???C@_EAKI__cIOEG?	46	3fffffffffff
N???C@_EAKI__cIODG?	46	3fffffffffff
N???C@_EAKI__cIOCW?	46	3fffffffffff
N???C@_EAKI__cIOSC?	46	3fffffffffff
N???C@_EAKI__cIOQC?	46	7ffffffffffb
N???C@_EAKI__cIOPC?	46	3fffffffffff
N???C@_EAKI__cIOOS?	46	7ffffffffeff
N???C@_EAKI__cIOCK?	46	3fffffffffff
N???C@_EAKI__cIOAK?	46	3fffffffffff
N???C@_EAKI__cIO@K?	46	3fffffffffff
N???C@_EAKI_GcaOU??	46	3fffffffffff
N???C@_EAKI_GcaOT??	46	3fffffffffff
N???C@_EAKI_GcaOR??	46	fffffffff77f
N???C@_EAKI_GcaOQ_?	46	3fffffffffff
N???C@_EAKI_GcaOSO?	46	3fffffffffff
N???C@_EAKI_GcaOSG?	46	3fffffffffff
N???C@_EAKI_GcaOSC?	46	3fffffffffff
N???C@_EAKI_GcaOQC?	46	3fffffffffff
N???C@_EAKI_GcaOPC?	46	3fffffffffff
N???C@_EAKI_GcaOOS?	46	3fffffffffff
N???C@_EAKI_AcgOU??	46	3fffffffffff
N???C@_EAKI_AcgOT??	46	ffffffffff7e
N???C@_EAKI_AcgOR??	46	3fffffff0ffff
N???C@_EAKI_AcgOQC?	46	3fffffffffff
N???C@_EAKI__SI_U??	46	3fffffffffff
N???C@_EAKI__SI_T??	46	3fffffffffff
N???C@_EAKI__SI_R??	46	fffffffff77f
N???C@_EAKI__SI_S_?	46	7ffffffffffd
N???C@_EAKI__SI_Oo?	46	7ffffffff7ff
N???C@_EAKI__SI_SG?	46	3fffffffffff
N???C@_EAKI__SI_SC?	46	7ffffffffffb
N???C@_EAKI__SI_PC?	46	3fffffffffff
N???C@_EAKI__SI_OS?	46	7fffffffefff
N???C@_EAKE_b??sM??	46	3fffffffffff
N???C@_EAKE_b??sL??	46	3fffffffffff
N???C@_EAKE_b??sKO?	46	3fffffffffff
N???C@_EAKE_b??sPO?	46	3ffffffffffcc
N???C@_EAKE_b??sKG?	46	3fffffffffff
N???C@_EAKE_b??sIG?	46	3fffffffffff
N???C@_EAKE_b??sWC?	46	3fffffffffff
N???C@_EAKE_b??sSC?	46	3fffffffffff
N???C@_EAKE_b??sPC?	46	3fffffffffff
N???C@_EAKE_b??sCK?	46	3fffffffffff
N???C@_EAKOoL?QOR??	46	3fffffffffff
N???C@_EAKOoL?QOF??	46	3fffffffffff
N???C@_EAKOoL?QOSO?	46	3ffffffffffcc
N???C@_EAKOoL?QOEO?	46	3fffffffffff
N???C@_EAKOoL?QOPO?	46	3fffffffffff
N???C@_EAKOoL?QODO?	46	3fffffffffff
N???C@_EAKOoL?QOBO?	46	3fffffffffff
N???C@_EAKOoL?QOEG?	46	3fffffffffff
N???C@_EAKOoL?QODG?	46	3fffffffffff
N???C@_EAKOoL?QOBG?	46	3fffffffffff
N???C@_EAKOoL?QOCW?	46	1ffffffffb7fe
N???C@_EAKOoL?QOBC?	46	3fffffffffff
N???C@_EAKOoL?QOOS?	46	1ffffffffb7fe
N???C@_EAKOoL?QOCK?	46	1ffffffffb7fe
N???C@_EAKOoL?QO?[?	46	3ffdf7ffff77f
N???C@_EAKOoL?QOEA?	46	3fffffffffff
N???C@_EAKOoL?QODA?	46	3fffffffffff
N???C@_EAKOoL?QOBA?	46	3fffffffffff
N???C@_EAKOoL?QOAI?	46	3fffffffffff
N???C@_EAKOoL?QO@I?	46	3fffffffffff
N???C@_EAKOoL?QO@E?	46	3fffffffffff
N???C@_EAKOoL?IOX??	46	3fffffffffff
N???C@_EAKOoL?IOR??	46	3fffffffffff
N???C@_EAKOoL?IOJ??	46	3fffffffffff
N???C@_EAKOoL?IOWO?	46	3ffffffffffcc
N???C@_EAKOoL?IOHO?	46	3fffffffffff
N???C@_EAKOoL?IOBO?	46	3fffffffffff
N???C@_EAKOoL?IOIG?	46	3fffffffffff
N???C@_EAKOoL?IOBG?	46	3fffffffffff
N???C@_EAKOoL?IOGW?	46	1ffffffffb7fe
N???C@_EAKOoL?IOQC?	46	3fffffffffff
N???C@_EAKOoL?IOBC?	46	3fffffffffff
N???C@_EAKOoL?IOOS?	46	1ffffffffb7fe
N???C@_EAKOoL?IOAS?	46	3fffffffffff
N???C@_EAKOoL?IOGK?	46	1ffffffffb7fe
N???C@_EAKOoL?IOAK?	46	3fffffffffff
N???C@_EAKOoL?IO@K?	46	3fffffffffff
N???C@_EAKOoL?IOQA?	46	3fffffffffff
N???C@_EAKOoL?IOIA?	46	3fffffffffff
N???C@_EAKOoL?IOHA?	46	3fffffffffff
N???C@_EAKOoL?IOAI?	46	3fffffffffff
N???C@_EAKOoL?IO@I?	46	3fffffffffff
N???C@_EAKOoL?IOAE?	46	3fffffffffff
N???C@_EAKOoL?IO@E?	46	3fffffffffff
N???C@_EAKOoL?EO[??	46	3fffffffffff
N???C@_EAKOoL?EOX??	46	3fffffffffff
N???C@_EAKOoL?EOT??	46	3fffffffffff
N???C@_EAKOoL?EOL??	46	3fffffffffff
N???C@_EAKOoL?EOKO?	46	3ffff7dfdf7ff
N???C@_EAKOoL?EOPO?	46	3ffffffffffd2
N???C@_EAKOoL?EOHO?	46	3fffffffffff
N???C@_EAKOoL?EODO?	46	3fffffffffff
N???C@_EAKOoL?EOKG?	46	3fffffffffff
N???C@_EAKOoL?EOGW?	46	3fffffffffff
N???C@_EAKOoL?EOCW?	46	3fffffffffff
N???C@_EAKOoL?EOSC?	46	3fffffffffff
N???C@_EAKOoL?EOHC?	46	3fffffffffff
N???C@_EAKOoL?EODC?	46	3fffffffffff
N???C@_EAKOoL?EOCK?	46	3fffffffffff
N???C@_EAKOoL?EOSA?	46	3fffffffffff
N???C@_EAKOoL?EOKA?	46	3fffffffffff
N???C@_EAKOoL?EOOQ?	46	3ffffffffffcc
N???C@_EAKOoL?EOGI?	46	3fffffffffff
N???C@_EAKOoL?EOCE?	46	3fffffffffff
N???C@_EAKOoL?AWR??	46	3fffffffffff
N???C@_EAKOoL?AWJ??	46	3fffffffffff
N???C@_EAKOoL?AWF??	46	3fffffffffff
N???C@_EAKOoL?AWWO?	46	1ffffffffb7fe
N???C@_EAKOoL?AWBO?	46	3fffffffffff
N???C@_EAKOoL?AWKG?	46	1ffffffffb7fe
N???C@_EAKOoL?AWBG?	46	3fffffffffff
N???C@_EAKOoL?AWGW?	46	3ffdf7ffff77f
N???C@_EAKOoL?AWQA?	46	3fffffffffff
N???C@_EAKOoL?AWEA?	46	3fffffffffff
N???C@_EAKOoL?AWBA?	46	3fffffffffff
N???C@_EAKOoL?AWOQ?	46	3fffffffffff
N???C@_EAKOoL?AWAI?	46	3fffffffffff
N???C@_EAKOoL?AW@I?	46	3fffffffffff
N???C@_EAKOoL?AS[??	46	3fffbffbf7f7f
N???C@_EAKOoL?ASM??	46	3ffffffffffd2
N???C@_EAKOoL?ASL??	46	3fffffffffff
N???C@_EAKOoL?ASKO?	46	2ffdeff7fe70fccc
N???C@_EAKOoL?ASKG?	46	3fffffffffff
N???C@_EAKOoL?ASEG?	46	3fffffffffff
N???C@_EAKOoL?ASAW?	46	1ffffffffb7fe
N???C@_EAKOoL?ASSC?	46	37ffffbfefffb
N???C@_EAKOoL?ASBC?	46	3fffffffffff
N???C@_EAKOoL?ASGK?	46	3fffffffffff
N???C@_EAKOoL?ASCK?	46	3fffffffffff
N???C@_EAKOoF?WOR??	46	3fffffffffff
N???C@_EAKOoF?WOF??	46	3fffffffffff
N???C@_EAKOoF?WOEO?	46	3fffffffffff
N???C@_EAKOoF?WOBO?	46	3ffffdefdefff
N???C@_EAKOoF?WOBG?	46	7ffffffffeff
N???C@_EAKOoF?WOAW?	46	3fffffffffff
N???C@_EAKOoF?WOEC?	46	3fffffffffff
N???C@_EAKOoF?WOBC?	46	3fffffffffff
N???C@_EAKOoF?WOCQ?	46	3fffffffffff
N???C@_EAKOoF?WOAI?	46	7fffffffff7f
N???C@_EAKOoF?WO?Y?	46	3fffffffffff
N???C@_EAKOoF?WOCE?	46	3fffffffffff
N???C@_EAKOoF?KO[??	46	3fffffffffff
N???C@_EAKOoF?KOL??	46	3fffffffffff
N???C@_EAKOoF?KOKO?	46	3fffffffffff
N???C@_EAKOoF?KOKG?	46	3fffffffffff
N???C@_EAKOoF?KOHG?	46	3fffffffffff
N???C@_EAKOoF?KOPC?	46	3fffffffffff
N???C@_EAKOoF?KOGK?	46	3fffffffffff
N???C@_EAKOoF?KOCK?	46	7ffffffffffd
N???C@_EAKOoF?KO@K?	46	3fffffffffff
N???C@_EAKOoF?KOKA?	46	3fffffffffff
N???C@_EAKOoF?KO@Q?	46	1ffffffffb7fe
N???C@_EAKOoF?KOGI?	46	3fffffffffff
N???C@_EAKOoF?KO?Y?	46	1ffffffffb7fe
N???C@_EAKOoF?GS[??	46	3fffffffffff
N???C@_EAKOoF?GSF??	46	3fffffffffff
N???C@_EAKOoF?GSKO?	46	3fffffffffff
N???C@_EAKOoF?GSBO?	46	1ffffffffb7fe
N???C@_EAKOoF?GSKG?	46	3fffffffffff
N???C@_EAKOoF?GSKC?	46	3fffffffffff
N???C@_EAKOoF?GSGK?	46	3fffffffffff
N???C@_EAKOoF?GSCK?	46	7ffffffffffb
N???C@_EAKOoH_EOM??	46	3ffff7dfdf7ff
N???C@_EAKOoH_EOJ??	46	2fffff7ff7ffb
N???C@_EAKOoH_EOIG?	46	3fffffffffff
N???C@_EAKOoH_EOIC?	46	7ffbfef7ef7ff
N???C@_EAKOoH_EOKA?	46	ffffffff0e7ff
N???C@_EAKOoD_IO[??	46	3ffffffffffcc
N???C@_EAKOoD_IOM??	46	3fffffffffff
N???C@_EAKOoD_IOT??	46	3fffffffffff
N???C@_EAKOoD_IOL??	46	3fffffffffff
N???C@_EAKOoD_IOKG?	46	1ffffffffb7fe
N???C@_EAKOoD_IOIG?	46	3fffffffffff
N???C@_EAKOoD_IOEG?	46	3fffffffffff
N???C@_EAKOoD_IODG?	46	3ffffffff7efc
N???C@_EAKOoD_IOWC?	46	7ffffffffb77c
N???C@_EAKOoD_IOSC?	46	1ffffffffb7fe
N???C@_EAKOoD_IOEC?	46	3fffffffffff
N???C@_EAKOoD_IOBC?	46	3fffffffffff
N???C@_EAKOoD_IOGK?	46	3ffdf7ffff77f
N???C@_EAKOoD_IOCK?	46	fffdf7ffff77c
N???C@_EAKOoHOe?EG?	46	3fffffffffff
N???C@_EAKOoHOM?R??	46	3fffffffffff
N???C@_EAKOoHOM?QO?	46	3fffffffffff
N???C@_EAKOoHOM?IO?	46	3fffffffffff
N???C@_EAKOoHOM?BG?	46	3fffffffffff
N???C@_EAKOoHOM?AW?	46	3fffffffffff
N???C@_EAKOoHOM?BC?	46	3fffffffffff
N???C@_EAKOoHOM?AK?	46	3fffffffffff
N???C@_EAKOoHOM?GE?	46	3fffffffffff
N???C@_EAKOoHOM??M?	46	3fffffffffff
N???C@_EAKOoHOE_U??	46	3fffffffffff
N???C@_EAKOoHOE_M??	46	3fffffffffff
N???C@_EAKOoHOE_R??	46	3ffffffffffd2
N???C@_EAKOoHOE_J??	46	3fffffffffff
N???C@_EAKOoHOE_F??	46	3fffffffffff
N???C@_EAKOoHOE_IG?	46	3fffffffffff
N???C@_EAKOoHOE_EG?	46	3fffffffffff
N???C@_EAKOoHOE_BG?	46	1ffffffffcffe
N???C@_EAKOoHOE_QC?	46	3fffffffffff
N???C@_EAKOoHOE_KA?	46	3fffffffffff
N???C@_EAKOoHOE_CI?	46	3fffffffffff
N???C@_EAKOoHOE_OE?	46	3fffffffffff
N???C@_EAKOoHOEOU??	46	3fffffffffff
N???C@_EAKOoHOEOM??	46	3fffffffffff
N???C@_EAKOoHOEOR??	46	3ffffffffffd2
N???C@_EAKOoHOEOKA?	46	3fffffffffff
N???C@_EAKOoHOEGM??	46	3fffffffffff
N???C@_EAKOoHOEGR??	46	7ffffffffffb
N???C@_EAKOoHOEGQO?	46	7ffffffffffd
N???C@_EAKOoHOEGBO?	46	7fffffffefff
N???C@_EAKOoHOEGBG?	46	7fffffffefff
N???C@_EAKOoHOEGKA?	46	3fffffffffff
N???C@_EAKOoHOEGQA?	46	7ffffffffffe
N???C@_EAKOoHOEGOQ?	46	7ffffffffffb
N???C@_EAKOoHOEGAI?	46	7ffffffff7ff
N???C@_EAKOoDOi?L??	46	3fffffffffff
N???C@_EAKOoDOi?F??	46	3fffffffffff
N???C@_EAKOoDOi?KO?	46	3ffffffffffcc
N???C@_EAKOoDOi?DO?	46	3fffffffffff
N???C@_EAKOoDOi?BO?	46	3ffffffffffd2
N???C@_EAKOoDOi?KG?	46	3ffffffffffcc
N???C@_EAKOoDOi?EG?	46	3fffffffffff
N???C@_EAKOoDOi?DG?	46	3fffffffffff
N???C@_EAKOoDOi?BG?	46	3ffffffffffd2
N???C@_EAKOoDOi?BC?	46	3fffffffffff
N???C@_EAKOoDOi?GS?	46	1ffffffffb7fe
N???C@_EAKOoDOi?CS?	46	1ffffffffb7fe
N???C@_EAKOoDOi?KA?	46	3fffffffffff
N???C@_EAKOoDOY?R??	46	3fffffffffff
N???C@_EAKOoDOY?F??	46	3fffffffffff
N???C@_EAKOoDOY?SO?	46	3ffffffffffcc
N???C@_EAKOoDOY?EO?	46	3fffffffffff
N???C@_EAKOoDOY?BO?	46	3fffffffffff
N???C@_EAKOoDOY?EG?	46	3fffffffffff
N???C@_EAKOoDOY?BG?	46	3fffffffffff
N???C@_EAKOoDOY?CW?	46	1ffffffffb7fe
N???C@_EAKOoDOY?AW?	46	7ebfffffffb7e
N???C@_EAKOoDOY?@W?	46	3fffffffffff
N???C@_EAKOoDOY?BC?	46	3fffffffffff
N???C@_EAKOoDOY?OS?	46	1ffffffffb7fe
N???C@_EAKOoDOY?CK?	46	1ffffffffb7fe
N???C@_EAKOoDOY??[?	46	3ffdf7ffff77f
N???C@_EAKOoDOY?EA?	46	3fffffffffff
N???C@_EAKOoDOY?BA?	46	3fffffffffff
N???C@_EAKOoDOY?AI?	46	3fffffffffff
N???C@_EAKOoDOY?@I?	46	3fffffffffff
N???C@_EAKOoDOY?AE?	46	3fffffffffff
N???C@_EAKOoDOM?[??	46	3fffffffffff
N???C@_EAKOoDOM?KO?	46	3fffffffffff
N???C@_EAKOoDOM?PO?	46	3ffffffffffd2
N???C@_EAKOoDOM?HO?	46	3fffffffffff
N???C@_EAKOoDOM?SG?	46	3fffffffffff
N???C@_EAKOoDOM?KG?	46	3fffffffffff
N???C@_EAKOoDOM?PG?	46	3ffffffffffd2
N???C@_EAKOoDOM?@W?	46	1ffffffffcffe
N???C@_EAKOoDOM?PC?	46	3fffffffffff
N???C@_EAKOoDOM?HC?	46	3fffffffffff
N???C@_EAKOoDOM?@S?	46	3fffffffffff
N???C@_EAKOoDOM?GK?	46	3fffffffffff
N???C@_EAKOoDOM?CK?	46	3fffffffffff
N???C@_EAKOoDOM?KA?	46	3fffffffffff
N???C@_EAKOoDOM?OQ?	46	3ffffffffffcc
N???C@_EAKOoDOM?GI?	46	3fffffffffff
N???C@_EAKOoDOM??Y?	46	1ffffffffb7fe
N???C@_EAKOoDOM?GE?	46	3fffffffffff
N???C@_EAKOoDOM??M?	46	3fffffffffff
N???C@_EAKOoDOI_[??	46	3ffffffffffcc
N???C@_EAKOoDOI_M??	46	3fffffffffff
N???C@_EAKOoDOI_L??	46	3fffffffffff
N???C@_EAKOoDOI_R??	46	3ffffffffffd2
N???C@_EAKOoDOI_J??	46	3fffffffffff
N???C@_EAKOoDOI_F??	46	3fffffffffff
N???C@_EAKOoDOI_KG?	46	1ffffffffb7fe
N???C@_EAKOoDOI_IG?	46	3fffffffffff
N???C@_EAKOoDOI_EG?	46	3fffffffffff
N???C@_EAKOoDOI_HG?	46	3fffffffffff
N???C@_EAKOoDOI_DG?	46	3fffffffffff
N???C@_EAKOoDOI_BG?	46	1ffffffffcffe
N???C@_EAKOoDOI_WC?	46	1ffffffffb7fe
N???C@_EAKOoDOI_SC?	46	1ffffffffb7fe
N???C@_EAKOoDOI_DC?	46	3fffffffffff
N???C@_EAKOoDOI_BC?	46	3fffffffffff
N???C@_EAKOoDOI_GK?	46	3ffdf7ffff77f
N???C@_EAKOoDOI_CK?	46	3ffdf7ffff77f
N???C@_EAKOoDOI_KA?	46	3fffffffffff
N???C@_EAKOoDOI_PA?	46	3ffffffffffcc
N???C@_EAKOoDOI_AI?	46	1ffffffffb7fe
N???C@_EAKOoDOI_OE?	46	3fffffffffff
N???C@_EAKOoDOIO[??	46	3ffffffffffcc
N???C@_EAKOoDOIOU??	46	3fffffffffff
N???C@_EAKOoDOIOM??	46	3fffffffffff
N???C@_EAKOoDOIOL??	46	3fffffffffff
N???C@_EAKOoDOIOR??	46	3ffffffffffd2
N???C@_EAKOoDOIOF??	46	3fffffffffff
N???C@_EAKOoDOIOKO?	46	1ffffffffb7fe
N???C@_EAKOoDOIOBO?	46	1ffffffffcffe
N???C@_EAKOoDOIOBA?	46	1ffffffffb7fe
N???C@_EAKOoDOIOAE?	46	3fffffffffff
N???C@_EAKGok?EOP_?	46	3ffffffffffd2
N???C@_EAKGok?EO@o?	46	3fffffffffff
N???C@_EAKGok?EOOa?	46	3effffffffb7e
N???C@_EAKGoh?EOF??	46	2fffff7ff7ffb
N???C@_EAKGoh?EOBO?	46	2fffff7ff7ffb
N???C@_EAKGoh?EOCQ?	46	ffffffff0e7ff
N???C@_EAKGod?IOR??	46	3ffffffffffd2
N???C@_EAKGod?IOF??	46	3fffffffffff
N???C@_EAKGod?IOSO?	46	3ffffffffffcc
N???C@_EAKGod?IOEO?	46	3fffffffffff
N???C@_EAKGod?IOBO?	46	3fffffffffff
N???C@_EAKGod?IOBG?	46	1ffffffffcffe
N???C@_EAKGod?IOOW?	46	3fdffffffb7fe
N???C@_EAKGod?IOCW?	46	1ffffffffb7fe
N???C@_EAKGod?IOOS?	46	7ffffffffb77c
N???C@_EAKGod?IO?[?	46	3ffdf7ffff77f
N???C@_EAKGod?IOQA?	46	feffffffff37c
N???C@_EAKGod?IO@I?	46	dffffeffff77c
N???C@_EAKGoL?aOSO?	46	2ffdeff7fe70fccc
N???C@_EAKGoL?aOPO?	46	1ffffffffb7fe
N???C@_EAKGoL?aOOW?	46	1ffffffffb7fe
N???C@_EAKGoL?aOOS?	46	3fefedefe76634fe
N???C@_EAKGoF?gOU??	46	1ffffffffcffe
N???C@_EAKGoF?gOR??	46	3faeffff75e937d2
N???C@_EAKGoF?gOSA?	46	fffdf7ffff77c
N???C@_EAKGocOi?B_?	46	3ffffffffffd2
N???C@_EAKGocOM?P_?	46	3ffffffffffd2
N???C@_EAKGocOM?Oo?	46	3effffffffcfe
N???C@_EAKGo`OM?R??	46	37ff6fdff9f0fb52
N???C@_EAKGo`OM?QO?	46	3effffffffcfe
N???C@_EAKGocGIOOo?	46	7ffffffffb77c
N???C@_EAKGocGIO?w?	46	3ffdf7ffff77f
N???C@_EAKGoKGaOOo?	46	3fefedefe76634fe
N???C@_EAKGocCIOOo?	46	3fffffffe777f
N???C@_EAKGo_SM?Oo?	46	fbffbfffff77c
N???C@_EAKCod?aOL??	46	7ffffffffeff
N???C@_EAKCod?aOJ??	46	3fffffffffff
N???C@_EAKCod?aOIO?	46	3fff7fefdfeff
N???C@_EAKCod?aOHO?	46	7fffffffefff
N???C@_EAKCod?aOBO?	46	3ffffffffffd2
N???C@_EAKCod?aOBC?	46	7ffffffffffe
N???C@_EAKCod?aOAK?	46	7ffffffffffd
N???C@_EAKCod?aOAE?	46	7ffffffffffd
N???C@_EAKCod?QOR??	46	3fffffffffff
N???C@_EAKCod?QOF??	46	3fffffffffff
N???C@_EAKCod?QOSO?	46	3ffffffffffcc
N???C@_EAKCod?QOEO?	46	3fffffffffff
N???C@_EAKCod?QOPO?	46	3fffffffffff
N???C@_EAKCod?QOBO?	46	3fffffffffff
N???C@_EAKCod?QOBG?	46	3fffffffffff
N???C@_EAKCod?QOCW?	46	1ffffffffb7fe
N???C@_EAKCod?QOBC?	46	3fffffffffff
N???C@_EAKCod?QOOS?	46	1ffffffffb7fe
N???C@_EAKCod?QOAS?	46	3fffffffffff
N???C@_EAKCod?QO@S?	46	3fffffffffff
N???C@_EAKCod?QO?[?	46	3ffdf7ffff77f
N???C@_EAKCod?QOQA?	46	3fffffffffff
N???C@_EAKCod?QOBA?	46	3fffffffffff
N???C@_EAKCod?QO@I?	46	3fffffffffff
N???C@_EAKCod?QO?Y?	46	3fffffffffff
N???C@_EAKCod?QOOE?	46	3fffffffffff
N???C@_EAKCod?QO@E?	46	3fffffffffff
N???C@_EAKCod?EO[??	46	3fffffffffff
N???C@_EAKCod?EOL??	46	3fffffffffff
N???C@_EAKCod?EOPO?	46	3ffffffffffd2
N???C@_EAKCod?EOHO?	46	3fffffffffff
N???C@_EAKCod?EOKG?	46	3fffffffffff
N???C@_EAKCod?EOGW?	46	3fffffffffff
N???C@_EAKCod?EOPC?	46	7ffffffffffe
N???C@_EAKCod?EOWA?	46	3fffffffffff
N???C@_EAKCod?EOKA?	46	3fffffffffff
N???C@_EAKCod?EOOQ?	46	3ffffffffffcc
N???C@_EAKCod?EOOE?	46	7ffffffffffd
N???C@_EAKCod?Ao[??	46	3ffffffffffcc
N???C@_EAKCod?AoM??	46	3fffffffffff
N???C@_EAKCod?AoX??	46	3fffffffffff
N???C@_EAKCod?AoR??	46	3ffffffffffd2
N???C@_EAKCod?AoJ??	46	3fffffffffff
N???C@_EAKCod?AoWC?	46	1ffffffffb7fe
N???C@_EAKCod?AoIC?	46	3fffffffffff
N???C@_EAKCod?AoWA?	46	3fffffffffff
N???C@_EAKCod?AoKA?	46	3fffffffffff
N???C@_EAKCod?AoQA?	46	3ffffffffffcc
N???C@_EAKCod?AoPA?	46	3ffffffffffcc
N???C@_EAKCod?AWR??	46	7ffffffffffe
N???C@_EAKCod?AWBG?	46	7ffffffff7ff
N???C@_EAKCod?AWQA?	46	7ffffffffffd
N???C@_EAKCod?AWPA?	46	7ffffffffffd
N???C@_EAKCod?AWAI?	46	7fffffffefff
N???C@_EAKCod?AW@I?	46	7fffffffefff
N???C@_EAKCod?AS[??	46	3fffbffbf7f7f
N???C@_EAKCod?ASM??	46	3ffffffffffd2
N???C@_EAKCod?ASL??	46	7ffffffffffd
N???C@_EAKCod?ASWO?	46	1ffffff7efffd
N???C@_EAKCod?ASKG?	46	7ffffffffffe
N???C@_EAKCod?ASGW?	46	7fffffffff7f
N???C@_EAKCod?ASWC?	46	37ffffbfefffb
N???C@_EAKCod?ASQC?	46	7ffffffffffd
N???C@_EAKCod?ASGK?	46	7fffffffff7f
N???C@_EAKCoF?oOR??	46	3fffffffffff
N???C@_EAKCoF?oOQO?	46	3fffffffffff
N???C@_EAKCoF?oOQG?	46	3fffffffffff
N???C@_EAKCoF?oOOQ?	46	3fffffffffff
N???C@_EAKCoF?oOOI?	46	3fffffffffff
N???C@_EAKCoF?cO[??	46	3fffffffffff
N???C@_EAKCoF?cOWO?	46	3fffffffffff
N???C@_EAKCoF?cOWC?	46	3fffffffffff
N???C@_EAKCoF?_WR??	46	fffffffffffc
N???C@_EAKCoF?_WQA?	46	fffffffffff9
N???C@_EAKCoF?_S[??	46	7ffffffffffd
N???C@_EAKCoF?_SWO?	46	7ffffffff7ff
N???C@_EAKCoF?_SWC?	46	7fffffffefff
N???C@_EAKCo`Oe?AK?	46	7ffffffffffd
N???C@_EAKCo`OE_Y??	46	3fffffffffff
N???C@_EAKCo`OE_R??	46	3ffffffffffd2
N???C@_EAKCo`OE_WA?	46	3fffffffffff
N???C@_EAKCo`OE_QA?	46	3ffffffffffcc
N???C@_EAKAoh?aOJ??	46	3fffffffffff
N???C@_EAKAoh?aOF??	46	3fffffffffff
N???C@_EAKAoh?aOKO?	46	2ffdeff7fe70fccc
N???C@_EAKAoh?aOEO?	46	3fff7fefdfeff
N???C@_EAKAoh?aOHO?	46	3fffffffffff
N???C@_EAKAoh?aOBO?	46	3ffffffffffd2
N???C@_EAKAoh?aOKG?	46	3ffffffffffcc
N???C@_EAKAoh?aODG?	46	3fffffffffff
N???C@_EAKAoh?aOBG?	46	3ffffffffffd2
N???C@_EAKAoh?aOCS?	46	3fefedefe76634fe
N???C@_EAKAoh?aOKA?	46	3fffffffffff
N???C@_EAKAoh?aOCE?	46	3fffffffffff
N???C@_EAKAoh?IOR??	46	3fffffffffff
N???C@_EAKAoh?IOJ??	46	3fffffffffff
N???C@_EAKAoh?IOPO?	46	3fffffffffff
N???C@_EAKAoh?IOHO?	46	3fffffffffff
N???C@_EAKAoh?IOBO?	46	3fffffffffff
N???C@_EAKAoh?IOBG?	46	3fffffffffff
N???C@_EAKAoh?IOGW?	46	1ffffffffb7fe
N???C@_EAKAoh?IOAW?	46	3fffffffffff
N???C@_EAKAoh?IOQC?	46	3fffffffffff
N???C@_EAKAoh?IOBC?	46	3fffffffffff
N???C@_EAKAoh?IOOS?	46	1ffffffffb7fe
N???C@_EAKAoh?IOAS?	46	3fffffffffff
N???C@_EAKAoh?IOAK?	46	3fffffffffff
N???C@_EAKAoh?IO?[?	46	3ffdf7ffff77f
N???C@_EAKAoh?IOQA?	46	3fffffffffff
N???C@_EAKAoh?IOHA?	46	3fffffffffff
N???C@_EAKAoh?IOGI?	46	3fffffffffff
N???C@_EAKAoh?IOAI?	46	3fffffffffff
N???C@_EAKAoh?IO@I?	46	3fffffffffff
N???C@_EAKAoh?IOOE?	46	3fffffffffff
N???C@_EAKAoh?IO@E?	46	3fffffffffff
N???C@_EAKAoh?EO[??	46	3fffffffffff
N???C@_EAKAoh?EOX??	46	3fffffffffff
N???C@_EAKAoh?EOT??	46	3fffffffffff
N???C@_EAKAoh?EOL??	46	3fffffffffff
N???C@_EAKAoh?EOKO?	46	3ffff7dfdf7ff
N???C@_EAKAoh?EOPO?	46	3ffffffffffd2
N???C@_EAKAoh?EODO?	46	3fffffffffff
N???C@_EAKAoh?EOSC?	46	3fffffffffff
N???C@_EAKAoh?EODC?	46	3fffffffffff
N???C@_EAKAoh?EOGK?	46	3fffffffffff
N???C@_EAKAoh?EOCK?	46	3fffffffffff
N???C@_EAKAoh?EO?[?	46	3fffffffffff
N???C@_EAKAoh?EOWA?	46	3fffffffffff
N???C@_EAKAoh?EOKA?	46	3fffffffffff
N???C@_EAKAoh?EOOQ?	46	3ffffffffffcc
N???C@_EAKAoh?EO?Y?	46	1ffffffffb7fe
N???C@_EAKAoh?EOOE?	46	3fffffffffff
N???C@_EAKAoh?EOGE?	46	3fffffffffff
N???C@_EAKAoh?EOCE?	46	3fffffffffff
N???C@_EAKAoh?Ao[??	46	3ffffffffffcc
N???C@_EAKAoh?AoM??	46	3fffffffffff
N???C@_EAKAoh?AoX??	46	3fffffffffff
N???C@_EAKAoh?AoL??	46	3fffffffffff
N???C@_EAKAoh?AoR??	46	3ffffffffffd2
N???C@_EAKAoh?AoWC?	46	1ffffffffb7fe
N???C@_EAKAoh?AoSC?	46	1ffffffffb7fe
N???C@_EAKAoh?AoEC?	46	3fffffffffff
N???C@_EAKAoh?AoBC?	46	3fffffffffff
N???C@_EAKAoh?AoGK?	46	3ffdf7ffff77f
N???C@_EAKAoh?Ao@K?	46	3fffffffffff
N???C@_EAKAoh?AWR??	46	3fffffffffff
N???C@_EAKAoh?AWJ??	46	3fffffffffff
N???C@_EAKAoh?AWF??	46	3fffffffffff
N???C@_EAKAoh?AWBO?	46	3fffffffffff
N???C@_EAKAoh?AWBG?	46	3fffffffffff
N???C@_EAKAoh?AWSA?	46	3fffffffffff
N???C@_EAKAoh?AWQA?	46	3fffffffffff
N???C@_EAKAoh?AWDA?	46	3fffffffffff
N???C@_EAKAoh?AWBA?	46	3fffffffffff
N???C@_EAKAoh?AWAQ?	46	3fffffffffff
N???C@_EAKAoh?AWAI?	46	3fffffffffff
N???C@_EAKAoh?AW@I?	46	3fffffffffff
N???C@_EAKAoJ?oOU??	46	3fffffffffff
N???C@_EAKAoJ?oOT??	46	3fffffffffff
N???C@_EAKAoJ?oOR??	46	3fffffffffff
N???C@_EAKAoJ?oOSO?	46	3ffffffffffcc
N???C@_EAKAoJ?oOQO?	46	3fffffffffff
N???C@_EAKAoJ?oOPO?	46	3fffffffffff
N???C@_EAKAoJ?oOSG?	46	3ffffffffffcc
N???C@_EAKAoJ?oOPA?	46	3fffffffffff
N???C@_EAKAoJ?oOOQ?	46	3fffffffffff
N???C@_EAKAoJ?gOY??	46	3fffffffffff
N???C@_EAKAoJ?gOX??	46	3fffffffffff
N???C@_EAKAoJ?gOR??	46	3fffffffffff
N???C@_EAKAoJ?gOWO?	46	3ffffffffffcc
N???C@_EAKAoJ?gOQO?	46	3fffffffffff
N???C@_EAKAoJ?gOPO?	46	3fffffffffff
N???C@_EAKAoJ?gOWC?	46	3ffffffffffcc
N???C@_EAKAoJ?gOQC?	46	3fffffffffff
N???C@_EAKAoJ?gOQA?	46	3fffffffffff
N???C@_EAKAoJ?gOPA?	46	3fffffffffff
N???C@_EAKAoJ?_W[??	46	3ffffffffffcc
N???C@_EAKAoJ?_WR??	46	7ffffffffffd
N???C@_EAKAoJ?_WWO?	46	1ffffffffb7fe
N???C@_EAKAoJ?_WQO?	46	7ffffffffffd
N???C@_EAKAoJ?_WQA?	46	7ffffffffffb
N???C@_EAKAoJ?_WPA?	46	7ffffffffffb
N???C@_EAKAoH_aO[??	46	2ffdeff7fe70fccc
N???C@_EAKAoH_aOX??	46	1ffffffffb7fe
N???C@_EAKAoH_aOWC?	46	3fefedefe76634fe
N???C@_EAKAo`Oi?KO?	46	3ffffffffffcc
N???C@_EAKAo`Oi?KG?	46	3ffffffffffcc
N???C@_EAKAo`Oi?DG?	46	3fffffffffff
N???C@_EAKAo`Oi?BC?	46	3fffffffffff
N???C@_EAKAo`OI_[??	46	3ffffffffffcc
N???C@_EAKAo`OI_Y??	46	3fffffffffff
N???C@_EAKAo`OI_U??	46	3fffffffffff
N???C@_EAKAo`OI_T??	46	3fffffffffff
N???C@_EAKAo`OI_WC?	46	1ffffffffb7fe
N???C@_EAKWGk?B_B_?	46	7fffffffff7f
N???C@_EAKWGk?B_Ao?	46	7fffffffff7f
N???C@_EAKWGk?B_BG?	46	3fffffffffff
N???C@_EAKWGk?B_Cg?	46	3ffffffffffcc
N???C@_EAKWGk?B_?w?	46	1ffffffffb7fe
N???C@_EAKWGk?B_BC?	46	3fffffffffff
N???C@_EAKWGk?B_CK?	46	ffffffffff74c
N???C@_EAKWGk?B_EA?	46	ffffffff7ffe
N???C@_EAKWGk?B_DA?	46	7fffffff7fff
N???C@_EAKWGk?B_Ca?	46	3fffffffffff
N???C@_EAKWGe?H_EG?	46	3fffffffffff
N???C@_EAKWGe?H_?q?	46	7ffffffff7ff
N???C@_EAKWGe?H_CI?	46	3fffffffffff
N???C@_EAKWGh?E_F??	46	3fffffffffff
N???C@_EAKWGh?E_B_?	46	7fffffffff7f
N???C@_EAKWGh?E_EO?	46	3fffffffffff
N???C@_EAKWGh?E_Ao?	46	7fffffffff7f
N???C@_EAKWGh?E_BG?	46	3fffffffffff
N???C@_EAKWGh?E_AW?	46	3fffffffffff
N???C@_EAKWGh?E_BC?	46	7ffffffffffd
N???C@_EAKWGh?E_EA?	46	3fffffffffff
N???C@_EAKWGh?E_Aa?	46	7fffffff7fff
N???C@_EAKWGh?E_CQ?	46	3fffffffffff
N???C@_EAKWGh?E_?Y?	46	3fffffffffff
N???C@_EAKWGd?I_F??	46	3fffffffffff
N???C@_EAKWGd?I_E_?	46	3fffffffffff
N???C@_EAKWGd?I_B_?	46	3fffffffffff
N???C@_EAKWGd?I_DO?	46	fffffffff7fe
N???C@_EAKWGd?I_BO?	46	3fffffffffff
N???C@_EAKWGd?I_@o?	46	3fffffffffff
N???C@_EAKWGd?I_BG?	46	3fffffffffff
N???C@_EAKWGd?I_Cg?	46	3ffffffffffcc
N???C@_EAKWGd?I_@g?	46	3fffffffffff
N???C@_EAKWGd?I_CW?	46	3ffffffffffcc
N???C@_EAKWGd?I_BC?	46	3fffffffffff
N???C@_EAKWGd?I_EA?	46	3fffffffffff
N???C@_EAKWGd?I_DA?	46	fffffffffefd
N???C@_EAKWGd?I_@Q?	46	7ffffffff7ff
N???C@_EAKWGd?I_CI?	46	3fffffffffff
N???C@_EAKWGd?I_AE?	46	7ffffffffffd
N???C@_EAKWG`_M?BG?	46	3fffffff0ffff
N???C@_EAKWG`_M?CI?	46	3fffffffffff
N???C@_EAKWGD_M?T??	46	7ffffffdffff
N???C@_EAKWGD_M?S_?	46	3fffffffffff
N???C@_EAKWGD_M?Oo?	46	3effffffffcfe
N???C@_EAKWGD_M?SG?	46	7ffffffff7ff
N???C@_EAKWGD_M?PG?	46	3fffffffffff
N???C@_EAKWGD_M?SC?	46	7ffffffff7ff
N???C@_EAKWGD_M?PC?	46	3fffffffffff
N???C@_EAKWGD_M?SA?	46	7fffffff7fff
N???C@_EAKWGD_M?PA?	46	7fffffff7fff
N???C@_EAKWGD_M?OE?	46	3fffffffffff
N???C@_ECH[?D_AoB_?	46	3fffffffffff
N???C@_ECH[?@oE_B_?	46	3fffffffffff
N???C@_ECHY?H_AoF??	46	3fffffffffff
N???C@_ECHY?H_AoB_?	46	3fffffffffff
N???C@_ECHY?H_AoBO?	46	3fffffffffff
N???C@_ECHY?H_AoKG?	46	3ffffffffffcc
N???C@_ECHY?H_AoBG?	46	7ffffffff7ff
N???C@_ECHY?H_AoGg?	46	1ffffffffb7fe
N???C@_ECHY?H_Ao?w?	46	3ffdf7ffff77f
N???C@_ECHY?GoB_F??	46	3fffffffffff
N???C@_ECHY?GoB_K_?	46	3ffffffffffcc
N???C@_ECHY?GoB_B_?	46	7ffffffff7ff
N???C@_ECHY?GoB_BO?	46	3fffffffffff
N???C@_ECHY?GoB_BG?	46	3fffffffffff
N???C@_ECHY?GoB_Gg?	46	1ffffffffb7fe
N???C@_ECHY?GoB_?w?	46	3ffdf7ffff77f
N???C@_ECHY?GoB_@I?	46	3fffffffffff
N???C@_ECHY?GoB_?i?	46	3fffffffffff
N???C@_ECHY?@oI_F??	46	7ffffffff7ff
N???C@_ECHY?@oI_K_?	46	3ffffffffffcc
N???C@_ECHY?@oI_B_?	46	3fffffffffff
N???C@_ECHY?@oI_BO?	46	3fffffffffff
N???C@_ECHY?@oI_KG?	46	3ffffffffffcc
N???C@_ECHY?@oI_BG?	46	3fffffffffff
N???C@_ECHY?@oI_@I?	46	3fffffffffff
N???C@_ECHY?@oI_?i?	46	7ffffffeffff
N???C@_ECHR?W_@oAg?	46	7ffffffffffd
N???C@_ECHR?W_@o?i?	46	7ffffffffffb
N???C@_ECHR?P_GoAg?	46	3fffffffffff
N???C@_ECHW_K_AoJ??	46	3fffffffffff
N???C@_ECHW_K_AoB_?	46	3fffffffffff
N???C@_ECHW_K_AoBG?	46	3fffffffffff
N???C@_ECHW_K_Ao?w?	46	3ffdf7ffff77f
N???C@_ECHW_K_AoBA?	46	37fffbfffeffb
N???C@_ECHW_K_AoAI?	46	3fffffffffff
N???C@_ECHW_K_Ao?i?	46	7fffffffefff
N???C@_ECHW_GoE_J??	46	ffffffffff7d
N???C@_ECHW_GoE_F??	46	3fffffffffff
N???C@_ECHW_GoE_B_?	46	fffffffff7fd
N???C@_ECHW_GoE_BG?	46	3fffffffffff
N???C@_ECHW_GoE_AI?	46	3fffffffffff
N???C@_ECHW_GoE_?i?	46	7ffffffdffff
N???C@_ECHK_D_AoL??	46	3fffffffffff
N???C@_ECHK_D_AoR??	46	3fffffffffff
N???C@_ECHK_D_AoBO?	46	2ffeffffffefb
N???C@_ECHK_D_AoKG?	46	7ffffffffb77c
N???C@_ECHK_D_AoBG?	46	3fffffffffff
N???C@_ECHK_D_Ao@W?	46	3fffffffffff
N???C@_ECHK_D_AoKA?	46	fffffffdf7ff
N???C@_ECHK_D_AoQA?	46	7ffffffdffff
N???C@_ECHK_D_AoPA?	46	7ffffffdffff
N???C@_ECHK_D_AoBA?	46	3bffbffffff7d
N???C@_ECHK_@oE_R??	46	7ffffffdffff
N???C@_ECHK_@oE_J??	46	3fffffffffff
N???C@_ECHK_@oE_QO?	46	3fffffffffff
N???C@_ECHK_@oE_BG?	46	3fffffffffff
N???C@_ECHK_@oE_AW?	46	3fffffffffff
N???C@_ECHK_@oE_QA?	46	7ffffffdffff
N???C@_ECHK_@oE_OQ?	46	3fffffffffff
N???C@_ECHK_@oE_?Y?	46	3fffffffffff
N???C@_ECHQ_W_AoJ??	46	3fffffffffff
N???C@_ECHQ_W_AoB_?	46	7ffffffffffe
N???C@_ECHQ_W_AoBO?	46	3fffffffffff
N???C@_ECHQ_W_AoGg?	46	1ffffffffb7fe
N???C@_ECHQ_W_Ao@a?	46	7ffffffffffd
N???C@_ECHQ_OoI_J??	46	3fffffffffff
N???C@_ECHQ_OoI_F??	46	7fffffffff7f
N???C@_ECHQ_OoI_K_?	46	3ffffffffffcc
N???C@_ECHQ_OoI_B_?	46	7fffffffff7f
N???C@_ECHQ_OoI_BO?	46	3fffffffffff
N???C@_ECHQ_OoI_BG?	46	3fffffffffff
N???C@_ECHQ_OoI_Cg?	46	1ffffffffb7fe
N???C@_ECHQ_OoI_@g?	46	3fffffffffff
N???C@_ECHQ_OoI_?w?	46	3ffdf7ffff77f
N???C@_ECHI_@oI_R??	46	3fffffffffff
N???C@_ECHI_@oI_J??	46	3fffffffffff
N???C@_ECHI_@oI_F??	46	3fffffffffff
N???C@_ECHI_@oI_IO?	46	3fffffffffff
N???C@_ECHI_@oI_DO?	46	3fffffffffff
N???C@_ECHI_@oI_BO?	46	3fffffffffff
N???C@_ECHI_@oI_BG?	46	3fffffffffff
N???C@_ECHI_@oI_GW?	46	3ffdf7ffff77f
N???C@_ECHI_@oI_CW?	46	3ffdf7ffff77f
N???C@_ECHI_@oI_QA?	46	7ffffffff7ff
N???C@_ECHI_@oI_PA?	46	3fffffffffff
N???C@_ECHI_@oI_BA?	46	3fffffffffff
N???C@_ECHI_@oI_OQ?	46	3fffffffffff
N???C@_ECHWOL?AoB_?	46	3fffffffffff
N???C@_ECHWOL?AoCg?	46	1ffffffffb7fe
N???C@_ECHWOL?Ao@a?	46	3fffffffffff
N???C@_ECHWOL?Ao?i?	46	3fffffffffff
N???C@_ECHWOK_BOB_?	46	3fffffffffff
N???C@_ECHWOK_BOCg?	46	1ffffffffb7fe
N???C@_ECHWOK_BOAg?	46	3fffffffffff
N???C@_ECHWOK_BOBA?	46	3fffffffffff
N???C@_ECHWOH_EOJ??	46	7ffffffffffe
N???C@_ECHWOH_EOF??	46	3fffffffffff
N???C@_ECHWOH_EOB_?	46	3fffffffffff
N???C@_ECHWOH_EOBO?	46	3fffffffffff
N???C@_ECHWOH_EOAg?	46	3fffffffffff
N???C@_ECHWOD_IOF??	46	3fffffffffff
N???C@_ECHWOD_IOB_?	46	3fffffffffff
N???C@_ECHWOD_IOCg?	46	1ffffffffb7fe
N???C@_ECHWOD_IO@a?	46	3fffffffffff
N???C@_ECHWOHOE_J??	46	7ffffffffffd
N???C@_ECHWOHOE_F??	46	3fffffffffff
N???C@_ECHWOHOE_B_?	46	3fffffffffff
N???C@_ECHWOHOE_BG?	46	3fffffffffff
N???C@_ECHWOHOE_Aa?	46	3fffffffffff
N???C@_ECHWOHOE_AI?	46	3fffffffffff
N???C@_ECHWOHOE_?i?	46	7ffffffdffff
N???C@_ECHKOU?@oU??	46	7ffffffff7ff
N???C@_ECHKOU?@oR??	46	7ffffffff7ff
N???C@_ECHKOU?@oF??	46	3ffffffffe7f9
N???C@_ECHKOU?@oE_?	46	3fffffffffff
N???C@_ECHKOU?@oEO?	46	7fffffffff7f
N???C@_ECHKOU?@oBG?	46	3fffffffffff
N???C@_ECHKOU?@oSA?	46	7ffffffdffff
N???C@_ECHKOU?@oQA?	46	7ffffffdffff
N???C@_ECHKOU?@oCa?	46	3fffffffffff
N???C@_ECHKOU?@oCQ?	46	7fffffff7fff
N???C@_ECHKOU?@oAI?	46	3fffffffffff
N???C@_ECHKOD_Ao[??	46	3ffffffffffcc
N???C@_ECHKOD_AoR??	46	3fffffffffff
N???C@_ECHKOD_AoB_?	46	3fffffffffff
N???C@_ECHKOD_AoBG?	46	7fffffff7fff
N???C@_ECHKOD_AoBA?	46	7fffffff7fff
N???C@_ECHKOD_AoAI?	46	7fffffff7fff
N???C@_ECHKOD_Ao@I?	46	7fffffff7fff
N???C@_ECHKOSOB_R??	46	3fffffffffff
N???C@_ECHKOSOB_F??	46	3fffffffffff
N???C@_ECHKOSOB_B_?	46	3fffffffffff
N???C@_ECHKOSOB_SO?	46	3ffffffffffcc
N???C@_ECHKOSOB_EO?	46	3fffffffffff
N???C@_ECHKOSOB_BG?	46	3fffffffffff
N???C@_ECHKOSOB_Og?	46	1ffffffffb7fe
N???C@_ECHKOSOB_Cg?	46	1ffffffffb7fe
N???C@_ECHKOSOB_Ag?	46	3fffffffffff
N???C@_ECHKOSOB_EA?	46	7ffffffff7ff
N???C@_ECHKOSOB_PA?	46	3fffffffffff
N???C@_ECHKOSOB_DA?	46	3fffffffffff
N???C@_ECHKOSOB_BA?	46	3fffffffffff
N???C@_ECHKOSOB_Ca?	46	3fffffffffff
N???C@_ECHKOSOB_Aa?	46	3fffffffffff
N???C@_ECHKOSOB_CQ?	46	3fffffffffff
N???C@_ECHKOSOB_AI?	46	7ffffffdffff
N???C@_ECHKOSOB_@I?	46	3fffffffffff
N???C@_ECHKO@oE_R??	46	3fffffffffff
N???C@_ECHKO@oE_J??	46	7fffffffff7f
N???C@_ECHKO@oE_B_?	46	3fffffffffff
N???C@_ECHKO@oE_BG?	46	7fffffff7fff
N???C@_ECHKO@oE_Ag?	46	3fffffffffff
N???C@_ECHKO@oE_QA?	46	3fffffffffff
N???C@_ECHKO@oE_?i?	46	3fffffffffff
N???C@_ECHQOX?AoJ??	46	3fffffffffff
N???C@_ECHQOX?AoB_?	46	3fffffffffff
N???C@_ECHQOX?Ao?i?	46	3fffffffffff
N???C@_ECHQOW_BOJ??	46	3fffffffffff
N???C@_ECHQOW_BOB_?	46	7ffffffffffe
N???C@_ECHQOW_BOBG?	46	7ffffffffffd
N???C@_ECHQOW_BOGg?	46	1ffffffffb7fe
N???C@_ECHQOW_BO@Q?	46	3fffffffffff
N???C@_ECHQOP_IOJ??	46	3fffffffffff
N???C@_ECHQOP_IOF??	46	7ffffffffffe
N???C@_ECHQOP_IOB_?	46	3fffffffffff
N???C@_ECHQOP_IOKG?	46	3ffffffffffcc
N???C@_ECHQOP_IOBG?	46	7fffffffff7f
N???C@_ECHQOP_IOCg?	46	1ffffffffb7fe
N???C@_ECHQOP_IO?w?	46	3ffdf7ffff77f
N???C@_ECHQOP_IO@Q?	46	3fffffffffff
N???C@_ECHQOWOB_J??	46	3fffffffffff
N???C@_ECHQOWOB_B_?	46	7ffffffffffd
N???C@_ECHQOWOB_BO?	46	7ffffffffffd
N???C@_ECHQOWOB_Ao?	46	7ffffffffffd
N???C@_ECHQOWOB_KG?	46	ffffffffff74c
N???C@_ECHQOWOB_BG?	46	3fffffffffff
N???C@_ECHQOWOB_?i?	46	3fffffffffff
N???C@_ECHQOPOI_J??	46	3fffffffffff
N???C@_ECHQOPOI_F??	46	7ffffffffffd
N???C@_ECHQOPOI_B_?	46	3fffffffffff
N???C@_ECHQOPOI_BG?	46	3fffffffffff
N???C@_ECHQOPOI_?w?	46	3ffdf7ffff77f
N???C@_ECHQOPOI_@I?	46	3fffffffffff
N???C@_ECHQOPOI_?i?	46	7ffffffeffff
N???C@_ECHQOOoJ?J??	46	3fffffffffff
N???C@_ECHQOOoJ?F??	46	7fffffffff7f
N???C@_ECHQOOoJ?K_?	46	3ffffffffffcc
N???C@_ECHQOOoJ?B_?	46	7fffffffff7f
N???C@_ECHQOOoJ?BG?	46	3fffffffffff
N???C@_ECHQOOoJ?Cg?	46	1ffffffffb7fe
N???C@_ECHQOOoJ??w?	46	3ffdf7ffff77f
N???C@_ECHQOOoJ?@Q?	46	3fffffffffff
N???C@_ECHQOOoJ?@I?	46	3fffffffffff
N???C@_ECHQOOoJ??i?	46	3fffffffffff
N???C@_ECHQO@oY?J??	46	7ffffffff7ff
N???C@_ECHQO@oY?K_?	46	3ffffffffffcc
N???C@_ECHQO@oY?B_?	46	3fffffffffff
N???C@_ECHQO@oY?KG?	46	3ffffffffffcc
N???C@_ECHQO@oY?BG?	46	3fffffffffff
N???C@_ECHQO@oY?@Q?	46	3fffffffffff
N???C@_ECHIOQOH_R??	46	7ffffffffffe
N???C@_ECHIOQOH_F??	46	3fffffffffff
N???C@_ECHIOQOH_S_?	46	3ffffffffffcc
N???C@_ECHIOQOH_B_?	46	3fffffffffff
N???C@_ECHIOQOH_BO?	46	3fffffffffff
N???C@_ECHIOQOH_SG?	46	3ffffffffffcc
N???C@_ECHIOQOH_EG?	46	3fffffffffff
N???C@_ECHIOQOH_BG?	46	7ffffffff7ff
N???C@_ECHIOQOH_Og?	46	1ffffffffb7fe
N???C@_ECHIOQOH_@g?	46	3fffffffffff
N???C@_ECHIOQOH_CW?	46	1ffffffffb7fe
N???C@_ECHIOQOH_SA?	46	3fffffffffff
N???C@_ECHIOQOH_QA?	46	7fffffffff7f
N???C@_ECHIOQOH_Ca?	46	3fffffffffff
N???C@_ECHIOQOH_@a?	46	3fffffffffff
N???C@_ECHIOQOH_@I?	46	7ffffffeffff
N???C@_ECHIOEOH_[??	46	3fffffffffff
N???C@_ECHIOEOH_X??	46	7ffffffffffe
N???C@_ECHIOEOH_T??	46	3fffffffffff
N???C@_ECHIOEOH_L??	46	3fffffffffff
N???C@_ECHIOEOH_P_?	46	3fffffffffff
N???C@_ECHIOEOH_WO?	46	3fffffffffff
N???C@_ECHIOEOH_KO?	46	3ffff7dfdf7ff
N???C@_ECHIOEOH_PO?	46	3fffffffffff
N???C@_ECHIOEOH_HO?	46	3fffffffffff
N???C@_ECHIOEOH_KG?	46	3fffffffffff
N???C@_ECHIOEOH_GW?	46	3fffffffffff
N???C@_ECHIOEOH_SA?	46	3fffffffffff
N???C@_ECHIOEOH_Oa?	46	3fffffffffff
N???C@_ECHIOEOH_OQ?	46	3fffffffffff
N???C@_ECHIOEOH_GQ?	46	3fffffffffff
N???C@_ECHIOEOH_@Q?	46	3fffffffffff
N???C@_ECHIOEOH_CI?	46	3fffffffffff
N???C@_ECHOo[?AoB_?	46	3fffffffffff
N???C@_ECHOo[?AoKG?	46	3ffffffffffcc
N???C@_ECHOo[?AoBG?	46	3fffffffffff
N???C@_ECHOo[?Ao?w?	46	fffdf7ffff77c
N???C@_ECHOo[?AoBA?	46	7ffffffdffff
N???C@_ECHOoW_EOJ??	46	3fffffffffff
N???C@_ECHOoW_EOB_?	46	7ffffffffffe
N???C@_ECHOoW_EOBO?	46	3fffffffffff
N???C@_ECHOoW_EOAg?	46	7ffffffffffd
N???C@_ECHOoW_EO?i?	46	7ffffffffffb
N???C@_ECHOoS_IOF??	46	3fffffffffff
N???C@_ECHOoS_IOB_?	46	3fffffffffff
N???C@_ECHOoS_IOKG?	46	3ffffffffffcc
N???C@_ECHOoS_IOBG?	46	3fffffffffff
N???C@_ECHOoS_IOBA?	46	3fffffffffff
N???C@_ECHOoS_IO?q?	46	7ffffffeffff
N???C@_ECHOoWOE_J??	46	3fffffffffff
N???C@_ECHOoWOE_B_?	46	7ffffffffffd
N???C@_ECHOoWOE_Ao?	46	7ffffffffffd
N???C@_ECHOoWOE_BG?	46	3fffffffffff
N???C@_ECHOoWOE_?q?	46	7ffffffffffb
N???C@_ECHOoOoM?J??	46	7ffffffff7ff
N???C@_ECHOoOoM?B_?	46	7fffffffff7f
N???C@_ECHOoOoM?BO?	46	3fffffffffff
N???C@_ECHOoOoM?BG?	46	3fffffffffff
N???C@_ECHOoOoM??i?	46	7ffffffff7ff
N???C@_ECHGoU?GoU??	46	3fffffffffff
N???C@_ECHGoU?GoR??	46	7fffffffff7f
N???C@_ECHGoU?GoF??	46	3fffffffffff
N???C@_ECHGoU?GoE_?	46	3fffffffffff
N???C@_ECHGoU?GoEO?	46	3fffffffffff
N???C@_ECHGoU?GoAo?	46	3fffffffffff
N???C@_ECHGoU?GoEG?	46	3fffffffffff
N???C@_ECHGoU?GoBG?	46	3fffffffffff
N???C@_ECHGoU?GoSA?	46	3fffffffffff
N???C@_ECHGoU?GoQA?	46	7fffffff7fff
N???C@_ECHGoU?GoCa?	46	3fffffffffff
N???C@_ECHGoU?GoCQ?	46	3fffffffffff
N???C@_ECHGoU?Go?q?	46	3fffffffffff
N???C@_ECHGoU?GoCI?	46	3fffffffffff
N???C@_ECHGoU?GoAI?	46	3fffffffffff
N???C@_ECHGoL?AoL??	46	3fffffffffff
N???C@_ECHGoL?AoR??	46	3fffffffffff
N???C@_ECHGoL?AoJ??	46	3fffffffffff
N???C@_ECHGoL?AoF??	46	3fffffffffff
N???C@_ECHGoL?AoBO?	46	3fffffffffff
N???C@_ECHGoL?AoEG?	46	3fffffffffff
N???C@_ECHGoL?AoBG?	46	3fffffffffff
N???C@_ECHGoL?AoGW?	46	3ffdf7ffff77f
N???C@_ECHGoL?AoQA?	46	7ffffffdffff
N???C@_ECHGoL?AoPA?	46	3fffffffffff
N???C@_ECHGoL?AoBA?	46	3fffffffffff
N???C@_ECHGoL?AoOQ?	46	3fffffffffff
N???C@_ECHGoF?GoM??	46	3fffffffffff
N???C@_ECHGoF?GoR??	46	7ffffffff7ff
N???C@_ECHGoF?GoF??	46	3fffffffffff
N???C@_ECHGoF?GoQO?	46	3fffffffffff
N???C@_ECHGoF?GoIO?	46	3fffffffffff
N???C@_ECHGoF?GoBO?	46	3fffffffffff
N???C@_ECHGoF?GoBG?	46	3fffffffffff
N???C@_ECHGoF?GoKA?	46	3fffffffffff
N???C@_ECHGoF?GoOQ?	46	3fffffffffff
N???C@_ECHGoF?GoGQ?	46	3fffffffffff
N???C@_ECHGoF?GoAI?	46	3fffffffffff
N???C@_ECHGoK_AoR??	46	3fffffffffff
N???C@_ECHGoK_AoJ??	46	3fffffffffff
N???C@_ECHGoK_AoF??	46	3fffffffffff
N???C@_ECHGoK_AoB_?	46	3fffffffffff
N???C@_ECHGoK_AoKG?	46	1ffffffffb7fe
N???C@_ECHGoK_AoDG?	46	3fffffffffff
N???C@_ECHGoK_AoBG?	46	3fffffffffff
N???C@_ECHGoK_AoGg?	46	3ffdf7ffff77f
N???C@_ECHGoK_AoQA?	46	3fffffffffff
N???C@_ECHGoK_AoEA?	46	3fffffffffff
N???C@_ECHGoK_AoBA?	46	3fffffffffff
N???C@_ECHGoK_AoAI?	46	3fffffffffff
N???C@_ECHGoK_Ao@I?	46	3fffffffffff
N???C@_ECHGoD_IOR??	46	3fffffffffff
N???C@_ECHGoD_IOJ??	46	3fffffffffff
N???C@_ECHGoD_IOF??	46	3fffffffffff
N???C@_ECHGoD_IOPO?	46	3fffffffffff
N???C@_ECHGoD_IOHO?	46	3fffffffffff
N???C@_ECHGoD_IOBO?	46	3fffffffffff
N???C@_ECHGoD_IODG?	46	3fffffffffff
N???C@_ECHGoD_IOBG?	46	3fffffffffff
N???C@_ECHGoD_IOOW?	46	3ffdf7ffff77f
N???C@_ECHGoD_IOGW?	46	3ffdf7ffff77f
N???C@_ECHGoD_IOQA?	46	7fffffffefff
N???C@_ECHGoD_IOPA?	46	3fffffffffff
N???C@_ECHGoD_IODA?	46	3fffffffffff
N???C@_ECHGoD_IOBA?	46	3fffffffffff
N???C@_ECHGoD_IOAQ?	46	fffffffdf7ff
N???C@_ECHGoSOI_R??	46	3fffffffffff
N???C@_ECHGoSOI_F??	46	3fffffffffff
N???C@_ECHGoSOI_BO?	46	3fffffffffff
N???C@_ECHGoSOI_Co?	46	3fdffffffb7fe
N???C@_ECHGoSOI_SG?	46	3ffffffffffcc
N???C@_ECHGoSOI_DG?	46	3fffffffffff
N???C@_ECHGoSOI_BG?	46	3fffffffffff
N???C@_ECHGoSOI_CW?	46	1ffffffffb7fe
N???C@_ECHGoSOI_?w?	46	3ffdf7ffff77f
N???C@_ECHGoSOI_SA?	46	3fffffffffff
N???C@_ECHGoSOI_PA?	46	3fffffffffff
N???C@_ECHGoSOI_BA?	46	3fffffffffff
N???C@_ECHGoSOI_Ca?	46	3fffffffffff
N???C@_ECHGoSOI_AI?	46	7fffffffefff
N???C@_ECHGoSOI_@I?	46	3fffffffffff
N???C@_ECHGoHOE_R??	46	3fffffffffff
N???C@_ECHGoHOE_J??	46	3fffffffffff
N???C@_ECHGoHOE_F??	46	3fffffffffff
N???C@_ECHGoHOE_QO?	46	3fffffffffff
N???C@_ECHGoHOE_BG?	46	3fffffffffff
N???C@_ECHGoHOE_QA?	46	3fffffffffff
N???C@_ECHGoHOE_EA?	46	3fffffffffff
N???C@_ECHGoHOE_OQ?	46	3fffffffffff
N???C@_ECHGoDOI_R??	46	3fffffffffff
N???C@_ECHGoDOI_F??	46	3fffffffffff
N???C@_ECHGoDOI_KO?	46	3fdffffffb7fe
N???C@_ECHGoDOI_BO?	46	3fffffffffff
N???C@_ECHGoDOI_BG?	46	3fffffffffff
N???C@_ECHGoDOI_GW?	46	3ffdf7ffff77f
N???C@_ECHGoDOI_KA?	46	3fffffffffff
N???C@_ECHGoDOI_QA?	46	7ffffffff7ff
N???C@_ECHGoDOI_PA?	46	3fffffffffff
N???C@_ECHGoDOI_OQ?	46	3fffffffffff
N???C@_ECHGoDOI_AI?	46	7ffffffdffff
N???C@_ECHGoGoE_M??	46	3fffffffffff
N???C@_ECHGoGoE_R??	46	3fffffffffff
N???C@_ECHGoGoE_F??	46	3fffffffffff
N???C@_ECHGoGoE_I_?	46	3fffffffffff
N???C@_ECHGoGoE_EG?	46	3fffffffffff
N???C@_ECHGoGoE_BG?	46	3fffffffffff
N???C@_ECHGoGoE_KA?	46	3fffffffffff
N???C@_ECHGoGoE_QA?	46	3fffffffffff
N???C@_ECHGoGoE_Ga?	46	3fffffffffff
N???C@_ECHGoGoE_CI?	46	3fffffffffff
N???C@_ECHGoGoE_AI?	46	3fffffffffff
N???C@_ECHGo@oM?R??	46	3fffffffffff
N???C@_ECHGo@oM?J??	46	3fffffffffff
N???C@_ECHGo@oM?BO?	46	3fffffffffff
N???C@_ECHGo@oM?BG?	46	3fffffffffff
N???C@_ECHGo@oM?QA?	46	3fffffffffff
N???C@_ECHAoR?GoR??	46	7ffffffff7ff
N???C@_ECHAoR?GoJ??	46	ffffffffe7ff
N???C@_ECHAoR?GoF??	46	3fffffffffff
N???C@_ECHAoR?GoHO?	46	3fffffffffff
N???C@_ECHAoR?GoBO?	46	3fffffffffff
N???C@_ECHAoR?GoHG?	46	3fffffffffff
N???C@_ECHAoR?GoBG?	46	3fffffffffff
N???C@_ECHAoR?GoCW?	46	3ffdf7ffff77f
N???C@_ECHAoR?GoQA?	46	7ffffffeffff
N???C@_ECHAoB_WOR??	46	7ffffffffffd
N???C@_ECHAoB_WOJ??	46	3fffffffffff
N???C@_ECHAoB_WOBG?	46	3fffffffffff
N???C@_ECHAoB_WOAW?	46	3fffffffffff
N???C@_ECHAoEOW_[??	46	7ffffffff7ff
N???C@_ECHAoEOW_X??	46	3fffffffffff
N???C@_ECHAoEOW_L??	46	3fffffffffff
N???C@_ECHAoEOW_P_?	46	7ffffffffffe
N???C@_ECHAoEOW_H_?	46	3fffffffffff
N???C@_ECHAoEOW_PO?	46	3fffffffffff
N???C@_ECHAoEOW_@o?	46	3fffffffffff
N???C@_ECHAoEOW_KG?	46	7fffffffff7f
N???C@_ECHAoEOW_?w?	46	3fffffffffff
N???C@_ECHAoEOW_WA?	46	3fffffffffff
N???C@_ECHAoEOW_KA?	46	3fffffffffff
N???C@_ECHAoEOW_Oa?	46	7ffffffffffd
N???C@_ECHAoEOW_@Q?	46	7fffffff7fff
N???C@_ECHAoEOW_GI?	46	3fffffffffff
N???C@_ECHAoPOI_R??	46	3fffffffffff
N???C@_ECHAoPOI_J??	46	3fffffffffff
N???C@_ECHAoPOI_F??	46	3fffffffffff
N???C@_ECHAoPOI_BO?	46	3fffffffffff
N???C@_ECHAoPOI_BG?	46	3fffffffffff
N???C@_ECHAoPOI_PA?	46	3fffffffffff
N???C@_ECHAoPOI_HA?	46	3fffffffffff
N???C@_ECHAoPOI_BA?	46	3fffffffffff
N???C@_ECHAoPOI_OI?	46	7ffffffeffff
N???C@_ECHAoPOI_GI?	46	7ffffffeffff
N???C@_ECHAoBOW_[??	46	3ffffffffffcc
N???C@_ECHAoBOW_R??	46	7ffffffffffe
N???C@_ECHAoBOW_J??	46	3fffffffffff
N???C@_ECHAoBOW_BO?	46	3fffffffffff
N???C@_ECHAoBOW_KG?	46	1ffffffffb7fe
N???C@_ECHAoBOW_BG?	46	7ffffffff7ff
N???C@_ECHAoBOW_KA?	46	3fffffffffff
N???C@_ECHAoBOW_QA?	46	7ffffffffffd
N???C@_ECHAoBOW_@I?	46	7fffffffefff
N???C@_ECHAo@oY?R??	46	3fffffffffff
N???C@_ECHAo@oY?PO?	46	3fffffffffff
N???C@_ECHAo@oY?BO?	46	3fffffffffff
N???C@_ECHAo@oY?BG?	46	3fffffffffff
N???C@_ECHAo@oY?GW?	46	3ffdf7ffff77f
N???C@_ECHAo@oY?@W?	46	3fffffffffff
N???C@_ECHAo@oY?KA?	46	3fffffffffff
N???C@_ECHAo@oY?QA?	46	7ffffffffffe
N???C@_ECHAo@oY?PA?	46	3fffffffffff
N???C@_ECHAo@oY?BA?	46	3fffffffffff
N???C@_ECHWGK_B_J??	46	3fffffffffff
N???C@_ECHWGK_B_B_?	46	3fffffffffff
N???C@_ECHWGK_B_?w?	46	3ffdf7ffff77f
N???C@_ECHWGK_B_BA?	46	1ffffffffcffe
N???C@_ECHWGK_B_?i?	46	7fffffffefff
N???C@_ECHWGH_E_J??	46	fffffffffffc
N???C@_ECHWGH_E_F??	46	3fffffffffff
N???C@_ECHWGH_E_B_?	46	3fffffffffff
N???C@_ECHWGH_E_BG?	46	fffffffff7fe
N???C@_ECHWGH_E_?i?	46	7ffffffdffff
N???C@_ECHKGCoB_[??	46	ffffffffff74c
N???C@_ECHKGCoB_R??	46	3fffffffffff
N???C@_ECHKGCoB_J??	46	3fffffffffff
N???C@_ECHKGCoB_B_?	46	3fffffffffff
N???C@_ECHKGCoB_KO?	46	1ffffffffb7fe
N???C@_ECHKGCoB_BO?	46	7fffffff7fff
N???C@_ECHQGW_B_J??	46	3fffffffffff
N???C@_ECHQGW_B_B_?	46	7ffffffffffe
N???C@_ECHQGW_B_BO?	46	7ffffffdffff
N???C@_ECHQGW_B_BG?	46	fffffffdfffd
N???C@_ECHQGW_B_Gg?	46	1ffffffffb7fe
N???C@_ECHQGP_I_J??	46	3fffffffffff
N???C@_ECHQGP_I_F??	46	7ffffffffffe
N???C@_ECHQGP_I_B_?	46	3fffffffffff
N???C@_ECHQGP_I_BO?	46	3fffffffffff
N???C@_ECHQGP_I_KG?	46	3ffffffffffcc
N???C@_ECHQGP_I_BG?	46	fffffffeff7f
N???C@_ECHQGP_I_Cg?	46	1ffffffffb7fe
N???C@_ECHQGP_I_@g?	46	3fffffffffff
N???C@_ECHQGP_I_?w?	46	3ffdf7ffff77f
N???C@_ECHOgW_E_B_?	46	fffdf7ffff77c
N???C@_ECHOgW_E_BG?	46	fffdf7ffff77c
N???C@_ECHOgW_E_?i?	46	fffffffdfffb
N???C@_ECHOgS_I_B_?	46	7ffffffffffd
N???C@_ECHOgS_I_BG?	46	7ffffffffffe
N???C@_ECHOgS_I_?i?	46	fffffffefeff
N???C@_ECHGgCoI_R??	46	3fffffffffff
N???C@_ECHGgCoI_J??	46	3fffffffffff
N???C@_ECHGgCoI_F??	46	3fffffffffff
N???C@_ECHGgCoI_W_?	46	7ffffffffb77c
N???C@_ECHGgCoI_BO?	46	3fffffffffff
N???C@_ECHGgCoI_Oo?	46	3ffdf7ffff77f
N???C@_ECHGgCoI_PA?	46	3fffffffffff
N???C@_ECHGgCoI_Oa?	46	7ffffffeffff
N???C@_ECHAgAoW_R??	46	7ffffffffffd
N???C@_ECHAgAoW_J??	46	3fffffffffff
N???C@_ECHOW[?B_K_?	46	3ffffffffffcc
N???C@_ECHOW[?B_B_?	46	3fffffffffff
N???C@_ECHOW[?B_?w?	46	fffdf7ffff77c
N???C@_ECHOW[?B_BA?	46	7ffffffdffff
N???C@_ECHOW[?B_AQ?	46	7ffffffdffff
N???C@_ECHOWX?E_J??	46	3ffffffe67fff
N???C@_ECHOWX?E_B_?	46	3ffffffe67fff
N???C@_ECHOWW_F?J??	46	3fffffffffff
N???C@_ECHOWW_F?BO?	46	7ffffffdffff
N???C@_ECHOWW_F?BG?	46	7ffffffffffd
N???C@_ECHOWW_F?Ag?	46	7ffffffffffd
N???C@_ECHOWW_F?AQ?	46	7ffffffdffff
N???C@_ECHOWW_F??i?	46	7ffffffffffb
N???C@_ECHOWS_J?K_?	46	3ffffffffffcc
N???C@_ECHOWS_J?B_?	46	3fffffffffff
N???C@_ECHOWS_J?BO?	46	3fffffffffff
N???C@_ECHOWS_J?BA?	46	3fffffffffff
N???C@_ECHOWS_J?@Q?	46	3fffffffffff
N???C@_ECHOWS_J??i?	46	7ffffffffeff
N???C@_ECHOWP_M?J??	46	7ffffffff7ff
N???C@_ECHOWP_M?B_?	46	3fffffffffff
N???C@_ECHOWP_M?BO?	46	3fffffffffff
N???C@_ECHOWP_M?BG?	46	7fffffffff7f
N???C@_ECHOWP_M?AQ?	46	3fffffffffff
N???C@_ECHOWP_M??i?	46	7ffffffff7ff
N???C@_ECHGWU?H_U??	46	3fffffffffff
N???C@_ECHGWU?H_R??	46	7ffffffffffe
N???C@_ECHGWU?H_E_?	46	3fffffffffff
N???C@_ECHGWU?H_EG?	46	3fffffffffff
N???C@_ECHGWU?H_BG?	46	7ffffffff7ff
N???C@_ECHGWU?H_AW?	46	3fffffffffff
N???C@_ECHGWU?H_SA?	46	3fffffffffff
N???C@_ECHGWU?H_QA?	46	7fffffffff7f
N???C@_ECHGWU?H_Ca?	46	3fffffffffff
N???C@_ECHGWU?H_CQ?	46	3fffffffffff
N???C@_ECHGWU?H_CI?	46	3fffffffffff
N???C@_ECHGWU?H_?Y?	46	3fffffffffff
N???C@_ECHGWKOB_R??	46	3fffffffffff
N???C@_ECHGWKOB_B_?	46	3fffffffffff
N???C@_ECHGWKOB_KO?	46	1ffffffffb7fe
N???C@_ECHGWEOH_R??	46	ffffffff77ff
N???C@_ECHGWDOI_R??	46	3fffffffffff
N???C@_ECHGWDOI_J??	46	3fffffffffff
N???C@_ECHGWDOI_F??	46	3fffffffffff
N???C@_ECHGWDOI_KO?	46	1ffffffffb7fe
N???C@_ECHGWDOI_Oo?	46	3ffdf7ffff77f
N???C@_ECHGWCoJ?R??	46	3fffffffffff
N???C@_ECHGWCoJ?J??	46	3fffffffffff
N???C@_ECHGWCoJ?F??	46	3fffffffffff
N???C@_ECHGWCoJ?B_?	46	3fffffffffff
N???C@_ECHGWCoJ?KO?	46	1ffffffffb7fe
N???C@_ECHGWCoJ?Oo?	46	3ffdf7ffff77f
N???C@_ECHGWCoJ?PA?	46	3fffffffffff
N???C@_ECHAWQOH_[??	46	3ffffffffffcc
N???C@_ECHAWQOH_M??	46	3fffffffffff
N???C@_ECHAWQOH_R??	46	7ffffffff7ff
N???C@_ECHAWQOH_F??	46	3fffffffffff
N???C@_ECHAWQOH_B_?	46	3fffffffffff
N???C@_ECHAWAoX?J??	46	3fffffffffff
N???C@_ECHAWAoX?B_?	46	3fffffffffff
N???C@_ECH?wF?W_R??	46	7ffffffffffe
N???C@_ECH?wF?W_J??	46	3fffffffffff
N???C@_ECH?wF?W_QO?	46	3fffffffffff
N???C@_ECH?wF?W_QG?	46	7ffffffffffd
N???C@_ECH?wF?W_BG?	46	7ffffffff7ff
N???C@_ECH?wF?W_KA?	46	3fffffffffff
N???C@_ECH?wF?W_OQ?	46	3fffffffffff
N???C@_ECH?wF?W_OI?	46	7ffffffffffb
N???C@_ECH?wSOI_[??	46	3ffffffffffcc
N???C@_ECH?wSOI_R??	46	3fffffffffff
N???C@_ECH?wSOI_F??	46	3fffffffffff
N???C@_ECH?wSOI_Oa?	46	7ffffffeffff
N???C@_ECH?wEOW_R??	46	fffffffdfffd
N???C@_ECH?wEOW_Q_?	46	7ffffffffffd
N???C@_ECH?wEOW_Oa?	46	7ffffffffffb
N???C@_ECH?wCoY?[??	46	3ffffffffffcc
N???C@_ECH?wCoY?R??	46	3fffffffffff
N???C@_ECH?wCoY?J??	46	7fffffffff7f
N???C@_ECHGIH_E_U??	46	3fffffffffff
N???C@_ECHGIH_E_M??	46	3fffffffffff
N???C@_ECHGIH_E_R??	46	7ffffffff7ff
N???C@_ECHGIH_E_B_?	46	3fffffffffff
N???C@_ECHGIH_E_KO?	46	3fffffffffff
N???C@_ECHGIH_E_EG?	46	3fffffffffff
N???C@_ECHGIH_E_BG?	46	fffffffdfffb
N???C@_ECHGIH_E_Og?	46	7ffffffdffff
N???C@_ECHGIH_E_Gg?	46	7ffffffdffff
N???C@_ECHGID_I_U??	46	3fffffffffff
N???C@_ECHGID_I_M??	46	3fffffffffff
N???C@_ECHGID_I_R??	46	3fffffffffff
N???C@_ECHGID_I_J??	46	3fffffffffff
N???C@_ECHGID_I_B_?	46	3fffffffffff
N???C@_ECHGID_I_KO?	46	3fffffffffff
N???C@_ECHGID_I_Ao?	46	3fffffffffff
N???C@_ECHGID_I_EG?	46	3fffffffffff
N???C@_ECHGID_I_BG?	46	3fffffffffff
N???C@_ECHGID_I_Og?	46	7ffffffeffff
N???C@_ECHAIP_I_[??	46	3ffffbbfeefff
N???C@_ECHAIP_I_M??	46	3fffffffffff
N???C@_ECHAIP_I_X??	46	3fffffffffff
N???C@_ECHAIP_I_J??	46	3fffffffffff
N???C@_ECHAIP_I_K_?	46	2ffdeff7fe70fccc
N???C@_ECHAIP_I_BO?	46	3fffffffffff
N???C@_ECHAIP_I_Go?	46	3fefebfbbba64b7e
N???C@_ECHAIP_I_KG?	46	3fffffffffff
N???C@_ECHAIP_I_@g?	46	3fffffffffff
N???C@_ECHAIB_W_X??	46	3fffffffffff
N???C@_ECHAIB_W_J??	46	3fffffffffff
N???C@_ECHAIB_W_K_?	46	2ffdeff7fe70fccc
N???C@_ECHAIB_W_BO?	46	7fffffff7fff
N???C@_ECHAIB_W_@o?	46	3bffbffffff7d
N???C@_ECHAIB_W_KG?	46	fffffffd7fff
N???C@_ECH?iW_E_[??	46	fffffffdfffd
N???C@_ECH?iW_E_Y??	46	3fffffffffff
N???C@_ECH?iW_E_R??	46	7ffffffffffd
N???C@_ECH?iW_E_Q_?	46	7ffffffffffd
N???C@_ECH?iS_I_[??	46	3fffffffffff
N???C@_ECH?iS_I_U??	46	3fffffffffff
N???C@_ECH?iS_I_R??	46	3fffffffffff
N???C@_ECH?YX?E_Y??	46	3fffffffffff
N???C@_ECH?YX?E_B_?	46	3bffbffffff7d
N???C@_ECH?YT?I_[??	46	3fffffffffff
N???C@_ECH?YT?I_U??	46	3fffffffffff
N???C@_ECH?YT?I_X??	46	3fffffffffff
N???C@_ECH?YT?I_R??	46	3fffffffffff
N???C@_ECH?YT?I_K_?	46	3fffffffffff
N???C@_ECH?YT?I_B_?	46	3fffffffffff
N???C@_ECH?YF?W_Y??	46	3fffffffffff
N???C@_ECH?YF?W_K_?	46	7fffffff7fff
N???C@_ECH?YP_M?[??	46	7ffffffdffff
N???C@_ECH?YP_M?Y??	46	3fffffffffff
N???C@_ECH?YP_M?R??	46	7fffffffff7f
N???C@_ECH?YP_M?B_?	46	3fffffffffff
N???C@_ECH?YP_M?KO?	46	3fffffffffff
N???C@_ECH?YP_M?BO?	46	3fffffffffff
N???C@_ECH?YP_M?Go?	46	7ffffffff7ff
N???C@_ECH?YP_M?KG?	46	3fffffffffff
N???C@_ECH?YP_M?IG?	46	3fffffffffff
N??CA?_cE_F?B_@WL??	46	7fffffffff7f
N??CA?_cE_F?B_@WK_?	46	3fffffffffff
N??CA?_cE_F?B_@WHG?	46	3fffffffffff
N??CA?_cE_F?B_@WDG?	46	3fffffffffff
N??CA?_cE_F?B_@WGg?	46	3fffffffffff
N??CA?_cE_F?B_@WCg?	46	3fffffffffff
N??CA?_cE_F?B_@W@g?	46	3fffffffffff
N??CA?_cE_F?B_@WCW?	46	3fffffffffff
N??CA?_cE_F?B_@WHC?	46	3fffffffffff
N??CA?_cE_F?B_@WDC?	46	3fffffffffff
N??CA?_cE_F?B_@WGc?	46	3fffffffffff
N??CA?_cE_F?B_@W@K?	46	3fffffffffff
N??CA?_cE_F?B_@W?k?	46	3fffffffffff
N??CA?_cE_F?B_@W?[?	46	3fffffffffff
N??CA?_cE_F?B_@WKA?	46	fffffffefffe
N??CA?_cE_F?B_@WCa?	46	3fffffffffff
N??CA?_cE_F?B_@WCQ?	46	fffffffdefff
N??CA?_cE_F?B_@WCI?	46	7ffffffff7ff
N??CA?_cE_F?B_@W@I?	46	3fffffffffff
N??CA?_cE_F?B_@W?i?	46	3fffffffffff
N??CA?_cE_F?B_@W?Y?	46	3fffffffffff
N??CA?_cE_F?B_@W@E?	46	3fffffffffff
N??CA?_cE_F?B_@W?e?	46	3fffffffffff
N??CA?_cE_F?B_@W?M?	46	7ffffffdffff
N??CA?_cE_F?BO@gKG?	46	7ffffffff7ff
N??CA?_cE_F?BO@gDG?	46	7ffffffff7ff
N??CA?_cE_F?BO@gCg?	46	3fffffffffff
N??CA?_cE_F?BO@g@g?	46	3fffffffffff
N??CA?_cE_F?BO@gCW?	46	3fffffffffff
N??CA?_cE_F?BO@gHC?	46	3fffffffffff
N??CA?_cE_F?BO@gDC?	46	3fffffffffff
N??CA?_cE_F?BO@gGc?	46	3fffffffffff
N??CA?_cE_F?BO@gGK?	46	3fffffffffff
N??CA?_cE_F?BO@gCK?	46	3fffffffffff
N??CA?_cE_F?BO@g@K?	46	3fffffffffff
N??CA?_cE_F?BO@gKA?	46	ffffffffeffd
N??CA?_cE_F?BO@gCa?	46	3fffffffffff
N??CA?_cE_F?BO@g@a?	46	3fffffffffff
N??CA?_cE_F?BO@gCQ?	46	ffffffffe7ff
N??CA?_cE_F?BO@gGI?	46	fffffffdf7ff
N??CA?_cE_F?BO@gCI?	46	7ffffffdffff
N??CA?_cE_F?BO@g?Y?	46	3fffffffffff
N??CA?_cE_F?BO@g@E?	46	3fffffffffff
N??CA?_cE_F?BO@g?M?	46	3fffffffffff
N??CA?_cE_F?@oBGK_?	46	3fffffffffff
N??CA?_cE_F?@oBGKG?	46	7ffffffffffd
N??CA?_cE_F?@oBGHG?	46	3fffffffffff
N??CA?_cE_F?@oBGDG?	46	3fffffffffff
N??CA?_cE_F?@oBGCg?	46	3fffffffffff
N??CA?_cE_F?@oBGCW?	46	7ffffffff7ff
N??CA?_cE_F?@oBGGc?	46	3fffffffffff
N??CA?_cE_F?@oBG@c?	46	ffffffffe7ff
N??CA?_cE_F?@oBG?s?	46	3fffffffffff
N??CA?_cE_F?@oBGGK?	46	3fffffffffff
N??CA?_cE_F?@oBGCK?	46	3fffffffffff
N??CA?_cE_F?@oBG@K?	46	3fffffffffff
N??CA?_cE_F?@oBGKA?	46	fffffffff7fb
N??CA?_cE_F?@oBGCa?	46	3fffffffffff
N??CA?_cE_F?@oBGCQ?	46	7fffffffefff
N??CA?_cE_F?@oBGGI?	46	3ffffffffe7f9
N??CA?_cE_F?@oBGCI?	46	7fffffffefff
N??CA?_cE_F?@oBG@I?	46	3fffffffffff
N??CA?_cE_F?@oBG?e?	46	3fffffffffff
N??CA?_cE_F?@oBG?M?	46	3fffffffffff
N??CA?_cE_EOBOBGKG?	46	7ffffffffffd
N??CA?_cE_EOBOBGDG?	46	3fffffffffff
N??CA?_cE_EOBOBG@g?	46	3ffffffffffd2
N??CA?_cE_EOBOBGHC?	46	3fffffffffff
N??CA?_cE_EOBOBG@c?	46	3ffffffffffd2
N??CA?_cE_EOBOBGGK?	46	3fffffffffff
N??CA?_cE_EOBOBGCK?	46	3fffffffffff
N??CA?_cE_EOBOBG@K?	46	3ffffffffffe1
N??CA?_cE_EOBOBG@a?	46	3fffffffffff
N??CA?_cE_EOBOBGGI?	46	ffffffff0e7ff
N??CA?_cE_EOBOBG?Y?	46	fffeff7fd7e7f
N??CA?_cE_EOBOBGGE?	46	7fffffffefff
N??CA?_cE_EOBOBG?U?	46	fffffbbfce7ff
N??CA?_cE_EOBOBG?M?	46	3fffffffffff
N??CA?_cE_EGB_BGHG?	46	3fffffffffff
N??CA?_cE_EGB_BG@g?	46	3fffffffffff
N??CA?_cE_EGB_BGHC?	46	3fffffffffff
N??CA?_cE_EGB_BG@c?	46	3fffffffffff
N??CA?_cE_EGB_BGGK?	46	7ffffffff7ff
N??CA?_cE_EGB_BG@K?	46	3fffffffffff
N??CA?_cE_EGB_BG?[?	46	3fffffffffff
N??CA?_cE_EGB_BGKA?	46	ffff7dfffeefa
N??CA?_cE_EGB_BGGI?	46	ffffffff0e7ff
N??CA?_cE_EGB_BGCI?	46	ffffffff0e7ff
N??CA?_cE_EGB_BG@I?	46	3fffffffffff
N??CA?_cE_EGB_BG?Y?	46	fffeff7fd7e7f
N??CA?_cE_EGB_BGGE?	46	7ffffffff7ff
N??CA?_cE_EGB_BGCE?	46	7ffffffff7ff
N??CA?_cE_EGB_BG@E?	46	3fffffffffff
N??CA?_cE_EGB_BG?M?	46	7ffffffdffff
N??CA?_cE_BGH_BGK_?	46	3fffffffffff
N??CA?_cE_BGH_BGHG?	46	3fffffffeeffc
N??CA?_cE_BGH_BGCg?	46	3fffffffffff
N??CA?_cE_BGH_BGCW?	46	7ffffffff7ff
N??CA?_cE_BGH_BG?w?	46	3fffffffffff
N??CA?_cE_BGH_BGHC?	46	7ffffffffffe
N??CA?_cE_BGH_BGGc?	46	3fffffffffff
N??CA?_cE_BGH_BG@c?	46	3fffffffffff
N??CA?_cE_BGH_BG@S?	46	3fffffffffff
N??CA?_cE_BGH_BGCK?	46	3fffffffffff
N??CA?_cE_BGH_BG@K?	46	7ffffffff7ff
N??CA?_cE_BGH_BG?k?	46	3fffffffffff
N??CA?_cE_BGH_BG?[?	46	3fffffffffff
N??CA?_cE_BGH_BGKA?	46	7ffffffffffb
N??CA?_cE_BGH_BG@a?	46	3fffffffffff
N??CA?_cE_BGH_BGCQ?	46	7fffffffefff
N??CA?_cE_BGH_BGGE?	46	7fffffffff7f
N??CA?_cE_BGH_BGCE?	46	3fffffffffff
N??CA?_cE_BGH_BG@E?	46	7ffffffff7ff
N??CA?_cE_BGH_BG?e?	46	3fffffffffff
N??CA?_cE_BGB_HGK_?	46	7ffffffffffd
N??CA?_cE_BGB_HGCg?	46	7ffffffff7ff
N??CA?_cE_BGB_HGCW?	46	3fffffffffff
N??CA?_cE_BGB_HGCK?	46	7ffffffff7ff
N??CA?_cE_BGB_HGKA?	46	ffffffffff7e
N??CA?_cE_BGB_HGCa?	46	7fffffffefff
N??CA?_cE_@gGWB_M??	46	7ffffffffffe
N??CA?_cE_@gGWB_F??	46	3fffffffffff
N??CA?_cE_@gGWB_EO?	46	7fffffff7fff
N??CA?_cE_@gGWB_CS?	46	3fffffffffff
N??CA?_cE_@gGWB_KA?	46	7ffffffff7ff
N??CA?_cE_@gGWB_DA?	46	3fffffffffff
N??CA?_cE_@gGWB_CQ?	46	7ffffffffffb
N??CA?_cE_@gGWB_CE?	46	7ffffffdffff
N??CA?_cE_KCBOB_EG?	46	7ffffffffffe
N??CA?_cE_KCBOB_DG?	46	3fffffffffff
N??CA?_cE_KCBOB_DC?	46	3fffffffffff
N??CA?_cE_KCBOB_CS?	46	7ffffffff7ff
N??CA?_cE_KCBOB_DA?	46	3fffffffffff
N??CA?_cE_KCBOB_CI?	46	7ffffffff7ff
N??CA?_cE_KCBOB_CE?	46	ffffffff0e7ff
N??CA?_cE_ECB_BODG?	46	3fffffffffff
N??CA?_cE_ECB_BOCW?	46	3fffffffffff
N??CA?_cE_ECB_BODC?	46	3fffffffffff
N??CA?_cE_ECB_BOCK?	46	7ffffffff7ff
N??CA?_cE_ECB_BOKA?	46	fffdf7ffff77c
N??CA?_cE_ECB_BODA?	46	3fffffffffff
N??CA?_cE_ECB_BOCQ?	46	ffffffff0e7ff
N??CA?_cE_ECB_BOCI?	46	7ffffffff7ff
N??CA?_cE_CQBOBGL??	46	3fffffffffff
N??CA?_cE_CQBOBGH_?	46	3bffbffffff7d
N??CA?_cE_CQBOBGB_?	46	3fffffffffff
N??CA?_cE_CQBOBGKG?	46	7fffffffefff
N??CA?_cE_CQBOBGIG?	46	ffffffff0e7ff
N??CA?_cE_CQBOBGDG?	46	3fffffffffff
N??CA?_cE_CQBOBG@g?	46	3ffffffffffcc
N??CA?_cE_CQBOBGCW?	46	7ffffffdffff
N??CA?_cE_CQBOBGAW?	46	fffeff7fd7e7f
N??CA?_cE_CQBOBGAK?	46	3fffffffffff
N??CA?_cE_CQBOBG@K?	46	3ffffffffffd2
N??CA?_cE_CIB_BGM??	46	ffff7dfffeefa
N??CA?_cE_CIB_BGL??	46	3fffffffffff
N??CA?_cE_CIB_BGBO?	46	3fffffffffff
N??CA?_cE_CIB_BG@o?	46	3fffffffffff
N??CA?_cE_CIB_BGIG?	46	ffffffff0e7ff
N??CA?_cE_CIB_BGBG?	46	3fffffffffff
N??CA?_cE_CIB_BGAW?	46	fffeff7fd7e7f
N??CA?_cE_CIB_BG@W?	46	3fffffffffff
N??CA?_cE_CIB_BGKC?	46	7ffffffff7ff
N??CA?_cE_CIB_BGIC?	46	7ffffffff7ff
N??CA?_cE_CIB_BGEC?	46	7ffffffff7ff
N??CA?_cE_CIB_BGHC?	46	3fffffffffff
N??CA?_cE_CIB_BGBC?	46	3fffffffffff
N??CA?_cE_CIB_BGAK?	46	7ffffffdffff
N??CA?_cE_CIB_BG@K?	46	3fffffffffff
N??CA?_cE_CIB_BG?[?	46	3fffffffffff
N??CA?_cE_CEB_BOM??	46	fffdf7ffff77c
N??CA?_cE_CEB_BOL??	46	3fffffffffff
N??CA?_cE_CEB_BOD_?	46	fffffffdefff
N??CA?_cE_CEB_BOEG?	46	7ffffffff7ff
N??CA?_cE_CEB_BODG?	46	3fffffffffff
N??CA?_cE_CEB_BOCW?	46	3fffffffffff
N??CA?_cE_CEB_BOCS?	46	fffffbbfce7ff
N??CA?_c?wM?Q_@WPO?	46	ffffffffe7ff
N??CA?_c?wM?Q_@WDG?	46	3ffffdefdefff
N??CA?_c?wM?Q_@W@c?	46	3ffffdefdefff
N??CA?_c?wM?Q_@WOS?	46	3fffffffffff
N??CA?_c?wM?Q_@W@S?	46	3fffffffffff
N??CA?_c?wM?Q_@WCK?	46	3fffffff0ffff
N??CA?_c?wM?Q_@W@K?	46	3fffffff0ffff
N??CA?_c?wM?Q_@WOa?	46	3fffffffffff
N??CA?_c?wM?Q_@WCQ?	46	7ffffffdffff
N??CA?_c?wM?Q_@W?Y?	46	3fffffffffff
N??CA?_c?wM?Q_@WOE?	46	3fffffffffff
N??CA?_c?wM?Q_@W?U?	46	3fffffffffff
N??CA?_c?wM?B_?wWG?	46	3fffffffffff
N??CA?_c?wM?B_?wSG?	46	3fffffffffff
N??CA?_c?wM?B_?wDG?	46	3fffffffffff
N??CA?_c?wM?B_?wOK?	46	3fffffffffff
N??CA?_c?wM?IO@gPO?	46	3fffffffffff
N??CA?_c?wM?IO@gOW?	46	3fffffffffff
N??CA?_c?wM?IO@gGc?	46	3ffffdefdefff
N??CA?_c?wM?IO@gGK?	46	3fffffff0ffff
N??CA?_c?wM?IO@gOa?	46	3fffffffffff
N??CA?_c?wM?IO@gOQ?	46	3fffffffffff
N??CA?_c?wM?IO@gGQ?	46	3fffffffffff
N??CA?_c?wM?IO@g?q?	46	3fffffffffff
N??CA?_c?wM?IO@gOI?	46	7ffffffdffff
N??CA?_c?wM?IO@g?Y?	46	3fffffffffff
N??CA?_c?wM?IO@g?U?	46	3fffffffffff
N??CA?_c?wM?BO?wWO?	46	3fffffffffff
N??CA?_c?wM?BO?wSO?	46	3fffffffffff
N??CA?_c?wM?BO?w@c?	46	3fffffff0ffff
N??CA?_c?wM?BO?wSA?	46	3fffffffffff
N??CA?_c?wM?BO?wGQ?	46	3fffffffffff
N??CA?_c?wM?BO?wCQ?	46	3fffffffffff
N??CA?_c?wM?BO?w@Q?	46	3fffffffffff
N??CA?_c?wM?BO?wOE?	46	3fffffffffff
N??CA?_c?wM?OoBGOW?	46	ffffffff0e7ff
N??CA?_c?wM?OoBG@c?	46	3defbfffdea94fcc
N??CA?_c?wM?OoBGCQ?	46	7fffffffefff
N??CA?_c?wM?OoBGOI?	46	ffffffff0e7ff
N??CA?_c?wM?OoBG?Y?	46	fffeff7fd7e7f
N??CA?_c?wM?OoBGOE?	46	3fffffffffff
N??CA?_c?wM?OoBG?U?	46	3fffffffffff
N??CA?_c?wM?OoBG?M?	46	3fffffffffff
N??CA?_c?wM?GoBGPO?	46	3fffffffffff
N??CA?_c?wM?GoBGPG?	46	3fffffffffff
N??CA?_c?wM?GoBG@g?	46	3ffffdefdefff
N??CA?_c?wM?GoBGOW?	46	7ffffffff7ff
N??CA?_c?wM?GoBGGW?	46	7ffffffff7ff
N??CA?_c?wM?GoBG@c?	46	3ffffdefdefff
N??CA?_c?wM?GoBGOS?	46	3fffffffffff
N??CA?_c?wM?GoBGWA?	46	7ffffffffffb
N??CA?_c?wM?GoBGPA?	46	3fffffffffff
N??CA?_c?wM?GoBGGQ?	46	7fffffffefff
N??CA?_c?wM?GoBGOI?	46	7fffffffefff
N??CA?_c?wM?GoBG?Y?	46	7ffffffdffff
N??CA?_c?wM?GoBG?U?	46	3fffffffffff
N??CA?_c?wM?_WB_H_?	46	3fffffffffff
N??CA?_c?wM?_WB_DG?	46	3fffffffffff
N??CA?_c?wM?_WB_CW?	46	3fffffffffff
N??CA?_c?wM?_WB_GK?	46	ffffffff77ff
N??CA?_c?wM?_WB_KA?	46	7ffffffffffe
N??CA?_c?wM?_WB_GI?	46	7ffffffff7ff
N??CA?_c?wM?_WB_CI?	46	7ffffffff7ff
N??CA?_c?wM?_WB_@I?	46	3fffffffffff
N??CA?_c?wM?OWB_OW?	46	3fffffffffff
N??CA?_c?wM?OWB_CW?	46	7fffffff7fff
N??CA?_c?wM?OWB_PC?	46	3fffffffffff
N??CA?_c?wM?OWB_@c?	46	3ffffdefdefff
N??CA?_c?wM?OWB_OS?	46	3fffffffffff
N??CA?_c?wM?OWB_CQ?	46	3fffffffffff
N??CA?_c?wM?OWB_?Y?	46	3fffffffffff
N??CA?_c?wM?OWB_OE?	46	7ffffffff7ff
N??CA?_c?wM?OWB_?U?	46	3fffffffffff
N??CA?_c?wM??sBG[??	46	7ffffffffffb
N??CA?_c?wM??sBGX??	46	3fffffffffff
N??CA?_c?wM??sBGT??	46	3fffffffffff
N??CA?_c?wM??sBGL??	46	3fffffffffff
N??CA?_c?wM??sBGD_?	46	3ffffffe97fff
N??CA?_c?wM??sBGWO?	46	ffffffff0e7ff
N??CA?_c?wM??sBGKO?	46	7fffffffefff
N??CA?_c?wM??sBGDO?	46	3fffffffffff
N??CA?_c?wM??sBG@o?	46	3fffffffffff
N??CA?_c?wM??sBGSG?	46	7fffffffefff
N??CA?_c?wM??sBGPG?	46	3fffffffffff
N??CA?_c?wM??sBGDG?	46	3fffffffffff
N??CA?_c?wM??sBGWC?	46	3fffffffffff
N??CA?_c?wM??sBGGS?	46	3fffffffffff
N??CA?_c?wM??sBGCS?	46	3fffffffffff
N??CA?_c?wM??sBGOK?	46	3fffffffffff
N??CA?_c?wM??sBGCK?	46	3fffffffffff
N??CA?_c?wM??sBG?[?	46	3fffffffffff
N??CA?_c?wM??[B_[??	46	7ffffffffffe
N??CA?_c?wM??[B_X??	46	3fffffffffff
N??CA?_c?wM??[B_L??	46	3fffffffffff
N??CA?_c?wM??[B_KO?	46	3fffffffffff
N??CA?_c?wM??[B_@o?	46	3ffffffff7efc
N??CA?_c?wM??[B_SG?	46	7ffffffff7ff
N??CA?_c?wM??[B_PG?	46	3fffffffffff
N??CA?_c?wM??[B_DG?	46	3fffffffffff
N??CA?_c?wM??[B_GW?	46	3fffffffffff
N??CA?_c?wM??[B_CW?	46	3fffffffffff
N??CA?_c?wM??[B_OK?	46	7ffffffdffff
N??CA?_c?wM??[B_@K?	46	3fffffffffff
N??CA?_c?wM??[B_?[?	46	3fffffffffff
N??CA?_c?wJ?h??wL??	46	7ffffffff7ff
N??CA?_c?wJ?h??wK_?	46	7ffffffff7ff
N??CA?_c?wJ?h??wKO?	46	3fffffffffff
N??CA?_c?wJ?h??wCg?	46	3fffffffffff
N??CA?_c?wJ?h??w@g?	46	3fffffffffff
N??CA?_c?wJ?h??wKC?	46	3fffffffffff
N??CA?_c?wJ?h??wGc?	46	3fffffffffff
N??CA?_c?wJ?h??w@K?	46	3fffffffffff
N??CA?_c?wJ?h??w?[?	46	3fffffffffff
N??CA?_c?wJ?h??wKA?	46	7ffffffdffff
N??CA?_c?wJ?h??wDA?	46	fffffffdefff
N??CA?_c?wJ?h??wGQ?	46	3fffffffffff
N??CA?_c?wJ?h??wCQ?	46	3fffffffffff
N??CA?_c?wJ?h??w@Q?	46	3fffffffffff
N??CA?_c?wJ?h??wCI?	46	3fffffffffff
N??CA?_c?wJ?h??w?i?	46	3fffffffffff
N??CA?_c?wJ?h??wGE?	46	3fffffffffff
N??CA?_c?wJ?h??w@E?	46	3fffffffffff
N??CA?_c?wJ?h??w?M?	46	3fffffffffff
N??CA?_c?wJ?X??wSO?	46	3fffffffffff
N??CA?_c?wJ?X??wOo?	46	3fffffffffff
N??CA?_c?wJ?X??w@o?	46	3fffffffffff
N??CA?_c?wJ?X??wOW?	46	3fffffffffff
N??CA?_c?wJ?X??w@c?	46	3ffffdefdefff
N??CA?_c?wJ?X??w@K?	46	3fffffff0ffff
N??CA?_c?wJ?X??wSA?	46	7ffffffdffff
N??CA?_c?wJ?X??wCQ?	46	3fffffffffff
N??CA?_c?wJ?X??w?Y?	46	3fffffffffff
N??CA?_c?wJ?X??wOE?	46	3fffffffffff
N??CA?_c?wJ?X??w?U?	46	3fffffffffff
N??CA?_c?wJ?J??wK_?	46	fffffbbfce7ff
N??CA?_c?wJ?J??wWO?	46	3fffffffffff
N??CA?_c?wJ?J??wOg?	46	3fffffffffff
N??CA?_c?wJ?J??wCg?	46	3ffffdefdefff
N??CA?_c?wJ?J??wOW?	46	ffffffff7eff
N??CA?_c?wJ?J??wGc?	46	3ffffdefdefff
N??CA?_c?wJ?J??wOS?	46	fffffffeefff
N??CA?_c?wJ?J??wGS?	46	3fffffffffff
N??CA?_c?wJ?J??w?s?	46	3fffffffffff
N??CA?_c?wJ?J??wGK?	46	3fffffff0ffff
N??CA?_c?wJ?J??w?k?	46	3fffffff0ffff
N??CA?_c?wJ?J??wWA?	46	fffffffdf7ff
N??CA?_c?wJ?J??wOQ?	46	3fffffffffff
N??CA?_c?wJ?J??wGQ?	46	3fffffffffff
N??CA?_c?wJ?J??wCQ?	46	3fffffffffff
N??CA?_c?wJ?J??w?q?	46	3fffffffffff
N??CA?_c?wJ?J??wOI?	46	3fffffffffff
N??CA?_c?wJ?J??w?i?	46	3fffffffffff
N??CA?_c?wJ?J??w?Y?	46	3fffffffffff
N??CA?_c?wJ?J??wOE?	46	3fffffffffff
N??CA?_c?wJ?J??wGE?	46	3fffffffffff
N??CA?_c?wJ?J??w?e?	46	3fffffffffff
N??CA?_c?wJ?J??w?U?	46	3fffffffffff
N??CA?_c?wJ?g_@WL??	46	7fffffffff7f
N??CA?_c?wJ?g_@WK_?	46	3fffffffffff
N??CA?_c?wJ?g_@WD_?	46	3fffffffffff
N??CA?_c?wJ?g_@WDG?	46	3fffffffffff
N??CA?_c?wJ?g_@W@g?	46	37ff6fdff9f0fb52
N??CA?_c?wJ?g_@WCW?	46	3fffffffffff
N??CA?_c?wJ?g_@WKC?	46	3fffffffffff
N??CA?_c?wJ?g_@W@c?	46	37ffffbfefffb
N??CA?_c?wJ?g_@WGK?	46	2ffeffffffefb
N??CA?_c?wJ?g_@WCK?	46	ffffffffff7e
N??CA?_c?wJ?g_@W?k?	46	37fffbfffeffb
N??CA?_c?wJ?g_@WKA?	46	7ffffffeffff
N??CA?_c?wJ?g_@WGQ?	46	fffffffdf7ff
N??CA?_c?wJ?g_@W?q?	46	3fffffffffff
N??CA?_c?wJ?g_@WCI?	46	3fffffffffff
N??CA?_c?wJ?g_@WGE?	46	3fffffffffff
N??CA?_c?wJ?g_@W?U?	46	fffffffef7ff
N??CA?_c?wJ?g_@W?M?	46	3fffffffffff
N??CA?_c?wJ?W_@WD_?	46	3ffffbbfeefff
N??CA?_c?wJ?W_@WSO?	46	7ffffffff7ff
N??CA?_c?wJ?W_@WOo?	46	3fffffffffff
N??CA?_c?wJ?W_@WOW?	46	3fffffffffff
N??CA?_c?wJ?W_@W@S?	46	3fffffffffff
N??CA?_c?wJ?W_@WOK?	46	3fffffffffff
N??CA?_c?wJ?W_@WSA?	46	7ffffffeffff
N??CA?_c?wJ?W_@W?Y?	46	3fffffffffff
N??CA?_c?wJ?W_@WOE?	46	3fffffffffff
N??CA?_c?wJ?W_@W?U?	46	3fffffffffff
N??CA?_c?wJ?I_@WS_?	46	3fffffffffff
N??CA?_c?wJ?I_@WK_?	46	3ffffbbfeefff
N??CA?_c?wJ?I_@WWO?	46	ffffffffe7ff
N??CA?_c?wJ?I_@WSO?	46	fffffffef7ff
N??CA?_c?wJ?I_@WKO?	46	7ffffffff7ff
N??CA?_c?wJ?I_@WOg?	46	3fffffffffff
N??CA?_c?wJ?I_@WCg?	46	3ffffdefdefff
N??CA?_c?wJ?I_@WOW?	46	3fffffffffff
N??CA?_c?wJ?I_@W?w?	46	3fffffffffff
N??CA?_c?wJ?I_@WKC?	46	3ffffdefdefff
N??CA?_c?wJ?I_@WOc?	46	3fffffffffff
N??CA?_c?wJ?I_@WGc?	46	3ffffdefdefff
N??CA?_c?wJ?I_@WOS?	46	3fffffffffff
N??CA?_c?wJ?I_@W?k?	46	3fffffff0ffff
N??CA?_c?wJ?I_@WWA?	46	fffffffef7ff
N??CA?_c?wJ?I_@WSA?	46	fffffffeefff
N??CA?_c?wJ?I_@WKA?	46	7ffffffeffff
N??CA?_c?wJ?I_@WGQ?	46	fffffffdff7f
N??CA?_c?wJ?I_@WCQ?	46	fffffffdfeff
N??CA?_c?wJ?I_@W?q?	46	3fffffffffff
N??CA?_c?wJ?I_@W?Y?	46	3fffffffffff
N??CA?_c?wJ?I_@WOE?	46	3fffffffffff
N??CA?_c?wJ?I_@WGE?	46	3fffffffffff
N??CA?_c?wJ?I_@WCE?	46	3fffffffffff
N??CA?_c?wJ?I_@W?U?	46	3fffffffffff
N??CA?_c?wJ?P_GWD_?	46	3ffffbbfeefff
N??CA?_c?wJ?P_GWDG?	46	3ffffdefdefff
N??CA?_c?wJ?P_GWCg?	46	3ffffdefdefff
N??CA?_c?wJ?P_GWSA?	46	3fffffffffff
N??CA?_c?wJ?P_GWCQ?	46	3fffffffffff
N??CA?_c?wJ?H_@W[??	46	3fffffffffff
N??CA?_c?wJ?H_@WL??	46	3ffffbbfeefff
N??CA?_c?wJ?H_@WWO?	46	3fffffffffff
N??CA?_c?wJ?H_@WSO?	46	3fffffffffff
N??CA?_c?wJ?H_@WKO?	46	3fffffffffff
N??CA?_c?wJ?H_@WPG?	46	3fffffffffff
N??CA?_c?wJ?H_@WDG?	46	3ffffdefdefff
N??CA?_c?wJ?H_@WOW?	46	3fffffffffff
N??CA?_c?wJ?H_@WCW?	46	3fffffffffff
N??CA?_c?wJ?H_@W@W?	46	3fffffffffff
N??CA?_c?wJ?H_@WPC?	46	3fffffffffff
N??CA?_c?wJ?H_@WHC?	46	3ffffdefdefff
N??CA?_c?wJ?H_@WOS?	46	3fffffffffff
N??CA?_c?wJ?H_@W@S?	46	3fffffffffff
N??CA?_c?wJ?H_@W@K?	46	3fffffff0ffff
N??CA?_c?wJ?H_@WSA?	46	3fffffffffff
N??CA?_c?wJ?H_@WOQ?	46	3fffffffffff
N??CA?_c?wJ?H_@WCQ?	46	3fffffffffff
N??CA?_c?wJ?H_@W@Q?	46	3fffffffffff
N??CA?_c?wJ?H_@WOI?	46	3fffffffffff
N??CA?_c?wJ?H_@WCI?	46	3fffffffffff
N??CA?_c?wJ?H_@W?Y?	46	3fffffffffff
N??CA?_c?wJ?H_@WOE?	46	3fffffffffff
N??CA?_c?wJ?H_@WCE?	46	3fffffffffff
N??CA?_c?wJ?H_@W?U?	46	3fffffffffff
N??CA?_c?wJ?H_?w[??	46	3fffffffffff
N??CA?_c?wJ?H_?wX??	46	3fffffffffff
N??CA?_c?wJ?H_?wL??	46	3fffffffffff
N??CA?_c?wJ?H_?wW_?	46	3fffffffffff
N??CA?_c?wJ?H_?wS_?	46	3fffffffffff
N??CA?_c?wJ?H_?wK_?	46	3fffffffffff
N??CA?_c?wJ?H_?wWG?	46	3fffffffffff
N??CA?_c?wJ?H_?wSG?	46	3fffffffffff
N??CA?_c?wJ?H_?wPG?	46	3fffffffffff
N??CA?_c?wJ?H_?wDG?	46	3fffffffffff
N??CA?_c?wJ?H_?wOg?	46	3fffffffffff
N??CA?_c?wJ?H_?wCg?	46	3fffffffffff
N??CA?_c?wJ?H_?wWC?	46	3fffffffffff
N??CA?_c?wJ?H_?wPC?	46	3fffffffffff
N??CA?_c?wJ?H_?wHC?	46	3fffffffffff
N??CA?_c?wJ?H_?wOc?	46	3fffffffffff
N??CA?_c?wJ?H_?wGc?	46	3fffffffffff
N??CA?_c?wJ?H_?w@c?	46	3fffffffffff
N??CA?_c?wJ?H_?wOK?	46	3fffffffffff
N??CA?_c?wJ?H_?wWA?	46	3fffffffffff
N??CA?_c?wJ?H_?wSA?	46	3fffffffffff
N??CA?_c?wJ?H_?wKA?	46	3fffffffffff
N??CA?_c?wJ?H_?wPA?	46	3fffffffffff
N??CA?_c?wJ?H_?wHA?	46	7fffffffff7f
N??CA?_c?wJ?H_?w@a?	46	3fffffffffff
N??CA?_c?wJ?H_?wCI?	46	3fffffffffff
N??CA?_c?wJ?H_?w?i?	46	3fffffffffff
N??CA?_c?wJ?H_?wGE?	46	3fffffffffff
N??CA?_c?wJ?H_?wCE?	46	3fffffffffff
N??CA?_c?wJ?H_?w@E?	46	3fffffffffff
N??CA?_c?wJ?H_?w?e?	46	3fffffffffff
N??CA?_c?wJ?B_GWK_?	46	3ffffbbfeefff
N??CA?_c?wJ?B_GWKO?	46	3fffffffffff
N??CA?_c?wJ?B_GWSG?	46	fffffffdefff
N??CA?_c?wJ?B_GWCg?	46	3ffffdefdefff
N??CA?_c?wJ?B_GWSA?	46	2ffeffffffefb
N??CA?_c?wJ?B_GWKA?	46	3fffffffffff
N??CA?_c?wJ?B_GWCQ?	46	37fffbfffeffb
N??CA?_c?wJ?B_GWCI?	46	3fffffffffff
N??CA?_c?wJ?gO@gK_?	46	3fffffffffff
N??CA?_c?wJ?gO@gKO?	46	3fffffffffff
N??CA?_c?wJ?gO@gCg?	46	3fffffffffff
N??CA?_c?wJ?gO@g@g?	46	3fffffffffff
N??CA?_c?wJ?gO@gGc?	46	3fffffffffff
N??CA?_c?wJ?gO@g@c?	46	3fffffffffff
N??CA?_c?wJ?gO@gGS?	46	3fffffffffff
N??CA?_c?wJ?gO@gCK?	46	3fffffffffff
N??CA?_c?wJ?gO@gKA?	46	7fffffffefff
N??CA?_c?wJ?gO@gDA?	46	7fffffffefff
N??CA?_c?wJ?gO@gGQ?	46	3fffffffffff
N??CA?_c?wJ?gO@gGE?	46	3fffffffffff
N??CA?_c?wJ?gO@gCE?	46	3fffffffffff
N??CA?_c?wJ?gO@g?U?	46	3fffffffffff
N??CA?_c?wJ?gO@g?M?	46	3fffffffffff
N??CA?_c?wJ?WO@gSO?	46	3fffffffffff
N??CA?_c?wJ?WO@gOo?	46	3ffff7dfdf7ff
N??CA?_c?wJ?WO@gOW?	46	3fffffffffff
N??CA?_c?wJ?WO@g@c?	46	3ffffdefdefff
N??CA?_c?wJ?WO@gOS?	46	ffffffffeeff
N??CA?_c?wJ?WO@gCK?	46	3fffffff0ffff
N??CA?_c?wJ?WO@g@K?	46	3fffffff0ffff
N??CA?_c?wJ?WO@gSA?	46	7fffffffefff
N??CA?_c?wJ?WO@gPA?	46	ffffffff0e7ff
N??CA?_c?wJ?WO@gCQ?	46	3fffffffffff
N??CA?_c?wJ?WO@g?Y?	46	3fffffffffff
N??CA?_c?wJ?WO@gOE?	46	3fffffffffff
N??CA?_c?wJ?WO@g?U?	46	3fffffffffff
N??CA?_c?wJ?IO@gS_?	46	3fffffffffff
N??CA?_c?wJ?IO@gK_?	46	3ffffbbfeefff
N??CA?_c?wJ?IO@gWO?	46	3fffffffffff
N??CA?_c?wJ?IO@gSO?	46	3fffffffffff
N??CA?_c?wJ?IO@gKO?	46	3fffffffffff
N??CA?_c?wJ?IO@gCo?	46	3fffffffffff
N??CA?_c?wJ?IO@gOg?	46	3fffffffffff
N??CA?_c?wJ?IO@gOW?	46	3fffffffffff
N??CA?_c?wJ?IO@g?w?	46	3fffffffffff
N??CA?_c?wJ?IO@gGc?	46	3ffffdefdefff
N??CA?_c?wJ?IO@gGS?	46	3fffffffffff
N??CA?_c?wJ?IO@g?k?	46	3fffffff0ffff
N??CA?_c?wJ?IO@gWA?	46	ffffffffe7ff
N??CA?_c?wJ?IO@gSA?	46	7fffffffefff
N??CA?_c?wJ?IO@gKA?	46	fffffffeefff
N??CA?_c?wJ?IO@gOQ?	46	3fffffffffff
N??CA?_c?wJ?IO@gGQ?	46	3fffffffffff
N??CA?_c?wJ?IO@gCQ?	46	3fffffffffff
N??CA?_c?wJ?IO@g?q?	46	3fffffffffff
N??CA?_c?wJ?IO@gOI?	46	fffffffdff7f
N??CA?_c?wJ?IO@gGI?	46	3fffffffdef7e
N??CA?_c?wJ?IO@g?Y?	46	3fffffffffff
N??CA?_c?wJ?IO@gOE?	46	3fffffffffff
N??CA?_c?wJ?IO@gGE?	46	3fffffffffff
N??CA?_c?wJ?IO@g?U?	46	3fffffffffff
N??CA?_c?wJ?`OGgCg?	46	3fffffffffff
N??CA?_c?wJ?`OGgKC?	46	3fffffffffff
N??CA?_c?wJ?`OGgCK?	46	3fffffffffff
N??CA?_c?wJ?`OGgKA?	46	3fffffffffff
N??CA?_c?wJ?`OGgDA?	46	3fffffffffff
N??CA?_c?wJ?`OGgCa?	46	3fffffffffff
N??CA?_c?wJ?`OGgCI?	46	3fffffffffff
N??CA?_c?wJ?POGgDO?	46	3fffffff0ffff
N??CA?_c?wJ?HO?w[??	46	3fffffffffff
N??CA?_c?wJ?HO?wWO?	46	3fffffffffff
N??CA?_c?wJ?HO?wSO?	46	3fffffffffff
N??CA?_c?wJ?HO?wWA?	46	3fffffffffff
N??CA?_c?wJ?HO?wSA?	46	3fffffffffff
N??CA?_c?wJ?HO?wGQ?	46	3fffffffffff
N??CA?_c?wJ?HO?wCQ?	46	3fffffffffff
N??CA?_c?wJ?HO?wOE?	46	3fffffffffff
N??CA?_c?wJ?BOGgK_?	46	3fefebfbbba64b7e
N??CA?_c?wJ?BOGgKO?	46	3fffffff0ffff
N??CA?_c?wJ?BOGgCo?	46	3fffffff0ffff
N??CA?_c?wJ?BOGgCg?	46	3defbfffdea94fcc
N??CA?_c?wJ?BOGgKA?	46	2fffff7ff7ffb
N??CA?_c?wJ?_oHGDG?	46	3fffffffffff
N??CA?_c?wJ?_oHGCW?	46	ffffffff7ffb
N??CA?_c?wJ?_oHGKC?	46	3ffffffe67fff
N??CA?_c?wJ?_oHGCK?	46	ffffffffff7e
N??CA?_c?wJ?_oHGKA?	46	3fffffffffff
N??CA?_c?wJ?_oHGDA?	46	3effffffffcfe
N??CA?_c?wJ?_oHGCI?	46	3fffffffffff
N??CA?_c?wJ?OoHGD_?	46	3ffdbf739b7ee87d
N??CA?_c?wJ?OoHGSA?	46	3fffffffffff
N??CA?_c?wJ?OoHGCQ?	46	3fffffffffff
N??CA?_c?wJ?OoHGCI?	46	3fffffffffff
N??CA?_c?wJ?AoHGK_?	46	3ffffbbfeefff
N??CA?_c?wJ?AoHGSO?	46	3fffffffffff
N??CA?_c?wJ?AoHGCo?	46	3fffffffffff
N??CA?_c?wJ?AoHGKG?	46	3ffffdefdefff
N??CA?_c?wJ?AoHGCg?	46	3ffffdefdefff
N??CA?_c?wJ?AoHGSA?	46	3fffffffffff
N??CA?_c?wJ?AoHGKA?	46	3fffffffffff
N??CA?_c?wJ?AoHGCa?	46	3fffffffffff
N??CA?_c?wJ?AoHGCQ?	46	3fffffffffff
N??CA?_c?wJ?@oHGL??	46	3ffffbbfeefff
N??CA?_c?wJ?@oHGSO?	46	3fffffffffff
N??CA?_c?wJ?@oHGDO?	46	3fffffffffff
N??CA?_c?wJ?@oHGDG?	46	3ffffdefdefff
N??CA?_c?wJ?@oHGDA?	46	3fffffffffff
N??CA?_c?wJ?@oHGCQ?	46	3fffffffffff
N??CA?_c?wJ?@oGg[??	46	3fffffffffff
N??CA?_c?wJ?@oGgT??	46	3fffffffffff
N??CA?_c?wJ?@oGgL??	46	3fffffffffff
N??CA?_c?wJ?@oGgS_?	46	3fffffffffff
N??CA?_c?wJ?@oGgK_?	46	3fffffffffff
N??CA?_c?wJ?@oGgD_?	46	3fffffffffff
N??CA?_c?wJ?@oGgSG?	46	3fffffffffff
N??CA?_c?wJ?@oGgKG?	46	3fffffffffff
N??CA?_c?wJ?@oGgDG?	46	3fffffffffff
N??CA?_c?wJ?@oGgCg?	46	3fffffffffff
N??CA?_c?wJ?@oGgSC?	46	fffffffdefff
N??CA?_c?wJ?@oGgKC?	46	3fffffffffff
N??CA?_c?wJ?@oGgCK?	46	fffffffff7fd
N??CA?_c?wJ?@oGgKA?	46	3fffffffffff
N??CA?_c?wJ?@oGgCI?	46	3fffffffffff
N??CA?_c?wJ?@oGWL??	46	3ffffdefdefff
N??CA?_c?wJ?@oGWK_?	46	3ffffdefdefff
N??CA?_c?wJ?@oGWD_?	46	3ffffdefdefff
N??CA?_c?wJ?@oGWSA?	46	3fffffffffff
N??CA?_c?wJ?@oGWCQ?	46	3fffffffffff
N??CA?_c?wJ?gG@oL??	46	fffffffefffe
N??CA?_c?wJ?gG@oK_?	46	7ffffffeffff
N??CA?_c?wJ?gG@oD_?	46	7ffffffeffff
N??CA?_c?wJ?gG@oKO?	46	3fffffffffff
N??CA?_c?wJ?gG@oDG?	46	7ffffffdffff
N??CA?_c?wJ?gG@oKC?	46	7ffffffff7ff
N??CA?_c?wJ?gG@oCK?	46	3fffffffffff
N??CA?_c?wJ?gG@oKA?	46	7ffffffff7ff
N??CA?_c?wJ?gG@oCQ?	46	fffffffdefff
N??CA?_c?wJ?gG@oCI?	46	3fffffffffff
N??CA?_c?wJ?gG@oCE?	46	fffffffdf7ff
N??CA?_c?wJ?WG@oD_?	46	3ffffbbfeefff
N??CA?_c?wJ?WG@oSO?	46	3fffffffffff
N??CA?_c?wJ?WG@oDG?	46	3ffffdefdefff
N??CA?_c?wJ?WG@oSA?	46	7ffffffff7ff
N??CA?_c?wJ?WG@oCQ?	46	3fffffffffff
N??CA?_c?wJ?IG@oS_?	46	3fffffffffff
N??CA?_c?wJ?IG@oK_?	46	3ffffbbfeefff
N??CA?_c?wJ?IG@oSO?	46	3fffffffffff
N??CA?_c?wJ?IG@oCo?	46	3fffffffffff
N??CA?_c?wJ?IG@oCg?	46	3ffffdefdefff
N??CA?_c?wJ?IG@oSA?	46	ffffffffe7ff
N??CA?_c?wJ?IG@oCQ?	46	3fffffffffff
N??CA?_c?wJ?IG@oCE?	46	3fffffffdef7e
N??CA?_c?wJ?HGGoPO?	46	3fffffffffff
N??CA?_c?wJ?HGGoHO?	46	3fffffffffff
N??CA?_c?wJ?HGGoWC?	46	3fffffffffff
N??CA?_c?wJ?HGGoOS?	46	fffffffdefff
N??CA?_c?wJ?HGGo?k?	46	3fffffff0ffff
N??CA?_c?wJ?HGGo?[?	46	fffffffff7fd
N??CA?_c?wJ?HGGoWA?	46	fffffffdff7f
N??CA?_c?wJ?HGGoPA?	46	3fffffffdef7e
N??CA?_c?wJ?HGGoGQ?	46	3fffffffffff
N??CA?_c?wJ?HGGo?q?	46	3fffffffffff
N??CA?_c?wJ?HGGoOI?	46	3fffffffffff
N??CA?_c?wJ?HGGoOE?	46	3fffffffffff
N??CA?_c?wJ?HGGoGE?	46	3fffffffffff
N??CA?_c?wJ?HGGo?U?	46	3fffffffffff
N??CA?_c?wJ?HC?w[??	46	7ffffffdffff
N??CA?_c?wJ?HC?wX??	46	fffffffdf7ff
N??CA?_c?wJ?HC?wT??	46	fffffffdefff
N??CA?_c?wJ?HC?wL??	46	fffffffcffff
N??CA?_c?wJ?HC?wS_?	46	fffffffdefff
N??CA?_c?wJ?HC?wWO?	46	3fffffffffff
N??CA?_c?wJ?HC?wSO?	46	3fffffffffff
N??CA?_c?wJ?HC?wKO?	46	3fffffffffff
N??CA?_c?wJ?HC?wPO?	46	3fffffffffff
N??CA?_c?wJ?HC?wHO?	46	3fffffffffff
N??CA?_c?wJ?HC?wCo?	46	3fffffffffff
N??CA?_c?wJ?HC?w@o?	46	3fffffffffff
N??CA?_c?wJ?HC?wWG?	46	3fffffffffff
N??CA?_c?wJ?HC?wSG?	46	3fffffffffff
N??CA?_c?wJ?HC?wKG?	46	3fffffffffff
N??CA?_c?wJ?HC?wPG?	46	3fffffffffff
N??CA?_c?wJ?HC?wOg?	46	3fffffffffff
N??CA?_c?wJ?HC?wCg?	46	3fffffffffff
N??CA?_c?wJ?HC?wCW?	46	3fffffffffff
N??CA?_c?wJ?HC?wWC?	46	3fffffffffff
N??CA?_c?wJ?HC?wKC?	46	3fffffffffff
N??CA?_c?wJ?HC?wPC?	46	3fffffffffff
N??CA?_c?wJ?HC?wHC?	46	3fffffffffff
N??CA?_c?wJ?HC?wOc?	46	3fffffffffff
N??CA?_c?wJ?HC?wGS?	46	3fffffffffff
N??CA?_c?wJ?HC?wCS?	46	3fffffffffff
N??CA?_c?wJ?HC?w@S?	46	3fffffffffff
N??CA?_c?wJ?HC?w?s?	46	3fffffffffff
N??CA?_c?wJ?HC?wOK?	46	3fffffffffff
N??CA?_c?wJ?HC?wGK?	46	3fffffffffff
N??CA?_c?wJ?HC?w@K?	46	3fffffffffff
N??CA?_c?wJ?HC?w?[?	46	7ffffffffffe
N??CA?_c?wJ?Gc@W[??	46	7ffffffeffff
N??CA?_c?wJ?Gc@WX??	46	fffffffef7ff
N??CA?_c?wJ?Gc@WT??	46	fffffffeefff
N??CA?_c?wJ?Gc@WL??	46	7ffffffeffff
N??CA?_c?wJ?Gc@WS_?	46	3fffffffffff
N??CA?_c?wJ?Gc@WWO?	46	fffffffdf7ff
N??CA?_c?wJ?Gc@WKO?	46	7ffffffdffff
N??CA?_c?wJ?Gc@WHO?	46	fffffffdff7f
N??CA?_c?wJ?Gc@W@o?	46	3fffffffffff
N??CA?_c?wJ?Gc@WWG?	46	3fffffffffff
N??CA?_c?wJ?Gc@WSG?	46	3fffffffffff
N??CA?_c?wJ?Gc@WKG?	46	3fffffffffff
N??CA?_c?wJ?Gc@WDG?	46	3fffffffffff
N??CA?_c?wJ?Gc@WOg?	46	3fffffffffff
N??CA?_c?wJ?Gc@WCg?	46	3fffffffffff
N??CA?_c?wJ?Gc@W@g?	46	1ffffffffb7fe
N??CA?_c?wJ?Gc@WCW?	46	3fffffffffff
N??CA?_c?wJ?Gc@W?w?	46	3fffffffffff
N??CA?_c?wJ?Gc@WWC?	46	3fffffffffff
N??CA?_c?wJ?Gc@WPC?	46	3fffffffffff
N??CA?_c?wJ?Gc@WHC?	46	3fffffffffff
N??CA?_c?wJ?Gc@WOc?	46	3fffffffffff
N??CA?_c?wJ?Gc@WOS?	46	fffffffef7ff
N??CA?_c?wJ?Gc@WGS?	46	3fffffffffff
N??CA?_c?wJ?Gc@WOK?	46	3fffffffffff
N??CA?_c?wJ?Gc@WGK?	46	3fffffffffff
N??CA?_c?wJ?Gc@WCK?	46	7ffffffff7ff
N??CA?_c?wJ?Gc@W?k?	46	3fffffffffff
N??CA?_c?wJ?Gc@W?[?	46	3fffffffffff
N??CA?_c?wJ?@cGW[??	46	3fffffffffff
N??CA?_c?wJ?@cGWT??	46	2ffeffffffefb
N??CA?_c?wJ?@cGWL??	46	3fffffffffff
N??CA?_c?wJ?@cGWS_?	46	2ffeffffffefb
N??CA?_c?wJ?@cGWSO?	46	2ffeffffffefb
N??CA?_c?wJ?@cGWKO?	46	3fffffffffff
N??CA?_c?wJ?@cGWDO?	46	37fffbfffeffb
N??CA?_c?wJ?@cGWCo?	46	37fffbfffeffb
N??CA?_c?wJ?@cGWSG?	46	3fffffffffff
N??CA?_c?wJ?@cGWDG?	46	3fffffffffff
N??CA?_c?wJ?@cGWCg?	46	3fffffffffff
N??CA?_c?wJ?@cGWCW?	46	3fffffffffff
N??CA?_c?wJ?@cGWCS?	46	3fffffffffff
N??CA?_c?wJ?GS@g[??	46	7fffffffefff
N??CA?_c?wJ?GS@gX??	46	ffffffffe7ff
N??CA?_c?wJ?GS@gT??	46	7fffffffefff
N??CA?_c?wJ?GS@gL??	46	fffffffeefff
N??CA?_c?wJ?GS@gS_?	46	3fffffffffff
N??CA?_c?wJ?GS@gWO?	46	3fffffffffff
N??CA?_c?wJ?GS@gKO?	46	3fffffffffff
N??CA?_c?wJ?GS@gPO?	46	3fffffffffff
N??CA?_c?wJ?GS@gHO?	46	3fffffffffff
N??CA?_c?wJ?GS@gDO?	46	3fffffffffff
N??CA?_c?wJ?GS@gCo?	46	3fffffffffff
N??CA?_c?wJ?GS@g@o?	46	3fffffffffff
N??CA?_c?wJ?GS@gWG?	46	fffffffdf7ff
N??CA?_c?wJ?GS@gSG?	46	7ffffffdffff
N??CA?_c?wJ?GS@gKG?	46	fffffffdefff
N??CA?_c?wJ?GS@gPG?	46	fffffffdff7f
N??CA?_c?wJ?GS@gDG?	46	fffffffdefff
N??CA?_c?wJ?GS@gOg?	46	3fffffffffff
N??CA?_c?wJ?GS@gCg?	46	3fffffffffff
N??CA?_c?wJ?GS@g@g?	46	3fffffffffff
N??CA?_c?wJ?GS@gCW?	46	3fffffffffff
N??CA?_c?wJ?GS@g?w?	46	3fffffffffff
N??CA?_c?wJ?GS@gWC?	46	3fffffffffff
N??CA?_c?wJ?GS@gPC?	46	3fffffffffff
N??CA?_c?wJ?GS@gHC?	46	3fffffffffff
N??CA?_c?wJ?GS@gOc?	46	3fffffffffff
N??CA?_c?wJ?GS@gOS?	46	3fffffffffff
N??CA?_c?wJ?GS@gGS?	46	3fffffffffff
N??CA?_c?wJ?GS@g?s?	46	3fffffffffff
N??CA?_c?wJ?GS@gOK?	46	3fffffffffff
N??CA?_c?wJ?GS@g@K?	46	3fffffffffff
N??CA?_c?wJ?GS@g?k?	46	3fffffffffff
N??CA?_c?wJ?GS@g?[?	46	3fffffffffff
N??CA?_c?wJ?@SGg[??	46	3fffffffffff
N??CA?_c?wJ?@SGgT??	46	3fffffffffff
N??CA?_c?wJ?@SGgL??	46	2fffff7ff7ffb
N??CA?_c?wJ?@SGgS_?	46	3fffffffffff
N??CA?_c?wJ?@SGgKO?	46	3fffffffffff
N??CA?_c?wJ?@SGgDO?	46	3fffffffffff
N??CA?_c?wJ?@SGgCo?	46	3fffffffffff
N??CA?_c?wJ?@SGgSG?	46	3fffffffffff
N??CA?_c?wJ?@SGgKG?	46	2ffeffffffefb
N??CA?_c?wJ?@SGgCg?	46	2ffeffffffefb
N??CA?_c?wJ?@SGgCW?	46	3fffffffffff
N??CA?_c?wJ?@SGgCK?	46	3fffffffffff
N??CA?_c?wJ??sHG[??	46	3fffffffffff
N??CA?_c?wJ??sHGT??	46	3fffffffffff
N??CA?_c?wJ??sHGL??	46	3fffffffffff
N??CA?_c?wJ??sHGS_?	46	3fffffffffff
N??CA?_c?wJ??sHGD_?	46	3ffffffe97fff
N??CA?_c?wJ??sHGKO?	46	3fffffffffff
N??CA?_c?wJ??sHGDO?	46	3fffffffffff
N??CA?_c?wJ??sHGCo?	46	3fffffffffff
N??CA?_c?wJ??sHGSG?	46	3fffffffffff
N??CA?_c?wJ??sHGDG?	46	3fffffffffff
N??CA?_c?wJ??sHGCg?	46	7fffffffefff
N??CA?_c?wJ??sHGCW?	46	3fffffffffff
N??CA?_c?wJ??sHGSC?	46	3fffffffffff
N??CA?_c?wJ??sHGKC?	46	3fffffffffff
N??CA?_c?wJ??sHGCS?	46	3fffffffffff
N??CA?_c?wJ??sHGCK?	46	7ffffffff7ff
N??CA?_c?wJ?GK@o[??	46	7ffffffff7ff
N??CA?_c?wJ?GK@oT??	46	ffffffffe7ff
N??CA?_c?wJ?GK@oL??	46	fffffffef7ff
N??CA?_c?wJ?GK@oD_?	46	3fffffffffff
N??CA?_c?wJ?GK@oSO?	46	fffffffdefff
N??CA?_c?wJ?GK@oKO?	46	3fffffffffff
N??CA?_c?wJ?GK@oSG?	46	3fffffffffff
N??CA?_c?wJ?GK@oKG?	46	3fffffffffff
N??CA?_c?wJ?GK@oDG?	46	3fffffffffff
N??CA?_c?wJ?GK@oCg?	46	3fffffffffff
N??CA?_c?wJ?GK@oCW?	46	3fffffffffff
N??CA?_c?wJ?GK@oKC?	46	fffffffdefff
N??CA?_c?wJ?GK@oCS?	46	ffffffff7f7f
N??CA?_c?wH_I__WM??	46	3fffffffffff
N??CA?_c?wH_I__WK_?	46	3fffffffffff
N??CA?_c?wH_I__WI_?	46	3fffffffffff
N??CA?_c?wH_I__WE_?	46	3fffffffffff
N??CA?_c?wH_I__WKO?	46	3fffffffffff
N??CA?_c?wH_I__WEO?	46	3fffffffffff
N??CA?_c?wH_I__WEG?	46	3fffffffffff
N??CA?_c?wH_I__WCg?	46	3fffffffffff
N??CA?_c?wH_I__WAg?	46	3fffffffffff
N??CA?_c?wH_I__WCW?	46	3fffffffffff
N??CA?_c?wH_I__WAW?	46	3fffffffffff
N??CA?_c?wH_I__WIC?	46	3fffffffffff
N??CA?_c?wH_I__WGc?	46	3fffffffffff
N??CA?_c?wH_I__WAc?	46	3fffffffffff
N??CA?_c?wH_I__WGS?	46	3fffffffffff
N??CA?_c?wH_I__WAK?	46	3fffffffffff
N??CA?_c?wH_I__W?k?	46	3fffffffffff
N??CA?_c?wH_I__W?[?	46	3fffffffffff
N??CA?_c?wH_I__WKA?	46	3fffffffffff
N??CA?_c?wH_I__WGa?	46	3fffffffffff
N??CA?_c?wH_I__WGQ?	46	3fffffffffff
N??CA?_c?wH_I__WCQ?	46	3fffffffffff
N??CA?_c?wH_I__WGI?	46	3fffffffffff
N??CA?_c?wH_I__WCI?	46	3fffffffffff
N??CA?_c?wH_I__W?Y?	46	3fffffffffff
N??CA?_c?wH_I__WGE?	46	3fffffffffff
N??CA?_c?wH_I__WAE?	46	3fffffffffff
N??CA?_c?wH_I__W?e?	46	3fffffffffff
N??CA?_c?wH_I__W?U?	46	3fffffffffff
N??CA?_c?wH_I_GWQO?	46	3bfffffbf7ffd
N??CA?_c?wH_I_GWAo?	46	1ffffff7efffd
N??CA?_c?wH_I_GWQG?	46	3fffffffffff
N??CA?_c?wH_I_GWAg?	46	3ffffdefdefff
N??CA?_c?wH_I_GWOW?	46	3fffffffffff
N??CA?_c?wH_I_GW?w?	46	3effffffffb7e
N??CA?_c?wH_I_GWOS?	46	3fffffffffff
N??CA?_c?wH_I_GWWA?	46	3fffffffffff
N??CA?_c?wH_I_GWOa?	46	2ffeffffffefb
N??CA?_c?wH_I_GWGQ?	46	3fffffffffff
N??CA?_c?wH_I_GWOI?	46	3fffffffffff
N??CA?_c?wH_I_GW?Y?	46	3fffffffffff
N??CA?_c?wH_I_GWOE?	46	3fffffffffff
N??CA?_c?wH_I_CWS_?	46	3fffffffffff
N??CA?_c?wH_I_CWK_?	46	3ffffbbfeefff
N??CA?_c?wH_I_CWSO?	46	3fffffffffff
N??CA?_c?wH_I_CWOg?	46	3fffffffffff
N??CA?_c?wH_I_CWCg?	46	3ffffdefdefff
N??CA?_c?wH_I_CWOW?	46	3fffffffffff
N??CA?_c?wH_I_CWCW?	46	3fffffffffff
N??CA?_c?wH_I_CW?w?	46	3fffffffffff
N??CA?_c?wH_I_CWOc?	46	3fffffffffff
N??CA?_c?wH_I_CWGc?	46	3ffffdefdefff
N??CA?_c?wH_I_CWOS?	46	3fffffffffff
N??CA?_c?wH_I_CWCK?	46	3fffffff0ffff
N??CA?_c?wH_I_CW?k?	46	3fffffff0ffff
N??CA?_c?wH_I_CWSA?	46	3fffffffffff
N??CA?_c?wH_I_CWOQ?	46	3fffffffffff
N??CA?_c?wH_I_CWGQ?	46	3fffffffffff
N??CA?_c?wH_I_CWCQ?	46	3fffffffffff
N??CA?_c?wH_I_CW?q?	46	3fffffffffff
N??CA?_c?wH_I_CWOI?	46	3fffffffffff
N??CA?_c?wH_I_CWCI?	46	3fffffffffff
N??CA?_c?wH_I_CW?Y?	46	3fffffffffff
N??CA?_c?wH_I_CWOE?	46	3fffffffffff
N??CA?_c?wH_I_CW?U?	46	3fffffffffff
N??CA?_c?wH_I_?w[??	46	3fffffffffff
N??CA?_c?wH_I_?wY??	46	3fffffffffff
N??CA?_c?wH_I_?wU??	46	3fffffffffff
N??CA?_c?wH_I_?wK_?	46	3ffffffffffcc
N??CA?_c?wH_I_?wQ_?	46	3fffffffffff
N??CA?_c?wH_I_?wSG?	46	3fffffffffff
N??CA?_c?wH_I_?wQG?	46	3fffffffffff
N??CA?_c?wH_I_?wEG?	46	3fffffffffff
N??CA?_c?wH_I_?wCg?	46	3effffffffb7e
N??CA?_c?wH_I_?wAg?	46	3fffffffffff
N??CA?_c?wH_I_?wQC?	46	3fffffffffff
N??CA?_c?wH_I_?wGc?	46	3effffffffb7e
N??CA?_c?wH_I_?wAc?	46	3fffffffffff
N??CA?_c?wH_I_?w?k?	46	3bffbffffff7d
N??CA?_c?wH_I_?wWA?	46	3fffffffffff
N??CA?_c?wH_I_?wSA?	46	3fffffffffff
N??CA?_c?wH_I_?wKA?	46	3fffffffffff
N??CA?_c?wH_I_?wOI?	46	3fffffffffff
N??CA?_c?wH_I_?wCI?	46	3fffffffffff
N??CA?_c?wH_I_?wAI?	46	3fffffffffff
N??CA?_c?wH_I_?wOE?	46	3fffffffffff
N??CA?_c?wH_I_?wGE?	46	3fffffffffff
N??CA?_c?wH_I_?wAE?	46	3fffffffffff
N??CA?_c?wH_I_?[[??	46	3fffffffffff
N??CA?_c?wH_I_?[U??	46	3fffffffffff
N??CA?_c?wH_I_?[W_?	46	3fffffffffff
N??CA?_c?wH_I_?[K_?	46	3fffffffffff
N??CA?_c?wH_I_?[WO?	46	3fffffffffff
N??CA?_c?wH_I_?[SO?	46	3fffffffffff
N??CA?_c?wH_I_?[KO?	46	3fffffffffff
N??CA?_c?wH_I_?[EO?	46	3fffffffffff
N??CA?_c?wH_I_?[Go?	46	3fffffffffff
N??CA?_c?wH_I_?[Co?	46	3fffffffffff
N??CA?_c?wH_I_?[Ao?	46	3fffffffffff
N??CA?_c?wH_I_?[WG?	46	3fffffffffff
N??CA?_c?wH_I_?[SG?	46	3fffffffffff
N??CA?_c?wH_I_?[KG?	46	3fffffffffff
N??CA?_c?wH_I_?[QG?	46	3fffffffffff
N??CA?_c?wH_I_?[EG?	46	3fffffffffff
N??CA?_c?wH_I_?[Cg?	46	3fffffffffff
N??CA?_c?wH_I_?[Ag?	46	3fffffffffff
N??CA?_c?wH_I_?[OW?	46	3fffffffffff
N??CA?_c?wH_I_?[GW?	46	3fffffffffff
N??CA?_c?wH_I_?[CW?	46	3fffffffffff
N??CA?_c?wH_I_?[AW?	46	3fffffffffff
N??CA?_c?wH_I_?[?w?	46	3fffffffffff
N??CA?_c?wH_I_?[WC?	46	3fffffffffff
N??CA?_c?wH_I_?[QC?	46	3fffffffffff
N??CA?_c?wH_I_?[Oc?	46	3fffffffffff
N??CA?_c?wH_I_?[Gc?	46	3fffffffffff
N??CA?_c?wH_I_?[OS?	46	3fffffffffff
N??CA?_c?wH_I_?[GS?	46	3fffffffffff
N??CA?_c?wH_I_?[AS?	46	3fffffffffff
N??CA?_c?wH_I_?[?s?	46	3fffffffffff
N??CA?_c?wH_I_?[OK?	46	3fffffffffff
N??CA?_c?wH_I_?[GK?	46	3fffffffffff
N??CA?_c?wH_I_?[AK?	46	3fffffffffff
N??CA?_c?wH_I_?[?[?	46	3fffffffffff
N??CA?_c?wH_B_GW[??	46	7ffffffffffb
N??CA?_c?wH_B_GWU??	46	3bfffffbf7ffd
N??CA?_c?wH_B_GWM??	46	3ffffbbfeefff
N??CA?_c?wH_B_GWSG?	46	3fffffffdef7e
N??CA?_c?wH_B_GWEG?	46	3ffffdefdefff
N??CA?_c?wH_B_GWSA?	46	effefffffeefa
N??CA?_c?wH_IOOgQO?	46	3fffffffffff
N??CA?_c?wH_IOOgOo?	46	3fffffffffff
N??CA?_c?wH_IOOg?w?	46	3effffffffb7e
N??CA?_c?wH_IOOgQC?	46	3fffffffffff
N??CA?_c?wH_IOOg?k?	46	37ff6fdff9f0fb52
N??CA?_c?wH_IOOgSA?	46	3fffffffffff
N??CA?_c?wH_IOOgOa?	46	3fffffffffff
N??CA?_c?wH_IOOgCQ?	46	3fffffffffff
N??CA?_c?wH_IOOgAQ?	46	3fffffffffff
N??CA?_c?wH_IOOgOI?	46	3fffffffffff
N??CA?_c?wH_IOOg?Y?	46	3fffffffffff
N??CA?_c?wH_IOOgOE?	46	3fffffffffff
N??CA?_c?wH_IO@g[??	46	3fffffffffff
N??CA?_c?wH_IO@gY??	46	3fffffffffff
N??CA?_c?wH_IO@gU??	46	3fffffffffff
N??CA?_c?wH_IO@gM??	46	3ffffbbfeefff
N??CA?_c?wH_IO@gKO?	46	3ffffffffffcc
N??CA?_c?wH_IO@gQO?	46	3fffffffffff
N??CA?_c?wH_IO@gEO?	46	3fffffffffff
N??CA?_c?wH_IO@gQG?	46	3fffffffffff
N??CA?_c?wH_IO@gGW?	46	3effffffffb7e
N??CA?_c?wH_IO@gAW?	46	3fffffffffff
N??CA?_c?wH_IO@gWC?	46	3fffffffffff
N??CA?_c?wH_IO@gQC?	46	3fffffffffff
N??CA?_c?wH_IO@gIC?	46	3ffffdefdefff
N??CA?_c?wH_IO@gGS?	46	3effffffffb7e
N??CA?_c?wH_IO@gGK?	46	37ff6fdff9f0fb52
N??CA?_c?wH_IO@g?[?	46	3bffbffffff7d
N??CA?_c?wH_IO@gWA?	46	3fffffffffff
N??CA?_c?wH_IO@gSA?	46	3fffffffffff
N??CA?_c?wH_IO@gKA?	46	3fffffffffff
N??CA?_c?wH_IO@gGQ?	46	3fffffffffff
N??CA?_c?wH_IO@gCQ?	46	3fffffffffff
N??CA?_c?wH_IO@gAQ?	46	3fffffffffff
N??CA?_c?wH_IO@gOI?	46	3fffffffffff
N??CA?_c?wH_IO@gCI?	46	3fffffffffff
N??CA?_c?wH_IO@g?Y?	46	3fffffffffff
N??CA?_c?wH_IO@gOE?	46	3fffffffffff
N??CA?_c?wH_IO@gGE?	46	3fffffffffff
N??CA?_c?wH_IO?wU??	46	3fffffffffff
N??CA?_c?wH_IO?wQO?	46	3fffffffffff
N??CA?_c?wH_IO?wGo?	46	3effffffffb7e
N??CA?_c?wH_IO?wQC?	46	3fffffffffff
N??CA?_c?wH_IO?wGc?	46	37ff6fdff9f0fb52
N??CA?_c?wH_IO?wWA?	46	3fffffffffff
N??CA?_c?wH_IO?wSA?	46	3fffffffffff
N??CA?_c?wH_IO?wQA?	46	3fffffffffff
N??CA?_c?wH_IO?wOQ?	46	3fffffffffff
N??CA?_c?wH_IO?wGQ?	46	3fffffffffff
N??CA?_c?wH_IO?wCQ?	46	3fffffffffff
N??CA?_c?wH_IO?wOE?	46	3fffffffffff
N??CA?_c?wH_IO?k[??	46	3fffffffffff
N??CA?_c?wH_IO?kU??	46	3fffffffffff
N??CA?_c?wH_IO?kW_?	46	3fffffffffff
N??CA?_c?wH_IO?kS_?	46	3fffffffffff
N??CA?_c?wH_IO?kK_?	46	37fffbfffeffb
N??CA?_c?wH_IO?kWO?	46	3fffffffffff
N??CA?_c?wH_IO?kSO?	46	3fffffffffff
N??CA?_c?wH_IO?kKO?	46	3fffffffffff
N??CA?_c?wH_IO?kGo?	46	3fffffffffff
N??CA?_c?wH_IO?kCo?	46	3fffffffffff
N??CA?_c?wH_IO?kWG?	46	3fffffffffff
N??CA?_c?wH_IO?kSG?	46	3fffffffffff
N??CA?_c?wH_IO?kKG?	46	37ffffbfefffb
N??CA?_c?wH_IO?kQG?	46	3fffffffffff
N??CA?_c?wH_IO?kCg?	46	3fff7fefdfeff
N??CA?_c?wH_IO?kAg?	46	37ffffbfefffb
N??CA?_c?wH_IO?kOW?	46	3fffffffffff
N??CA?_c?wH_IO?kGW?	46	3fffffffffff
N??CA?_c?wH_IO?kCW?	46	3fffffffffff
N??CA?_c?wH_IO?kAW?	46	3fffffffffff
N??CA?_c?wH_IO?k?w?	46	3fffffffffff
N??CA?_c?wH_IO?kWC?	46	3fffffffffff
N??CA?_c?wH_IO?kSC?	46	3fffffffffff
N??CA?_c?wH_IO?kQC?	46	3fffffffffff
N??CA?_c?wH_IO?kOc?	46	3fffffffffff
N??CA?_c?wH_IO?kGc?	46	3fffffffffff
N??CA?_c?wH_IO?kGS?	46	3fffffffffff
N??CA?_c?wH_IO?k?s?	46	3fffffffffff
N??CA?_c?wH_IO?kOK?	46	3fffffffffff
N??CA?_c?wH_IO?kAK?	46	3fffffffffff
N??CA?_c?wH_IO?k?[?	46	3fffffffffff
N??CA?_c?wH_AogGM??	46	7ffffffeffff
N??CA?_c?wH_AogGK_?	46	fffffffef7ff
N??CA?_c?wH_AogGE_?	46	7ffffffeffff
N??CA?_c?wH_AogGKO?	46	3fffffffffff
N??CA?_c?wH_AogGEO?	46	3fffffffffff
N??CA?_c?wH_AogGCo?	46	3fffffffffff
N??CA?_c?wH_AogGEG?	46	7ffffffdffff
N??CA?_c?wH_AogGCg?	46	fffffffdff7f
N??CA?_c?wH_AogGCW?	46	3fffffffffff
N??CA?_c?wH_AogGKC?	46	3fffffffffff
N??CA?_c?wH_AogGCK?	46	3fffffffffff
N??CA?_c?wH_AogGKA?	46	3fffffffffff
N??CA?_c?wH_AogGCa?	46	3fffffffffff
N??CA?_c?wH_AogGCQ?	46	3fffffffffff
N??CA?_c?wH_AogGCI?	46	3fffffffffff
N??CA?_c?wH_AoWGE_?	46	3ffffbbfeefff
N??CA?_c?wH_AoWGCg?	46	3defbfffdea94fcc
N??CA?_c?wH_AoWGSA?	46	7ffffffffeff
N??CA?_c?wH_AoWGCQ?	46	3fffffffffff
N??CA?_c?wH_AoKGK_?	46	3ffffbbfeefff
N??CA?_c?wH_AoKGSO?	46	3fffffffffff
N??CA?_c?wH_AoKGCo?	46	3fffffffffff
N??CA?_c?wH_AoKGCg?	46	3ffffdefdefff
N??CA?_c?wH_AoKGCW?	46	3fffffffffff
N??CA?_c?wH_AoKGSA?	46	3fffffffffff
N??CA?_c?wH_AoKGCa?	46	3fffffffffff
N??CA?_c?wH_AoKGCQ?	46	3fffffffffff
N??CA?_c?wH_AoKGCI?	46	3fffffffffff
N??CA?_c?wH_AoGgU??	46	3fffffffffff
N??CA?_c?wH_AoGgK_?	46	3ffffffffffcc
N??CA?_c?wH_AoGgE_?	46	3fffffffffff
N??CA?_c?wH_AoGgSG?	46	3fffffffffff
N??CA?_c?wH_AoGgKG?	46	3ffffffffffcc
N??CA?_c?wH_AoGgEG?	46	3fffffffffff
N??CA?_c?wH_AoGgCg?	46	3effffffffb7e
N??CA?_c?wH_AoGgSA?	46	3fffffffffff
N??CA?_c?wH_AoGgKA?	46	3fffffffffff
N??CA?_c?wH_AoGWE_?	46	3ffffdefdefff
N??CA?_c?wH_AoGWSA?	46	7ffffffeffff
N??CA?_c?wH_AoGWKA?	46	3fffffffffff
N??CA?_c?wH_AoGK[??	46	3fffffffffff
N??CA?_c?wH_AoGKU??	46	3fffffffffff
N??CA?_c?wH_AoGKS_?	46	3fffffffffff
N??CA?_c?wH_AoGKK_?	46	fffffffefffb
N??CA?_c?wH_AoGKE_?	46	3fffffffffff
N??CA?_c?wH_AoGKKO?	46	7ffffffffffb
N??CA?_c?wH_AoGKCo?	46	7ffffffffeff
N??CA?_c?wH_AoGKSG?	46	3fffffffffff
N??CA?_c?wH_AoGKKG?	46	ffffffffeffb
N??CA?_c?wH_AoGKEG?	46	3fffffffffff
N??CA?_c?wH_AoGKCg?	46	ffffffffeeff
N??CA?_c?wH_AoGKCW?	46	7ffffffffeff
N??CA?_c?wH_AoGKSC?	46	3fffffffffff
N??CA?_c?wH_AoGKKC?	46	3fffffffffff
N??CA?_c?wH_IGGoQO?	46	fffffffcffff
N??CA?_c?wH_IGGoQG?	46	3fffffffffff
N??CA?_c?wH_IGGo?s?	46	3effffffffb7e
N??CA?_c?wH_IGGoAK?	46	3fffffff0ffff
N??CA?_c?wH_IGGo?k?	46	37ff6fdff9f0fb52
N??CA?_c?wH_IGGoWA?	46	7ffffffdffff
N??CA?_c?wH_IGGoAQ?	46	ffffffff7eff
N??CA?_c?wH_IGGoOI?	46	3fffffffffff
N??CA?_c?wH_IGGoOE?	46	3fffffffffff
N??CA?_c?wH_IGGoGE?	46	3fffffffffff
N??CA?_c?wH_IG@o[??	46	3fffffffffff
N??CA?_c?wH_IG@oU??	46	3fffffffffff
N??CA?_c?wH_IG@oM??	46	3ffffbbfeefff
N??CA?_c?wH_IG@oKO?	46	3ffffffffffcc
N??CA?_c?wH_IG@oEO?	46	3fffffffffff
N??CA?_c?wH_IG@oCW?	46	3effffffffb7e
N??CA?_c?wH_IG@oCS?	46	3effffffffb7e
N??CA?_c?wH_IG@oCK?	46	37ff6fdff9f0fb52
N??CA?_c?wH_IG@oSA?	46	7fffffffefff
N??CA?_c?wH_IG@oKA?	46	3fffffffffff
N??CA?_c?wH_IG@oEA?	46	3fffffffffff
N??CA?_c?wH_IG@oCQ?	46	3fffffffffff
N??CA?_c?wH_IG?s[??	46	3fffffffffff
N??CA?_c?wH_IG?sK_?	46	1ffffeffff7fd
N??CA?_c?wH_IG?sSO?	46	fffffffeefff
N??CA?_c?wH_IG?sKO?	46	3fffffffffff
N??CA?_c?wH_IG?sEO?	46	3fffffffffff
N??CA?_c?wH_IG?sCo?	46	3fffffffffff
N??CA?_c?wH_IG?sSG?	46	3fffffffffff
N??CA?_c?wH_IG?sEG?	46	3fffffffffff
N??CA?_c?wH_IG?sCW?	46	3fffffffffff
N??CA?_c?wH_IG?sSC?	46	3fffffffffff
N??CA?_c?wH_IG?sKC?	46	37ffffbfefffb
N??CA?_c?wH_IG?sCc?	46	3fff7fefdfeff
N??CA?_c?wB_w??wH_?	46	ffffffffe7ff
N??CA?_c?wB_w??w@g?	46	3fffffffffff
N??CA?_c?wB_w??w@K?	46	3fffffffffff
N??CA?_c?wB_Y??wW_?	46	ffffffffe7ff
N??CA?_c?wB_Y??wK_?	46	fffffbbfce7ff
N??CA?_c?wB_Y??wCg?	46	3ffffdefdefff
N??CA?_c?wB_Y??wOK?	46	fffffffffffc
N??CA?_c?wB_Y??w?k?	46	3fffffff0ffff
N??CA?_c?wB_Y??w?[?	46	fbffbfffff77c
N??CA?_c?wB_Y??wWA?	46	fffffffdf7ff
N??CA?_c?wB_Y??w?q?	46	3ffffffff7efc
N??CA?_c?wB_Y??wOI?	46	ffffffffff7e
N??CA?_c?wB_Y??w?M?	46	7ffffffff7ff
N??CA?_c?wB_o_GWD_?	46	3ffdbfe5c7bf06fd
N??CA?_c?wB_W_?wL??	46	3ffffffffffcc
N??CA?_c?wB_W_?wDG?	46	3effffffffb7e
N??CA?_c?wB_Q_GWK_?	46	3ffffbbfeefff
N??CA?_c?wB_Q_GWKO?	46	3ffffffffffcc
N??CA?_c?wB_Q_GWCg?	46	3ffffdefdefff
N??CA?_c?wB_Q_GWSA?	46	effefffffeefa
N??CA?_c?wB_Q_GWKA?	46	7ffffffffffe
N??CA?_c?wB_WOOgD_?	46	fffffbbfce7ff
N??CA?_c?wB_WOOg@c?	46	3ffffdefdefff
N??CA?_c?wB_QOGgK_?	46	3fefebfbbba64b7e
N??CA?_c?wB_OoWGD_?	46	3ffdbf739b7ee87d
N??CA?_c?wB_OoGgL??	46	ffffffffff74c
N??CA?_c?wB_WC?wX??	46	fffffffdf7ff
N??CA?_c?wB_WC?wL??	46	fffffffcffff
N??CA?_c?wB_WC?w@o?	46	3ffffffff7efc
N??CA?_c?wB_WC?wPG?	46	3fffffffffff
N??CA?_c?wB_WC?w@K?	46	3fffffffffff
N??CA?_c?wB_OcGWT??	46	2ffeffffffefb
N??CA?_c?wB_OcGWL??	46	3fffffffffff
N??CA?_c?wIOi?@WL??	46	7fffffffff7f
N??CA?_c?wIOi?@WK_?	46	3fffffffffff
N??CA?_c?wIOi?@WH_?	46	3fffffffffff
N??CA?_c?wIOi?@WD_?	46	3fffffffffff
N??CA?_c?wIOi?@WDG?	46	3fffffffffff
N??CA?_c?wIOi?@WCg?	46	3fffffffffff
N??CA?_c?wIOi?@W@g?	46	3fffffffffff
N??CA?_c?wIOi?@WKC?	46	3fffffffffff
N??CA?_c?wIOi?@WGc?	46	3fffffffffff
N??CA?_c?wIOi?@W@c?	46	3fffffffffff
N??CA?_c?wIOi?@WGS?	46	3fffffffffff
N??CA?_c?wIOi?@W?k?	46	3fffffffffff
N??CA?_c?wIOi?@W?[?	46	3fffffffffff
N??CA?_c?wIOi?@WKA?	46	7ffffffeffff
N??CA?_c?wIOi?@WCa?	46	3fffffffffff
N??CA?_c?wIOi?@WCQ?	46	fffffffdefff
N??CA?_c?wIOi?@W?q?	46	3fffffffffff
N??CA?_c?wIOi?@WCI?	46	3fffffffffff
N??CA?_c?wIOi?@W@I?	46	3fffffffffff
N??CA?_c?wIOi?@W?Y?	46	3fffffffffff
N??CA?_c?wIOi?@WGE?	46	3fffffffffff
N??CA?_c?wIOi?@W?M?	46	3fffffffffff
N??CA?_c?wIOY?@WCo?	46	3fffffffffff
N??CA?_c?wIOY?@W@o?	46	3fffffffffff
N??CA?_c?wIOY?@WCW?	46	3fffffffffff
N??CA?_c?wIOY?@W?[?	46	3fffffffffff
N??CA?_c?wIOY?@WSA?	46	7ffffffeffff
N??CA?_c?wIOY?@WCa?	46	3fffffffffff
N??CA?_c?wIOY?@WOQ?	46	fffffffdf7ff
N??CA?_c?wIOY?@WCQ?	46	7ffffffdffff
N??CA?_c?wIOY?@WCI?	46	3fffffffffff
N??CA?_c?wIOY?@W?i?	46	3fffffffffff
N??CA?_c?wIOY?@W?Y?	46	3fffffffffff
N??CA?_c?wIOY?@WOE?	46	3fffffffffff
N??CA?_c?wIOY?@W?U?	46	3fffffffffff
N??CA?_c?wIOY?@W?M?	46	3fffffffffff
N??CA?_c?wIOJ?AW[??	46	3fffffffffff
N??CA?_c?wIOJ?AWK_?	46	3ffffbbfeefff
N??CA?_c?wIOJ?AWWO?	46	3fffffffffff
N??CA?_c?wIOJ?AWOg?	46	3fffffffffff
N??CA?_c?wIOJ?AWCg?	46	3ffffdefdefff
N??CA?_c?wIOJ?AWOW?	46	3fffffffffff
N??CA?_c?wIOJ?AW?w?	46	3fffffffffff
N??CA?_c?wIOJ?AWWC?	46	3fffffffffff
N??CA?_c?wIOJ?AWOc?	46	3fffffffffff
N??CA?_c?wIOJ?AWGc?	46	3ffffdefdefff
N??CA?_c?wIOJ?AWOS?	46	3fffffffffff
N??CA?_c?wIOJ?AWGS?	46	3fffffffffff
N??CA?_c?wIOJ?AW?s?	46	3fffffffffff
N??CA?_c?wIOJ?AW?k?	46	3fffffff0ffff
N??CA?_c?wIOJ?AWWA?	46	3fffffffffff
N??CA?_c?wIOJ?AWOQ?	46	3fffffffffff
N??CA?_c?wIOJ?AWGQ?	46	3fffffffffff
N??CA?_c?wIOJ?AWCQ?	46	3fffffffffff
N??CA?_c?wIOJ?AW?q?	46	3fffffffffff
N??CA?_c?wIOJ?AWOI?	46	3fffffffffff
N??CA?_c?wIOJ?AWGI?	46	3fffffffffff
N??CA?_c?wIOJ?AW?Y?	46	3fffffffffff
N??CA?_c?wIOJ?AWOE?	46	3fffffffffff
N??CA?_c?wIOJ?AWGE?	46	3fffffffffff
N??CA?_c?wIOJ?AW?U?	46	3fffffffffff
N??CA?_c?wIOI_@W[??	46	7ffffffff7ff
N??CA?_c?wIOI_@WX??	46	ffffffffe7ff
N??CA?_c?wIOI_@WT??	46	fffffffef7ff
N??CA?_c?wIOI_@WL??	46	7ffffffff7ff
N??CA?_c?wIOI_@WW_?	46	3fffffffffff
N??CA?_c?wIOI_@WK_?	46	3fffffffffff
N??CA?_c?wIOI_@WKG?	46	3fffffffffff
N??CA?_c?wIOI_@WPG?	46	3fffffffffff
N??CA?_c?wIOI_@WDG?	46	3fffffffffff
N??CA?_c?wIOI_@WOg?	46	3fffffffffff
N??CA?_c?wIOI_@WCg?	46	3fffffffffff
N??CA?_c?wIOI_@W@g?	46	3fffffffffff
N??CA?_c?wIOI_@WWC?	46	3fffffffffff
N??CA?_c?wIOI_@WPC?	46	3fffffffffff
N??CA?_c?wIOI_@WOc?	46	3fffffffffff
N??CA?_c?wIOI_@WGc?	46	3fffffffffff
N??CA?_c?wIOI_@W@c?	46	3fffffffffff
N??CA?_c?wIOI_@WOK?	46	3fffffffffff
N??CA?_c?wIOI_@WGK?	46	3fffffffffff
N??CA?_c?wIOI_@W@K?	46	3fffffffffff
N??CA?_c?wIOI_@W?k?	46	3fffffffffff
N??CA?_c?wIOI_@WSA?	46	fffffffdefff
N??CA?_c?wIOI_@WKA?	46	7ffffffdffff
N??CA?_c?wIOI_@WOI?	46	3fffffffffff
N??CA?_c?wIOI_@WCI?	46	3fffffffffff
N??CA?_c?wIOI_@WGE?	46	3fffffffffff
N??CA?_c?wIOI_@WCE?	46	3fffffffffff
N??CA?_c?wIOI_@W@E?	46	3fffffffffff
N??CA?_c?wIOI_@W?e?	46	3fffffffffff
N??CA?_c?wIOI_@W?M?	46	3fffffffffff
N??CA?_c?wIOB_GW[??	46	3fffffffffff
N??CA?_c?wIOB_GWL??	46	3fffffffffff
N??CA?_c?wIOB_GWSG?	46	3fffffffffff
N??CA?_c?wIOB_GWDG?	46	3fffffffffff
N??CA?_c?wIOB_GWSC?	46	3fffffffffff
N??CA?_c?wIOgOBGL??	46	3fffffffffff
N??CA?_c?wIOgOBGH_?	46	3fffffffffff
N??CA?_c?wIOgOBGD_?	46	3fffffffffff
N??CA?_c?wIOgOBGDG?	46	3fffffffffff
N??CA?_c?wIOgOBG@g?	46	3fffffffffff
N??CA?_c?wIOgOBGHC?	46	3fffffffffff
N??CA?_c?wIOgOBG@c?	46	3fffffffffff
N??CA?_c?wIOgOBGGS?	46	3fffffffffff
N??CA?_c?wIOgOBGCK?	46	3fffffffffff
N??CA?_c?wIOgOBG@K?	46	3fffffffffff
N??CA?_c?wIOgOBGKA?	46	7ffffffffffb
N??CA?_c?wIOgOBG@Q?	46	3fffffffffff
N??CA?_c?wIOgOBG@I?	46	3fffffffffff
N??CA?_c?wIOgOBG?Y?	46	fffeff7fd7e7f
N??CA?_c?wIOgOBGGE?	46	3fffffffffff
N??CA?_c?wIOgOBG?M?	46	3fffffffffff
N??CA?_c?wIOWOBGD_?	46	7fbffbbfeefff
N??CA?_c?wIOWOBG@o?	46	3ffdffdfdff7f
N??CA?_c?wIOWOBG@c?	46	3ffffdefdefff
N??CA?_c?wIOWOBG?[?	46	3fffffffffff
N??CA?_c?wIOWOBGSA?	46	7ffffffffffb
N??CA?_c?wIOWOBGOQ?	46	ffffffff0e7ff
N??CA?_c?wIOWOBGCQ?	46	7fffffffefff
N??CA?_c?wIOWOBG?Y?	46	fffeff7fd7e7f
N??CA?_c?wIOWOBGOE?	46	3fffffffffff
N??CA?_c?wIOWOBG?U?	46	3fffffffffff
N??CA?_c?wIOWOBG?M?	46	3fffffffffff
N??CA?_c?wIOaOHGK_?	46	3fffffffffff
N??CA?_c?wIOaOHGKO?	46	3fffffffffff
N??CA?_c?wIOaOHGDG?	46	3fffffffffff
N??CA?_c?wIOaOHGCg?	46	3fffffffffff
N??CA?_c?wIOaOHGKC?	46	3fffffffffff
N??CA?_c?wIOaOHGCK?	46	3fffffffffff
N??CA?_c?wIOaOHGKA?	46	3fffffffffff
N??CA?_c?wIOaOHGDA?	46	3fffffffffff
N??CA?_c?wIOaOHGCI?	46	3fffffffffff
N??CA?_c?wIOIO@WKO?	46	3fffffffffff
N??CA?_c?wIOIO@W@o?	46	3fffffffffff
N??CA?_c?wIOIO@WWA?	46	7ffffffff7ff
N??CA?_c?wIOIO@WSA?	46	3fffffffffff
N??CA?_c?wIOIO@WKA?	46	3fffffffffff
N??CA?_c?wIOIO@WGQ?	46	7fffffffff7f
N??CA?_c?wIOIO@WCQ?	46	3fffffffffff
N??CA?_c?wIOBOIGS_?	46	3fffffffffff
N??CA?_c?wIOBOIGK_?	46	3ffffbbfeefff
N??CA?_c?wIOBOIGSO?	46	3fffffffffff
N??CA?_c?wIOBOIGCo?	46	3fffffffffff
N??CA?_c?wIOBOIGCg?	46	3ffffdefdefff
N??CA?_c?wIOBOIGKC?	46	3ffffdefdefff
N??CA?_c?wIOBOIGCc?	46	3ffffdefdefff
N??CA?_c?wIOBOIGCa?	46	3fffffffffff
N??CA?_c?wIOBOIGCQ?	46	3fffffffffff
N??CA?_c?wIOBOGWD_?	46	3ffffdefdefff
N??CA?_c?wIOBOGWKO?	46	3fffffffffff
N??CA?_c?wIOBOGWSA?	46	7fffffff7fff
N??CA?_c?wIOBOGWKA?	46	3fffffffffff
N??CA?_c?wIOBOGWCQ?	46	7ffffffffffb
N??CA?_c?wIOGoBG[??	46	7ffffffffffd
N??CA?_c?wIOGoBGX??	46	3fffffffffff
N??CA?_c?wIOGoBGT??	46	3fffffffffff
N??CA?_c?wIOGoBGL??	46	3fffffffffff
N??CA?_c?wIOGoBGD_?	46	3fffffffffff
N??CA?_c?wIOGoBGSG?	46	7ffffffff7ff
N??CA?_c?wIOGoBGPG?	46	3fffffffffff
N??CA?_c?wIOGoBGDG?	46	3fffffffffff
N??CA?_c?wIOGoBG@g?	46	3fffffffffff
N??CA?_c?wIOGoBGWC?	46	3fffffffffff
N??CA?_c?wIOGoBGSC?	46	3fffffffffff
N??CA?_c?wIOGoBG@K?	46	3fffffffffff
N??CA?_c?wIOGoBGKA?	46	7fffffffefff
N??CA?_c?wIOGoBGDA?	46	3fffffffffff
N??CA?_c?wIOGoBG@a?	46	3fffffffffff
N??CA?_c?wIOGoBGOI?	46	fffeff7fd7e7f
N??CA?_c?wIOGoBGCI?	46	7ffffffdffff
N??CA?_c?wIOGoBGGE?	46	3fffffffffff
N??CA?_c?wIOGoBG?M?	46	3fffffffffff
N??CA?_c?wIOAoHG[??	46	3fffffffffff
N??CA?_c?wIOAoHGT??	46	3fffffffffff
N??CA?_c?wIOAoHGS_?	46	3fffffffffff
N??CA?_c?wIOAoHGD_?	46	3fffffffffff
N??CA?_c?wIOAoHGDG?	46	3fffffffffff
N??CA?_c?wIOAoHGCg?	46	3fffffffffff
N??CA?_c?wIOAoHGSC?	46	3fffffffffff
N??CA?_c?wIOAoHGCK?	46	3fffffffffff
N??CA?_c?wIOAoHGKA?	46	3fffffffffff
N??CA?_c?wIOAoHGCa?	46	3fffffffffff
N??CA?_c?wIOAoHGCI?	46	3fffffffffff
N??CA?_c?wIOAoHGCE?	46	3fffffffffff
N??CA?_c?wIOgGBOL??	46	7ffffffeffff
N??CA?_c?wIOgGBOD_?	46	7ffffffeffff
N??CA?_c?wIOgGBOKO?	46	7ffffffffffe
N??CA?_c?wIOgGBODG?	46	7ffffffdffff
N??CA?_c?wIOgGBOKC?	46	7ffffffffffd
N??CA?_c?wIOgGBOCK?	46	3fffffffffff
N??CA?_c?wIOgGBOKA?	46	7ffffffffffd
N??CA?_c?wIOgGBOCQ?	46	ffffffff0e7ff
N??CA?_c?wIOgGBOCI?	46	3fffffffffff
N??CA?_c?wIOgGBOCE?	46	ffffffff0e7ff
N??CA?_c?wIOWGBOT??	46	3fffffffffff
N??CA?_c?wIOWGBOD_?	46	3ffffbbfeefff
N??CA?_c?wIOWGBOSO?	46	7ffffffffffe
N??CA?_c?wIOWGBOCW?	46	3fffffffffff
N??CA?_c?wIOWGBOCS?	46	7ffffffff7ff
N??CA?_c?wIOWGBOSA?	46	7ffffffffffd
N??CA?_c?wIOWGBOCQ?	46	7ffffffff7ff
N??CA?_c?wIOWGBOCI?	46	3fffffffffff
N??CA?_c?wIOGgBO[??	46	7ffffffffffe
N??CA?_c?wIOGgBOT??	46	3fffffffffff
N??CA?_c?wIOGgBOL??	46	3fffffffffff
N??CA?_c?wIOGgBOD_?	46	3fffffffffff
N??CA?_c?wIOGgBOKG?	46	3fffffffffff
N??CA?_c?wIOGgBODG?	46	3fffffffffff
N??CA?_c?wIOGgBOSC?	46	ffffffff0e7ff
N??CA?_c?wIOGgBOCK?	46	3fffffffffff
N??CA?_c?wIOGgBOSA?	46	ffffffff0e7ff
N??CA?_c?wIOGgBOKA?	46	7ffffffff7ff
N??CA?_c?wIOGgBOCI?	46	3fffffffffff
N??CA?_c?wIOGSBG[??	46	7ffffffffffb
N??CA?_c?wIOGSBGX??	46	3fffffffffff
N??CA?_c?wIOGSBGT??	46	3fffffffffff
N??CA?_c?wIOGSBGL??	46	3fffffffffff
N??CA?_c?wIOGSBGD_?	46	3fffffffffff
N??CA?_c?wIOGSBGKO?	46	7fffffffefff
N??CA?_c?wIOGSBGDO?	46	3fffffffffff
N??CA?_c?wIOGSBG@o?	46	3fffffffffff
N??CA?_c?wIOGSBGWG?	46	ffffffff0e7ff
N??CA?_c?wIOGSBGSG?	46	7fffffffefff
N??CA?_c?wIOGSBGPG?	46	3fffffffffff
N??CA?_c?wIOGSBGDG?	46	3fffffffffff
N??CA?_c?wIOGSBGOW?	46	fffeff7fd7e7f
N??CA?_c?wIOGSBGWC?	46	3fffffffffff
N??CA?_c?wIOGSBGKC?	46	3fffffffffff
N??CA?_c?wIOGSBGGS?	46	3fffffffffff
N??CA?_c?wIOGSBGOK?	46	3fffffffffff
N??CA?_c?wIOGSBG?[?	46	3fffffffffff
N??CA?_c?wIOGKBO[??	46	7ffffffffffd
N??CA?_c?wIOGKBOT??	46	3fffffffffff
N??CA?_c?wIOGKBOL??	46	3fffffffffff
N??CA?_c?wIOGKBOD_?	46	3fffffffffff
N??CA?_c?wIOGKBOSO?	46	ffffffff0e7ff
N??CA?_c?wIOGKBOKO?	46	7ffffffff7ff
N??CA?_c?wIOGKBOSG?	46	3fffffffffff
N??CA?_c?wIOGKBOKG?	46	3fffffffffff
N??CA?_c?wIOGKBOCW?	46	3fffffffffff
N??CA?_c?wIOGKBOCS?	46	fffeff7fd7e7f
N??CA?_c?wHOIOPGQO?	46	3fffffffffff
N??CA?_c?wHOIOPGOo?	46	3fffffffffff
N??CA?_c?wHOIOPGCo?	46	3ffffffffffcc
N??CA?_c?wHOIOPGAo?	46	3fffffffffff
N??CA?_c?wHOIOPGQC?	46	3fffffffffff
N??CA?_c?wHOIOPGSA?	46	3fffffffffff
N??CA?_c?wHOIOPGOa?	46	3fffffffffff
N??CA?_c?wHOIOPGOI?	46	3fffffffffff
N??CA?_c?wHOIOPGAI?	46	3fffffffffff
N??CA?_c?wHOIOPGOE?	46	3fffffffffff
N??CA?_c?wHOIOPGAE?	46	3fffffffffff
N??CA?_c?wHOIO@WU??	46	3fffffffffff
N??CA?_c?wHOIO@WWA?	46	3fffffffffff
N??CA?_c?wHOIO@WSA?	46	3fffffffffff
N??CA?_c?wHOIO@WOa?	46	3fffffffffff
N??CA?_c?wHOIO@WAQ?	46	3fffffffffff
N??CA?_c?wHOIO@WOE?	46	3fffffffffff
N??CA?_c?wBOw?@WK_?	46	7ffffffffffb
N??CA?_c?wBOw?@W@K?	46	3fffffffffff
N??CA?_c?wBOw?@W?k?	46	7ffffffdffff
N??CA?_c?wBOw?@W?[?	46	3fffffffffff
N??CA?_c?wBOw?@WGa?	46	3fffffffffff
N??CA?_c?wBOw?@WGQ?	46	fffffffdf7ff
N??CA?_c?wBOw?@WGI?	46	3fffffffffff
N??CA?_c?wBOw?@WCI?	46	3fffffffffff
N??CA?_c?wBOw?@W?Y?	46	3fffffffffff
N??CA?_c?wBOw?@W?M?	46	3fffffffffff
N??CA?_c?wBOY?@WWO?	46	ffffffffe7ff
N??CA?_c?wBOY?@WCg?	46	3ffffdefdefff
N??CA?_c?wBOY?@WOW?	46	3fffffffffff
N??CA?_c?wBOY?@WCW?	46	3fffffffffff
N??CA?_c?wBOY?@WOK?	46	3fffffffffff
N??CA?_c?wBOY?@W?k?	46	3fffffff0ffff
N??CA?_c?wBOY?@W?[?	46	3fffffffffff
N??CA?_c?wBOY?@WWA?	46	fffffffef7ff
N??CA?_c?wBOY?@WKA?	46	7ffffffeffff
N??CA?_c?wBOY?@WOQ?	46	3fffffffdef7e
N??CA?_c?wBOY?@WGQ?	46	fffffffdff7f
N??CA?_c?wBOY?@W?q?	46	3ffffffff7efc
N??CA?_c?wBOY?@WGI?	46	3fffffffffff
N??CA?_c?wBOY?@WCI?	46	3fffffffffff
N??CA?_c?wBOY?@W?Y?	46	3fffffffffff
N??CA?_c?wBOY?@W?M?	46	3fffffffffff
N??CA?_c?wBOp?GWK_?	46	7ffffffffffb
N??CA?_c?wBOp?GWCg?	46	7fffffffefff
N??CA?_c?wBOp?GWCW?	46	3fffffffffff
N??CA?_c?wBOp?GWKA?	46	3fffffffffff
N??CA?_c?wBOp?GWCa?	46	2ffeffffffefb
N??CA?_c?wBOp?GWCQ?	46	2ffeffffffefb
N??CA?_c?wBOp?GWCI?	46	3fffffffffff
N??CA?_c?wBOp?GWCE?	46	3fffffffffff
N??CA?_c?wBOX?@WL??	46	3ffffbbfeefff
N??CA?_c?wBOX?@WDG?	46	3ffffdefdefff
N??CA?_c?wBOX?@WWA?	46	3fffffffffff
N??CA?_c?wBOR?GWK_?	46	3ffffbbfeefff
N??CA?_c?wBOR?GWSO?	46	3bfffffbf7ffd
N??CA?_c?wBOR?GWCg?	46	3ffffdefdefff
N??CA?_c?wBOR?GWCW?	46	3fffffffffff
N??CA?_c?wBOR?GWSA?	46	2ffeffffffefb
N??CA?_c?wBOR?GWCQ?	46	37fffbfffeffb
N??CA?_c?wBOR?GWCI?	46	3fffffffffff
N??CA?_c?wBOR?GWCE?	46	3fffffffffff
N??CA?_c?wBOW_@W[??	46	7ffffffff7ff
N??CA?_c?wBOW_@WX??	46	ffffffffe7ff
N??CA?_c?wBOW_@WL??	46	7ffffffff7ff
N??CA?_c?wBOW_@WK_?	46	3fffffffffff
N??CA?_c?wBOW_@WPG?	46	3fffffffffff
N??CA?_c?wBOW_@WHG?	46	3fffffffffff
N??CA?_c?wBOW_@WDG?	46	3fffffffffff
N??CA?_c?wBOW_@WCg?	46	3fffffffffff
N??CA?_c?wBOW_@WOK?	46	3fffffffffff
N??CA?_c?wBOW_@W@K?	46	3fffffffffff
N??CA?_c?wBOW_@W?k?	46	3fffffffffff
N??CA?_c?wBOW_@WWA?	46	fffffffdf7ff
N??CA?_c?wBOW_@WKA?	46	7ffffffdffff
N??CA?_c?wBOW_@WHA?	46	fffffffdff7f
N??CA?_c?wBOW_@WOI?	46	3fffffffffff
N??CA?_c?wBOW_@WCI?	46	3fffffffffff
N??CA?_c?wBOW_@W?M?	46	3fffffffffff
N??CA?_c?wBOP_GWT??	46	3bfffffbf7ffd
N??CA?_c?wBOP_GWL??	46	3fffffffffff
N??CA?_c?wBOP_GWK_?	46	3fffffffffff
N??CA?_c?wBOP_GWSG?	46	3fffffffffff
N??CA?_c?wBOP_GWDG?	46	3fffffffffff
N??CA?_c?wBOP_GWCg?	46	3fffffffffff
N??CA?_c?wBOP_GWDC?	46	3fffffffffff
N??CA?_c?wBOP_GWSA?	46	2ffeffffffefb
N??CA?_c?wBOP_GWKA?	46	3fffffffffff
N??CA?_c?wBOP_GWDA?	46	37fffbfffeffb
N??CA?_c?wBOP_GWCI?	46	3fffffffffff
N??CA?_c?wBOoOHGL??	46	7fffffffefff
N??CA?_c?wBOoOHGKG?	46	fffffffdfeff
N??CA?_c?wBOoOHGKC?	46	fffffffdfeff
N??CA?_c?wBOoOHGKA?	46	3fffffffffff
N??CA?_c?wBOWOPGD_?	46	3ffffbbfeefff
N??CA?_c?wBOWOPGSG?	46	fffffffdfeff
N??CA?_c?wBOWOPGDG?	46	3ffffdefdefff
N??CA?_c?wBOWOPGCW?	46	3fffffffffff
N??CA?_c?wBOWOPGOS?	46	3fffffffffff
N??CA?_c?wBOWOPG@S?	46	3fffffffffff
N??CA?_c?wBOWOPGSA?	46	7ffffffeffff
N??CA?_c?wBOWOPGCQ?	46	7ffffffdffff
N??CA?_c?wBOWOPG@I?	46	3fffffffffff
N??CA?_c?wBOWOPG?Y?	46	3fffffffffff
N??CA?_c?wBOWOPGOE?	46	3fffffffffff
N??CA?_c?wBOWOPG@E?	46	3fffffffffff
N??CA?_c?wBOWOPG?U?	46	3fffffffffff
N??CA?_c?wBOQOHGK_?	46	3ffffbbfeefff
N??CA?_c?wBOQOHGKG?	46	3ffffdefdefff
N??CA?_c?wBOQOHGKA?	46	3fffffffffff
N??CA?_c?wBOPOWGD_?	46	3ffffbbfeefff
N??CA?_c?wBOPOWGSO?	46	1ffffff7efffd
N??CA?_c?wBOPOWGSA?	46	37fffbfffeffb
N??CA?_c?wBOPOWGCQ?	46	3fff7dfffeeff
N??CA?_c?wBOPOHGL??	46	3ffffbbfeefff
N??CA?_c?wBOOoHGL??	46	3fffffffffff
N??CA?_c?wBOOoHGK_?	46	3fffffffffff
N??CA?_c?wBOOoHGKG?	46	3fffffffffff
N??CA?_c?wBOOoHGKC?	46	3fffffffffff
N??CA?_c?wBOOoHGKA?	46	3fffffffffff
N??CA?_c?wBOWC@W[??	46	7ffffffeffff
N??CA?_c?wBOWC@WX??	46	fffffffef7ff
N??CA?_c?wBOWC@WW_?	46	3fffffffffff
N??CA?_c?wBOWC@WK_?	46	3fffffffffff
N??CA?_c?wBOWC@WWO?	46	fffffffdf7ff
N??CA?_c?wBOWC@WSG?	46	3fffffffffff
N??CA?_c?wBOWC@WDG?	46	3fffffffffff
N??CA?_c?wBOWC@WOg?	46	3fffffffffff
N??CA?_c?wBOWC@WCg?	46	3fffffffffff
N??CA?_c?wBOWC@WOW?	46	3fffffffffff
N??CA?_c?wBOWC@WCW?	46	3fffffffffff
N??CA?_c?wBOWC@WOK?	46	3fffffffffff
N??CA?_c?wBOWC@W@K?	46	3fffffffffff
N??CA?_c?wBOWC@W?k?	46	3fffffffffff
N??CA?_c?wBOWC@W?[?	46	3fffffffffff
N??CA?_c?wBOPCGW[??	46	3fffffffffff
N??CA?_c?wBOPCGWT??	46	2ffeffffffefb
N??CA?_c?wBOPCGWL??	46	3fffffffffff
N??CA?_c?wBOPCGWS_?	46	2ffeffffffefb
N??CA?_c?wBOPCGWK_?	46	3fffffffffff
N??CA?_c?wBOPCGWSO?	46	2ffeffffffefb
N??CA?_c?wBOPCGWKO?	46	3fffffffffff
N??CA?_c?wBOPCGWSG?	46	3fffffffffff
N??CA?_c?wBOPCGWDG?	46	3fffffffffff
N??CA?_c?wBOPCGWCg?	46	3fffffffffff
N??CA?_c?wBOPCGWCW?	46	3fffffffffff
N??CA?_c?wBOOSHG[??	46	3fffffffffff
N??CA?_c?wBOOSHGL??	46	3fffffffffff
N??CA?_c?wBOOSHGK_?	46	3fffffffffff
N??CA?_c?wBOOSHGKO?	46	3fffffffffff
N??CA?_c?wBOOSHGKC?	46	3fffffffffff
N??CA?_c?w@oY?_WM??	46	3fffffffffff
N??CA?_c?w@oY?_WK_?	46	3fffffffffff
N??CA?_c?w@oY?_WI_?	46	3fffffffffff
N??CA?_c?w@oY?_WEG?	46	3fffffffffff
N??CA?_c?w@oY?_WCg?	46	3fffffffffff
N??CA?_c?w@oY?_WAg?	46	3fffffffffff
N??CA?_c?w@oY?_WCW?	46	3fffffffffff
N??CA?_c?w@oY?_WAK?	46	3fffffffffff
N??CA?_c?w@oY?_W?k?	46	3fffffffffff
N??CA?_c?w@oY?_W?[?	46	3fffffffffff
N??CA?_c?w@oY?_WKA?	46	3fffffffffff
N??CA?_c?w@oY?_WGQ?	46	3fffffffffff
N??CA?_c?w@oY?_WGI?	46	3fffffffffff
N??CA?_c?w@oY?_WCI?	46	3fffffffffff
N??CA?_c?w@oY?_WAI?	46	3fffffffffff
N??CA?_c?w@oY?_W?Y?	46	3fffffffffff
N??CA?_c?w@oY?_W?M?	46	3fffffffffff
N??CA?_c?w@oY?OWU??	46	3fffffffffff
N??CA?_c?w@oY?OWSG?	46	fffffffdf7ff
N??CA?_c?w@oY?OWCg?	46	3defbfffdea94fcc
N??CA?_c?w@oY?OWQC?	46	3fffffffffff
N??CA?_c?w@oY?OWAc?	46	3ffffdefdefff
N??CA?_c?w@oY?OWOK?	46	ffffffff7f7f
N??CA?_c?w@oY?OWSA?	46	7ffffffffffe
N??CA?_c?w@oY?OWOI?	46	7ffffffff7ff
N??CA?_c?w@oY?OWOE?	46	7ffffffff7ff
N??CA?_c?w@oY?CW[??	46	3fffffffffff
N??CA?_c?w@oY?CWK_?	46	3ffffbbfeefff
N??CA?_c?w@oY?CWKO?	46	3fffffffffff
N??CA?_c?w@oY?CWSG?	46	3fffffffffff
N??CA?_c?w@oY?CWCg?	46	3ffffdefdefff
N??CA?_c?w@oY?CW?[?	46	3fffffffffff
N??CA?_c?w@oY?CWWA?	46	3fffffffffff
N??CA?_c?w@oY?CWGQ?	46	3fffffffffff
N??CA?_c?w@oY?CW?q?	46	3ffffffff7efc
N??CA?_c?w@oY?CWOI?	46	3fffffffffff
N??CA?_c?w@oY?CWCI?	46	3fffffffffff
N??CA?_c?w@oY?CW?Y?	46	3fffffffffff
N??CA?_c?w@oY?@WY??	46	3fffffffffff
N??CA?_c?w@oY?@WM??	46	3ffffbbfeefff
N??CA?_c?w@oY?@WQO?	46	3fffffffcfefb
N??CA?_c?w@oY?@WSG?	46	3fffffffffff
N??CA?_c?w@oY?@WEG?	46	3ffffdefdefff
N??CA?_c?w@oY?@WWA?	46	3fffffffffff
N??CA?_c?w@oQOgGM??	46	7ffffffeffff
N??CA?_c?w@oQOgGK_?	46	fffffffef7ff
N??CA?_c?w@oQOgGKO?	46	3fffffffffff
N??CA?_c?w@oQOgGKG?	46	fffffffdf7ff
N??CA?_c?w@oQOgGKC?	46	fffffffdf7ff
N??CA?_c?w@oQOgGKA?	46	3fffffffffff
N??CA?_c?w@oQOWGU??	46	3fffffffffff
N??CA?_c?w@oQOWGE_?	46	3ffffbbfeefff
N??CA?_c?w@oQOWGSG?	46	fffffffdf7ff
N??CA?_c?w@oQOWGSA?	46	fffffffffefe
N??CA?_c?w@oQOKG[??	46	3fffffffffff
N??CA?_c?w@oQOKGK_?	46	3ffffbbfeefff
N??CA?_c?w@oQOKGKG?	46	3ffffdefdefff
N??CA?_c?w@oQOKGKA?	46	3fffffffffff
N??CA?_c?w@oQOHG[??	46	3fffffffffff
N??CA?_c?w@oQOHGM??	46	3ffffbbfeefff
N??CA?_c?wIGY?@gSO?	46	3fffffffffff
N??CA?_c?wIGY?@gPO?	46	3fffffffffff
N??CA?_c?wIGY?@gOo?	46	ffffffffeffe
N??CA?_c?wIGY?@g@o?	46	3fffffffffff
N??CA?_c?wIGY?@gCW?	46	3fffffffffff
N??CA?_c?wIGY?@gOK?	46	3fffffffffff
N??CA?_c?wIGY?@gCK?	46	3fffffff0ffff
N??CA?_c?wIGY?@g?[?	46	3fffffffffff
N??CA?_c?wIGY?@gSA?	46	7fffffffefff
N??CA?_c?wIGY?@gCQ?	46	3fffffffffff
N??CA?_c?wIGY?@g@I?	46	3fffffffdef7e
N??CA?_c?wIGY?@g?Y?	46	3fffffffffff
N??CA?_c?wIGY?@gOE?	46	7ffffffffffb
N??CA?_c?wIGY?@g?U?	46	7fffffffefff
N??CA?_c?wIGR?GgCW?	46	3fffffff0ffff
N??CA?_c?wIGW_BGT??	46	3fffffffffff
N??CA?_c?wIGW_BGD_?	46	fffffbbfce7ff
N??CA?_c?wIGW_BGPO?	46	3fffffffffff
N??CA?_c?wIGW_BG@o?	46	3fffffffffff
N??CA?_c?wIGW_BGDG?	46	3ffffdefdefff
N??CA?_c?wIGW_BG@c?	46	fffffdefce7ff
N??CA?_c?wIGW_BGOK?	46	3fffffffffff
N??CA?_c?wIGW_BGSA?	46	7ffffffffffb
N??CA?_c?wIGW_BGCQ?	46	7fffffffefff
N??CA?_c?wIGW_BG?Y?	46	fffeff7fd7e7f
N??CA?_c?wIGW_BGOE?	46	7fffffff7fff
N??CA?_c?wIGW_BG?U?	46	3fffffffffff
N??CA?_c?wIGQ_HGD_?	46	fffffbbfce7ff
N??CA?_c?wIGQ_HGDG?	46	3ffffdefdefff
N??CA?_c?wIGQ_HGCK?	46	3fffffff0ffff
N??CA?_c?wIGQ_HGSA?	46	7fffffffff7f
N??CA?_c?wIGQ_HGCQ?	46	3fffffffffff
N??CA?_c?wIGB_Gg[??	46	7ffffffdffff
N??CA?_c?wIGB_GgL??	46	3fffffffffff
N??CA?_c?wIGB_GgKG?	46	7fffffff7fff
N??CA?_c?wIGgGB_L??	46	7ffffffeffff
N??CA?_c?wIGgGB_KO?	46	7ffffffdffff
N??CA?_c?wIGgGB_KG?	46	fffffffdfffe
N??CA?_c?wIGgGB_KC?	46	fffffffdfffe
N??CA?_c?wIGgGB_KA?	46	7ffffffffffe
N??CA?_c?wIGWGB_T??	46	3fffffffffff
N??CA?_c?wIGWGB_D_?	46	7ff7fbbfeefff
N??CA?_c?wIGWGB_SO?	46	7ffffffdffff
N??CA?_c?wIGWGB_DG?	46	3ffffdefdefff
N??CA?_c?wIGWGB_CW?	46	7fffffff7fff
N??CA?_c?wIGWGB_SA?	46	7ffffffffffe
N??CA?_c?wIGWGB_CQ?	46	3fffffffffff
N??CA?_c?wIGGcBG[??	46	7ffffffffffb
N??CA?_c?wIGGcBGX??	46	3fffffffffff
N??CA?_c?wIGGcBGL??	46	3fffffffffff
N??CA?_c?wIGGcBGWO?	46	ffffffff0e7ff
N??CA?_c?wIGGcBGGW?	46	fffeff7fd7e7f
N??CA?_c?wIGGcBGWC?	46	3fffffffffff
N??CA?_c?wIGGcBGGS?	46	3fffffffffff
N??CA?_c?wIGGKB_[??	46	7ffffffffffe
N??CA?_c?wIGGKB_L??	46	3fffffffffff
N??CA?_c?wIGGKB_KO?	46	3fffffffffff
N??CA?_c?wIGGKB_KG?	46	ffffffff0e7ff
N??CA?_c?wIGGKB_KC?	46	ffffffff0e7ff
N??CA?_cAaM?B_BG@o?	46	37ff6fdff9f0fb52
N??CA?_cAaM?B_BGPC?	46	2ffeffffffefb
N??CA?_cAaM?B_BG@c?	46	3ff73fdb9cfdef61
N??CA?_cAaM?B_BGOS?	46	2ffeffffffefb
N??CA?_cAaM?B_BGOK?	46	7ffffffff7ff
N??CA?_cAaM?B_BGCQ?	46	7fffffffefff
N??CA?_cAaM?B_BG?Y?	46	fffeff7fd7e7f
N??CA?_cAaL?B_BGU??	46	3fffffffffff
N??CA?_cAaL?B_BGAo?	46	3fffffffffff
N??CA?_cAaL?B_BGCK?	46	2ffdeff7fe70fccc
N??CA?_cAaL?B_BGSA?	46	3fffffffffff
N??CA?_cAaL?B_BGOa?	46	3fffffffffff
N??CA?_cAaL?B_BGCQ?	46	3fffffffffff
N??CA?_cAaL?B_BGOI?	46	3fffffffffff
N??CA?_cAaL?B_BG?Y?	46	3fffffffffff
N??CA?_cAaL?B_BGOE?	46	3fffffffffff
N??CA?_cAaL?B_@gU??	46	3fffffffffff
N??CA?_cAaL?B_@gQG?	46	ffffffffeffb
N??CA?_cAaL?B_@gEG?	46	fffffffef7ff
N??CA?_cAaL?B_@gQC?	46	7ffffffffffd
N??CA?_cAaL?B_@g@c?	46	3fefebfbbba64b7e
N??CA?_cAaL?B_@gAK?	46	3fffffffffff
N??CA?_cAaL?B_@gSA?	46	3fffffffffff
N??CA?_cAaL?B_@gEA?	46	3fffffffffff
N??CA?_cAaL?B_@gOa?	46	3ffffffffe67f
N??CA?_cAaL?B_@gAI?	46	ffffffffff7e
N??CA?_cAaL?B_@gOE?	46	fffffffffe7f
N??CA?_cAaL?B_@g?M?	46	3fffffffffff
N??CA?_cAaL?`GB_F??	46	3fffffffffff
N??CA?_cAaL?`GB_E_?	46	3fffffffffff
N??CA?_cAaL?`GB_EO?	46	3fffffffffff
N??CA?_cAaL?`GB_@o?	46	3fff7fefdfeff
N??CA?_cAaL?`GB_EG?	46	ffffffff7ffe
N??CA?_cAaL?`GB_AW?	46	3fffffffffff
N??CA?_cAaL?`GB_BC?	46	3fffffffffff
N??CA?_cAaL?`GB_Ac?	46	7ffffffffffd
N??CA?_cAaL?`GB_AS?	46	7ffffffffffd
N??CA?_cAaL?`GB_?s?	46	fffffffe97e7f
N??CA?_cAaL?`GB_AK?	46	7ffffffff7ff
N??CA?_cAaL?`GB_?[?	46	3fffffffffff
N??CA?_cAaL?`GB_DA?	46	3fffffffffff
N??CA?_cAaL?`GB_Ca?	46	3fffffffffff
N??CA?_cAaL?`GB_CQ?	46	3fffffffffff
N??CA?_cAaL?`GB_?q?	46	3ffffffffe67f
N??CA?_cAaL?`GB_@E?	46	3fffffffffff
N??CA?_cAaL?`GB_?e?	46	fffffffffe7f
N??CA?_cAaL?`GB_?U?	46	fffffffffe7f
N??CA?_cAaL?`GB_?M?	46	7ffffffdffff
N??CA?_cAaL?@WB_U??	46	7ffffffffffe
N??CA?_cAaL?@WB_SO?	46	3fffffffffff
N??CA?_cAaL?@WB_QO?	46	7fffffffefff
N??CA?_cAaL?@WB_EO?	46	3fffffffffff
N??CA?_cAaL?@WB_SA?	46	7ffffffff7ff
N??CA?_cAaL?@WB_PA?	46	3fffffffffff
N??CA?_cAaL?@WB_AQ?	46	7fffffffff7f
N??CA?_cAaL?@WB_@Q?	46	3fffffffffff
N??CA?_cAaL?@cBGU??	46	7ffffffffffb
N??CA?_cAaL?@cBGT??	46	3fffffffffff
N??CA?_cAaL?@cBGS_?	46	3fffffffffff
N??CA?_cAaL?@cBGP_?	46	3fffffffffff
N??CA?_cAaL?@cBGDO?	46	3fffffffffff
N??CA?_cAaL?@cBGCo?	46	3fffffffffff
N??CA?_cAaL?@cBG@o?	46	3fffffffffff
N??CA?_cAaL?@cBGCW?	46	7ffffffdffff
N??CA?_cAaL?@cBGAW?	46	3fffffffdef7e
N??CA?_cAaL?@cBG@W?	46	3fffffffffff
N??CA?_cAaL?@cBGSC?	46	3fffffffffff
N??CA?_cAaL?@cBGQC?	46	7ffffffffffb
N??CA?_cAaL?@cBGPC?	46	3fffffffffff
N??CA?_cAaL?@cBGOc?	46	fffffffffe7f
N??CA?_cAaL?@cBG@c?	46	3fdffffffb7fe
N??CA?_cAaL?@cBGCS?	46	3fffffffffff
N??CA?_cAaL?@cBG@S?	46	3fffffffffff
N??CA?_cAaL?@cBG?s?	46	fffffffefffd
N??CA?_cAaL?@cBGOK?	46	3fffffffffff
N??CA?_cAaL?@cBG?k?	46	3fffffffffff
N??CA?_cAaL?@cBG?[?	46	3fffffffffff
N??CA?_cAaL?@KB_U??	46	7ffffffffffe
N??CA?_cAaL?@KB_T??	46	3fffffffffff
N??CA?_cAaL?@KB_S_?	46	3fffffffffff
N??CA?_cAaL?@KB_E_?	46	3fffffffffff
N??CA?_cAaL?@KB_SO?	46	3fffffffffff
N??CA?_cAaL?@KB_EO?	46	3fffffffffff
N??CA?_cAaL?@KB_DO?	46	3fffffffffff
N??CA?_cAaL?@KB_@o?	46	3fffffffffff
N??CA?_cAaL?@KB_AW?	46	3fffffffffff
N??CA?_cAaL?@KB_@W?	46	3fffffffffff
N??CA?_cAaL?@KB_?w?	46	3fffffffffff
N??CA?_cAaL?@KB_PC?	46	3fffffffffff
N??CA?_cAaL?@KB_@c?	46	3fffffffffff
N??CA?_cAaL?@KB_@S?	46	3fffffffffff
N??CA?_cAaL?@KB_?s?	46	fffffffefffd
N??CA?_cAaL?@KB_OK?	46	7ffffffdffff
N??CA?_cAaL?@KB_AK?	46	fffffffdf7ff
N??CA?_cAaL?@KB_?[?	46	3fffffffffff
N??CA?_cAaHOL?BGT??	46	3fffffffffff
N??CA?_cAaHOL?BGSO?	46	7ffffffffffd
N??CA?_cAaHOL?BGDO?	46	3fffffffffff
N??CA?_cAaHOL?BGCo?	46	3fffffffffff
N??CA?_cAaHOL?BGDG?	46	3ffffdefdefff
N??CA?_cAaHOL?BGCW?	46	7ffffffff7ff
N??CA?_cAaHOL?BGCQ?	46	7fffffffefff
N??CA?_cAaHOL?BG?q?	46	3fffffffffff
N??CA?_cAaHOL?BGCI?	46	7fffffffefff
N??CA?_cAaHOL?BG?Y?	46	3fffffffcff7d
N??CA?_cAaHOL?BGOE?	46	7ffffffeffff
N??CA?_cAaHOL?BG?U?	46	3fffffffffff
N??CA?_cAaHOJ?BGU??	46	7fffffffefff
N??CA?_cAaHOJ?BGE_?	46	fffffbbfce7ff
N??CA?_cAaHOJ?BGEG?	46	3ffffdefdefff
N??CA?_cAaHOJ?BGCW?	46	3ffffffffffcc
N??CA?_cAaHOJ?BG?w?	46	3effffffffb7e
N??CA?_cAaHOJ?BGSA?	46	7fffffffff7f
N??CA?_cAaHOJ?BGOa?	46	7ffffffff7ff
N??CA?_cAaHOJ?BGCQ?	46	3fffffffffff
N??CA?_cAaHOJ?BGCI?	46	3fffffffffff
N??CA?_cAaHOH_BGR??	46	7ffffffffffd
N??CA?_cAaHOH_BGF??	46	3fffffffffff
N??CA?_cAaHOH_BGQ_?	46	3fffffffffff
N??CA?_cAaHOH_BGD_?	46	2ffdeff7fe70fccc
N??CA?_cAaHOH_BGQG?	46	3ffffffffe67f
N??CA?_cAaHOH_BGEG?	46	7ffffffff7ff
N??CA?_cAaHOH_BGDG?	46	3ffffffffffcc
N??CA?_cAaHOH_BGOg?	46	3fffffffffff
N??CA?_cAaHOH_BGCg?	46	3ffffffffffcc
N??CA?_cAaHOH_BGQC?	46	3fffffffffff
N??CA?_cAaHOH_BG@K?	46	3effffffffb7e
N??CA?_cAaHOH_BGAI?	46	3fffffffcff7d
N??CA?_cAaHOH_BGOE?	46	3fffffffffff
N??CA?_cAaHOHOBGU??	46	7ffffffffffd
N??CA?_cAaHOHOBGT??	46	3fffffffffff
N??CA?_cAaHOHOBGF??	46	3ffffdefdefff
N??CA?_cAaHOHOBGSO?	46	7ffffffff7ff
N??CA?_cAaHOHOBGQO?	46	3ffffffffe67f
N??CA?_cAaHOHOBGBO?	46	7ffffffff7ff
N??CA?_cAaHOHOBGSC?	46	3fffffffffff
N??CA?_cAaHOHOBGQC?	46	3fffffffffff
N??CA?_cAaHOHOBGBC?	46	3fffffff0ffff
N??CA?_cAaHOHOBGCc?	46	2ffdeff7fe70fccc
N??CA?_cAaHOHOBG@S?	46	3effffffffb7e
N??CA?_cAaHOHOBGSA?	46	7fffffffefff
N??CA?_cAaHOHOBGPA?	46	7ffffffffeff
N??CA?_cAaHOHOBGOa?	46	3fffffffffff
N??CA?_cAaHOHOBGCQ?	46	7ffffffdffff
N??CA?_cAaHOHOBGAQ?	46	3fffffffcff7d
N??CA?_cAaHOHOBGOE?	46	3fffffffffff
N??CA?_cAaHOHOBG@E?	46	3fffffffffff
N??CA?_cAaHOHCBGU??	46	ffffffffff7b
N??CA?_cAaHOHCBGT??	46	3fffffffffff
N??CA?_cAaHOHCBGF??	46	3fffffffffff
N??CA?_cAaHOHCBGP_?	46	3fffffffffff
N??CA?_cAaHOHCBGDO?	46	3fffffffffff
N??CA?_cAaHOHCBGCo?	46	3fffffffffff
N??CA?_cAaHOHCBGSG?	46	7fffffffefff
N??CA?_cAaHOHCBGEG?	46	7fffffffefff
N??CA?_cAaHOHCBGDG?	46	3fffffffffff
N??CA?_cAaHOHCBGCW?	46	7ffffffdffff
N??CA?_cAaHOHCBGSC?	46	fffffffef7ff
N??CA?_cAaHOHCBGQC?	46	7ffffffeffff
N??CA?_cAaHOHCBGPC?	46	3fffffffffff
N??CA?_cAaHOHCBGBC?	46	3fffffffffff
N??CA?_cAaHOHCBGCS?	46	3fffffffffff
N??CA?_cAaHOHCBG@S?	46	3fffffffffff
N??CA?_cAaHOHCBG?s?	46	3fffffffffff
N??CA?_cAaHOHCBGOK?	46	3fffffffffff
N??CA?_cAaHOHCBG@K?	46	3fffffffffff
N??CA?_cAaKGB_BGU??	46	fffdf7ffff77c
N??CA?_cAaKGB_BGQO?	46	ffffffff0e7ff
N??CA?_cAaKGB_BGQC?	46	7ffffffff7ff
N??CA?_cAaKGB_BGOS?	46	3ffeff7ff7eff
N??CA?_cAaKGB_BGCS?	46	3ffffffffffcc
N??CA?_cAaKGB_BGAS?	46	3fffffffffff
N??CA?_cAaKGB_BGSA?	46	ffffffff0e7ff
N??CA?_cAaKGB_BGPA?	46	3ffffbbfeefff
N??CA?_cAaKGB_BGBA?	46	3fffffffffff
N??CA?_cAaKGB_BGOQ?	46	fffffbbfce7ff
N??CA?_cAaKGB_BGCQ?	46	7ffffffdffff
N??CA?_cAaKGB_BGAQ?	46	fffeff7fd7e7f
N??CA?_cAaKGB_BGOE?	46	7ffffffdffff
N??CA?_EEG[?D_AWB_?	46	3fffffffffff
N??CA?_EEG[?D_AWBO?	46	3fffffffffff
N??CA?_EEG[?D_AW@o?	46	3fffffffffff
N??CA?_EEG[?D_AWBG?	46	3fffffffffff
N??CA?_EEG[?D_AWCW?	46	3ffffffffffcc
N??CA?_EEG[?D_AW?w?	46	1ffffffffb7fe
N??CA?_EEG[?D_AWBC?	46	3fffffffffff
N??CA?_EEG[?D_AW?s?	46	1ffffffffb7fe
N??CA?_EEG[?D_AW?k?	46	1ffffffffb7fe
N??CA?_EEG[?D_AWBA?	46	3fffffffffff
N??CA?_EEG[?D_AWAE?	46	3fffffffffff
N??CA?_EEG[?D_AW@E?	46	fffffffff7fb
N??CA?_EEG[?CoBGBO?	46	3fffffffffff
N??CA?_EEG[?CoBGCW?	46	ffffffffff74c
N??CA?_EEG[?CoBGAW?	46	3ffffffffe67f
N??CA?_EEG[?CoBG@W?	46	3fffffffffff
N??CA?_EEG[?CoBG?w?	46	1ffffffffb7fe
N??CA?_EEG[?CoBGBC?	46	3fffffffffff
N??CA?_EEG[?CoBG?s?	46	1ffffffffb7fe
N??CA?_EEG[?CoBGBA?	46	3fffffffffff
N??CA?_EEG[?CoBGAE?	46	3fffffffffff
N??CA?_EEG[?CoBG@E?	46	fffffffefffe
N??CA?_EEG[?@oEGBO?	46	2ffeffffffefb
N??CA?_EEG[?DGAgBG?	46	3fffffffffff
N??CA?_EEG[?@gEOF??	46	7ffffffffffd
N??CA?_EEG[?@gEOB_?	46	3fffffffffff
N??CA?_EEG[?@gEOBO?	46	3fffffffffff
N??CA?_EEG[?@gEOAo?	46	3fffffffffff
N??CA?_EEG[?@gEOAg?	46	3fffffffffff
N??CA?_EEG[?@gEOBC?	46	3fffffffffff
N??CA?_EEG[?@gEO?q?	46	7ffffffff7ff
N??CA?_EEG[?@gEO?i?	46	3fffffffffff
N??CA?_EEG[?@gEOAE?	46	3fffffffffff
N??CA?_EEG[??wF?BO?	46	3fffffffffff
N??CA?_EEG[??wF?Ao?	46	3fffffffffff
N??CA?_EEG[??wF?BC?	46	3fffffffffff
N??CA?_EEG[??wF??q?	46	3fffffffffff
N??CA?_EEG[??wF?AE?	46	3fffffffffff
N??CA?_EEGY?H_AWEO?	46	fffffffff77f
N??CA?_EEGY?H_AWDO?	46	3fffffffffff
N??CA?_EEGY?H_AWAo?	46	3ffffffffe67f
N??CA?_EEGY?H_AW@W?	46	3fffffffffff
N??CA?_EEGY?H_AW@S?	46	3fffffffffff
N??CA?_EEGY?H_AW?s?	46	1ffffffffb7fe
N??CA?_EEGY?H_AW?k?	46	1ffffffffb7fe
N??CA?_EEGY?H_AW?[?	46	1ffffffffb7fe
N??CA?_EEGY?H_AWDA?	46	3fffffffffff
N??CA?_EEGY?H_AWCE?	46	3fffffffffff
N??CA?_EEGY?B_GWCg?	46	3ffffffffffcc
N??CA?_EEGY?B_GWDA?	46	3fffffffffff
N??CA?_EEGY?GoBGCW?	46	ffffffffff74c
N??CA?_EEGY?GoBG@W?	46	3fffffffffff
N??CA?_EEGY?GoBG@S?	46	3fffffffffff
N??CA?_EEGY?GoBG?[?	46	1ffffffffb7fe
N??CA?_EEGY?GoBGDA?	46	3fffffffffff
N??CA?_EEGY?GoBGCE?	46	3fffffffffff
N??CA?_EEGY?AoHGDA?	46	3fffffffffff
N??CA?_EEGU?F??wL??	46	7ffffffff7ff
N??CA?_EEGU?F??wKO?	46	3fffffffffff
N??CA?_EEGU?F??wHO?	46	3fffffffffff
N??CA?_EEGU?F??wHG?	46	3fffffffffff
N??CA?_EEGU?F??wGg?	46	3fffffffffff
N??CA?_EEGU?F??wCg?	46	3fffffffffff
N??CA?_EEGU?F??wCW?	46	3fffffffffff
N??CA?_EEGU?F??w@W?	46	3fffffffffff
N??CA?_EEGU?F??wKC?	46	3fffffffffff
N??CA?_EEGU?F??wHC?	46	3fffffffffff
N??CA?_EEGU?F??wGc?	46	3fffffffffff
N??CA?_EEGU?F??wCc?	46	3fffffffffff
N??CA?_EEGU?F??w@c?	46	3fffffffffff
N??CA?_EEGU?F??wGS?	46	3fffffffffff
N??CA?_EEGU?F??w@S?	46	3fffffffffff
N??CA?_EEGU?F??w@K?	46	3fffffffffff
N??CA?_EEGU?F??w?k?	46	3fffffffffff
N??CA?_EEGU?F??w?[?	46	3fffffffffff
N??CA?_EEGU?F??wKA?	46	7ffffffdffff
N??CA?_EEGU?F??wHA?	46	fffffffdf7ff
N??CA?_EEGU?F??wGQ?	46	3fffffffffff
N??CA?_EEGU?F??wCQ?	46	3fffffffffff
N??CA?_EEGU?F??w@Q?	46	3fffffffffff
N??CA?_EEGU?F??wCI?	46	3fffffffffff
N??CA?_EEGU?F??w@I?	46	3fffffffffff
N??CA?_EEGU?F??w?Y?	46	3fffffffffff
N??CA?_EEGU?F??wGE?	46	3fffffffffff
N??CA?_EEGU?F??w?U?	46	3fffffffffff
N??CA?_EEGU?F??w?M?	46	3fffffffffff
N??CA?_EEGU?E_PG@K?	46	3fffffffffff
N??CA?_EEGU?E_@WK_?	46	3fffffffffff
N??CA?_EEGU?E_@WH_?	46	3fffffffffff
N??CA?_EEGU?E_@WKO?	46	7ffffffff7ff
N??CA?_EEGU?E_@WHO?	46	ffffffffe7ff
N??CA?_EEGU?E_@WHG?	46	3fffffffffff
N??CA?_EEGU?E_@WDG?	46	3fffffffffff
N??CA?_EEGU?E_@WGg?	46	3fffffffffff
N??CA?_EEGU?E_@WCg?	46	3fffffffffff
N??CA?_EEGU?E_@W@g?	46	3fffffffffff
N??CA?_EEGU?E_@WCW?	46	3fffffffffff
N??CA?_EEGU?E_@WKC?	46	3fffffffffff
N??CA?_EEGU?E_@WHC?	46	3fffffffffff
N??CA?_EEGU?E_@WGc?	46	3fffffffffff
N??CA?_EEGU?E_@WCc?	46	3fffffffffff
N??CA?_EEGU?E_@W@c?	46	3fffffffffff
N??CA?_EEGU?E_@WGK?	46	3fffffffffff
N??CA?_EEGU?E_@WCK?	46	3fffffffffff
N??CA?_EEGU?E_@W@K?	46	3fffffffffff
N??CA?_EEGU?E_@W?k?	46	3fffffffffff
N??CA?_EEGU?E_@W?[?	46	3fffffffffff
N??CA?_EEGU?E_@WKA?	46	7ffffffeffff
N??CA?_EEGU?E_@WGa?	46	3fffffffffff
N??CA?_EEGU?E_@WCa?	46	3fffffffffff
N??CA?_EEGU?E_@WGQ?	46	fffffffdf7ff
N??CA?_EEGU?E_@WCI?	46	3fffffffffff
N??CA?_EEGU?E_@W?i?	46	3fffffffffff
N??CA?_EEGU?E_@WGE?	46	3fffffffffff
N??CA?_EEGU?E_@W?e?	46	3fffffffffff
N??CA?_EEGU?E_@W?M?	46	3fffffffffff
N??CA?_EEGU?B_AWK_?	46	3fffffffffff
N??CA?_EEGU?B_AWI_?	46	3fffffffffff
N??CA?_EEGU?B_AWKO?	46	3fffffffffff
N??CA?_EEGU?B_AWIO?	46	3fffffffffff
N??CA?_EEGU?B_AWEO?	46	3fffffffffff
N??CA?_EEGU?B_AWAo?	46	3fffffffffff
N??CA?_EEGU?B_AWEG?	46	3fffffffffff
N??CA?_EEGU?B_AWCg?	46	3fffffffffff
N??CA?_EEGU?B_AWCW?	46	3fffffffffff
N??CA?_EEGU?B_AWAW?	46	3fffffffffff
N??CA?_EEGU?B_AW?w?	46	3fffffffffff
N??CA?_EEGU?B_AWIC?	46	3fffffffffff
N??CA?_EEGU?B_AWAc?	46	3fffffffffff
N??CA?_EEGU?B_AWGS?	46	3fffffffffff
N??CA?_EEGU?B_AWCS?	46	3fffffffffff
N??CA?_EEGU?B_AWAS?	46	3fffffffffff
N??CA?_EEGU?B_AWCK?	46	3fffffffffff
N??CA?_EEGU?B_AW?[?	46	3fffffffffff
N??CA?_EEGU?B_AWKA?	46	3fffffffffff
N??CA?_EEGU?B_AWIA?	46	3fffffffffff
N??CA?_EEGU?B_AWGa?	46	3fffffffffff
N??CA?_EEGU?B_AWCQ?	46	3fffffffffff
N??CA?_EEGU?B_AWAQ?	46	3fffffffffff
N??CA?_EEGU?B_AWCI?	46	3fffffffffff
N??CA?_EEGU?B_AWAI?	46	3fffffffffff
N??CA?_EEGU?B_AW?Y?	46	3fffffffffff
N??CA?_EEGU?B_AWGE?	46	3fffffffffff
N??CA?_EEGU?B_AWCE?	46	3fffffffffff
N??CA?_EEGU?B_AWAE?	46	3fffffffffff
N??CA?_EEGU?B_AW?e?	46	3fffffffffff
N??CA?_EEGU?B_AW?U?	46	3fffffffffff
N??CA?_EEGU?B_AW?M?	46	3fffffffffff
N??CA?_EEGU?B_@WL??	46	3fffffffffff
N??CA?_EEGU?B_@WJ??	46	3fffffffffff
N??CA?_EEGU?B_@WKO?	46	3ffffffffffcc
N??CA?_EEGU?B_@WBO?	46	3fffffffffff
N??CA?_EEGU?B_@WKG?	46	3ffffffffffcc
N??CA?_EEGU?B_@WEG?	46	3fffffffffff
N??CA?_EEGU?B_@WBG?	46	3fffffffffff
N??CA?_EEGU?B_@WCW?	46	1ffffffffb7fe
N??CA?_EEGU?B_@WIC?	46	3fffffffffff
N??CA?_EEGU?B_@WBC?	46	3fffffffffff
N??CA?_EEGU?B_@WGS?	46	1ffffffffb7fe
N??CA?_EEGU?B_@WGK?	46	1ffffffffb7fe
N??CA?_EEGU?B_@WIA?	46	3fffffffffff
N??CA?_EEGU?B_@WEA?	46	3fffffffffff
N??CA?_EEGU?B_@WHA?	46	3fffffffffff
N??CA?_EEGU?B_@WCQ?	46	3fffffffffff
N??CA?_EEGU?B_@WCI?	46	3fffffffffff
N??CA?_EEGU?B_@WAI?	46	3fffffffffff
N??CA?_EEGU?B_@WGE?	46	3fffffffffff
N??CA?_EEGU?B_@WAE?	46	3fffffffffff
N??CA?_EEGU?B_@W@E?	46	3fffffffffff
N??CA?_EEGU?B_@W?U?	46	3fffffffffff
N??CA?_EEGU?B_?wM??	46	3fffffffffff
N??CA?_EEGU?B_?wL??	46	3fffffffffff
N??CA?_EEGU?B_?wJ??	46	3fffffffffff
N??CA?_EEGU?B_?wF??	46	3fffffffffff
N??CA?_EEGU?B_?wK_?	46	3ffffffffffcc
N??CA?_EEGU?B_?wB_?	46	3fffffffffff
N??CA?_EEGU?B_?wKG?	46	3ffffffffffcc
N??CA?_EEGU?B_?wEG?	46	3fffffffffff
N??CA?_EEGU?B_?wDG?	46	3fffffffffff
N??CA?_EEGU?B_?wBG?	46	3fffffffffff
N??CA?_EEGU?B_?wCg?	46	1ffffffffb7fe
N??CA?_EEGU?B_?wIC?	46	3fffffffffff
N??CA?_EEGU?B_?wBC?	46	3fffffffffff
N??CA?_EEGU?B_?wGc?	46	1ffffffffb7fe
N??CA?_EEGU?B_?w?k?	46	3ffdf7ffff77f
N??CA?_EEGU?B_?wKA?	46	3fffffffffff
N??CA?_EEGU?B_?wIA?	46	3fffffffffff
N??CA?_EEGU?B_?wEA?	46	3fffffffffff
N??CA?_EEGU?B_?wDA?	46	3fffffffffff
N??CA?_EEGU?B_?wBA?	46	3fffffffffff
N??CA?_EEGU?B_?wCa?	46	3fffffffffff
N??CA?_EEGU?B_?wGI?	46	3fffffffffff
N??CA?_EEGU?B_?wCI?	46	3fffffffffff
N??CA?_EEGU?B_?wAI?	46	3fffffffffff
N??CA?_EEGU?B_?wGE?	46	3fffffffffff
N??CA?_EEGU?B_?wCE?	46	3fffffffffff
N??CA?_EEGU?B_?wAE?	46	3fffffffffff
N??CA?_EEGU?B_?w?e?	46	3fffffffffff
N??CA?_EEGU?B_?w?M?	46	3fffffffffff
N??CA?_EEGU?IO@gBO?	46	3fffffffffff
N??CA?_EEGU?IO@gAW?	46	3fffffffffff
N??CA?_EEGU?IO@gIC?	46	3fffffffffff
N??CA?_EEGU?IO@gBC?	46	3fffffffffff
N??CA?_EEGU?IO@g?s?	46	1ffffffffb7fe
N??CA?_EEGU?IO@gAK?	46	3fffffffffff
N??CA?_EEGU?IO@g@K?	46	3fffffffffff
N??CA?_EEGU?IO@g?[?	46	1ffffffffb7fe
N??CA?_EEGU?IO@gHA?	46	7fffffffefff
N??CA?_EEGU?IO@g@Q?	46	3fffffffffff
N??CA?_EEGU?IO@gAI?	46	7ffffffdffff
N??CA?_EEGU?IO@g?i?	46	3fffffffffff
N??CA?_EEGU?IO@g?Y?	46	3fffffffffff
N??CA?_EEGU?IO@gGE?	46	3fffffffffff
N??CA?_EEGU?IO@g@E?	46	3fffffffffff
N??CA?_EEGU?EO@gL??	46	7ffffffffffd
N??CA?_EEGU?EO@gK_?	46	3fffffffffff
N??CA?_EEGU?EO@gH_?	46	3fffffffffff
N??CA?_EEGU?EO@gKO?	46	3fffffffffff
N??CA?_EEGU?EO@gHO?	46	3fffffffffff
N??CA?_EEGU?EO@g@o?	46	3fffffffffff
N??CA?_EEGU?EO@gGg?	46	3fffffffffff
N??CA?_EEGU?EO@gCg?	46	3fffffffffff
N??CA?_EEGU?EO@gCW?	46	3fffffffffff
N??CA?_EEGU?EO@gKC?	46	3fffffffffff
N??CA?_EEGU?EO@gHC?	46	3fffffffffff
N??CA?_EEGU?EO@g@c?	46	3fffffffffff
N??CA?_EEGU?EO@gCS?	46	3ffff7dfdf7ff
N??CA?_EEGU?EO@g@S?	46	3fffffffffff
N??CA?_EEGU?EO@g?s?	46	7ffbfef7ef7ff
N??CA?_EEGU?EO@gGK?	46	3fffffffffff
N??CA?_EEGU?EO@gCK?	46	3fffffffffff
N??CA?_EEGU?EO@g@K?	46	3fffffffffff
N??CA?_EEGU?EO@g?[?	46	3fffffffffff
N??CA?_EEGU?EO@gKA?	46	7fffffffefff
N??CA?_EEGU?EO@gGa?	46	3fffffffffff
N??CA?_EEGU?EO@gCa?	46	3fffffffffff
N??CA?_EEGU?EO@gGQ?	46	3fffffffffff
N??CA?_EEGU?EO@gCQ?	46	3fffffffffff
N??CA?_EEGU?EO@gCI?	46	7ffffffdffff
N??CA?_EEGU?EO@g@I?	46	fffffffdff7f
N??CA?_EEGU?EO@g?i?	46	3fffffffffff
N??CA?_EEGU?EO@gGE?	46	3fffffffffff
N??CA?_EEGU?EO@gCE?	46	3fffffffffff
N??CA?_EEGU?EO@g@E?	46	3fffffffffff
N??CA?_EEGU?HOAgJ??	46	3fffffffffff
N??CA?_EEGU?HOAgHO?	46	3fffffffffff
N??CA?_EEGU?HOAgBO?	46	7ffffffffffe
N??CA?_EEGU?HOAgGo?	46	3ffffffffffcc
N??CA?_EEGU?HOAgHA?	46	3fffffffffff
N??CA?_EEGU?HOAg@a?	46	3fffffffffff
N??CA?_EEGU?DOAgL??	46	3fffffffffff
N??CA?_EEGU?DOAgH_?	46	3fffffffffff
N??CA?_EEGU?DOAgKO?	46	3fffffffffff
N??CA?_EEGU?DOAgHO?	46	3fffffffffff
N??CA?_EEGU?DOAgDO?	46	7ffffffffffe
N??CA?_EEGU?DOAg@o?	46	3fffffffffff
N??CA?_EEGU?DOAgHG?	46	3fffffffffff
N??CA?_EEGU?DOAgGg?	46	3ffffffffe67f
N??CA?_EEGU?DOAgCg?	46	fffffffff77f
N??CA?_EEGU?DOAgCW?	46	3fffffffffff
N??CA?_EEGU?DOAg@W?	46	3fffffffffff
N??CA?_EEGU?DOAgKC?	46	3fffffffffff
N??CA?_EEGU?DOAgHC?	46	3fffffffffff
N??CA?_EEGU?DOAgGc?	46	3fffffffffff
N??CA?_EEGU?DOAgCc?	46	3fffffffffff
N??CA?_EEGU?DOAg@c?	46	3fffffffffff
N??CA?_EEGU?DOAgGS?	46	3fffffffffff
N??CA?_EEGU?DOAg@S?	46	7fffffffff7f
N??CA?_EEGU?DOAgCK?	46	3fffffffffff
N??CA?_EEGU?DOAg@K?	46	3fffffffffff
N??CA?_EEGU?DOAg?k?	46	3fffffffffff
N??CA?_EEGU?DOAg?[?	46	3fffffffffff
N??CA?_EEGU?DOAgKA?	46	7ffffffffeff
N??CA?_EEGU?DOAgHA?	46	3fffffffffff
N??CA?_EEGU?DOAgCa?	46	7fffffffefff
N??CA?_EEGU?DOAgGQ?	46	3fffffffffff
N??CA?_EEGU?DOAgCQ?	46	7fffffffff7f
N??CA?_EEGU?DOAgCI?	46	7ffffffeffff
N??CA?_EEGU?DOAg@I?	46	3fffffffffff
N??CA?_EEGU?DOAg?i?	46	fffffffdff7f
N??CA?_EEGU?DOAg?Y?	46	3fffffffffff
N??CA?_EEGU?DOAgGE?	46	3fffffffffff
N??CA?_EEGU?DOAg?e?	46	3fffffffffff
N??CA?_EEGU?DOAg?U?	46	7fffffff7fff
N??CA?_EEGU?DOAg?M?	46	3fffffffffff
N??CA?_EEGU?GoBGJ??	46	3fffffffffff
N??CA?_EEGU?GoBGBO?	46	3fffffffffff
N??CA?_EEGU?GoBGGo?	46	3ffffffffffcc
N??CA?_EEGU?GoBGAo?	46	3fffffffffff
N??CA?_EEGU?GoBGBG?	46	3fffffffffff
N??CA?_EEGU?GoBGIC?	46	3fffffffffff
N??CA?_EEGU?GoBGHC?	46	3fffffffffff
N??CA?_EEGU?GoBGBC?	46	3fffffffffff
N??CA?_EEGU?GoBGAc?	46	3fffffffffff
N??CA?_EEGU?GoBGAS?	46	3fffffffffff
N??CA?_EEGU?GoBG@K?	46	3fffffffffff
N??CA?_EEGU?GoBG?k?	46	1ffffffffb7fe
N??CA?_EEGU?GoBGHA?	46	3fffffffffff
N??CA?_EEGU?GoBG@Q?	46	3fffffffffff
N??CA?_EEGU?GoBG@I?	46	3fffffffffff
N??CA?_EEGU?GoBG?i?	46	3fffffffffff
N??CA?_EEGU?CoBGL??	46	3fffffffffff
N??CA?_EEGU?CoBGKO?	46	fffffffff7fd
N??CA?_EEGU?CoBGHO?	46	3fffffffffff
N??CA?_EEGU?CoBG@o?	46	3fffffffffff
N??CA?_EEGU?CoBGHG?	46	3fffffffffff
N??CA?_EEGU?CoBGDG?	46	3fffffffffff
N??CA?_EEGU?CoBGCg?	46	3fffffffffff
N??CA?_EEGU?CoBG@g?	46	3fffffffffff
N??CA?_EEGU?CoBGCW?	46	fffffffff77f
N??CA?_EEGU?CoBGKC?	46	3fffffffffff
N??CA?_EEGU?CoBGHC?	46	3fffffffffff
N??CA?_EEGU?CoBGGc?	46	3fffffffffff
N??CA?_EEGU?CoBG@c?	46	3fffffffffff
N??CA?_EEGU?CoBGGS?	46	3fffffffffff
N??CA?_EEGU?CoBG@S?	46	3fffffffffff
N??CA?_EEGU?CoBG@K?	46	3fffffffffff
N??CA?_EEGU?CoBG?k?	46	3fffffffffff
N??CA?_EEGU?CoBG?[?	46	3fffffffffff
N??CA?_EEGU?CoBGKA?	46	7ffffffffffb
N??CA?_EEGU?CoBGHA?	46	3fffffffffff
N??CA?_EEGU?CoBGGa?	46	3fffffffffff
N??CA?_EEGU?CoBGCa?	46	3fffffffffff
N??CA?_EEGU?CoBGCQ?	46	7fffffffefff
N??CA?_EEGU?CoBGCI?	46	7fffffffefff
N??CA?_EEGU?CoBG?i?	46	3fffffffffff
N??CA?_EEGU?CoBG?Y?	46	fffffffdff7f
N??CA?_EEGU?CoBGGE?	46	3fffffffffff
N??CA?_EEGU?CoBG?e?	46	3fffffffffff
N??CA?_EEGU?CoBG?U?	46	3fffffffffff
N??CA?_EEGU?@oAgM??	46	3fffffffffff
N??CA?_EEGU?@oAgL??	46	3fffffffffff
N??CA?_EEGU?@oAgJ??	46	3fffffffffff
N??CA?_EEGU?@oAgF??	46	7ffffffffffe
N??CA?_EEGU?@oAgK_?	46	3ffffffffffcc
N??CA?_EEGU?@oAgI_?	46	3fffffffffff
N??CA?_EEGU?@oAgH_?	46	3fffffffffff
N??CA?_EEGU?@oAgB_?	46	3fffffffffff
N??CA?_EEGU?@oAgEG?	46	3fffffffffff
N??CA?_EEGU?@oAgDG?	46	3fffffffffff
N??CA?_EEGU?@oAgCg?	46	1ffffffffb7fe
N??CA?_EEGU?@oAgKA?	46	3fffffffffff
N??CA?_EEGU?@oAgIA?	46	3fffffffffff
N??CA?_EEGU?@oAgEA?	46	7fffffffff7f
N??CA?_EEGU?@oAgHA?	46	3fffffffffff
N??CA?_EEGU?@oAgDA?	46	7fffffffff7f
N??CA?_EEGU?@oAgCI?	46	3fffffffffff
N??CA?_EEGU?@oAWJ??	46	3fffffffffff
N??CA?_EEGU?@oAWF??	46	3fffffffffff
N??CA?_EEGU?@oAWDO?	46	3fffffffffff
N??CA?_EEGU?QG@oF??	46	7ffffffffffe
N??CA?_EEGU?QG@oDO?	46	3fffffffffff
N??CA?_EEGU?QG@oBO?	46	3fffffffffff
N??CA?_EEGU?QG@oCI?	46	3fffffffffff
N??CA?_EEGU?EG@oL??	46	7ffffffffffe
N??CA?_EEGU?EG@oKO?	46	3fffffffffff
N??CA?_EEGU?EG@oHO?	46	3fffffffffff
N??CA?_EEGU?EG@oDO?	46	7ffffffffffe
N??CA?_EEGU?EG@o@o?	46	3fffffffffff
N??CA?_EEGU?EG@oDG?	46	3fffffffffff
N??CA?_EEGU?EG@oCW?	46	3fffffffffff
N??CA?_EEGU?EG@o@W?	46	3fffffffffff
N??CA?_EEGU?EG@oGc?	46	3fffffffffff
N??CA?_EEGU?EG@oGS?	46	3fffffffffff
N??CA?_EEGU?EG@oGK?	46	3fffffffffff
N??CA?_EEGU?EG@o?[?	46	3fffffffffff
N??CA?_EEGU?EG@oKA?	46	7ffffffff7ff
N??CA?_EEGU?EG@oHA?	46	7ffffffff7ff
N??CA?_EEGU?EG@oGa?	46	3fffffffffff
N??CA?_EEGU?EG@oCa?	46	3fffffffffff
N??CA?_EEGU?EG@oGQ?	46	3fffffffffff
N??CA?_EEGU?EG@oCQ?	46	7fffffffff7f
N??CA?_EEGU?EG@oCI?	46	3fffffffffff
N??CA?_EEGU?EG@o@I?	46	3fffffffffff
N??CA?_EEGU?EG@o?Y?	46	3fffffffffff
N??CA?_EEGU?DGAoKO?	46	3fffffffffff
N??CA?_EEGU?DGAoHO?	46	3fffffffffff
N??CA?_EEGU?DGAoDO?	46	3fffffffffff
N??CA?_EEGU?DGAoCo?	46	3fffffffffff
N??CA?_EEGU?DGAo@o?	46	3fffffffffff
N??CA?_EEGU?DGAoGg?	46	3fffffffffff
N??CA?_EEGU?DGAoCg?	46	3fffffffffff
N??CA?_EEGU?DGAo@g?	46	3fffffffffff
N??CA?_EEGU?DGAoCW?	46	3fffffffffff
N??CA?_EEGU?DGAo@W?	46	3fffffffffff
N??CA?_EEGU?DGAoKC?	46	fffffffff77f
N??CA?_EEGU?DGAoHC?	46	3fffffffffff
N??CA?_EEGU?DGAoGc?	46	fffffffff77f
N??CA?_EEGU?DGAo@c?	46	3fffffffffff
N??CA?_EEGU?DGAoCS?	46	3fffffffffff
N??CA?_EEGU?DGAo@S?	46	3fffffffffff
N??CA?_EEGU?DGAo?s?	46	3fffffffffff
N??CA?_EEGU?DGAoGK?	46	3fffffffffff
N??CA?_EEGU?DGAoCK?	46	3fffffffffff
N??CA?_EEGU?DGAo@K?	46	3fffffffffff
N??CA?_EEGU?DGAo?k?	46	3fffffffffff
N??CA?_EEGU?DGAo?[?	46	3fffffffffff
N??CA?_EEGU?DGAoKA?	46	7fffffffff7f
N??CA?_EEGU?DGAoHA?	46	3fffffffffff
N??CA?_EEGU?DGAoGa?	46	7ffffffff7ff
N??CA?_EEGU?DGAoGQ?	46	3fffffffffff
N??CA?_EEGU?DGAoCQ?	46	3fffffffffff
N??CA?_EEGU?DGAoCI?	46	3fffffffffff
N??CA?_EEGU?DGAo?i?	46	3fffffffffff
N??CA?_EEGU?DGAo?Y?	46	3fffffffffff
N??CA?_EEGU?DGAo?e?	46	fffffffdf7ff
N??CA?_EEGU?DGAWHO?	46	3fffffffffff
N??CA?_EEGU?BG?wM??	46	3fffffffffff
N??CA?_EEGU?BG?wL??	46	3fffffffffff
N??CA?_EEGU?BG?wJ??	46	3fffffffffff
N??CA?_EEGU?BG?wF??	46	3fffffffffff
N??CA?_EEGU?BG?wE_?	46	3fffffffffff
N??CA?_EEGU?BG?wBO?	46	3fffffffffff
N??CA?_EEGU?BG?wGo?	46	1ffffffffb7fe
N??CA?_EEGU?BG?w@o?	46	3fffffffffff
N??CA?_EEGU?BG?wBG?	46	3fffffffffff
N??CA?_EEGU?BG?wCg?	46	1ffffffffb7fe
N??CA?_EEGU?BG?wAg?	46	3fffffffffff
N??CA?_EEGU?BG?w@g?	46	3fffffffffff
N??CA?_EEGU?BG?wIA?	46	3fffffffffff
N??CA?_EEGU?BG?wHA?	46	3fffffffffff
N??CA?_EEGU?BG?wCQ?	46	3fffffffffff
N??CA?_EEGU?BG?w@I?	46	3fffffffffff
N??CA?_EEGU?CgBOK_?	46	3fffffffffff
N??CA?_EEGU?CgBOH_?	46	3fffffffffff
N??CA?_EEGU?CgBOKO?	46	fffffffff7fe
N??CA?_EEGU?CgBOHO?	46	3fffffffffff
N??CA?_EEGU?CgBO@o?	46	3fffffffffff
N??CA?_EEGU?CgBOGg?	46	3fffffffffff
N??CA?_EEGU?CgBOCg?	46	3fffffffffff
N??CA?_EEGU?CgBO@g?	46	3fffffffffff
N??CA?_EEGU?CgBOCW?	46	3fffffffffff
N??CA?_EEGU?CgBO@W?	46	3fffffffffff
N??CA?_EEGU?CgBOHC?	46	3fffffffffff
N??CA?_EEGU?CgBOGc?	46	3fffffffffff
N??CA?_EEGU?CgBO@c?	46	3fffffffffff
N??CA?_EEGU?CgBO?s?	46	3fffffffffff
N??CA?_EEGU?CgBOGK?	46	3fffffffffff
N??CA?_EEGU?CgBO@K?	46	3fffffffffff
N??CA?_EEGU?CgBO?k?	46	3fffffffffff
N??CA?_EEGU?CgBO?[?	46	3fffffffffff
N??CA?_EEGU?CgBOKA?	46	7ffffffffffd
N??CA?_EEGU?CgBOHA?	46	3fffffffffff
N??CA?_EEGU?CgBOGa?	46	3fffffffffff
N??CA?_EEGU?CgBOCa?	46	3fffffffffff
N??CA?_EEGU?CgBOGQ?	46	7ffffffff7ff
N??CA?_EEGU?CgBOCQ?	46	3ffffffffe67f
N??CA?_EEGU?CgBOCI?	46	3fffffffffff
N??CA?_EEGU?CgBO@I?	46	3fffffffffff
N??CA?_EEGU?CgBO?i?	46	3fffffffffff
N??CA?_EEGU?CgBO?Y?	46	3fffffffffff
N??CA?_EEGU?Ag@WJ??	46	3fffffffffff
N??CA?_EEGU?Ag@WF??	46	7ffffffffffd
N??CA?_EEGU?Ag@WB_?	46	3fffffffffff
N??CA?_EEGU?Ag@WIA?	46	3fffffffffff
N??CA?_EEGU?@gAoM??	46	3fffffffffff
N??CA?_EEGU?@gAoL??	46	3fffffffffff
N??CA?_EEGU?@gAoJ??	46	3fffffffffff
N??CA?_EEGU?@gAoF??	46	3fffffffffff
N??CA?_EEGU?@gAoK_?	46	3ffffffffffcc
N??CA?_EEGU?@gAoB_?	46	3fffffffffff
N??CA?_EEGU?@gAoKG?	46	3ffffffffffcc
N??CA?_EEGU?@gAoEG?	46	3fffffffffff
N??CA?_EEGU?@gAoCg?	46	1ffffffffb7fe
N??CA?_EEGU?@gAoGc?	46	1ffffffffb7fe
N??CA?_EEGU?@gAoKA?	46	3fffffffffff
N??CA?_EEGU?@gAoIA?	46	3fffffffffff
N??CA?_EEGU?@gAoEA?	46	3fffffffffff
N??CA?_EEGU?@gAoDA?	46	3fffffffffff
N??CA?_EEGU?@gAoCI?	46	3fffffffffff
N??CA?_EEGU?@gAoGE?	46	3fffffffffff
N??CA?_EEGU?@gAWM??	46	3fffffffffff
N??CA?_EEGU?@gAWJ??	46	3fffffffffff
N??CA?_EEGU?@gAWF??	46	3fffffffffff
N??CA?_EEGU?@gAWB_?	46	3fffffffffff
N??CA?_EEGU?@gAWBO?	46	3fffffffffff
N??CA?_EEGU?@gAWGo?	46	1ffffffffb7fe
N??CA?_EEGU?@gAWEG?	46	3fffffffffff
N??CA?_EEGU?@gAWCW?	46	1ffffffffb7fe
N??CA?_EEGU?@gAW?w?	46	3ffdf7ffff77f
N??CA?_EEGU?@gAWKA?	46	3fffffffffff
N??CA?_EEGU?@gAWIA?	46	3fffffffffff
N??CA?_EEGU?@gAWDA?	46	3fffffffffff
N??CA?_EEGU?@gAWGQ?	46	3fffffffffff
N??CA?_EEGU?@gAWCI?	46	3fffffffffff
N??CA?_EEGU?@gAW@I?	46	3fffffffffff
N??CA?_EEGU?@gAW?Y?	46	3fffffffffff
N??CA?_EEGU?GWB_J??	46	3fffffffffff
N??CA?_EEGU?GWB_BO?	46	3bfffffbf7ffd
N??CA?_EEGU?GWB_Go?	46	3ffffffffffcc
N??CA?_EEGU?GWB_BG?	46	3fffffffffff
N??CA?_EEGU?GWB_AW?	46	3fffffffffff
N??CA?_EEGU?GWB_?w?	46	1ffffffffb7fe
N??CA?_EEGU?GWB_BC?	46	3fffffffffff
N??CA?_EEGU?GWB_Ac?	46	3fffffffffff
N??CA?_EEGU?GWB_AS?	46	3fffffffffff
N??CA?_EEGU?GWB_?k?	46	1ffffffffb7fe
N??CA?_EEGU?GWB_HA?	46	3fffffffffff
N??CA?_EEGU?GWB_AI?	46	7ffffffff7ff
N??CA?_EEGU?GWB_@I?	46	3fffffffffff
N??CA?_EEGU?GWB_?Y?	46	3fffffffffff
N??CA?_EEGU?GWB_@E?	46	3fffffffffff
N??CA?_EEGU?CWB_K_?	46	3fffffffffff
N??CA?_EEGU?CWB_KO?	46	3fffffffffff
N??CA?_EEGU?CWB_HO?	46	3fffffffffff
N??CA?_EEGU?CWB_@o?	46	3fffffffffff
N??CA?_EEGU?CWB_DG?	46	3fffffffffff
N??CA?_EEGU?CWB_Gg?	46	3fffffffffff
N??CA?_EEGU?CWB_Cg?	46	3fffffffffff
N??CA?_EEGU?CWB_CW?	46	3fffffffffff
N??CA?_EEGU?CWB_@W?	46	3fffffffffff
N??CA?_EEGU?CWB_HC?	46	3fffffffffff
N??CA?_EEGU?CWB_Gc?	46	3fffffffffff
N??CA?_EEGU?CWB_Cc?	46	3fffffffffff
N??CA?_EEGU?CWB_@c?	46	3fffffffffff
N??CA?_EEGU?CWB_GS?	46	3fffffffffff
N??CA?_EEGU?CWB_@S?	46	3fffffffffff
N??CA?_EEGU?CWB_GK?	46	fffffffff77f
N??CA?_EEGU?CWB_CK?	46	fffffffff77f
N??CA?_EEGU?CWB_@K?	46	3fffffffffff
N??CA?_EEGU?CWB_?k?	46	3fffffffffff
N??CA?_EEGU?CWB_?[?	46	3fffffffffff
N??CA?_EEGU?CWB_KA?	46	7ffffffffffe
N??CA?_EEGU?CWB_HA?	46	3fffffffffff
N??CA?_EEGU?CWB_Ga?	46	3fffffffffff
N??CA?_EEGU?CWB_Ca?	46	3fffffffffff
N??CA?_EEGU?CWB_GQ?	46	3fffffffffff
N??CA?_EEGU?CWB_CQ?	46	3fffffffffff
N??CA?_EEGU?CWB_@Q?	46	3fffffffffff
N??CA?_EEGU?CWB_CI?	46	7ffffffff7ff
N??CA?_EEGU?CWB_@I?	46	3fffffffffff
N??CA?_EEGU?CWB_?i?	46	3fffffffffff
N??CA?_EEGU?CWB_?Y?	46	3fffffffffff
N??CA?_EEGU?CWB_GE?	46	7ffffffff7ff
N??CA?_EEGU?CWB_@E?	46	3fffffffffff
N??CA?_EEGU?CWB_?e?	46	3fffffffffff
N??CA?_EEGU?CWB_?U?	46	3fffffffffff
N??CA?_EEGU?CWB_?M?	46	7ffffffdffff
N??CA?_EEGU?CWBGHO?	46	3fffffffffff
N??CA?_EEGU?AS@gK_?	46	3fffbffbf7f7f
N??CA?_EEGU?AS@gD_?	46	3fffffffffff
N??CA?_EEGU?AS@gKO?	46	3fffbffbf7f7f
N??CA?_EEGU?AS@gIO?	46	3fffffffffff
N??CA?_EEGU?AS@g@o?	46	3fffffffffff
N??CA?_EEGU?AS@gKG?	46	7ffffffdffff
N??CA?_EEGU?AS@gDG?	46	7ffffffdffff
N??CA?_EEGU?AS@gCg?	46	3fffffffffff
N??CA?_EEGU?AS@gAg?	46	3fffffffffff
N??CA?_EEGU?AS@gCW?	46	3fffffffffff
N??CA?_EEGU?AS@gAW?	46	3fffffffffff
N??CA?_EEGU?AS@gKC?	46	3ffeff7ff7eff
N??CA?_EEGU?AS@gIC?	46	3fffffffffff
N??CA?_EEGU?AS@gHC?	46	3fffffffffff
N??CA?_EEGU?AS@gBC?	46	3fffffffffff
N??CA?_EEGU?AS@g@c?	46	3fffffffffff
N??CA?_EEGU?AS@gGS?	46	37ffffbfefffb
N??CA?_EEGU?AS@gCK?	46	3fffffffffff
N??CA?_EEGU?AS@g?k?	46	3fffffffffff
N??CA?_EEGU?AS@g?[?	46	3fffffffffff
N??CA?_EEGU?@SAgL??	46	3fffffffffff
N??CA?_EEGU?@SAgJ??	46	3fffffffffff
N??CA?_EEGU?@SAgK_?	46	7fffffffefff
N??CA?_EEGU?@SAgD_?	46	3fffffffffff
N??CA?_EEGU?@SAgIO?	46	3fffffffffff
N??CA?_EEGU?@SAgHO?	46	3fffffffffff
N??CA?_EEGU?@SAgAo?	46	3fffffffffff
N??CA?_EEGU?@SAg@o?	46	3fffffffffff
N??CA?_EEGU?@SAgEG?	46	7ffffffeffff
N??CA?_EEGU?@SAgDG?	46	3fffffffffff
N??CA?_EEGU?@SAgBG?	46	3fffffffffff
N??CA?_EEGU?@SAgGg?	46	fffffffdf7ff
N??CA?_EEGU?@SAgCg?	46	7ffffffdffff
N??CA?_EEGU?@SAgCW?	46	3fffffffffff
N??CA?_EEGU?@SAgAW?	46	3fffffffffff
N??CA?_EEGU?@SAg@W?	46	3fffffffffff
N??CA?_EEGU?@SAgKC?	46	3fffffffffff
N??CA?_EEGU?@SAgIC?	46	3fffffffffff
N??CA?_EEGU?@SAgGc?	46	3fffffffffff
N??CA?_EEGU?@SAgGS?	46	3fffffffffff
N??CA?_EEGU?@SAgCK?	46	3fffffffffff
N??CA?_EEGU?@SAgAK?	46	3fffffffffff
N??CA?_EEGU?@SAg@K?	46	3fffffffffff
N??CA?_EEGU?@SAg?k?	46	3fffffffffff
N??CA?_EEGU?@SAg?[?	46	3fffffffffff
N??CA?_EEGU??sBGM??	46	7ffffffffffb
N??CA?_EEGU??sBGL??	46	3fffffffffff
N??CA?_EEGU??sBGJ??	46	3fffffffffff
N??CA?_EEGU??sBGAo?	46	3fffffffffff
N??CA?_EEGU??sBG@o?	46	3fffffffffff
N??CA?_EEGU??sBGEG?	46	7fffffffefff
N??CA?_EEGU??sBGDG?	46	3fffffffffff
N??CA?_EEGU??sBGCg?	46	3fffffffffff
N??CA?_EEGU??sBGAg?	46	3fffffffffff
N??CA?_EEGU??sBG@g?	46	3fffffffffff
N??CA?_EEGU??sBGGW?	46	fffffffdf7ff
N??CA?_EEGU??sBGCW?	46	7ffffffdffff
N??CA?_EEGU??sBGKC?	46	3fffffffffff
N??CA?_EEGU??sBGIC?	46	3fffffffffff
N??CA?_EEGU??sBGHC?	46	3fffffffffff
N??CA?_EEGU??sBGGc?	46	3fffffffffff
N??CA?_EEGU??sBGGS?	46	3fffffffffff
N??CA?_EEGU??sBGCS?	46	3fffffffffff
N??CA?_EEGU??sBGCK?	46	3fffffffffff
N??CA?_EEGU??sBG@K?	46	3fffffffffff
N??CA?_EEGU??sBG?k?	46	3fffffffffff
N??CA?_EEGU??sBG?[?	46	3fffffffffff
N??CA?_EEGU?AK@oM??	46	7ffffffff7ff
N??CA?_EEGU?AK@oJ??	46	7ffffffff7ff
N??CA?_EEGU?AK@oKO?	46	3ffeff7ff7eff
N??CA?_EEGU?AK@oIO?	46	3ffffffffffcc
N??CA?_EEGU?AK@oHO?	46	7ffffffffffb
N??CA?_EEGU?AK@oEG?	46	3fffffffffff
N??CA?_EEGU?AK@oBG?	46	3fffffffffff
N??CA?_EEGU?AK@oCW?	46	37ffffbfefffb
N??CA?_EEGU?AK@oAW?	46	1ffffffffb7fe
N??CA?_EEGU?AK@o@W?	46	7fffffffefff
N??CA?_EEGU?AK@oKC?	46	7ffffffdffff
N??CA?_EEGU?AK@oHC?	46	7ffffffdffff
N??CA?_EEGU?AK@oGc?	46	7ffffffffffe
N??CA?_EEGU?AK@oGS?	46	7ffffffffffe
N??CA?_EEGU?AK@o?s?	46	7ffffffff7ff
N??CA?_EEGU?AK@oGK?	46	7ffffffffffe
N??CA?_EEGU?AK@o@K?	46	3fffffffffff
N??CA?_EEGU?AK@o?k?	46	7ffffffff7ff
N??CA?_EEGU?AK@o?[?	46	7ffffffff7ff
N??CA?_EEGU?@KAoM??	46	7fffffffff7f
N??CA?_EEGU?@KAoL??	46	3fffffffffff
N??CA?_EEGU?@KAoJ??	46	3fffffffffff
N??CA?_EEGU?@KAoD_?	46	3fffffffffff
N??CA?_EEGU?@KAoIO?	46	3fffffffffff
N??CA?_EEGU?@KAoAo?	46	3fffffffffff
N??CA?_EEGU?@KAoGg?	46	3fffffffffff
N??CA?_EEGU?@KAoCg?	46	3fffffffffff
N??CA?_EEGU?@KAoAg?	46	3fffffffffff
N??CA?_EEGU?@KAoCW?	46	3fffffffffff
N??CA?_EEGU?@KAoKC?	46	7ffffffeffff
N??CA?_EEGU?@KAoHC?	46	3fffffffffff
N??CA?_EEGU?@KAoGS?	46	3fffffffffff
N??CA?_EEGU?@KAo@S?	46	3fffffffffff
N??CA?_EEGU?@KAoGK?	46	3fffffffffff
N??CA?_EEGU?@KAoAK?	46	3fffffffffff
N??CA?_EEGU?@KAo@K?	46	3fffffffffff
N??CA?_EEGU?@KAo?k?	46	3fffffffffff
N??CA?_EEGU?@KAo?[?	46	3fffffffffff
N??CA?_EEGU??kBOM??	46	7ffffffffffd
N??CA?_EEGU??kBOL??	46	3fffffffffff
N??CA?_EEGU??kBOJ??	46	3fffffffffff
N??CA?_EEGU??kBOK_?	46	3fffffffffff
N??CA?_EEGU??kBOD_?	46	3fffffffffff
N??CA?_EEGU??kBOIO?	46	7ffffffff7ff
N??CA?_EEGU??kBOEO?	46	3ffffffffe67f
N??CA?_EEGU??kBOHO?	46	3fffffffffff
N??CA?_EEGU??kBOAo?	46	3fffffffffff
N??CA?_EEGU??kBOKG?	46	3fffffffffff
N??CA?_EEGU??kBOEG?	46	3fffffffffff
N??CA?_EEGU??kBODG?	46	3fffffffffff
N??CA?_EEGU??kBO@g?	46	3fffffffffff
N??CA?_EEGU??kBOGW?	46	3fffffffffff
N??CA?_EEGU??kBOCW?	46	3fffffffffff
N??CA?_EEGU??kBOAW?	46	3fffffffffff
N??CA?_EEGU??kBOIC?	46	7fffffffefff
N??CA?_EEGU??kBOHC?	46	3fffffffffff
N??CA?_EEGU??kBO@c?	46	3fffffffffff
N??CA?_EEGU??kBOGS?	46	7ffffffdffff
N??CA?_EEGU??kBOCS?	46	3fffffffd77fd
N??CA?_EEGU??kBOGK?	46	3fffffffffff
N??CA?_EEGU??kBOAK?	46	3fffffffffff
N??CA?_EEGU??kBO@K?	46	3fffffffffff
N??CA?_EEGU??kBO?k?	46	3fffffffffff
N??CA?_EEGU??kBO?[?	46	3fffffffffff
N??CA?_EEGU??[B_L??	46	3fffffffffff
N??CA?_EEGU??[B_J??	46	3fffffffffff
N??CA?_EEGU??[B_K_?	46	3fffffffffff
N??CA?_EEGU??[B_IO?	46	3fffffffffff
N??CA?_EEGU??[B_BO?	46	3fffffffffff
N??CA?_EEGU??[B_Go?	46	3fffffffffff
N??CA?_EEGU??[B_Co?	46	3fffffffffff
N??CA?_EEGU??[B_EG?	46	7ffffffff7ff
N??CA?_EEGU??[B_DG?	46	3fffffffffff
N??CA?_EEGU??[B_BG?	46	3fffffffffff
N??CA?_EEGU??[B_Gg?	46	3fffffffffff
N??CA?_EEGU??[B_Cg?	46	3fffffffffff
N??CA?_EEGU??[B_Ag?	46	3fffffffffff
N??CA?_EEGU??[B_GW?	46	3fffffffffff
N??CA?_EEGU??[B_CW?	46	3fffffffffff
N??CA?_EEGU??[B_AW?	46	3fffffffffff
N??CA?_EEGU??[B_IC?	46	7ffffffff7ff
N??CA?_EEGU??[B_HC?	46	3fffffffffff
N??CA?_EEGU??[B_BC?	46	3fffffffffff
N??CA?_EEGU??[B_Gc?	46	3fffffffffff
N??CA?_EEGU??[B_GS?	46	3fffffffffff
N??CA?_EEGU??[B_CS?	46	3fffffffffff
N??CA?_EEGU??[B_?s?	46	3fffffffffff
N??CA?_EEGU??[B_?k?	46	3fffffffffff
N??CA?_EEGR?L??wL??	46	7ffffffff7ff
N??CA?_EEGR?L??wK_?	46	7ffffffff7ff
N??CA?_EEGR?L??wKO?	46	3fffffffffff
N??CA?_EEGR?L??wHO?	46	3fffffffffff
N??CA?_EEGR?L??wDO?	46	3fffffffffff
N??CA?_EEGR?L??wKG?	46	3fffffffffff
N??CA?_EEGR?L??wDG?	46	3fffffffffff
N??CA?_EEGR?L??wGg?	46	3fffffffffff
N??CA?_EEGR?L??wCg?	46	3fffffffffff
N??CA?_EEGR?L??wCW?	46	3fffffffffff
N??CA?_EEGR?L??wKC?	46	3fffffffffff
N??CA?_EEGR?L??wGS?	46	7fffffffff7f
N??CA?_EEGR?L??wCS?	46	3fffffffffff
N??CA?_EEGR?L??wGK?	46	7fffffffff7f
N??CA?_EEGR?L??wCK?	46	3fffffffffff
N??CA?_EEGR?L??w@K?	46	3fffffffffff
N??CA?_EEGR?L??w?k?	46	3fffffffffff
N??CA?_EEGR?L??w?[?	46	7ffffffffffd
N??CA?_EEGR?L??wKA?	46	7ffffffdffff
N??CA?_EEGR?L??wHA?	46	fffffffdf7ff
N??CA?_EEGR?L??wDA?	46	fffffffdefff
N??CA?_EEGR?L??wGQ?	46	3fffffffffff
N??CA?_EEGR?L??wGE?	46	3fffffffffff
N??CA?_EEGR?L??w?M?	46	3fffffffffff
N??CA?_EEGR?K_@WL??	46	7fffffffff7f
N??CA?_EEGR?K_@WKO?	46	7ffffffff7ff
N??CA?_EEGR?K_@WHO?	46	ffffffffe7ff
N??CA?_EEGR?K_@WKG?	46	3fffffffffff
N??CA?_EEGR?K_@WGg?	46	7fffffffff7f
N??CA?_EEGR?K_@WCg?	46	3fffffffffff
N??CA?_EEGR?K_@WCW?	46	3fffffffffff
N??CA?_EEGR?K_@WGc?	46	7fffffffff7f
N??CA?_EEGR?K_@WGS?	46	3fffffffffff
N??CA?_EEGR?K_@W?s?	46	3fffffffffff
N??CA?_EEGR?K_@WGK?	46	7fffffffff7f
N??CA?_EEGR?K_@WCK?	46	3fffffffffff
N??CA?_EEGR?K_@W@K?	46	3fffffffffff
N??CA?_EEGR?K_@W?k?	46	7ffffffffffd
N??CA?_EEGR?K_@W?[?	46	3fffffffffff
N??CA?_EEGR?K_@WKA?	46	7ffffffeffff
N??CA?_EEGR?K_@WHA?	46	fffffffef7ff
N??CA?_EEGR?K_@WGQ?	46	fffffffdf7ff
N??CA?_EEGR?K_@W@Q?	46	3fffffffdef7e
N??CA?_EEGR?K_@WGE?	46	3fffffffffff
N??CA?_EEGR?K_@W@E?	46	7ffffffffeff
N??CA?_EEGR?K_@W?M?	46	3fffffffffff
N??CA?_EEGR?H_@WJ??	46	3fffffffffff
N??CA?_EEGR?H_@WBO?	46	3fffffffffff
N??CA?_EEGR?H_@WBG?	46	3fffffffffff
N??CA?_EEGR?H_@WAW?	46	3fffffffffff
N??CA?_EEGR?H_@WIC?	46	3fffffffffff
N??CA?_EEGR?H_@WBC?	46	3fffffffffff
N??CA?_EEGR?H_@WAS?	46	3fffffffffff
N??CA?_EEGR?H_@W?Y?	46	3fffffffffff
N??CA?_EEGR?H_@WGE?	46	3fffffffffff
N??CA?_EEGR?H_@W?U?	46	3fffffffffff
N??CA?_EEGR?H_?wM??	46	3fffffffffff
N??CA?_EEGR?H_?wJ??	46	3fffffffffff
N??CA?_EEGR?H_?wF??	46	3fffffffffff
N??CA?_EEGR?H_?wB_?	46	3fffffffffff
N??CA?_EEGR?H_?wIG?	46	3fffffffffff
N??CA?_EEGR?H_?wEG?	46	3fffffffffff
N??CA?_EEGR?H_?wBG?	46	3fffffffffff
N??CA?_EEGR?H_?wAg?	46	3fffffffffff
N??CA?_EEGR?H_?wIC?	46	3fffffffffff
N??CA?_EEGR?H_?wEC?	46	3fffffffffff
N??CA?_EEGR?H_?wBC?	46	3fffffffffff
N??CA?_EEGR?H_?wAc?	46	3fffffffffff
N??CA?_EEGR?H_?wAK?	46	3fffffffffff
N??CA?_EEGR?H_?wKA?	46	3fffffffffff
N??CA?_EEGR?H_?wIA?	46	3fffffffffff
N??CA?_EEGR?H_?wEA?	46	3fffffffffff
N??CA?_EEGR?H_?wGI?	46	3fffffffffff
N??CA?_EEGR?H_?wCI?	46	3fffffffffff
N??CA?_EEGR?H_?w?i?	46	3fffffffffff
N??CA?_EEGR?H_?wGE?	46	3fffffffffff
N??CA?_EEGR?H_?wCE?	46	3fffffffffff
N??CA?_EEGR?H_?w?e?	46	3fffffffffff
N??CA?_EEGR?H_?w?M?	46	3fffffffffff
N??CA?_EEGR?KO@gK_?	46	3fffffffffff
N??CA?_EEGR?KO@gKO?	46	3fffffffffff
N??CA?_EEGR?KO@gHO?	46	3fffffffffff
N??CA?_EEGR?KO@gDG?	46	7ffffffff7ff
N??CA?_EEGR?KO@gGg?	46	3fffffffffff
N??CA?_EEGR?KO@gCg?	46	3fffffffffff
N??CA?_EEGR?KO@gGS?	46	7fffffffff7f
N??CA?_EEGR?KO@g@S?	46	3fffffffffff
N??CA?_EEGR?KO@gCK?	46	3fffffffffff
N??CA?_EEGR?KO@g@K?	46	3fffffffffff
N??CA?_EEGR?KO@g?k?	46	3fffffffffff
N??CA?_EEGR?KO@g?[?	46	3fffffffffff
N??CA?_EEGR?KO@gDA?	46	7fffffffefff
N??CA?_EEGR?KO@gCI?	46	7ffffffdffff
N??CA?_EEGR?KO@g@I?	46	fffffffdff7f
N??CA?_EEGR?KO@gGE?	46	3fffffffffff
N??CA?_EEGR?KO@g@E?	46	3fffffffffff
N??CA?_EEGR?KO@g?U?	46	3fffffffffff
N??CA?_EEGR?DOGgKO?	46	7ffffffff7ff
N??CA?_EEGR?DOGgDO?	46	7ffffffffffe
N??CA?_EEGR?DOGgDG?	46	3fffffffffff
N??CA?_EEGR?DOGgCg?	46	3fffffffffff
N??CA?_EEGR?DOGgCW?	46	3fffffffffff
N??CA?_EEGR?DOGgCK?	46	3fffffffffff
N??CA?_EEGR?DOGgKA?	46	3fffffffffff
N??CA?_EEGR?DOGgDA?	46	7ffffffffffd
N??CA?_EEGR?DOGgCQ?	46	7fffffffff7f
N??CA?_EEGR?CoHGK_?	46	7ffffffff7ff
N??CA?_EEGR?CoHGKO?	46	3fffffffffff
N??CA?_EEGR?CoHGCg?	46	3fffffffffff
N??CA?_EEGR?CoHGCW?	46	3fffffffffff
N??CA?_EEGR?CoHGKC?	46	7ffffffff7ff
N??CA?_EEGR?CoHGCK?	46	3fffffffffff
N??CA?_EEGR?CoHGKA?	46	3fffffffffff
N??CA?_EEGR?CoHGDA?	46	3fffffffffff
N??CA?_EEGR?CoHGCa?	46	3fffffffffff
N??CA?_EEGR?@oHGM??	46	3fffffffffff
N??CA?_EEGR?@oHGF??	46	3fffffffffff
N??CA?_EEGR?@oHGKA?	46	3fffffffffff
N??CA?_EEGR?@oHGEA?	46	3fffffffffff
N??CA?_EEGR?@oGgM??	46	3fffffffffff
N??CA?_EEGR?@oGgF??	46	7ffffffffffe
N??CA?_EEGR?@oGgE_?	46	3fffffffffff
N??CA?_EEGR?@oGgEG?	46	3fffffffffff
N??CA?_EEGR?@oGgKA?	46	3fffffffffff
N??CA?_EEGR?@oGgEA?	46	7fffffffff7f
N??CA?_EEGR?@oGgCI?	46	3fffffffffff
N??CA?_EEGR?@oGWF??	46	3fffffffffff
N??CA?_EEGR?@oGWEO?	46	3fffffffffff
N??CA?_EEGR?@oGWCQ?	46	3fffffffffff
N??CA?_EEGR?WG@oF??	46	7ffffffffffe
N??CA?_EEGR?WG@oEO?	46	3fffffffffff
N??CA?_EEGR?WG@oCQ?	46	3fffffffffff
N??CA?_EEGR?KG@oK_?	46	3fffffffffff
N??CA?_EEGR?KG@oKO?	46	3fffffffffff
N??CA?_EEGR?KG@oCo?	46	3fffffffffff
N??CA?_EEGR?KG@oCg?	46	3fffffffffff
N??CA?_EEGR?KG@oCW?	46	3fffffffffff
N??CA?_EEGR?KG@oKC?	46	7ffffffff7ff
N??CA?_EEGR?KG@oCK?	46	3fffffffffff
N??CA?_EEGR?HC?wJ??	46	fffffffdf7ff
N??CA?_EEGR?HC?wF??	46	fffffffdefff
N??CA?_EEGR?HC?wK_?	46	7ffffffdffff
N??CA?_EEGR?HC?wB_?	46	3fffffffdef7e
N??CA?_EEGR?HC?wKO?	46	3fffffffffff
N??CA?_EEGR?HC?wKG?	46	3fffffffffff
N??CA?_EEGR?HC?wGg?	46	3fffffffffff
N??CA?_EEGR?HC?wCg?	46	3fffffffffff
N??CA?_EEGR?HC?wGW?	46	7fffffff7fff
N??CA?_EEGR?HC?wCW?	46	3fffffffffff
N??CA?_EEGR?HC?w?w?	46	3fffffffffff
N??CA?_EEGR?HC?wKC?	46	3fffffffffff
N??CA?_EEGR?HC?wGS?	46	7fffffff7fff
N??CA?_EEGR?HC?wCS?	46	3fffffffffff
N??CA?_EEGR?HC?w?s?	46	3fffffffffff
N??CA?_EEGR?HC?wGK?	46	7fffffff7fff
N??CA?_EEGR?HC?wCK?	46	3fffffffffff
N??CA?_EEGR?HC?w?k?	46	3fffffffffff
N??CA?_EEGR?HC?w?[?	46	7ffffffffffb
N??CA?_EEGR?Gc@WJ??	46	fffffffef7ff
N??CA?_EEGR?Gc@WB_?	46	3fffffffffff
N??CA?_EEGR?Gc@WKO?	46	7ffffffdffff
N??CA?_EEGR?Gc@WBO?	46	3fffffffdef7e
N??CA?_EEGR?Gc@WKG?	46	3fffffffffff
N??CA?_EEGR?Gc@WGg?	46	7fffffff7fff
N??CA?_EEGR?Gc@WCg?	46	3fffffffffff
N??CA?_EEGR?Gc@WGW?	46	3fffffffffff
N??CA?_EEGR?Gc@WCW?	46	3fffffffffff
N??CA?_EEGR?Gc@W?w?	46	3fffffffffff
N??CA?_EEGR?Gc@WBC?	46	7ffffffffeff
N??CA?_EEGR?Gc@WGc?	46	7fffffff7fff
N??CA?_EEGR?Gc@WGS?	46	3fffffffffff
N??CA?_EEGR?Gc@W?s?	46	3fffffffffff
N??CA?_EEGR?Gc@WGK?	46	7fffffff7fff
N??CA?_EEGR?Gc@WCK?	46	3fffffffffff
N??CA?_EEGR?Gc@WAK?	46	3fffffffffff
N??CA?_EEGR?Gc@W?k?	46	7ffffffffffb
N??CA?_EEGR?Gc@W?[?	46	3fffffffffff
N??CA?_EEGR?GS@gF??	46	7fffffffefff
N??CA?_EEGR?GS@gK_?	46	3fffffffffff
N??CA?_EEGR?GS@gB_?	46	3fffffffffff
N??CA?_EEGR?GS@gKO?	46	3fffffffffff
N??CA?_EEGR?GS@gCo?	46	3fffffffffff
N??CA?_EEGR?GS@gBG?	46	fffffffdff7f
N??CA?_EEGR?GS@gGg?	46	3fffffffffff
N??CA?_EEGR?GS@gCg?	46	3fffffffffff
N??CA?_EEGR?GS@gGW?	46	3fffffffffff
N??CA?_EEGR?GS@g?w?	46	3fffffffffff
N??CA?_EEGR?GS@gBC?	46	3fffffffffff
N??CA?_EEGR?GS@gGS?	46	7fffffff7fff
N??CA?_EEGR?GS@gCS?	46	3fffffffffff
N??CA?_EEGR?GS@gCK?	46	3fffffffffff
N??CA?_EEGR?GS@g?k?	46	3fffffffffff
N??CA?_EEGR?GS@g?[?	46	3fffffffffff
N??CA?_EEGR?@SGgF??	46	7ffffffffffd
N??CA?_EEGR?@SGgKO?	46	7ffffffdffff
N??CA?_EEGR?@SGgCo?	46	3fffffffffff
N??CA?_EEGR?@SGgCg?	46	3fffffffffff
N??CA?_EEGR?@SGgCW?	46	3fffffffffff
N??CA?_EEGR?@SGgCK?	46	3fffffffffff
N??CA?_EEGR??sHGF??	46	3fffffffffff
N??CA?_EEGR??sHGK_?	46	7ffffffdffff
N??CA?_EEGR??sHGKO?	46	3fffffffffff
N??CA?_EEGR??sHGCg?	46	3fffffffffff
N??CA?_EEGR??sHGCW?	46	3fffffffffff
N??CA?_EEGR??sHGKC?	46	7ffffffdffff
N??CA?_EEGR??sHGCS?	46	3fffffffffff
N??CA?_EEGR??sHGCK?	46	3fffffffffff
N??CA?_EEGR?GK@oK_?	46	7ffffffffffb
N??CA?_EEGR?GK@oKO?	46	7ffffffffffb
N??CA?_EEGR?GK@oCo?	46	7fffffffefff
N??CA?_EEGR?GK@oCg?	46	7fffffffefff
N??CA?_EEGR?GK@oCW?	46	7fffffffefff
N??CA?_EEGR?GK@oKC?	46	7ffffffdffff
N??CA?_EEGR?GK@oCK?	46	3fffffffffff
N??CA?_EEGS_U??wF??	46	7ffffffff7ff
N??CA?_EEGS_U??wAg?	46	3fffffffffff
N??CA?_EEGS_U??wAW?	46	3fffffffffff
N??CA?_EEGS_U??wAK?	46	3fffffffffff
N??CA?_EEGS_U??w?i?	46	3fffffffffff
N??CA?_EEGS_U??w?Y?	46	3fffffffffff
N??CA?_EEGS_U??w?M?	46	3fffffffffff
N??CA?_EEGS_F??wM??	46	7ffffffff7ff
N??CA?_EEGS_F??wJ??	46	ffffffffe7ff
N??CA?_EEGS_F??wIG?	46	3fffffffffff
N??CA?_EEGS_F??wEG?	46	3fffffffffff
N??CA?_EEGS_F??wBG?	46	3fffffffffff
N??CA?_EEGS_F??wAK?	46	3fffffffffff
N??CA?_EEGS_F??wKA?	46	7ffffffdffff
N??CA?_EEGS_F??wGI?	46	3fffffffffff
N??CA?_EEGS_F??wCI?	46	3fffffffffff
N??CA?_EEGS_F??w?Y?	46	3fffffffffff
N??CA?_EEGS_F??w?M?	46	3fffffffffff
N??CA?_EEGS_E_CWL??	46	3fffffffffff
N??CA?_EEGS_E_CWK_?	46	7ffffffff7ff
N??CA?_EEGS_E_CWH_?	46	3fffffffffff
N??CA?_EEGS_E_CWKO?	46	7ffffffff7ff
N??CA?_EEGS_E_CWHO?	46	3fffffffffff
N??CA?_EEGS_E_CWHG?	46	3fffffffffff
N??CA?_EEGS_E_CWDG?	46	3fffffffffff
N??CA?_EEGS_E_CWGg?	46	3fffffffffff
N??CA?_EEGS_E_CWCg?	46	3fffffffffff
N??CA?_EEGS_E_CW@g?	46	3fffffffffff
N??CA?_EEGS_E_CWCW?	46	3fffffffffff
N??CA?_EEGS_E_CW@K?	46	3fffffffffff
N??CA?_EEGS_E_CWKA?	46	3fffffffffff
N??CA?_EEGS_E_CWGa?	46	3fffffffffff
N??CA?_EEGS_E_CWGQ?	46	3fffffffffff
N??CA?_EEGS_E_CWCI?	46	3fffffffffff
N??CA?_EEGS_E_CW?i?	46	3fffffffffff
N??CA?_EEGS_E_CW?M?	46	3fffffffffff
N??CA?_EEGS_E_?wM??	46	3fffffffffff
N??CA?_EEGS_E_?wJ??	46	3fffffffffff
N??CA?_EEGS_E_?wB_?	46	3fffffffffff
N??CA?_EEGS_E_?wEG?	46	3fffffffffff
N??CA?_EEGS_E_?wBG?	46	3fffffffffff
N??CA?_EEGS_E_?wAg?	46	3fffffffffff
N??CA?_EEGS_E_?wAK?	46	3fffffffffff
N??CA?_EEGS_E_?wKA?	46	3fffffffffff
N??CA?_EEGS_E_?wIA?	46	3fffffffffff
N??CA?_EEGS_E_?wGI?	46	3fffffffffff
N??CA?_EEGS_E_?wCI?	46	3fffffffffff
N??CA?_EEGS_E_?w?i?	46	3fffffffffff
N??CA?_EEGS_E_?w?M?	46	3fffffffffff
N??CA?_EEGS_D_AWM??	46	fffffffff77f
N??CA?_EEGS_D_AWJ??	46	3fffffffffff
N??CA?_EEGS_D_AWKO?	46	ffffffffff74c
N??CA?_EEGS_D_AWBO?	46	3fffffffffff
N??CA?_EEGS_D_AWDG?	46	3fffffffffff
N??CA?_EEGS_D_AWBG?	46	3fffffffffff
N??CA?_EEGS_D_AWCW?	46	1ffffffffb7fe
N??CA?_EEGS_D_AWAW?	46	3fffffffffff
N??CA?_EEGS_D_AWGK?	46	1ffffffffb7fe
N??CA?_EEGS_D_AWIA?	46	fffffffef7ff
N??CA?_EEGS_D_AWHA?	46	3fffffffffff
N??CA?_EEGS_D_AWCI?	46	3fffffffffff
N??CA?_EEGS_D_AW@I?	46	fffffffffe7f
N??CA?_EEGS_D_AW?M?	46	3fffffffffff
N??CA?_EEGS_KOAgJ??	46	3fffffffffff
N??CA?_EEGS_KOAgBO?	46	3fffffffffff
N??CA?_EEGS_KOAg?w?	46	1ffffffffb7fe
N??CA?_EEGS_KOAgBC?	46	3fffffffffff
N??CA?_EEGS_KOAg?s?	46	3fdffffffb7fe
N??CA?_EEGS_KOAg?k?	46	1ffffffffb7fe
N??CA?_EEGS_KOAg?[?	46	1ffffffffb7fe
N??CA?_EEGS_KOAgHA?	46	3fffffffffff
N??CA?_EEGS_KOAgBA?	46	3fffffffffff
N??CA?_EEGS_KOAg?q?	46	3fffffffffff
N??CA?_EEGS_KOAg@I?	46	3fffffffffff
N??CA?_EEGS_KOAg?Y?	46	3fffffffffff
N??CA?_EEGS_DOAgJ??	46	3fffffffffff
N??CA?_EEGS_DOAgF??	46	3fffffffffff
N??CA?_EEGS_DOAgKO?	46	3ffffffffffcc
N??CA?_EEGS_DOAgBO?	46	3fffffffffff
N??CA?_EEGS_DOAgEG?	46	fffffffff77f
N??CA?_EEGS_DOAgHG?	46	3fffffffffff
N??CA?_EEGS_DOAgDG?	46	3fffffffffff
N??CA?_EEGS_DOAgBG?	46	3fffffffffff
N??CA?_EEGS_DOAgCW?	46	1ffffffffb7fe
N??CA?_EEGS_DOAgIC?	46	3fffffffffff
N??CA?_EEGS_DOAgBC?	46	3fffffffffff
N??CA?_EEGS_DOAgGS?	46	1ffffffffb7fe
N??CA?_EEGS_DOAgCS?	46	3fdffffffb7fe
N??CA?_EEGS_DOAgGK?	46	1ffffffffb7fe
N??CA?_EEGS_DOAgCK?	46	1ffffffffb7fe
N??CA?_EEGS_DOAgEA?	46	7fffffffefff
N??CA?_EEGS_DOAgHA?	46	3fffffffffff
N??CA?_EEGS_DOAgDA?	46	3fffffffffff
N??CA?_EEGS_DOAgAI?	46	fffffffdff7f
N??CA?_EEGS_DOAg@I?	46	3fffffffffff
N??CA?_EEGS_DOAgGE?	46	3fffffffffff
N??CA?_EEGS_DOAgAE?	46	3fffffffffff
N??CA?_EEGS_GoEGJ??	46	3fffffffffff
N??CA?_EEGS_GoEGB_?	46	3fffffffffff
N??CA?_EEGS_GoEGBO?	46	3fffffffffff
N??CA?_EEGS_GoEGAo?	46	3fffffffffff
N??CA?_EEGS_GoEGBG?	46	3fffffffffff
N??CA?_EEGS_GoEGAS?	46	3fffffffffff
N??CA?_EEGS_GoEGIA?	46	3fffffffffff
N??CA?_EEGS_GoEG?q?	46	7fffffffefff
N??CA?_EEGS_GoEGAI?	46	3fffffffffff
N??CA?_EEGS_GoEG?U?	46	3fffffffffff
N??CA?_EEGS_CoEGL??	46	3fffffffffff
N??CA?_EEGS_CoEGD_?	46	3fffffffffff
N??CA?_EEGS_CoEGHO?	46	3fffffffffff
N??CA?_EEGS_CoEGDO?	46	3fffffffffff
N??CA?_EEGS_CoEG@o?	46	3fffffffffff
N??CA?_EEGS_CoEGHG?	46	3fffffffffff
N??CA?_EEGS_CoEGDG?	46	3fffffffffff
N??CA?_EEGS_CoEGCg?	46	3fffffffffff
N??CA?_EEGS_CoEG@g?	46	3fffffffffff
N??CA?_EEGS_CoEGGW?	46	3ffff7dfdf7ff
N??CA?_EEGS_CoEGCW?	46	3fffffffffff
N??CA?_EEGS_CoEG@W?	46	3fffffffffff
N??CA?_EEGS_CoEGHC?	46	3fffffffffff
N??CA?_EEGS_CoEGGc?	46	7fffffffff7f
N??CA?_EEGS_CoEGGS?	46	3fffffffffff
N??CA?_EEGS_CoEG@K?	46	3fffffffffff
N??CA?_EEGS_CoEG?[?	46	3fffffffffff
N??CA?_EEGS_CoEGKA?	46	3fffffffffff
N??CA?_EEGS_CoEGHA?	46	3fffffffffff
N??CA?_EEGS_CoEGGa?	46	3fffffffffff
N??CA?_EEGS_CoEGCa?	46	3fffffffffff
N??CA?_EEGS_CoEGCQ?	46	3fffffffffff
N??CA?_EEGS_CoEGCI?	46	3fffffffffff
N??CA?_EEGS_CoEG?Y?	46	3fffffffffff
N??CA?_EEGS_CoEGGE?	46	3fffffffffff
N??CA?_EEGS_CoEG@E?	46	fffffffef7ff
N??CA?_EEGS_CoEG?e?	46	3fffffffffff
N??CA?_EEGS_CoAgJ??	46	3fffffffffff
N??CA?_EEGS_CoAgK_?	46	3ffffffffffcc
N??CA?_EEGS_CoAgB_?	46	3fffffffffff
N??CA?_EEGS_CoAgEG?	46	3fffffffffff
N??CA?_EEGS_CoAgDG?	46	3fffffffffff
N??CA?_EEGS_CoAgBG?	46	3fffffffffff
N??CA?_EEGS_CoAgCg?	46	1ffffffffb7fe
N??CA?_EEGS_CoAgAg?	46	3fffffffffff
N??CA?_EEGS_CoAgGK?	46	1ffffffffb7fe
N??CA?_EEGS_CoAgAK?	46	3fffffffffff
N??CA?_EEGS_CoAg?k?	46	3ffdf7ffff77f
N??CA?_EEGS_CoAgKA?	46	3fffffffffff
N??CA?_EEGS_CoAgEA?	46	3fffffffffff
N??CA?_EEGS_CoAgCI?	46	3fffffffffff
N??CA?_EEGS_CoAgAI?	46	3fffffffffff
N??CA?_EEGS_CoAg@I?	46	3fffffffffff
N??CA?_EEGS_CoAg?M?	46	3fffffffffff
N??CA?_EEGS_CoAWJ??	46	3fffffffffff
N??CA?_EEGS_CoAWF??	46	3fffffffffff
N??CA?_EEGS_CoAWB_?	46	3fffffffffff
N??CA?_EEGS_CoAWBO?	46	3fffffffffff
N??CA?_EEGS_CoAWGc?	46	1ffffffffb7fe
N??CA?_EEGS_CoAWGS?	46	1ffffffffb7fe
N??CA?_EEGS_CoAWAS?	46	3fffffffffff
N??CA?_EEGS_CoAW@Q?	46	3fffffffffff
N??CA?_EEGS_CoAWAE?	46	3fffffffffff
N??CA?_EEGS_@oEGJ??	46	2ffeffffffefb
N??CA?_EEGS_@oEGIO?	46	3ffff7dfdf7ff
N??CA?_EEGS_@oEGBO?	46	37fffbfffeffb
N??CA?_EEGS_@oEGBG?	46	37fffbfffeffb
N??CA?_EEGS_@oEGAW?	46	7fffaffbf7f7f
N??CA?_EEGS_@oEGIC?	46	3fffffffffff
N??CA?_EEGS_@oEGIA?	46	3ffffffffffcc
N??CA?_EEGS_@oEGGE?	46	3fffffffffff
N??CA?_EEGS_OWE_F??	46	3fffffffffff
N??CA?_EEGS_OWE_B_?	46	3effffffffcfe
N??CA?_EEGS_OWE_Ao?	46	3effffffffcfe
N??CA?_EEGS_OWE_BG?	46	3fffffffffff
N??CA?_EEGS_OWE_Ag?	46	3fffffffffff
N??CA?_EEGS_OWE_AW?	46	3fffffffffff
N??CA?_EEGS_OWE_BC?	46	ffffffff7ffd
N??CA?_EEGS_OWE_AS?	46	7fffffffff7f
N??CA?_EEGS_OWE_EA?	46	3fffffffffff
N??CA?_EEGS_OWE_?q?	46	3bffbffffff7d
N??CA?_EEGS_OWE_?i?	46	7ffffffff7ff
N??CA?_EEGS_OWE_?Y?	46	3fffffffffff
N??CA?_EEGS_OWE_AE?	46	fffffffffefb
N??CA?_EEGS_OWE_?U?	46	7fffffff7fff
N??CA?_EEGS_@WE_J??	46	3fffffffffff
N??CA?_EEGS_@WE_EG?	46	3fffffffffff
N??CA?_EEGS_@WE_BG?	46	3fffffffffff
N??CA?_EEGS_@WE_AW?	46	3fffffffffff
N??CA?_EEGS_@WE_IA?	46	3fffffffffff
N??CA?_EEGS_@WE_CI?	46	7ffffffff7ff
N??CA?_EEGS_@WE_AI?	46	3fffffffffff
N??CA?_EEGS_@WE_?Y?	46	3fffffffffff
N??CA?_EEGS_?wEOJ??	46	fffffffdefff
N??CA?_EEGS_?wEOF??	46	3fffffffffff
N??CA?_EEGS_?wEOI_?	46	3fffffffffff
N??CA?_EEGS_?wEOIC?	46	3fffffffffff
N??CA?_EEGS_?wEOBC?	46	3fffffffffff
N??CA?_EEGS_?wEOEA?	46	3fffffffffff
N??CA?_EEGS_?wEOGa?	46	3fffffffffff
N??CA?_EEGS_?wEOGQ?	46	3fffffffffff
N??CA?_EEGS_?wEOGE?	46	3fffffffffff
N??CA?_EEGS_?wEOAE?	46	3fffffffffff
N??CA?_EEGS_CSAgM??	46	7ffffffffeff
N??CA?_EEGS_CSAgL??	46	3fffffffffff
N??CA?_EEGS_CSAgF??	46	3fffffffffff
N??CA?_EEGS_CSAgKO?	46	3ffffef7ef7ff
N??CA?_EEGS_CSAgAo?	46	3fffffffffff
N??CA?_EEGS_CSAgEG?	46	7ffffffeffff
N??CA?_EEGS_CSAgDG?	46	3fffffffffff
N??CA?_EEGS_CSAgCg?	46	fffffffd7fff
N??CA?_EEGS_CSAg@g?	46	3fffffffffff
N??CA?_EEGS_CSAgCW?	46	3fffffffffff
N??CA?_EEGS_CSAg@W?	46	3fffffffffff
N??CA?_EEGS_CSAgIC?	46	3fffffffffff
N??CA?_EEGS_CSAgGc?	46	3fff7fefdfeff
N??CA?_EEGS_CSAgCc?	46	2ffdeff7fe70fccc
N??CA?_EEGS_CSAgAc?	46	3fffffffffff
N??CA?_EEGS_CSAgGS?	46	3fff7fefdfeff
N??CA?_EEGS_CSAgCK?	46	3fffffffffff
N??CA?_EEGS_CSAgAK?	46	3fffffffffff
N??CA?_EEGS_CSAg?[?	46	3fffffffffff
N??CA?_EEGS_?sEGM??	46	3fffffffffff
N??CA?_EEGS_?sEGJ??	46	3fffffffffff
N??CA?_EEGS_?sEGAo?	46	3fffffffffff
N??CA?_EEGS_?sEGEG?	46	3fffffffffff
N??CA?_EEGS_?sEGCg?	46	7fffffffefff
N??CA?_EEGS_?sEGAg?	46	3fffffffffff
N??CA?_EEGS_?sEGGW?	46	ffffffff0e7ff
N??CA?_EEGS_?sEGCW?	46	7fffffffefff
N??CA?_EEGS_?sEG?w?	46	fffeff7fd7e7f
N??CA?_EEGS_?sEGIC?	46	3fffffffffff
N??CA?_EEGS_?sEGBC?	46	fffffffef7ff
N??CA?_EEGS_?sEGGc?	46	7fffffff7fff
N??CA?_EEGS_?sEGGS?	46	3fffffffffff
N??CA?_EEGS_?sEGCS?	46	3fffffffffff
N??CA?_EEGS_?sEG?[?	46	3fffffffffff
N??CA?_EEGS_?[E_M??	46	3fffffffffff
N??CA?_EEGS_?[E_K_?	46	fffffffdfffe
N??CA?_EEGS_?[E_KO?	46	7ffffffdffff
N??CA?_EEGS_?[E_EG?	46	3fffffffffff
N??CA?_EEGS_?[E_Gg?	46	7ffffffff7ff
N??CA?_EEGS_?[E_Cg?	46	7ffffffff7ff
N??CA?_EEGS_?[E_Ag?	46	3fffffffffff
N??CA?_EEGS_?[E_GW?	46	3fffffffffff
N??CA?_EEGS_?[E_CW?	46	3fffffffffff
N??CA?_EEGS_?[E_?w?	46	3fffffffffff
N??CA?_EEGSOU?@WEG?	46	3fffffffffff
N??CA?_EEGSOU?@WAg?	46	3ffff7dfdf7ff
N??CA?_EEGSOU?@WAW?	46	3fffffffffff
N??CA?_EEGSOU?@WAK?	46	3fffffffffff
N??CA?_EEGSOU?@WCI?	46	3fffffffffff
N??CA?_EEGSOU?@W?i?	46	3fffffff0ffff
N??CA?_EEGSOU?@W?Y?	46	3fffffffffff
N??CA?_EEGSOU?@W?M?	46	3fffffffffff
N??CA?_EEGSOM?@WJ??	46	fffffffeff7f
N??CA?_EEGSOM?@WAS?	46	7fffffffff7f
N??CA?_EEGSOM?@WAK?	46	7fffffffff7f
N??CA?_EEGSOM?@W?U?	46	7fffffff7fff
N??CA?_EEGSOM?@W?M?	46	7fffffff7fff
N??CA?_EEGSOF?CWL??	46	3fffffffffff
N??CA?_EEGSOF?CWK_?	46	7ffffffff7ff
N??CA?_EEGSOF?CWKO?	46	7ffffffff7ff
N??CA?_EEGSOF?CWHO?	46	3fffffffffff
N??CA?_EEGSOF?CWDO?	46	3fffffffffff
N??CA?_EEGSOF?CWHG?	46	3ffff7dfdf7ff
N??CA?_EEGSOF?CWDG?	46	7ffffffffffe
N??CA?_EEGSOF?CWCg?	46	3fffffffffff
N??CA?_EEGSOF?CWCW?	46	3fffffffffff
N??CA?_EEGSOF?CW@W?	46	3fffffffffff
N??CA?_EEGSOF?CWKC?	46	3fffffffffff
N??CA?_EEGSOF?CWHC?	46	3fffffffffff
N??CA?_EEGSOF?CWGc?	46	3fffffffffff
N??CA?_EEGSOF?CW@c?	46	3fffffffffff
N??CA?_EEGSOF?CWGS?	46	3fffffffffff
N??CA?_EEGSOF?CW@S?	46	3fffffffffff
N??CA?_EEGSOF?CW@K?	46	fffffffffe7f
N??CA?_EEGSOF?CW?[?	46	3fffffffffff
N??CA?_EEGSOF?CWKA?	46	3fffffffffff
N??CA?_EEGSOF?CWHA?	46	3ffffdefdefff
N??CA?_EEGSOF?CWGQ?	46	3fffffffffff
N??CA?_EEGSOF?CWCQ?	46	3fffffffffff
N??CA?_EEGSOF?CW@Q?	46	3fffffffffff
N??CA?_EEGSOF?CWCI?	46	7fffffffff7f
N??CA?_EEGSOF?CW?Y?	46	3fffffffffff
N??CA?_EEGSOF?CWGE?	46	3fffffffffff
N??CA?_EEGSOF?CW?e?	46	3fffffffffff
N??CA?_EEGSOF?CW?U?	46	3fffffffffff
N??CA?_EEGSOF?CW?M?	46	ffffffff7f7f
N??CA?_EEGSOF?@WM??	46	3fffffffffff
N??CA?_EEGSOF?@WJ??	46	3ffffef7ef7ff
N??CA?_EEGSOF?@WF??	46	7ffffffeffff
N??CA?_EEGSOF?@WBO?	46	3fffffffffff
N??CA?_EEGSOF?@WEG?	46	3fffffffffff
N??CA?_EEGSOF?@WBG?	46	3ffdffdfdff7f
N??CA?_EEGSOF?@WAW?	46	3fffffffffff
N??CA?_EEGSOF?@WIC?	46	3fffffffffff
N??CA?_EEGSOF?@WBC?	46	3fffffffffff
N??CA?_EEGSOF?@WAS?	46	3fffffffffff
N??CA?_EEGSOF?@WAK?	46	3fffffffffff
N??CA?_EEGSOF?@WKA?	46	3fffffffffff
N??CA?_EEGSOF?@WGI?	46	3fffffff0ffff
N??CA?_EEGSOF?@WCI?	46	3fffffffffff
N??CA?_EEGSOF?@W?Y?	46	3fffffffffff
N??CA?_EEGSOF?@WGE?	46	3fffffffffff
N??CA?_EEGSOF?@WAE?	46	3fffffffffff
N??CA?_EEGSOF?@W?U?	46	3fffffffffff
N??CA?_EEGSOF?@W?M?	46	3fffffffffff
N??CA?_EEGSOE_@WM??	46	7ffffffff7ff
N??CA?_EEGSOE_@WJ??	46	ffffffffe7ff
N??CA?_EEGSOE_@WF??	46	3fffffffef7fa
N??CA?_EEGSOE_@WEG?	46	3fffffffffff
N??CA?_EEGSOE_@WBG?	46	3fffffffffff
N??CA?_EEGSOE_@WAg?	46	3fffffffffff
N??CA?_EEGSOE_@WIC?	46	3fffffffffff
N??CA?_EEGSOE_@WEC?	46	7fffffffff7f
N??CA?_EEGSOE_@WBC?	46	7fffffffff7f
N??CA?_EEGSOE_@WAc?	46	3fffffffffff
N??CA?_EEGSOE_@WAK?	46	3fffffffffff
N??CA?_EEGSOE_@WKA?	46	7ffffffdffff
N??CA?_EEGSOE_@WIA?	46	fffffffdf7ff
N??CA?_EEGSOE_@WGI?	46	3fffffffffff
N??CA?_EEGSOE_@WCI?	46	3fffffffffff
N??CA?_EEGSOE_@W?i?	46	3fffffffffff
N??CA?_EEGSOE_@WGE?	46	3fffffffffff
N??CA?_EEGSOE_@WCE?	46	7fffffff7fff
N??CA?_EEGSOE_@W?e?	46	3fffffffffff
N??CA?_EEGSOE_@W?M?	46	3fffffffffff
N??CA?_EEGSOKOBGJ??	46	3fffffffffff
N??CA?_EEGSOKOBGB_?	46	3fffffffffff
N??CA?_EEGSOKOBGBO?	46	3fffffffffff
N??CA?_EEGSOKOBGGo?	46	3ffffffffffcc
N??CA?_EEGSOKOBGBG?	46	7ffffffffffe
N??CA?_EEGSOKOBG?w?	46	1ffffffffb7fe
N??CA?_EEGSOKOBGBC?	46	ffffffffeffe
N??CA?_EEGSOKOBGIA?	46	7ffffffffffb
N??CA?_EEGSOKOBGHA?	46	3fffffffffff
N??CA?_EEGSOKOBGBA?	46	ffffffffeffe
N??CA?_EEGSOKOBGAa?	46	3fffffffffff
N??CA?_EEGSOKOBG@Q?	46	3fffffffffff
N??CA?_EEGSOKOBGAI?	46	ffffffffef7f
N??CA?_EEGSOKOBG@I?	46	7fffffffff7f
N??CA?_EEGSOKOBG?i?	46	3fffffffffff
N??CA?_EEGSOKOBG?U?	46	3fffffffffff
N??CA?_EEGSOHOEGJ??	46	3fffffffffff
N??CA?_EEGSOHOEGB_?	46	3fffffffffff
N??CA?_EEGSOHOEGBO?	46	7ffffffffffe
N??CA?_EEGSOHOEGBG?	46	7ffffffffffe
N??CA?_EEGSOHOEGAS?	46	7fffffffff7f
N??CA?_EEGSOHOEGIA?	46	3fffffffffff
N??CA?_EEGSOHOEGAa?	46	3fffffffffff
N??CA?_EEGSOHOEGAI?	46	7fffffffff7f
N??CA?_EEGSOHOEG?U?	46	7fffffff7fff
N??CA?_EEGSODOEGL??	46	3fffffffffff
N??CA?_EEGSODOEGH_?	46	3ffffef7ef7ff
N??CA?_EEGSODOEGD_?	46	3fffffffffff
N??CA?_EEGSODOEGKO?	46	7ffffffff7ff
N??CA?_EEGSODOEGHO?	46	3fffffffffff
N??CA?_EEGSODOEGDO?	46	7ffffffffffe
N??CA?_EEGSODOEG@o?	46	3fffffffffff
N??CA?_EEGSODOEGHG?	46	3ffff7dfdf7ff
N??CA?_EEGSODOEGDG?	46	7ffffffffffe
N??CA?_EEGSODOEGGg?	46	3ffff7dfdf7ff
N??CA?_EEGSODOEGCg?	46	3fffffffffff
N??CA?_EEGSODOEG@g?	46	3ffdffdfdff7f
N??CA?_EEGSODOEGCW?	46	3fffffffffff
N??CA?_EEGSODOEG@W?	46	3fffffffffff
N??CA?_EEGSODOEGHC?	46	3fffffffffff
N??CA?_EEGSODOEGGc?	46	3fffffffffff
N??CA?_EEGSODOEGGS?	46	7fffffffff7f
N??CA?_EEGSODOEGCK?	46	7fffffffff7f
N??CA?_EEGSODOEG@K?	46	fffffffffe7f
N??CA?_EEGSODOEG?k?	46	3fffffffffff
N??CA?_EEGSODOEG?[?	46	3fffffffffff
N??CA?_EEGSODOEGKA?	46	3fffffffffff
N??CA?_EEGSODOEGHA?	46	3ffffdefdefff
N??CA?_EEGSODOEGDA?	46	3fffffffeeffc
N??CA?_EEGSODOEGCa?	46	3fffffffffff
N??CA?_EEGSODOEGGQ?	46	3fffffffffff
N??CA?_EEGSODOEGCQ?	46	7fffffffff7f
N??CA?_EEGSODOEGCI?	46	7fffffffff7f
N??CA?_EEGSODOEG@I?	46	fffffffe97e7f
N??CA?_EEGSODOEG?i?	46	3ffffffe97fff
N??CA?_EEGSODOEG?Y?	46	3fffffffffff
N??CA?_EEGSODOEGGE?	46	3fffffffffff
N??CA?_EEGSODOEG@E?	46	3ffffffffe67f
N??CA?_EEGSODOEG?e?	46	3fffffffffff
N??CA?_EEGSODOEG?M?	46	ffffffff7f7f
N??CA?_EEGSODOBGL??	46	3fffffffffff
N??CA?_EEGSODOBGJ??	46	3ffffef7ef7ff
N??CA?_EEGSODOBGF??	46	3fffffffffff
N??CA?_EEGSODOBGKO?	46	3ffffffffffcc
N??CA?_EEGSODOBGBO?	46	3fffffffffff
N??CA?_EEGSODOBGEG?	46	3fffffffffff
N??CA?_EEGSODOBGDG?	46	3fffffffffff
N??CA?_EEGSODOBGBG?	46	3ffdffdfdff7f
N??CA?_EEGSODOBGGW?	46	1ffffffffb7fe
N??CA?_EEGSODOBGCW?	46	1ffffffffb7fe
N??CA?_EEGSODOBGBC?	46	3fffffffffff
N??CA?_EEGSODOBGGS?	46	1ffffffffb7fe
N??CA?_EEGSODOBGGK?	46	1ffffffffb7fe
N??CA?_EEGSODOBGAK?	46	3fffffffffff
N??CA?_EEGSODOBG@K?	46	3fffffffffff
N??CA?_EEGSODOBG?[?	46	3ffdf7ffff77f
N??CA?_EEGSODOBGKA?	46	3fffffffffff
N??CA?_EEGSODOBGEA?	46	3fffffffffff
N??CA?_EEGSODOBGHA?	46	3ffffdefdefff
N??CA?_EEGSODOBGDA?	46	3fffffffffff
N??CA?_EEGSODOBGBA?	46	3fff7fefdfeff
N??CA?_EEGSODOBGAI?	46	3ffffffe97fff
N??CA?_EEGSODOBG@I?	46	3ffffffe97fff
N??CA?_EEGSODOBGGE?	46	3fffffffffff
N??CA?_EEGSODOBGAE?	46	3fffffffffff
N??CA?_EEGSODOBG@E?	46	3fffffffffff
N??CA?_EEGSODOAWJ??	46	3ffff7dfdf7ff
N??CA?_EEGSODOAWF??	46	7ffffffffffe
N??CA?_EEGSODOAWD_?	46	3fffffffffff
N??CA?_EEGSODOAWB_?	46	3ffdffdfdff7f
N??CA?_EEGSODOAWBO?	46	3fffffffffff
N??CA?_EEGSODOAWGo?	46	1ffffffffb7fe
N??CA?_EEGSODOAWGc?	46	1ffffffffb7fe
N??CA?_EEGSODOAWGQ?	46	3fffffffffff
N??CA?_EEGSODOAW@Q?	46	3fffffffffff
N??CA?_EEGSODOAWAE?	46	ffffffff7f7f
N??CA?_EEGSOCoBGM??	46	fffffffff7fd
N??CA?_EEGSOCoBGL??	46	3fffffffffff
N??CA?_EEGSOCoBGJ??	46	3fffffffffff
N??CA?_EEGSOCoBGF??	46	3fffffffffff
N??CA?_EEGSOCoBGK_?	46	3ffffffffffcc
N??CA?_EEGSOCoBGB_?	46	3fffffffffff
N??CA?_EEGSOCoBGKG?	46	ffffffffff74c
N??CA?_EEGSOCoBGEG?	46	fffffffff77f
N??CA?_EEGSOCoBGDG?	46	3fffffffffff
N??CA?_EEGSOCoBGBG?	46	3fffffffffff
N??CA?_EEGSOCoBGCg?	46	1ffffffffb7fe
N??CA?_EEGSOCoBGAg?	46	3fffffffffff
N??CA?_EEGSOCoBGKC?	46	3ffffffffffcc
N??CA?_EEGSOCoBGEC?	46	3fffffffffff
N??CA?_EEGSOCoBGBC?	46	3fffffffffff
N??CA?_EEGSOCoBGGc?	46	1ffffffffb7fe
N??CA?_EEGSOCoBGAK?	46	3fffffffffff
N??CA?_EEGSOCoBG@K?	46	3fffffffffff
N??CA?_EEGSOCoBG?k?	46	3ffdf7ffff77f
N??CA?_EEGSOCoBGKA?	46	7fffffffefff
N??CA?_EEGSOCoBGEA?	46	7fffffffefff
N??CA?_EEGSOCoBGHA?	46	3fffffffffff
N??CA?_EEGSOCoBGDA?	46	3fffffffffff
N??CA?_EEGSOCoBGCI?	46	7ffffffdffff
N??CA?_EEGSOCoBGAI?	46	fffffffdff7f
N??CA?_EEGSOCoBG@I?	46	3fffffffffff
N??CA?_EEGSOCoBGCE?	46	3fffffffffff
N??CA?_EEGSOCoBGAE?	46	3fffffffffff
N??CA?_EEGSOCoBG?M?	46	3fffffffffff
N??CA?_EEGSO@oEGM??	46	3fffffffffff
N??CA?_EEGSO@oEGJ??	46	2ffeffffffefb
N??CA?_EEGSO@oEGI_?	46	3ffff7dfdf7ff
N??CA?_EEGSO@oEGB_?	46	37fffbfffeffb
N??CA?_EEGSO@oEGKA?	46	7ffffffffffb
N??CA?_EEGSO@oEGIA?	46	3ffffffffffcc
N??CA?_EEGSOSGBOF??	46	3fffffffffff
N??CA?_EEGSOSGBOB_?	46	3ffffef7ef7ff
N??CA?_EEGSOSGBOBO?	46	3fffffffffff
N??CA?_EEGSOSGBOBG?	46	3ffff7dfdf7ff
N??CA?_EEGSOSGBO?w?	46	3fdffffffb7fe
N??CA?_EEGSOSGBO?s?	46	1ffffffffb7fe
N??CA?_EEGSOSGBO?k?	46	1ffffffffb7fe
N??CA?_EEGSOSGBODA?	46	3fffffffffff
N??CA?_EEGSOSGBOBA?	46	3ffffdefdefff
N??CA?_EEGSOSGBO?q?	46	3fffffffffff
N??CA?_EEGSOSGBO?Y?	46	3fffffffffff
N??CA?_EEGSOSGBO@E?	46	3fffffffffff
N??CA?_EEGSODGEOL??	46	3fffffffffff
N??CA?_EEGSODGEOK_?	46	3fffffffffff
N??CA?_EEGSODGEOH_?	46	3ffffef7ef7ff
N??CA?_EEGSODGEOD_?	46	3fffffffffff
N??CA?_EEGSODGEOKO?	46	7ffffffff7ff
N??CA?_EEGSODGEOHO?	46	3fffffffffff
N??CA?_EEGSODGEODO?	46	3fffffffffff
N??CA?_EEGSODGEOCo?	46	3ffff7dfdf7ff
N??CA?_EEGSODGEO@o?	46	3fffffffffff
N??CA?_EEGSODGEOKG?	46	7ffffffff7ff
N??CA?_EEGSODGEOCg?	46	3fffffffffff
N??CA?_EEGSODGEOCW?	46	7fffffffff7f
N??CA?_EEGSODGEOHC?	46	3fffffffffff
N??CA?_EEGSODGEO@c?	46	3fffffffffff
N??CA?_EEGSODGEO@S?	46	3fffffffffff
N??CA?_EEGSODGEOGK?	46	3fffffffffff
N??CA?_EEGSODGEO@K?	46	fffffffffe7f
N??CA?_EEGSODGEO?k?	46	3fffffffffff
N??CA?_EEGSODGEO?[?	46	3fffffffffff
N??CA?_EEGSODGEOKA?	46	3fffffffffff
N??CA?_EEGSODGEODA?	46	ffffffffeffe
N??CA?_EEGSODGEOGa?	46	3ffffdefdefff
N??CA?_EEGSODGEOCa?	46	3fffffffffff
N??CA?_EEGSODGEOGQ?	46	3fffffffffff
N??CA?_EEGSODGEOCQ?	46	3fffffffffff
N??CA?_EEGSODGEOCI?	46	7fffffffff7f
N??CA?_EEGSODGEO@I?	46	fffffffe97e7f
N??CA?_EEGSODGEO?i?	46	3ffffffe97fff
N??CA?_EEGSODGEOGE?	46	3fffffffffff
N??CA?_EEGSODGEO@E?	46	3ffffffffe67f
N??CA?_EEGSODGEO?e?	46	3fffffffffff
N??CA?_EEGSODGEO?M?	46	ffffffff7f7f
N??CA?_EEGSODGAWL??	46	3fffffffffff
N??CA?_EEGSODGAWJ??	46	3fffffffffff
N??CA?_EEGSODGAWF??	46	ffffffffeffe
N??CA?_EEGSODGAWKO?	46	3ffffffffffcc
N??CA?_EEGSODGAWBO?	46	3fffffffffff
N??CA?_EEGSODGAWAg?	46	3fffffffffff
N??CA?_EEGSODGAWIA?	46	3fffffffffff
N??CA?_EEGSODGAW@a?	46	3fffffffffff
N??CA?_EEGSODGAWCI?	46	7fffffff7fff
N??CA?_EEGSODGAWAI?	46	ffffffff7f7f
N??CA?_EEGSOCgBOM??	46	fffffffff7fe
N??CA?_EEGSOCgBOL??	46	3fffffffffff
N??CA?_EEGSOCgBOJ??	46	3fffffffffff
N??CA?_EEGSOCgBOF??	46	7ffffffffffe
N??CA?_EEGSOCgBOK_?	46	3ffffffffffcc
N??CA?_EEGSOCgBOB_?	46	3fffffffffff
N??CA?_EEGSOCgBOKG?	46	3ffffffffffcc
N??CA?_EEGSOCgBOEG?	46	3fffffffffff
N??CA?_EEGSOCgBODG?	46	3fffffffffff
N??CA?_EEGSOCgBOBG?	46	7ffffffffeff
N??CA?_EEGSOCgBOGg?	46	3fdffffffb7fe
N??CA?_EEGSOCgBOCg?	46	1ffffffffb7fe
N??CA?_EEGSOCgBO@g?	46	3effffffffb7e
N??CA?_EEGSOCgBOKC?	46	ffffffffff74c
N??CA?_EEGSOCgBODC?	46	7fffffffff7f
N??CA?_EEGSOCgBOBC?	46	7fffffffff7f
N??CA?_EEGSOCgBOGc?	46	1ffffffffb7fe
N??CA?_EEGSOCgBOAK?	46	3fffffffffff
N??CA?_EEGSOCgBO@K?	46	3fffffffffff
N??CA?_EEGSOCgBO?k?	46	3ffdf7ffff77f
N??CA?_EEGSOCgBOKA?	46	7ffffffff7ff
N??CA?_EEGSOCgBOIA?	46	7ffffffff7ff
N??CA?_EEGSOCgBOEA?	46	3ffffffffe67f
N??CA?_EEGSOCgBOHA?	46	3fffffffffff
N??CA?_EEGSOCgBODA?	46	7fffffffff7f
N??CA?_EEGSOCgBOGI?	46	3fffffffffff
N??CA?_EEGSOCgBOCI?	46	3fffffffffff
N??CA?_EEGSOCgBOAI?	46	7fffffffff7f
N??CA?_EEGSOCgBO@I?	46	7fffffffff7f
N??CA?_EEGSOCgBOAE?	46	3fffffffd77fd
N??CA?_EEGSOCgBO@E?	46	7fffffff7fff
N??CA?_EEGSOOWF?F??	46	3fffffffef7fa
N??CA?_EEGSOOWF?BO?	46	7edfffffffcfe
N??CA?_EEGSOOWF?Ao?	46	3effffffffcfe
N??CA?_EEGSOOWF?EA?	46	3fffffffdf6fe
N??CA?_EEGSOOWF??q?	46	3bffbffffff7d
N??CA?_EEGSO@WEOM??	46	3fffffffffff
N??CA?_EEGSO@WEOJ??	46	fffff7dfce7ff
N??CA?_EEGSO@WEOF??	46	fffffffdfffe
N??CA?_EEGSO@WEOIO?	46	3fffffffffff
N??CA?_EEGSO@WEOIC?	46	3fffffffffff
N??CA?_EEGSO@WEOKA?	46	3fffffffffff
N??CA?_EEGSO@WEOGa?	46	3fffffff0ffff
N??CA?_EEGSO@WEOGQ?	46	3fffffffffff
N??CA?_EEGSO@WEOGE?	46	3fffffffffff
N??CA?_EEGSO@WEOAE?	46	ffffffff7f7f
N??CA?_EEGSO@WEGJ??	46	3fffffffffff
N??CA?_EEGSO@WEGF??	46	3fffffffeeffc
N??CA?_EEGSO@WEGEG?	46	7fffffffff7f
N??CA?_EEGSO@WEGBG?	46	fffffffffe7f
N??CA?_EEGSO@WEGIA?	46	3fffffffffff
N??CA?_EEGSO@WEGCI?	46	7fffffff7fff
N??CA?_EEGSO@WEGAI?	46	ffffffff7f7f
N??CA?_EEGSO?wF?M??	46	3fffffffffff
N??CA?_EEGSO?wF?J??	46	3fffffffffff
N??CA?_EEGSO?wF?F??	46	3fffffffffff
N??CA?_EEGSO?wF?EG?	46	3fffffffffff
N??CA?_EEGSO?wF?BG?	46	7ffffffffeff
N??CA?_EEGSO?wF?Ag?	46	3fffffffffff
N??CA?_EEGSO?wF?BC?	46	3fffffffffff
N??CA?_EEGSO?wF?Ac?	46	3fffffffffff
N??CA?_EEGSO?wF?KA?	46	7ffffffffffe
N??CA?_EEGSO?wF?IA?	46	3fffffffffff
N??CA?_EEGSO?wF?EA?	46	3fffffffffff
N??CA?_EEGSO?wF?CI?	46	7ffffffff7ff
N??CA?_EEGSO?wF?AI?	46	7fffffffff7f
N??CA?_EEGSO?wF??i?	46	3fffffffffff
N??CA?_EEGSO?wF?AE?	46	3fffffffffff
N??CA?_EEGSO?wF??e?	46	3fffffffffff
N??CA?_EEGSOCSBGM??	46	7ffffffffffb
N??CA?_EEGSOCSBGL??	46	3fffffffffff
N??CA?_EEGSOCSBGF??	46	ffffffffeffe
N??CA?_EEGSOCSBGK_?	46	3ffffef7ef7ff
N??CA?_EEGSOCSBGB_?	46	3fff7fefdfeff
N??CA?_EEGSOCSBGKO?	46	fffffef7ce7ff
N??CA?_EEGSOCSBGEO?	46	7fffffffefff
N??CA?_EEGSOCSBGHO?	46	3fffffffffff
N??CA?_EEGSOCSBGDO?	46	3ffffffffffd2
N??CA?_EEGSOCSBGAo?	46	3fffffffffff
N??CA?_EEGSOCSBGKG?	46	fffffffdefff
N??CA?_EEGSOCSBGDG?	46	7fffffffff7f
N??CA?_EEGSOCSBGCg?	46	3fffffffffff
N??CA?_EEGSOCSBG@g?	46	3ffffffe97fff
N??CA?_EEGSOCSBGCW?	46	fffffffd7fff
N??CA?_EEGSOCSBG@W?	46	3fffffffffff
N??CA?_EEGSOCSBGIC?	46	3fffffffffff
N??CA?_EEGSOCSBGHC?	46	3fffffffffff
N??CA?_EEGSOCSBGGc?	46	3fff7fefdfeff
N??CA?_EEGSOCSBGAS?	46	3fffffffffff
N??CA?_EEGSOCSBGCK?	46	7fffffff7fff
N??CA?_EEGSOCSBGAK?	46	ffffffff7f7f
N??CA?_EEGSOCSBG@K?	46	ffffffff7f7f
N??CA?_EEGSOCSBG?k?	46	3fffffffffff
N??CA?_EEGSOCSBG?[?	46	3fffffffffff
N??CA?_EEGSO@SEGM??	46	3fffffffffff
N??CA?_EEGSO@SEGJ??	46	3ffffdefdefff
N??CA?_EEGSO@SEGF??	46	3fffffffeeffc
N??CA?_EEGSO@SEGB_?	46	3fff7fefdfeff
N??CA?_EEGSO@SEGKO?	46	fffffffdfffb
N??CA?_EEGSO@SEGIO?	46	3fffffffffff
N??CA?_EEGSO@SEGEO?	46	7fffffffff7f
N??CA?_EEGSO@SEGAo?	46	3fffffffffff
N??CA?_EEGSO@SEGEG?	46	7fffffffff7f
N??CA?_EEGSO@SEGBG?	46	fffffffe97e7f
N??CA?_EEGSO@SEGGg?	46	ffffffff0e7ff
N??CA?_EEGSO@SEGCg?	46	7fffffffefff
N??CA?_EEGSO@SEGCW?	46	7fffffffefff
N??CA?_EEGSO@SEGIC?	46	3fffffffffff
N??CA?_EEGSO@SEGBC?	46	3ffffffffe67f
N??CA?_EEGSO@SEGGc?	46	3fffffffffff
N??CA?_EEGSO@SEGGS?	46	7fffffff7fff
N??CA?_EEGSO@SEGCK?	46	7fffffff7fff
N??CA?_EEGSO@SEG?k?	46	3fffffffffff
N??CA?_EEGSO@SEG?[?	46	3fffffffffff
N??CA?_EEGSOCKBOM??	46	7ffffffffffd
N??CA?_EEGSOCKBOL??	46	3fffffffffff
N??CA?_EEGSOCKBOJ??	46	3ffffdefdefff
N??CA?_EEGSOCKBOF??	46	3fffffffeeffc
N??CA?_EEGSOCKBOK_?	46	3ffffbbfeefff
N??CA?_EEGSOCKBOB_?	46	3fff7fefdfeff
N??CA?_EEGSOCKBOKO?	46	fffffbbfce7ff
N??CA?_EEGSOCKBOIO?	46	7ffffffff7ff
N??CA?_EEGSOCKBOHO?	46	3ffffffffffcc
N??CA?_EEGSOCKBOAo?	46	3fffffffffff
N??CA?_EEGSOCKBOEG?	46	7fffffffff7f
N??CA?_EEGSOCKBODG?	46	7fffffffff7f
N??CA?_EEGSOCKBOBG?	46	fffffffe97e7f
N??CA?_EEGSOCKBO@g?	46	3faeffff75e937d2
N??CA?_EEGSOCKBOGW?	46	2ffdeff7fe70fccc
N??CA?_EEGSOCKBOCW?	46	3fff7fefdfeff
N??CA?_EEGSOCKBOAW?	46	3fffffffffff
N??CA?_EEGSOCKBOIC?	46	7fffffffefff
N??CA?_EEGSOCKBOHC?	46	3fffffffffff
N??CA?_EEGSOCKBOGc?	46	3fffffffffff
N??CA?_EEGSOCKBO@c?	46	3fffffffffff
N??CA?_EEGSOCKBO@S?	46	7fffffff7fff
N??CA?_EEGSOCKBOGK?	46	3fffffffffff
N??CA?_EEGSOCKBOAK?	46	ffffffff7f7f
N??CA?_EEGSOCKBO@K?	46	ffffffff7f7f
N??CA?_EEGSOCKBO?k?	46	3fffffffffff
N??CA?_EEGSOCKBO?[?	46	3fffffffffff
N??CA?_EEGSO@KEOM??	46	3fffffffffff
N??CA?_EEGSO@KEOF??	46	ffffffffeffe
N??CA?_EEGSO@KEOK_?	46	7ffffffffffd
N??CA?_EEGSO@KEOE_?	46	3fffffffffff
N??CA?_EEGSO@KEOB_?	46	3fff7fefdfeff
N??CA?_EEGSO@KEOKO?	46	fffffffdfffd
N??CA?_EEGSO@KEOIO?	46	3fffffffffff
N??CA?_EEGSO@KEOCo?	46	ffffffff0e7ff
N??CA?_EEGSO@KEOAo?	46	3fffffffffff
N??CA?_EEGSO@KEOKG?	46	7ffffffdffff
N??CA?_EEGSO@KEOBG?	46	fffffffe97e7f
N??CA?_EEGSO@KEOGg?	46	3fffffff0ffff
N??CA?_EEGSO@KEOCg?	46	3fffffffffff
N??CA?_EEGSO@KEOCW?	46	7fffffff7fff
N??CA?_EEGSO@KEOIC?	46	3fffffffffff
N??CA?_EEGSO@KEOGK?	46	3fffffffffff
N??CA?_EEGSO@KEO?k?	46	3fffffffffff
N??CA?_EEGSO@KEO?[?	46	3fffffffffff
N??CA?_EEGSO?[F?M??	46	3fffffffffff
N??CA?_EEGSO?[F?J??	46	3ffffdefdefff
N??CA?_EEGSO?[F?K_?	46	7ffffffdffff
N??CA?_EEGSO?[F?KO?	46	fffffffdfffe
N??CA?_EEGSO?[F?IO?	46	3fffffffffff
N??CA?_EEGSO?[F?EO?	46	3fffffffffff
N??CA?_EEGSO?[F?BO?	46	3fffffffffff
N??CA?_EEGSO?[F?EG?	46	7fffffffff7f
N??CA?_EEGSO?[F?Gg?	46	3fffffff0ffff
N??CA?_EEGSO?[F?Cg?	46	3fffffffffff
N??CA?_EEGSO?[F?CW?	46	7ffffffff7ff
N??CA?_EEGSO?[F??w?	46	3fffffffffff
N??CA?_EEGSO?[F?KC?	46	7ffffffffffe
N??CA?_EEGSO?[F?IC?	46	3fffffffffff
N??CA?_EEGSO?[F?Gc?	46	3fffffffffff
N??CA?_EEGSO?[F?GS?	46	7ffffffff7ff
N??CA?_EEGSO?[F?AS?	46	3fffffffffff
N??CA?_EEGSO?[F??s?	46	3fffffffffff
N??CA?_EEGSO?[F??[?	46	7ffffffdffff
N??CA?_EEGKOe?@WAo?	46	3fffffffffff
N??CA?_EEGKOe?@WAW?	46	3fffffffffff
N??CA?_EEGKOe?@WAS?	46	3fffffffffff
N??CA?_EEGKOe?@WAK?	46	3fffffffffff
N??CA?_EEGKOe?@W?q?	46	3fffffffffff
N??CA?_EEGKOe?@W?Y?	46	3fffffffffff
N??CA?_EEGKOe?@W?U?	46	3fffffffffff
N??CA?_EEGKOe?@W?M?	46	3fffffffffff
N??CA?_EEGKOM?@WR??	46	7fffffffff7f
N??CA?_EEGKOM?@WQC?	46	3fffffffffff
N??CA?_EEGKOM?@WBC?	46	7ffffffeffff
N??CA?_EEGKOM?@WQA?	46	7ffffffeffff
N??CA?_EEGKOM?@WOE?	46	3fffffffffff
N??CA?_EEGKOM?@W?M?	46	3fffffffffff
N??CA?_EEGKOE_@WR??	46	ffffffffe7ff
N??CA?_EEGKOE_@WQ_?	46	3fffffffffff
N??CA?_EEGKOE_@WQC?	46	3fffffffffff
N??CA?_EEGKOE_@WOa?	46	3fffffffffff
N??CA?_EEGKOE_@WOI?	46	3fffffffffff
N??CA?_EEGKOE_@WOE?	46	3fffffffffff
N??CA?_EEGKOE_@WAE?	46	3fffffffffff
N??CA?_EEGKOD_AWR??	46	3fffffffffff
N??CA?_EEGKOD_AWP_?	46	3fffffffffff
N??CA?_EEGKOD_AWB_?	46	3fffffffffff
N??CA?_EEGKOD_AWBG?	46	3fffffffffff
N??CA?_EEGKOD_AWOg?	46	1ffffffffb7fe
N??CA?_EEGKOD_AWBC?	46	3fffffffffff
N??CA?_EEGKOD_AWOc?	46	1ffffffffb7fe
N??CA?_EEGKOD_AWCK?	46	1ffffffffb7fe
N??CA?_EEGKOD_AWAK?	46	3fffffffffff
N??CA?_EEGKOD_AW@K?	46	3fffffffffff
N??CA?_EEGKOD_AW@I?	46	3fffffffffff
N??CA?_EEGKOD_AWOE?	46	3fffffffffff
N??CA?_EEGKOD_AW@E?	46	7fffffffefff
N??CA?_EEGKODOEGT??	46	3fffffffffff
N??CA?_EEGKODOEGP_?	46	3fffffffffff
N??CA?_EEGKODOEGD_?	46	3fffffffffff
N??CA?_EEGKODOEGPG?	46	3fffffffffff
N??CA?_EEGKODOEGDG?	46	3fffffffffff
N??CA?_EEGKODOEG@g?	46	3fffffffffff
N??CA?_EEGKODOEGCW?	46	3fffffffffff
N??CA?_EEGKODOEG@W?	46	3fffffffffff
N??CA?_EEGKODOEG?w?	46	7fffaffbf7f7f
N??CA?_EEGKODOEGSC?	46	7ffffffff7ff
N??CA?_EEGKODOEGPC?	46	3fffffffffff
N??CA?_EEGKODOEGOc?	46	3fffffffffff
N??CA?_EEGKODOEGOS?	46	7fffffffff7f
N??CA?_EEGKODOEG@S?	46	3fffffffffff
N??CA?_EEGKODOEG?s?	46	3fffffffffff
N??CA?_EEGKODOEGOK?	46	3fffffffffff
N??CA?_EEGKODOEGCK?	46	3fffffffffff
N??CA?_EEGKODOEG?[?	46	3fffffffffff
N??CA?_EEGKODOEGSA?	46	3fffffffffff
N??CA?_EEGKODOEGPA?	46	3fffffffffff
N??CA?_EEGKODOEGDA?	46	7ffffffeffff
N??CA?_EEGKODOEGOa?	46	3fffffffffff
N??CA?_EEGKODOEGCa?	46	3fffffffffff
N??CA?_EEGKODOEGCQ?	46	3fffffffffff
N??CA?_EEGKODOEG@Q?	46	3fffffffffff
N??CA?_EEGKODOEG@I?	46	3fffffffffff
N??CA?_EEGKODOEGOE?	46	3fffffffffff
N??CA?_EEGKODOEG@E?	46	7fffffffefff
N??CA?_EEGKODOEG?U?	46	3fffffffffff
N??CA?_EEGKOCoBGR??	46	3fffffffffff
N??CA?_EEGKOCoBGB_?	46	3fffffffffff
N??CA?_EEGKOCoBGSG?	46	ffffffffff74c
N??CA?_EEGKOCoBGBG?	46	3fffffffffff
N??CA?_EEGKOCoBGPC?	46	3fffffffffff
N??CA?_EEGKOCoBGBC?	46	3fffffffffff
N??CA?_EEGKOCoBGOc?	46	1ffffffffb7fe
N??CA?_EEGKOCoBGCK?	46	1ffffffffb7fe
N??CA?_EEGKOCoBGAK?	46	3fffffffffff
N??CA?_EEGKOCoBG@K?	46	3fffffffffff
N??CA?_EEGKOCoBG@I?	46	3fffffffffff
N??CA?_EEGKOCoBGOE?	46	3fffffffffff
N??CA?_EEGKOCoBG?M?	46	3fffffffffff
N??CA?_EEGKO@oEGR??	46	2ffeffffffefb
N??CA?_EEGKO@oEGQC?	46	3fffffffffff
N??CA?_EEGKO@oEGOE?	46	3fffffffffff
N??CA?_EEGKOcGBOF??	46	3fffffffffff
N??CA?_EEGKOcGBOB_?	46	3fffffffffff
N??CA?_EEGKOcGBOBO?	46	3fffffffffff
N??CA?_EEGKOcGBOBG?	46	3fffffffffff
N??CA?_EEGKOcGBO?w?	46	3fdffffffb7fe
N??CA?_EEGKOcGBO@S?	46	3fffffffffff
N??CA?_EEGKOcGBO?s?	46	1ffffffffb7fe
N??CA?_EEGKOcGBO?k?	46	1ffffffffb7fe
N??CA?_EEGKOcGBOEA?	46	7ffffffffffd
N??CA?_EEGKOcGBODA?	46	3fffffffffff
N??CA?_EEGKOcGBOBA?	46	3fffffffffff
N??CA?_EEGKOcGBO?Y?	46	3fffffffffff
N??CA?_EEGKOcGBO@E?	46	3fffffffffff
N??CA?_EEGKOcGBO?M?	46	3fffffffffff
N??CA?_EEGKOCgBOR??	46	3fffffffffff
N??CA?_EEGKOCgBOF??	46	3fffffffffff
N??CA?_EEGKOCgBOSG?	46	3ffffffffffcc
N??CA?_EEGKOCgBOBG?	46	3fffffffffff
N??CA?_EEGKOCgBOOg?	46	3fdffffffb7fe
N??CA?_EEGKOCgBOQC?	46	fffffffff77f
N??CA?_EEGKOCgBOPC?	46	3fffffffffff
N??CA?_EEGKOCgBOOc?	46	1ffffffffb7fe
N??CA?_EEGKOCgBOCK?	46	1ffffffffb7fe
N??CA?_EEGKOCgBO@K?	46	3fffffffffff
N??CA?_EEGKOCgBOBA?	46	3fffffffffff
N??CA?_EEGKOCgBOOI?	46	3fffffffffff
N??CA?_EEGKOCgBO@E?	46	3fffffffffff
N??CA?_EEGKOCgBO?e?	46	3fffffffffff
N??CA?_EEGKOCgBO?M?	46	3fffffffffff
N??CA?_EEGKO@gEOR??	46	3fffffffffff
N??CA?_EEGKO@gEOB_?	46	3fffffffffff
N??CA?_EEGKO@gEOBC?	46	3fffffffffff
N??CA?_EEGKO@gEOAK?	46	3fffffffffff
N??CA?_EEGKO@gEOOI?	46	3fffffffffff
N??CA?_EEGKO@gEOAE?	46	3fffffffffff
N??CA?_EEGKO@gEO?M?	46	3fffffffffff
N??CA?_EEGKO_WF?F??	46	3fffffffffff
N??CA?_EEGKO_WF?BO?	46	3fffffffffff
N??CA?_EEGKO_WF?Ao?	46	3fffffffffff
N??CA?_EEGKO_WF?EA?	46	3fffffffffff
N??CA?_EEGKO_WF??q?	46	3fffffffffff
N??CA?_EEGKO@WEGU??	46	3fffffffffff
N??CA?_EEGKO@WEGR??	46	3fffffffffff
N??CA?_EEGKO@WEGBO?	46	3fffffffffff
N??CA?_EEGKO@WEGQG?	46	3fffffffffff
N??CA?_EEGKO@WEGEG?	46	3fffffffffff
N??CA?_EEGKO@WEGSA?	46	3fffffffffff
N??CA?_EEGKO@WEGQA?	46	3fffffffffff
N??CA?_EEGKO@WEGOI?	46	3fffffffffff
N??CA?_EEGKO@WEGCI?	46	3fffffffffff
N??CA?_EEGKO?wF?R??	46	3fffffffffff
N??CA?_EEGKO?wF?F??	46	3fffffffffff
N??CA?_EEGKO?wF?Q_?	46	3fffffffffff
N??CA?_EEGKO?wF?BG?	46	3fffffffffff
N??CA?_EEGKO?wF?BC?	46	3fffffffffff
N??CA?_EEGKO?wF?Ac?	46	3fffffffffff
N??CA?_EEGKO?wF?Oa?	46	3fffffffffff
N??CA?_EEGKO?wF?AI?	46	3fffffffffff
N??CA?_EEGKO?wF?AE?	46	3fffffffffff
N??CA?_EEGKO?wF??e?	46	3fffffffffff
N??CA?_EEGIOi?@WF??	46	7fffffffff7f
N??CA?_EEGIOi?@WB_?	46	3fffffffffff
N??CA?_EEGIOi?@WCo?	46	3ffffffffffcc
N??CA?_EEGIOi?@WBG?	46	3fffffffffff
N??CA?_EEGIOi?@WCg?	46	3ffffffffffcc
N??CA?_EEGIOi?@WCW?	46	3ffffffffffcc
N??CA?_EEGIOi?@WEC?	46	3fffffffffff
N??CA?_EEGIOi?@WBC?	46	3fffffffffff
N??CA?_EEGIOi?@W?k?	46	1ffffffffb7fe
N??CA?_EEGIOi?@W@Q?	46	fffffffdf7ff
N??CA?_EEGIOi?@WCI?	46	3fffffffffff
N??CA?_EEGIOi?@W?i?	46	3fffffffffff
N??CA?_EEGIOi?@W@E?	46	3fffffffffff
N??CA?_EEGIOi?@W?M?	46	3fffffffffff
N??CA?_EEGIOM?@WP_?	46	3fffffffffff
N??CA?_EEGIOM?@WOo?	46	3effffffffcfe
N??CA?_EEGIOM?@WPG?	46	3fffffffffff
N??CA?_EEGIOM?@W@g?	46	3fffffffffff
N??CA?_EEGIOM?@WOW?	46	3effffffffcfe
N??CA?_EEGIOM?@WCW?	46	3fffffffffff
N??CA?_EEGIOM?@W@W?	46	3fffffffffff
N??CA?_EEGIOM?@WSC?	46	3fffffffffff
N??CA?_EEGIOM?@WPC?	46	3fffffffffff
N??CA?_EEGIOM?@W@c?	46	3fffffffffff
N??CA?_EEGIOM?@W@K?	46	3fffffffffff
N??CA?_EEGIOM?@W?[?	46	3fffffffffff
N??CA?_EEGIOM?@WPA?	46	fffffffef7ff
N??CA?_EEGIOM?@WDA?	46	7ffffffeffff
N??CA?_EEGIOM?@WCa?	46	3fffffffffff
N??CA?_EEGIOM?@WCQ?	46	7ffffffdffff
N??CA?_EEGIOM?@W?Y?	46	3fffffffffff
N??CA?_EEGIOM?@WOE?	46	3fffffffffff
N??CA?_EEGIOM?@W@E?	46	7fffffffefff
N??CA?_EEGIOM?@W?e?	46	3fffffffffff
N??CA?_EEGIOM?@W?U?	46	3fffffffffff
N??CA?_EEGIOM?@W?M?	46	3fffffffffff
N??CA?_EEGIOh?IGBG?	46	3fffffffffff
N??CA?_EEGIOh?AWF??	46	3fffffffffff
N??CA?_EEGIOh?AWB_?	46	3fffffffffff
N??CA?_EEGIOh?AWAo?	46	3ffffffffe67f
N??CA?_EEGIOh?AWBG?	46	3fffffffffff
N??CA?_EEGIOh?AW?w?	46	1ffffffffb7fe
N??CA?_EEGIOh?AWBC?	46	3fffffffffff
N??CA?_EEGIOh?AW@S?	46	3fffffffffff
N??CA?_EEGIOh?AW?s?	46	1ffffffffb7fe
N??CA?_EEGIOh?AW?k?	46	1ffffffffb7fe
N??CA?_EEGIOh?AW?[?	46	1ffffffffb7fe
N??CA?_EEGIOh?AWDA?	46	3fffffffffff
N??CA?_EEGIOh?AW@Q?	46	3fffffffffff
N??CA?_EEGIOh?AW?M?	46	3fffffffffff
N??CA?_EEGIOL?AWT??	46	3fffffffffff
N??CA?_EEGIOL?AWP_?	46	3fffffffffff
N??CA?_EEGIOL?AWSO?	46	fffffffff77f
N??CA?_EEGIOL?AWPG?	46	3fffffffffff
N??CA?_EEGIOL?AWDG?	46	3fffffffffff
N??CA?_EEGIOL?AW@g?	46	3fffffffffff
N??CA?_EEGIOL?AWOW?	46	3fffffffffff
N??CA?_EEGIOL?AWCW?	46	3fffffffffff
N??CA?_EEGIOL?AW@W?	46	3fffffffffff
N??CA?_EEGIOL?AWSC?	46	3fffffffffff
N??CA?_EEGIOL?AWPC?	46	3fffffffffff
N??CA?_EEGIOL?AWDC?	46	3fffffffffff
N??CA?_EEGIOL?AWOc?	46	3fffffffffff
N??CA?_EEGIOL?AW@c?	46	3fffffffffff
N??CA?_EEGIOL?AW?s?	46	3fffffffffff
N??CA?_EEGIOL?AWCK?	46	3fffffffffff
N??CA?_EEGIOL?AW@K?	46	3fffffffffff
N??CA?_EEGIOL?AW?[?	46	3fffffffffff
N??CA?_EEGIOL?AWDA?	46	3fffffffffff
N??CA?_EEGIOL?AWCa?	46	7ffffffeffff
N??CA?_EEGIOL?AWCQ?	46	7ffffffeffff
N??CA?_EEGIOL?AWCI?	46	3fffffffffff
N??CA?_EEGIOL?AW?Y?	46	3fffffffffff
N??CA?_EEGIOL?AWOE?	46	3fffffffffff
N??CA?_EEGIOL?AW?U?	46	3fffffffffff
N??CA?_EEGIOL?AW?M?	46	3fffffffffff
N??CA?_EEGIOF?GWT??	46	3fffffffffff
N??CA?_EEGIOF?GWD_?	46	3fffffffffff
N??CA?_EEGIOF?GWSG?	46	3fffffffffff
N??CA?_EEGIOF?GWDG?	46	3fffffffffff
N??CA?_EEGIOF?GWCg?	46	3fffffffffff
N??CA?_EEGIOF?GWCW?	46	3fffffffffff
N??CA?_EEGIOF?GWSC?	46	3fffffffffff
N??CA?_EEGIOF?GWDC?	46	3fffffffffff
N??CA?_EEGIOF?GWSA?	46	3fffffffffff
N??CA?_EEGIOF?GWDA?	46	3fffffffffff
N??CA?_EEGIOF?GWCa?	46	3fffffffffff
N??CA?_EEGIOF?GWCQ?	46	3fffffffffff
N??CA?_EEGIOF?GWCI?	46	3fffffffffff
N??CA?_EEGIOI_@WS_?	46	3ffffffffffcc
N??CA?_EEGIOI_@WSG?	46	3ffffffffffcc
N??CA?_EEGIOI_@WEG?	46	3fffffffffff
N??CA?_EEGIOI_@WBG?	46	3fffffffffff
N??CA?_EEGIOI_@WOg?	46	3fdffffffb7fe
N??CA?_EEGIOI_@WBC?	46	3fffffffffff
N??CA?_EEGIOI_@WEA?	46	7ffffffdffff
N??CA?_EEGIOI_@WPA?	46	fffffffdf7ff
N??CA?_EEGIOI_@W@I?	46	3fffffffffff
N??CA?_EEGIOI_@WAE?	46	3fffffffffff
N??CA?_EEGIOI_@W@E?	46	3fffffffffff
N??CA?_EEGIOH_AWU??	46	fffffffff77f
N??CA?_EEGIOH_AWT??	46	3fffffffffff
N??CA?_EEGIOH_AWF??	46	3fffffffffff
N??CA?_EEGIOH_AWQ_?	46	3ffffffffe67f
N??CA?_EEGIOH_AWEG?	46	3fffffffffff
N??CA?_EEGIOH_AWBG?	46	3fffffffffff
N??CA?_EEGIOH_AWOg?	46	1ffffffffb7fe
N??CA?_EEGIOH_AWPC?	46	3fffffffffff
N??CA?_EEGIOH_AWBC?	46	3fffffffffff
N??CA?_EEGIOH_AWOc?	46	1ffffffffb7fe
N??CA?_EEGIOH_AWOK?	46	1ffffffffb7fe
N??CA?_EEGIOH_AWAK?	46	3fffffffffff
N??CA?_EEGIOH_AW@K?	46	3fffffffffff
N??CA?_EEGIOH_AWPA?	46	3fffffffffff
N??CA?_EEGIOH_AWDA?	46	3fffffffffff
N??CA?_EEGIOH_AWCI?	46	3fffffffffff
N??CA?_EEGIOH_AW@I?	46	3fffffffffff
N??CA?_EEGIOB_GWSG?	46	3ffffffffffcc
N??CA?_EEGIOB_GWDG?	46	3fffffffffff
N??CA?_EEGIOB_GWCg?	46	1ffffffffb7fe
N??CA?_EEGIOgOBGF??	46	3fffffffffff
N??CA?_EEGIOgOBGB_?	46	3fffffffffff
N??CA?_EEGIOgOBGBG?	46	3fffffffffff
N??CA?_EEGIOgOBGAW?	46	3ffffffffe67f
N??CA?_EEGIOgOBG@W?	46	3fffffffffff
N??CA?_EEGIOgOBG?w?	46	1ffffffffb7fe
N??CA?_EEGIOgOBGBC?	46	3fffffffffff
N??CA?_EEGIOgOBG@S?	46	3fffffffffff
N??CA?_EEGIOgOBG?s?	46	1ffffffffb7fe
N??CA?_EEGIOgOBG@K?	46	3fffffffffff
N??CA?_EEGIOgOBG?k?	46	1ffffffffb7fe
N??CA?_EEGIOgOBGDA?	46	3fffffffffff
N??CA?_EEGIOgOBG@Q?	46	3fffffffffff
N??CA?_EEGIOgOBG@E?	46	7ffffffffffe
N??CA?_EEGIOgOBG?M?	46	3fffffffffff
N??CA?_EEGIOKOBGT??	46	3fffffffffff
N??CA?_EEGIOKOBGP_?	46	3fffffffffff
N??CA?_EEGIOKOBGD_?	46	3fffffffffff
N??CA?_EEGIOKOBGDO?	46	3fffffffffff
N??CA?_EEGIOKOBGOo?	46	3fffffffffff
N??CA?_EEGIOKOBGPG?	46	3fffffffffff
N??CA?_EEGIOKOBG@g?	46	3fffffffffff
N??CA?_EEGIOKOBGCW?	46	fffffffff77f
N??CA?_EEGIOKOBGSC?	46	3fffffffffff
N??CA?_EEGIOKOBGPC?	46	3fffffffffff
N??CA?_EEGIOKOBG@c?	46	3fffffffffff
N??CA?_EEGIOKOBGOK?	46	3fffffffffff
N??CA?_EEGIOKOBG@K?	46	3fffffffffff
N??CA?_EEGIOKOBG?k?	46	3fffffffffff
N??CA?_EEGIOKOBG?[?	46	3fffffffffff
N??CA?_EEGIOKOBGCa?	46	3fffffffffff
N??CA?_EEGIOKOBGCQ?	46	7fffffffefff
N??CA?_EEGIOKOBGCI?	46	7fffffffefff
N??CA?_EEGIOKOBG?Y?	46	fffffffdff7f
N??CA?_EEGIOKOBGOE?	46	3fffffffffff
N??CA?_EEGIOKOBG?e?	46	3fffffffffff
N??CA?_EEGIOKOBG?U?	46	3fffffffffff
N??CA?_EEGIOKOBG?M?	46	3fffffffffff
N??CA?_EEGIOaOHGF??	46	3fffffffffff
N??CA?_EEGIOEOHGT??	46	3fffffffffff
N??CA?_EEGIOEOHGS_?	46	3fffffffffff
N??CA?_EEGIOEOHGD_?	46	3fffffffffff
N??CA?_EEGIOEOHGDO?	46	3fffffffffff
N??CA?_EEGIOEOHGCo?	46	3fffffffffff
N??CA?_EEGIOEOHGCW?	46	3fffffffffff
N??CA?_EEGIOEOHGSC?	46	3fffffffffff
N??CA?_EEGIOEOHGDC?	46	3fffffffffff
N??CA?_EEGIOEOHGSA?	46	3fffffffffff
N??CA?_EEGIOEOHGCa?	46	3fffffffffff
N??CA?_EEGIOEOHGCQ?	46	3fffffffffff
N??CA?_EEGIOHOAWR??	46	3fffffffffff
N??CA?_EEGIOHOAWS_?	46	3ffffffffffcc
N??CA?_EEGIOHOAWB_?	46	3fffffffffff
N??CA?_EEGIOHOAWEO?	46	3fffffffffff
N??CA?_EEGIOHOAWBO?	46	3fffffffffff
N??CA?_EEGIOHOAWCo?	46	1ffffffffb7fe
N??CA?_EEGIOHOAWOS?	46	1ffffffffb7fe
N??CA?_EEGIOHOAWAS?	46	3fffffffffff
N??CA?_EEGIOHOAW?s?	46	3ffdf7ffff77f
N??CA?_EEGIOHOAWSA?	46	3fffffffffff
N??CA?_EEGIOHOAWEA?	46	3fffffffffff
N??CA?_EEGIOHOAWCQ?	46	3fffffffffff
N??CA?_EEGIOHOAWAQ?	46	3fffffffffff
N??CA?_EEGIOHOAW@Q?	46	3fffffffffff
N??CA?_EEGIOHOAW?U?	46	3fffffffffff
N??CA?_EEGIOBOIGU??	46	3fffffffffff
N??CA?_EEGIOBOIGE_?	46	3fffffffffff
N??CA?_EEGIOBOIGSG?	46	3fffffffffff
N??CA?_EEGIOBOIGEG?	46	3fffffffffff
N??CA?_EEGIOBOIGCg?	46	3fffffffffff
N??CA?_EEGIOBOIGCW?	46	3fffffffffff
N??CA?_EEGIOBOIGSC?	46	3fffffffffff
N??CA?_EEGIOBOIGEC?	46	7ffffffeffff
N??CA?_EEGIOBOIGCS?	46	3fffffffffff
N??CA?_EEGIOBOIGSA?	46	3fffffffffff
N??CA?_EEGIOBOIGEA?	46	7ffffffeffff
N??CA?_EEGIOBOIGCQ?	46	3fffffffffff
N??CA?_EEGIOBOIGCE?	46	7fffffffefff
N??CA?_EEGIOBOHGU??	46	3fffffffffff
N??CA?_EEGIOBOHGF??	46	3fffffffffff
N??CA?_EEGIOBOHGSO?	46	3ffffffffffcc
N??CA?_EEGIOBOHGEO?	46	3fffffffffff
N??CA?_EEGIOBOHGSG?	46	3ffffffffffcc
N??CA?_EEGIOBOHGCW?	46	1ffffffffb7fe
N??CA?_EEGIOBOHGCS?	46	1ffffffffb7fe
N??CA?_EEGIOBOHGSA?	46	3fffffffffff
N??CA?_EEGIOBOHGEA?	46	3fffffffffff
N??CA?_EEGIOBOHGCQ?	46	3fffffffffff
N??CA?_EEGIOBOGWU??	46	3fffffffffff
N??CA?_EEGIOBOGWF??	46	3fffffffffff
N??CA?_EEGIOBOGWS_?	46	3ffffffffffcc
N??CA?_EEGIOBOGWE_?	46	3fffffffffff
N??CA?_EEGIOBOGWD_?	46	3fffffffffff
N??CA?_EEGIOBOGWSO?	46	3ffffffffffcc
N??CA?_EEGIOBOGWEO?	46	3fffffffffff
N??CA?_EEGIOBOGWDO?	46	3fffffffffff
N??CA?_EEGIOBOGWCo?	46	1ffffffffb7fe
N??CA?_EEGIOBOGWSA?	46	3fffffffffff
N??CA?_EEGIOBOGWEA?	46	3fffffffffff
N??CA?_EEGIOBOGWDA?	46	3fffffffffff
N??CA?_EEGIOBOGWCQ?	46	3fffffffffff
N??CA?_EEGIOBOGWCE?	46	3fffffffffff
N??CA?_EEGIOGoBGF??	46	3fffffffffff
N??CA?_EEGIOGoBGSG?	46	ffffffffff74c
N??CA?_EEGIOGoBGQG?	46	3ffffffffe67f
N??CA?_EEGIOGoBGBG?	46	3fffffffffff
N??CA?_EEGIOGoBGOg?	46	1ffffffffb7fe
N??CA?_EEGIOGoBGPC?	46	3fffffffffff
N??CA?_EEGIOGoBGOc?	46	1ffffffffb7fe
N??CA?_EEGIOGoBGOK?	46	1ffffffffb7fe
N??CA?_EEGIOGoBGCK?	46	1ffffffffb7fe
N??CA?_EEGIOGoBGAK?	46	3fffffffffff
N??CA?_EEGIOGoBG@K?	46	3fffffffffff
N??CA?_EEGIOGoBGPA?	46	3fffffffffff
N??CA?_EEGIOGoBGDA?	46	3fffffffffff
N??CA?_EEGIOGoBG@I?	46	3fffffffffff
N??CA?_EEGIOGoBG@E?	46	7ffffffff7ff
N??CA?_EEGIOGoBG?M?	46	3fffffffffff
N??CA?_EEGIOAoHGEA?	46	3fffffffffff
N??CA?_EEGIOgGBOF??	46	3fffffffffff
N??CA?_EEGIOgGBOCg?	46	3ffffffffffcc
N??CA?_EEGIOgGBODA?	46	3fffffffffff
N??CA?_EEGIOgGBOCI?	46	3fffffffffff
N??CA?_EEGIOKGBOT??	46	3fffffffffff
N??CA?_EEGIOKGBOS_?	46	3fffffffffff
N??CA?_EEGIOKGBOD_?	46	3fffffffffff
N??CA?_EEGIOKGBOCo?	46	3fffffffffff
N??CA?_EEGIOKGBOSG?	46	3fffffffffff
N??CA?_EEGIOKGBODG?	46	3fffffffffff
N??CA?_EEGIOKGBOCg?	46	3fffffffffff
N??CA?_EEGIOKGBOCW?	46	3fffffffffff
N??CA?_EEGIOKGBOSC?	46	fffffffff7fd
N??CA?_EEGIOKGBOSA?	46	7ffffffffffd
N??CA?_EEGIOKGBODA?	46	7ffffffeffff
N??CA?_EEGIOKGBOCQ?	46	7ffffffff7ff
N??CA?_EEGIOKGBOCI?	46	3fffffffffff
N??CA?_EEGIOKGBOCE?	46	7fffffffefff
N??CA?_EEGIOGgBOF??	46	3fffffffffff
N??CA?_EEGIOGgBOS_?	46	3ffffffffffcc
N??CA?_EEGIOGgBOSG?	46	3ffffffffffcc
N??CA?_EEGIOGgBOCg?	46	1ffffffffb7fe
N??CA?_EEGIOGgBOCK?	46	1ffffffffb7fe
N??CA?_EEGIOGgBODA?	46	3fffffffffff
N??CA?_EEGIOGgBOCI?	46	3fffffffffff
N??CA?_EEGIOIC@WT??	46	7ffffffeffff
N??CA?_EEGIOIC@WR??	46	fffffffef7ff
N??CA?_EEGIOIC@WS_?	46	3fffffffffff
N??CA?_EEGIOIC@WE_?	46	3fffffffffff
N??CA?_EEGIOIC@WSO?	46	7ffffffdffff
N??CA?_EEGIOIC@WDO?	46	7ffffffdffff
N??CA?_EEGIOIC@WCo?	46	3fffffffffff
N??CA?_EEGIOIC@WSG?	46	3fffffffffff
N??CA?_EEGIOIC@WEG?	46	3fffffffffff
N??CA?_EEGIOIC@WPG?	46	3fffffffffff
N??CA?_EEGIOIC@W@g?	46	3fffffffffff
N??CA?_EEGIOIC@WCW?	46	3fffffffffff
N??CA?_EEGIOIC@WSC?	46	3fffffffffff
N??CA?_EEGIOIC@WPC?	46	3fffffffffff
N??CA?_EEGIOIC@WBC?	46	7fffffffefff
N??CA?_EEGIOIC@WAc?	46	3fffffffffff
N??CA?_EEGIOIC@WCS?	46	3fffffffffff
N??CA?_EEGIOIC@WOK?	46	3ffffffffffe1
N??CA?_EEGIOIC@W?[?	46	1ffffffffcffe
N??CA?_EEGIOHCAWT??	46	3fffffffffff
N??CA?_EEGIOHCAWR??	46	3fffffffffff
N??CA?_EEGIOHCAWSO?	46	7ffffffeffff
N??CA?_EEGIOHCAWEO?	46	7ffffffeffff
N??CA?_EEGIOHCAWDO?	46	3fffffffffff
N??CA?_EEGIOHCAWCo?	46	7ffffffdffff
N??CA?_EEGIOHCAWSG?	46	3fffffffffff
N??CA?_EEGIOHCAWEG?	46	3fffffffffff
N??CA?_EEGIOHCAWPG?	46	3fffffffffff
N??CA?_EEGIOHCAW@g?	46	3fffffffffff
N??CA?_EEGIOHCAWCW?	46	3fffffffffff
N??CA?_EEGIOHCAWSC?	46	3fffffffffff
N??CA?_EEGIOHCAWQC?	46	3fffffffffff
N??CA?_EEGIOHCAWAc?	46	3fffffffffff
N??CA?_EEGIOHCAWCS?	46	3fffffffffff
N??CA?_EEGIOHCAW?s?	46	3fffffffffff
N??CA?_EEGIOHCAWOK?	46	3fffffffffff
N??CA?_EEGIOHCAW?[?	46	3fffffffffff
N??CA?_EEGIOGSBGU??	46	7ffffffffffb
N??CA?_EEGIOGSBGT??	46	3fffffffffff
N??CA?_EEGIOGSBGR??	46	3fffffffffff
N??CA?_EEGIOGSBGEO?	46	7fffffffefff
N??CA?_EEGIOGSBGDO?	46	3fffffffffff
N??CA?_EEGIOGSBGCo?	46	3fffffffffff
N??CA?_EEGIOGSBGSG?	46	7fffffffefff
N??CA?_EEGIOGSBGPG?	46	3fffffffffff
N??CA?_EEGIOGSBG@g?	46	3fffffffffff
N??CA?_EEGIOGSBGCW?	46	7ffffffdffff
N??CA?_EEGIOGSBGQC?	46	3fffffffffff
N??CA?_EEGIOGSBGPC?	46	3fffffffffff
N??CA?_EEGIOGSBGOc?	46	3fffffffffff
N??CA?_EEGIOGSBG@S?	46	3fffffffffff
N??CA?_EEGIOGSBG?s?	46	3fffffffffff
N??CA?_EEGIOGSBGOK?	46	3fffffffffff
N??CA?_EEGIOGSBGAK?	46	3fffffffffff
N??CA?_EEGIOGSBG?[?	46	3fffffffffff
N??CA?_EEGIOGKBOU??	46	7ffffffffffd
N??CA?_EEGIOGKBOT??	46	3fffffffffff
N??CA?_EEGIOGKBOF??	46	7ffffffeffff
N??CA?_EEGIOGKBOS_?	46	7ffffffffffb
N??CA?_EEGIOGKBODO?	46	3fffffffffff
N??CA?_EEGIOGKBOCo?	46	7fffffffefff
N??CA?_EEGIOGKBOSG?	46	7ffffffffffb
N??CA?_EEGIOGKBOCg?	46	7fffffffefff
N??CA?_EEGIOGKBOCW?	46	7fffffffefff
N??CA?_EEGIOGKBOSC?	46	7fffffffefff
N??CA?_EEGIOGKBOCS?	46	7ffffffdffff
N??CA?_EEGGok?AWB_?	46	3fffffffffff
N??CA?_EEGGok?AWBO?	46	3fffffffffff
N??CA?_EEGGok?AWCo?	46	ffffffffff74c
N??CA?_EEGGok?AWBG?	46	3fffffffffff
N??CA?_EEGGok?AWBC?	46	3fffffffffff
N??CA?_EEGGok?AWAK?	46	3fffffffffff
N??CA?_EEGGok?AWDA?	46	3fffffffffff
N??CA?_EEGGok?AWBA?	46	3fffffffffff
N??CA?_EEGGok?AWAE?	46	3fffffffffff
N??CA?_EEGGoL?AWR??	46	3fffffffffff
N??CA?_EEGGoL?AWF??	46	3fffffffffff
N??CA?_EEGGoL?AWSO?	46	ffffffffff74c
N??CA?_EEGGoL?AWSG?	46	3ffffffffffcc
N??CA?_EEGGoL?AWPG?	46	3fffffffffff
N??CA?_EEGGoL?AWDG?	46	3fffffffffff
N??CA?_EEGGoL?AWBG?	46	3fffffffffff
N??CA?_EEGGoL?AWQC?	46	3fffffffffff
N??CA?_EEGGoL?AWBC?	46	3fffffffffff
N??CA?_EEGGoL?AWOK?	46	1ffffffffb7fe
N??CA?_EEGGoL?AWSA?	46	7ffffffeffff
N??CA?_EEGGoL?AWEA?	46	7ffffffeffff
N??CA?_EEGGoL?AWDA?	46	3fffffffffff
N??CA?_EEGGoL?AWAE?	46	3fffffffffff
N??CA?_EEGGoL?AW@E?	46	7fffffffefff
N??CA?_EEGGoL?AW?M?	46	7ffffffff7ff
N??CA?_EEGGoF?GWF??	46	3fff7dfffeeff
N??CA?_EEGGoF?GWEG?	46	3fffffffffff
N??CA?_EEGGoF?GWEA?	46	1ffffeffff7fd
N??CA?_EEGGoF?GWCI?	46	7fffffffefff
N??CA?_EEGGogOEGB_?	46	2ffeffffffefb
N??CA?_EEGGogOEGBO?	46	2ffeffffffefb
N??CA?_EEGGogOEGBG?	46	2ffeffffffefb
N??CA?_EEGGogOEGAK?	46	3fffffffffff
N??CA?_EEGGogOEG?M?	46	3fffffffffff
N??CA?_EEGGocOIGDO?	46	3bffbffffff7d
N??CA?_EEGGocOIGCo?	46	3defbfffdea94fcc
N??CA?_EEGGoKOEGT??	46	3fffffffffff
N??CA?_EEGGoKOEGP_?	46	3fffffffffff
N??CA?_EEGGoKOEGD_?	46	3fffffffffff
N??CA?_EEGGoKOEGSG?	46	3fffffffffff
N??CA?_EEGGoKOEGPG?	46	3fffffffffff
N??CA?_EEGGoKOEG@g?	46	3fffffffffff
N??CA?_EEGGoKOEGPC?	46	3fffffffffff
N??CA?_EEGGoKOEGOK?	46	3fffffffffff
N??CA?_EEGGoKOEG?k?	46	3fffffffffff
N??CA?_EEGGoKOEGSA?	46	3fffffffffff
N??CA?_EEGGoKOEGPA?	46	3fffffffffff
N??CA?_EEGGoKOEGCa?	46	3fffffffffff
N??CA?_EEGGoKOEGOI?	46	3fffffffffff
N??CA?_EEGGoKOEGOE?	46	3fffffffffff
N??CA?_EEGGoKOEG?e?	46	3fffffffffff
N??CA?_EEGGoKOAWU??	46	3fffffffffff
N??CA?_EEGGoKOAWT??	46	3fffffffffff
N??CA?_EEGGoKOAWR??	46	3fffffffffff
N??CA?_EEGGoKOAWS_?	46	3ffffffffffcc
N??CA?_EEGGoKOAWQ_?	46	3fffffffffff
N??CA?_EEGGoKOAWD_?	46	3fffffffffff
N??CA?_EEGGoKOAWB_?	46	3fffffffffff
N??CA?_EEGGoKOAWSC?	46	3ffffffffffcc
N??CA?_EEGGoKOAWSA?	46	3fffffffffff
N??CA?_EEGGoKOAWQA?	46	3fffffffffff
N??CA?_EEGGoKOAWCa?	46	3fffffffffff
N??CA?_EEGGoEOKGT??	46	3fffffffffff
N??CA?_EEGGoEOKGS_?	46	3ffdffdfdff7f
N??CA?_EEGGoEOKGD_?	46	3fffffffffff
N??CA?_EEGGoEOKGSO?	46	3ffdffdfdff7f
N??CA?_EEGGoEOKGSG?	46	3fffffffffff
N??CA?_EEGGoEOKGCg?	46	3fffffffffff
N??CA?_EEGGoEOKGSC?	46	3fffffffffff
N??CA?_EEGGoEOKGSA?	46	3fffffffffff
N??CA?_EEGGoEOKGCa?	46	3fffffffffff
N??CA?_EEGGoEOGWU??	46	3fffffffffff
N??CA?_EEGGoEOGWE_?	46	3fffffffffff
N??CA?_EEGGoEOGWSA?	46	3fffffffffff
N??CA?_EEGGoEOGWCa?	46	3fffffffffff
N??CA?_EEGGoHOEGR??	46	2ffeffffffefb
N??CA?_EEGGoHOEGQG?	46	3ffff7dfdf7ff
N??CA?_EEGGoHOEGBG?	46	37fffbfffeffb
N??CA?_EEGGoDOIGT??	46	3bffbffffff7d
N??CA?_EEGGoDOIGSO?	46	3defbfffdea94fcc
N??CA?_EEGGoDOIGSG?	46	3defbfffdea94fcc
N??CA?_EEGGoDOIGDG?	46	1ffffeffff7fd
N??CA?_EEGGogGEOF??	46	3ffdf7ffff77f
N??CA?_EEGGogGEOEG?	46	3fffffffffff
N??CA?_EEGGogGEOEA?	46	3fffffff0ffff
N??CA?_EEGGogGEOCI?	46	3fffffffffff
N??CA?_EEGGoHGEOU??	46	3fffffffffff
N??CA?_EEGGoHGEOF??	46	3ffdf7ffff77f
N??CA?_EEGGoHGEOSA?	46	7ffffffffffd
N??CA?_EEGGoHGEOEA?	46	3ffffffe97fff
N??CA?_EEGGoGWM?R??	46	3fff7dfffeeff
N??CA?_EEGGoGWM?QA?	46	3bffbffffff7d
N??CA?_EEGGoKCAWU??	46	7fffffff7fff
N??CA?_EEGGoKCAWT??	46	3fffffffffff
N??CA?_EEGGoKCAWR??	46	3fffffffffff
N??CA?_EEGGoKCAWS_?	46	3fffffffcfefb
N??CA?_EEGGoKCAWD_?	46	3fffffffffff
N??CA?_EEGGoKCAWSO?	46	3fffffffcfefb
N??CA?_EEGGoKCAWSG?	46	7ffffffffffb
N??CA?_EEGGoKCAWQG?	46	7ffffffffffb
N??CA?_EEGGoKCAWPG?	46	3ffffbbfeefff
N??CA?_EEGGoKCAWCg?	46	7fffffffefff
N??CA?_EEGGoKCAWSC?	46	3fffffffffff
N??CA?_EEGGoKCAWQC?	46	3fffffffffff
N??CA?_EEGGoKCAWOK?	46	3fffffffff87f
N??CA?_EEGGoKCAW?k?	46	1ffffff7efffd
N??CA?_EEGGoGSEGU??	46	3fffffffffff
N??CA?_EEGGoGSEGR??	46	3fffffffffff
N??CA?_EEGGoGSEGE_?	46	3fffffffffff
N??CA?_EEGGoGSEGSG?	46	7ffffffffffb
N??CA?_EEGGoGSEGQG?	46	3fffffffffff
N??CA?_EEGGoGSEGQC?	46	3fffffffffff
N??CA?_EEGGoGSEGOK?	46	3fffffffffff
N??CA?_EEGGoGSEG?k?	46	3fffffffffff
N??CA?_EEGGoGKEOU??	46	3fffffffffff
N??CA?_EEGGoGKEOS_?	46	fffffffe67ff9
N??CA?_EEGGoGKEOSO?	46	fffffffe67ff9
N??CA?_EEGGoGKEOSG?	46	7ffffffffffb
N??CA?_EEGGoGKEOCg?	46	7fffffffefff
N??CA?_EEGGoGKEOSC?	46	7ffffffffffb
N??CA?_EEGOW[?BGBO?	46	3fffffffffff
N??CA?_EEGOW[?BGDG?	46	3fffffffffff
N??CA?_EEGOW[?BGBG?	46	3fffffffffff
N??CA?_EEGOW[?BGCW?	46	ffffffffff74c
N??CA?_EEGOW[?BGAW?	46	3ffffffffe67f
N??CA?_EEGOW[?BGBC?	46	3fffffffffff
N??CA?_EEGOW[?BGDA?	46	3fffffffffff
N??CA?_EEGOW[?BGBA?	46	3fffffffffff
N??CA?_EEGOW[?BGAI?	46	ffffffffe7ff
N??CA?_EEGOW[?BG@I?	46	3fffffffffff
N??CA?_EEGOW[?BGAE?	46	3fffffffffff
N??CA?_EEGOW[?BG@E?	46	7ffffffffffe
N??CA?_EEGOW[?BG?M?	46	3fffffffffff
N??CA?_EEGOWU?HGEG?	46	3fffffffffff
N??CA?_EEGOWU?HGCI?	46	3fffffffffff
N??CA?_EEGOWX?EGBO?	46	2ffeffffffefb
N??CA?_EEGOWX?EGBG?	46	2ffeffffffefb
N??CA?_EEGOWX?EGAK?	46	3fffffffffff
N??CA?_EEGOWX?EGAI?	46	3ffffffffffcc
N??CA?_EEGOWX?EG?M?	46	3fffffffffff
N??CA?_EEGOWT?IGDG?	46	3bffbffffff7d
N??CA?_EEGOWT?IGCW?	46	3defbfffdea94fcc
N??CA?_EEGOWT?IGCI?	46	3fffffffffff
N??CA?_EEGOWL?EGL??	46	3fffffffffff
N??CA?_EEGOWL?EGHO?	46	3fffffffffff
N??CA?_EEGOWL?EGDO?	46	3fffffffffff
N??CA?_EEGOWL?EG@o?	46	3fffffffffff
N??CA?_EEGOWL?EGHG?	46	3fffffffffff
N??CA?_EEGOWL?EGDG?	46	7ffffffffffe
N??CA?_EEGOWL?EGCg?	46	3fffffffffff
N??CA?_EEGOWL?EG@g?	46	3fffffffffff
N??CA?_EEGOWL?EGCW?	46	3fffffffffff
N??CA?_EEGOWL?EG@W?	46	3fffffffffff
N??CA?_EEGOWL?EGKC?	46	3fffffffffff
N??CA?_EEGOWL?EGHC?	46	3fffffffffff
N??CA?_EEGOWL?EGCS?	46	3fffffffffff
N??CA?_EEGOWL?EGGK?	46	7fffffffff7f
N??CA?_EEGOWL?EG?k?	46	3fffffffffff
N??CA?_EEGOWL?EG?[?	46	7ffffffffffd
N??CA?_EEGOWL?EGKA?	46	3fffffffffff
N??CA?_EEGOWL?EGHA?	46	3fffffffffff
N??CA?_EEGOWL?EGCQ?	46	3fffffffffff
N??CA?_EEGOWL?EGGI?	46	3fffffffffff
N??CA?_EEGOWL?EGCI?	46	7fffffffff7f
N??CA?_EEGOWL?EG@I?	46	7fffffffff7f
N??CA?_EEGOWL?EG?i?	46	3fffffffffff
N??CA?_EEGOWL?EG?Y?	46	3fffffffffff
N??CA?_EEGOWL?EGGE?	46	3fffffffffff
N??CA?_EEGOWL?EG?M?	46	7fffffff7fff
N??CA?_EEGOWL?BGJ??	46	3fffffffffff
N??CA?_EEGOWL?BGKO?	46	3ffffffffffcc
N??CA?_EEGOWL?BGIO?	46	3fffffffffff
N??CA?_EEGOWL?BGBO?	46	3fffffffffff
N??CA?_EEGOWL?BGEG?	46	3fffffffffff
N??CA?_EEGOWL?BGDG?	46	3fffffffffff
N??CA?_EEGOWL?BGBG?	46	3fffffffffff
N??CA?_EEGOWL?BGCW?	46	1ffffffffb7fe
N??CA?_EEGOWL?BGAW?	46	3fffffffffff
N??CA?_EEGOWL?BGKA?	46	3fffffffffff
N??CA?_EEGOWL?BGCI?	46	3fffffffffff
N??CA?_EEGOWL?BGAI?	46	3fffffffffff
N??CA?_EEGOWF?KGL??	46	3fffffffffff
N??CA?_EEGOWF?KGK_?	46	3fffffffffff
N??CA?_EEGOWF?KGKO?	46	1ffffff7efffd
N??CA?_EEGOWF?KGDO?	46	3fffffffffff
N??CA?_EEGOWF?KGCo?	46	3fffffffffff
N??CA?_EEGOWF?KGKG?	46	1ffffff7efffd
N??CA?_EEGOWF?KGDG?	46	7ffffffffffe
N??CA?_EEGOWF?KGCg?	46	3fffffffffff
N??CA?_EEGOWF?KGCW?	46	3ffff7dfdf7ff
N??CA?_EEGOWF?KGKC?	46	3fffffffffff
N??CA?_EEGOWF?KGCK?	46	7fffffffff7f
N??CA?_EEGOWF?KGKA?	46	3fffffffffff
N??CA?_EEGOWF?KGCQ?	46	3fffffffffff
N??CA?_EEGOWF?KGCI?	46	7fffffffff7f
N??CA?_EEGOWF?HGM??	46	3fffffffffff
N??CA?_EEGOWF?HGEG?	46	3fffffffffff
N??CA?_EEGOWF?HGKA?	46	3fffffffffff
N??CA?_EEGOWF?HGCI?	46	3fffffffffff
N??CA?_EEGOWK_BGJ??	46	3fffffffffff
N??CA?_EEGOWK_BGF??	46	3fffffffffff
N??CA?_EEGOWK_BGK_?	46	3ffffffffffcc
N??CA?_EEGOWK_BGH_?	46	3fffffffffff
N??CA?_EEGOWK_BGB_?	46	3fffffffffff
N??CA?_EEGOWK_BGKG?	46	ffffffffff74c
N??CA?_EEGOWK_BGIG?	46	3ffffffffe67f
N??CA?_EEGOWK_BGEG?	46	fffffffff77f
N??CA?_EEGOWK_BGDG?	46	3fffffffffff
N??CA?_EEGOWK_BGBG?	46	3fffffffffff
N??CA?_EEGOWK_BGCg?	46	1ffffffffb7fe
N??CA?_EEGOWK_BGAg?	46	3fffffffffff
N??CA?_EEGOWK_BG@g?	46	3fffffffffff
N??CA?_EEGOWK_BGBC?	46	3fffffffffff
N??CA?_EEGOWK_BGGc?	46	1ffffffffb7fe
N??CA?_EEGOWK_BGAK?	46	3fffffffffff
N??CA?_EEGOWK_BG@K?	46	3fffffffffff
N??CA?_EEGOWK_BG?k?	46	3ffdf7ffff77f
N??CA?_EEGOWK_BGEA?	46	7fffffffefff
N??CA?_EEGOWK_BGDA?	46	3fffffffffff
N??CA?_EEGOWK_BGCI?	46	7ffffffdffff
N??CA?_EEGOWK_BGAI?	46	fffffffdff7f
N??CA?_EEGOWK_BG@I?	46	3fffffffffff
N??CA?_EEGOWK_BGAE?	46	3fffffffffff
N??CA?_EEGOWK_BG?M?	46	3fffffffffff
N??CA?_EEGOWE_HGF??	46	37fffbfffeffb
N??CA?_EEGOWE_HGE_?	46	3fffffffffff
N??CA?_EEGOWE_HGEG?	46	3fffffffffff
N??CA?_EEGOWE_HGCI?	46	3fffffffffff
N??CA?_EEGOWE_HGCE?	46	7ffffffff7ff
N??CA?_EEGOWH_EGJ??	46	2ffeffffffefb
N??CA?_EEGOWH_EGI_?	46	3ffff7dfdf7ff
N??CA?_EEGOWH_EGB_?	46	37fffbfffeffb
N??CA?_EEGOWH_EGEG?	46	3fffffffffff
N??CA?_EEGOWH_EGBG?	46	37fffbfffeffb
N??CA?_EEGOWH_EGAg?	46	7fffaffbf7f7f
N??CA?_EEGOWH_EGAK?	46	3fffffffffff
N??CA?_EEGOWH_EGCI?	46	7fffffffefff
N??CA?_EEGOWH_EGAI?	46	1ffffffffb7fe
N??CA?_EEGOWH_EG?M?	46	3fffffffffff
N??CA?_EEGOWKOBGM??	46	fffffffff7fd
N??CA?_EEGOWKOBGL??	46	3fffffffffff
N??CA?_EEGOWKOBGJ??	46	3fffffffffff
N??CA?_EEGOWKOBGF??	46	7ffffffffffe
N??CA?_EEGOWKOBGB_?	46	3fffffffffff
N??CA?_EEGOWKOBGKO?	46	ffffffffff74c
N??CA?_EEGOWKOBGIO?	46	3ffffffffe67f
N??CA?_EEGOWKOBGBO?	46	3fffffffffff
N??CA?_EEGOWKOBGBC?	46	7fffffffff7f
N??CA?_EEGOWKOBGCS?	46	1ffffffffb7fe
N??CA?_EEGOWKOBGAS?	46	3fffffffffff
N??CA?_EEGOWKOBG@S?	46	3fffffffffff
N??CA?_EEGOWKOBGIA?	46	ffffffffe7ff
N??CA?_EEGOWKOBGEA?	46	ffffffffef7f
N??CA?_EEGOWKOBGHA?	46	3fffffffffff
N??CA?_EEGOWKOBGDA?	46	7fffffffff7f
N??CA?_EEGOWKOBGBA?	46	7fffffffff7f
N??CA?_EEGOWKOBG@Q?	46	3fffffffffff
N??CA?_EEGOWKOBGGE?	46	3fffffffffff
N??CA?_EEGOWKOBG@E?	46	ffffffff77ff
N??CA?_EEGOWEOHGM??	46	3fffffffffff
N??CA?_EEGOWEOHGKA?	46	3fffffffffff
N??CA?_EEGOWHOEGJ??	46	2ffeffffffefb
N??CA?_EEGOWHOEGB_?	46	37fffbfffeffb
N??CA?_EEGOWHOEGBO?	46	37fffbfffeffb
N??CA?_EEGOWHOEGIC?	46	3fffffffffff
N??CA?_EEGOWHOEGIA?	46	3ffffffffffcc
N??CA?_EEGOWHOEGAQ?	46	1ffffffffb7fe
N??CA?_EEGOWHOEGGE?	46	3fffffffffff
N??CA?_EEGOWDOIGL??	46	3bffbffffff7d
N??CA?_EEGOWDOIGKO?	46	3defbfffdea94fcc
N??CA?_EEGOWDOIGDO?	46	1ffffeffff7fd
N??CA?_EEGOWDOIGCS?	46	1ffffffffb7fe
N??CA?_EEGOWDOIGKA?	46	3fffffffffff
N??CA?_EEGOWWGF?F??	46	3bffbffffff7d
N??CA?_EEGOWWGF?EA?	46	7fbffbbfeefff
N??CA?_EEGOWHGM?J??	46	2ffeffffffefb
N??CA?_EEGOWHGM?BG?	46	f7fffbfffeefa
N??CA?_EEGOWHGM?IC?	46	3fffffffffff
N??CA?_EEGOWHGM?AS?	46	3fffffffffff
N??CA?_EEGOWHGM?IA?	46	3ffffffffffcc
N??CA?_EEGOWHGM?GE?	46	3fffffffffff
N??CA?_EEGOWHGM??U?	46	3fffffffffff
N??CA?_EEGOWGgF?F??	46	1ffffeffff7fd
N??CA?_EEGOWGgF?E_?	46	3fffffffffff
N??CA?_EEGOWGgF?EG?	46	3fffffffffff
N??CA?_EEGOWGgF?EA?	46	3fff7fefdfeff
N??CA?_EEGOWGgF?CI?	46	7ffffffff7ff
N??CA?_EEGOWGWF?F??	46	dffffeffff77c
N??CA?_EEGOWGWF?E_?	46	7fffffffff7f
N??CA?_EEGOWGWF?EA?	46	ffff7fefd7e7f
N??CA?_EEGOWGWF?Ca?	46	7fffffff7fff
N??CA?_EEGOWKCBGM??	46	7ffffffffffb
N??CA?_EEGOWKCBGL??	46	3fffffffffff
N??CA?_EEGOWKCBGJ??	46	3fffffffffff
N??CA?_EEGOWKCBGK_?	46	7ffffffffffb
N??CA?_EEGOWKCBGDO?	46	3fffffffffff
N??CA?_EEGOWKCBGCo?	46	7fffffffefff
N??CA?_EEGOWKCBGKG?	46	3fffffffd6ffb
N??CA?_EEGOWKCBGDG?	46	7fffffffff7f
N??CA?_EEGOWKCBGBG?	46	7fffffffff7f
N??CA?_EEGOWKCBGCg?	46	7fffffffefff
N??CA?_EEGOWKCBGAg?	46	7fffffffefff
N??CA?_EEGOWKCBG@g?	46	3fff7fefdfeff
N??CA?_EEGOWKCBGCW?	46	3fffffffd6ffb
N??CA?_EEGOWKCBGAW?	46	3fffffffdef7e
N??CA?_EEGOWKCBGKC?	46	3fffffffffff
N??CA?_EEGOWKCBGIC?	46	3fffffffffff
N??CA?_EEGOWKCBGHC?	46	3fffffffffff
N??CA?_EEGOWKCBGGc?	46	3fffffffff87f
N??CA?_EEGOWKCBGCS?	46	3fffffffffff
N??CA?_EEGOWKCBGGK?	46	7ffbffffff87f
N??CA?_EEGOWKCBG@K?	46	7fffffff7fff
N??CA?_EEGOWKCBG?k?	46	1ffffff7efffd
N??CA?_EEGOWKCBG?[?	46	1ffffff7efffd
N??CA?_EEGOWHCEGM??	46	3fffffffffff
N??CA?_EEGOWHCEGJ??	46	3fffffffffff
N??CA?_EEGOWHCEGEO?	46	3fffffffffff
N??CA?_EEGOWHCEGEG?	46	7fffffffff7f
N??CA?_EEGOWHCEGBG?	46	7fffffffff7f
N??CA?_EEGOWHCEGCg?	46	7fffffffefff
N??CA?_EEGOWHCEGAg?	46	3fffffffffff
N??CA?_EEGOWHCEGCW?	46	7fffffffefff
N??CA?_EEGOWHCEGKC?	46	3fffffffffff
N??CA?_EEGOWHCEGIC?	46	3fffffffffff
N??CA?_EEGOWHCEGCS?	46	3fffffffffff
N??CA?_EEGOWHCEGGK?	46	7fffffff7fff
N??CA?_EEGOWHCEG?k?	46	3fffffffffff
N??CA?_EEGOWHCEG?[?	46	7ffffffffffb
N??CA?_EEGOWGKF?M??	46	3fffffffffff
N??CA?_EEGOWGKF?K_?	46	7ffffffffffb
N??CA?_EEGOWGKF?KO?	46	ffff7dfffeefa
N??CA?_EEGOWGKF?Co?	46	7fffffffefff
N??CA?_EEGOWGKF?KG?	46	ffff7dfffeefa
N??CA?_EEGOWGKF?EG?	46	7fffffffff7f
N??CA?_EEGOWGKF?Cg?	46	7fffffffefff
N??CA?_EEGOWGKF?CW?	46	ffffffff0e7ff
N??CA?_EEGOWGKF?KC?	46	7ffffffffffe
N??CA?_EEGOWGKF?CK?	46	ffffffff77ff
N??CA?_EEGSCM?@oIC?	46	7ffffffff7ff
N??CA?_EEGSCM?@oAc?	46	3fffffffffff
N??CA?_EEGSCM?@oAK?	46	3fffffffffff
N??CA?_EEGSCM?@oGE?	46	7ffffffdffff
N??CA?_EEGSCM?@o?e?	46	3fffffffffff
N??CA?_EEGSCM?@o?M?	46	3fffffffffff
N??CA?_EEGSCD_EOL??	46	3fffffffffff
N??CA?_EEGSCD_EOD_?	46	3fffffffffff
N??CA?_EEGSCD_EODO?	46	3fffffffffff
N??CA?_EEGSCD_EOKG?	46	7ffffffff7ff
N??CA?_EEGSCD_EOCW?	46	3fffffffffff
N??CA?_EEGSCD_EOKC?	46	7ffffffff7ff
N??CA?_EEGSCD_EODC?	46	3fffffffffff
N??CA?_EEGSCD_EOCK?	46	7fffffffff7f
N??CA?_EEGSCD_EOKA?	46	3fffffffffff
N??CA?_EEGSCD_EODA?	46	3fffffffffff
N??CA?_EEGSCD_EOCa?	46	3fffffffffff
N??CA?_EEGSCD_EOCQ?	46	3fffffffffff
N??CA?_EEGSCD_EOCI?	46	3fffffffffff
N??CA?_EEGSCD_EOCE?	46	3fffffffffff
N??CA?_EEGSCKOB_J??	46	3fffffffffff
N??CA?_EEGSCKOB_B_?	46	3fffffffffff
N??CA?_EEGSCKOB_BO?	46	3fffffffffff
N??CA?_EEGSCKOB_BG?	46	3fffffffffff
N??CA?_EEGSCKOB_BC?	46	3fffffffffff
N??CA?_EEGSCKOB_?k?	46	1ffffffffb7fe
N??CA?_EEGSCKOB_IA?	46	7ffffffffffe
N??CA?_EEGSCKOB_HA?	46	7fffffff7fff
N??CA?_EEGSCKOB_BA?	46	3fffffffffff
N??CA?_EEGSCKOB_Aa?	46	3fffffffffff
N??CA?_EEGSCKOB_AI?	46	fffffffff7fb
N??CA?_EEGSCKOB_@I?	46	3fffffffffff
N??CA?_EEGSCKOB_?i?	46	3fffffffffff
N??CA?_EEGSCKOB_@E?	46	3fffffffffff
N??CA?_EEGSCKOB_?U?	46	3fffffffffff
N??CA?_E?oy?H_@WX??	46	3fffffffef7fa
N??CA?_E?oy?H_@WT??	46	fffffffeefff
N??CA?_E?oy?H_@WL??	46	7ffffffeffff
N??CA?_E?oy?H_@WHO?	46	3fffffffdef7e
N??CA?_E?oy?H_@WDO?	46	fffffffdfeff
N??CA?_E?oy?H_@WDG?	46	3fffffffffff
N??CA?_E?oy?H_@W@W?	46	7ffffffdffff
N??CA?_E?oy?@oHGT??	46	3ffffffffe67f
N??CA?_E?oy?@oHGDO?	46	3fffffffffff
N??CA?_E?oy?@oHGDC?	46	3fffffffdef7e
N??CA?_E?oq_X??wX??	46	fffffffdf7ff
N??CA?_E?oq_X??wL??	46	fffffffcffff
N??CA?_E?oq_X??wHO?	46	3fffffffffff
N??CA?_E?oq_X??w@o?	46	3ffffffff7efc
N??CA?_E?oq_X??wPG?	46	ffffffffff7e
N??CA?_E?oq_X??wDG?	46	3fffffffffff
N??CA?_E?oq_X??w@W?	46	fffffffff7fd
N??CA?_E?oq_X??w@K?	46	7ffffffff7ff
N??CA?_E?oq_P_GWT??	46	effefffffeefa
N??CA?_E?oq_P_GWL??	46	7ffffffffffe
N??CA?_E?oq_P_GWDO?	46	37fffbfffeffb
N??CA?_E?oq_P_GWDG?	46	3ffffffffe67f
N??CA?_E?oq_P_GWDC?	46	3ffffffffe67f
N??CA?_E?oq_POGgL??	46	2fffff7ff7ffb
N??CAA_K?cWOR?BOCK?	46	3fffffff0ffff
N??CAA_K?cWOR?BOCI?	46	7fffffff7fff
N??CAA_K?cWOR?BO?L?	46	3ffffffffffcc
N??CAA_K?cWOBGBOL??	46	3fffffff0ffff
N??CAA_K?cWOBGBOD_?	46	3ffffffe97fff
N??CAA_K?cWOBGBOB_?	46	3fffffffffff
N??CAA_K?cWOBGBO@g?	46	3fefebfbbba64b7e
N??CAA_K?cWOBGBOIA?	46	7ffffffff7ff
N??CAA_K?cWOBGBOEA?	46	ffffffff0e7ff
N??CAA_K?cWOBGBOBA?	46	3fffffffffff
N??CAA_K?cWOBGBOAI?	46	3fffffffffff
N??CAA_K?cWOBGBOE@?	46	ffffffff0e7ff
N??CAA_K?cWOBGBOD@?	46	3fffffffffff
N??CAA_K?cWOBGBOCH?	46	3fffffffffff
N??CAA_K?cWOBGBOGB?	46	7ffffffdffff
N??CAA_K?cWOBGBOCB?	46	fffffbbfce7ff
N??CAA_K?cWOBGBOAB?	46	fffffbbfce7ff
N??CA?oK?WP_R?GoAW?	46	3ffffffffffcc
N??CA?oK?WP_R?Go?[?	46	3ffffffffffcc
N??CA?oK?WP_R?GoOE?	46	ffffffff0e7ff
N??CA?oK?WP_R?Go?U?	46	3defbfffdea94fcc
N??CA?oK?WP_R?GoAP?	46	3fffffffffff
N??CA?oK?WP_R?Go?T?	46	3fffffffffff
N??CA?oK?WP_R?Go?F?	46	3fffffffdef7e
N??CA?oK?WD_s?AoW_?	46	3fffffffffff
N??CA?oK?WD_s?AoGo?	46	3fffffffffff
N??CA?oK?WD_s?Ao?w?	46	7ffffffffffb
N??CA?oK?WD_s?AoGS?	46	3fffffffffff
N??CA?oK?WD_s?Ao?[?	46	3fffffffffff
N??CA?oK?WD_s?AoW@?	46	3fffffffffff
N??CA?oK?WD_s?AoGP?	46	3fffffffffff
N??CA?oK?WD_s?Ao?X?	46	7ffffffffffe
N??CA?oK?WD_s??qX??	46	3fffffffffff
N??CA?oK?WD_s??qHO?	46	3fffffffffff
N??CA?oK?WD_q?@oIO?	46	3fffffffffff
N??CA?oK?WD_q?@oGS?	46	3fffffffffff
N??CA?oK?WD_q?@oOE?	46	3fffffffffff
N??CA?oK?WD_q?@o?F?	46	3fffffffdef7e
N??CA?oK?WD_q??wY??	46	3fffffffffff
N??CA?oK?WD_q??wW_?	46	7fffffffefff
N??CA?oK?WD_q??wIO?	46	3fffffffffff
N??CA?oK?WD_q??wGo?	46	3fffffffffff
N??CA?oK?WD_q??wAW?	46	7ffffffffffd
N??CA?oK?WD_q??w?w?	46	3fffffffffff
N??CA?oK?WD_q??wOa?	46	3fffffffffff
N??CA?oK?WD_q??wQ@?	46	3fffffffffff
N??CA?oK?WD_q??q?e?	46	3fffffffdef7e
N??CA?oK?WD_c_oOH_?	46	fffeff7fd7e7f
N??CA?oK?WD_c_oOHO?	46	7ffffffff7ff
N??CA?oK?WD_c_oOH@?	46	ffffffffe7fe1
N??CA?oK?WD_c_oOGP?	46	fffffffdfffe
N??CA?oK?WD_c_QOW_?	46	7fffffffff7f
N??CA?oK?WD_c_QOWO?	46	7ffffffff7ff
N??CA?oK?WD_c_QOWG?	46	7ffffffff7ff
N??CA?oK?WD_c_QOWC?	46	3fffffffffff
N??CA?oK?WD_c_QOW@?	46	7ffffffeffff
N??CA?oK?WD_c_OQX??	46	7ffffffeffff
N??CA?oK?WD_c_OQWO?	46	fffffffdfffe
N??CA?oK?WD_a_oOIC?	46	5ff7fff7efffd
N??CA?oK?WD_a_oOGS?	46	3fffffffffff
N??CA?oK?WD_a_oOGE?	46	3effffffffcfe
N??CA?oK?WD_a_POY??	46	7ffffffffffb
N??CA?oK?WD_a_POWC?	46	7fffffffefff
N??CA?oK?WD_a_OWY??	46	3fffffffffff
N??CA?oK?WD_a_OWW_?	46	3fffffffffff
N??CA?oK?WD_a_OWWO?	46	3fffffffffff
N??CA?oK?WPOq?HOAg?	46	3ffeff7ff7eff
N??CA?oK?WPOq?HO?s?	46	3fffffffffff
N??CA?oK?WPOq?HO?k?	46	2fffff7ff7ffb
N??CA?oK?WPOq?HOGE?	46	7ffffffffb77c
N??CA?oK?WPOq?HO?e?	46	3faeffff75e937d2
N??CA?oK?WPOq?HO?U?	46	3ffffffffe7f9
N??CA?oK?WP@R?GoAo?	46	3fffffffffff
N??CA?oK?WP@R?GoQG?	46	3fffffffffff
N??CA?oK?WP@R?GoAg?	46	3fffffffffff
N??CA?oK?WP@R?Go?s?	46	3fffffffffff
N??CA?oK?WP@R?GoOK?	46	3fffffffffff
N??CA?oK?WP@R?GoAK?	46	3ff8ffe76cfdf6e1
N??CA?oK?WP@R?Go?k?	46	3fffffffffff
N??CA?oK?WP@R?GoOE?	46	fffffdefce7ff
N??CA?oK?WP@R?GoGE?	46	fffff7dfce7ff
N??CA?oK?WP@R?Go?e?	46	3fffffffdef7e
N??CA?oK?WP@R?Go?U?	46	3faeffff75e937d2
N??CA?oK?WP@R?Go?M?	46	37ff6fdff9f0fb52
N?AA@?O`AOT?L??w@Q?	46	3fffffffffff
N?AA@?O`AOT?L??w?Y?	46	3effffffffb7e
N?AA@?O`AOT?L??wGE?	46	3fffffffffff
N?AA@?O`AOT?L??wAE?	46	3defbfffdea94fcc
N?AA@?O`AOT?L??w@E?	46	3ffffdefdefff
N?AA@?O`AOT?L??w?U?	46	3effffffffb7e
N?AA@?O`AOT?L??w?M?	46	37ff6fdff9f0fb52
N?AA@?O`AOT?L??wI@?	46	7ffffffff7ff
N?AA@?O`AOT?L??wGP?	46	ffffffffe7ff
N?AA@?O`AOT?L??w@P?	46	fffffffffe7f
N?AA@?O`AOT?L??wGH?	46	3fffffffffff
N?AA@?O`AOT?L??w?X?	46	3fffffffffff
N?AA@?O`AOT?L??wGD?	46	3fffffffffff
N?AA@?O`AOT?L??w?T?	46	3fffffffffff
N?AA@?O`AOT?L??wGB?	46	fffffffdf7ff
N?AA@?O`AOT?L??w?F?	46	3fffffffffff
N?AA@?O`AOT?F??wGW?	46	ffffffff7eff
N?AA@?O`AOT?F??wAW?	46	3fffffffffff
N?AA@?O`AOT?F??wGK?	46	3fffffffffff
N?AA@?O`AOT?F??w?[?	46	fffffffff7fe
N?AA@?O`AOT?F??wEA?	46	fffffbbfce7ff
N?AA@?O`AOT?F??wGQ?	46	3fffffffffff
N?AA@?O`AOT?F??wGI?	46	3fffffffffff
N?AA@?O`AOT?F??wCI?	46	3ffffdefdefff
N?AA@?O`AOT?F??wAI?	46	3ffffdefdefff
N?AA@?O`AOT?F??w?Y?	46	3fffffffffff
N?AA@?O`AOT?F??w?M?	46	3fffffff0ffff
N?AA@?O`AOT?F??wCP?	46	3fffffffffff
N?AA@?O`AOT?F??wGH?	46	3fffffffffff
N?AA@?O`AOT?F??w?X?	46	3fffffffffff
N?AA@?O`AOT?F??w?R?	46	3fffffffffff
N?AA@?O`AOT?H_CWI@?	46	fffffffffff9
N?AA@?O`AOT?D_AWIO?	46	7ffffffdffff
N?AA@?O`AOT?D_AWIG?	46	3fffffffffff
N?AA@?O`AOT?D_AWGW?	46	3fffffffffff
N?AA@?O`AOT?D_AWAW?	46	3fffffffffff
N?AA@?O`AOT?D_AWCS?	46	3fffffffffff
N?AA@?O`AOT?D_AWAK?	46	3ffffdefdefff
N?AA@?O`AOT?D_AW?[?	46	3fffffffffff
N?AA@?O`AOT?D_AWEA?	46	3ffffbbfeefff
N?AA@?O`AOT?D_AWGQ?	46	3fffffffffff
N?AA@?O`AOT?D_AWGI?	46	3fffffffffff
N?AA@?O`AOT?D_AWAI?	46	3ffffdefdefff
N?AA@?O`AOT?D_AW?Y?	46	3fffffffffff
N?AA@?O`AOT?D_AWGE?	46	3fffffffffff
N?AA@?O`AOT?D_AWCE?	46	3ffffdefdefff
N?AA@?O`AOT?D_AW?M?	46	3fffffff0ffff
N?AA@?O`AOT?D_AWI@?	46	3fffffffffff
N?AA@?O`AOT?D_AWCP?	46	3fffffffffff
N?AA@?O`AOT?D_AWAP?	46	3fffffffffff
N?AA@?O`AOT?D_AWGH?	46	ffffffffeeff
N?AA@?O`AOT?D_AW?X?	46	3fffffffffff
N?AA@?O`AOT?D_AWGD?	46	7fffffffefff
N?AA@?O`AOT?D_AW?T?	46	3fffffffffff
N?AA@?O`AOT?D_AW?R?	46	3fffffffffff
N?AA@?O`AOT?DOGgAQ?	46	3ffffffffffcc
N?AA@?O`AOT?DOGg?Y?	46	3effffffffb7e
N?AA@?O`AOT?DOGgGE?	46	3fffffffffff
N?AA@?O`AOT?DOGg@E?	46	3ffffdefdefff
N?AA@?O`AOT?DOGg?M?	46	37ff6fdff9f0fb52
N?AA@?O`AOT?DOGgI@?	46	3fffffffffff
N?AA@?O`AOT?DOGgGP?	46	ffffffffeeff
N?AA@?O`AOT?DOGgAP?	46	3fffffffffff
N?AA@?O`AOT?DOGg@P?	46	ffffffffeeff
N?AA@?O`AOT?DOGgGH?	46	3fffffffffff
N?AA@?O`AOT?DOGg?X?	46	3fffffffffff
N?AA@?O`AOT?DOGgGD?	46	7fffffff7fff
N?AA@?O`AOT?DOGg?L?	46	3fffffffffff
N?AA@?O`AOT?DOGgGB?	46	3fffffffffff
N?AA@?O`AOT?DO?wHO?	46	7fffffff7fff
N?AA@?O`AOT?DO?wHC?	46	3fffffffffff
N?AA@?O`AOT?DO?wCQ?	46	3effffffffb7e
N?AA@?O`AOT?DO?wGE?	46	3fffffffffff
N?AA@?O`AOT?DO?wCE?	46	37ff6fdff9f0fb52
N?AA@?O`AOT?DO?wK@?	46	3fffffffffff
N?AA@?O`AOT?DO?wH@?	46	7ffffffffeff
N?AA@?O`AOT?DO?wGP?	46	7ffffffffeff
N?AA@?O`AOT?DO?wCP?	46	3fffffffffff
N?AA@?O`AOT?DO?wGD?	46	7ffffffffeff
N?AA@?O`AOT?DO?wCD?	46	3fffffffffff
N?AA@?O`AOT?DO?wGB?	46	3fffffffffff
N?AA@?O`AOT?DO?w?R?	46	3fffffffffff
N?AA@?O`AOT?DO?w?F?	46	3fffffffffff
N?AA@?O`AOT?DO?kM??	46	3fffffffffff
N?AA@?O`AOT?DO?kJ??	46	3fffffffffff
N?AA@?O`AOT?DO?kF??	46	3ffffbbfeefff
N?AA@?O`AOT?DO?kEO?	46	3ffffffffffcc
N?AA@?O`AOT?DO?kHO?	46	3fffffffffff
N?AA@?O`AOT?DO?kBO?	46	3fffffffffff
N?AA@?O`AOT?DO?kHG?	46	3fffffffffff
N?AA@?O`AOT?DO?kCW?	46	3effffffffb7e
N?AA@?O`AOT?DO?kKC?	46	3fffffffffff
N?AA@?O`AOT?DO?kEC?	46	3defbfffdea94fcc
N?AA@?O`AOT?DO?kHC?	46	3fffffffffff
N?AA@?O`AOT?DO?kDC?	46	3ffffdefdefff
N?AA@?O`AOT?DO?kGK?	46	3fffffffffff
N?AA@?O`AOT?DO?kK@?	46	3fffffffffff
N?AA@?O`AOT?DO?kI@?	46	3fffffffffff
N?AA@?O`AOT?BOCgEO?	46	3ffffdefdefff
N?AA@?O`AOT?BOCgIA?	46	3fffffffffff
N?AA@?O`AOT?BOCgEA?	46	3fefebfbbba64b7e
N?AA@?O`AOT?BOCgAQ?	46	3fffffff0ffff
N?AA@?O`AOT?BOCgE@?	46	3fffbffbf7f7f
N?AA@?O`AOT?@oKGIO?	46	3fffffffffff
N?AA@?O`AOT?@oKGIG?	46	3fffffffffff
N?AA@?O`AOT?@oKGIA?	46	3fffffffffff
N?AA@?O`AOT?@oKGBA?	46	3ffffbbfeefff
N?AA@?O`AOT?@oKGAQ?	46	3ffffffffffcc
N?AA@?O`AOT?@oKGAE?	46	3defbfffdea94fcc
N?AA@?O`AOT?@oKGI@?	46	ffffffffeffd
N?AA@?O`AOT?@oKGAP?	46	3fffffffffff
N?AA@?O`AOT?@oKGAB?	46	3fffffffffff
N?AA@?O`AOT?@oEGIO?	46	7ffffffffffd
N?AA@?O`AOT?@oEGEO?	46	3fffffffffff
N?AA@?O`AOT?@oEGIG?	46	3fffffffffff
N?AA@?O`AOT?@oEGAW?	46	3fffffffffff
N?AA@?O`AOT?@oEGAS?	46	7ffffffff7ff
N?AA@?O`AOT?@oEGAK?	46	3ffffdefdefff
N?AA@?O`AOT?@oEGIA?	46	3fffffffffff
N?AA@?O`AOT?@oEGEA?	46	3ffffbbfeefff
N?AA@?O`AOT?@oEGAQ?	46	3fffffffffff
N?AA@?O`AOT?@oEGAI?	46	3ffffdefdefff
N?AA@?O`AOT?@oEGAE?	46	3ffffdefdefff
N?AA@?O`AOT?@oEGI@?	46	3fffffffe6eff
N?AA@?O`AOT?@oEGAP?	46	7fffffffefff
N?AA@?O`AOT?DGCoHO?	46	3fffffffd6ffb
N?AA@?O`AOT?DGCoHG?	46	3fffffffffff
N?AA@?O`AOT?DGCoGE?	46	3fffffffffff
N?AA@?O`AOT?DGCoK@?	46	fffffffff7fe
N?AA@?O`AOT?DGCoH@?	46	3fffffffef7fa
N?AA@?O`AOT?DGCoGD?	46	ffffffffeffb
N?AA@?O`AOT?DG?sM??	46	3fffffffffff
N?AA@?O`AOT?DG?sJ??	46	3fffffffffff
N?AA@?O`AOT?DG?sF??	46	3ffffbbfeefff
N?AA@?O`AOT?DG?sIO?	46	3fffffffffff
N?AA@?O`AOT?DG?sEO?	46	3ffffffffffcc
N?AA@?O`AOT?DG?sBO?	46	3fffffffffff
N?AA@?O`AOT?DG?sIG?	46	3fffffffffff
N?AA@?O`AOT?DG?sEG?	46	3defbfffdea94fcc
N?AA@?O`AOT?DG?sIC?	46	3fffffffffff
N?AA@?O`AOT?DG?sI@?	46	7fffffffefff
N?AA@?O`AOT?CaOWE_?	46	3fffffffffff
N?AA@?O`AOT?CaOWD_?	46	3fffffffffff
N?AA@?O`AOT?CaOWCo?	46	3fffffffffff
N?AA@?O`AOT?CaOWAo?	46	fffffffefffb
N?AA@?O`AOT?CaOW@o?	46	3fffffffffff
N?AA@?O`AOT?CaOWAg?	46	7ffffffffffb
N?AA@?O`AOT?CaOW@g?	46	3fffffffffff
N?AA@?O`AOT?CaOW?w?	46	7ffffffffeff
N?AA@?O`AOT?CaOWCc?	46	3fffffffffff
N?AA@?O`AOT?CaOWAc?	46	ffffffffeffb
N?AA@?O`AOT?CaOW@c?	46	3fffffffffff
N?AA@?O`AOT?CaOW?s?	46	ffffffffeeff
N?AA@?O`AOT?CaOW?k?	46	7ffffffffeff
N?AA@?O`AOT?CaOWCa?	46	3fffffffffff
N?AA@?O`AOT?CaOWAa?	46	3fffffffffff
N?AA@?O`AOT?CaOW?i?	46	3fffffffffff
N?AA@?O`AOT?CaOW?e?	46	3fffffffffff
N?AA@?O`AOT?Ca@WM??	46	7ffffffdffff
N?AA@?O`AOT?Ca@WEO?	46	7ffffffdffff
N?AA@?O`AOT?Ca@WDO?	46	fffffffdfeff
N?AA@?O`AOT?Ca@WIG?	46	7ffffffffffb
N?AA@?O`AOT?Ca@WEG?	46	3fffffffffff
N?AA@?O`AOT?Ca@WHG?	46	3fffffffffff
N?AA@?O`AOT?Ca@WBG?	46	3fffffffffff
N?AA@?O`AOT?Ca@WCW?	46	3fffffffffff
N?AA@?O`AOT?Ca@WAW?	46	7fffffffefff
N?AA@?O`AOT?Ca@WKC?	46	3fffffffffff
N?AA@?O`AOT?Ca@WIC?	46	3fffffffd6ffb
N?AA@?O`AOT?Ca@WEC?	46	3fffffffffff
N?AA@?O`AOT?Ca@WHC?	46	7fffffff7fff
N?AA@?O`AOT?Ca@WGS?	46	3fffffffe6eff
N?AA@?O`AOT?Ca@WCS?	46	3fffffffffff
N?AA@?O`AOT?Ca@WAS?	46	3fffffffe6eff
N?AA@?O`AOT?Ca@W@S?	46	7ffffffeffff
N?AA@?O`AOT?Ca@WKA?	46	3fffffffffff
N?AA@?O`AOT?Ca@WIA?	46	3fffffffffff
N?AA@?O`AOT?Ca@WEA?	46	3fffffffffff
N?AA@?O`AOT?Ca@WCQ?	46	3fffffffffff
N?AA@?O`AOT?Ca@WAQ?	46	3fffffffffff
N?AA@?O`AOT?Ca@W@Q?	46	3fffffffffff
N?AA@?O`AOT?Ca@WGI?	46	3fffffffffff
N?AA@?O`AOT?Ca@WCI?	46	3fdffffffb7fe
N?AA@?O`AOT?Ca@WAI?	46	3fffffffffff
N?AA@?O`AOT?Ca@W@I?	46	1ffffffffb7fe
N?AA@?O`AOT?Ca@W?Y?	46	3fffffffffff
N?AA@?O`AOT?Ca@WGE?	46	3fffffffffff
N?AA@?O`AOT?Ca@WCE?	46	3fdffffffb7fe
N?AA@?O`AOT?Ca@W?U?	46	3fffffffffff
N?AA@?O`AOT?Ca@W?M?	46	3ffdffdfdff7f
N?AA@?O`AOT?CQGgI_?	46	3fffffffffff
N?AA@?O`AOT?CQGgH_?	46	3fffffffffff
N?AA@?O`AOT?CQGgAo?	46	3fffffffffff
N?AA@?O`AOT?CQGg@o?	46	3fffffffffff
N?AA@?O`AOT?CQGgGg?	46	3fffffffffff
N?AA@?O`AOT?CQGgAg?	46	3fffffffffff
N?AA@?O`AOT?CQGg@g?	46	3fffffffffff
N?AA@?O`AOT?CQGg?w?	46	3fffffffffff
N?AA@?O`AOT?CQGgGc?	46	3fffffffffff
N?AA@?O`AOT?CQGgAc?	46	3fffffffffff
N?AA@?O`AOT?CQGg@c?	46	3fffffffffff
N?AA@?O`AOT?CQGg?k?	46	3fffffffffff
N?AA@?O`AOT?CQGgGa?	46	3fffffffffff
N?AA@?O`AOT?CQGgAa?	46	3fffffffffff
N?AA@?O`AOT?CQGg?i?	46	3fffffffffff
N?AA@?O`AOT?CQ@gM??	46	7ffffffeffff
N?AA@?O`AOT?CQ@gJ??	46	7ffffffeffff
N?AA@?O`AOT?CQ@gEO?	46	3fffffffffff
N?AA@?O`AOT?CQ@gDO?	46	3fffffffffff
N?AA@?O`AOT?CQ@gBO?	46	3fffffffffff
N?AA@?O`AOT?CQ@gIG?	46	fffffffdfffb
N?AA@?O`AOT?CQ@gEG?	46	fffffffcffff
N?AA@?O`AOT?CQ@gHG?	46	fffffffdfeff
N?AA@?O`AOT?CQ@gBG?	46	fffffffcffff
N?AA@?O`AOT?CQ@gGW?	46	7ffffffffeff
N?AA@?O`AOT?CQ@gCW?	46	3fffffffffff
N?AA@?O`AOT?CQ@gAW?	46	7fffffffefff
N?AA@?O`AOT?CQ@gKC?	46	3fffffffffff
N?AA@?O`AOT?CQ@gEC?	46	3fffffffffff
N?AA@?O`AOT?CQ@gHC?	46	3fffffffffff
N?AA@?O`AOT?CQ@gCS?	46	3fffffffffff
N?AA@?O`AOT?CQ@gGK?	46	7ffffffffeff
N?AA@?O`AOT?CQ@gCK?	46	3fffffffffff
N?AA@?O`AOT?CQ@gAK?	46	7fffffffefff
N?AA@?O`AOT?CQ@g@K?	46	3fffffffffff
N?AA@?O`AOT?CQ@gKA?	46	3fffffffffff
N?AA@?O`AOT?CQ@gIA?	46	3fffffffffff
N?AA@?O`AOT?CQ@gEA?	46	3fffffffffff
N?AA@?O`AOT?CQ@gCQ?	46	3fffffffffff
N?AA@?O`AOT?CQ@gAQ?	46	3fffffffffff
N?AA@?O`AOT?CQ@g@Q?	46	3fffffffffff
N?AA@?O`AOT?CQ@gGI?	46	3fffffffffff
N?AA@?O`AOT?CQ@gAI?	46	3fffffffffff
N?AA@?O`AOT?CQ@g@I?	46	3fffffffffff
N?AA@?O`AOT?CQ@g?Y?	46	3fffffffffff
N?AA@?O`AOT?CQ@gGE?	46	3fffffffffff
N?AA@?O`AOT?CQ@gCE?	46	3fffffffffff
N?AA@?O`AOT?CQ@g?U?	46	3fffffffffff
N?AA@?O`AOT?CQ@g?M?	46	3fffffffffff
N?AA@?O`AOT??qSGE_?	46	3fffffffffff
N?AA@?O`AOT??qSGB_?	46	3fffffffffff
N?AA@?O`AOT??qSGAo?	46	fffffffefffb
N?AA@?O`AOT??qSGAg?	46	7ffffffffffb
N?AA@?O`AOT??qSGAa?	46	ffffffffeffb
N?AA@?O`AOT??qKGI_?	46	3fffffffffff
N?AA@?O`AOT??qKGB_?	46	3fffffffffff
N?AA@?O`AOT??qKGAc?	46	1ffffeffff7fd
N?AA@?O`AOT??qDGM??	46	3fffffffffff
N?AA@?O`AOT??qDGJ??	46	3fffffffffff
N?AA@?O`AOT??qDGF??	46	3fffffffffff
N?AA@?O`AOT??qDGIO?	46	3fffffffef7fa
N?AA@?O`AOT??qDGEO?	46	3fffffffffff
N?AA@?O`AOT??qDGBO?	46	3fffffffffff
N?AA@?O`AOT??qDGIG?	46	fffffffffffa
N?AA@?O`AOT??qDGBG?	46	3fffffffffff
N?AA@?O`AOT??qDGAW?	46	ffffffffeffe
N?AA@?O`AOT??qDGIC?	46	ffffffffeffb
N?AA@?O`AOT??qDGIA?	46	ffffffffeffb
N?AA@?O`AOT??qDGEA?	46	1ffffeffff7fd
N?AA@?O`AOT??qDGBA?	46	3ffffffe97fff
N?AA@?O`AOT??qDGAQ?	46	ffffffffeeff
N?AA@?O`AOT??qDGAI?	46	7fffffffefff
N?AA@?O`AOT?CICoK_?	46	7ffffffff7ff
N?AA@?O`AOT?CICoD_?	46	3fffffffd77fd
N?AA@?O`AOT?CICoGo?	46	fffffffefffb
N?AA@?O`AOT?CICoCo?	46	7ffffffffffd
N?AA@?O`AOT?CICo@o?	46	3fffffffffff
N?AA@?O`AOT?CICoGg?	46	7ffffffffffb
N?AA@?O`AOT?CICoCg?	46	3fffffffcff7d
N?AA@?O`AOT?CICo@g?	46	7fffffffff7f
N?AA@?O`AOT?CICo?w?	46	ffffffffef7f
N?AA@?O`AOT?CICoGc?	46	ffffffffeffb
N?AA@?O`AOT?CICoCc?	46	3fffffffffff
N?AA@?O`AOT?CICo@c?	46	3fffffffffff
N?AA@?O`AOT?CICo?s?	46	ffffffffeeff
N?AA@?O`AOT?CICo?k?	46	7fffffffefff
N?AA@?O`AOT?CICoGa?	46	fffffffdefff
N?AA@?O`AOT?CICoCa?	46	3fffffffcfefb
N?AA@?O`AOT?CICo?q?	46	7ffffffffeff
N?AA@?O`AOT?CICo?i?	46	3fffffffe6eff
N?AA@?O`AOL?Ca_WE_?	46	7ffffffdffff
N?AA@?O`AOL?Ca_WD_?	46	fffffffdefff
N?AA@?O`AOL?Ca_W@o?	46	3fffffffcfefb
N?AA@?O`AOL?Ca_WCg?	46	2ffeffffffefb
N?AA@?O`AOL?Ca_WAg?	46	3fffffffffff
N?AA@?O`AOL?Ca_W@g?	46	3fffffffffff
N?AA@?O`AOL?Ca_W?w?	46	3fffffffffff
N?AA@?O`AOL?Ca_W?k?	46	3ffffffffffcc
N?AA@?O`AOL?Ca_WCa?	46	3bffbffffff7d
N?AA@?O`AOL?Ca_W?i?	46	3ffffffffffcc
N?AA@?O`AOS_U??wEA?	46	7ffffffff7ff
N?AA@?O`AOS_U??wDA?	46	ffffffffe7ff
N?AA@?O`AOS_U??wBA?	46	fffffffef7ff
N?AA@?O`AOS_U??w@Q?	46	3fffffffffff
N?AA@?O`AOS_U??wAI?	46	7fffffffff7f
N?AA@?O`AOS_U??w@I?	46	fffffffffe7f
N?AA@?O`AOS_U??w?Y?	46	3ffffffffffd2
N?AA@?O`AOS_U??wCE?	46	3effffffffcfe
N?AA@?O`AOS_U??w@E?	46	3fffffffffff
N?AA@?O`AOS_U??w?M?	46	7fdffef7ef7ff
N?AA@?O`AOS_U??wCB?	46	fffffffdf7ff
N?AA@?O`AOS_U??wAB?	46	fffffffdefff
N?AA@?O`AOS_U??w?J?	46	ffffffff7f7f
N?AA@?O`AOS_U??w?F?	46	3fffffffffff
N?AA@?O`AOS_M??wGI?	46	3fffffffffff
N?AA@?O`AOS_M??wGE?	46	3fffffffffff
N?AA@?O`AOS_M??w@E?	46	3ffffdefdefff
N?AA@?O`AOS_M??wGB?	46	fffffffdf7ff
N?AA@?O`AOS_M??w?J?	46	3fffffffffff
N?AA@?O`AOS_S_AWEA?	46	ffffffffff74c
N?AA@?O`AOS_S_AWDA?	46	3fefedefe76634fe
N?AA@?O`AOS_S_AWBA?	46	3fffffffffff
N?AA@?O`AOS_S_AW@Q?	46	3fffffffffff
N?AA@?O`AOS_S_AWAI?	46	7ffffffffb77c
N?AA@?O`AOS_S_AW@I?	46	37ff6fdff9f0fb52
N?AA@?O`AOS_S_AW?Y?	46	3fffffffffe79
N?AA@?O`AOS_S_AW@E?	46	37ffffbfefffb
N?AA@?O`AOS_S_AWAB?	46	fffffffeefff
N?AA@?O`AOS_I_CWIA?	46	7ffffffffffb
N?AA@?O`AOS_E_AWIA?	46	3fffffffffff
N?AA@?O`AOS_E_AWEA?	46	3ffffbbfeefff
N?AA@?O`AOS_E_AWGQ?	46	3fffffffffff
N?AA@?O`AOS_E_AWGI?	46	7ffffffffeff
N?AA@?O`AOS_E_AWAI?	46	3ffffdefdefff
N?AA@?O`AOS_E_AW?Y?	46	3fffffffffff
N?AA@?O`AOS_E_AWGE?	46	3fffffffffff
N?AA@?O`AOS_E_AWCE?	46	3ffffdefdefff
N?AA@?O`AOS_E_AW?U?	46	3fffffffffff
N?AA@?O`AOS_E_AW?M?	46	3fffffff0ffff
N?AA@?O`AOS_E_AW?R?	46	3fffffffffff
N?AA@?O`AOS_SOAgEA?	46	3ffffffffe7f9
N?AA@?O`AOS_SOAgDA?	46	3fffffffffff
N?AA@?O`AOS_SOAgBA?	46	3fffffffffff
N?AA@?O`AOS_SOAg@Q?	46	3fffffffffff
N?AA@?O`AOS_SOAgAI?	46	3ffffffffe67f
N?AA@?O`AOS_SOAg@I?	46	3fffffffffff
N?AA@?O`AOS_SOAg?Y?	46	3fffffffffff
N?AA@?O`AOS_SOAgCE?	46	7fffffffefff
N?AA@?O`AOS_SOAg@E?	46	3fffffffffff
N?AA@?O`AOS_SOAg?M?	46	7ffffffdffff
N?AA@?O`AOS_SOAgCB?	46	ffffffffe7ff
N?AA@?O`AOS_SOAgAB?	46	7fffffffefff
N?AA@?O`AOS_SOAg?J?	46	fffffffdff7f
N?AA@?O`AOS_SOAg?F?	46	3fffffffffff
N?AA@?O`AOS_KOAgIA?	46	3ffffffffe7f9
N?AA@?O`AOS_KOAg@Q?	46	3ffdffdfdff7f
N?AA@?O`AOS_KOAgGB?	46	ffffffff0e7ff
N?AA@?O`AOS_QOCgEA?	46	3fbffffffcffe
N?AA@?O`AOS_QOCgBA?	46	3fffffffffff
N?AA@?O`AOS_QOCgAI?	46	3effffffffcfe
N?AA@?O`AOS_QOCgAE?	46	3ffff7dfdf7ff
N?AA@?O`AOS_QOCgAB?	46	3fffffffffff
N?AA@?O`AOS_IOCgIA?	46	3ffffdefdefff
N?AA@?O`AOS_IOCgAQ?	46	2ffdeff7fe70fccc
N?AA@?O`AOS_IOCgAE?	46	3defbfffdea94fcc
N?AA@?O`AOS_EO?wKA?	46	3fffffffffff
N?AA@?O`AOS_EO?wGB?	46	7fffffffff7f
N?AA@?O`AOS_AoEGIA?	46	3fffffffffff
N?AA@?O`AOS_AoEGEA?	46	7fbffbbfeefff
N?AA@?O`AOS_AoEGAQ?	46	3fffffffffff
N?AA@?O`AOS_AoEGAI?	46	3ffffdefdefff
N?AA@?O`AOS_AoEGAB?	46	3fffffffffff
N?AA@?O`AOS_AoCWIA?	46	7fffffffefff
N?AA@?O`AOS_AoCWBA?	46	3ffffdefdefff
N?AA@?O`AOS_SGAoEA?	46	3fffffffef7fa
N?AA@?O`AOS_SGAoBA?	46	7ffffffeffff
N?AA@?O`AOS_SGAoAQ?	46	3fffffffffff
N?AA@?O`AOS_SGAoAI?	46	3fffffffdef7e
N?AA@?O`AOS_SGAoAB?	46	ffffffffe7ff
N?AA@?O`AOS_KGAoBA?	46	7fbffbbfeefff
N?AA@?O`AOS_EGCoHA?	46	fffffffef7ff
N?AA@?O`AOS_EGCo?U?	46	3effffffffb7e
N?AA@?O`AOS_EGCo?M?	46	37ff6fdff9f0fb52
N?AA@?O`AOS_EGCoGB?	46	3fffffffdef7e
N?AA@?O`AOS_EGCo?R?	46	3fffffffffff
N?AA@?O`AOS_EGCo?J?	46	3fffffffeeffc
N?AA@?O`AOS_CWE_HA?	46	3bfffffbf7ffd
N?AA@?O`AOS_CWE_@Q?	46	1ffffff7efffd
N?AA@?O`AOS_CWE_GI?	46	3ffffffffe67f
N?AA@?O`AOS_CWE_@I?	46	3ffffdefdefff
N?AA@?O`AOS_CWE_GB?	46	effefffffeefa
N?AA@?O`AOS_EC?wM??	46	7ffffffff7ff
N?AA@?O`AOS_EC?wL??	46	ffffffffe7ff
N?AA@?O`AOS_EC?wF??	46	fffffbbfce7ff
N?AA@?O`AOS_EC?wEO?	46	3ffffffffffcc
N?AA@?O`AOS_EC?wHO?	46	3fffffffcfefb
N?AA@?O`AOS_EC?wKG?	46	3fffffffffff
N?AA@?O`AOS_EC?wIG?	46	3fffffffffff
N?AA@?O`AOS_EC?wHG?	46	3fffffffffff
N?AA@?O`AOS_EC?wBG?	46	3ffffdefdefff
N?AA@?O`AOS_EC?wAW?	46	3effffffffb7e
N?AA@?O`AOS_EC?w@W?	46	3fffffffffff
N?AA@?O`AOS_EC?wKC?	46	3fffffffffff
N?AA@?O`AOS_EC?wHC?	46	3fffffffffff
N?AA@?O`AOS_EC?wDC?	46	3ffffdefdefff
N?AA@?O`AOS_EC?wCS?	46	3effffffffb7e
N?AA@?O`AOS_EC?wAS?	46	7ebfffffffb7e
N?AA@?O`AOS_EC?w@S?	46	3fffffffffff
N?AA@?O`AOS_EC?wGK?	46	fffffffffffc
N?AA@?O`AOS_EC?wAK?	46	37ff6fdff9f0fb52
N?AA@?O`AOS_EC?w@K?	46	3fffffff0ffff
N?AA@?O`AOS_EC?w?[?	46	fbffbfffff77c
N?AA@?O`AOS_EC?wK@?	46	fffffffdf7ff
N?AA@?O`AOS_EC?wI@?	46	fffffffdefff
N?AA@?O`AOS_EC?wE@?	46	fffffffcffff
N?AA@?O`AOS_EC?wCP?	46	3fffffffffff
N?AA@?O`AOS_EC?wAP?	46	3fffffffffff
N?AA@?O`AOS_EC?w@P?	46	3ffffffff7efc
N?AA@?O`AOS_EC?wGH?	46	ffffffffff7e
N?AA@?O`AOS_EC?wAH?	46	3fffffffffff
N?AA@?O`AOS_EC?w@H?	46	3fffffffffff
N?AA@?O`AOS_EC?w?X?	46	fffffffff7fd
N?AA@?O`AOS_EC?wGD?	46	fffffffff7fe
N?AA@?O`AOS_EC?wCD?	46	3fffffffffff
N?AA@?O`AOS_EC?w@D?	46	3fffffffffff
N?AA@?O`AOS_EC?w?T?	46	fffffffff77f
N?AA@?O`AOS_EC?w?L?	46	7ffffffff7ff
N?AA@?O`AOS_AcCWM??	46	7ffffffffffb
N?AA@?O`AOS_AcCWJ??	46	3bfffffbf7ffd
N?AA@?O`AOS_AcCWF??	46	3ffffbbfeefff
N?AA@?O`AOS_AcCWIG?	46	3fffffffdef7e
N?AA@?O`AOS_AcCWBG?	46	3ffffdefdefff
N?AA@?O`AOS_AcCWBC?	46	3ffffdefdefff
N?AA@?O`AOS_AcCWI@?	46	effefffffeefa
N?AA@?O`AOS_CSAgM??	46	3ffffffffe7f9
N?AA@?O`AOS_CSAgL??	46	3ffff7dfdf7ff
N?AA@?O`AOS_CSAgF??	46	7ff7fbbfeefff
N?AA@?O`AOS_CSAgHG?	46	3fffbffbf7f7f
N?AA@?O`AOS_CSAg@W?	46	1ffffff7efffd
N?AA@?O`AOS_CSAgKC?	46	7fffffffefff
N?AA@?O`AOS_CSAgDC?	46	3ffffdefdefff
N?AA@?O`AOS_CSAgGK?	46	7ffffffdffff
N?AA@?O`AOS_CSAg@K?	46	3fffffff0ffff
N?AA@?O`AOS_CSAgK@?	46	ffffffff0e7ff
N?AA@?O`AOS_CSAgGH?	46	fffeff7fd7e7f
N?AA@?O`AOS_ASCgM??	46	3ffffdefdefff
N?AA@?O`AOS_ASCgF??	46	3fefebfbbba64b7e
N?AA@?O`AOS_ASCgEO?	46	2ffdeff7fe70fccc
N?AA@?O`AOS_ASCgIG?	46	7ffedf7ff7eff
N?AA@?O`AOS_ASCgBG?	46	3defbfffdea94fcc
N?AA@?O`AOS_ASCgAW?	46	37ff6fdff9f0fb52
N?AA@?O`AOS_ASCgAK?	46	37ff6fdff9f0fb52
N?AA@?O`AOS_ASCgE@?	46	2fffff7ff7ffb
N?AA@?O`AOS_ASCgAH?	46	6ffaffffffefb
N?AA@?O`AOS_CKAoM??	46	3fffffffef7fa
N?AA@?O`AOS_CKAoJ??	46	3ffff7dfdf7ff
N?AA@?O`AOS_CKAoF??	46	7fbffbbfeefff
N?AA@?O`AOS_CKAoIO?	46	3ffff7dfdf7ff
N?AA@?O`AOS_CKAoBO?	46	3ffdffdfdff7f
N?AA@?O`AOS_CKAoIG?	46	7fffffffefff
N?AA@?O`AOS_CKAoBG?	46	3ffffdefdefff
N?AA@?O`AOS_CKAoI@?	46	ffffffff0e7ff
N?AA@?O`AOP_[??wEA?	46	7ffffffff7ff
N?AA@?O`AOP_[??wDA?	46	ffffffffe7ff
N?AA@?O`AOP_[??wAI?	46	3fffffffffff
N?AA@?O`AOP_[??w@I?	46	3fffffffffff
N?AA@?O`AOP_[??w?M?	46	3fffffffffff
N?AA@?O`AOP_[??wCB?	46	fffffffdf7ff
N?AA@?O`AOP_[??w?J?	46	3fffffffffff
N?AA@?O`AOP_M??wEA?	46	fffffbbfce7ff
N?AA@?O`AOP_M??wAI?	46	3ffffdefdefff
N?AA@?O`AOP_M??w?M?	46	3fffffff0ffff
N?AA@?O`AOP_M??w?R?	46	3ffffffff7efc
N?AA@?O`AOP_W_CWEA?	46	3ffffffffffcc
N?AA@?O`AOP_W_CWBA?	46	3ffdbfe5c7bf06fd
N?AA@?O`AOP_W_CWAI?	46	3faeffff75e937d2
N?AA@?O`AOP_W_CWAB?	46	3ff8ffe76cfdf6e1
N?AA@?O`AOP_K_?wAI?	46	3effffffffb7e
N?AA@?O`AOP_K_?wCB?	46	3fffffffffff
N?AA@?O`AOP_I_CWEA?	46	3ffffbbfeefff
N?AA@?O`AOP_I_CWAI?	46	3ffffdefdefff
N?AA@?O`AOP_I_CWAE?	46	3ffffdefdefff
N?AA@?O`AOP_WOCgEA?	46	3ffffffffe67f
N?AA@?O`AOP_KOGgIA?	46	7ffffffff7ff
N?AA@?O`AOP_KOGgBA?	46	fffffbbfce7ff
N?AA@?O`AOP_KOGgAQ?	46	3ffffffffffcc
N?AA@?O`AOP_KOGg?Y?	46	3effffffffb7e
N?AA@?O`AOP_KOGgGE?	46	3fffffffffff
N?AA@?O`AOP_KOGg@E?	46	3ffffdefdefff
N?AA@?O`AOP_KOGg?M?	46	37ff6fdff9f0fb52
N?AA@?O`AOP_KOGg?F?	46	3ffff7dfdf7ff
N?AA@?O`AOP_IOCgEA?	46	3fefebfbbba64b7e
N?AA@?O`AOP_GoKGIA?	46	5ff7fff7efffd
N?AA@?O`AOP_GoKGBA?	46	3ffdbf739b7ee87d
N?AA@?O`AOP_GoKGAQ?	46	3ffffffffffcc
N?AA@?O`AOP_GoCgEA?	46	ffffffffff74c
N?AA@?O`AOP_KC?wL??	46	ffffffffe7ff
N?AA@?O`AOP_KC?wEO?	46	3ffffffffffcc
N?AA@?O`AOP_KC?wHO?	46	3fffffffcfefb
N?AA@?O`AOP_KC?wIG?	46	3fffffffffff
N?AA@?O`AOP_KC?wHG?	46	3fffffffffff
N?AA@?O`AOP_KC?wBG?	46	3ffffdefdefff
N?AA@?O`AOP_KC?wCW?	46	7ebfffffffb7e
N?AA@?O`AOP_KC?wAW?	46	3effffffffb7e
N?AA@?O`AOP_KC?wGK?	46	fffffffffffc
N?AA@?O`AOP_KC?wCK?	46	37ff6fdff9f0fb52
N?AA@?O`AOP_KC?w@K?	46	3fffffff0ffff
N?AA@?O`AOP_KC?w?[?	46	fbffbfffff77c
N?AA@?O`AOP_KC?wK@?	46	fffffffdf7ff
N?AA@?O`AOP_KC?wGP?	46	3fffffffdef7e
N?AA@?O`AOP_KC?wCP?	46	3fffffffffff
N?AA@?O`AOP_KC?w@P?	46	3ffffffff7efc
N?AA@?O`AOP_KC?wGH?	46	ffffffffff7e
N?AA@?O`AOP_KC?wAH?	46	3fffffffffff
N?AA@?O`AOP_KC?w?X?	46	fffffffff7fd
N?AA@?O`AOP_KC?w?L?	46	7ffffffff7ff
N?AA@?O`AOP_GcCWM??	46	7ffffffffffb
N?AA@?O`AOP_GcCWJ??	46	3bfffffbf7ffd
N?AA@?O`AOP_GcCWF??	46	3ffffbbfeefff
N?AA@?O`AOP_GcCWEO?	46	3ffffffffffcc
N?AA@?O`AOP_GcCWIG?	46	3fffffffdef7e
N?AA@?O`AOP_GcCWBG?	46	3ffffdefdefff
N?AA@?O`AOP_GcCWAW?	46	7ebfffffffb7e
N?AA@?O`AOP_GcCWAS?	46	7ebfffffffb7e
N?AA@?O`AOP_GcCWI@?	46	effefffffeefa
N?AA@?O`AOP_GcCWE@?	46	7ffffffffffe
N?AA@?O`AOP_GcCWAP?	46	37fffbfffeffb
N?AA@?O`AOP_GcCWAH?	46	3ffffffffe67f
N?AA@?O`AOP_GSCgM??	46	3ffffdefdefff
N?AA@?O`AOP_GSCgF??	46	3fefebfbbba64b7e
N?AA@?O`AOP_GSCgEO?	46	2ffdeff7fe70fccc
N?AA@?O`AOP_GSCgEC?	46	3defbfffdea94fcc
N?AA@?O`AOP_GSCgE@?	46	2fffff7ff7ffb
N?AA@?O`AOP_KA?wKA?	46	fffffffdf7ff
N?AA@?O`AOP_KA?wEA?	46	fffffffcffff
N?AA@?O`AOP_KA?wCQ?	46	3fffffffffff
N?AA@?O`AOP_KA?w@Q?	46	3ffffffff7efc
N?AA@?O`AOP_KA?wGI?	46	3fffffffffff
N?AA@?O`AOP_KA?wAI?	46	3fffffffffff
N?AA@?O`AOP_KA?w?Y?	46	3fffffffffff
N?AA@?O`AOP_KA?w?M?	46	3fffffffffff
N?AA@?O`AOP_GaCWIA?	46	2ffeffffffefb
N?AA@?O`AOP_GaCWEA?	46	3fffffffffff
N?AA@?O`AOP_GaCWAQ?	46	37fffbfffeffb
N?AA@?O`AOP_GaCWAI?	46	3fdffffffb7fe
N?AA@?O`AOP_GQCgEA?	46	efffff7fe7ff9
N?AA@?O`AOKOe?@WEO?	46	7ffffffff7ff
N?AA@?O`AOKOe?@WDO?	46	3fffffffe777f
N?AA@?O`AOKOe?@WDG?	46	7fffffffff7f
N?AA@?O`AOKOe?@WBG?	46	3ffeff7ff7eff
N?AA@?O`AOKOe?@WCW?	46	3fffffffcff7d
N?AA@?O`AOKOe?@WAW?	46	3fffffffffff
N?AA@?O`AOKOe?@WDC?	46	3fffffffffff
N?AA@?O`AOKOe?@WCS?	46	ffffffffff7d
N?AA@?O`AOKOe?@WEA?	46	3ffffffffffcc
N?AA@?O`AOKOe?@WDA?	46	3fffffffffff
N?AA@?O`AOKOe?@WBA?	46	3ffdbfe5c7bf06fd
N?AA@?O`AOKOe?@WAI?	46	3faeffff75e937d2
N?AA@?O`AOKOe?@W@I?	46	2fffff7ff7ffb
N?AA@?O`AOKOe?@WCE?	46	1ffffffffb7fe
N?AA@?O`AOKOe?@WE@?	46	7ffffffdffff
N?AA@?O`AOKOe?@WCP?	46	3fffffffd6ffb
N?AA@?O`AOKOe?@WCB?	46	3fffffffffff
N?AA@?O`AOKOe??YE_?	46	3fffffffffff
N?AA@?O`AOKOe??YD_?	46	3fffffffffff
N?AA@?O`AOKOe??YB_?	46	7fffeffff87ff
N?AA@?O`AOKOe??YCo?	46	ffffffffeffb
N?AA@?O`AOKOe??YAo?	46	3fffffffffff
N?AA@?O`AOKOe??Y@o?	46	3fffffffffff
N?AA@?O`AOKOe??YCg?	46	ffffffffeffb
N?AA@?O`AOKOe??YAg?	46	3fffffffffff
N?AA@?O`AOKOe??Y@g?	46	3fffffffffff
N?AA@?O`AOKOe??Y?w?	46	ffffffffeeff
N?AA@?O`AOKOe??YCc?	46	7ffffffffffb
N?AA@?O`AOKOe??Y@c?	46	3ffff7dfdf7ff
N?AA@?O`AOKOe??Y?s?	46	7fffffffefff
N?AA@?O`AOKOe??Y?k?	46	7fffffffefff
N?AA@?O`AOKOe??YCa?	46	3fffffffffff
N?AA@?O`AOKOe??YAa?	46	3ffff7dfdf7ff
N?AA@?O`AOKOe??Y?i?	46	3fffffffffff
N?AA@?O`AOKOe??Y?e?	46	3fffffff0ffff
N?AA@?O`AOKOE__WE_?	46	7ffffffff7ff
N?AA@?O`AOKOE__WD_?	46	fffffffef7ff
N?AA@?O`AOKOE__WB_?	46	fffffffdf7ff
N?AA@?O`AOKOE__WCg?	46	3bfffffbf7ffd
N?AA@?O`AOKOE__WAg?	46	3fffffffffff
N?AA@?O`AOKOE__W@g?	46	3fffffffffff
N?AA@?O`AOKOE__WCc?	46	3fffffffffff
N?AA@?O`AOKOE__WAc?	46	7bffdffbf7ffd
N?AA@?O`AOKOE__W@c?	46	3fffffffffff
N?AA@?O`AOKOE__W?k?	46	3ffffffffffd2
N?AA@?O`AOKOE__WC`?	46	fffffffdefff
N?AA@?O`AOKOE__WA`?	46	fffffffcffff
N?AA@?O`AOKOE__W@`?	46	3fffffffcfefb
N?AA@?O`AOKOE__W?h?	46	3fffffffffff
N?AA@?O`AOKOE__W?d?	46	3fffffffffff
N?AA@?O`AOKOKOaGB_?	46	3ffffbbfeefff
N?AA@?O`AOKOKOaGAo?	46	fffffffff77f
N?AA@?O`AOKOKOaG@o?	46	3ffffffff87ff
N?AA@?O`AOKOKOaGAg?	46	ffffffffff74c
N?AA@?O`AOKOKOaG@g?	46	3fffffffffff
N?AA@?O`AOKOKOaG?w?	46	3fffffffe777f
N?AA@?O`AOKOKOaGAc?	46	2ffdeff7fe70fccc
N?AA@?O`AOKOKOaG@c?	46	3ff8ffe76cfdf6e1
N?AA@?O`AOKOKOaGAa?	46	2ffdeff7fe70fccc
N?AA@?O`AOKOKOaG@a?	46	3ff8ffe76cfdf6e1
N?AA@?O`AOKOKOaGA`?	46	7fffffff7fff
N?AA@?O`AOKOaOKGB_?	46	fffffffff7fe
N?AA@?O`AOKOaOKGAo?	46	fffffffff7fd
N?AA@?O`AOKOaOKGAg?	46	3ffffffffffcc
N?AA@?O`AOKOaOKGAa?	46	ffffffffff74c
N?AA@?O`AOKOaOKGA`?	46	fffffffff6ff
N?AA@?O`AOKOcGEOD_?	46	3fffffffffff
N?AA@?O`AOKOcGEOCo?	46	3fffffffef7fa
N?AA@?O`AOKOcGEO@o?	46	3fffffffffff
N?AA@?O`AOKOcGEOCg?	46	3ffffffffffcc
N?AA@?O`AOKOcGEO@g?	46	3ffeff7ff7eff
N?AA@?O`AOKOcGEOCc?	46	ffffffffff74c
N?AA@?O`AOKOcGEO@c?	46	3ffdbfe5c7bf06fd
N?AA@?O`AOKOcGEO?s?	46	3fffffffe777f
N?AA@?O`AOKOcGEOCa?	46	ffffffffff74c
N?AA@?O`AOKOcGEOC`?	46	ffffffffff7e
N?AA@?O`AOKOCgaOE_?	46	fffffffff7fd
N?AA@?O`AOKOCgaOB_?	46	fffffffdfeff
N?AA@?O`AOKOCgaOAc?	46	3fffffffe777f
N?AA@?O`AOPOJ?CWIG?	46	fffffffeefff
N?AA@?O`AOPOJ?CWAW?	46	3fffffffffff
N?AA@?O`AOPOJ?CWIC?	46	fffffffeefff
N?AA@?O`AOPOJ?CWEA?	46	3ffffbbfeefff
N?AA@?O`AOPOJ?CWAI?	46	3ffffdefdefff
N?AA@?O`AOPOJ?CWI@?	46	3bfffffbf7ffd
N?AA@?O`AOPOJ?CWAP?	46	1ffffff7efffd
N?AA@?O`AOPOJ?CWAH?	46	3fffffffffff
N?AA@?O`AOPOWOKGB_?	46	ffffffff7ffb
N?AA@?O`AOPOWOKGAo?	46	3fffffffffff
N?AA@?O`AOPOWOKGAg?	46	3ffffffffe7f9
N?AA@?O`AOPOWOKGAc?	46	3ffffffffe7f9
N?AA@?O`AOPOWOKGAa?	46	3ffffffffe7f9
N?AA@?O`AOPOWOKGA`?	46	7ffffffffffb
N?AA@?O`AOPOWOEGE_?	46	fffffffff7fb
N?AA@?O`AOPOIOKGI_?	46	3fffffffffff
N?AA@?O`AOPOIOKGAo?	46	3fffffffffff
N?AA@?O`AOPOIOKGAg?	46	7ff7fbbfeefff
N?AA@?O`AOPOIOKGAc?	46	7ff7fbbfeefff
N?AA@?O`AOPOIOKGAa?	46	7ff7fbbfeefff
N?AA@?O`AOPOIOKGA`?	46	3fffffffffff
N?AA@?O`AOPOIOCgE_?	46	7ffffffff7ff
N?AA@?O`AOPOHOKGJ??	46	3ffdffdfdff7f
N?AA@?O`AOPOHOKGIO?	46	3ffdffdfdff7f
N?AA@?O`AOPOHOKGBO?	46	3ffdffdfdff7f
N?AA@?O`AOPOHOKGIA?	46	7ffffffffffb
N?AA@?O`AOPOHOKGBA?	46	3ffffbbfeefff
N?AA@?O`AOPOHOKGI@?	46	fffffffe67ff9
N?AA@?O`AOSGL?AgGH?	46	ffffffff0e7ff
N?AA@?O`AOSGJ?CgAW?	46	3defbfffdea94fcc
N?AA@?O`AOSGJ?CgAH?	46	3bfffffbf7ffd
N?AA@?O`AOSGKGAoI_?	46	7ffffffffffb
N?AA@?O`AOSGKGAoB_?	46	3ffffbbfeefff
N?AA@?O`AOKGK_aGB_?	46	7ffffffffffb
N?AA@?O`AOKGK_aGAo?	46	fffffffff77f
N?AA@?O`AOKGK_aG@o?	46	3fffffffffff
N?AA@?O`AOKGK_aGAg?	46	fffffffff77f
N?AA@?O`AOKGK_aG@g?	46	3fffffffffff
N?AA@?O`AOKGK_aG?w?	46	3fffffffe777f
N?AA@?O`AOKGK_aGAc?	46	ffffffff0e7ff
N?AA@?O`AOKGK_aG@c?	46	effefffffeefa
N?AA@?O`AOKGK_aGAa?	46	ffffffff0e7ff
N?AA@?O`AOKGK_aG@a?	46	effefffffeefa
N?AA@?O`AOKGK_aGA`?	46	7fffffff7fff
N?AA@?O`AOEGIO_gI_?	46	7ffffffff7ff
N?AA@?O`AOEGIO_gH_?	46	fffffffef7ff
N?AA@?O`AOEGIO_gB_?	46	fffffbbfce7ff
N?AA@?O`AOEGIO_gGo?	46	3ffdbfe5c7bf06fd
N?AA@?O`AOEGIO_gAo?	46	3ffffffffffcc
N?AA@?O`AOEGIO_g@o?	46	3fffffffffff
N?AA@?O`AOEGIO_gGc?	46	3ffeff7ff7eff
N?AA@?O`AOEGIO_gAc?	46	3defbfffdea94fcc
N?AA@?O`AOEGIO_g@c?	46	3ffffdefdefff
N?AA@?O`AOEGIO_g?s?	46	37ff6fdff9f0fb52
N?AA@?O`AOEGIO_g?q?	46	37ff6fdff9f0fb52
N?AA@?O`AOEGIO_g?e?	46	37ff6fdff9f0fb52
N?AA@?O`AOEGIO_gG`?	46	fffffef7ce7ff
N?AA@?O`AOEGIO_gA`?	46	fffffffcffff
N?AA@?O`AOEGIO_g@`?	46	3fffffffcfefb
N?AA@?O`AOEGIO_g?p?	46	3ffdffdfdff7f
N?AA@?O`AOEGIO_g?d?	46	3fffffffffff
