N???C@?kD_@oQO@gM??	46	effefffffeefa
N???C@?kD_@oQO@gEC?	46	fffffffff7fb
N???C@?kD_@gQ_@gM??	46	ffffffffeffd
N???C@?kD_@gB_OgM??	46	fffdf7ffff77c
N???C@?k@QKCD_B_Y??	46	7ffffffffffe
N???C@?k@QKCD_B_I_?	46	3fffffffffff
N???C@?k@QKCD_B_WC?	46	ffffffffff74c
N???C@?M@o[?@o@gY??	46	ffffffff0e7ff
N???C@?M@o[?@o@gAK?	46	7ffffffffffe
N???C@?M@oS_P_?wR??	46	3fffffffdf6fe
N???C@?M@oS_P_?wIG?	46	7ffffffffffe
N???C@?M@oS_P_?wAK?	46	fffffffeff7f
N???C@?M@oS_@oOgIG?	46	7ffffffffffe
N???C@?oT@F?D_B_BG?	46	3fffffffffff
N???C@?oT@F?D_B_Ag?	46	3fffffffffff
N???C@?oT@F?D_B_BC?	46	3fffffffffff
N???C@?oT@F?D_B_Ac?	46	3fffffffffff
N???C@?gSoE_Q_@gKO?	46	7ffffffffffd
N???C@?gSoE_Q_@gIO?	46	3fffffffffff
N???C@?gSoE_Q_@gBO?	46	3fffffffffff
N???C@?gSoE_Q_@gBG?	46	3fffffffd77fd
N???C@?gSoE_Q_@g?w?	46	3fffffffffff
N???C@?gSoE_Q_@gDC?	46	3fffffffffff
N???C@?gSoE_Q_@g@c?	46	7fffffffefff
N???C@?gSoE_Q_@gAS?	46	3fffffffffff
N???C@?gSoE_Q_@g?s?	46	3fffffffdef7e
N???C@?gSoE_Q_@g?k?	46	7fffffff7fff
N???C@?gSoE_Q_@g?[?	46	7fffffffefff
N???C@?gSoE_B_OgL??	46	3fffffffffff
N???C@?gSoE_B_OgJ??	46	3fffffffffff
N???C@?gSoB_W_@gB_?	46	3fffffffdf6fe
N???C@?gSoB_W_@gKG?	46	fffffffdfffe
N???C@?gSoB_W_@g?w?	46	3fffffffffff
N???C@?gSoB_W_@gEC?	46	3fffffffffff
N???C@?gSoB_W_@gCc?	46	7fffffffefff
N???C@?gSoB_W_@g?s?	46	fffeff7fd7e7f
N???C@?gSoB_W_@gGK?	46	7ffffffff7ff
N???C@?gSoB_W_@g?[?	46	7ffffffdffff
N???C@?gSoCoU?@gB_?	46	3fffffffffff
N???C@?gSoCoU?@gBG?	46	fffffbbfce7ff
N???C@?gSoCoU?@gGg?	46	3fffffffffff
N???C@?gSoCoU?@gEC?	46	3fffffffffff
N???C@?gSoCoU?@gBC?	46	ffffffffff74c
N???C@?gSoCoU?@g?s?	46	fffeff7fd7e7f
N???C@?gSoCoU?@g?k?	46	7fffffffff7f
N???C@?gSoCoT?AgL??	46	3fffffffffff
N???C@?gSoCoT?AgH_?	46	3fffffffffff
N???C@?gSoCoT?AgB_?	46	3fffffffffff
N???C@?gSoCoT?AgGg?	46	7ffffffdffff
N???C@?gSoCoT?AgGW?	46	3fffffffffff
N???C@?gSoCoF?OgM??	46	3fffffffffff
N???C@?gSoCoF?OgJ??	46	3fffffffeeffc
N???C@?gSoCoF?OgGW?	46	ffffffff77ff
N???C@?gSoCoD_QGM??	46	3fffffffffff
N???C@?gSoAoY?@gL??	46	effefffffeefa
N???C@?gSoAoY?@gJ??	46	7fffffffefff
N???C@?gSoAoY?@gKG?	46	fffeff7fd7e7f
N???C@?gSoAoY?@gBG?	46	fffffbbfce7ff
N???C@?gSoAoY?@gEC?	46	3fffffffffff
N???C@?gSoAoY?@g?s?	46	3fffffffcff7d
N???C@?gSoAoY?@gGK?	46	7ffffffeffff
N???C@?gSoAoY?@g?k?	46	7ffffffffffd
N???C@?gSoAoX?AgKG?	46	fffffffeff7f
N???C@?gSoAoX?AgBG?	46	fffffffff7fe
N???C@?gSoAoX?AgEC?	46	3fffffffffff
N???C@?gSoAoX?AgBC?	46	ffffffffff7e
N???C@?gSoAoX?AgCS?	46	7fffffffefff
N???C@?gSoAoX?Ag?[?	46	7ffffffffffb
N???C@?gSoAoB_WGJ??	46	3fffffff0ffff
N???CB?W@oF?D_@oGK?	46	ffffffffff74c
N???CB?W@oF?D_@o@I?	46	3ffffffffffcc
N???CB?W@oF?@c@oBG?	46	3ffffffffffcc
N???CB?W@oE_E_@oP_?	46	3fffffff0ffff
N???CB?W@oE_E_@oOc?	46	3fffffffffff
N???CB?W@oE_E_@oGc?	46	3fffffffffff
N???CB?W@oE_E_@o@c?	46	3fffffffffff
N???CB?W@oE_E_@oGK?	46	fffffffff77f
N???CB?W@oE_E_@o?k?	46	3fffffffffff
N???CB?W@oE_B_AoWC?	46	3fffffffffff
N???CB?W@oE_B_AoQC?	46	3fffffffffff
N???CB?W@oE_B_AoIC?	46	3fffffffffff
N???CB?W@oE_B_AoGK?	46	3fffffffffff
N???CB?W@oE_B_AoAK?	46	3fffffffffff
N???CB?W@oE_B_AoOE?	46	3fffffffffff
N???CB?W@oE_B_Ao?M?	46	3fffffffffff
N???CB?W@oE_OoB_AK?	46	7ffffffff7ff
N???CB?W@oE_OoB_@K?	46	3fffffffffff
N???CB?W@oE_OoB_?[?	46	fffffffff77f
N???CB?W@oE_OoB_?M?	46	fffffffdf7ff
N???CB?W@oE_CoB_P_?	46	3fffffff0ffff
N???CB?W@oE_CoB_PC?	46	3fffffffffff
N???CB?W@oE_CoB_HC?	46	3fffffffffff
N???CB?W@oE_CoB_@c?	46	3fffffffffff
N???CB?W@oE_CoB_GK?	46	7ffffffff7ff
N???CB?W@oE_Ao@oWC?	46	3fffffffffff
N???CB?W@oE_Ao@oIC?	46	3fffffffffff
N???CB?W@oE_Ao@oWA?	46	3fffffffffff
N???CB?W@oE_Ac@oPO?	46	3fffffffffff
N???CB?W@oE_Ac@oWG?	46	7ffffffdffff
N???CB?W@oE_Ac@oPC?	46	7ffffffdffff
N???CB?W@oE_Ac@oOc?	46	3fffffffffff
N???CB?W@oE_Ac@oOS?	46	3fffffffffff
N???CB?W@oE_Ac@oGK?	46	7fffffff7fff
N???CB?W@oE_?sB_B_?	46	2ffdeff7fe70fccc
N???CB?W@oE_?sB_WG?	46	fffffffff7fe
N???CB?W@oE_?sB_GW?	46	7ffffffff7ff
N???CB?W@oE_?sB_PC?	46	3fffffffffff
N???CB?W@oE_?sB_OS?	46	7ffffffff7ff
N???CB?W@oE_?sB_OK?	46	fffffffdf7ff
N???CB?W@oE_?sB_GK?	46	fffffffdf7ff
N???CB?W@oCoF?CoWC?	46	3fffffffffff
N???CB?W@oCoF?CoGK?	46	3fffffffffff
N???CB?W@oCoF?CoOE?	46	3fffffffffff
N???CB?W@oCoF?Co@E?	46	3fffffffffff
N???CB?W@oCoF?Co?M?	46	3fffffffffff
N???CB?W@oCoF?@oWC?	46	3fffffffffff
N???CB?W@oCoF?@oGK?	46	3fffffffffff
N???CB?W@oCoF?@o?Y?	46	3ffffffffffcc
N???CB?W@oCoF?@oOE?	46	3fffffffffff
N???CB?W@oCoSOB_@K?	46	3fffffffffff
N???CB?W@oCoSOB_?k?	46	3fffffffffff
N???CB?W@oCoSOB_?M?	46	7ffffffdffff
N???CB?W@oCoEO@oWC?	46	3fffffffffff
N???CB?W@oCoEO@oWA?	46	3fffffffffff
N???CB?W@oCoDOAoWC?	46	3fffffffffff
N???CB?W@oCoDOAoWA?	46	3fffffffffff
N???CB?W@oCoEC@oWG?	46	7ffffffdffff
N???CB?W@oCoEC@oBG?	46	3ffffffffffcc
N???CB?W@oCoEC@o?w?	46	3ffffffffffcc
N???CB?W@oCoEC@oOc?	46	3fffffffffff
N???CB?W@oCoEC@oGK?	46	7fffffff7fff
N???CB?W@oCoDCAoWG?	46	7ffffffeffff
N???CB?W@oCoDCAoQC?	46	7ffffffeffff
N???CB?W@oCoDCAoPC?	46	3fffffffffff
N???CB?W@oCoDCAoGK?	46	7ffffffffeff
N???CB?W@oCoCSB_WG?	46	7ffffffff7ff
N???CB?W@oCoCSB_IG?	46	7ffffffff7ff
N???CB?W@oCoCSB_QC?	46	7ffffffff7ff
N???CB?W@oCoCSB_PC?	46	3fffffffffff
N???CB?W@oCoCSB_Oc?	46	3fffffffffff
N???CB?W@oCoCSB_OK?	46	7ffffffdffff
N???CB?W@oCoCSB_GK?	46	7ffffffdffff
N???CB?W@oEGD_B_WC?	46	7ffffffffffe
N???CB?W@oEGD_B_PC?	46	3fffffffffff
N???CB?W@oEGD_B_HC?	46	3fffffffffff
N???CB?W@oEGD_B_GK?	46	7ffffffff7ff
N???CB?W@oEGD_B_OI?	46	7ffffffff7ff
N???CB?W@oEGD_B_GI?	46	7ffffffff7ff
N???CB?W@oEGD_B_@I?	46	3ffffffffffcc
N???CB?W@oEGD_B_GE?	46	7ffffffff7ff
N???CB?W@oEG@oB_WC?	46	7ffffffff7ff
N???CB?W@oEG@oB_IC?	46	7ffffffff7ff
N???CB?W@oEG@oB_HC?	46	3fffffffffff
N???CB?W@oEG@oB_Gc?	46	3fffffffffff
N???CB?W@oEG@oB_WA?	46	7ffffffff7ff
N???CB?W@oEG@oB_QA?	46	7ffffffff7ff
N???CB?W@oEG@oB_OE?	46	7ffffffdffff
N???CB?W@oEG@oB_GE?	46	7ffffffdffff
N???CB?W@oCgCoB_WC?	46	7ffffffff7ff
N???CB?W@oCgCoB_IC?	46	7ffffffff7ff
N???CB?W@oCgCoB_HC?	46	3fffffffffff
N???CB?W@oCgCoB_Gc?	46	3fffffffffff
N???CB?W@oCgCoB_WA?	46	7ffffffff7ff
N???CB?W@oCgCoB_Oa?	46	3fffffffffff
N???CB?KAQL?B_D_E_?	46	3ffff7dfdf7ff
N???CB?KAQL?B_D_EG?	46	3fffffffffff
N???CB?KAQL?B_D_QC?	46	3fffffffffff
N???CB?KAQL?B_D_EC?	46	3fffffffffff
N???CB?KAQL?B_D_OK?	46	ffffffffff74c
N???CB?KAQL?B_D_CK?	46	ffffffffff74c
N???CB?KAQL?B_D_AK?	46	3fffffffffff
N???CB?KAQL?B_D_?k?	46	1ffffffffb7fe
N???CB?KAQL?B_D_?M?	46	7ffffffdffff
N???CB?KAQK_c_B_F??	46	3fffffffffff
N???CB?KAQK_c_B_E_?	46	3fffffffffff
N???CB?KAQK_c_B_EO?	46	3fffffffffff
N???CB?KAQK_c_B_EG?	46	7ffffffffffe
N???CB?KAQK_c_B_EC?	46	7ffffffffffe
N???CB?KAQK_c_B_?k?	46	3ffffffffffcc
N???CB?KAQK_c_B_?[?	46	3ffffffffffcc
N???CB?KAQK_K_B_R??	46	3fffffffffff
N???CB?KAQK_K_B_QG?	46	7ffffffffffe
N???CB?KAQK_K_B_BG?	46	3fffffffffff
N???CB?KAQK_K_B_Ag?	46	3fffffffffff
N???CB?KAQK_K_B_QC?	46	7ffffffffffe
N???CB?KAQK_K_B_BC?	46	3fffffffffff
N???CB?KAQK_K_B_@K?	46	7fffffffff7f
N???CB?KAQK_K_B_?k?	46	3fffffffffff
N???CB?KAQK_K_B_?i?	46	3fffffffffff
N???CB?KAQK_CoB_F??	46	3fffffffffff
N???CB?KAQK_CoB_E_?	46	3fffffffffff
N???CB?KAQK_CoB_Oc?	46	3ffffffffffcc
N???CB?KAQK_CoB_PA?	46	3fffffffffff
N???CB?KAQK_CoB_OE?	46	7ffffffdffff
N???C@_EB_[?B_@o@o?	46	3faeffff75e937d2
N???C@_EB_[?B_@o?w?	46	3faeffff75e937d2
N???C@_EB_[?B_@oBC?	46	ffffffff0e7ff
N???C@_EB_[?B_@o@K?	46	3fffffffffff
N???C@_EB_[?B_@o@I?	46	3ffffffffffcc
N???C@_EB_[?B_@o?i?	46	3ffffffffffcc
N???C@_EB_[?B_@o@E?	46	fffffbbfce7ff
N???C@_EE@U?@oB_J??	46	7ffffffff7ff
N???C@_EE@U?@oB_F??	46	7ffffffff7ff
N???C@_EE@U?@oB_K_?	46	3ffffffffffcc
N???C@_EE@U?@oB_B_?	46	3fffffffffff
N???C@_EE@U?@oB_BG?	46	3fffffffffff
N???C@_EE@U?@oB_?w?	46	7ffde7ffff77f
N???C@_EE@M?B_@oR??	46	7ffffffff7ff
N???C@_EE@M?B_@oF??	46	ffffffff0e7ff
N???C@_EE@M?B_@o@o?	46	3ffe7f8f6b7ef07b
N???C@_EE@M?B_@oDG?	46	3fffffffffff
N???C@_EE@M?B_@oQA?	46	fffffbbfce7ff
N???C@_EE@M?B_@oDA?	46	fffffbbfce7ff
N???C@_EE@R?H_@oIG?	46	7fffffffff7f
N???C@_EE@R?H_@oGI?	46	7fffffff7fff
N???C@_EE@J?H_@oR??	46	fbffbfffff77c
N???C@_EE@J?H_@oQG?	46	7fffffffff7f
N???C@_EE@J?H_@oEG?	46	3fffffffffff
N???C@_EE@J?H_@oBG?	46	fffffffff7fb
N???C@_EE@J?H_@oCa?	46	3fffffffffff
N???C@_EE@J?H_@oOI?	46	7fffffff7fff
N???C@_EE@J?H_@oCI?	46	3fffffffffff
N???C@_EE@K_D_AoR??	46	3fffffffffff
N???C@_EE@K_D_AoF??	46	3fffffffffff
N???C@_EE@K_D_AoD_?	46	3fffffffffff
N???C@_EE@K_D_AoSO?	46	3ffffffffffcc
N???C@_EE@K_D_AoBO?	46	3ffe7f8f6b7ef07b
N???C@_EE@K_D_AoBG?	46	3fffffffff87f
N???C@_EE@K_D_AoCg?	46	7ffffffffb77c
N???C@_EE@K_D_AoOW?	46	3fdffffffb7fe
N???C@_EE@K_D_AoQA?	46	7ffffffeffff
N???C@_EE@K_D_AoEA?	46	fffffffef7ff
N???C@_EE@K_D_AoDA?	46	7ffffffff7ff
N???C@_EE@K_D_AoBA?	46	3ffdbf739b7ee87d
N???C@_EE@K_D_AoCa?	46	fffffffdf7ff
N???C@_EE@K_D_AoCQ?	46	3fffffffffff
N???C@_EE@K_D_Ao@Q?	46	3fefebfbbba64b7e
N???C@_EE@K_D_AoOI?	46	fffffffeefff
N???C@_EE@K_@oE_R??	46	3fffffffd77fd
N???C@_EE@K_@oE_F??	46	3ffffffffe7f9
N???C@_EE@K_@oE_B_?	46	7ffbfef7ef7ff
N???C@_EE@K_@oE_EO?	46	7fffffffff7f
N???C@_EE@K_@oE_BG?	46	7ffbffffff87f
N???C@_EE@K_@oE_QA?	46	3fffffffcfefb
N???C@_EE@K_@oE_CQ?	46	7fffffff7fff
N???C@_EE@Q_H_AoJ??	46	7ffffffffffe
N???C@_EE@Q_H_AoF??	46	3fffffffffff
N???C@_EE@Q_H_AoBO?	46	3fffffffffff
N???C@_EE@Q_H_AoBG?	46	fffffffdf7ff
N???C@_EE@Q_H_AoGg?	46	1ffffffffb7fe
N???C@_EE@Q_H_AoGW?	46	1ffffffffb7fe
N???C@_EE@Q_H_AoKA?	46	7ffffffeffff
N???C@_EE@Q_H_AoDA?	46	3fffffffffff
N???C@_EE@Q_H_Ao@a?	46	3fffffffffff
N???C@_EE@Q_GoB_J??	46	7fffffffff7f
N???C@_EE@Q_GoB_F??	46	3fffffffffff
N???C@_EE@Q_GoB_K_?	46	3ffffffffffcc
N???C@_EE@Q_GoB_BO?	46	7ffffffffffd
N???C@_EE@Q_GoB_KG?	46	ffffffffff74c
N???C@_EE@Q_GoB_BG?	46	3fffffffffff
N???C@_EE@Q_GoB_Gg?	46	1ffffffffb7fe
N???C@_EE@Q_GoB_DA?	46	3fffffffffff
N???C@_EE@Q_GoB_GI?	46	7ffffffdffff
N???C@_EE@Q_@oI_J??	46	7ffffffff7ff
N???C@_EE@Q_@oI_F??	46	7ffffffff7ff
N???C@_EE@Q_@oI_K_?	46	3ffffffffffcc
N???C@_EE@Q_@oI_KO?	46	3ffffffffffcc
N???C@_EE@Q_@oI_BO?	46	3fffffffffff
N???C@_EE@Q_@oI_BG?	46	3fffffffffff
N???C@_EE@Q_@oI_?w?	46	7ff9f7ffff77f
N???C@_EE@Q_@oI_@a?	46	3fffffffffff
N???C@_EE@Q_@oI_GI?	46	7ffffffffeff
N???C@_EE@I_I_@oR??	46	7ffffffff7ff
N???C@_EE@I_I_@oF??	46	ffffffffe7ff
N???C@_EE@I_I_@oE_?	46	3fffffffffff
N???C@_EE@I_I_@oB_?	46	3fffffffffff
N???C@_EE@I_I_@oBO?	46	3fffffffffff
N???C@_EE@I_I_@oAo?	46	3fffffffffff
N???C@_EE@I_I_@oQA?	46	fffffffdfffd
N???C@_EE@I_I_@oPA?	46	7ffffffdffff
N???C@_EE@I_I_@oCQ?	46	3fffffffffff
N???C@_EE@I_I_@oOI?	46	7ffffffffeff
N???C@_EE@I_H_AoR??	46	7ffffffffffe
N???C@_EE@I_H_AoF??	46	3fffffffffff
N???C@_EE@I_H_AoS_?	46	ffffffffff74c
N???C@_EE@I_H_AoE_?	46	3ffffffffe67f
N???C@_EE@I_H_AoB_?	46	3fffffffffff
N???C@_EE@I_H_AoBO?	46	3fffffffffff
N???C@_EE@I_H_AoBG?	46	7ffffffff7ff
N???C@_EE@I_H_AoOg?	46	1ffffffffb7fe
N???C@_EE@I_H_AoCg?	46	1ffffffffb7fe
N???C@_EE@I_H_AoOW?	46	1ffffffffb7fe
N???C@_EE@I_H_AoCW?	46	1ffffffffb7fe
N???C@_EE@I_H_AoQA?	46	fffffffeff7f
N???C@_EE@I_H_AoPA?	46	7fffffffff7f
N???C@_EE@I_H_AoCQ?	46	3fffffffffff
N???C@_EE@I_H_Ao@Q?	46	3fffffffffff
N???C@_EE@I_H_AoCI?	46	3fffffffffff
N???C@_EE@I_B_GoR??	46	7fffffffff7f
N???C@_EE@I_B_GoF??	46	3fffffffffff
N???C@_EE@I_B_GoE_?	46	3fffffffffff
N???C@_EE@I_B_GoB_?	46	3ffffffffe7f9
N???C@_EE@I_B_GoBO?	46	7ffffffffffd
N???C@_EE@I_B_GoSG?	46	ffffffffff74c
N???C@_EE@I_B_GoOg?	46	1ffffffffb7fe
N???C@_EE@I_B_GoOI?	46	7ffffffdffff
N???C@_EE@GoL?AoR??	46	3fffffffffff
N???C@_EE@GoL?AoF??	46	3fffffffffff
N???C@_EE@GoL?AoD_?	46	3fffffffffff
N???C@_EE@GoL?AoB_?	46	3fffffffffff
N???C@_EE@GoL?AoCo?	46	1ffffffffb7fe
N???C@_EE@GoL?AoBG?	46	3fffffffffff
N???C@_EE@GoL?AoQA?	46	7ffffffeffff
N???C@_EE@GoL?AoPA?	46	7ffffffffffe
N???C@_EE@GoL?AoBA?	46	3fffffffffff
N???C@_EE@GoL?AoCQ?	46	3fffffffffff
N???C@_EE@GoL?AoOI?	46	7ffffffffffd
N???C@_EE@GoL?AoCI?	46	3fffffffffff
N???C@_EE@GoH_EOF??	46	2ffeffffffefb
N???C@_EE@GoD_IOR??	46	3fffffffffff
N???C@_EE@GoD_IOF??	46	3fffffffffff
N???C@_EE@GoD_IOB_?	46	7ffffffffffd
N???C@_EE@GoD_IO@o?	46	7ffffffffffd
N???C@_EE@GoD_IOSG?	46	ffffffffff74c
N???C@_EE@GoD_IOBG?	46	7ffffffffffb
N???C@_EE@GoD_IOQA?	46	7ffffffffffb
N???C@_EE@GoHOE_R??	46	7ffffffffffd
N???C@_EE@GoHOE_F??	46	3fffffffffff
N???C@_EE@GoHOE_B_?	46	7ffffffffffd
N???C@_EE@GoHOE_EO?	46	3fffffffffff
N???C@_EE@GoHOE_BG?	46	3fffffffffff
N???C@_EE@GoHOE_CQ?	46	3fffffffffff
N???C@_EE@Go@oM?R??	46	7ffffffff7ff
N???C@_EE@Go@oM?B_?	46	3fffffffffff
N???C@_EE@Go@oM?EG?	46	3fffffffffff
N???C@_EE@Go@oM?BG?	46	7ffffffffffb
N???C@_EE@Go@oM?QA?	46	7ffffffdffff
N???C@_EE@Go@oM?CI?	46	3fffffffffff
N???C@_EE@CoM?@oR??	46	ffffffff77ff
N???C@_EE@CoM?@oJ??	46	ffffffff0e7ff
N???C@_EE@CoM?@oI_?	46	3fffffffffff
N???C@_EE@CoM?@oAo?	46	3ffffef7ef7ff
N???C@_EE@CoM?@oIG?	46	3fffffffffff
N???C@_EE@CoM?@oBG?	46	7ffffffffffb
N???C@_EE@CoM?@oGa?	46	3fffffffffff
N???C@_EE@CoM?@o?q?	46	3ffffbbfeefff
N???C@_EE@CoM?@oGI?	46	3fffffffffff
N???C@_EE@CoM?@oAI?	46	7ffffffffffe
N???C@_EE@CoD_BOR??	46	3fffffffffff
N???C@_EE@CoD_BOJ??	46	3fffffffffff
N???C@_EE@CoD_BOF??	46	3ffffef7ef7ff
N???C@_EE@CoD_BOQO?	46	3fffffffffff
N???C@_EE@CoD_BOBO?	46	3ffe7f8f6b7ef07b
N???C@_EE@CoD_BOWG?	46	1ffffffffb7fe
N???C@_EE@CoD_BOKG?	46	1ffffffffb7fe
N???C@_EE@CoD_BOBG?	46	3fffffffff87f
N???C@_EE@CoD_BOCW?	46	3ffdf7ffff77f
N???C@_EE@CoD_BO@W?	46	3fffffffff87f
N???C@_EE@CoD_BOKA?	46	3fffffffffff
N???C@_EE@CoD_BOQA?	46	3fffffffffff
N???C@_EE@CoD_BOHA?	46	3fffffffffff
N???C@_EE@CoD_BOBA?	46	3ffdbf739b7ee87d
N???C@_EE@CoD_BOAQ?	46	3ffdbf739b7ee87d
N???C@_EE@CoD_BOAI?	46	3fffffffff87f
N???C@_EE@CoD_BO@I?	46	3fffffffff87f
N???C@_EE@CoKOB_R??	46	3fffffffffff
N???C@_EE@CoKOB_J??	46	3fffffffffff
N???C@_EE@CoKOB_B_?	46	3ffffef7ef7ff
N???C@_EE@CoKOB_Go?	46	3fdffffffb7fe
N???C@_EE@CoKOB_BG?	46	3fffffffffff
N???C@_EE@CoKOB_Gg?	46	1ffffffffb7fe
N???C@_EE@CoKOB_?w?	46	3ffdf7ffff77f
N???C@_EE@CoKOB_QA?	46	7ffffffff7ff
N???C@_EE@CoKOB_PA?	46	3fffffffffff
N???C@_EE@CoKOB_Ga?	46	3fffffffffff
N???C@_EE@CoKOB_AI?	46	7ffffffdffff
N???C@_EE@CoKOB_@I?	46	3fffffffffff
N???C@_EE@Co@oF?M??	46	3fffffffffff
N???C@_EE@Co@oF?R??	46	fffffffd7fff
N???C@_EE@Co@oF?J??	46	ffffffffeffb
N???C@_EE@Co@oF?BO?	46	3ffe7f8f6b7ef07b
N???C@_EE@Co@oF?BG?	46	3fffffffff87f
N???C@_EE@Co@oF?AW?	46	3fffffffff87f
N???C@_EE@Co@oF?KA?	46	3fffffffffff
N???C@_EE@Co@oF?QA?	46	fffffffdfeff
N???C@_EE@Co@oF?CQ?	46	3ffffbbfeefff
N???C@_EE@Co@oF??Y?	46	3fffffffff87f
N???C@_EE@AoEOH_X??	46	7ffffffffffe
N???C@_EE@AoEOH_T??	46	3fffffffffff
N???C@_EE@AoEOH_L??	46	3fffffffffff
N???C@_EE@AoEOH_P_?	46	3fffffffffff
N???C@_EE@AoEOH_H_?	46	3fffffffffff
N???C@_EE@AoEOH_Oo?	46	3fffffffffff
N???C@_EE@AoEOH_@o?	46	3ffe7f8f6b7ef07b
N???C@_EE@AoEOH_KG?	46	7fffffffff7f
N???C@_EE@AoEOH_?w?	46	3fffffffff87f
N???C@_EE@AoEOH_WA?	46	7fffffffff7f
N???C@_EE@AoEOH_SA?	46	3fffffffffff
N???C@_EE@AoEOH_Oa?	46	3fffffffffff
N???C@_EE@AoEOH_@a?	46	3ffdbf739b7ee87d
N???C@_EE@AoEOH_?q?	46	3ffdbf739b7ee87d
N???C@_EE@AoEOH_GI?	46	7ffffffeffff
N???C@_EE@AoEOH_CI?	46	3fffffffffff
N???C@_EE@QGH_B_F??	46	3fffffffffff
N???C@_EE@QGH_B_B_?	46	3ffffef7ef7ff
N???C@_EE@QGH_B_HG?	46	7fffffffff7f
N???C@_EE@QGH_B_BG?	46	fffffbbfce7ff
N???C@_EE@QGH_B_Gg?	46	1ffffffffb7fe
N???C@_EE@IGH_B_R??	46	7ffffffffffe
N???C@_EE@IGH_B_F??	46	3fffffffffff
N???C@_EE@IGH_B_B_?	46	3fffffffffff
N???C@_EE@IGH_B_Co?	46	3fdffffffb7fe
N???C@_EE@IGH_B_PG?	46	7fffffffff7f
N???C@_EE@IGH_B_BG?	46	7ffffffff7ff
N???C@_EE@IGH_B_Og?	46	1ffffffffb7fe
N???C@_EE@IGH_B_Cg?	46	1ffffffffb7fe
N???C@_EE@IGH_B_QA?	46	ffffffffff74c
N???C@_EE@IGH_B_PA?	46	7fffffffff7f
N???C@_EE@IGH_B_BA?	46	7ffffffff7ff
N???C@_EE@IGH_B_Ca?	46	3fffffffffff
N???C@_EE@IGH_B_Aa?	46	3fffffffffff
N???C@_EE@OgK_B_F??	46	3ffffffffffd2
N???C@_EE@OgK_B_KO?	46	3ffffffffffcc
N???C@_EE@OgK_B_KA?	46	fffffffff7fd
N???C@_EE@OgK_B_DA?	46	3effffffffb7e
N???C@_EE@OgH_E_J??	46	3ffffffff7efc
N???C@_EE@OgH_E_F??	46	3ffffffffffd2
N???C@_EE@OgH_E_EA?	46	3effffffffb7e
N???C@_EE@GgK_B_R??	46	3fffffffffff
N???C@_EE@GgK_B_F??	46	3fffffffffff
N???C@_EE@GgK_B_B_?	46	3fffffffffff
N???C@_EE@GgK_B_BO?	46	1ffffffffb7fe
N???C@_EE@GgK_B_Cg?	46	7ffffffffb77c
N???C@_EE@GgK_B_BA?	46	1ffffffffcffe
N???C@_EE@GgK_B_Aa?	46	3fffffffffff
N???C@_EE@GgK_B_CQ?	46	3fffffffffff
N???C@_EE@GgH_E_R??	46	fffffffffffc
N???C@_EE@GgH_E_F??	46	3fffffffffff
N???C@_EE@GgH_E_B_?	46	3fffffffffff
N???C@_EE@GgH_E_EO?	46	3fffffffffff
N???C@_EE@GgH_E_BG?	46	fffffffff7fe
N???C@_EE@GgH_E_QA?	46	fffffffffe7f
N???C@_EE@GgH_E_Aa?	46	3fffffffffff
N???C@_EE@GgH_E_CQ?	46	3fffffffffff
N???C@_EE@CgCoB_R??	46	3fffffffffff
N???C@_EE@CgCoB_F??	46	3fffffffffff
N???C@_EE@CgCoB_B_?	46	3fffffffff87f
N???C@_EE@CgCoB_WO?	46	1ffffffffb7fe
N???C@_EE@CgCoB_BO?	46	7ffbffffff87f
N???C@_EE@CgCoB_WA?	46	7ffffffdffff
N???C@_EE@AgAoH_R??	46	fffffffdf7ff
N???C@_EE@AgAoH_J??	46	7ffffffff7ff
N???C@_EE@AgAoH_F??	46	3fffffffffff
N???C@_EE@?wKOB_R??	46	3fffffffffff
N???C@_EE@?wKOB_B_?	46	3fffffffff87f
N???C@_EE@?wEOH_Y??	46	7fffffffff7f
N???C@_EE@?wEOH_R??	46	fffffbbfce7ff
N???C@_EE@?wDOI_R??	46	3fffffffffff
N???C@_EE@?wDOI_F??	46	3fffffffffff
N???C@_EE@?wDOI_BO?	46	3fffffffff87f
N???C@_EE@CID_B_M??	46	7ffffffff7ff
N???C@_EE@CID_B_R??	46	7ffffffffffb
N???C@_EE@CID_B_BG?	46	3fffffffff87f
N???C@_EE@AIH_B_M??	46	7ffffffff7ff
N???C@_EE@AIH_B_K_?	46	2ffdeff7fe70fccc
N???C@_E?L[?e?@oBG?	46	fffffffdfffb
N???C@_E?L[?U?@oR??	46	7ffffffff7ff
N???C@_E?L[?U?@oF??	46	ffffffff0e7ff
N???C@_E?L[?U?@oB_?	46	3fffffffffff
N???C@_E?L[?U?@oAo?	46	3fffffffffff
N???C@_E?L[?U?@oEG?	46	3fffffffffff
N???C@_E?L[?U?@oBG?	46	7ffffffffffb
N???C@_E?L[?U?@oCa?	46	3fffffffffff
N???C@_E?L[?U?@o?q?	46	3fffffffffff
N???C@_E?L[?U?@oCI?	46	3fffffffffff
N???C@_E?L[?U?@oAI?	46	7ffffffffffe
N???C@_E?L[?d?AoJ??	46	3fffffffffff
N???C@_E?L[?d?AoBO?	46	3fffffffffff
N???C@_E?L[?d?AoBG?	46	7ffffffdffff
N???C@_E?L[?d?AoKA?	46	7ffffffeffff
N???C@_E?L[?cOB_J??	46	3fffffffffff
N???C@_E?L[?cOB_B_?	46	7ffffffffffd
N???C@_E?L[?cOB_KG?	46	ffffffffff74c
N???C@_E?L[?cOB_BG?	46	fffffffdfffb
N???C@_E?L[?SOB_R??	46	3fffffffffff
N???C@_E?L[?SOB_F??	46	3fffffffffff
N???C@_E?L[?SOB_B_?	46	3fffffffffff
N???C@_E?L[?SOB_BG?	46	3fffffffffff
N???C@_E?L[?SOB_Cg?	46	1ffffffffb7fe
N???C@_E?L[?SOB_?w?	46	3ffdf7ffff77f
N???C@_E?L[?SOB_BA?	46	3fffffffffff
N???C@_E?L[?SOB_Ca?	46	3fffffffffff
N???C@_E?L[?SOB_AI?	46	7ffffffdffff
N???C@_E?L[?SOB_@I?	46	3fffffffffff
N???C@_E?L[?POE_R??	46	3fffffffffff
N???C@_E?L[?POE_F??	46	3fffffffffff
N???C@_E?L[?POE_B_?	46	3fffffffffff
N???C@_E?L[?POE_EO?	46	3fffffffffff
N???C@_E?L[?POE_Ao?	46	3fffffffffff
N???C@_E?L[?POE_BG?	46	3fffffffffff
N???C@_E?L[?POE_CQ?	46	3fffffffffff
N???C@_E?L[?POE_?q?	46	3fffffffffff
N???C@_E?LY?i?@oJ??	46	7ffffffff7ff
N???C@_E?LY?i?@oB_?	46	3fffffffffff
N???C@_E?LY?b?GoL??	46	3fffffffffff
N???C@_E?LY?b?GoF??	46	3fffffffffff
N???C@_E?LY?b?GoKG?	46	3ffffffffffcc
N???C@_E?LY?KOB_X??	46	3fffffffffff
N???C@_E?LY?KOB_T??	46	3fffffffffff
N???C@_E?LY?KOB_L??	46	3fffffffffff
N???C@_E?LY?KOB_Oo?	46	3fffffffffff
N???C@_E?LY?KOB_@o?	46	7fffffffefff
N???C@_E?LY?KOB_WA?	46	7ffffffff7ff
N???C@_E?LY?KOB_PA?	46	7ffffffffffb
N???C@_E?LY?KOB_Oa?	46	3fffffffffff
N???C@_E?LY?QOH_T??	46	3fffffffffff
N???C@_E?LY?QOH_F??	46	3fffffffffff
N???C@_E?LY?QOH_B_?	46	3fffffffffff
N???C@_E?LY?QOH_SA?	46	3fffffffffff
N???C@_E?LY?EOH_T??	46	3fffffffffff
N???C@_E?LY?EOH_L??	46	3fffffffffff
N???C@_E?LY?EOH_P_?	46	3fffffffffff
N???C@_E?LY?EOH_Oo?	46	3fffffffffff
N???C@_E?LY?EOH_@o?	46	3fffffffffff
N???C@_E?LY?EOH_KG?	46	3fffffffffff
N???C@_E?LY?EOH_?w?	46	7ffffffffffe
N???C@_E?LY?EOH_SA?	46	3fffffffffff
N???C@_E?LY?EOH_Oa?	46	3fffffffffff
N???C@_E?LY?EOH_?q?	46	3fffffffffff
N???C@_E?LY?EOH_CI?	46	3fffffffffff
N???C@_E?LY?EOH_?i?	46	3fffffffffff
N???C@_E?LY?DOI_X??	46	3fffffffffff
N???C@_E?LY?DOI_T??	46	3fffffffffff
N???C@_E?LY?DOI_L??	46	3fffffffffff
N???C@_E?LY?DOI_P_?	46	3fffffffffff
N???C@_E?LY?DOI_SO?	46	3fffffffffff
N???C@_E?LY?DOI_PO?	46	3fffffffffff
N???C@_E?LY?DOI_WA?	46	7ffffffffffd
N???C@_E?LY?DOI_SA?	46	3fffffffffff
N???C@_E?LY?DOI_PA?	46	3fffffffffff
N???C@_E?LY?DOI_OQ?	46	3fffffffffff
N???C@_E?LM?q?@oR??	46	7ffffffff7ff
N???C@_E?LM?q?@oF??	46	ffffffff0e7ff
N???C@_E?LM?q?@oS_?	46	3ffffffffffcc
N???C@_E?LM?q?@oB_?	46	3fffffffffff
N???C@_E?LM?q?@oOo?	46	1ffffffffb7fe
N???C@_E?LM?q?@oDG?	46	3fffffffffff
N???C@_E?LM?q?@oPA?	46	7ffffffdffff
N???C@_E?LM?q?@oDA?	46	fffffbbfce7ff
N???C@_E?LM?q?@o?q?	46	3fffffffffff
N???C@_E?LM?q?@oCI?	46	3fffffffffff
N???C@_E?LM?q?@oAI?	46	3fffffffffff
N???C@_E?LM?q?@o@I?	46	3fffffffffff
N???C@_E?LM?e?@oL??	46	ffffffff0e7ff
N???C@_E?LM?e?@oOo?	46	7ffffffffffd
N???C@_E?LM?e?@o@o?	46	3fffffffffff
N???C@_E?LM?e?@oHG?	46	3fffffffffff
N???C@_E?LM?e?@o@g?	46	3fffffffffff
N???C@_E?LM?e?@oOa?	46	3fffffffffff
N???C@_E?LM?e?@oGI?	46	3fffffffffff
N???C@_E?LM?p?AoT??	46	3fffffffffff
N???C@_E?LM?p?AoR??	46	3fffffffffff
N???C@_E?LM?p?AoF??	46	3fffffffffff
N???C@_E?LM?p?AoB_?	46	3fffffffffff
N???C@_E?LM?p?AoBO?	46	3fffffffffff
N???C@_E?LM?p?AoSG?	46	3ffffffffffcc
N???C@_E?LM?p?AoDG?	46	3fffffffffff
N???C@_E?LM?p?AoBG?	46	3fffffffffff
N???C@_E?LM?p?AoCW?	46	1ffffffffb7fe
N???C@_E?LM?p?AoAI?	46	3fffffffffff
N???C@_E?LM?d?Ao[??	46	fffffffff77f
N???C@_E?LM?d?AoX??	46	3fffffffffff
N???C@_E?LM?d?AoL??	46	3fffffffffff
N???C@_E?LM?d?AoPO?	46	3fffffffffff
N???C@_E?LM?d?Ao@o?	46	3fffffffffff
N???C@_E?LM?d?AoHG?	46	3fffffffffff
N???C@_E?LM?d?Ao@g?	46	3fffffffffff
N???C@_E?LM?d?Ao@W?	46	3fffffffffff
N???C@_E?LM?d?Ao?w?	46	3fffffffffff
N???C@_E?LM?d?AoOa?	46	7ffffffdffff
N???C@_E?LM?d?AoOQ?	46	3fffffffffff
N???C@_E?LM?d?AoGI?	46	3fffffffffff
N???C@_E?LM?d?Ao?Y?	46	3fffffffffff
N???C@_E?LM?R?_oT??	46	3fffffffffff
N???C@_E?LM?R?_oSG?	46	3ffffffffffcc
N???C@_E?LM?R?_oQA?	46	3fffffffffff
N???C@_E?LM?R?_oPA?	46	3fffffffffff
N???C@_E?LM?F?_oP_?	46	3fffffffffff
N???C@_E?LM?F?_oPO?	46	7ffffffdffff
N???C@_E?LM?F?_oOo?	46	7ffffffffffd
N???C@_E?LM?F?_oPG?	46	7ffffffdffff
N???C@_E?LM?F?_oWA?	46	3fffffffffff
N???C@_E?LM?oOB_T??	46	3fffffffffff
N???C@_E?LM?oOB_R??	46	3fffffffffff
N???C@_E?LM?oOB_S_?	46	3ffffffffffcc
N???C@_E?LM?oOB_SG?	46	ffffffffff74c
N???C@_E?LM?oOB_PA?	46	7ffffffffffb
N???C@_E?LM?cOB_[??	46	fbffbfffff77c
N???C@_E?LM?cOB_X??	46	3fffffffffff
N???C@_E?LM?cOB_P_?	46	7ffffffdffff
N???C@_E?LM?cOB_Oo?	46	7ffffffdffff
N???C@_E?LM?cOB_PG?	46	fffffffdfffb
N???C@_E?LM?cOB_Oa?	46	3fffffffffff
N???C@_E?LJ?k?@oT??	46	7ffffffff7ff
N???C@_E?LJ?k?@oP_?	46	3fffffffffff
N???C@_E?LJ?k?@oD_?	46	3fffffffffff
N???C@_E?LJ?k?@o@o?	46	3fffffffffff
N???C@_E?LJ?k?@oPG?	46	7ffffffffffb
N???C@_E?LJ?k?@oHG?	46	3fffffffffff
N???C@_E?LJ?k?@o@g?	46	3fffffffffff
N???C@_E?LJ?k?@oSA?	46	7ffffffdffff
N???C@_E?LJ?k?@oOa?	46	3fffffffffff
N???C@_E?LJ?k?@oGI?	46	3fffffffffff
N???C@_E?LJ?k?@oCI?	46	3fffffffffff
N???C@_E?LJ?k?@o@I?	46	7ffffffffffe
N???C@_E?LJ?d?Go[??	46	3fffffffffff
N???C@_E?LJ?d?GoX??	46	7fffffffff7f
N???C@_E?LJ?d?GoT??	46	3fffffffffff
N???C@_E?LJ?d?GoP_?	46	7ffffffff7ff
N???C@_E?LJ?d?GoD_?	46	3fffffffffff
N???C@_E?LJ?d?GoWO?	46	3fffffffffff
N???C@_E?LJ?d?GoPO?	46	3fffffffffff
N???C@_E?LJ?d?GoDO?	46	3fffffffffff
N???C@_E?LJ?d?Go@o?	46	3fffffffffff
N???C@_E?LJ?d?GoKG?	46	7fffffffff7f
N???C@_E?LJ?d?GoPG?	46	3fffffffffff
N???C@_E?LJ?d?GoHG?	46	3fffffffffff
N???C@_E?LJ?d?GoDG?	46	3fffffffffff
N???C@_E?LJ?d?Go@g?	46	3fffffffffff
N???C@_E?LJ?d?Go@W?	46	3fffffffffff
N???C@_E?LJ?d?GoOa?	46	7ffffffeffff
N???C@_E?LJ?d?GoOQ?	46	3fffffffffff
N???C@_E?LJ?d?Go@I?	46	3fffffffffff
N???C@_E?LJ?oOH_U??	46	3fffffffffff
N???C@_E?LJ?oOH_SA?	46	3fffffffffff
N???C@_E?LJ?cOH_[??	46	3fffffffffff
N???C@_E?LJ?cOH_T??	46	3fffffffffff
N???C@_E?LJ?cOH_P_?	46	3fffffffffff
N???C@_E?LJ?cOH_Oo?	46	7fbfbffbf7f7f
N???C@_E?LJ?cOH_SA?	46	3fffffffffff
N???C@_E?LW_k?AoB_?	46	3fffffffffff
N???C@_E?LW_k?AoBO?	46	3fffffffffff
N???C@_E?LW_k?AoKG?	46	3ffffffffffcc
N???C@_E?LW_k?AoBG?	46	3fffffffffff
N???C@_E?LW_k?Ao?w?	46	3ffdf7ffff77f
N???C@_E?LW_e?GoBG?	46	fffffffefeff
N???C@_E?LW_U?GoU??	46	3fffffffffff
N???C@_E?LW_U?GoR??	46	7fffffffff7f
N???C@_E?LW_U?GoF??	46	3fffffffffff
N???C@_E?LW_U?GoB_?	46	ffffffffe7ff
N???C@_E?LW_U?GoEO?	46	3fffffffffff
N???C@_E?LW_U?GoBO?	46	3fffffffffff
N???C@_E?LW_U?GoAo?	46	3fffffffffff
N???C@_E?LW_U?GoEG?	46	3fffffffffff
N???C@_E?LW_U?GoBG?	46	3fffffffffff
N???C@_E?LW_U?GoSA?	46	3fffffffffff
N???C@_E?LW_U?GoCa?	46	3fffffffffff
N???C@_E?LW_U?GoCQ?	46	3fffffffffff
N???C@_E?LW_U?Go?q?	46	3fffffffffff
N???C@_E?LW_U?GoCI?	46	3fffffffffff
N???C@_E?LW_U?GoAI?	46	3fffffffffff
N???C@_E?LW_cOI_J??	46	3fffffffffff
N???C@_E?LW_cOI_F??	46	7ffffffffffd
N???C@_E?LW_cOI_KG?	46	3ffffffffffcc
N???C@_E?LW_cOI_BG?	46	fffffffefeff
N???C@_E?LW_SOI_R??	46	3fffffffffff
N???C@_E?LW_SOI_F??	46	3fffffffffff
N???C@_E?LW_SOI_B_?	46	3fffffffffff
N???C@_E?LW_SOI_BO?	46	3fffffffffff
N???C@_E?LW_SOI_Co?	46	3fdffffffb7fe
N???C@_E?LW_SOI_SG?	46	3ffffffffffcc
N???C@_E?LW_SOI_DG?	46	3fffffffffff
N???C@_E?LW_SOI_BG?	46	3fffffffffff
N???C@_E?LW_SOI_CW?	46	1ffffffffb7fe
N???C@_E?LW_SOI_SA?	46	3fffffffffff
N???C@_E?LW_SOI_PA?	46	3fffffffffff
N???C@_E?LW_SOI_BA?	46	3fffffffffff
N???C@_E?LW_SOI_Ca?	46	3fffffffffff
N???C@_E?LW_SOI_?q?	46	3fffffffffff
N???C@_E?LW_SOI_CI?	46	3fffffffffff
N???C@_E?LW_SOI_AI?	46	7fffffffefff
N???C@_E?LW_SOI_@I?	46	3fffffffffff
N???C@_E?LW_HOE_R??	46	3fffffffffff
N???C@_E?LW_HOE_J??	46	3fffffffffff
N???C@_E?LW_HOE_QO?	46	3fffffffffff
N???C@_E?LW_HOE_IO?	46	3fffffffffff
N???C@_E?LW_HOE_QA?	46	3fffffffffff
N???C@_E?LW_HOE_OQ?	46	3fffffffffff
N???C@_E?LK_s?AoR??	46	3fffffffffff
N???C@_E?LK_s?AoF??	46	3fffffffffff
N???C@_E?LK_s?AoS_?	46	ffffffffff74c
N???C@_E?LK_s?AoE_?	46	3ffffffffe67f
N???C@_E?LK_s?AoB_?	46	3fffffffffff
N???C@_E?LK_s?AoBO?	46	3fffffffffff
N???C@_E?LK_s?AoSG?	46	3ffffffffffcc
N???C@_E?LK_s?AoDG?	46	3fffffffffff
N???C@_E?LK_s?AoBG?	46	3fffffffffff
N???C@_E?LK_s?AoQA?	46	7ffffffeffff
N???C@_E?LK_s?AoEA?	46	fffffffef7ff
N???C@_E?LK_s?AoPA?	46	3fffffffffff
N???C@_E?LK_s?AoDA?	46	3fffffffffff
N???C@_E?LK_s?AoBA?	46	3fffffffffff
N???C@_E?LK_s?AoAI?	46	3fffffffffff
N???C@_E?LK_U?_oU??	46	3fffffffffff
N???C@_E?LK_U?_oR??	46	3fff7dfffeeff
N???C@_E?LK_U?_oSA?	46	3fffffffffff
N???C@_E?LK_U?_oQA?	46	1ffffeffff7fd
N???C@_E?LK_d?Ao[??	46	ffffffffff74c
N???C@_E?LK_d?AoM??	46	3ffffffffe67f
N???C@_E?LK_d?AoR??	46	3fffffffffff
N???C@_E?LK_d?AoJ??	46	3fffffffffff
N???C@_E?LK_d?AoPO?	46	3fffffffffff
N???C@_E?LK_d?AoBO?	46	3fffffffffff
N???C@_E?LK_d?AoBG?	46	3fffffffffff
N???C@_E?LK_d?AoAW?	46	3fffffffffff
N???C@_E?LK_d?AoQA?	46	7ffffffdffff
N???C@_E?LK_d?AoPA?	46	3fffffffffff
N???C@_E?LK_d?AoBA?	46	3fffffffffff
N???C@_E?LK_d?AoAI?	46	3fffffffffff
N???C@_E?LK_d?Ao@I?	46	7fffffff7fff
N???C@_E?LK_d?Ao?Y?	46	7fffffff7fff
N???C@_E?LK_F?_oR??	46	3fff7dfffeeff
N???C@_E?LK_F?_oQO?	46	3fffffffffff
N???C@_E?LK_F?_oQA?	46	3ffdf7ffff77f
N???C@_E?LK_F?_oOQ?	46	7ffffffdffff
N???C@_E?LK_o_EOF??	46	2ffeffffffefb
N???C@_E?LK_o_EOB_?	46	2ffeffffffefb
N???C@_E?LK_o_EOBO?	46	2ffeffffffefb
N???C@_E?LK_o_EOEA?	46	3ffffffffffcc
N???C@_E?LK_S_aOT??	46	3bffbffffff7d
N???C@_E?LK_S_aOS_?	46	3defbfffdea94fcc
N???C@_E?LK_S_aOSG?	46	3ffffffffffcc
N???C@_E?LK_S_aOSA?	46	3fffffffffff
N???C@_E?LK_`_EOJ??	46	2ffeffffffefb
N???C@_E?LK_`_EOBO?	46	2ffeffffffefb
N???C@_E?LK_D_aO[??	46	3defbfffdea94fcc
N???C@_E?LK_D_aOPO?	46	3ffdf7ffff77f
N???C@_E?LK_oOE_R??	46	3ffdf7ffff77f
N???C@_E?LK_`OE_R??	46	3ffdf7ffff77f
N???C@_E?LK_`OE_QO?	46	3fffffffffff
N???C@_E?LK_`OE_QA?	46	3ffffffe67fff
N???C@_E?LK_`OE_OQ?	46	3fffffffffff
N???C@_E?LI_w?AoR??	46	3fffffffffff
N???C@_E?LI_w?AoF??	46	3fffffffffff
N???C@_E?LI_w?AoS_?	46	ffffffffff74c
N???C@_E?LI_w?AoE_?	46	3ffffffffe67f
N???C@_E?LI_w?AoB_?	46	3fffffffffff
N???C@_E?LI_w?AoBO?	46	3fffffffffff
N???C@_E?LI_w?AoBG?	46	3fffffffffff
N???C@_E?LI_w?AoCg?	46	1ffffffffb7fe
N???C@_E?LI_w?Ao@g?	46	3fffffffffff
N???C@_E?LI_w?AoCW?	46	1ffffffffb7fe
N???C@_E?LI_w?Ao?w?	46	3ffdf7ffff77f
N???C@_E?LI_w?AoCQ?	46	3fffffffffff
N???C@_E?LI_w?AoCI?	46	3fffffffffff
N???C@_E?LI_k?AoX??	46	3fffffffffff
N???C@_E?LI_k?AoL??	46	3fffffffffff
N???C@_E?LI_k?AoP_?	46	3fffffffffff
N???C@_E?LI_k?AoPO?	46	3fffffffffff
N???C@_E?LI_k?AoOo?	46	3fffffffffff
N???C@_E?LI_k?AoGo?	46	3fffffffffff
N???C@_E?LI_k?Ao@o?	46	3fffffffffff
N???C@_E?LI_k?AoHG?	46	3fffffffffff
N???C@_E?LI_k?AoDG?	46	3fffffffffff
N???C@_E?LI_k?Ao@g?	46	3fffffffffff
N???C@_E?LI_k?Ao@W?	46	3fffffffffff
N???C@_E?LI_k?Ao?w?	46	3fffffffffff
N???C@_E?LI_k?AoSA?	46	7ffffffeffff
N???C@_E?LI_k?AoOQ?	46	3fffffffffff
N???C@_E?LI_k?AoGI?	46	3fffffffffff
N???C@_E?LI_k?AoCI?	46	3fffffffffff
N???C@_E?LI_k?Ao?Y?	46	3fffffffffff
N???C@_E?LI_q?GoU??	46	3fffffffffff
N???C@_E?LI_q?GoR??	46	7fffffffff7f
N???C@_E?LI_q?GoF??	46	3fffffffffff
N???C@_E?LI_q?GoS_?	46	3ffffffffffcc
N???C@_E?LI_q?GoB_?	46	ffffffffe7ff
N???C@_E?LI_q?GoBO?	46	3fffffffffff
N???C@_E?LI_q?GoOo?	46	1ffffffffb7fe
N???C@_E?LI_q?GoCo?	46	3fdffffffb7fe
N???C@_E?LI_q?GoSG?	46	3ffffffffffcc
N???C@_E?LI_q?GoBG?	46	3fffffffffff
N???C@_E?LI_q?GoPA?	46	7fffffff7fff
N???C@_E?LI_q?GoCQ?	46	3fffffffffff
N???C@_E?LI_q?GoCI?	46	3fffffffffff
N???C@_E?LI_q?Go@I?	46	3fffffffffff
N???C@_E?LI_e?Go[??	46	3fffffffffff
N???C@_E?LI_e?GoL??	46	3fffffffffff
N???C@_E?LI_e?GoK_?	46	3effffffffcfe
N???C@_E?LI_e?GoKG?	46	3fffffffffff
N???C@_E?LI_e?GoHG?	46	3fffffffffff
N???C@_E?LI_e?GoDG?	46	3fffffffffff
N???C@_E?LI_e?GoSA?	46	3fffffffffff
N???C@_E?LI_e?GoCI?	46	3fffffffffff
N???C@_E?LI_M?_oT??	46	3fffffffffff
N???C@_E?LI_M?_oPO?	46	3fffffffffff
N???C@_E?LI_M?_oOo?	46	7ffffffffffd
N???C@_E?LI_M?_oPG?	46	3fffffffffff
N???C@_E?LI_M?_oSA?	46	3fffffffffff
N???C@_E?LI_h?AoM??	46	3ffffffffe67f
N???C@_E?LI_h?AoL??	46	3fffffffffff
N???C@_E?LI_h?AoR??	46	3fffffffffff
N???C@_E?LI_h?AoJ??	46	3fffffffffff
N???C@_E?LI_h?AoF??	46	3fffffffffff
N???C@_E?LI_h?AoBO?	46	3fffffffffff
N???C@_E?LI_h?AoHG?	46	3fffffffffff
N???C@_E?LI_h?AoBG?	46	3fffffffffff
N???C@_E?LI_h?AoOW?	46	3ffdf7ffff77f
N???C@_E?LI_h?AoGW?	46	3ffdf7ffff77f
N???C@_E?LI_h?AoAW?	46	3fffffffffff
N???C@_E?LI_h?AoPA?	46	3fffffffffff
N???C@_E?LI_h?AoOQ?	46	3fffffffffff
N???C@_E?LI_h?Ao@I?	46	7fffffff7fff
N???C@_E?LI_h?Ao?Y?	46	3fffffffffff
N???C@_E?LI_J?_oR??	46	3fffffffffff
N???C@_E?LI_J?_oQA?	46	3fffffffffff
N???C@_E?LI_J?_oOQ?	46	7ffffffdffff
N???C@_E?LI_oOI_R??	46	3fffffffffff
N???C@_E?LI_oOI_S_?	46	3ffffffffffcc
N???C@_E?LI_oOI_SO?	46	3ffffffffffcc
N???C@_E?LI_oOI_SA?	46	3fffffffffff
N???C@_E?LI_cOI_[??	46	3fffffffffff
N???C@_E?LI_cOI_X??	46	3fffffffffff
N???C@_E?LI_cOI_T??	46	3fffffffffff
N???C@_E?LI_cOI_PG?	46	fffffffefeff
N???C@_E?LWGk?B_B_?	46	7ffffffffffd
N???C@_E?LWGk?B_KG?	46	ffffffffff74c
N???C@_E?LWGk?B_BG?	46	7ffffffffffb
N???C@_E?LWGk?B_?w?	46	3ffdf7ffff77f
N???C@_E?LWGd?I_J??	46	3fffffffffff
N???C@_E?LWGd?I_F??	46	3fffffffffff
N???C@_E?LWGd?I_BO?	46	3fffffffffff
N???C@_E?LWGd?I_BG?	46	3fffffffffff
N???C@_E?LWGd?I_?w?	46	3ffdf7ffff77f
N???C@_E?LQGq?H_M??	46	7fffffff7fff
N???C@_E?LQGq?H_F??	46	3fffffffffff
N???C@_E?LQGq?H_B_?	46	3fffffffffff
N???C@_E?LQGq?H_?w?	46	7ffde7ffff77f
N???C@_E?LWAM?@oR??	46	fffffffdfffb
N???C@_E?LWAM?@oS_?	46	3fffffffffff
N???C@_E?LWAM?@oK_?	46	3fffffffffff
N???C@_E?LWAM?@oQ_?	46	3fffffffffff
N???C@_E?LWAM?@oCo?	46	7ffffffffffb
N???C@_E?LWAM?@oAo?	46	3fffffffffff
N???C@_E?LWAM?@oKG?	46	3fffffffffff
N???C@_E?LWAM?@oBG?	46	7ffffffffffe
N???C@_E?LWAL?AoL??	46	3fffffffffff
N???C@_E?LWAL?AoJ??	46	3fffffffffff
N???C@_E?LWAL?AoP_?	46	3fffffffffff
N???C@_E?LWAL?AoKO?	46	3fffffffffff
N???C@_E?LWAL?AoQO?	46	3fffffffffff
N???C@_E?LWAL?AoBO?	46	3fffffffffff
N???C@_E?LWAL?AoOo?	46	3fffffffffff
N???C@_E?LWAL?AoGo?	46	3fffffffffff
N???C@_E?LWAL?Ao@o?	46	3fffffffffff
N???C@_E?LWAL?AoKG?	46	3fffffffffff
N???C@_E?LWAL?Ao?w?	46	3fffffffffff
N???C@_E?LWAF?GoM??	46	3fffffffffff
N???C@_E?LWAF?GoR??	46	fffffffefeff
N???C@_E?LWAF?GoS_?	46	3fffffffffff
N???C@_E?LWAF?GoK_?	46	3fffffffffff
N???C@_E?LWAF?GoOo?	46	3fffffffffff
N???C@_E?LWAF?GoGo?	46	3fffffffffff
N???C@_E?LWAF?GoBG?	46	3fffffffffff
N???C@_E?LWAF?Go?w?	46	7ffffffffffe
N???C@_E?LWAH_EOU??	46	3fffffffffff
N???C@_E?LWAH_EOF??	46	3fffffffffff
N???C@_E?LWAH_EOQ_?	46	3fffffffffff
N???C@_E?LWAH_EOB_?	46	3fffffffffff
N???C@_E?LWAH_EOOo?	46	7ffffffdffff
N???C@_E?LWAH_EOKG?	46	3fffffffffff
N???C@_E?LWAD_IOU??	46	3fffffffffff
N???C@_E?LWAD_IOL??	46	7ffffffff7ff
N???C@_E?LWAD_IOJ??	46	3fffffffffff
N???C@_E?LWAD_IOF??	46	3fffffffffff
N???C@_E?LWAD_IOK_?	46	3fffffffffff
N???C@_E?LWAD_IOP_?	46	3fffffffffff
N???C@_E?LWAD_IOOo?	46	7ffffffeffff
N???C@_E?LWAD_IO?w?	46	3fffffffffff
N???C@_E?LKAe?@oB_?	46	3fffffffffff
N???C@_E?LKAe?@oOo?	46	fffffffdfffb
N???C@_E?LKAd?AoB_?	46	3fffffffffff
N???C@_E?LKAF?_oR??	46	7ffffffdffff
N???C@_E?LKAF?_oOo?	46	fffffffdfffb
N???C@_E?LQAY?@o[??	46	7ffffffdffff
N???C@_E?LQAY?@oW_?	46	3fffffffffff
N???C@_E?LQAY?@oB_?	46	3fffffffffff
N???C@_E?LQAY?@oGo?	46	3defbfffdea94fcc
N???C@_E?LQAY?@oAo?	46	7ffffffff7ff
N???C@_E?LQAY?@oKG?	46	3fffffffff87f
N???C@_E?LQAY?@oBG?	46	ffffffff7ffe
N???C@_E?LQAX?Ao[??	46	3fffffffcfefb
N???C@_E?LQAX?AoJ??	46	3fffffffffff
N???C@_E?LQAX?AoB_?	46	3fffffffffff
N???C@_E?LQAX?AoOo?	46	7ffffffdffff
N???C@_E?LQAX?Ao?w?	46	2ffeffffffefb
N???C@_E?LQAR?Go[??	46	3fffffffffff
N???C@_E?LQAR?GoM??	46	3fffffffffff
N???C@_E?LQAR?GoF??	46	3fffffffffff
N???C@_E?LQAR?GoS_?	46	3fffffffffff
N???C@_E?LQAR?GoKO?	46	3ffdbf739b7ee87d
N???C@_E?LQAR?GoKG?	46	3fffffffff87f
N???C@_E?LQAR?GoBG?	46	fffffffffefd
N???C@_E?LIAb?GoY??	46	7fffffff7fff
N???C@_E?LIAb?GoM??	46	fffffffff7fe
N???C@_E?LIAb?GoR??	46	fffffffefeff
N???C@_E?LIAb?GoCo?	46	5ff7fff7efffd
N???C@_E?LIAb?Go@o?	46	3fffffffffff
N???C@_E?LIAb?GoKG?	46	ffffffff7f7f
N???C@_E?LIAb?GoIG?	46	7fffffffff7f
N???C@_E?LIAb?GoBG?	46	3fffffffffff
N???C@_E?LIAb?Go?w?	46	37fffbfffeffb
N???C@_E?LIAJ?_o[??	46	3fffffffffff
N???C@_E?LIAJ?_oY??	46	7ffffffffffe
N???C@_E?LIAJ?_oR??	46	3fffffffffff
N???C@_E?LIAJ?_oOo?	46	fbfffffbe7ff9
N???C@_E?LIA`_IOY??	46	7ffffffffffb
N???C@_E?LIA`_IOM??	46	ffffffffff74c
N???C@_E?LIA`_IOR??	46	7ffffffffffb
N???C@_E?LIA`_IOCo?	46	1ffffff7efffd
N???C@_E?LIA`_IO@o?	46	3fffffffffff
N???C@_E?LIA`_IOKG?	46	7fffffff7fff
N???C@_E?LIA`_IOIG?	46	7fffffff7fff
N???C@_E?LIA`_IOBG?	46	ffffffff7ffe
N???C@_E?LIA`_IO?w?	46	f7fffbfffeefa
N???C@_E?LIAH_aO[??	46	3ffeff7ff7eff
N???C@_E?LIAH_aOOo?	46	3ffdbfe5c7bf06fd
N???C@_E?LIAB_gO[??	46	fffffbbfce7ff
N???C@_E?LIAB_gOY??	46	7ffffffff7ff
N???C@_E?LIAB_gOR??	46	7ffffffffffb
N???C@_E?LIAB_gOOo?	46	3bfffffbf7ffd
N???C@_E?LGak?Ao[??	46	7ffffffeffff
N???C@_E?LGak?AoF??	46	3fffffffffff
N???C@_E?LGak?AoK_?	46	fffffffdf7ff
N???C@_E?LGak?AoOo?	46	3fffffffffff
N???C@_E?LGae?Go[??	46	3fffffffffff
N???C@_E?LGae?GoF??	46	3fffffffffff
N???C@_E?LGae?GoK_?	46	fbffbfffff77c
N???C@_E?LGae?GoKG?	46	7ffffffffffe
N???C@_E?LGae?GoBG?	46	fffffffffefd
N???C@_E?LGaM?_o[??	46	3fffffffffff
N???C@_E?LGaM?_oR??	46	3fffffffffff
N???C@_E?LGaM?_oOo?	46	fffffffff7fb
N???C@_E?LGaK_aO[??	46	3fffffffffff
N???C@_E?LGaK_aOR??	46	fffffffefeff
N???C@_E?LOI[?B_[??	46	fffffffff7fb
N???C@_E?LOI[?B_R??	46	fffffffdfffb
N???C@_E?LOI[?B_QG?	46	fffffffdfffe
N???C@_E?LOIU?H_[??	46	7ffffffffffb
N???C@_E?LOIU?H_Oo?	46	fffeff7fd7e7f
N???C@_E?LOIT?I_[??	46	7ffffffffffb
N???C@_E?LOIT?I_R??	46	fffffffefeff
N???C@_E?LOIT?I_QG?	46	ffffffffef7f
N???EA_E?K[?U?D_Co?	46	3fffffffffff
N???EA_E?K[?U?D_?s?	46	3fffffffffff
N???EA_E?K[?U?D_?d?	46	3fffffffffff
N???EA_E?K[?U?@oB_?	46	3fffffffffff
N???EA_E?K[?U?@o?q?	46	7fffffffefff
N???EA_E?K[?U?@cCo?	46	7ffffffffffb
N???EA_E?K[?U?@c?s?	46	7fffffffefff
N???EA_E?K[?U?@c?d?	46	7ffffffff7ff
N???EA_E?K[?T?E_Co?	46	3fffffffffff
N???EA_E?K[?T?E_@g?	46	3fffffffffff
N???EA_E?K[?T?E_?w?	46	3fffffffffff
N???EA_E?K[?T?E_@c?	46	3fffffffffff
N???EA_E?K[?T?E_@S?	46	3fffffffffff
N???EA_E?K[?T?E_?s?	46	3fffffffffff
N???EA_E?K[?T?E_@E?	46	1ffffffffb7fe
N???EA_E?K[?T?E_?e?	46	3fffffffffff
N???EA_E?K[?T?E_?U?	46	3fffffffffff
N???EA_E?K[?T?E_C`?	46	3fffffffffff
N???EA_E?K[?T?E_CP?	46	3fffffffffff
N???EA_E?K[?T?E_@H?	46	3fffffffffff
N???EA_E?K[?T?E_@D?	46	3fffffffffff
N???EA_E?K[?T?E_?d?	46	3fffffffffff
N???EA_E?K[?T?E_?T?	46	3fffffffffff
N???EA_E?K[?T?AoF??	46	3ffffffffffcc
N???EA_E?K[?T?AoB_?	46	3fffffffffff
N???EA_E?K[?T?Ao?q?	46	3fffffffffff
N???EA_E?K[?T?Ag@a?	46	3fffffffffff
N???EA_E?K[?T?Ag?q?	46	3fffffffffff
N???EA_E?K[?SOB_Co?	46	3faeffff75e937d2
N???EA_E?K[?KOB_Go?	46	3faeffff75e937d2
N???EA_E?KY?Y?H_?s?	46	3ffffffffffd2
N???EA_E?KY?Y?B_Co?	46	3fffffffffff
N???EA_E?KY?Y?B_Ao?	46	3fffffffffff
N???EA_E?KY?Y?B_?s?	46	3fffffffffff
N???EA_E?KY?Y?B_?k?	46	3fffffffffff
N???EA_E?KY?Y?B_Ca?	46	3fffffffffff
N???EA_E?KY?Y?B_Aa?	46	3fffffffffff
N???EA_E?KY?Y?B_?q?	46	3fffffffffff
N???EA_E?KY?Y?B_?e?	46	3fffffffffff
N???EA_E?KY?Y?B_A`?	46	3fffffffffff
N???EA_E?KY?Y?B_AH?	46	3fffffffffff
N???EA_E?KY?Y?B_?d?	46	3fffffffffff
N???EA_E?KY?Y?B_?L?	46	3fffffffffff
N???EA_E?KY?Y?B_CB?	46	3fffffffffff
N???EA_E?KY?Y?B_AB?	46	3fffffffffff
N???EA_E?KY?Y?B_?J?	46	3fffffffffff
N???EA_E?KY?Y?B_?F?	46	3fffffffffff
N???EA_E?KY?Y?@oE_?	46	3fffffffffff
N???EA_E?KY?Y?@oD_?	46	3fffffffffff
N???EA_E?KY?Y?@oB_?	46	3fffffffffff
N???EA_E?KY?Y?@oCo?	46	3ffffffffffd2
N???EA_E?KY?Y?@oAo?	46	3fffffffffff
N???EA_E?KY?Y?@o@o?	46	3fffffffffff
N???EA_E?KY?Y?@o@c?	46	3fffffffffff
N???EA_E?KY?Y?@o?s?	46	1ffffffffcffe
N???EA_E?KY?Y?@o@a?	46	3fffffffffff
N???EA_E?KY?Y?@oB@?	46	3fffffffffff
N???EA_E?KY?Y?@oC`?	46	3ffffffffffcc
N???EA_E?KY?Y?@o@D?	46	3fffffffffff
N???EA_E?KY?Y?@o@B?	46	3fffffffffff
N???EA_E?KY?Y?@cB_?	46	3fffffffffff
N???EA_E?KY?Y?@cCo?	46	7ffffffffffb
N???EA_E?KY?Y?@c?w?	46	7fffffffefff
N???EA_E?KY?Y?@c?s?	46	7fffffffefff
N???EA_E?KY?Y?@cB@?	46	3fffffffffff
N???EA_E?KY?Y?@cC`?	46	7ffffffffffe
N???EA_E?KY?M?H_@o?	46	3fffffffffff
N???EA_E?KY?M?H_?w?	46	7ffffffffeff
N???EA_E?KY?M?H_?s?	46	3fffffffffff
N???EA_E?KY?M?H_?q?	46	3fffffffffff
N???EA_E?KY?X?I_BG?	46	3ffffffffffcc
N???EA_E?KY?X?I_?w?	46	3ffffffffffd2
N???EA_E?KY?X?E_CW?	46	3fffffffffff
N???EA_E?KY?X?E_?w?	46	3fffffffffff
N???EA_E?KY?X?E_?s?	46	3fffffffffff
N???EA_E?KY?X?E_@K?	46	1ffffffffb7fe
N???EA_E?KY?X?E_DA?	46	3ffffffffffcc
N???EA_E?KY?X?E_CQ?	46	3fffffffffff
N???EA_E?KY?X?E_?q?	46	3fffffffffff
N???EA_E?KY?X?E_CI?	46	1ffffffffb7fe
N???EA_E?KY?X?E_?M?	46	3ffdf7ffff77f
N???EA_E?KY?X?E_CP?	46	3fffffffffff
N???EA_E?KY?X?E_@P?	46	3fffffffffff
N???EA_E?KY?X?E_@H?	46	3fffffffffff
N???EA_E?KY?X?E_CB?	46	3fffffffffff
N???EA_E?KY?X?E_?b?	46	3fffffffffff
N???EA_E?KY?X?E_?R?	46	3fffffffffff
N???EA_E?KY?X?B_F??	46	3fffffffffff
N???EA_E?KY?X?B_BO?	46	3fffffffffff
N???EA_E?KY?X?B_DG?	46	3fffffffffff
N???EA_E?KY?X?B_BG?	46	3fffffffffff
N???EA_E?KY?X?B_CW?	46	3ffffffffffd2
N???EA_E?KY?X?B_AW?	46	3fffffffffff
N???EA_E?KY?X?B_@S?	46	3fffffffffff
N???EA_E?KY?X?B_?[?	46	1ffffffffcffe
N???EA_E?KY?X?B_EA?	46	3fffffffffff
N???EA_E?KY?X?B_DA?	46	3fffffffffff
N???EA_E?KY?X?B_BA?	46	3fffffffffff
N???EA_E?KY?X?B_AQ?	46	3fffffffffff
N???EA_E?KY?X?B_CI?	46	3fffffffffff
N???EA_E?KY?X?B_?Y?	46	3fffffffffff
N???EA_E?KY?X?B_@E?	46	3fffffffffff
N???EA_E?KY?X?B_?U?	46	3fffffffffff
N???EA_E?KY?X?B_B@?	46	3fffffffffff
N???EA_E?KY?X?B_AP?	46	3fffffffffff
N???EA_E?KY?X?B_CH?	46	3ffffffffffcc
N???EA_E?KY?X?B_?T?	46	1ffffffffb7fe
N???EA_E?KY?X?B_?L?	46	1ffffffffb7fe
N???EA_E?KY?X?B_AB?	46	3fffffffffff
N???EA_E?KY?X?B_?J?	46	3fffffffffff
N???EA_E?KY?X?B_?F?	46	3fffffffffff
N???EA_E?KY?X?AoF??	46	3ffffffffffcc
N???EA_E?KY?X?AoE_?	46	3fffffffffff
N???EA_E?KY?X?AoD_?	46	3fffffffffff
N???EA_E?KY?X?AoB_?	46	3fffffffffff
N???EA_E?KY?X?AoEO?	46	3fffffffffff
N???EA_E?KY?X?AoDO?	46	3fffffffffff
N???EA_E?KY?X?AoBO?	46	3fffffffffff
N???EA_E?KY?X?AoCo?	46	3ffffffffffd2
N???EA_E?KY?X?AoAo?	46	3fffffffffff
N???EA_E?KY?X?Ao@o?	46	3fffffffffff
N???EA_E?KY?X?AoBC?	46	1ffffffffb7fe
N???EA_E?KY?X?Ao?s?	46	1ffffffffcffe
N???EA_E?KY?X?AoEA?	46	1ffffffffb7fe
N???EA_E?KY?X?AoDA?	46	1ffffffffb7fe
N???EA_E?KY?X?Ao?q?	46	3fffffffffff
N???EA_E?KY?X?AoAE?	46	3ffdf7ffff77f
N???EA_E?KY?X?Ao@E?	46	3ffdf7ffff77f
N???EA_E?KY?X?AoB@?	46	3fffffffffff
N???EA_E?KY?X?AoC`?	46	3ffffffffffcc
N???EA_E?KY?X?AoCP?	46	3ffffffffffcc
N???EA_E?KY?X?Ao?d?	46	1ffffffffb7fe
N???EA_E?KY?X?Ao?T?	46	1ffffffffb7fe
N???EA_E?KY?X?Ao?b?	46	3fffffffffff
N???EA_E?KY?X?AgBG?	46	1ffffffffb7fe
N???EA_E?KY?X?Ag@W?	46	3fffffffffff
N???EA_E?KY?X?Ag?w?	46	1ffffffffcffe
N???EA_E?KY?X?Ag@a?	46	3fffffffffff
N???EA_E?KY?X?Ag?q?	46	3fffffffffff
N???EA_E?KY?X?AgAI?	46	3ffdf7ffff77f
N???EA_E?KY?X?Ag?X?	46	1ffffffffb7fe
N???EA_E?KY?R?K_Co?	46	3fffffffffff
N???EA_E?KY?R?K_@o?	46	3fffffffffff
N???EA_E?KY?R?K_@W?	46	3fffffffffff
N???EA_E?KY?R?K_?w?	46	3fffffffffff
N???EA_E?KY?R?K_?s?	46	3fffffffffff
N???EA_E?KY?R?K_@K?	46	1ffffffffb7fe
N???EA_E?KY?R?K_?[?	46	3fffffffffff
N???EA_E?KY?R?K_DA?	46	3ffffffffffcc
N???EA_E?KY?R?K_Ca?	46	3fffffffffff
N???EA_E?KY?R?K_CQ?	46	3fffffffffff
N???EA_E?KY?R?K_?q?	46	3fffffffffff
N???EA_E?KY?R?K_CI?	46	1ffffffffb7fe
N???EA_E?KY?R?K_@I?	46	3fdffffffb7fe
N???EA_E?KY?R?K_?M?	46	3ffdf7ffff77f
N???EA_E?KY?R?K_C`?	46	3fffffffffff
N???EA_E?KY?R?K_@`?	46	3fffffffffff
N???EA_E?KY?R?K_CP?	46	3fffffffffff
N???EA_E?KY?R?K_@P?	46	3fffffffffff
N???EA_E?KY?R?K_?p?	46	3fffffffffff
N???EA_E?KY?R?K_?b?	46	3fffffffffff
N???EA_E?KY?R?K_?R?	46	3fffffffffff
N???EA_E?KY?R?I_Co?	46	3fffffffffff
N???EA_E?KY?R?I_Ao?	46	3fffffffffff
N???EA_E?KY?R?I_EG?	46	3ffffffffffcc
N???EA_E?KY?R?I_Cg?	46	3fffffffffff
N???EA_E?KY?R?I_AW?	46	3fffffffffff
N???EA_E?KY?R?I_?w?	46	3fffffffffff
N???EA_E?KY?R?I_?s?	46	3fffffffffff
N???EA_E?KY?R?I_AK?	46	1ffffffffb7fe
N???EA_E?KY?R?I_EA?	46	3ffffffffffcc
N???EA_E?KY?R?I_Ca?	46	3fffffffffff
N???EA_E?KY?R?I_CQ?	46	3fffffffffff
N???EA_E?KY?R?I_?q?	46	3fffffffffff
N???EA_E?KY?R?I_CI?	46	1ffffffffb7fe
N???EA_E?KY?R?I_AI?	46	3fdffffffb7fe
N???EA_E?KY?R?I_?e?	46	3fffffffffff
N???EA_E?KY?R?I_?U?	46	3fffffffffff
N???EA_E?KY?R?I_?M?	46	3ffdf7ffff77f
N???EA_E?KY?R?I_C`?	46	3fffffffffff
N???EA_E?KY?R?I_A`?	46	3fffffffffff
N???EA_E?KY?R?I_CP?	46	3fffffffffff
N???EA_E?KY?R?I_AP?	46	3fffffffffff
N???EA_E?KY?R?I_?p?	46	3fffffffffff
N???EA_E?KY?R?I_AH?	46	3fffffffffff
N???EA_E?KY?R?I_?d?	46	3fffffffffff
N???EA_E?KY?R?I_?T?	46	3fffffffffff
N???EA_E?KY?R?I_?L?	46	3fffffffffff
N???EA_E?KY?R?I_?b?	46	3fffffffffff
N???EA_E?KY?R?I_?F?	46	3fffffffffff
N???EA_E?KY?R?H_F??	46	3fffffffffff
N???EA_E?KY?R?H_BO?	46	3fffffffffff
N???EA_E?KY?R?H_EG?	46	3fffffffffff
N???EA_E?KY?R?H_DG?	46	3fffffffffff
N???EA_E?KY?R?H_BG?	46	3bfffffbf7ffd
N???EA_E?KY?R?H_AW?	46	3fffffffffff
N???EA_E?KY?R?H_AS?	46	3fffffffffff
N???EA_E?KY?R?H_@S?	46	3fffffffffff
N???EA_E?KY?R?H_?[?	46	1ffffffffcffe
N???EA_E?KY?R?H_EA?	46	3fffffffffff
N???EA_E?KY?R?H_DA?	46	3fffffffffff
N???EA_E?KY?R?H_BA?	46	3effffffffcfe
N???EA_E?KY?R?H_AQ?	46	3fffffffffff
N???EA_E?KY?R?H_@Q?	46	3fffffffffff
N???EA_E?KY?R?H_@E?	46	3fffffffffff
N???EA_E?KY?R?H_?U?	46	3fffffffffff
N???EA_E?KY?R?H_E@?	46	3fffffffffff
N???EA_E?KY?R?H_D@?	46	3fffffffffff
N???EA_E?KY?R?H_B@?	46	3fffffffffff
N???EA_E?KY?R?H_CP?	46	3ffffffffffcc
N???EA_E?KY?R?H_CH?	46	3ffffffffffcc
N???EA_E?KY?R?H_@D?	46	3fffffffffff
N???EA_E?KY?R?H_?T?	46	1ffffffffb7fe
N???EA_E?KY?R?H_?L?	46	1ffffffffb7fe
N???EA_E?KY?R?H_AB?	46	3fffffffffff
N???EA_E?KY?R?H_@B?	46	3fffffffffff
N???EA_E?KY?R?H_?F?	46	3fffffffffff
N???EA_E?KY?R?GcF??	46	3ffffffffffcc
N???EA_E?KY?R?GcCo?	46	3fffffffffff
N???EA_E?KY?R?GcAo?	46	3fffffffffff
N???EA_E?KY?R?Gc@o?	46	3fffffffffff
N???EA_E?KY?R?GcEG?	46	1ffffffffb7fe
N???EA_E?KY?R?GcBG?	46	3fdffffffb7fe
N???EA_E?KY?R?GcCW?	46	3fffffffffff
N???EA_E?KY?R?Gc?w?	46	3fffffffffff
N???EA_E?KY?R?Gc@S?	46	3fffffffffff
N???EA_E?KY?R?Gc?s?	46	3fffffffffff
N???EA_E?KY?R?GcCK?	46	3ffdf7ffff77f
N???EA_E?KY?R?GcCP?	46	3fffffffffff
N???EA_E?KY?R?GcAH?	46	3fffffffffff
N???EA_E?KY?R?Gc?T?	46	3fffffffffff
N???EA_E?KY?R?GaF??	46	3fffffffffff
N???EA_E?KY?R?GaBO?	46	3fffffffffff
N???EA_E?KY?R?GaBG?	46	3ff8ffe76cfdf6e1
N???EA_E?KY?R?GaCg?	46	3ffffffffffcc
N???EA_E?KY?R?Ga?s?	46	1ffffffffb7fe
N???EA_E?KY?R?Ga@K?	46	3effffffffcfe
N???EA_E?KY?R?GaEA?	46	3fffffffffff
N???EA_E?KY?R?GaDA?	46	3fffffffffff
N???EA_E?KY?R?Ga@E?	46	3effffffffcfe
N???EA_E?KY?P_M?Co?	46	7fffffffefff
N???EA_E?KY?P_M?@o?	46	3fffffffffff
N???EA_E?KY?P_M?Cg?	46	3fffffffffff
N???EA_E?KY?P_M?@g?	46	3fffffffffff
N???EA_E?KY?P_M??w?	46	2fffff7ff7ffb
N???EA_E?KY?P_M?Ca?	46	3fffffffffff
N???EA_E?KY?P_M??q?	46	3fffffffffff
N???EA_E?KY?P_M?@`?	46	3fffffffffff
N???EA_E?KY?P_M?CH?	46	3fffffffffff
N???EA_E?KY?P_M?@H?	46	3fffffffffff
N???EA_E?KY?P_M?CB?	46	3fffffffffff
N???EA_E?KY?P_J?F??	46	3fffffffffff
N???EA_E?KY?P_J?BO?	46	3fffffffffff
N???EA_E?KY?P_J?EG?	46	3fffffffffff
N???EA_E?KY?P_J?BG?	46	3fffffffffff
N???EA_E?KY?P_J?BC?	46	3fffffffffff
N???EA_E?KY?P_J?EA?	46	3fffffffffff
N???EA_E?KY?P_J?DA?	46	7fffffffff7f
N???EA_E?KY?P_J?BA?	46	3fffffffffff
N???EA_E?KY?P_J?@E?	46	3fffffffffff
N???EA_E?KY?P_J?B@?	46	3fffffffffff
N???EA_E?KY?P_J?CP?	46	3ffffffffffcc
N???EA_E?KY?P_J??F?	46	3fffffffffff
N???EA_E?KY?P_IAF??	46	3fffffffffff
N???EA_E?KY?P_IAB_?	46	3fffffffffff
N???EA_E?KY?P_IACo?	46	3ffffffffffcc
N???EA_E?KY?P_IABG?	46	3fffffffffff
N???EA_E?KY?P_IABC?	46	3fffffffffff
N???EA_E?KY?P_IA@K?	46	3fffffffffff
N???EA_E?KY?P_IAEA?	46	3fffffffffff
N???EA_E?KY?P_IADA?	46	7fffffff7fff
N???EA_E?KY?P_IABA?	46	3fffffffffff
N???EA_E?KY?P_IA@E?	46	3fffffffffff
N???EA_E?KY?QOH_E_?	46	3fffffffffff
N???EA_E?KY?QOH_D_?	46	3fffffffffff
N???EA_E?KY?QOH_B_?	46	3bfffffbf7ffd
N???EA_E?KY?QOH_Ao?	46	3ffffdefdefff
N???EA_E?KY?QOH_@o?	46	3ffffdefdefff
N???EA_E?KY?QOH_Aa?	46	3ffffffffffd2
N???EA_E?KY?QOH_B@?	46	effefffffeefa
N???EA_E?KY?IOP_E_?	46	3fffffffffff
N???EA_E?KY?IOP_D_?	46	3fffffffffff
N???EA_E?KY?IOP_B_?	46	3fffffffffff
N???EA_E?KY?IOP_Co?	46	3ffffffffffd2
N???EA_E?KY?IOP_Ao?	46	3fffffffffff
N???EA_E?KY?IOP_@o?	46	3fffffffffff
N???EA_E?KY?IOP_@c?	46	3fffffffffff
N???EA_E?KY?IOP_?s?	46	1ffffffffcffe
N???EA_E?KY?IOP_B@?	46	3fffffffffff
N???EA_E?KY?IOP_C`?	46	3ffffffffffcc
N???EA_E?KY?IOH_@c?	46	3fffffffffff
N???EA_E?KY?IOH_?s?	46	1ffffffffcffe
N???EA_E?KY?IOB_Co?	46	3fffffffffff
N???EA_E?KY?IOB_Ao?	46	3fffffffffff
N???EA_E?KY?IOB_Gc?	46	3fffffffffff
N???EA_E?KY?IOB_Cc?	46	3fffffffffff
N???EA_E?KY?IOB_?s?	46	3fffffffffff
N???EA_E?KY?IOB_?q?	46	3fffffffffff
N???EA_E?KY?IOB_I@?	46	3fffffffffff
N???EA_E?KY?IO@gD_?	46	3fffffffffff
N???EA_E?KY?IO@cGo?	46	7fffffffefff
N???EA_E?KY?IO@cCo?	46	7fffffffefff
N???EA_E?KY?IO@c?s?	46	7ffffffdffff
N???EA_E?KY?IO@cC`?	46	7ffffffff7ff
N???EA_E?KY?POI_F??	46	3ffffffffffcc
N???EA_E?KY?POI_E_?	46	3fffffffffff
N???EA_E?KY?POI_D_?	46	3fffffffffff
N???EA_E?KY?POI_B_?	46	3fffffffffff
N???EA_E?KY?POI_EO?	46	3fffffffffff
N???EA_E?KY?POI_DO?	46	3fffffffdef7e
N???EA_E?KY?POI_BO?	46	3fffffffffff
N???EA_E?KY?POI_Co?	46	3ffffffffffd2
N???EA_E?KY?POI_Ao?	46	3fffffffffff
N???EA_E?KY?POI_@o?	46	3fffffffffff
N???EA_E?KY?POI_BC?	46	1ffffffffb7fe
N???EA_E?KY?POI_?s?	46	1ffffffffcffe
N???EA_E?KY?POI_EA?	46	1ffffffffb7fe
N???EA_E?KY?POI_DA?	46	7ffffffffb77c
N???EA_E?KY?POI_BA?	46	3fdffffffb7fe
N???EA_E?KY?POI_Ca?	46	3fffffffffff
N???EA_E?KY?POI_?q?	46	3fffffffffff
N???EA_E?KY?POI_AE?	46	fffdf7ffff77c
N???EA_E?KY?POI_@E?	46	3ffdf7ffff77f
N???EA_E?KY?POI_B@?	46	3fffffffffff
N???EA_E?KY?POI_C`?	46	3ffffffffffcc
N???EA_E?KY?POI_CP?	46	ffffffffff74c
N???EA_E?KY?POI_@P?	46	3ffffffffe67f
N???EA_E?KY?POI_?d?	46	7ffffffffb77c
N???EA_E?KY?POI_?T?	46	1ffffffffb7fe
N???EA_E?KY?HOQ_F??	46	3ffffffffffcc
N???EA_E?KY?HOQ_E_?	46	3fffffffffff
N???EA_E?KY?HOQ_D_?	46	3fffffffffff
N???EA_E?KY?HOQ_B_?	46	3fffffffffff
N???EA_E?KY?HOQ_EO?	46	3fffffffffff
N???EA_E?KY?HOQ_DO?	46	3fffffffffff
N???EA_E?KY?HOQ_BO?	46	3fffffffffff
N???EA_E?KY?HOQ_Co?	46	3ffffffffffd2
N???EA_E?KY?HOQ_Ao?	46	3fffffffffff
N???EA_E?KY?HOQ_@o?	46	3fffffffffff
N???EA_E?KY?HOQ_BC?	46	1ffffffffb7fe
N???EA_E?KY?HOQ_?s?	46	1ffffffffcffe
N???EA_E?KY?HOQ_EA?	46	1ffffffffb7fe
N???EA_E?KY?HOQ_DA?	46	1ffffffffb7fe
N???EA_E?KY?HOQ_BA?	46	1ffffffffb7fe
N???EA_E?KY?HOQ_?q?	46	3fffffffffff
N???EA_E?KY?HOQ_AE?	46	3ffdf7ffff77f
N???EA_E?KY?HOQ_@E?	46	3ffdf7ffff77f
N???EA_E?KY?HOQ_B@?	46	3fffffffffff
N???EA_E?KY?HOQ_C`?	46	3ffffffffffcc
N???EA_E?KY?HOQ_@D?	46	3fffffffffff
N???EA_E?KY?HOQ_?d?	46	1ffffffffb7fe
N???EA_E?KY?HOQ_?T?	46	1ffffffffb7fe
N???EA_E?KY?HOI_J??	46	3ffffffffffcc
N???EA_E?KY?HOI_BO?	46	3fffffffffff
N???EA_E?KY?HOI_Go?	46	3ffffffffffd2
N???EA_E?KY?HOI_BC?	46	1ffffffffb7fe
N???EA_E?KY?HOI_@c?	46	3fffffffffff
N???EA_E?KY?HOI_?s?	46	1ffffffffcffe
N???EA_E?KY?HOI_B@?	46	3fffffffffff
N???EA_E?KY?HOI_?T?	46	1ffffffffb7fe
N???EA_E?KY?HOB_L??	46	3fffffffffff
N???EA_E?KY?HOB_J??	46	3fffffffffff
N???EA_E?KY?HOB_F??	46	3fffffffffff
N???EA_E?KY?HOB_IO?	46	3fffffffffff
N???EA_E?KY?HOB_BO?	46	3fffffffffff
N???EA_E?KY?HOB_DC?	46	3fffffffffff
N???EA_E?KY?HOB_GS?	46	1ffffffffcffe
N???EA_E?KY?HOB_@S?	46	3fffffffffff
N???EA_E?KY?HOB_KA?	46	3fffffffffff
N???EA_E?KY?HOB_GQ?	46	3fffffffffff
N???EA_E?KY?HOB_AQ?	46	3fffffffffff
N???EA_E?KY?HOB_@Q?	46	3fffffffffff
N???EA_E?KY?HOB_K@?	46	3ffffffffffcc
N???EA_E?KY?HOB_B@?	46	3fffffffffff
N???EA_E?KY?HOB_GD?	46	1ffffffffb7fe
N???EA_E?KY?HOB_AB?	46	3fffffffffff
N???EA_E?KY?HOB_@B?	46	3fffffffffff
N???EA_E?KY?HOAgJ??	46	1ffffffffb7fe
N???EA_E?KY?HOAgF??	46	1ffffffffb7fe
N???EA_E?KY?HOAgD_?	46	3fffffffffff
N???EA_E?KY?HOAgHO?	46	3fffffffffff
N???EA_E?KY?HOAgGo?	46	1ffffffffcffe
N???EA_E?KY?HOAgCo?	46	1ffffffffcffe
N???EA_E?KY?HOAg?q?	46	3fffffffffff
N???EA_E?KY?HOAgGP?	46	1ffffffffb7fe
N???EA_E?KY?HOAgCP?	46	1ffffffffb7fe
N???EA_E?KY?BOI_M??	46	3ffffffffffcc
N???EA_E?KY?BOI_K_?	46	3fffffffffff
N???EA_E?KY?BOI_E_?	46	3fffffffffff
N???EA_E?KY?BOI_IO?	46	3fffffffffff
N???EA_E?KY?BOI_EO?	46	3fffffffffff
N???EA_E?KY?BOI_Go?	46	3fffffffffff
N???EA_E?KY?BOI_Co?	46	3fffffffffff
N???EA_E?KY?BOI_Ao?	46	3fffffffffff
N???EA_E?KY?BOI_IC?	46	1ffffffffb7fe
N???EA_E?KY?BOI_Cc?	46	3fffffffffff
N???EA_E?KY?BOI_?s?	46	3fffffffffff
N???EA_E?KY?BOI_KA?	46	1ffffffffb7fe
N???EA_E?KY?BOI_IA?	46	3fdffffffb7fe
N???EA_E?KY?BOI_Ca?	46	3fffffffffff
N???EA_E?KY?BOI_CQ?	46	3fffffffffff
N???EA_E?KY?BOI_?q?	46	3fffffffffff
N???EA_E?KY?BOI_GE?	46	3ffdf7ffff77f
N???EA_E?KY?BOI_I@?	46	3fffffffffff
N???EA_E?KY?BOI_E@?	46	3fffffffffff
N???EA_E?KY?BOI_C`?	46	3fffffffffff
N???EA_E?KY?BOI_CP?	46	3fffffffffff
N???EA_E?KY?BOI_AP?	46	3fffffffffff
N???EA_E?KY?BOI_?p?	46	3fffffffffff
N???EA_E?KY?BOI_?d?	46	3fffffffffff
N???EA_E?KY?BOI_?b?	46	3fffffffffff
N???EA_E?KY?BOI_?R?	46	3fffffffffff
N???EA_E?KY?BOH_M??	46	3fffffffffff
N???EA_E?KY?BOH_L??	46	3fffffffffff
N???EA_E?KY?BOH_J??	46	3bfffffbf7ffd
N???EA_E?KY?BOH_F??	46	3fffffffffff
N???EA_E?KY?BOH_IO?	46	3fffffffffff
N???EA_E?KY?BOH_HO?	46	3fffffffffff
N???EA_E?KY?BOH_BO?	46	3fffffffffff
N???EA_E?KY?BOH_BC?	46	3fffffffffff
N???EA_E?KY?BOH_GS?	46	1ffffffffcffe
N???EA_E?KY?BOH_IA?	46	3ffffffffffd2
N???EA_E?KY?BOH_DA?	46	3fffffffffff
N???EA_E?KY?BOH_GQ?	46	3fffffffffff
N???EA_E?KY?BOH_AQ?	46	3fffffffffff
N???EA_E?KY?BOH_@E?	46	3fffffffffff
N???EA_E?KY?BOH_K@?	46	3ffffffffffcc
N???EA_E?KY?BOH_D@?	46	3fffffffffff
N???EA_E?KY?BOH_B@?	46	3fffffffffff
N???EA_E?KY?BOH_CP?	46	1ffffffffb7fe
N???EA_E?KY?BOH_AP?	46	3fffffffffff
N???EA_E?KY?BOH_GD?	46	1ffffffffb7fe
N???EA_E?KY?BOH_@B?	46	3fffffffffff
N???EA_E?KY?BOGcM??	46	1ffffffffb7fe
N???EA_E?KY?BOGcD_?	46	3fffffffffff
N???EA_E?KY?BOGcKO?	46	3fffffffffff
N???EA_E?KY?BOGcGo?	46	3fffffffffff
N???EA_E?KY?BOGcCo?	46	3fffffffffff
N???EA_E?KY?BOGcAo?	46	3fffffffffff
N???EA_E?KY?BOGcKC?	46	3ffdf7ffff77f
N???EA_E?KY?BOGcIC?	46	3ffdf7ffff77f
N???EA_E?KY?BOGc?s?	46	3fffffffffff
N???EA_E?KY?BOGcC`?	46	3fffffffffff
N???EA_E?KY?BOGc@`?	46	3fffffffffff
N???EA_E?KY?BOGcCP?	46	3fffffffffff
N???EA_E?KY?BOGaJ??	46	3ff8ffe76cfdf6e1
N???EA_E?KY?BOGaF??	46	3fffffffffff
N???EA_E?KY?BOGaK_?	46	3ffffffffffcc
N???EA_E?KY?BOGaE_?	46	3fffffffffff
N???EA_E?KY?BOGaH_?	46	3ffff7dfdf7ff
N???EA_E?KY?BOGaD_?	46	3fffffffffff
N???EA_E?KY?BOGaBO?	46	3fffffffffff
N???EA_E?KY?BOGaAo?	46	3fffffffffff
N???EA_E?KY?BOGaKC?	46	3ffffffffffcc
N???EA_E?KY?BOGaBC?	46	1ffffffffcffe
N???EA_E?KY?BOGaDA?	46	3fffffffffff
N???EA_E?KY?@oM?K_?	46	3fffffffffff
N???EA_E?KY?@oM?H_?	46	3fffffffffff
N???EA_E?KY?@oM?@o?	46	3fffffffffff
N???EA_E?KY?@oM?K@?	46	3fffffffffff
N???EA_E?KY?@oM?H@?	46	3fffffffffff
N???EA_E?KY?@oJ?J??	46	3fffffffffff
N???EA_E?KY?@oJ?F??	46	3fffffffffff
N???EA_E?KY?@oJ?BO?	46	3fffffffffff
N???EA_E?KY?@oJ?BC?	46	3fffffffffff
N???EA_E?KY?@oJ?EA?	46	3fffffffffff
N???EA_E?KY?@oJ?DA?	46	7ffffffffffd
N???EA_E?KY?@oJ?B@?	46	3fffffffffff
N???EA_E?KY?@oJ?CP?	46	1ffffffffb7fe
N???EA_E?KY?@oIAJ??	46	3fffffffffff
N???EA_E?KY?@oIAF??	46	3fffffffffff
N???EA_E?KY?@oIAB_?	46	3fffffffffff
N???EA_E?KY?@oIACo?	46	1ffffffffb7fe
N???EA_E?KY?@oIAHC?	46	3fffffffffff
N???EA_E?KY?@oIABC?	46	3fffffffffff
N???EA_E?KY?@oIAEA?	46	3fffffffffff
N???EA_E?KY?@oIADA?	46	7ffffffffffb
N???EA_E?KY?QGH_Ao?	46	3fffffffffff
N???EA_E?KY?QGH_@o?	46	3fffffffffff
N???EA_E?KY?QGH_@g?	46	3fffffffffff
N???EA_E?KY?QGH_?w?	46	1ffffffffcffe
N???EA_E?KY?QGH_?q?	46	ffffffffe7ff
N???EA_E?KY?QGH_?h?	46	1ffffffffb7fe
N???EA_E?KY?QGH_?b?	46	ffffffffe7ff
N???EA_E?KY?PGI_BG?	46	1ffffffffb7fe
N???EA_E?KY?PGI_Ag?	46	3ffffffff7efc
N???EA_E?KY?PGI_@g?	46	3fffffffffff
N???EA_E?KY?PGI_?w?	46	1ffffffffcffe
N???EA_E?KY?PGI_?X?	46	1ffffffffb7fe
N???EA_E?KY?PGI_@B?	46	3fffffffffff
N???EA_E?KY?PGI_?R?	46	3fffffffffff
N???EA_E?KM?Y?`_?q?	46	fffffffdfffb
N???EA_E?KM?Y?D_@o?	46	3ffffffff87ff
N???EA_E?KM?Y?D_@g?	46	3fffffffffff
N???EA_E?KM?Y?D_?w?	46	3fffffffffff
N???EA_E?KM?Y?D_?k?	46	3fffffffffff
N???EA_E?KM?Y?D_?q?	46	3ffff7dfdf7ff
N???EA_E?KM?Y?D_?i?	46	3fffffffffff
N???EA_E?KM?Y?D_?L?	46	3fffffffffff
N???EA_E?KM?X?a_BG?	46	3ffffffffffcc
N???EA_E?KM?X?E_@o?	46	3ffffffff87ff
N???EA_E?KM?X?E_PG?	46	3ffffffffffcc
N???EA_E?KM?X?E_@g?	46	3fffffffffff
N???EA_E?KM?X?E_OW?	46	3fffffffffff
N???EA_E?KM?X?E_?w?	46	3fffffffffff
N???EA_E?KM?X?E_@K?	46	1ffffffffb7fe
N???EA_E?KM?X?E_?k?	46	7ebfffffffb7e
N???EA_E?KM?X?E_?[?	46	3fffffffffff
N???EA_E?KM?X?E_?q?	46	3ffff7dfdf7ff
N???EA_E?KM?X?E_OI?	46	1ffffffffb7fe
N???EA_E?KM?X?E_?M?	46	3ffdf7ffff77f
N???EA_E?KM?X?E_@`?	46	3ffff7dfdf7ff
N???EA_E?KM?X?E_?L?	46	3fffffffffff
N???EA_E?KM?X?E_?b?	46	3fffffff0ffff
N???EA_E?KM?X?AoR??	46	3ffffffffffcc
N???EA_E?KM?X?AoQ_?	46	3fffffffffff
N???EA_E?KM?X?AoP_?	46	3fffffffffff
N???EA_E?KM?X?AoB_?	46	3fffffffffff
N???EA_E?KM?X?AoPO?	46	3fffffffffff
N???EA_E?KM?X?AoBO?	46	3fffffffffff
N???EA_E?KM?X?AoBC?	46	1ffffffffb7fe
N???EA_E?KM?X?AoAc?	46	3fffffffffff
N???EA_E?KM?X?Ao@c?	46	3fffffffffff
N???EA_E?KM?X?Ao@S?	46	3fffffffffff
N???EA_E?KM?X?AoQA?	46	1ffffffffb7fe
N???EA_E?KM?X?AoPA?	46	1ffffffffb7fe
N???EA_E?KM?X?Ao@a?	46	3fffffffffff
N???EA_E?KM?X?AoAQ?	46	3fffffffffff
N???EA_E?KM?X?Ao?q?	46	3fffffffffff
N???EA_E?KM?X?AoAE?	46	3ffdf7ffff77f
N???EA_E?KM?X?Ao@E?	46	3ffdf7ffff77f
N???EA_E?KM?X?AcAo?	46	3ffff7dfdf7ff
N???EA_E?KM?X?Ac@o?	46	3ffff7dfdf7ff
N???EA_E?KM?X?Ac?w?	46	3fffffffffff
N???EA_E?KM?X?AcAK?	46	3ffe7fda37bf077b
N???EA_E?KM?X?Ac@K?	46	3ffdf7ffff77f
N???EA_E?KM?X?Ac?k?	46	3ffdbf739b7ee87d
N???EA_E?KM?X?Ac@P?	46	3fffffff0ffff
N???EA_E?KR?[?P_Co?	46	7fffffffefff
N???EA_E?KR?[?P_@o?	46	3fffffffffff
N???EA_E?KR?[?P_Cg?	46	3fffffffffff
N???EA_E?KR?[?P_?w?	46	7ffffffffeff
N???EA_E?KR?[?P_?s?	46	3fffffffffff
N???EA_E?KR?[?P_?q?	46	3fffffffffff
N???EA_E?KR?[?P_?d?	46	3fffffffffff
N???EA_E?KR?WCP_Co?	46	7ffffffdffff
N???EA_E?KR?WCP_Cg?	46	3fffffffffff
N???EA_E?KR?WCP_?w?	46	7fffffff7fff
N???EA_E?KR?WCP_?s?	46	3fffffffffff
N???EA_E?KR?WCP_CH?	46	3fffffffffff
N???EA_E?KR?WCP_?d?	46	3fffffffffff
N???EA_E?KJ?[?`_Co?	46	7fffffffefff
N???EA_E?KJ?[?`_@o?	46	fffffffeefff
N???EA_E?KJ?[?`_?s?	46	3effffffffb7e
N???EA_E?KJ?[?`_?k?	46	3fffffffffff
N???EA_E?KJ?[?`_@a?	46	7fffffffff7f
N???EA_E?KJ?[?`_?q?	46	fffffffdefff
N???EA_E?KJ?[?`_?d?	46	3bfffffbf7ffd
N???EA_E?KJ?[?`_?L?	46	3fffffffffff
N???EA_E?KJ?[?`_@B?	46	7fffffff7fff
N???EA_E?KJ?[?H_@o?	46	3ffffffff87ff
N???EA_E?KJ?[?H_?w?	46	7ffffffffeff
N???EA_E?KJ?[?H_Oc?	46	3fffffffffff
N???EA_E?KJ?[?H_?s?	46	3ffffdefdefff
N???EA_E?KJ?[?H_?k?	46	3fffffffffff
N???EA_E?KJ?[?H_?q?	46	3ffff7dfdf7ff
N???EA_E?KJ?[?H_@`?	46	3ffff7dfdf7ff
N???EA_E?KJ?[?H_OD?	46	3fffffffffff
N???EA_E?KJ?[?H_?L?	46	3fffffffffff
N???EA_E?KJ?[?B_?q?	46	3faeffff75e937d2
N???EA_E?KJ?M?P_Co?	46	ffffffffc87ff
N???EA_E?KJ?M?P_?i?	46	3ffffffffffd2
N???EA_E?KJ?M?P_?J?	46	3ffffffffffcc
N???EA_E?KJ?M?@oGo?	46	3ff73fdb9cfdef61
N???EA_E?KJ?M?@o?s?	46	7ffffffffcefa
N???EA_E?KJ?M?@oCa?	46	7ffffffffffd
N???EA_E?KJ?M?@o?q?	46	fefffffffecfa
N???EA_E?KJ?M?@cK_?	46	3ffff7dfdf7ff
N???EA_E?KJ?M?@cGo?	46	3faeffff75e937d2
N???EA_E?KJ?M?@cOg?	46	7ffffffffffd
N???EA_E?KJ?M?@cGg?	46	3ffffffffffd2
N???EA_E?KJ?M?@cCg?	46	3fffffffffff
N???EA_E?KJ?M?@cK@?	46	3fffffff0ffff
N???EA_E?KJ?M?@cOH?	46	7ffffffffffb
N???EA_E?KJ?M?@cGH?	46	3ffffffffffcc
N???EA_E?KJ?X?K_@o?	46	3ffffffff87ff
N???EA_E?KJ?X?K_?w?	46	3fffffffffff
N???EA_E?KJ?X?K_OS?	46	3fffffffffff
N???EA_E?KJ?X?K_?s?	46	3fffffffffff
N???EA_E?KJ?X?K_@K?	46	1ffffffffb7fe
N???EA_E?KJ?L?B_SG?	46	3fffffffffff
N???EA_E?KJ?L?B_WC?	46	3fffffffffff
N???EA_E?KJ?L?B_OK?	46	3fffffffffff
N???EA_E?KJ?L?B_KA?	46	3ffff7dfdf7ff
N???EA_E?KJ?P_L?SG?	46	3fffffffffff
N???EA_E?KJ?P_L?SC?	46	3fffffffffff
N???EA_E?KJ?P_L?PC?	46	3fffffffffff
N???EA_E?KJ?D_X?SG?	46	3fffffffffff
N???EA_E?KJ?D_X?PC?	46	3fffffffffff
N???EA_E?KJ?D_X?OS?	46	3fffffffffff
N???EA_E?KQ_[?Q_Co?	46	3fffffffffff
N???EA_E?KQ_[?Q_@o?	46	3fffffffffff
N???EA_E?KQ_[?Q_@W?	46	3fffffffffff
N???EA_E?KQ_[?Q_?w?	46	3fffffffffff
N???EA_E?KQ_[?Q_?s?	46	3fffffffffff
N???EA_E?KQ_[?Q_CK?	46	3fdffffffb7fe
N???EA_E?KQ_[?Q_@K?	46	1ffffffffb7fe
N???EA_E?KQ_[?Q_CQ?	46	3fffffffffff
N???EA_E?KQ_[?Q_@Q?	46	3fffffffffff
N???EA_E?KQ_[?Q_?q?	46	3fffffffffff
N???EA_E?KQ_[?Q_CI?	46	1ffffffffb7fe
N???EA_E?KQ_[?Q_?M?	46	3ffdf7ffff77f
N???EA_E?KQ_[?Q_C`?	46	3fffffffffff
N???EA_E?KQ_[?Q_@`?	46	3fffffffffff
N???EA_E?KQ_[?Q_@P?	46	3fffffffffff
N???EA_E?KQ_[?Q_CH?	46	3fffffffffff
N???EA_E?KQ_[?Q_@D?	46	3fffffffffff
N???EA_E?KQ_[?Q_?d?	46	3fffffffffff
N???EA_E?KQ_[?Q_?T?	46	3fffffffffff
N???EA_E?KQ_[?Q_?b?	46	3fffffffffff
N???EA_E?KQ_[?Q_?R?	46	3fffffffffff
N???EA_E?KQ_[?B_L??	46	3fffffffffff
N???EA_E?KQ_[?B_KO?	46	3fffffffffff
N???EA_E?KQ_[?B_DG?	46	3fffffffffff
N???EA_E?KQ_[?B_CW?	46	3fffffffffff
N???EA_E?KQ_[?B_@K?	46	3fffffffffff
N???EA_E?KQ_[?B_?[?	46	3fffffffffff
N???EA_E?KQ_[?B_KA?	46	3fffffffffff
N???EA_E?KQ_[?B_GQ?	46	3fffffffffff
N???EA_E?KQ_[?B_CI?	46	3fffffffffff
N???EA_E?KQ_[?B_?Y?	46	3fffffffffff
N???EA_E?KQ_[?B_?M?	46	3fffffffffff
N???EA_E?KQ_[?B_K@?	46	3fffffffffff
N???EA_E?KQ_[?B_H@?	46	3fffffffffff
N???EA_E?KQ_[?B_CH?	46	3fffffffffff
N???EA_E?KQ_[?B_@H?	46	3fffffffffff
N???EA_E?KQ_[?B_?L?	46	3fffffffffff
N???EA_E?KQ_[?B_GB?	46	3fffffffffff
N???EA_E?KQ_[?B_?J?	46	3fffffffffff
N???EA_E?KQ_[?AoDO?	46	3fffffffffff
N???EA_E?KQ_[?AoGo?	46	3fffffffffff
N???EA_E?KQ_[?AoCo?	46	3fffffffffff
N???EA_E?KQ_[?Ao@o?	46	3fffffffffff
N???EA_E?KQ_[?AoKC?	46	3fdffffffb7fe
N???EA_E?KQ_[?AoHC?	46	1ffffffffb7fe
N???EA_E?KQ_[?Ao?s?	46	3fffffffffff
N???EA_E?KQ_[?AoKA?	46	1ffffffffb7fe
N???EA_E?KQ_[?Ao?q?	46	3fffffffffff
N???EA_E?KQ_[?AoGE?	46	3ffdf7ffff77f
N???EA_E?KQ_[?Ao?U?	46	3fffffffffff
N???EA_E?KQ_[?AoK@?	46	3fffffffffff
N???EA_E?KQ_[?AoD@?	46	3fffffffffff
N???EA_E?KQ_[?AoC`?	46	3fffffffffff
N???EA_E?KQ_[?Ao@`?	46	3fffffffffff
N???EA_E?KQ_[?AoCP?	46	3fffffffffff
N???EA_E?KQ_[?Ao@P?	46	3fffffffffff
N???EA_E?KQ_[?Ao?b?	46	3fffffffffff
N???EA_E?KQ_U?W_@o?	46	3fffffffffff
N???EA_E?KQ_U?W_CW?	46	3fffffffffff
N???EA_E?KQ_U?W_?w?	46	3fffffffffff
N???EA_E?KQ_U?W_?s?	46	3fffffffffff
N???EA_E?KQ_U?W_DA?	46	3ffffffffffcc
N???EA_E?KQ_U?W_?q?	46	3fffffffffff
N???EA_E?KQ_U?W_?U?	46	3fffffffffff
N???EA_E?KQ_U?W_C`?	46	3fffffffffff
N???EA_E?KQ_U?W_?d?	46	3fffffffffff
N???EA_E?KQ_U?W_?T?	46	3fffffffffff
N???EA_E?KQ_U?H_L??	46	3fffffffffff
N???EA_E?KQ_U?H_DG?	46	3fffffffffff
N???EA_E?KQ_U?H_@W?	46	3fffffffffff
N???EA_E?KQ_U?H_@K?	46	3fffffffffff
N???EA_E?KQ_U?H_KA?	46	3fffffffffff
N???EA_E?KQ_U?H_GQ?	46	3fffffffffff
N???EA_E?KQ_U?H_CQ?	46	3fffffffffff
N???EA_E?KQ_U?H_@Q?	46	3fffffffffff
N???EA_E?KQ_U?H_CI?	46	3fffffffffff
N???EA_E?KQ_U?H_@I?	46	3ffffffffffd2
N???EA_E?KQ_U?H_?Y?	46	3fffffffffff
N???EA_E?KQ_U?H_GE?	46	3fffffffffff
N???EA_E?KQ_U?H_?U?	46	3fffffffffff
N???EA_E?KQ_U?H_?M?	46	3fffffffffff
N???EA_E?KQ_U?H_GB?	46	3fffffffffff
N???EA_E?KQ_U?H_?J?	46	3fffffffffff
N???EA_E?KQ_U?GoGo?	46	3fffffffffff
N???EA_E?KQ_U?GoCo?	46	3fffffffffff
N???EA_E?KQ_U?Go@o?	46	3fffffffffff
N???EA_E?KQ_U?GoDC?	46	1ffffffffb7fe
N???EA_E?KQ_U?Go@c?	46	3fffffffffff
N???EA_E?KQ_U?GoCS?	46	3fffffffffff
N???EA_E?KQ_U?Go?s?	46	3fffffffffff
N???EA_E?KQ_U?GoDA?	46	1ffffffffb7fe
N???EA_E?KQ_U?GoCa?	46	3fffffffffff
N???EA_E?KQ_U?Go?q?	46	3fffffffffff
N???EA_E?KQ_U?GoCE?	46	3ffdf7ffff77f
N???EA_E?KQ_U?GoD@?	46	3fffffffffff
N???EA_E?KQ_U?GoC`?	46	3fffffffffff
N???EA_E?KQ_U?Go@`?	46	3fffffffffff
N???EA_E?KQ_U?GoCP?	46	3fffffffffff
N???EA_E?KQ_U?Go@P?	46	3fffffffffff
N???EA_E?KQ_U?Go?d?	46	3fffffffffff
N???EA_E?KQ_U?Go?b?	46	3fffffffffff
N???EA_E?KI_Y?K_@o?	46	3ffffffff87ff
N???EA_E?KI_Y?K_Og?	46	3fffffffffff
N???EA_E?KI_Y?K_@g?	46	3fffffffffff
N???EA_E?KI_Y?K_?w?	46	3fffffffffff
N???EA_E?KI_Y?K_@K?	46	1ffffffffb7fe
N???EA_E?KI_Y?K_OI?	46	1ffffffffb7fe
N???EA_E?KI_L?a_L??	46	3fffffffffff
N???EA_E?KI_L?a_HO?	46	3fffffffffff
N???EA_E?KI_L?a_DG?	46	3fffffffffff
N???EA_E?KI_L?a_@W?	46	3fffffffffff
N???EA_E?KI_L?a_GK?	46	3fffffffffff
N???EA_E?KI_L?a_KA?	46	3fffffffffff
N???EA_E?KI_L?a_GQ?	46	3fffffffffff
N???EA_E?KI_L?Q_T??	46	3fffffffffff
N???EA_E?KI_L?Q_DO?	46	3ffffffff87ff
N???EA_E?KI_L?Q_SG?	46	3fffffffffff
N???EA_E?KI_L?Q_PG?	46	3fffffffffff
N???EA_E?KI_L?Q_DG?	46	3fffffffffff
N???EA_E?KI_L?Q_PC?	46	3fffffffffff
N???EA_E?KI_L?Q_OK?	46	3fffffffffff
N???EA_E?KI_L?Q_CK?	46	3fffffffffff
N???EA_E?KI_L?Q_@K?	46	3fffffffffff
N???EA_E?KI_L?Q_SA?	46	3fffffffffff
N???EA_E?KI_L?Q_DA?	46	3ffff7dfdf7ff
N???EA_E?KI_L?Q_OQ?	46	3fffffffffff
N???EA_E?KI_L?Q_CQ?	46	3ffff7dfdf7ff
N???EA_E?KI_L?Q_@Q?	46	3faeffff75e937d2
N???EA_E?KI_L?Q_?Y?	46	3ffffffffffd2
N???EA_E?KI_L?Q_OE?	46	3fffffffffff
N???EA_E?KI_L?Q_?U?	46	3fffffffffff
N???EA_E?KI_L?Q_?M?	46	3fffffffffff
N???EA_E?KI_L?Q_OB?	46	3fffffffffff
N???EA_E?KI_L?Q_CB?	46	3fffffff0ffff
N???EA_E?KI_L?Q_?J?	46	3ffffffffffcc
N???EA_E?KI_L?Q_?F?	46	3fffffffffff
N???EA_E?KI_L?Ao[??	46	3fffffffffff
N???EA_E?KI_L?AoX??	46	3fffffffffff
N???EA_E?KI_L?AoT??	46	3fffffffffff
N???EA_E?KI_L?AoHO?	46	3ffffffffffe1
N???EA_E?KI_L?AoWC?	46	3fffffffffff
N???EA_E?KI_L?AoHC?	46	3fffffffffff
N???EA_E?KI_L?AoDC?	46	3fffffffffff
N???EA_E?KI_L?Ao@S?	46	3fffffffffff
N???EA_E?KI_L?AoSA?	46	3fffffffffff
N???EA_E?KI_L?AoGQ?	46	3ffffffffffd2
N???EA_E?KI_L?AoCQ?	46	3fffffffffff
N???EA_E?KI_L?Ao@Q?	46	3effffffffcfe
N???EA_E?KI_L?AoCE?	46	3fffffffffff
N???EA_E?KI_L?AoOB?	46	3fffffffffff
N???EA_E?KI_L?AoGB?	46	3ffffffffffcc
N???EA_E?KI_L?Ac[??	46	3ffeff7ff7eff
N???EA_E?KI_L?AcL??	46	3ffff7dfdf7ff
N???EA_E?KI_L?AcWO?	46	3fffffffffff
N???EA_E?KI_L?AcKO?	46	3ffff7dfdf7ff
N???EA_E?KI_L?AcWG?	46	37ffffbfefffb
N???EA_E?KI_L?AcSG?	46	37ffffbfefffb
N???EA_E?KI_L?AcKG?	46	37ffffbfefffb
N???EA_E?KI_L?AcDG?	46	3fffffffffff
N???EA_E?KI_L?AcGW?	46	3ffffffffffd2
N???EA_E?KI_L?AcW@?	46	3fffffffffff
N???EA_E?KI_L?AcK@?	46	3fffffff0ffff
N???EA_E?KI_L?AcOH?	46	3fffffffffff
N???EA_E?KI_J?E_[??	46	3fffffffffff
N???EA_E?KI_J?E_SG?	46	3fffffffffff
N???EA_E?KI_J?E_OK?	46	3fffffffffff
N???EA_E?KI_J?E_KA?	46	3ffff7dfdf7ff
N???EA_E?KI_J?E_GI?	46	3ffffffffffd2
N???EA_E?KI_Q_M?Co?	46	3ffffffff87ff
N???EA_E?KI_Q_M?Oc?	46	3fffffffffff
N???EA_E?KI_Q_M?OK?	46	1ffffffffb7fe
N???EA_E?KI_Q_M??q?	46	3faeffff75e937d2
N???EA_E?KI_Q_M?OE?	46	1ffffffffb7fe
N???EA_E?KI_Q_M?OD?	46	3fffffffffff
N???EA_E?KI_Q_M??b?	46	2ffdeff7fe70fccc
N???EA_E?KI_Q_J?U??	46	3fffffffffff
N???EA_E?KI_Q_J?EO?	46	3ffffffff87ff
N???EA_E?KI_Q_J?SG?	46	3fffffffffff
N???EA_E?KI_Q_J?EG?	46	3fffffffffff
N???EA_E?KI_Q_J?SC?	46	3fffffffffff
N???EA_E?KI_Q_J?QC?	46	3fffffffffff
N???EA_E?KI_Q_J?AK?	46	3fffffffffff
N???EA_E?KI_Q_J?EA?	46	3ffff7dfdf7ff
N???EA_E?KI_Q_J?OQ?	46	3fffffffffff
N???EA_E?KI_Q_J?CQ?	46	3ffff7dfdf7ff
N???EA_E?KI_Q_J?AQ?	46	3faeffff75e937d2
N???EA_E?KB_U?W_CK?	46	3faeffff75e937d2
N???EA_E?KB_U?W_?q?	46	3faeffff75e937d2
N???EA_E?KB_U?W_OE?	46	1ffffffffb7fe
N???EA_E?KB_U?W_?U?	46	3fffffffffff
N???EA_E?KB_U?H_SG?	46	3ffff7dfdf7ff
N???EA_E?KB_U?H_KA?	46	3ffff7dfdf7ff
N???EA_E?KB_U?H_CI?	46	3fffffffffff
N???EA_E?KB_U?H_OD?	46	3fffffff0ffff
N???EA_E?KB_U?GoSO?	46	3faeffff75e937d2
N???EA_E?KB_U?GoSA?	46	1ffffffffb7fe
N???EA_E?KB_U?GoCa?	46	3fffffffffff
N???EA_E?KB_U?GoCQ?	46	3fffffffffff
N???EA_E?KB_U?Go?q?	46	3effffffffcfe
N???EA_E?KB_U?GoS@?	46	3ffffffffffcc
N???EA_E?KB_U?GoOP?	46	3effffffffb7e
N???EA_E?KB_U?GgSO?	46	3faeffff75e937d2
N???EA_E?KB_U?GgSG?	46	3faeffff75e937d2
N???EA_E?KB_U?GgWA?	46	3faeffff75e937d2
N???EA_E?KB_U?GgGa?	46	3ffe7f8f6b7ef07b
N???EA_E?KB_U?Gc[??	46	3ffffffffffcc
N???EA_E?KB_U?GcK_?	46	3ffff7dfdf7ff
N???EA_E?KB_U?GcKO?	46	3ffff7dfdf7ff
N???EA_E?KB_U?GcOo?	46	3fffffffffff
N???EA_E?KB_U?GcGo?	46	3faeffff75e937d2
N???EA_E?KB_U?GcCo?	46	3ff8ffe76cfdf6e1
N???EA_E?KB_U?GcSG?	46	1ffffffffb7fe
N???EA_E?KB_U?GcCg?	46	3fffffffffff
N???EA_E?KB_U?Gc?w?	46	3effffffffcfe
N???EA_E?KB_U?GcWC?	46	3fdffffffb7fe
N???EA_E?KB_U?GcGc?	46	3fffffffffff
N???EA_E?KB_U?GcCc?	46	3ffffffffffd2
N???EA_E?KB_U?GcOS?	46	3fffffffffff
N???EA_E?KB_U?GcCS?	46	3ffffffffffd2
N???EA_E?KB_U?Gc?s?	46	3ffffffffffd2
N???EA_E?KB_U?GcOK?	46	7ff9f7ffff77f
N???EA_E?KB_U?GcGP?	46	2ffdeff7fe70fccc
N???EA_E?KB_U?GcCP?	46	37ff6fdff9f0fb52
N???EA_E?KB_U?Gc?h?	46	3effffffffb7e
N???EA_E?KB_U?GcOD?	46	3fffffffffff
N???EA_E?KB_U?GaSG?	46	2ffdeff7fe70fccc
N???EA_E?KB_U?GaOW?	46	7ebfffffffb7e
N???EA_E?KB_U?GaOK?	46	3fefebfbbba64b7e
N???EA_E?KB_U?GaSA?	46	3fffffffffff
N???EA_E?KB_U?GaOE?	46	3fbffffffcffe
N???EA_E?KB_T?g_L??	46	3fffffffffff
N???EA_E?KB_T?g_KO?	46	3fffffffffff
N???EA_E?KB_T?g_KG?	46	3fff7fefdfeff
N???EA_E?KB_T?g_DG?	46	3fffffffffff
N???EA_E?KB_T?g_HC?	46	3fffffffffff
N???EA_E?KB_T?g_GS?	46	3fffffffffff
N???EA_E?KB_T?g_@S?	46	3fffffffffff
N???EA_E?KB_T?g_@K?	46	3fffffffffff
N???EA_E?KB_T?g_KA?	46	3fffffffffff
N???EA_E?KB_T?g_GQ?	46	3fffffffffff
N???EA_E?KB_T?g_GE?	46	3fffffffffff
N???EA_E?KB_T?g_K@?	46	3fffffffffff
N???EA_E?KB_T?g_H@?	46	1ffffffffb7fe
N???EA_E?KB_T?W_T??	46	3fffffffffff
N???EA_E?KB_T?W_SG?	46	3fff7fefdfeff
N???EA_E?KB_T?W_OW?	46	3fffffffffff
N???EA_E?KB_T?W_CW?	46	3fffffffffff
N???EA_E?KB_T?W_PC?	46	3fffffffffff
N???EA_E?KB_T?W_OS?	46	3fffffffffff
N???EA_E?KB_T?W_CK?	46	2fffff7ff7ffb
N???EA_E?KB_T?W_SA?	46	3fffffffffff
N???EA_E?KB_T?W_DA?	46	3ffff7dfdf7ff
N???EA_E?KB_T?W_OQ?	46	3fffffffffff
N???EA_E?KB_T?W_@Q?	46	3faeffff75e937d2
N???EA_E?KB_T?W_OE?	46	3fffffffffff
N???EA_E?KB_T?W_S@?	46	3fffffffffff
N???EA_E?KB_T?W_D@?	46	3ffff7dfdf7ff
N???EA_E?KB_T?W_OD?	46	3fffffffffff
N???EA_E?KB_T?W_?L?	46	3fffffffffff
N???EA_E?KB_T?W_CB?	46	3fffffff0ffff
N???EA_E?KB_T?I_[??	46	3fffffffffff
N???EA_E?KB_T?I_SG?	46	3fffffffffff
N???EA_E?KB_T?I_WC?	46	3fffffffffff
N???EA_E?KB_T?I_KA?	46	3ffff7dfdf7ff
N???EA_E?KB_T?I_OI?	46	3fffffffffff
N???EA_E?KB_T?I_?Y?	46	3effffffffcfe
N???EA_E?KB_T?I_W@?	46	3fffffffffff
N???EA_E?KB_T?I_OD?	46	3fffffffffff
N???EA_E?KB_T?Go[??	46	3fff7fefdfeff
N???EA_E?KB_T?GoT??	46	3fffffffffff
N???EA_E?KB_T?GoWO?	46	3fffffffffff
N???EA_E?KB_T?GoSO?	46	2fffff7ff7ffb
N???EA_E?KB_T?GoOS?	46	3ffeff7ff7eff
N???EA_E?KB_T?GoCS?	46	3ffffbbfeefff
N???EA_E?KB_T?GoSA?	46	3fffffffffff
N???EA_E?KB_T?Go@Q?	46	3effffffffcfe
N???EA_E?KB_T?GoS@?	46	3fffffffffff
N???EA_E?KB_T?GoD@?	46	3fffffffffff
N???EA_E?KB_T?GoOD?	46	3fffffffffff
N???EA_E?KB_T?Gg[??	46	3fff7fefdfeff
N???EA_E?KB_T?GgX??	46	3ffeff7ff7eff
N???EA_E?KB_T?GgWO?	46	3fffffffffff
N???EA_E?KB_T?GgSO?	46	2fffff7ff7ffb
N???EA_E?KB_T?GgSG?	46	2fffff7ff7ffb
N???EA_E?KB_T?GgKG?	46	2fffff7ff7ffb
N???EA_E?KB_T?GgPG?	46	37ffffbfefffb
N???EA_E?KB_T?GgOW?	46	3ffeff7ff7eff
N???EA_E?KB_T?GgGW?	46	3fffffffffff
N???EA_E?KB_T?GgWA?	46	2fffff7ff7ffb
N???EA_E?KB_T?GgOQ?	46	3fffffffffff
N???EA_E?KB_T?GgW@?	46	3fffffffffff
N???EA_E?KB_T?GgP@?	46	3fffffffffff
N???EA_E?KB_T?GgGH?	46	3fffbffbf7f7f
N???EA_E?KB_T?GgOB?	46	3fffffffffff
N???EA_E?KB_T?GgCB?	46	3ffffffffffcc
N???EA_E?KB_T?Gc[??	46	3fffffffffff
N???EA_E?KB_T?GcL??	46	3ffff7dfdf7ff
N???EA_E?KB_T?GcSG?	46	3fffffffffff
N???EA_E?KB_T?GcPG?	46	3fffffffffff
N???EA_E?KB_T?Gc@W?	46	3effffffffcfe
N???EA_E?KB_T?GcWC?	46	3fffffffffff
N???EA_E?KB_T?GcW@?	46	3fffffffffff
N???EA_E?KB_T?GcOD?	46	3fffffffffff
N???EA_E?KB_T?Ga[??	46	3fffffffffff
N???EA_E?KB_T?GaKO?	46	3ffff7dfdf7ff
N???EA_E?KB_T?GaSG?	46	3effffffffcfe
N???EA_E?KB_T?GaPG?	46	3ffdffdfdff7f
N???EA_E?KB_T?GaWC?	46	3ffff7dfdf7ff
N???EA_E?KB_T?GaPC?	46	3fffffffffff
N???EA_E?KB_T?GaCS?	46	3ffffffffffd2
N???EA_E?KB_T?GaOK?	46	3fffbffbf7f7f
N???EA_E?KB_T?GaOE?	46	3fffffffffff
N???EA_E?KB_S_Y?SG?	46	3ffffffffffcc
N???EA_E?KB_S_Y?Oc?	46	3fffffffffff
N???EA_E?KB_S_Y?OS?	46	3fffffffffff
N???EA_E?KB_S_Y?CK?	46	1ffffffffb7fe
N???EA_E?KB_S_Y??q?	46	3faeffff75e937d2
N???EA_E?KB_S_Y?OE?	46	1ffffffffb7fe
N???EA_E?KB_S_Y?OD?	46	3fffffffffff
N???EA_E?KB_S_X?SG?	46	7fffffffefff
N???EA_E?KB_S_X?OW?	46	3fffffffffff
N???EA_E?KB_S_X?CW?	46	3fffffffffff
N???EA_E?KB_S_X?PC?	46	3fffffffffff
N???EA_E?KB_S_X?OS?	46	3fffffffffff
N???EA_E?KB_S_X??[?	46	3fffffffffff
N???EA_E?KB_S_X?OQ?	46	3fffffffffff
N???EA_E?KB_S_X??U?	46	3fffffffffff
N???EA_E?KB_E_X?OB?	46	3fffffffdef7e
N???EA_E?KB_E_X?GB?	46	2ffdeff7fe70fccc
N???EA_E?KB_E_X??J?	46	feffffffff37c
N???EA_E?KB_E_WCK_?	46	3ffff7dfdf7ff
N???EA_E?KB_E_WCOo?	46	3fffffffcfefb
N???EA_E?KB_E_WCGo?	46	3faeffff75e937d2
N???EA_E?KB_E_WC?w?	46	fefffffffecfa
N???EA_E?KB_E_WC?k?	46	7ffffffffffe
N???EA_E?KB_E_WCO`?	46	3fffffffdef7e
N???EA_E?KB_E_WCG`?	46	2ffdeff7fe70fccc
N???EA_E?KB_E_WC?h?	46	feffffffff37c
N???EA_E?KB_D_Y?KA?	46	3ffff7dfdf7ff
N???EA_E?KSG[?B_Go?	46	3faeffff75e937d2
N???EA_E?KSG[?B_@c?	46	3fffbffbf7f7f
N???EA_E?KSG[?B_?s?	46	3fefebfbbba64b7e
N???EA_E?KSGU?D_Co?	46	2fffff7ff7ffb
N???EA_E?KSGU?D_Cc?	46	3fffffffffff
N???EA_E?KSGM?P_Ac?	46	3fffffffffff
N???EA_E?KSGM?P_?F?	46	7fffffff7fff
N???EA_E?KSGT?Q_F??	46	3ffffffffffcc
N???EA_E?KSGT?E_DC?	46	1ffffffffb7fe
N???EA_E?KSGT?E_CS?	46	7ffffffffeff
N???EA_E?KSGL?Q_BC?	46	1ffffffffb7fe
N???EA_E?KSGL?Q_Ac?	46	3ffffffff7efc
N???EA_E?KSGL?Q_@c?	46	3fffffffffff
N???EA_E?KSGL?Q_?F?	46	7ffffffffeff
N???EA_E?KSGDCQ_CD?	46	fffdffdfd7e7f
N???EA_E?KSG@cU?Co?	46	effefffffeefa
N???EA_E?KSG@cU?Cc?	46	7ffffffffffe
N???EA_E?KSG@cU?CD?	46	ffffffff7ffe
N???EA_E?KKGs?B_E_?	46	3effffffffcfe
N???EA_E?KKGs?B_D_?	46	3ffff7dfdf7ff
N???EA_E?KKGs?B_Co?	46	3faeffff75e937d2
N???EA_E?KKGs?B_Ac?	46	3ffffffffffd2
N???EA_E?KKGs?B_@c?	46	3fffbffbf7f7f
N???EA_E?KKGs?B_?s?	46	3fefebfbbba64b7e
N???EA_E?KKGs?B_C`?	46	2ffdeff7fe70fccc
N???EA_E?KKGs?B_?d?	46	3fefedefe76634fe
N???EA_E?KKGk?B_Go?	46	3faeffff75e937d2
N???EA_E?KKGk?B_?s?	46	3fefebfbbba64b7e
N???EA_E?KKGe?P_E_?	46	3fffffffffff
N???EA_E?KKGe?P_B_?	46	3fffffffffff
N???EA_E?KKGe?P_Ao?	46	3fffffffffff
N???EA_E?KKGe?P_Ac?	46	3fffffffffff
N???EA_E?KKGe?P_Ca?	46	3fffffffffff
N???EA_E?KKGe?P_?e?	46	3fffffffffff
N???EA_E?KKGe?P_AD?	46	3fffffffffff
N???EA_E?KKGe?P_CB?	46	3fffffffffff
N???EA_E?KKGe?P_?F?	46	3fffffffffff
N???EA_E?KKGe?D_K_?	46	3fffffffffff
N???EA_E?KKGe?D_Co?	46	7ffffffffeff
N???EA_E?KKGe?D_Gc?	46	3fffffffffff
N???EA_E?KKGe?D_?s?	46	3fffffffffff
N???EA_E?KKGe?D_Ca?	46	3fffffffffff
N???EA_E?KKGe?D_C`?	46	7fffffffff7f
N???EA_E?KKGe?D_CB?	46	3fffffffffff
N???EA_E?KKGe?@cK_?	46	7ffffffffffd
N???EA_E?KKGe?@cGo?	46	7fffffffefff
N???EA_E?KKGe?@cCo?	46	ffffffff6fff
N???EA_E?KKGe?@cGc?	46	7ffffffffffe
N???EA_E?KKGe?@c?s?	46	7ffffffdffff
N???EA_E?KKGe?@cK@?	46	fffffffdfffb
N???EA_E?KKGe?@cC`?	46	ffffffff77ff
N???EA_E?KKGe?@cGD?	46	ffffffff7ffe
N???EA_E?KKGU?D_S_?	46	3fffffffffff
N???EA_E?KKGU?D_Oc?	46	3fffffffffff
N???EA_E?KKGU?D_S@?	46	7ffffffff7ff
N???EA_E?KKGU?@cS_?	46	7ffffffffffd
N???EA_E?KKGU?@cOo?	46	7fffffffefff
N???EA_E?KKGU?@cOc?	46	7ffffffffffe
N???EA_E?KKGU?@cS@?	46	fffffffdfffb
N???EA_E?KKGU?@cOD?	46	ffffffff7ffe
N???EA_E?KKGd?Q_F??	46	3ffffffffffcc
N???EA_E?KKGd?Q_E_?	46	3fffffffffff
N???EA_E?KKGd?Q_D_?	46	3fffffffffff
N???EA_E?KKGd?Q_B_?	46	3fffffffffff
N???EA_E?KKGd?Q_DO?	46	3fffffffffff
N???EA_E?KKGd?Q_BO?	46	3fffffffffff
N???EA_E?KKGd?Q_BC?	46	1ffffffffb7fe
N???EA_E?KKGd?Q_Ac?	46	3fffffffffff
N???EA_E?KKGd?Q_@c?	46	3fffffffffff
N???EA_E?KKGd?Q_@S?	46	3fffffffffff
N???EA_E?KKGd?Q_EA?	46	1ffffffffb7fe
N???EA_E?KKGd?Q_DA?	46	1ffffffffb7fe
N???EA_E?KKGd?Q_?q?	46	3fffffffffff
N???EA_E?KKGd?Q_AE?	46	3ffdf7ffff77f
N???EA_E?KKGd?Q_@E?	46	3ffdf7ffff77f
N???EA_E?KKGd?Q_CB?	46	3fffffffffff
N???EA_E?KKGd?Q_?F?	46	3fffffffffff
N???EA_E?KKGd?I_J??	46	3ffffffffffcc
N???EA_E?KKGd?I_BC?	46	1ffffffffb7fe
N???EA_E?KKGd?I_?q?	46	3fffffffffff
N???EA_E?KKGd?E_L??	46	3ffffffffffcc
N???EA_E?KKGd?E_D_?	46	3fffffffffff
N???EA_E?KKGd?E_KO?	46	7fffffffefff
N???EA_E?KKGd?E_DO?	46	3fffffffffff
N???EA_E?KKGd?E_Go?	46	3fffffffffff
N???EA_E?KKGd?E_Co?	46	3fffffffffff
N???EA_E?KKGd?E_HC?	46	1ffffffffb7fe
N???EA_E?KKGd?E_Gc?	46	7ebfffffffb7e
N???EA_E?KKGd?E_GS?	46	7ffffffffeff
N???EA_E?KKGd?E_?s?	46	3fffffffffff
N???EA_E?KKGd?E_KA?	46	1ffffffffb7fe
N???EA_E?KKGd?E_DA?	46	1ffffffffb7fe
N???EA_E?KKGd?E_Ca?	46	3fffffffffff
N???EA_E?KKGd?E_CQ?	46	3fffffffffff
N???EA_E?KKGd?E_GE?	46	3ffdf7ffff77f
N???EA_E?KKGd?E_H@?	46	3fffffffffff
N???EA_E?KKGd?E_D@?	46	3fffffffffff
N???EA_E?KKGd?E_C`?	46	3fffffffffff
N???EA_E?KKGd?E_CP?	46	3fffffffffff
N???EA_E?KKGd?AgJ??	46	1ffffffffb7fe
N???EA_E?KKGd?AgF??	46	1ffffffffb7fe
N???EA_E?KKGT?E_T??	46	3ffffffffffcc
N???EA_E?KKGT?E_S_?	46	1ffffffffb7fe
N???EA_E?KKGT?E_P_?	46	3fffffffffff
N???EA_E?KKGT?E_SO?	46	7fffffffefff
N???EA_E?KKGT?E_Oo?	46	3fffffffffff
N???EA_E?KKGT?E_PC?	46	1ffffffffb7fe
N???EA_E?KKGT?E_Oc?	46	7ebfffffffb7e
N???EA_E?KKGT?E_OS?	46	7ffffffffeff
N???EA_E?KKGT?E_SA?	46	1ffffffffb7fe
N???EA_E?KKGT?E_OE?	46	3ffdf7ffff77f
N???EA_E?KKGT?E_S@?	46	7ffffffff7ff
N???EA_E?KKGT?E_P@?	46	3fffffffffff
N???EA_E?KKGT?AgR??	46	1ffffffffb7fe
N???EA_E?KKGT?AcU??	46	3faeffff75e937d2
N???EA_E?KKGT?AcT??	46	7ffffffffb77c
N???EA_E?KKGT?AcS_?	46	3ffe7f8f6b7ef07b
N???EA_E?KKGT?AcSO?	46	3fffffffcff7d
N???EA_E?KKGT?AcOo?	46	3fffffffffff
N???EA_E?KKGT?AcS@?	46	ffffbffbd7e7f
N???EA_E?KKGT?AcOD?	46	f7ffffbfe7ff9
N???EA_E?KKGDGAcOo?	46	3fffffffffff
N???EA_E?KIGi?P_E_?	46	3fffffffffff
N???EA_E?KIGi?P_B_?	46	3fffffffffff
N???EA_E?KIGi?P_Co?	46	3ffffffffffd2
N???EA_E?KIGi?P_Ao?	46	37fffbfffeffb
N???EA_E?KIGi?P_@o?	46	7ffffffeffff
N???EA_E?KIGi?P_?s?	46	1ffffffffcffe
N???EA_E?KIGi?P_@a?	46	3fffffffffff
N???EA_E?KIGi?P_?e?	46	3fffffffffff
N???EA_E?KIGi?P_B@?	46	3fffffffffff
N???EA_E?KIGi?P_?F?	46	3fffffffffff
N???EA_E?KIGi?H_@c?	46	3fffbffbf7f7f
N???EA_E?KIGi?H_?s?	46	3fefebfbbba64b7e
N???EA_E?KIGi?B_I_?	46	3fffffffffff
N???EA_E?KIGi?B_Co?	46	3fffbffbf7f7f
N???EA_E?KIGi?B_Ao?	46	7fffffff7fff
N???EA_E?KIGi?B_?s?	46	3bfffffbf7ffd
N???EA_E?KIGi?B_?q?	46	6fffef7ff7ffb
N???EA_E?KIGi?B_A`?	46	7ffffffffeff
N???EA_E?KIGi?B_?b?	46	7bffdffbf7ffd
N???EA_E?KIGi?@gD_?	46	3fffbffbf7f7f
N???EA_E?KIGi?@cGo?	46	7fffffffefff
N???EA_E?KIGi?@cCo?	46	fffffffdefff
N???EA_E?KIGi?@cGc?	46	7ffffffffffe
N???EA_E?KIGi?@c?s?	46	fffffffcffff
N???EA_E?KIGi?@cGD?	46	7ffffffffffe
N???EA_E?KIGY?`_E_?	46	3fffffffffff
N???EA_E?KIGY?`_D_?	46	3fffffffffff
N???EA_E?KIGY?`_B_?	46	3fffffffffff
N???EA_E?KIGY?`_Ao?	46	3fffffffffff
N???EA_E?KIGY?`_@o?	46	3fffffffffff
N???EA_E?KIGY?`_?s?	46	3fbffffffcffe
N???EA_E?KIGY?`_@a?	46	3fffffffffff
N???EA_E?KIGY?`_?q?	46	7fffffffefff
N???EA_E?KIGY?`_?e?	46	3fffffffffff
N???EA_E?KIGY?`_B@?	46	3fffffffffff
N???EA_E?KIGY?`_?F?	46	3fffffffffff
N???EA_E?KIGY?H_Q_?	46	3fffffffffff
N???EA_E?KIGY?H_P_?	46	3fffffffffff
N???EA_E?KIGY?H_B_?	46	3fffffffffff
N???EA_E?KIGY?H_Oo?	46	3ffffffffffd2
N???EA_E?KIGY?H_@o?	46	3fffffffffff
N???EA_E?KIGY?H_Ac?	46	3fffffffffff
N???EA_E?KIGY?H_@c?	46	3fffffffffff
N???EA_E?KIGY?H_?s?	46	1ffffffffcffe
N???EA_E?KIGY?H_Aa?	46	3fffffffffff
N???EA_E?KIGY?H_@a?	46	3fffffffffff
N???EA_E?KIGY?H_B@?	46	3fffffffffff
N???EA_E?KIGY?H_AD?	46	3fffffffffff
N???EA_E?KIGY?@gB_?	46	7ffffffffffd
N???EA_E?KIGY?@gAa?	46	7ffffffffffe
N???EA_E?KIGY?@gB@?	46	7ffffffffffb
N???EA_E?KIGY?@gAB?	46	7ffffffffffe
N???EA_E?KIGh?Q_F??	46	3ffffffffffcc
N???EA_E?KIGh?Q_B_?	46	3fffffffffff
N???EA_E?KIGh?Q_EO?	46	3fffffffffff
N???EA_E?KIGh?Q_DO?	46	3fffffffffff
N???EA_E?KIGh?Q_BO?	46	1ffffeffff7fd
N???EA_E?KIGh?Q_Ao?	46	3fffffffffff
N???EA_E?KIGh?Q_@o?	46	3fffffffffff
N???EA_E?KIGh?Q_BC?	46	1ffffffffb7fe
N???EA_E?KIGh?Q_?s?	46	1ffffffffcffe
N???EA_E?KIGh?Q_EA?	46	1ffffffffb7fe
N???EA_E?KIGh?Q_DA?	46	1ffffffffb7fe
N???EA_E?KIGh?Q_BA?	46	1ffffffffb7fe
N???EA_E?KIGh?Q_?q?	46	3fffffffffff
N???EA_E?KIGh?Q_AE?	46	3ffdf7ffff77f
N???EA_E?KIGh?Q_@E?	46	3ffdf7ffff77f
N???EA_E?KIGh?Q_D@?	46	3fffffffffff
N???EA_E?KIGh?Q_B@?	46	3fffffffffff
N???EA_E?KIGh?Q_CP?	46	3ffffffffffcc
N???EA_E?KIGh?Q_?T?	46	1ffffffffb7fe
N???EA_E?KIGh?Q_?F?	46	3fffffffffff
N???EA_E?KIGh?I_J??	46	3ffffffffffcc
N???EA_E?KIGh?I_B_?	46	3fffffffffff
N???EA_E?KIGh?I_BO?	46	3fffffffffff
N???EA_E?KIGh?I_BC?	46	1ffffffffb7fe
N???EA_E?KIGh?I_@c?	46	3fffbffbf7f7f
N???EA_E?KIGh?I_?s?	46	3fefebfbbba64b7e
N???EA_E?KIGh?I_B@?	46	3fffffffffff
N???EA_E?KIGh?I_AP?	46	3fffffffffff
N???EA_E?KIGh?E_L??	46	3ffffffffffcc
N???EA_E?KIGh?E_H_?	46	3fffffffffff
N???EA_E?KIGh?E_Go?	46	3fffffffffff
N???EA_E?KIGh?E_HC?	46	1ffffffffb7fe
N???EA_E?KIGh?E_GE?	46	3ffdf7ffff77f
N???EA_E?KIGh?E_D@?	46	3fffffffffff
N???EA_E?KIGh?E_C`?	46	7edfffffffcfe
N???EA_E?KIGh?E_@`?	46	3fffffffffff
N???EA_E?KIGh?B_J??	46	3fffffffffff
N???EA_E?KIGh?B_F??	46	3fffffffffff
N???EA_E?KIGh?B_IO?	46	3fffffffffff
N???EA_E?KIGh?B_BO?	46	3fffffffffff
N???EA_E?KIGh?B_KC?	46	3ffffffffffd2
N???EA_E?KIGh?B_DC?	46	3fffbffbf7f7f
N???EA_E?KIGh?B_CS?	46	3fefebfbbba64b7e
N???EA_E?KIGh?B_GQ?	46	3fffffffffff
N???EA_E?KIGh?B_@Q?	46	6fffef7ff7ffb
N???EA_E?KIGh?B_E@?	46	3fffffffffff
N???EA_E?KIGh?B_B@?	46	3fffffffffff
N???EA_E?KIGh?B_@B?	46	7bffdffbf7ffd
N???EA_E?KIGh?AgJ??	46	1ffffffffb7fe
N???EA_E?KIGh?AgF??	46	1ffffffffb7fe
N???EA_E?KIGh?AgD_?	46	3fffbffbf7f7f
N???EA_E?KIGh?AgHO?	46	3fffffffffff
N???EA_E?KIGh?AgDO?	46	3fffbffbf7f7f
N???EA_E?KIGh?AgGo?	46	1ffffffffcffe
N???EA_E?KIGh?AgCo?	46	3fefebfbbba64b7e
N???EA_E?KIGh?AgIA?	46	3ffdf7ffff77f
N???EA_E?KIGh?AgB@?	46	3fffffffffff
N???EA_E?KIGX?a_F??	46	3ffffffffffcc
N???EA_E?KIGX?a_E_?	46	3fffffffffff
N???EA_E?KIGX?a_D_?	46	3fffffffffff
N???EA_E?KIGX?a_B_?	46	3fffffffffff
N???EA_E?KIGX?a_EO?	46	3fffffffffff
N???EA_E?KIGX?a_DO?	46	3fffffffffff
N???EA_E?KIGX?a_BO?	46	3fffffffffff
N???EA_E?KIGX?a_Co?	46	3ffffffffffd2
N???EA_E?KIGX?a_Ao?	46	3fffffffffff
N???EA_E?KIGX?a_@o?	46	3fffffffffff
N???EA_E?KIGX?a_BC?	46	1ffffffffb7fe
N???EA_E?KIGX?a_?s?	46	1ffffffffcffe
N???EA_E?KIGX?a_EA?	46	1ffffffffb7fe
N???EA_E?KIGX?a_DA?	46	1ffffffffb7fe
N???EA_E?KIGX?a_@a?	46	3fffffffffff
N???EA_E?KIGX?a_AQ?	46	3fffffffffff
N???EA_E?KIGX?a_@Q?	46	3fffffffffff
N???EA_E?KIGX?a_?q?	46	3fffffffffff
N???EA_E?KIGX?a_AE?	46	3ffdf7ffff77f
N???EA_E?KIGX?a_@E?	46	3ffdf7ffff77f
N???EA_E?KIGX?a_B@?	46	3fffffffffff
N???EA_E?KIGX?a_C`?	46	3ffffffffffcc
N???EA_E?KIGX?a_CP?	46	3ffffffffffcc
N???EA_E?KIGX?a_?T?	46	1ffffffffb7fe
N???EA_E?KIGX?a_?F?	46	3fffffffffff
N???EA_E?KIGX?I_R??	46	3ffffffffffcc
N???EA_E?KIGX?I_Q_?	46	3fffffffffff
N???EA_E?KIGX?I_P_?	46	3fffffffffff
N???EA_E?KIGX?I_B_?	46	3fffffffffff
N???EA_E?KIGX?I_QO?	46	3fffffffffff
N???EA_E?KIGX?I_BO?	46	3fffffffffff
N???EA_E?KIGX?I_Oo?	46	3ffffffffffd2
N???EA_E?KIGX?I_Ao?	46	3fffffffffff
N???EA_E?KIGX?I_@o?	46	3fffffffffff
N???EA_E?KIGX?I_BC?	46	1ffffffffb7fe
N???EA_E?KIGX?I_Ac?	46	3fffffffffff
N???EA_E?KIGX?I_@c?	46	3fffffffffff
N???EA_E?KIGX?I_AS?	46	3fffffffffff
N???EA_E?KIGX?I_@S?	46	3fffffffffff
N???EA_E?KIGX?I_?s?	46	1ffffffffcffe
N???EA_E?KIGX?I_QA?	46	1ffffffffb7fe
N???EA_E?KIGX?I_PA?	46	1ffffffffb7fe
N???EA_E?KIGX?I_@a?	46	3fffffffffff
N???EA_E?KIGX?I_@Q?	46	3fffffffffff
N???EA_E?KIGX?I_?q?	46	3fffffffffff
N???EA_E?KIGX?I_AE?	46	3ffdf7ffff77f
N???EA_E?KIGX?I_B@?	46	3fffffffffff
N???EA_E?KIGX?I_O`?	46	3ffffffffffcc
N???EA_E?KIGX?I_@`?	46	3fffffffffff
N???EA_E?KIGX?I_OP?	46	3ffffffffffcc
N???EA_E?KIGX?I_?d?	46	1ffffffffb7fe
N???EA_E?KIGX?I_?T?	46	1ffffffffb7fe
N???EA_E?KIGX?B_U??	46	3effffffffcfe
N???EA_E?KIGX?B_T??	46	3fffffffffff
N???EA_E?KIGX?B_R??	46	3fffffffffff
N???EA_E?KIGX?B_F??	46	3fffffffffff
N???EA_E?KIGX?B_SO?	46	3ffffffffffd2
N???EA_E?KIGX?B_QO?	46	3fffffffffff
N???EA_E?KIGX?B_EO?	46	3fffffffffff
N???EA_E?KIGX?B_BO?	46	3ffffffffffe1
N???EA_E?KIGX?B_EC?	46	3ffffffffffd2
N???EA_E?KIGX?B_DC?	46	3fffffffffff
N???EA_E?KIGX?B_OS?	46	1ffffffffcffe
N???EA_E?KIGX?B_CS?	46	1ffffffffcffe
N???EA_E?KIGX?B_SA?	46	3fffffffffff
N???EA_E?KIGX?B_OQ?	46	3fffffffffff
N???EA_E?KIGX?B_AQ?	46	3ffffffffffd2
N???EA_E?KIGX?B_S@?	46	3ffffffffffcc
N???EA_E?KIGX?B_B@?	46	3ffffffffffd2
N???EA_E?KIGX?B_OD?	46	1ffffffffb7fe
N???EA_E?KIGX?B_CD?	46	1ffffffffb7fe
N???EA_E?KIGX?B_AB?	46	3ffffffffffcc
N???EA_E?KIGX?B_@B?	46	3ffffffffffcc
N???EA_E?KIGX?AgR??	46	1ffffffffb7fe
N???EA_E?KIGX?AgPO?	46	3fffffffffff
N???EA_E?KIGX?AgBO?	46	3fffffffffff
N???EA_E?KIGX?AgOo?	46	1ffffffffcffe
N???EA_E?KIGX?AgCo?	46	1ffffffffcffe
N???EA_E?KIGX?AgAo?	46	3fffffffffff
N???EA_E?KIGX?Ag@o?	46	3fffffffffff
N???EA_E?KIGX?AgBA?	46	3ffdf7ffff77f
N???EA_E?KIGX?AgB@?	46	3fffffffffff
N???EA_E?KIGX?AgAB?	46	3fffffffffff
N???EA_E?KIGX?AaU??	46	3ff73fdb9cfdef61
N???EA_E?KIGX?AaT??	46	3fffffffffff
N???EA_E?KIGX?AaR??	46	3fffffffffff
N???EA_E?KIGX?AaF??	46	3fffffffffff
N???EA_E?KIGX?AaS_?	46	2ffdeff7fe70fccc
N???EA_E?KIGX?AaQ_?	46	3fff7fefdfeff
N???EA_E?KIGX?AaB_?	46	3ffffffffffd2
N???EA_E?KIGX?AaSO?	46	3ffffffffffcc
N???EA_E?KIGX?AaBO?	46	3ffffffffffd2
N???EA_E?KIGX?AaBC?	46	3fffffffffff
N???EA_E?KIGX?AaCc?	46	3fefedefe76634fe
N???EA_E?KIGX?AaOS?	46	1ffffffffb7fe
N???EA_E?KIGX?AaSA?	46	1ffffffffcffe
N???EA_E?KIGX?Aa@Q?	46	3ffffffffffcc
N???EA_E?KIGX?AaOE?	46	3ffdf7ffff77f
N???EA_E?KIGL?a_L??	46	3ffffffffffcc
N???EA_E?KIGL?a_H_?	46	3fffffffffff
N???EA_E?KIGL?a_Go?	46	3fffffffffff
N???EA_E?KIGL?a_Co?	46	3fffffffffff
N???EA_E?KIGL?a_HC?	46	1ffffffffb7fe
N???EA_E?KIGL?a_Gc?	46	3fffffffffff
N???EA_E?KIGL?a_?s?	46	3fffffffffff
N???EA_E?KIGL?a_GE?	46	3ffdf7ffff77f
N???EA_E?KIGL?a_D@?	46	3fffffffffff
N???EA_E?KIGL?a_C`?	46	3fffffffffff
N???EA_E?KIGL?a_@`?	46	3fffffffffff
N???EA_E?KIGL?I_X??	46	3ffffffffffcc
N???EA_E?KIGL?I_P_?	46	3fffffffffff
N???EA_E?KIGL?I_WO?	46	3fffffffffff
N???EA_E?KIGL?I_PO?	46	3fffffffffff
N???EA_E?KIGL?I_Oo?	46	3fffffffffff
N???EA_E?KIGL?I_Go?	46	3fffffffffff
N???EA_E?KIGL?I_@o?	46	3ffffffff87ff
N???EA_E?KIGL?I_WC?	46	3fdffffffb7fe
N???EA_E?KIGL?I_Gc?	46	3fffffffffff
N???EA_E?KIGL?I_@c?	46	3fffffffffff
N???EA_E?KIGL?I_@S?	46	3fffffffffff
N???EA_E?KIGL?I_?s?	46	3fffffffffff
N???EA_E?KIGL?I_WA?	46	1ffffffffb7fe
N???EA_E?KIGL?I_PA?	46	1ffffffffb7fe
N???EA_E?KIGL?I_Oa?	46	3fffffffffff
N???EA_E?KIGL?I_OQ?	46	3fffffffffff
N???EA_E?KIGL?I_?q?	46	3ffffef7ef7ff
N???EA_E?KIGL?I_GE?	46	3ffdf7ffff77f
N???EA_E?KIGL?I_?U?	46	3fffffffffff
N???EA_E?KIGL?I_P@?	46	3fffffffffff
N???EA_E?KIGL?I_H@?	46	3fffffffffff
N???EA_E?KIGL?I_O`?	46	3fffffffffff
N???EA_E?KIGL?I_@`?	46	3ffffef7ef7ff
N???EA_E?KIGL?I_OP?	46	3fffffffffff
N???EA_E?KIGL?I_@P?	46	3ffffef7ef7ff
N???EA_E?KIGL?I_?p?	46	7ffbfef7ef7ff
N???EA_E?KIGL?I_?d?	46	3fffffffffff
N???EA_E?KIGL?I_?T?	46	3fffffffffff
N???EA_E?KIGL?I_?b?	46	3ffffbbfeefff
N???EA_E?KIGL?B_[??	46	3effffffffcfe
N???EA_E?KIGL?B_X??	46	3fffffffffff
N???EA_E?KIGL?B_T??	46	3fffffffffff
N???EA_E?KIGL?B_WO?	46	3fffffffffff
N???EA_E?KIGL?B_SO?	46	3fffffffffff
N???EA_E?KIGL?B_WC?	46	3ffffffffffd2
N???EA_E?KIGL?B_DC?	46	3fffffffffff
N???EA_E?KIGL?B_GS?	46	3fffffffffff
N???EA_E?KIGL?B_CS?	46	3fffffffffff
N???EA_E?KIGL?B_SA?	46	3fffffffffff
N???EA_E?KIGL?B_GQ?	46	3ffffffffffd2
N???EA_E?KIGL?B_CQ?	46	3ffffef7ef7ff
N???EA_E?KIGL?B_S@?	46	3fffffffffff
N???EA_E?KIGL?B_H@?	46	3ffffffffffd2
N???EA_E?KIGL?B_D@?	46	3ffffef7ef7ff
N???EA_E?KIGL?B_@P?	46	3fefedefe76634fe
N???EA_E?KIGL?B_CD?	46	3fffffffffff
N???EA_E?KIGL?B_GB?	46	3ffffffffffcc
N???EA_E?KIGL?AgX??	46	1ffffffffb7fe
N???EA_E?KIGL?AgD_?	46	3fffffffffff
N???EA_E?KIGL?AgOo?	46	3fffffffffff
N???EA_E?KIGL?AgGo?	46	3fffffffffff
N???EA_E?KIGL?AgCo?	46	3fffffffffff
N???EA_E?KIGL?Ag@o?	46	3fffffffffff
N???EA_E?KIGL?AgWA?	46	3ffdf7ffff77f
N???EA_E?KIGL?AgHA?	46	3ffdf7ffff77f
N???EA_E?KIGL?Ag?q?	46	3fffffffffff
N???EA_E?KIGL?AgC`?	46	3fffffffffff
N???EA_E?KIGL?Ag@`?	46	3fffffffffff
N???EA_E?KIGL?Ag@P?	46	3fffffffffff
N???EA_E?KIGL?AgGB?	46	3fffffffffff
N???EA_E?KIGL?Aa[??	46	3ff73fdb9cfdef61
N???EA_E?KIGL?AaT??	46	3fffffffffff
N???EA_E?KIGL?AaL??	46	3fffffffffff
N???EA_E?KIGL?AaS_?	46	3fff7fefdfeff
N???EA_E?KIGL?AaH_?	46	3ffffffffffd2
N???EA_E?KIGL?AaD_?	46	3ffffef7ef7ff
N???EA_E?KIGL?AaSO?	46	3fffffffffff
N???EA_E?KIGL?AaPC?	46	3fffffffffff
N???EA_E?KIGL?AaSA?	46	1ffffffffcffe
N???EA_E?KIGL?AaHA?	46	3ffffffffffcc
N???EA_E?KIG`_M?K_?	46	3fffffffffff
N???EA_E?KIG`_M?H_?	46	3fffffffffff
N???EA_E?KIG`_M?@o?	46	ffffffff7eff
N???EA_E?KIG`_M??s?	46	3ffffffffffcc
N???EA_E?KIG`_M??q?	46	ffffffff7eff
N???EA_E?KIG`_M?K@?	46	3fffffffffff
N???EA_E?KIG`_J?M??	46	3fffffffffff
N???EA_E?KIG`_J?J??	46	7fffffffff7f
N???EA_E?KIG`_J?F??	46	7fffffffff7f
N???EA_E?KIG`_J?BO?	46	3fffffffffff
N???EA_E?KIG`_J?BC?	46	3fffffffffff
N???EA_E?KIG`_J?@S?	46	3bfffffbf7ffd
N???EA_E?KIG`_J?EA?	46	7ffffffffffd
N???EA_E?KIG`_J?DA?	46	7ffffffffffd
N???EA_E?KIG`_J?@Q?	46	3fffffffffff
N???EA_E?KIG`_J?D@?	46	3ffeff7ff7eff
N???EA_E?KIG`_J?B@?	46	3fffffffffff
N???EA_E?KIG`_J?CP?	46	3fefedefe76634fe
N???EA_E?KIG`_J?AP?	46	3fffffffffff
N???EA_E?KIG`_J?@B?	46	3fffffffffff
N???EA_E?KIG`_IAJ??	46	7fffffff7fff
N???EA_E?KIG`_IAF??	46	7fffffff7fff
N???EA_E?KIG`_IAB_?	46	3fffffffffff
N???EA_E?KIG`_IACo?	46	3fefedefe76634fe
N???EA_E?KIG`_IAAo?	46	3fffffffffff
N???EA_E?KIG`_IABC?	46	3fffffffffff
N???EA_E?KIG`_IAEA?	46	7ffffffffffb
N???EA_E?KIG`_IADA?	46	7ffffffffffb
N???EA_E?KIGP_J?U??	46	3fffffffffff
N???EA_E?KIGP_J?T??	46	3fffffffffff
N???EA_E?KIGP_J?SO?	46	3ffffffffffd2
N???EA_E?KIGP_J?BC?	46	3fffffffffff
N???EA_E?KIGP_J?S@?	46	3ffffffffffcc
N???EA_E?KIGP_J?CD?	46	1ffffffffb7fe
N???EA_E?KIGP_IAU??	46	3fffffffffff
N???EA_E?KIGP_IAT??	46	3fffffffffff
N???EA_E?KIGP_IAS_?	46	3ffffffffffcc
N???EA_E?KIGP_IABC?	46	3fffffffffff
N???EA_E?KIGIG`_I_?	46	3fffbffbf7f7f
N???EA_E?KIGIG`_Go?	46	3defbfffdea94fcc
N???EA_E?KIGIGP_Q_?	46	3fffbffbf7f7f
N???EA_E?KIGIGP_B_?	46	3fffffffffff
N???EA_E?KIGIGP_Co?	46	7ffffffffcefa
N???EA_E?KIGIGP_@o?	46	3fffffffcfefb
N???EA_E?KIGIGP_Aa?	46	3fffffffff87f
N???EA_E?KIGIGP_B@?	46	3fffffffffff
N???EA_E?KIGIGP_AB?	46	3fffffffff87f
N???EA_E?KIGIGD_Oo?	46	dffffff7e7ff9
N???EA_E?KIGIGD_Go?	46	3ffdbf739b7ee87d
N???EA_E?KIGIGD_@o?	46	ffffffffc87ff
N???EA_E?KIGIGD_Ga?	46	3fffffffff87f
N???EA_E?KIGIGD_?q?	46	3ffdbfe5c7bf06fd
N???EA_E?KIGIGD_@`?	46	ffffffffc87ff
N???EA_E?KIGIGD_GB?	46	3fffffffff87f
N???EA_E?KIGHGa_J??	46	3fefedefe76634fe
N???EA_E?KIGHGa_F??	46	1ffffffffb7fe
N???EA_E?KIGHGa_D_?	46	3fffbffbf7f7f
N???EA_E?KIGHGa_HO?	46	2fffff7ff7ffb
N???EA_E?KIGHGa_IA?	46	3ffe7fda37bf077b
N???EA_E?KIGHGQ_R??	46	3fefedefe76634fe
N???EA_E?KIGHGQ_F??	46	1ffffffffb7fe
N???EA_E?KIGHGQ_QO?	46	2fffff7ff7ffb
N???EA_E?KIGHGQ_BO?	46	3ffe7f8f6b7ef07b
N???EA_E?KIGHGQ_Oo?	46	1ffffffffcffe
N???EA_E?KIGHGQ_Co?	46	1ffffffffcffe
N???EA_E?KIGHGQ_Ao?	46	3fffffffffff
N???EA_E?KIGHGQ_@o?	46	3fffffffffff
N???EA_E?KIGHGQ_PA?	46	3ffe7fda37bf077b
N???EA_E?KIGHGQ_BA?	46	3ffe7f8f6b7ef07b
N???EA_E?KIGHGQ_B@?	46	3fffffffff87f
N???EA_E?KIGHGQ_AP?	46	3fffbffbf7f7f
N???EA_E?KIGHGQ_AB?	46	3fffbffbf7f7f
N???EA_E?KIGHGE_[??	46	3fdffffffb7fe
N???EA_E?KIGHGE_D_?	46	3fffffffffff
N???EA_E?KIGHGE_WO?	46	2fffff7ff7ffb
N???EA_E?KIGHGE_Go?	46	3fffffffffff
N???EA_E?KIGHGE_@o?	46	3ffffffff87ff
N???EA_E?KIGHGE_HA?	46	3ffe7f8f6b7ef07b
N???EA_E?KIGHGE_?q?	46	3ffffffff87ff
N???EA_E?KIGHGE_C`?	46	7ffbfef7ef7ff
N???EA_E?KIGHGE_@`?	46	3ffffffff87ff
N???EA_E?KIGHGE_GB?	46	3fffbffbf7f7f
N???EA_E?KIGHGAc[??	46	3ffe7fda37bf077b
N???EA_E?KIGHGAcOo?	46	3bfffffbf7ffd
N???EA_E?KIGHGAcCo?	46	3ffdbf739b7ee87d
N???EA_E?KIGHGAcC`?	46	3ffdbf739b7ee87d
N???EA_E?KIGBGH_J??	46	3fffffffffff
N???EA_E?KIGBGH_F??	46	3fffffffffff
N???EA_E?KIGBGH_WO?	46	1ffffffffcffe
N???EA_E?KIGBGH_IO?	46	3fffffffffff
N???EA_E?KIGBGH_HO?	46	3fffffffffff
N???EA_E?KIGBGH_BO?	46	3fffffffffff
N???EA_E?KIGBGH_IA?	46	3fffffffffff
N???EA_E?KIGBGH_AQ?	46	3fffffffffff
N???EA_E?KIGBGH_@Q?	46	3fffbffbf7f7f
N???EA_E?KIGBGH_B@?	46	3fffffffffff
N???EA_E?KIGBGH_@B?	46	3fffbffbf7f7f
N???EA_E?KIGBGGcOo?	46	3fffffffffff
N???EA_E?KIGBGGcCo?	46	3fffffffff87f
N???EA_E?KIGBGGc@`?	46	3fffbffbf7f7f
N???EA_E?KIG@gJ?R??	46	3fffffffffff
N???EA_E?KIG@gJ?J??	46	7ffffffffffd
N???EA_E?KIG@gJ?F??	46	3fffffffffff
N???EA_E?KIG@gJ?BO?	46	3fffffffffff
N???EA_E?KIG@gJ?IA?	46	7ffffffffffe
N???EA_E?KIG@gJ?B@?	46	3fffffffffff
N???EA_E?KIG@gJ??R?	46	3fffbffbf7f7f
N???EA_E?KEGe?P_K_?	46	3fffffffffff
N???EA_E?KEGe?P_Co?	46	3fffffffffff
N???EA_E?KEGe?P_@o?	46	3fffffffffff
N???EA_E?KEGe?P_Cc?	46	3fffffffffff
N???EA_E?KEGe?P_@c?	46	3fffffffffff
N???EA_E?KEGe?P_@`?	46	3fffffffffff
N???EA_E?KEGe?P_@D?	46	7fffffffff7f
N???EA_E?KEGU?`_Co?	46	3fffffffffff
N???EA_E?KEGU?`_@o?	46	3fffffffffff
N???EA_E?KEGU?`_Cc?	46	3fffffffffff
N???EA_E?KEGU?`_?s?	46	3fffffffffff
N???EA_E?KEGU?`_?q?	46	3fffffffffff
N???EA_E?KEGU?`_C`?	46	3fffffffffff
N???EA_E?KEGU?`_@`?	46	3fffffffffff
N???EA_E?KEGU?`_CD?	46	3fffffffffff
N???EA_E?KEGU?`_?b?	46	3fffffffffff
N???EA_E?KEGU?P_S_?	46	3fffffffffff
N???EA_E?KEGU?P_Oo?	46	3fffffffffff
N???EA_E?KEGU?P_Co?	46	3fffffffffff
N???EA_E?KEGU?P_@o?	46	3ffffffffffe1
N???EA_E?KEGU?P_Oc?	46	3fffffffffff
N???EA_E?KEGU?P_?q?	46	3ffffffffffd2
N???EA_E?KEGU?P_S@?	46	3fffffffffff
N???EA_E?KEGU?H_@o?	46	3fffffffffff
N???EA_E?KEGU?H_Gc?	46	3fffffffffff
N???EA_E?KEGU?H_@c?	46	3fffffffffff
N???EA_E?KEGU?H_?s?	46	3fffffffffff
N???EA_E?KEGU?H_?q?	46	3fffffffffff
N???EA_E?KEGU?H_?e?	46	3fffffffffff
N???EA_E?KEGU?H_@`?	46	3fffffffffff
N???EA_E?KEGU?H_OD?	46	3fffffffffff
N???EA_E?KEGU?H_@D?	46	3fffffffffff
N???EA_E?KEGU?H_?F?	46	3fffffffffff
N???EA_E?KEGU?B_Ca?	46	3fffffffffff
N???EA_E?KEGU?@gS_?	46	3fffffffffff
N???EA_E?KEGU?@gGo?	46	7ffffffffffb
N???EA_E?KEGU?@g@o?	46	7ffffffffeff
N???EA_E?KEGU?@g?q?	46	7ffffffffeff
N???EA_E?KEGU?@gS@?	46	3fffffffffff
N???EA_E?KEGU?@cD_?	46	3fffffffffff
N???EA_E?KEGU?@c@o?	46	3effffffffcfe
N???EA_E?KEGT?a_L??	46	3ffffffffffcc
N???EA_E?KEGT?a_KO?	46	3fffffffffff
N???EA_E?KEGT?a_Go?	46	3fffffffffff
N???EA_E?KEGT?a_Co?	46	3fffffffffff
N???EA_E?KEGT?a_@o?	46	3fffffffffff
N???EA_E?KEGT?a_HC?	46	1ffffffffb7fe
N???EA_E?KEGT?a_GS?	46	3fffffffffff
N???EA_E?KEGT?a_CS?	46	3fffffffffff
N???EA_E?KEGT?a_@S?	46	3fffffffffff
N???EA_E?KEGT?a_?s?	46	3fffffffffff
N???EA_E?KEGT?a_KA?	46	1ffffffffb7fe
N???EA_E?KEGT?a_CQ?	46	3fffffffffff
N???EA_E?KEGT?a_?q?	46	3fffffffffff
N???EA_E?KEGT?a_GE?	46	3ffdf7ffff77f
N???EA_E?KEGT?a_@P?	46	3fffffffffff
N???EA_E?KEGT?a_?b?	46	3fffffffffff
N???EA_E?KEGT?Q_T??	46	3ffffffffffcc
N???EA_E?KEGT?Q_S_?	46	3fffffffffff
N???EA_E?KEGT?Q_P_?	46	3fffffffffff
N???EA_E?KEGT?Q_SO?	46	3fffffffffff
N???EA_E?KEGT?Q_PO?	46	3fffffffffff
N???EA_E?KEGT?Q_Oo?	46	3fffffffffff
N???EA_E?KEGT?Q_Co?	46	3fffffffffff
N???EA_E?KEGT?Q_@o?	46	3ffffffffffe1
N???EA_E?KEGT?Q_SC?	46	3fdffffffb7fe
N???EA_E?KEGT?Q_PC?	46	1ffffffffb7fe
N???EA_E?KEGT?Q_DC?	46	1ffffffffb7fe
N???EA_E?KEGT?Q_@c?	46	3fffffffffff
N???EA_E?KEGT?Q_OS?	46	3fffffffffff
N???EA_E?KEGT?Q_?s?	46	3fffffffffff
N???EA_E?KEGT?Q_SA?	46	1ffffffffb7fe
N???EA_E?KEGT?Q_?q?	46	3ffffffffffd2
N???EA_E?KEGT?Q_OE?	46	3ffdf7ffff77f
N???EA_E?KEGT?Q_CE?	46	3ffdf7ffff77f
N???EA_E?KEGT?Q_S@?	46	3fffffffffff
N???EA_E?KEGT?Q_@`?	46	3ffffffffffd2
N???EA_E?KEGT?Q_OP?	46	3fffffffffff
N???EA_E?KEGT?Q_@P?	46	3ffffffffffd2
N???EA_E?KEGT?Q_?b?	46	3ffffffffffcc
N???EA_E?KEGT?I_X??	46	3ffffffffffcc
N???EA_E?KEGT?I_WO?	46	3fffffffffff
N???EA_E?KEGT?I_Oo?	46	3fffffffffff
N???EA_E?KEGT?I_Go?	46	3fffffffffff
N???EA_E?KEGT?I_@o?	46	3fffffffffff
N???EA_E?KEGT?I_HC?	46	1ffffffffb7fe
N???EA_E?KEGT?I_Gc?	46	3fffffffffff
N???EA_E?KEGT?I_@c?	46	3fffffffffff
N???EA_E?KEGT?I_GS?	46	3fffffffffff
N???EA_E?KEGT?I_@S?	46	3fffffffffff
N???EA_E?KEGT?I_?s?	46	3fffffffffff
N???EA_E?KEGT?I_WA?	46	1ffffffffb7fe
N???EA_E?KEGT?I_OQ?	46	3fffffffffff
N???EA_E?KEGT?I_?q?	46	3fffffffffff
N???EA_E?KEGT?I_GE?	46	3ffdf7ffff77f
N???EA_E?KEGT?I_@`?	46	3fffffffffff
N???EA_E?KEGT?I_@P?	46	3fffffffffff
N???EA_E?KEGT?I_?p?	46	3fffffffffff
N???EA_E?KEGT?I_?d?	46	3fffffffffff
N???EA_E?KEGT?I_?T?	46	3fffffffffff
N???EA_E?KEGT?I_?b?	46	3fffffffffff
N???EA_E?KEGT?I_?F?	46	3fffffffffff
N???EA_E?KEGT?B_[??	46	3effffffffcfe
N???EA_E?KEGT?B_WO?	46	3fffffffffff
N???EA_E?KEGT?B_SO?	46	3fffffffffff
N???EA_E?KEGT?B_KO?	46	3fffffffffff
N???EA_E?KEGT?B_HC?	46	3fffffffffff
N???EA_E?KEGT?B_DC?	46	3fffffffffff
N???EA_E?KEGT?B_CS?	46	3fffffffffff
N???EA_E?KEGT?B_SA?	46	3fffffffffff
N???EA_E?KEGT?B_OQ?	46	3fffffffffff
N???EA_E?KEGT?B_GQ?	46	3ffffffffffd2
N???EA_E?KEGT?B_CQ?	46	3fffffffffff
N???EA_E?KEGT?B_CE?	46	3fffffffffff
N???EA_E?KEGT?B_S@?	46	3fffffffffff
N???EA_E?KEGT?B_H@?	46	3ffffffffffd2
N???EA_E?KEGT?B_@P?	46	3effffffffcfe
N???EA_E?KEGT?B_CD?	46	3fffffffffff
N???EA_E?KEGT?B_OB?	46	3fffffffffff
N???EA_E?KEGT?B_GB?	46	3ffffffffffcc
N???EA_E?KEGT?AgH_?	46	3fffffffffff
N???EA_E?KEGT?AgD_?	46	3fffffffffff
N???EA_E?KEGT?AgHO?	46	3fffffffffff
N???EA_E?KEGT?AgOo?	46	3fffffffffff
N???EA_E?KEGT?AgGo?	46	3fffffffffff
N???EA_E?KEGT?AgCo?	46	3fffffffffff
N???EA_E?KEGT?Ag@o?	46	3fffffffffff
N???EA_E?KEGT?Ag?q?	46	3fffffffffff
N???EA_E?KEGT?Ag@`?	46	3fffffffffff
N???EA_E?KEGT?Ag@P?	46	3fffffffffff
N???EA_E?KEGT?AgCB?	46	3fffffffffff
N???EA_E?KEGT?Aa[??	46	3ff73fdb9cfdef61
N???EA_E?KEGT?AaT??	46	3fffffffffff
N???EA_E?KEGT?AaS_?	46	3fff7fefdfeff
N???EA_E?KEGT?AaH_?	46	3ffffffffffd2
N???EA_E?KEGT?AaCo?	46	3fffffffffff
N???EA_E?KEGT?AaSC?	46	3defbfffdea94fcc
N???EA_E?KEGT?AaPC?	46	3fffffffffff
N???EA_E?KEGT?AaDC?	46	3fffffffffff
N???EA_E?KEGT?AaCS?	46	3fffffffffff
N???EA_E?KEGT?AaSA?	46	1ffffffffcffe
N???EA_E?KEGT?Aa@Q?	46	3effffffffb7e
N???EA_E?KEGT?AaCE?	46	3ffdf7ffff77f
N???EA_E?KEGF?Q_[??	46	3ffffffffffcc
N???EA_E?KEGF?Q_Ca?	46	3fffffffffff
N???EA_E?KEGF?Q_?q?	46	3effffffffcfe
N???EA_E?KEGF?P_[??	46	3fffffffffff
N???EA_E?KEGF?P_T??	46	3fffffffffff
N???EA_E?KEGF?P_SO?	46	3fffffffffff
N???EA_E?KEGF?P_PC?	46	3fffffffffff
N???EA_E?KEGF?P_CS?	46	3fffffffffff
N???EA_E?KEGF?P_SA?	46	3fffffffffff
N???EA_E?KEGF?P_PA?	46	3fffffffffff
N???EA_E?KEGF?P_DA?	46	3fffffffffff
N???EA_E?KEGF?P_OQ?	46	3fffffffffff
N???EA_E?KEGF?P_CQ?	46	3fffffffffff
N???EA_E?KEGF?P_@Q?	46	3effffffffcfe
N???EA_E?KEGF?P_S@?	46	3fffffffffff
N???EA_E?KEGF?P_P@?	46	3fffffffffff
N???EA_E?KEGF?P_CD?	46	3fffffffffff
N???EA_E?KEGF?P_OB?	46	3fffffffffff
N???EA_E?KEGD_R?[??	46	7fffffffff7f
N???EA_E?KEGD_R?X??	46	3fffffffffff
N???EA_E?KEGD_R?T??	46	3fffffffffff
N???EA_E?KEGD_R?SO?	46	3fffffffffff
N???EA_E?KEGD_R?PC?	46	3fffffffffff
N???EA_E?KEGD_R?HC?	46	3fffffffffff
N???EA_E?KEGD_R?DC?	46	3fffffffffff
N???EA_E?KEGD_R?SA?	46	7ffffffffffd
N???EA_E?KEGD_R?OQ?	46	3fffffffffff
N???EA_E?KEGD_R?CE?	46	7ffffffffffe
N???EA_E?KEGD_R?S@?	46	3fffffffffff
N???EA_E?KEGD_R?OP?	46	3fffffffffff
N???EA_E?KEGD_R?OB?	46	3fffffffffff
N???EA_E?KEGD_QA[??	46	7fffffff7fff
N???EA_E?KEGD_QAT??	46	3fffffffffff
N???EA_E?KEGD_QAOo?	46	3fffffffffff
N???EA_E?KEGD_QASC?	46	7ffffffffffb
N???EA_E?KEGD_QAPC?	46	3fffffffffff
N???EA_E?KEGD_QAHC?	46	3fffffffffff
N???EA_E?KEGD_QADC?	46	3fffffffffff
N???EA_E?KEGD_QAWA?	46	3fffffffffff
N???EA_E?KEGD_QASA?	46	7ffffffffffb
N???EA_E?KEGD_QACE?	46	7ffffffffffe
N???EA_E?KEGQG`_E_?	46	3fffffffffff
N???EA_E?KEGQGP_P_?	46	3fffffffffff
N???EA_E?KEGQGP_B_?	46	3fffffffffff
N???EA_E?KEGQGP_Oo?	46	1ffffffffcffe
N???EA_E?KEGQGP_Co?	46	1ffffffffcffe
N???EA_E?KEGQGP_@a?	46	3fffffffffff
N???EA_E?KEGQGP_B@?	46	3fffffffffff
N???EA_E?KEGQGP_@B?	46	3fffffffffff
N???EA_E?KEGQGD_S_?	46	3fffffffffff
N???EA_E?KEGQGD_Oo?	46	3fffffffffff
N???EA_E?KEGQGD_Go?	46	3fffffffffff
N???EA_E?KEGQGD_Co?	46	3fffffffffff
N???EA_E?KEGQGD_@o?	46	3fffffffffff
N???EA_E?KEGQGD_Ca?	46	3fffffffffff
N???EA_E?KEGQGD_?q?	46	3fffffffffff
N???EA_E?KEGQGD_@`?	46	3fffffffffff
N???EA_E?KEGQGD_CB?	46	3fffffffffff
N???EA_E?KEGPGa_J??	46	1ffffffffb7fe
N???EA_E?KEGPGa_F??	46	1ffffffffb7fe
N???EA_E?KEGPGa_H_?	46	3fffffffffff
N???EA_E?KEGPGa_BO?	46	3fffffffffff
N???EA_E?KEGPGa_HA?	46	3ffdf7ffff77f
N???EA_E?KEGPGa_DA?	46	3ffdf7ffff77f
N???EA_E?KEGPGQ_R??	46	1ffffffffb7fe
N???EA_E?KEGPGQ_F??	46	1ffffffffb7fe
N???EA_E?KEGPGQ_P_?	46	3fffffffffff
N???EA_E?KEGPGQ_B_?	46	3fffffffffff
N???EA_E?KEGPGQ_BO?	46	3fffffffffff
N???EA_E?KEGPGQ_Oo?	46	1ffffffffcffe
N???EA_E?KEGPGQ_Co?	46	1ffffffffcffe
N???EA_E?KEGPGQ_Ao?	46	3fffffffffff
N???EA_E?KEGPGQ_@o?	46	3fffffffffff
N???EA_E?KEGPGQ_@a?	46	3fffffffffff
N???EA_E?KEGPGQ_@Q?	46	3fffffffffff
N???EA_E?KEGPGQ_?q?	46	3fffffffffff
N???EA_E?KEGPGQ_OP?	46	1ffffffffb7fe
N???EA_E?KEGPGE_[??	46	3fdffffffb7fe
N???EA_E?KEGPGE_H_?	46	3fffffffffff
N???EA_E?KEGPGE_SO?	46	3fffffffffff
N???EA_E?KEGPGE_Go?	46	3fffffffffff
N???EA_E?KEGPGE_Co?	46	3fffffffffff
N???EA_E?KEGPGE_@o?	46	3fffffffffff
N???EA_E?KEGPGE_?q?	46	3fffffffffff
N???EA_E?KEGPGE_D@?	46	3fffffffffff
N???EA_E?KEGPGE_@`?	46	3fffffffffff
N???EA_E?KEGPGAc[??	46	3ffe7fda37bf077b
N???EA_E?KEGPGAcOo?	46	3fffffffffff
N???EA_E?KEGPGAcGo?	46	3fffffffffff
N???EA_E?KEGPGAcCo?	46	3fffffffffff
N???EA_E?KEGPGAcAo?	46	3fffffffffff
N???EA_E?KEGPGAc@o?	46	3fffffffffff
N???EA_E?KEGPGAc@P?	46	3fffffffffff
N???EA_E?KEGBGP_U??	46	3fffffffffff
N???EA_E?KEGBGP_J??	46	3fffffffffff
N???EA_E?KEGBGP_F??	46	3fffffffffff
N???EA_E?KEGBGP_SO?	46	1ffffffffcffe
N???EA_E?KEGBGP_EO?	46	3fffffffffff
N???EA_E?KEGBGP_BO?	46	3fffffffffff
N???EA_E?KEGBGP_EA?	46	3fffffffffff
N???EA_E?KEGBGP_AQ?	46	3fffffffffff
N???EA_E?KEGBGP_@Q?	46	3fffffffffff
N???EA_E?KEGBGP_B@?	46	3fffffffffff
N???EA_E?KEGBGP_@B?	46	3fffffffffff
N???EA_E?KEGBGOcOo?	46	3fffffffffff
N???EA_E?KEGBGOcGo?	46	3fffffffffff
N???EA_E?KEGBGOcCo?	46	3fffffffffff
N???EA_E?KEGBGOcAo?	46	3fffffffffff
N???EA_E?KEGBGOc@o?	46	3fffffffffff
N???EA_E?KEGBGOc@`?	46	3fffffffffff
N???EA_E?KEGBGOcGP?	46	3fffffffffff
N???EA_E?KEG@gR?R??	46	3fffffffffff
N???EA_E?KEG@gR?J??	46	7ffffffffffd
N???EA_E?KEG@gR?F??	46	3fffffffffff
N???EA_E?KEG@gR?BO?	46	3fffffffffff
N???EA_E?KEG@gR?HA?	46	7ffffffffffe
N???EA_E?KEG@gR?B@?	46	3fffffffffff
N???EA_E?KEG@gR??R?	46	3fffffffffff
N???EA_E?KBGk?P_Co?	46	3fffffffffff
N???EA_E?KBGk?P_@o?	46	3fffffffffff
N???EA_E?KBG[?`_Co?	46	3fffffffffff
N???EA_E?KBG[?`_@o?	46	3fffffffffff
N???EA_E?KBG[?`_Gc?	46	3fffffffffff
N???EA_E?KBG[?`_?s?	46	7ffffffffffb
N???EA_E?KBG[?`_?q?	46	3fffffffffff
N???EA_E?KBG[?`_C`?	46	3fffffffffff
N???EA_E?KBG[?P_S_?	46	3fffffffffff
N???EA_E?KBG[?P_Oo?	46	3fffffffffff
N???EA_E?KBG[?P_@o?	46	3ffffffffffe1
N???EA_E?KBG[?P_S@?	46	3fffffffffff
N???EA_E?KBG[?B_?q?	46	fefffffffecfa
N???EA_E?KBG[?B_?e?	46	3fffffffffff
N???EA_E?KBG[?B_?F?	46	3fffffffffff
N???EA_E?KBG[?@g@o?	46	7ffffffffeff
N???EA_E?KBG[?@g@a?	46	7ffffffffffe
N???EA_E?KBGT?g_L??	46	3ffffffffffcc
N???EA_E?KBGT?g_Go?	46	3fffffffffff
N???EA_E?KBGT?g_Co?	46	3fffffffffff
N???EA_E?KBGT?g_@o?	46	3fffffffffff
N???EA_E?KBGT?g_?s?	46	3fffffffffff
N???EA_E?KBGT?g_KA?	46	1ffffffffb7fe
N???EA_E?KBGT?g_HA?	46	3fdffffffb7fe
N???EA_E?KBGT?g_DA?	46	1ffffffffb7fe
N???EA_E?KBGT?g_K@?	46	3fffffffffff
N???EA_E?KBGT?g_C`?	46	3fffffffffff
N???EA_E?KBGT?g_?d?	46	3fffffffffff
N???EA_E?KBGT?W_T??	46	3ffffffffffcc
N???EA_E?KBGT?W_S_?	46	3fffffffffff
N???EA_E?KBGT?W_SO?	46	3fffffffffff
N???EA_E?KBGT?W_@o?	46	3ffffffffffe1
N???EA_E?KBGT?W_CS?	46	3fffffffffff
N???EA_E?KBGT?W_?s?	46	3fffffffffff
N???EA_E?KBGT?I_[??	46	3ffffffffffcc
N???EA_E?KBGT?I_?s?	46	3fffffffffff
N???EA_E?KBGT?I_SA?	46	1ffffffffb7fe
N???EA_E?KBGT?I_CQ?	46	3fffffffffff
N???EA_E?KBGT?I_?q?	46	3effffffffcfe
N???EA_E?KBGT?I_?F?	46	3fffffffffff
N???EA_E?KBGL?P_[??	46	3fffffffffff
N???EA_E?KBGL?P_T??	46	3fffffffffff
N???EA_E?KBGL?P_SO?	46	3fffffffffff
N???EA_E?KBGL?P_HO?	46	3ffffffffffe1
N???EA_E?KBGL?P_DO?	46	3fffffffffff
N???EA_E?KBGL?P_WC?	46	3fffffffffff
N???EA_E?KBGL?P_OS?	46	3fffffffffff
N???EA_E?KBGL?P_CS?	46	7ffffffffffb
N???EA_E?KBGL?P_SA?	46	3fffffffffff
N???EA_E?KBGL?P_CQ?	46	3fffffffffff
N???EA_E?KBGL?P_@Q?	46	3effffffffcfe
N???EA_E?KBGL?P_S@?	46	3fffffffffff
N???EA_E?KBGL?P_H@?	46	3ffffffffffd2
N???EA_E?KBGL?P_CD?	46	7ffffffffffd
N???EA_E?KBGL?P_GB?	46	3ffffffffffcc
N???EA_E?KBGD_X?[??	46	3fffffffffff
N???EA_E?KBGD_X?T??	46	3fffffffffff
N???EA_E?KBGD_X?SO?	46	3fffffffffff
N???EA_E?KBGD_X?DA?	46	3fffffffffff
N???EA_E?KBGWC`_Co?	46	3fffffffffff
N???EA_E?KBGWC`_Ao?	46	3fffffffffff
N???EA_E?KBGWC`_Gc?	46	3fffffffffff
N???EA_E?KBGWC`_?s?	46	7ffffffffffb
N???EA_E?KBGWC`_C`?	46	3fffffffffff
N???EA_E?KBGWC`_GD?	46	3fffffffffff
N???EA_E?KBGWCP_S_?	46	3fffffffffff
N???EA_E?KBGWCP_Oo?	46	3fffffffffff
N???EA_E?KBGWCP_S@?	46	3fffffffffff
N???EA_E?KBGWCD_S_?	46	3fffffffffff
N???EA_E?KBGWCD_@o?	46	fefffffffecfa
N???EA_E?KBGWCD_@c?	46	3fffffffffff
N???EA_E?KBGWCD_S@?	46	3fffffffffff
N???EA_E?KBGWCD_@D?	46	3fffffffffff
N???EA_E?KBGWC@gB_?	46	7ffffffffffe
N???EA_E?KBGPCg_J??	46	3fdffffffb7fe
N???EA_E?KBGPCg_F??	46	1ffffffffb7fe
N???EA_E?KBGPCg_Go?	46	3fffffffffff
N???EA_E?KBGPCg_Co?	46	3fffffffffff
N???EA_E?KBGPCg_?s?	46	3fffffffffff
N???EA_E?KBGPCg_K@?	46	3fffffffffff
N???EA_E?KBGPCg_C`?	46	3fffffffffff
N???EA_E?KBGPCg_GD?	46	3fffffffffff
N???EA_E?KBGPCg_?d?	46	3fffffffffff
N???EA_E?KBGPCW_U??	46	1ffffffffb7fe
N???EA_E?KBGPCW_S_?	46	3fffffffffff
N???EA_E?KBGPCW_SO?	46	3fffffffffff
N???EA_E?KBGPCW_?s?	46	3fffffffffff
N???EA_E?KBGPCK_T??	46	1ffffffffb7fe
N???EA_E?KBGPCK_DO?	46	3fffffffffff
N???EA_E?KBGPCK_@D?	46	3fffffffffff
N???EA_E?KBGPCGgOo?	46	3fffffffffff
N???EA_E?KBGPCGgGo?	46	3fffffffffff
N???EA_E?KBGPCGgCo?	46	7ffffffffffb
N???EA_E?KBGPCGgAo?	46	3fffffffffff
N???EA_E?KBGPCGgB@?	46	2fffff7ff7ffb
N???EA_E?KBGPCGgCP?	46	7ffffffffffb
N???EA_E?KBGHCP_[??	46	3fffffffffff
N???EA_E?KBGHCP_U??	46	3fffffffffff
N???EA_E?KBGHCP_SO?	46	3fffffffffff
N???EA_E?KBGHCP_BO?	46	3effffffffcfe
N???EA_E?KBGHCP_OS?	46	3fffffffffff
N???EA_E?KBGHCP_CS?	46	7ffffffffffb
N???EA_E?KBGHCP_S@?	46	3fffffffffff
N???EA_E?KBGHCP_CD?	46	7ffffffffffb
N???EA_E?KBGHCOgOo?	46	3fffffffffff
N???EA_E?KBGHCOgGo?	46	3fffffffffff
N???EA_E?KBGHCOgCo?	46	7ffffffffffb
N???EA_E?KBGHCOgAo?	46	3fffffffffff
N???EA_E?KBGHCOgB@?	46	3fffffffffff
N???EA_E?KBGHCOgC`?	46	7ffffffffffb
N???EA_E?KBG@cX?[??	46	7ffffffffffd
N???EA_E?KBG@cX?U??	46	3fffffffffff
N???EA_E?KBG@cX?F??	46	3fffffffffff
N???EA_E?KBG@cX?SO?	46	3fffffffffff
N???EA_E?KBG@cX?S@?	46	3fffffffffff
N???EA_E?KBG@cX??T?	46	7ffffffffffe
N???EA_E?KBG@cWA[??	46	fffffffdfffb
N???EA_E?KBG@cWAU??	46	3fffffffffff
N???EA_E?KBG@cWABC?	46	7ffffffffffe
N???EA_E?KAgk?Q_H_?	46	3fffffffffff
N???EA_E?KAgk?Q_HO?	46	3fffffffffff
N???EA_E?KAgk?Q_Go?	46	3fffffffffff
N???EA_E?KAgk?Q_Co?	46	3fffffffffff
N???EA_E?KAgk?Q_@o?	46	3fffffffffff
N???EA_E?KAgk?Q_Cc?	46	3ffffffff7efc
N???EA_E?KAgk?Q_?s?	46	3fffffffffff
N???EA_E?KAgk?Q_?q?	46	3fffffffffff
N???EA_E?KAgk?Q_@P?	46	7ffffffffeff
N???EA_E?KAgk?Q_?p?	46	3fffffffffff
N???EA_E?KAgk?Q_?b?	46	7fffffffff7f
N???EA_E?KAgk?Q_?R?	46	3fffffffffff
N???EA_E?KAg[?a_L??	46	3ffffffffffcc
N???EA_E?KAg[?a_K_?	46	3fffffffffff
N???EA_E?KAg[?a_KO?	46	3fffffffffff
N???EA_E?KAg[?a_DO?	46	3fffffffffff
N???EA_E?KAg[?a_Go?	46	3fffffffffff
N???EA_E?KAg[?a_Co?	46	3fffffffffff
N???EA_E?KAg[?a_@o?	46	3fffffffffff
N???EA_E?KAg[?a_KC?	46	3fdffffffb7fe
N???EA_E?KAg[?a_HC?	46	1ffffffffb7fe
N???EA_E?KAg[?a_GS?	46	3fffffffffff
N???EA_E?KAg[?a_?s?	46	3fffffffffff
N???EA_E?KAg[?a_KA?	46	1ffffffffb7fe
N???EA_E?KAg[?a_CQ?	46	3fffffffffff
N???EA_E?KAg[?a_?q?	46	3fffffffffff
N???EA_E?KAg[?a_GE?	46	3ffdf7ffff77f
N???EA_E?KAg[?a_D@?	46	3fffffffffff
N???EA_E?KAg[?a_C`?	46	3fffffffffff
N???EA_E?KAg[?a_@`?	46	3fffffffffff
N???EA_E?KAg[?a_CP?	46	3fffffffffff
N???EA_E?KAg[?a_@P?	46	3fffffffffff
N???EA_E?KAg[?a_?p?	46	3fffffffffff
N???EA_E?KAg[?a_?T?	46	3fffffffffff
N???EA_E?KAg[?a_?b?	46	3fffffffffff
N???EA_E?KAg[?Q_T??	46	3ffffffffffcc
N???EA_E?KAg[?Q_S_?	46	3fffffffffff
N???EA_E?KAg[?Q_P_?	46	3fffffffffff
N???EA_E?KAg[?Q_D_?	46	3fffffffffff
N???EA_E?KAg[?Q_SO?	46	3fffffffffff
N???EA_E?KAg[?Q_PO?	46	3fffffffffff
N???EA_E?KAg[?Q_DO?	46	3fffffffffff
N???EA_E?KAg[?Q_Oo?	46	3fffffffffff
N???EA_E?KAg[?Q_Co?	46	3fffffffffff
N???EA_E?KAg[?Q_@o?	46	3ffffffffffe1
N???EA_E?KAg[?Q_SC?	46	3fdffffffb7fe
N???EA_E?KAg[?Q_PC?	46	1ffffffffb7fe
N???EA_E?KAg[?Q_DC?	46	1ffffffffb7fe
N???EA_E?KAg[?Q_OS?	46	3fffffffffff
N???EA_E?KAg[?Q_SA?	46	1ffffffffb7fe
N???EA_E?KAg[?Q_CQ?	46	3fffffffffff
N???EA_E?KAg[?Q_?q?	46	3ffffffffffd2
N???EA_E?KAg[?Q_OE?	46	3ffdf7ffff77f
N???EA_E?KAg[?Q_CE?	46	3ffdf7ffff77f
N???EA_E?KAg[?Q_S@?	46	3fffffffffff
N???EA_E?KAg[?Q_@`?	46	3ffffffffffd2
N???EA_E?KAg[?Q_CP?	46	3fffffffffff
N???EA_E?KAg[?Q_@P?	46	3ffffffffffd2
N???EA_E?KAg[?Q_?b?	46	3ffffffffffcc
N???EA_E?KAg[?I_X??	46	3ffffffffffcc
N???EA_E?KAg[?I_WO?	46	3fffffffffff
N???EA_E?KAg[?I_Oo?	46	3fffffffffff
N???EA_E?KAg[?I_Go?	46	3fffffffffff
N???EA_E?KAg[?I_@o?	46	3fffffffffff
N???EA_E?KAg[?I_WC?	46	3fdffffffb7fe
N???EA_E?KAg[?I_HC?	46	1ffffffffb7fe
N???EA_E?KAg[?I_@c?	46	3fffffffffff
N???EA_E?KAg[?I_@S?	46	3fffffffffff
N???EA_E?KAg[?I_?s?	46	3fffffffffff
N???EA_E?KAg[?I_WA?	46	1ffffffffb7fe
N???EA_E?KAg[?I_@Q?	46	3fffffffffff
N???EA_E?KAg[?I_?q?	46	3fffffffffff
N???EA_E?KAg[?I_GE?	46	3ffdf7ffff77f
N???EA_E?KAg[?I_P@?	46	3fffffffffff
N???EA_E?KAg[?I_O`?	46	3fffffffffff
N???EA_E?KAg[?I_@`?	46	3fffffffffff
N???EA_E?KAg[?I_OP?	46	3fffffffffff
N???EA_E?KAg[?I_@P?	46	3fffffffffff
N???EA_E?KAg[?I_?d?	46	3fffffffffff
N???EA_E?KAg[?I_?b?	46	3fffffffffff
N???EA_E?KAg[?B_[??	46	3effffffffcfe
N???EA_E?KAg[?B_T??	46	3fffffffffff
N???EA_E?KAg[?B_WO?	46	3fffffffffff
N???EA_E?KAg[?B_SO?	46	3fffffffffff
N???EA_E?KAg[?B_DC?	46	3fffffffffff
N???EA_E?KAg[?B_SA?	46	3fffffffffff
N???EA_E?KAg[?B_GQ?	46	3ffffffffffd2
N???EA_E?KAg[?B_CQ?	46	3fffffffffff
N???EA_E?KAg[?B_?U?	46	3fffffffffff
N???EA_E?KAg[?B_S@?	46	3fffffffffff
N???EA_E?KAg[?B_H@?	46	3ffffffffffd2
N???EA_E?KAg[?B_D@?	46	3fffffffffff
N???EA_E?KAg[?B_CD?	46	3fffffffffff
N???EA_E?KAg[?B_@D?	46	3fffffffffff
N???EA_E?KAg[?B_OB?	46	3fffffffffff
N???EA_E?KAg[?B_GB?	46	3ffffffffffcc
N???EA_E?KAg[?B_?F?	46	3fffffffffff
N???EA_E?KAg[?Ag[??	46	3fdffffffb7fe
N???EA_E?KAg[?AgL??	46	1ffffffffb7fe
N???EA_E?KAg[?Ag@o?	46	3fffffffffff
N???EA_E?KAg[?Ag?q?	46	3fffffffffff
N???EA_E?KAg[?Ag@`?	46	3fffffffffff
N???EA_E?KAg[?Ag@P?	46	3fffffffffff
N???EA_E?KAg[?Ag?b?	46	3fffffffffff
N???EA_E?KAg[?Aa[??	46	3ff73fdb9cfdef61
N???EA_E?KAg[?AaT??	46	3fffffffffff
N???EA_E?KAg[?AaL??	46	3fffffffffff
N???EA_E?KAg[?AaS_?	46	3fff7fefdfeff
N???EA_E?KAg[?AaH_?	46	3ffffffffffd2
N???EA_E?KAg[?AaD_?	46	3fffffffffff
N???EA_E?KAg[?AaSO?	46	3fffffffffff
N???EA_E?KAg[?Aa@o?	46	fefffffffecfa
N???EA_E?KAg[?AaKC?	46	3defbfffdea94fcc
N???EA_E?KAg[?AaPC?	46	3fffffffffff
N???EA_E?KAg[?Aa@c?	46	3fffffffffff
N???EA_E?KAg[?AaSA?	46	1ffffffffcffe
N???EA_E?KAg[?Aa?e?	46	3fffffffffff
N???EA_E?KAge?W_K_?	46	3fffffffffff
N???EA_E?KAge?W_KO?	46	3fffffffffff
N???EA_E?KAge?W_Go?	46	3fffffffffff
N???EA_E?KAge?W_Co?	46	3fffffffffff
N???EA_E?KAge?W_@o?	46	3fffffffffff
N???EA_E?KAge?W_Cc?	46	3fffffffffff
N???EA_E?KAge?W_?s?	46	3fffffffffff
N???EA_E?KAge?W_HA?	46	3fdffffffb7fe
N???EA_E?KAge?W_DA?	46	1ffffffffb7fe
N???EA_E?KAge?W_Ca?	46	3fffffffffff
N???EA_E?KAge?W_CQ?	46	3fffffffffff
N???EA_E?KAge?W_?q?	46	3fffffffffff
N???EA_E?KAge?W_C`?	46	3fffffffffff
N???EA_E?KAge?W_@P?	46	3fffffffffff
N???EA_E?KAge?W_?p?	46	3fffffffffff
N???EA_E?KAge?W_?T?	46	3fffffffffff
N???EA_E?KAge?W_?b?	46	ffffffffff7d
N???EA_E?KAgU?g_L??	46	3ffffffffffcc
N???EA_E?KAgU?g_K_?	46	3fffffffffff
N???EA_E?KAgU?g_Go?	46	3fffffffffff
N???EA_E?KAgU?g_Co?	46	3fffffffffff
N???EA_E?KAgU?g_@o?	46	3fffffffffff
N???EA_E?KAgU?g_DC?	46	1ffffffffb7fe
N???EA_E?KAgU?g_@c?	46	3fffffffffff
N???EA_E?KAgU?g_?s?	46	3fffffffffff
N???EA_E?KAgU?g_KA?	46	1ffffffffb7fe
N???EA_E?KAgU?g_Ca?	46	3fffffffffff
N???EA_E?KAgU?g_?q?	46	3fffffffffff
N???EA_E?KAgU?g_CE?	46	3ffdf7ffff77f
N???EA_E?KAgU?g_D@?	46	3fffffffffff
N???EA_E?KAgU?g_C`?	46	3fffffffffff
N???EA_E?KAgU?g_@`?	46	3fffffffffff
N???EA_E?KAgU?g_@P?	46	3fffffffffff
N???EA_E?KAgU?g_?p?	46	3fffffffffff
N???EA_E?KAgU?g_?d?	46	3fffffffffff
N???EA_E?KAgU?g_?b?	46	3fffffffffff
N???EA_E?KAgU?g_?R?	46	3fffffffffff
N???EA_E?KAgU?W_T??	46	3ffffffffffcc
N???EA_E?KAgU?W_S_?	46	3fffffffffff
N???EA_E?KAgU?W_SO?	46	3fffffffffff
N???EA_E?KAgU?W_Oo?	46	3fffffffffff
N???EA_E?KAgU?W_Co?	46	3fffffffffff
N???EA_E?KAgU?W_@o?	46	3ffffffffffe1
N???EA_E?KAgU?W_DC?	46	1ffffffffb7fe
N???EA_E?KAgU?W_?s?	46	3fffffffffff
N???EA_E?KAgU?W_SA?	46	1ffffffffb7fe
N???EA_E?KAgU?W_?q?	46	3ffffffffffd2
N???EA_E?KAgU?W_CE?	46	3ffdf7ffff77f
N???EA_E?KAgU?W_S@?	46	3fffffffffff
N???EA_E?KAgU?W_CP?	46	3fffffffffff
N???EA_E?KAgU?I_[??	46	3ffffffffffcc
N???EA_E?KAgU?I_SO?	46	3fffffffffff
N???EA_E?KAgU?I_Go?	46	3ffffffffffe1
N???EA_E?KAgU?I_?s?	46	3fffffffffff
N???EA_E?KAgU?I_SA?	46	1ffffffffb7fe
N???EA_E?KAgU?I_Ca?	46	3fffffffffff
N???EA_E?KAgU?I_CQ?	46	3fffffffffff
N???EA_E?KAgU?I_?q?	46	3effffffffcfe
N???EA_E?KAgU?I_S@?	46	3fffffffffff
N???EA_E?KAgU?I_OP?	46	3fffffffffff
N???EA_E?KAgU?H_[??	46	3fffffffffff
N???EA_E?KAgU?H_T??	46	3fffffffffff
N???EA_E?KAgU?H_PC?	46	3fffffffffff
N???EA_E?KAgU?H_DC?	46	3fffffffffff
N???EA_E?KAgU?H_@S?	46	3fffffffffff
N???EA_E?KAgU?H_SA?	46	3fffffffffff
N???EA_E?KAgU?H_DA?	46	3fffffffffff
N???EA_E?KAgU?H_@Q?	46	3effffffffcfe
N???EA_E?KAgU?H_CE?	46	3fffffffffff
N???EA_E?KAgU?H_?U?	46	3fffffffffff
N???EA_E?KAgU?H_S@?	46	3fffffffffff
N???EA_E?KAgU?H_P@?	46	3fffffffffff
N???EA_E?KAgU?H_D@?	46	3fffffffffff
N???EA_E?KAgU?H_@P?	46	3effffffffcfe
N???EA_E?KAgU?H_OD?	46	3fffffffffff
N???EA_E?KAgU?H_@D?	46	3fffffffffff
N???EA_E?KAgU?H_OB?	46	3fffffffffff
N???EA_E?KAgU?H_?F?	46	3fffffffffff
N???EA_E?KAgU?Gc[??	46	1ffffffffb7fe
N???EA_E?KAgU?GcT??	46	1ffffffffb7fe
N???EA_E?KAgU?GcS_?	46	3fffffffffff
N???EA_E?KAgU?GcD_?	46	3fffffffffff
N???EA_E?KAgU?GcSO?	46	3fffffffffff
N???EA_E?KAgU?GcGo?	46	3ffffffffffd2
N???EA_E?KAgU?GcCo?	46	3fffffffffff
N???EA_E?KAgU?Gc@o?	46	3effffffffcfe
N???EA_E?KAgU?GcCS?	46	3fffffffffff
N???EA_E?KAgU?Gc?s?	46	3fffffffffff
N???EA_E?KAgU?Gc?d?	46	3fffffffffff
N???EA_E?KAgM?Q_Go?	46	3ffffffffffe1
N???EA_E?KAgM?Q_Co?	46	3fffffffffff
N???EA_E?KAgM?Q_WC?	46	1ffffffffb7fe
N???EA_E?KAgM?Q_?s?	46	3fffffffffff
N???EA_E?KAgM?Q_SA?	46	1ffffffffb7fe
N???EA_E?KAgM?Q_Ca?	46	3fffffffffff
N???EA_E?KAgM?Q_?q?	46	3effffffffcfe
N???EA_E?KAgR?g_M??	46	3fffffffffff
N???EA_E?KAgR?g_L??	46	3fffffffffff
N???EA_E?KAgR?g_J??	46	1ffffeffff7fd
N???EA_E?KAgR?g_F??	46	3fffffffffff
N???EA_E?KAgR?g_BO?	46	3fffffffffff
N???EA_E?KAgR?g_BC?	46	3fffffffffff
N???EA_E?KAgR?g_CS?	46	1ffffffffcffe
N???EA_E?KAgR?g_EA?	46	3fffffffffff
N???EA_E?KAgR?g_HA?	46	3fdffffffb7fe
N???EA_E?KAgR?g_DA?	46	3fffffffffff
N???EA_E?KAgR?g_AQ?	46	3fffffffffff
N???EA_E?KAgR?g_AE?	46	3fffffffffff
N???EA_E?KAgR?g_K@?	46	3ffffffffffcc
N???EA_E?KAgR?g_E@?	46	3fffffffffff
N???EA_E?KAgR?g_D@?	46	3fffffffffff
N???EA_E?KAgR?g_B@?	46	3fffffffffff
N???EA_E?KAgR?g_GD?	46	1ffffffffb7fe
N???EA_E?KAgR?g_@D?	46	3fffffffffff
N???EA_E?KAgR?g_AB?	46	3fffffffffff
N???EA_E?KAgR?W_U??	46	3fffffffffff
N???EA_E?KAgR?W_T??	46	3fffffffffff
N???EA_E?KAgR?W_R??	46	3fffffffffff
N???EA_E?KAgR?W_F??	46	3fffffffffff
N???EA_E?KAgR?W_SO?	46	3ffffffffffd2
N???EA_E?KAgR?W_QO?	46	3fffffffffff
N???EA_E?KAgR?W_PO?	46	3fffffffffff
N???EA_E?KAgR?W_DO?	46	3fffffffffff
N???EA_E?KAgR?W_BO?	46	3ffffffffffe1
N???EA_E?KAgR?W_BC?	46	3fffffffffff
N???EA_E?KAgR?W_OS?	46	1ffffffffcffe
N???EA_E?KAgR?W_CS?	46	1ffffffffcffe
N???EA_E?KAgR?W_DA?	46	3fffffffffff
N???EA_E?KAgR?W_BA?	46	3ffffffffffd2
N???EA_E?KAgR?W_AQ?	46	3ffffffffffd2
N???EA_E?KAgR?W_@Q?	46	3ffffffffffd2
N???EA_E?KAgR?W_S@?	46	3ffffffffffcc
N???EA_E?KAgR?W_D@?	46	3fffffffffff
N???EA_E?KAgR?W_B@?	46	3ffffffffffd2
N???EA_E?KAgR?W_OD?	46	1ffffffffb7fe
N???EA_E?KAgR?W_CD?	46	1ffffffffb7fe
N???EA_E?KAgR?W_AD?	46	3fffffffffff
N???EA_E?KAgR?W_AB?	46	3ffffffffffcc
N???EA_E?KAgR?K_[??	46	3fffffffffff
N???EA_E?KAgR?K_T??	46	3fffffffffff
N???EA_E?KAgR?K_SO?	46	3fffffffffff
N???EA_E?KAgR?K_DC?	46	3fffffffffff
N???EA_E?KAgR?K_OS?	46	3fffffffffff
N???EA_E?KAgR?K_CS?	46	3fffffffffff
N???EA_E?KAgR?K_@S?	46	3fffffffffff
N???EA_E?KAgR?K_SA?	46	3fffffffffff
N???EA_E?KAgR?K_OQ?	46	3fffffffffff
N???EA_E?KAgR?K_GQ?	46	3ffffffffffd2
N???EA_E?KAgR?K_CQ?	46	3fffffffffff
N???EA_E?KAgR?K_@Q?	46	3effffffffcfe
N???EA_E?KAgR?K_CE?	46	3fffffffffff
N???EA_E?KAgR?K_S@?	46	3fffffffffff
N???EA_E?KAgR?K_H@?	46	3ffffffffffd2
N???EA_E?KAgR?K_D@?	46	3fffffffffff
N???EA_E?KAgR?K_OD?	46	3fffffffffff
N???EA_E?KAgR?K_OB?	46	3fffffffffff
N???EA_E?KAgR?K_GB?	46	3ffffffffffcc
N???EA_E?KAgR?K_?F?	46	3fffffffffff
N???EA_E?KAgR?I_[??	46	3fffffffffff
N???EA_E?KAgR?I_U??	46	3fffffffffff
N???EA_E?KAgR?I_SO?	46	3fffffffffff
N???EA_E?KAgR?I_IO?	46	3ffffffffffe1
N???EA_E?KAgR?I_EC?	46	3fffffffffff
N???EA_E?KAgR?I_OS?	46	3fffffffffff
N???EA_E?KAgR?I_CS?	46	3fffffffffff
N???EA_E?KAgR?I_AS?	46	3fffffffffff
N???EA_E?KAgR?I_SA?	46	3fffffffffff
N???EA_E?KAgR?I_KA?	46	3fffffffffff
N???EA_E?KAgR?I_GQ?	46	3ffffffffffd2
N???EA_E?KAgR?I_CQ?	46	3fffffffffff
N???EA_E?KAgR?I_AQ?	46	3effffffffcfe
N???EA_E?KAgR?I_CE?	46	3fffffffffff
N???EA_E?KAgR?I_S@?	46	3fffffffffff
N???EA_E?KAgR?I_I@?	46	3ffffffffffd2
N???EA_E?KAgR?I_E@?	46	3fffffffffff
N???EA_E?KAgR?I_AP?	46	3effffffffcfe
N???EA_E?KAgR?I_OD?	46	3fffffffffff
N???EA_E?KAgR?I_AD?	46	3fffffffffff
N???EA_E?KAgR?GgJ??	46	3ffe7f8f6b7ef07b
N???EA_E?KAgR?GgF??	46	3fffffffffff
N???EA_E?KAgR?GgWO?	46	1ffffffffcffe
N???EA_E?KAgR?GgBO?	46	3fffffffffff
N???EA_E?KAgR?GgEA?	46	3fffffffffff
N???EA_E?KAgR?GgHA?	46	3ffe7fda37bf077b
N???EA_E?KAgR?GgAQ?	46	3fffffffffff
N???EA_E?KAgR?Gg@Q?	46	3fffffffffff
N???EA_E?KAgR?GgI@?	46	3fffbffbf7f7f
N???EA_E?KAgR?GgB@?	46	3bfffffbf7ffd
N???EA_E?KAgR?GgCP?	46	3ffdf7ffff77f
N???EA_E?KAgR?GgAB?	46	2fffff7ff7ffb
N???EA_E?KAgR?GcU??	46	3fffffffffff
N???EA_E?KAgR?GcT??	46	3fffffffffff
N???EA_E?KAgR?GcSO?	46	3fffffffffff
N???EA_E?KAgR?GcBO?	46	3effffffffcfe
N???EA_E?KAgR?GcOS?	46	3fffffffffff
N???EA_E?KAgR?GcCS?	46	3fffffffffff
N???EA_E?KAgR?GcS@?	46	3fffffffffff
N???EA_E?KAgR?GcAD?	46	3fffffffffff
N???EA_E?KAgJ?Q_[??	46	3fffffffffff
N???EA_E?KAgJ?Q_U??	46	3fffffffffff
N???EA_E?KAgJ?Q_SO?	46	3fffffffffff
N???EA_E?KAgJ?Q_IO?	46	3ffffffffffe1
N???EA_E?KAgJ?Q_EO?	46	3fffffffffff
N???EA_E?KAgJ?Q_WC?	46	3fffffffffff
N???EA_E?KAgJ?Q_QC?	46	3fffffffffff
N???EA_E?KAgJ?Q_EC?	46	3fffffffffff
N???EA_E?KAgJ?Q_OS?	46	3fffffffffff
N???EA_E?KAgJ?Q_GS?	46	3fffffffffff
N???EA_E?KAgJ?Q_CS?	46	3fffffffffff
N???EA_E?KAgJ?Q_AS?	46	3fffffffffff
N???EA_E?KAgJ?Q_SA?	46	3fffffffffff
N???EA_E?KAgJ?Q_KA?	46	3fffffffffff
N???EA_E?KAgJ?Q_OQ?	46	3fffffffffff
N???EA_E?KAgJ?Q_GQ?	46	3ffffffffffd2
N???EA_E?KAgJ?Q_CQ?	46	3fffffffffff
N???EA_E?KAgJ?Q_CE?	46	3fffffffffff
N???EA_E?KAgJ?Q_S@?	46	3fffffffffff
N???EA_E?KAgJ?Q_K@?	46	3fffffffffff
N???EA_E?KAgJ?Q_I@?	46	3ffffffffffd2
N???EA_E?KAgJ?Q_E@?	46	3fffffffffff
N???EA_E?KAgJ?Q_AP?	46	3effffffffcfe
N???EA_E?KAgJ?Q_CD?	46	3fffffffffff
N???EA_E?KAgJ?Q_AD?	46	3fffffffffff
N???EA_E?KAgJ?Q_OB?	46	3fffffffffff
N???EA_E?KAgJ?Q_GB?	46	3ffffffffffcc
N???EA_E?KAgJ?OgU??	46	3fffffffffff
N???EA_E?KAgJ?OgR??	46	3fffffffffff
N???EA_E?KAgJ?OgJ??	46	3fffffffffff
N???EA_E?KAgJ?OgF??	46	3fffffffffff
N???EA_E?KAgJ?OgSO?	46	1ffffffffcffe
N???EA_E?KAgJ?OgBO?	46	3fffffffffff
N???EA_E?KAgJ?OgDA?	46	3fffffffffff
N???EA_E?KAgJ?OgAQ?	46	3fffffffffff
N???EA_E?KAgJ?Og@Q?	46	3fffffffffff
N???EA_E?KAgJ?OgW@?	46	1ffffffffb7fe
N???EA_E?KAgJ?OgE@?	46	3fffffffffff
N???EA_E?KAgJ?OgB@?	46	3fffffffffff
N???EA_E?KAgJ?OgAB?	46	3fffffffffff
N???EA_E?KAgJ?Oc[??	46	3fffffffffff
N???EA_E?KAgJ?OcU??	46	3fffffffffff
N???EA_E?KAgJ?OcT??	46	3fffffffffff
N???EA_E?KAgJ?OcSO?	46	3fffffffffff
N???EA_E?KAgJ?OcKO?	46	3fffffffffff
N???EA_E?KAgJ?OcOS?	46	3fffffffffff
N???EA_E?KAgJ?OcGS?	46	3fffffffffff
N???EA_E?KAgJ?OcS@?	46	3fffffffffff
N???EA_E?KAgJ?OcI@?	46	3ffffffffffcc
N???EA_E?KAgJ?OcAD?	46	3fffffffffff
N???EA_E?KAga_WCF??	46	1ffffffffb7fe
N???EA_E?KAga_WCE_?	46	3fffffffffff
N???EA_E?KAga_WCD_?	46	3fffffffffff
N???EA_E?KAga_WCEO?	46	3fffffffffff
N???EA_E?KAga_WCHO?	46	3fffffffffff
N???EA_E?KAga_WCDO?	46	3fffffffffff
N???EA_E?KAga_WCGo?	46	3fffffffffff
N???EA_E?KAga_WCCo?	46	3fffffffffff
N???EA_E?KAga_WCAo?	46	3fffffffffff
N???EA_E?KAga_WC@o?	46	3fffffffffff
N???EA_E?KAga_WCIC?	46	3ffdf7ffff77f
N???EA_E?KAga_WCHC?	46	3ffdf7ffff77f
N???EA_E?KAga_WC?s?	46	3fffffffffff
N???EA_E?KAga_WCK@?	46	3fffffffffff
N???EA_E?KAga_WCC`?	46	3fffffffffff
N???EA_E?KAga_WCCP?	46	3fffffffffff
N???EA_E?KAgE_Y?[??	46	3ffffffffffcc
N???EA_E?KAgE_Y?S_?	46	3fffffffffff
N???EA_E?KAgE_Y?SO?	46	3fffffffffff
N???EA_E?KAgE_Y?SA?	46	1ffffffffb7fe
N???EA_E?KAgE_Y??q?	46	fefffffffecfa
N???EA_E?KAgE_Y??U?	46	3fffffffffff
N???EA_E?KAgE_Y?S@?	46	3fffffffffff
N???EA_E?KAgE_W_[??	46	7fffffffefff
N???EA_E?KAgE_W_T??	46	3fffffffffff
N???EA_E?KAgE_W_W_?	46	3fffffffffff
N???EA_E?KAgE_W_S_?	46	3fffffffffff
N???EA_E?KAgE_W_Cc?	46	3fffffffffff
N???EA_E?KAgE_W_Oa?	46	3fffffffffff
N???EA_E?KAgE_W_Ca?	46	3fffffffffff
N???EA_E?KKAU?`_B_?	46	7fffffffff7f
N???EA_E?KKAU?`_Co?	46	7ffffffdffff
N???EA_E?KKAU?`_Ao?	46	fffffffdefff
N???EA_E?KKAU?`_?s?	46	3bffbffffff7d
N???EA_E?KKAU?`_?k?	46	3fffffffffff
N???EA_E?KKAU?`_B@?	46	7fffffff7fff
N???EA_E?KKAU?`_?d?	46	2ffeffffffefb
N???EA_E?KKAU?`_?L?	46	3fffffffffff
N???EA_E?KKAU?H_Ao?	46	3ffff7dfdf7ff
N???EA_E?KKAU?H_?w?	46	7fffffff7fff
N???EA_E?KKAU?H_Oc?	46	3fffffffffff
N???EA_E?KKAU?H_?s?	46	3fffffff0ffff
N???EA_E?KKAU?H_?k?	46	3fffffffffff
N???EA_E?KKAU?H_OD?	46	3fffffffffff
N???EA_E?KKAU?H_?L?	46	3fffffffffff
N???EA_E?KKAU?D_@o?	46	3faeffff75e937d2
N???EA_E?KKAT?I_Ao?	46	3ffff7dfdf7ff
N???EA_E?KKAT?I_Ag?	46	3fffffffffff
N???EA_E?KKAT?I_?w?	46	3fffffffffff
N???EA_E?KKAT?I_AK?	46	3ffdf7ffff77f
N???EA_E?KKAT?I_?k?	46	3fffffffffff
N???EA_E?KKAT?I_?L?	46	3fffffffffff
N???EA_E?KKAT?E_Co?	46	3ffff7dfdf7ff
N???EA_E?KKAT?E_@o?	46	3faeffff75e937d2
N???EA_E?KKAT?E_SG?	46	1ffffffffb7fe
N???EA_E?KKAT?E_Cg?	46	3fffffffffff
N???EA_E?KKAT?E_PC?	46	1ffffffffb7fe
N???EA_E?KKAT?E_Oc?	46	3fffffffffff
N???EA_E?KKAT?E_Cc?	46	3fffffffffff
N???EA_E?KKAT?E_OS?	46	3fffffffffff
N???EA_E?KKAT?E_?s?	46	3fffffffffff
N???EA_E?KKAT?E_OK?	46	3ffdf7ffff77f
N???EA_E?KKAT?E_CK?	46	3ffdf7ffff77f
N???EA_E?KKAT?B_EO?	46	3ffff7dfdf7ff
N???EA_E?KKAT?B_SG?	46	7ffffffffffd
N???EA_E?KKAT?B_EG?	46	3fffffffffff
N???EA_E?KKAT?B_OW?	46	3fffffffffff
N???EA_E?KKAT?B_CW?	46	3fffffffffff
N???EA_E?KKAT?B_SC?	46	7ffffffffffd
N???EA_E?KKAT?B_QC?	46	3fffffffffff
N???EA_E?KKAT?B_PC?	46	3fffffffffff
N???EA_E?KKAT?B_OS?	46	3fffffffffff
N???EA_E?KKAT?B_CS?	46	3fffffffffff
N???EA_E?KKAT?B_AS?	46	3fffffffffff
N???EA_E?KKAT?B_CK?	46	7ffffffffffe
N???EA_E?KKAT?B_OD?	46	3fffffffffff
N???EA_E?KKAT?AoU??	46	1ffffffffb7fe
N???EA_E?KKAT?AoT??	46	1ffffffffb7fe
N???EA_E?KKAT?AoS_?	46	3fffffffffff
N???EA_E?KKAT?AoE_?	46	3fffffffffff
N???EA_E?KKAT?AoSO?	46	3fffffffffff
N???EA_E?KKAT?AoDO?	46	3fffffffffff
N???EA_E?KKAT?AoOo?	46	3fffffffffff
N???EA_E?KKAT?AoCo?	46	3fffffffffff
N???EA_E?KKAT?AoAo?	46	3ffffffffffd2
N???EA_E?KKAT?Ao@o?	46	3ffffffffffd2
N???EA_E?KKAT?AoQC?	46	3ffdf7ffff77f
N???EA_E?KKAT?AoPC?	46	3ffdf7ffff77f
N???EA_E?KKAT?AoS@?	46	3fffffffffff
N???EA_E?KKAT?AoCD?	46	3fffffffffff
N???EA_E?KKADOB_[??	46	7ffffffffffd
N???EA_E?KKADOB_U??	46	3fffffffffff
N???EA_E?KKADOB_T??	46	3fffffffffff
N???EA_E?KKADOB_WO?	46	3fffffffffff
N???EA_E?KKADOB_SO?	46	3fffffffffff
N???EA_E?KKADOB_KO?	46	3fffffffffff
N???EA_E?KKADOB_IO?	46	3ffffffffffd2
N???EA_E?KKADOB_KC?	46	7ffffffffffe
N???EA_E?KKADOB_AS?	46	3fffffffffff
N???EA_E?KKADOB_S@?	46	3fffffffffff
N???EA_E?KKADOB_AD?	46	3fffffffffff
N???EA_E?KKADOAgGo?	46	3fffffffffff
N???EA_E?KKADOAgAo?	46	3fffffffffff
N???EA_E?KIA[?B_Oo?	46	3fffffffdef7e
N???EA_E?KIA[?B_Co?	46	3ffff7dfdf7ff
N???EA_E?KIA[?B_Og?	46	3fffffffffff
N???EA_E?KIA[?B_Cg?	46	3fffffffffff
N???EA_E?KIA[?B_Oc?	46	7ffffffffffd
N???EA_E?KIA[?B_CH?	46	7ffffffff7ff
N???EA_E?KIA[?B_OD?	46	fffffffff7fb
N???EA_E?KIAY?`_B_?	46	7fffffffff7f
N???EA_E?KIAY?`_Co?	46	7ffffffdffff
N???EA_E?KIAY?`_@o?	46	fffffffdefff
N???EA_E?KIAY?`_?w?	46	6ffaffffffefb
N???EA_E?KIAY?`_?k?	46	3fffffffffff
N???EA_E?KIAY?`_B@?	46	7fffffff7fff
N???EA_E?KIAY?`_C`?	46	7ffffffdffff
N???EA_E?KIAY?`_?L?	46	3fffffffffff
N???EA_E?KIAY?H_@o?	46	3ffff7dfdf7ff
N???EA_E?KIAY?D_Co?	46	3ffff7dfdf7ff
N???EA_E?KIAY?D_Og?	46	3fffffffffff
N???EA_E?KIAY?D_Oc?	46	7ffffffffffd
N???EA_E?KIAY?D_?k?	46	3fffffffffff
N???EA_E?KIAY?D_OD?	46	7ffffffffffb
N???EA_E?KIAY?D_?L?	46	3fffffffffff
N???EA_E?KIAY?B_Q_?	46	3fffffffffff
N???EA_E?KIAY?B_Ao?	46	3faeffff75e937d2
N???EA_E?KIAY?B_?w?	46	3ffffffffffd2
N???EA_E?KIAY?B_Ac?	46	3fffffffffff
N???EA_E?KIAY?B_Q@?	46	3fffffffffff
N???EA_E?KIAY?B_AD?	46	3fffffffffff
N???EA_E?KIAY?@oS_?	46	3fffffffffff
N???EA_E?KIAY?@oQ_?	46	3fffffffffff
N???EA_E?KIAY?@oAo?	46	3ffffffffffd2
N???EA_E?KIAY?@oOc?	46	3fffffffffff
N???EA_E?KIAY?@oS@?	46	3fffffffffff
N???EA_E?KIAY?@oOD?	46	3fffffffffff
N???EA_E?KIAY?@gB_?	46	7ffffffffffd
N???EA_E?KIAY?@gOo?	46	7bf7bffffff7d
N???EA_E?KIAY?@gCo?	46	3fffffff0ffff
N???EA_E?KIAY?@gAo?	46	ffffffffeffb
N???EA_E?KIAY?@g@o?	46	ffffffffeffb
N???EA_E?KIAY?@gAg?	46	7ffffffffffe
N???EA_E?KIAY?@g?w?	46	7ffffffffffb
N???EA_E?KIAY?@gB@?	46	7ffffffffffb
N???EA_E?KIAY?@gO`?	46	6ffaffffffefb
N???EA_E?KIAY?@gAH?	46	7ffffffffffe
N???EA_E?KIAM?P_Og?	46	3ffffef7ef7ff
N???EA_E?KIAM?P_Oc?	46	7ffffffffffd
N???EA_E?KIAM?P_?s?	46	3fffffffd6ffb
N???EA_E?KIAM?P_?k?	46	3fffffffffff
N???EA_E?KIAM?P_OD?	46	7ffffffffffb
N???EA_E?KIAM?P_?L?	46	3fffffffffff
N???EA_E?KIAM?H_@c?	46	3ffffffffffd2
N???EA_E?KIAM?H_@D?	46	3ffffffffffcc
N???EA_E?KIAM?B_K_?	46	3ffff7dfdf7ff
N???EA_E?KIAM?B_Go?	46	3faeffff75e937d2
N???EA_E?KIAM?B_Co?	46	3ff8ffe76cfdf6e1
N???EA_E?KIAM?B_Og?	46	7ffffffffffd
N???EA_E?KIAM?B_Cg?	46	3fffffffffff
N???EA_E?KIAM?B_Gc?	46	3fffffffffff
N???EA_E?KIAM?B_Cc?	46	3ffffffffffd2
N???EA_E?KIAM?B_K@?	46	3fffffff0ffff
N???EA_E?KIAM?B_CD?	46	3ffffffffffcc
N???EA_E?KIAM?@oW_?	46	3ffffef7ef7ff
N???EA_E?KIAM?@oD_?	46	7ffffffffffd
N???EA_E?KIAM?@oGo?	46	37ff6fdff9f0fb52
N???EA_E?KIAM?@o@o?	46	fefffffffecfa
N???EA_E?KIAM?@gW_?	46	3fffffffffff
N???EA_E?KIAM?@gH_?	46	7ffffffffffd
N???EA_E?KIAM?@gCo?	46	37ff6fdff9f0fb52
N???EA_E?KIAM?@g@o?	46	fffffffffeed2
N???EA_E?KIAM?@gGg?	46	7ffffffffffe
N???EA_E?KIAM?@gW@?	46	3fffffffffff
N???EA_E?KIAM?@gGH?	46	7ffffffffffe
N???EA_E?KIAX?I_Ao?	46	3ffff7dfdf7ff
N???EA_E?KIAX?I_@o?	46	3ffff7dfdf7ff
N???EA_E?KIAX?I_QG?	46	1ffffffffb7fe
N???EA_E?KIAX?I_?w?	46	3fffffffffff
N???EA_E?KIAX?I_?s?	46	3fffffffffff
N???EA_E?KIAX?I_OK?	46	7ff9f7ffff77f
N???EA_E?KIAX?I_AK?	46	3ffdf7ffff77f
N???EA_E?KIAX?I_?k?	46	3fffffffffff
N???EA_E?KIAX?B_SG?	46	7fdffef7ef7ff
N???EA_E?KIAX?B_QG?	46	3fffffffffff
N???EA_E?KIAX?B_EG?	46	3fffffffffff
N???EA_E?KIAX?B_OW?	46	3fffffffffff
N???EA_E?KIAX?B_CW?	46	3fffffffffff
N???EA_E?KIAX?B_AW?	46	3ffffffffffd2
N???EA_E?KIAX?B_SC?	46	7fdffef7ef7ff
N???EA_E?KIAX?B_QC?	46	3fffffffffff
N???EA_E?KIAX?B_PC?	46	3fffffffffff
N???EA_E?KIAX?B_OS?	46	3fffffffffff
N???EA_E?KIAX?B_CK?	46	7ffbffffff87f
N???EA_E?KIAX?B_E@?	46	3fffffff0ffff
N???EA_E?KIAX?B_CH?	46	3fffffffffff
N???EA_E?KIAX?B_AH?	46	3ffffffffffcc
N???EA_E?KIAX?B_OD?	46	3fffffffffff
N???EA_E?KIAL?I_Oo?	46	3fffffffffff
N???EA_E?KIAL?I_Go?	46	3ffff7dfdf7ff
N???EA_E?KIAL?I_@o?	46	3ff8ffe76cfdf6e1
N???EA_E?KIAL?I_WG?	46	1ffffffffb7fe
N???EA_E?KIAL?I_PG?	46	1ffffffffb7fe
N???EA_E?KIAL?I_Og?	46	3fffffffffff
N???EA_E?KIAL?I_OW?	46	3fffffffffff
N???EA_E?KIAL?I_?w?	46	3fffffffffff
N???EA_E?KIAL?I_WC?	46	1ffffffffb7fe
N???EA_E?KIAL?I_Gc?	46	3fffffffffff
N???EA_E?KIAL?I_@c?	46	3ffffffffffd2
N???EA_E?KIAL?I_?s?	46	3ffffffffffd2
N???EA_E?KIAL?I_GK?	46	3ffdf7ffff77f
N???EA_E?KIAL?I_G`?	46	3fffffff0ffff
N???EA_E?KIAL?I_@P?	46	37ff6fdff9f0fb52
N???EA_E?KIAL?B_L??	46	3ffff7dfdf7ff
N???EA_E?KIAL?B_WO?	46	3fffffffffff
N???EA_E?KIAL?B_KO?	46	3ffff7dfdf7ff
N???EA_E?KIAL?B_WG?	46	3fffffffffff
N???EA_E?KIAL?B_SG?	46	3fffffffffff
N???EA_E?KIAL?B_KG?	46	3fffffffffff
N???EA_E?KIAL?B_GW?	46	3ffffffffffd2
N???EA_E?KIAL?B_WC?	46	3fffffffffff
N???EA_E?KIAL?B_KC?	46	3fffffffffff
N???EA_E?KIAL?B_DC?	46	3ffffffffffd2
N???EA_E?KIAL?B_S@?	46	3fffffffffff
N???EA_E?KIAL?B_K@?	46	3fffffff0ffff
N???EA_E?KIAL?Ag[??	46	1ffffffffb7fe
N???EA_E?KIAL?AgX??	46	1ffffffffb7fe
N???EA_E?KIAL?AgW_?	46	3fffffffffff
N???EA_E?KIAL?AgK_?	46	3fffffffffff
N???EA_E?KIAL?AgWO?	46	3fffffffffff
N???EA_E?KIAL?AgHO?	46	3fffffffffff
N???EA_E?KIAL?AgOo?	46	3fffffffffff
N???EA_E?KIAL?AgGo?	46	3fffffffffff
N???EA_E?KIAL?AgCo?	46	3ffffffffffd2
N???EA_E?KIAL?Ag@o?	46	3ffffffffffd2
N???EA_E?KIAL?AgKG?	46	3ffdf7ffff77f
N???EA_E?KIAL?AgW@?	46	3fffffffffff
N???EA_E?KIAL?AgGH?	46	3fffffffffff
N???EA_E?KIAR?g_D_?	46	3fffffffffff
N???EA_E?KIAR?g_DO?	46	3fffffffffff
N???EA_E?KIAR?g_Co?	46	3fffffffffff
N???EA_E?KIAR?g_Ao?	46	3fffffffffff
N???EA_E?KIAR?g_@o?	46	3fffffffffff
N???EA_E?KIAR?g_EG?	46	1ffffffffb7fe
N???EA_E?KIAR?g_AW?	46	3fffffffffff
N???EA_E?KIAR?g_?w?	46	3fffffffffff
N???EA_E?KIAR?g_?s?	46	3fffffffffff
N???EA_E?KIAR?g_CP?	46	7ffde7ffff77f
N???EA_E?KIAR?g_AH?	46	3fffffffffff
N???EA_E?KIAR?g_?T?	46	3fffffff0ffff
N???EA_E?KIAR?K_Oo?	46	3fffffffffff
N???EA_E?KIAR?K_Co?	46	3ffff7dfdf7ff
N???EA_E?KIAR?K_@o?	46	3faeffff75e937d2
N???EA_E?KIAR?K_SG?	46	1ffffffffb7fe
N???EA_E?KIAR?K_OW?	46	3fffffffffff
N???EA_E?KIAR?K_CW?	46	3fffffffffff
N???EA_E?KIAR?K_?w?	46	3ffffffffffd2
N???EA_E?KIAR?K_PC?	46	1ffffffffb7fe
N???EA_E?KIAR?K_CS?	46	3fffffffffff
N???EA_E?KIAR?K_?s?	46	3fffffffffff
N???EA_E?KIAR?K_CK?	46	3ffdf7ffff77f
N???EA_E?KIAR?K_?X?	46	3ffffffffffcc
N???EA_E?KIAR?K_OD?	46	3fffffffffff
N???EA_E?KIAR?K_?L?	46	3fffffffffff
N???EA_E?KIAR?I_S_?	46	3fffffffffff
N???EA_E?KIAR?I_Oo?	46	3fffffffffff
N???EA_E?KIAR?I_Co?	46	3ffff7dfdf7ff
N???EA_E?KIAR?I_Ao?	46	3faeffff75e937d2
N???EA_E?KIAR?I_SG?	46	1ffffffffb7fe
N???EA_E?KIAR?I_AW?	46	3ffffffffffd2
N???EA_E?KIAR?I_?w?	46	3ffffffffffd2
N???EA_E?KIAR?I_QC?	46	1ffffffffb7fe
N???EA_E?KIAR?I_Oc?	46	3fffffffffff
N???EA_E?KIAR?I_OS?	46	3fffffffffff
N???EA_E?KIAR?I_?s?	46	3fffffffffff
N???EA_E?KIAR?I_AP?	46	2ffdeff7fe70fccc
N???EA_E?KIAR?H_T??	46	3fffffffffff
N???EA_E?KIAR?H_F??	46	3ffff7dfdf7ff
N???EA_E?KIAR?H_BO?	46	3faeffff75e937d2
N???EA_E?KIAR?H_SC?	46	3fffffffffff
N???EA_E?KIAR?H_PC?	46	3fffffffffff
N???EA_E?KIAR?H_OS?	46	3fffffffffff
N???EA_E?KIAR?H_AS?	46	3fffffffffff
N???EA_E?KIAR?H_P@?	46	3fffffffffff
N???EA_E?KIAR?H_OD?	46	3fffffffffff
N???EA_E?KIAR?GoU??	46	1ffffffffb7fe
N???EA_E?KIAR?GoT??	46	1ffffffffb7fe
N???EA_E?KIAR?GoSO?	46	7ffde7ffff77f
N???EA_E?KIAR?GoOo?	46	3fffffffffff
N???EA_E?KIAR?GoCo?	46	3fffffffffff
N???EA_E?KIAR?GoAo?	46	3ffffffffffd2
N???EA_E?KIAR?Go@o?	46	3ffffffffffd2
N???EA_E?KIAR?GoSC?	46	7ffde7ffff77f
N???EA_E?KIAR?GoOP?	46	3fffffffffff
N???EA_E?KIAR?GoCP?	46	3fffffffffff
N???EA_E?KIAR?GaSG?	46	7fff5dfffeeff
N???EA_E?KIAR?GaSC?	46	7fff5dfffeeff
N???EA_E?KIAR?GaQC?	46	3effffffffcfe
N???EA_E?KIAR?GaAK?	46	1ffffeffff7fd
N???EA_E?KIAF?W_Oo?	46	3fffffffffff
N???EA_E?KIAF?W_Co?	46	3ffff7dfdf7ff
N???EA_E?KIAF?W_@o?	46	3faeffff75e937d2
N???EA_E?KIAF?W_SG?	46	3fefedefe76634fe
N???EA_E?KIAF?W_OW?	46	37ffffbfefffb
N???EA_E?KIAF?W_CW?	46	37ffffbfefffb
N???EA_E?KIAF?W_PC?	46	1ffffffffb7fe
N???EA_E?KIAF?W_OS?	46	37ffffbfefffb
N???EA_E?KIAF?W_@S?	46	3fffffffffff
N???EA_E?KIAF?W_CK?	46	3ffe7f8f6b7ef07b
N???EA_E?KIAF?W_CP?	46	3fffffff0ffff
N???EA_E?KIAF?W_?X?	46	3ffffffffffcc
N???EA_E?KIAF?W_OD?	46	3fffffffffff
N???EA_E?KIAF?W_?L?	46	3fffffffffff
N???EA_E?KIAF?I_[??	46	3ffffffffffcc
N???EA_E?KIAF?I_K_?	46	3ffff7dfdf7ff
N???EA_E?KIAF?I_KO?	46	3ffff7dfdf7ff
N???EA_E?KIAF?I_Oo?	46	3fffffffffff
N???EA_E?KIAF?I_Go?	46	3faeffff75e937d2
N???EA_E?KIAF?I_Co?	46	3ff8ffe76cfdf6e1
N???EA_E?KIAF?I_SG?	46	1ffffffffb7fe
N???EA_E?KIAF?I_Cg?	46	3fffffffffff
N???EA_E?KIAF?I_?w?	46	3effffffffcfe
N???EA_E?KIAF?I_WC?	46	3fdffffffb7fe
N???EA_E?KIAF?I_Gc?	46	3fffffffffff
N???EA_E?KIAF?I_Cc?	46	3ffffffffffd2
N???EA_E?KIAF?I_CS?	46	3ffffffffffd2
N???EA_E?KIAF?I_?s?	46	3ffffffffffd2
N???EA_E?KIAF?I_OK?	46	7ff9f7ffff77f
N???EA_E?KIAF?I_GP?	46	2ffdeff7fe70fccc
N???EA_E?KIAF?I_?h?	46	3effffffffb7e
N???EA_E?KIAF?H_[??	46	3fffffffffff
N???EA_E?KIAF?H_L??	46	3ffff7dfdf7ff
N???EA_E?KIAF?H_SG?	46	7ffbfef7ef7ff
N???EA_E?KIAF?H_DG?	46	3fffffffffff
N???EA_E?KIAF?H_WC?	46	3ffffffffffd2
N???EA_E?KIAF?H_OS?	46	3ffff7dfdf7ff
N???EA_E?KIAF?H_W@?	46	3fffffffffff
N???EA_E?KIAF?H_OD?	46	3ffffdefdefff
N???EA_E?KIAF?Go[??	46	3fefedefe76634fe
N???EA_E?KIAF?GoT??	46	1ffffffffb7fe
N???EA_E?KIAF?GoD_?	46	3fffffffffff
N???EA_E?KIAF?GoDO?	46	3fffffffffff
N???EA_E?KIAF?GoGo?	46	3ffffffffffd2
N???EA_E?KIAF?Go@o?	46	3effffffffcfe
N???EA_E?KIAF?GoS@?	46	3fffffffff87f
N???EA_E?KIAF?Go@`?	46	3effffffffb7e
N???EA_E?KIAF?Gg[??	46	3fefedefe76634fe
N???EA_E?KIAF?GgX??	46	3faeffff75e937d2
N???EA_E?KIAF?GgH_?	46	3ffe7f8f6b7ef07b
N???EA_E?KIAF?GgKO?	46	77fbffbfefffb
N???EA_E?KIAF?GgOo?	46	3ffff7dfdf7ff
N???EA_E?KIAF?GgCo?	46	37ff6fdff9f0fb52
N???EA_E?KIAF?Gg@o?	46	3faeffff75e937d2
N???EA_E?KIAF?GgKG?	46	3ffe7f8f6b7ef07b
N???EA_E?KIAF?GgW@?	46	3fffffffffff
N???EA_E?KIAF?GgCP?	46	2ffdeff7fe70fccc
N???EA_E?KIAF?GgGH?	46	7fdeff7ff7eff
N???EA_E?KIAF?Ga[??	46	3fffffffff87f
N???EA_E?KIAF?GaT??	46	3fffffffffff
N???EA_E?KIAF?GaSG?	46	3ffdbf739b7ee87d
N???EA_E?KIAF?GaWC?	46	2ffdeff7fe70fccc
N???EA_E?KIAF?GaGK?	46	3ffdbfe5c7bf06fd
N???EA_E?KIAP_J?T??	46	7fffffffff7f
N???EA_E?KIAP_J?SG?	46	7ffffffffffd
N???EA_E?KIAP_J?SC?	46	7ffffffffffd
N???EA_E?KIAP_J?QC?	46	7ffffffffffd
N???EA_E?KIAP_J?PC?	46	7ffffffffffd
N???EA_E?KIAP_J?OS?	46	3fffffffffff
N???EA_E?KIAP_J?OD?	46	3fffffffffff
N???EA_E?KIAP_IAT??	46	7fffffff7fff
N???EA_E?KIAP_IASG?	46	7ffffffffffb
N???EA_E?KIAP_IASC?	46	7ffffffffffb
N???EA_E?KIAP_IAQC?	46	7ffffffffffb
N???EA_E?KIAP_IAPC?	46	7ffffffffffb
N???EA_E?KIAD_J?L??	46	3ffff7dfdf7ff
N???EA_E?KIAD_J?WG?	46	7ffffffffffd
N???EA_E?KIAD_J?SG?	46	7ffffffffffd
N???EA_E?KIAD_J?WC?	46	7ffffffffffd
N???EA_E?KIAD_J?OS?	46	3fffffffffff
N???EA_E?KIAD_J?OD?	46	3fffffffffff
N???EA_E?KIAD_IAL??	46	3fffffff0ffff
N???EA_E?KIAD_IASG?	46	7ffffffffffb
N???EA_E?KIAD_IAWC?	46	7ffffffffffb
N???EA_E?KIAIO`_Go?	46	3fffffffffff
N???EA_E?KIAIO`_Co?	46	3fffffffff87f
N???EA_E?KIAIO`_Ao?	46	7ffffffffeff
N???EA_E?KIAIO`_Gc?	46	3fffffffffff
N???EA_E?KIAIO`_?s?	46	7bffdffbf7ffd
N???EA_E?KIAIO`_GD?	46	3fffffffffff
N???EA_E?KIAIOP_Q_?	46	3fffffffffff
N???EA_E?KIAIOP_Co?	46	3fffffffffff
N???EA_E?KIAIOP_Ao?	46	3ffffffffffd2
N???EA_E?KIAIOP_@o?	46	3ffffffffffd2
N???EA_E?KIAIOD_W_?	46	3fffffffffff
N???EA_E?KIAIOD_S_?	46	7ffffffffffd
N???EA_E?KIAIOD_S@?	46	7ffffffffffb
N???EA_E?KIAHOB_[??	46	7fdffef7ef7ff
N???EA_E?KIAHOB_WO?	46	3fffffffffff
N???EA_E?KIAHOB_SO?	46	3fffffffff87f
N???EA_E?KIAHOB_IO?	46	3ffffffffffd2
N???EA_E?KIAHOB_SC?	46	7ffbffffff87f
N???EA_E?KIAHOB_CS?	46	1ffffff7efffd
N???EA_E?KIAHOB_W@?	46	3fffffffffff
N???EA_E?KIAHOB_S@?	46	3fffffffff87f
N???EA_E?KIAHOB_CD?	46	1ffffff7efffd
N???EA_E?KIAHOAgOo?	46	3bfffffbf7ffd
N???EA_E?KIAHOAgGo?	46	3fffffffffff
N???EA_E?KIAHOAgCo?	46	1ffffff7efffd
N???EA_E?KIAHOAg@o?	46	3fffffffffff
N???EA_E?KIAHOAgC`?	46	1ffffff7efffd
N???EA_E?KIABOg_M??	46	1ffffffffb7fe
N???EA_E?KIABOg_D_?	46	3fffffffffff
N???EA_E?KIABOg_IO?	46	3fffffffffff
N???EA_E?KIABOg_Go?	46	3fffffffffff
N???EA_E?KIABOg_Co?	46	3fffffffff87f
N???EA_E?KIABOg_?s?	46	3bfffffbf7ffd
N???EA_E?KIABOg_K@?	46	3fffffffffff
N???EA_E?KIABOg_GD?	46	3fffffffffff
N???EA_E?KIABOW_U??	46	1ffffffffb7fe
N???EA_E?KIABOW_T??	46	1ffffffffb7fe
N???EA_E?KIABOW_SO?	46	3fffffffffff
N???EA_E?KIABOW_QO?	46	3fffffffffff
N???EA_E?KIABOW_EO?	46	3fffffffffff
N???EA_E?KIABOW_Oo?	46	3fffffffffff
N???EA_E?KIABOW_Co?	46	3fffffffffff
N???EA_E?KIABOW_Ao?	46	3ffffffffffd2
N???EA_E?KIABOW_@o?	46	3ffffffffffd2
N???EA_E?KIABOW_EC?	46	3ffdf7ffff77f
N???EA_E?KIABOW_S@?	46	3fffffffffff
N???EA_E?KIABOW_OD?	46	3fffffffffff
N???EA_E?KIABOK_[??	46	1ffffffffb7fe
N???EA_E?KIABOK_T??	46	1ffffffffb7fe
N???EA_E?KIABOK_D_?	46	3fffffffffff
N???EA_E?KIABOK_SO?	46	3fffffffffff
N???EA_E?KIABOGgOo?	46	3bfffffbf7ffd
N???EA_E?KIABOGgGo?	46	3fffffffffff
N???EA_E?KIABOGgCo?	46	1ffffff7efffd
N???EA_E?KIABOGg@o?	46	3fffffffffff
N???EA_E?KIABOGgCP?	46	1ffffff7efffd
N???EA_E?KIA@oJ?[??	46	3fffffffffff
N???EA_E?KIA@oJ?U??	46	3fffffffffff
N???EA_E?KIA@oJ?SO?	46	3fffffffff87f
N???EA_E?KIA@oIA[??	46	3fffffffffff
N???EA_E?KIA@oIAU??	46	3fffffffffff
N???EA_E?KIA@oIAS_?	46	3fffffffff87f
N???EA_E?KIAHGB_[??	46	7fdffef7ef7ff
N???EA_E?KIAHGB_X??	46	3fffffffffff
N???EA_E?KIAHGB_WO?	46	3fffffffffff
N???EA_E?KIAHGB_KO?	46	3fffffffffff
N???EA_E?KIAHGB_QO?	46	3fffffffffff
N???EA_E?KIAHGB_EO?	46	3ffffffffffd2
N???EA_E?KIAHGB_W@?	46	3fffffffffff
N???EA_E?KIAHGB_E@?	46	3ffffffffffcc
N???EA_E?KIABGH_[??	46	3fffffffffff
N???EA_E?KIABGH_Y??	46	3fffffffffff
N???EA_E?KIABGH_X??	46	3fffffffffff
N???EA_E?KIABGH_J??	46	3fffffffffff
N???EA_E?KIABGH_WO?	46	3fffffffffff
N???EA_E?KIABGH_QO?	46	3fffffffffff
N???EA_E?KIABGH_IO?	46	3fffffffffff
N???EA_E?KIABGH_BO?	46	3ffffffffffd2
N???EA_E?KIABGH_W@?	46	3fffffffffff
N???EA_E?KIABGH_@H?	46	3fffffffffff
N???EA_E?KBA[?@oP_?	46	3fffffffffff
N???EA_E?KBA[?@o@c?	46	7ffffffffffe
N???EA_E?KBA[?@o@D?	46	7ffffffffffe
N???EA_E?KBAT?W_T??	46	3ffffffffffcc
N???EA_E?KBAT?W_D_?	46	3ffff7dfdf7ff
N???EA_E?KBAT?W_@o?	46	3faeffff75e937d2
N???EA_E?KBAT?W_PC?	46	1ffffffffb7fe
N???EA_E?KBAT?W_@S?	46	3fffffffffff
N???EA_E?KBAT?I_[??	46	3ffffffffffcc
N???EA_E?KBAT?I_K_?	46	3ffff7dfdf7ff
N???EA_E?KBAT?I_Oo?	46	3fffffffffff
N???EA_E?KBAT?I_Go?	46	3faeffff75e937d2
N???EA_E?KBAT?I_SG?	46	1ffffffffb7fe
N???EA_E?KBAT?I_Og?	46	3fffffffffff
N???EA_E?KBAT?I_CW?	46	3fffffffffff
N???EA_E?KBAT?I_?w?	46	3effffffffcfe
N???EA_E?KBAT?I_OK?	46	7ff9f7ffff77f
N???EA_E?KBAT?I_?L?	46	3fffffffffff
N???EA_E?KBAT?H_L??	46	3ffff7dfdf7ff
N???EA_E?KBAT?H_PO?	46	3fffffffffff
N???EA_E?KBAT?H_HO?	46	3faeffff75e937d2
N???EA_E?KBAT?H_PG?	46	3ffffffffffd2
N???EA_E?KBAT?H_@W?	46	3effffffffcfe
N???EA_E?KBAT?H_@S?	46	3ffffffffffd2
N???EA_E?KBAT?GoT??	46	1ffffffffb7fe
N???EA_E?KBAT?GoPO?	46	3fffffffffff
N???EA_E?KBAT?Go@o?	46	3effffffffcfe
N???EA_E?KBAT?Go@D?	46	3fffffffffff
N???EA_E?KBAT?GaX??	46	3ff73fdb9cfdef61
N???EA_E?KBAT?GaT??	46	3fffffffffff
N???EA_E?KBAT?Ga@K?	46	3ffdf7ffff77f
N???EA_E?KBAD_Y?K_?	46	3ffff7dfdf7ff
N???EA_E?KBAD_Y?Oo?	46	3fffffffcfefb
N???EA_E?KBAD_Y?Go?	46	3faeffff75e937d2
N???EA_E?KBAD_Y??w?	46	fefffffffecfa
N???EA_E?KBAD_Y??k?	46	7ffffffffffe
N???EA_E?KBAD_Y?K@?	46	3fffffff0ffff
N???EA_E?KBAD_Y??L?	46	7ffffffffffe
N???EA_E?KBAD_X?DG?	46	3fffffffffff
N???EA_E?KBAD_WA@K?	46	7ffffffffffe
N???EA_E?KBAPOK_T??	46	3fefedefe76634fe
N???EA_E?KBAPOK_P_?	46	3fffffffffff
N???EA_E?KBAPOK_DO?	46	3ffe7f8f6b7ef07b
N???EA_E?KBAPOK_@D?	46	3fffbffbf7f7f
N???EA_E?KGa[?I_Ao?	46	3ffff7dfdf7ff
N???EA_E?KGa[?I_Ag?	46	3fffffffffff
N???EA_E?KGa[?I_?w?	46	3fffffffffff
N???EA_E?KGa[?I_Ac?	46	3fffffffffff
N???EA_E?KGa[?I_?s?	46	3fffffffffff
N???EA_E?KGa[?I_OK?	46	3ffdf7ffff77f
N???EA_E?KGa[?I_AK?	46	3ffdf7ffff77f
N???EA_E?KGa[?I_@K?	46	3ffdf7ffff77f
N???EA_E?KGa[?I_?k?	46	3fffffffffff
N???EA_E?KGa[?E_Co?	46	3ffff7dfdf7ff
N???EA_E?KGa[?E_@o?	46	3faeffff75e937d2
N???EA_E?KGa[?E_SG?	46	1ffffffffb7fe
N???EA_E?KGa[?E_Og?	46	3fffffffffff
N???EA_E?KGa[?E_Cg?	46	3fffffffffff
N???EA_E?KGa[?E_?w?	46	3ffffffffffd2
N???EA_E?KGa[?E_PC?	46	1ffffffffb7fe
N???EA_E?KGa[?E_Oc?	46	3fffffffffff
N???EA_E?KGa[?E_Cc?	46	3fffffffffff
N???EA_E?KGa[?E_CK?	46	3ffdf7ffff77f
N???EA_E?KGa[?E_?h?	46	3ffffffffffcc
N???EA_E?KGa[?E_OD?	46	3fffffffffff
N???EA_E?KGa[?B_SO?	46	3fffffffffff
N???EA_E?KGa[?B_SG?	46	3fffffffffff
N???EA_E?KGa[?B_EG?	46	3fffffffffff
N???EA_E?KGa[?B_PG?	46	3fffffffffff
N???EA_E?KGa[?B_SC?	46	3fffffffffff
N???EA_E?KGa[?B_QC?	46	3fffffffffff
N???EA_E?KGa[?B_PC?	46	3fffffffffff
N???EA_E?KGa[?B_OS?	46	3fffffffffff
N???EA_E?KGa[?B_CK?	46	3fffffffffff
N???EA_E?KGa[?B_?[?	46	3fffffffffff
N???EA_E?KGa[?B_S@?	46	3fffffffffff
N???EA_E?KGa[?B_E@?	46	3fffffff0ffff
N???EA_E?KGa[?B_AH?	46	3ffffffffffcc
N???EA_E?KGa[?B_OD?	46	3fffffffffff
N???EA_E?KGa[?B_?L?	46	3fffffffffff
N???EA_E?KGa[?AoU??	46	1ffffffffb7fe
N???EA_E?KGa[?AoT??	46	1ffffffffb7fe
N???EA_E?KGa[?AoS_?	46	3fffffffffff
N???EA_E?KGa[?AoQ_?	46	3fffffffffff
N???EA_E?KGa[?AoE_?	46	3fffffffffff
N???EA_E?KGa[?AoP_?	46	3fffffffffff
N???EA_E?KGa[?AoSO?	46	3fffffffffff
N???EA_E?KGa[?AoOo?	46	3fffffffffff
N???EA_E?KGa[?AoCo?	46	3fffffffffff
N???EA_E?KGa[?AoAo?	46	3ffffffffffd2
N???EA_E?KGa[?Ao@o?	46	3ffffffffffd2
N???EA_E?KGa[?AoEC?	46	3ffdf7ffff77f
N???EA_E?KGa[?AoPC?	46	3ffdf7ffff77f
N???EA_E?KGa[?Ao?s?	46	3fffffffffff
N???EA_E?KGa[?AoS@?	46	3fffffffffff
N???EA_E?KGa[?Ao@P?	46	3ffffffffffcc
N???EA_E?KGaU?g_Co?	46	3fffffffffff
N???EA_E?KGaU?g_?w?	46	3fffffffffff
N???EA_E?KGaU?g_?s?	46	3fffffffffff
N???EA_E?KGaU?g_C`?	46	3fffffffffff
N???EA_E?KGaU?g_CP?	46	3ffdf7ffff77f
N???EA_E?KGaU?g_?p?	46	3fffffffffff
N???EA_E?KGaU?g_?d?	46	3fffffffffff
N???EA_E?KGaU?g_?T?	46	3fffffff0ffff
N???EA_E?KGaU?g_?L?	46	3fffffffffff
N???EA_E?KGaU?K_@o?	46	3faeffff75e937d2
N???EA_E?KGaU?K_PC?	46	1ffffffffb7fe
N???EA_E?KGaU?K_CK?	46	3ffdf7ffff77f
N???EA_E?KGaU?H_F??	46	3ffff7dfdf7ff
N???EA_E?KGaU?H_BO?	46	3faeffff75e937d2
N???EA_E?KGaU?H_SG?	46	3fffffffffff
N???EA_E?KGaU?H_OS?	46	3fffffffffff
N???EA_E?KGaU?H_CK?	46	3fffffffffff
N???EA_E?KGaU?H_?[?	46	3fffffffffff
N???EA_E?KGaU?H_S@?	46	3fffffffffff
N???EA_E?KGaU?H_OD?	46	3fffffffffff
N???EA_E?KGaU?H_?L?	46	3fffffffffff
N???EA_E?KGaU?GoU??	46	1ffffffffb7fe
N???EA_E?KGaU?GoS_?	46	3fffffffffff
N???EA_E?KGaU?GoSO?	46	3ffdf7ffff77f
N???EA_E?KGaU?GoOo?	46	3fffffffffff
N???EA_E?KGaU?GoCo?	46	3fffffffffff
N???EA_E?KGaU?GoCS?	46	3bffbffffff7d
N???EA_E?KGaU?Go?s?	46	3fffffffffff
N???EA_E?KGaU?GoC`?	46	3fffffffffff
N???EA_E?KGaU?GoOP?	46	3fffffffffff
N???EA_E?KGaU?GoCP?	46	3fffffffffff
N???EA_E?KGaU?GoOD?	46	3fffffffffff
N???EA_E?KGaU?GaCo?	46	3fffffff0ffff
N???EA_E?KGaU?GaSG?	46	3fff7dfffeeff
N???EA_E?KGaU?GaSC?	46	3fff7dfffeeff
N???EA_E?KGaU?GaOc?	46	3fffffffffff
N???EA_E?KGaU?GaOS?	46	3fffffff0ffff
N???EA_E?KGaU?GaOK?	46	3bffbffffff7d
N???EA_E?KGaL?Q_F??	46	3ffff7dfdf7ff
N???EA_E?KGaL?Q_SO?	46	3fffffffffff
N???EA_E?KGaL?Q_BO?	46	3faeffff75e937d2
N???EA_E?KGaL?Q_SG?	46	3fffffffffff
N???EA_E?KGaL?Q_EG?	46	3fffffffffff
N???EA_E?KGaL?Q_SC?	46	3fffffffffff
N???EA_E?KGaL?Q_PC?	46	3fffffffffff
N???EA_E?KGaL?Q_OS?	46	3fffffffffff
N???EA_E?KGaL?Q_CK?	46	3fffffffffff
N???EA_E?KGaL?Q_S@?	46	3fffffffffff
N???EA_E?KGaL?Q_AH?	46	3ffffffffffcc
N???EA_E?KGaL?Q_OD?	46	3fffffffffff
N???EA_E?KGaL?Q_?L?	46	3fffffffffff
N???EA_E?KGaL?I_J??	46	3ffff7dfdf7ff
N???EA_E?KGaL?I_BO?	46	3ff8ffe76cfdf6e1
N???EA_E?KGaL?I_WG?	46	3fffffffffff
N???EA_E?KGaL?I_QG?	46	3fffffffffff
N???EA_E?KGaL?I_PG?	46	3fffffffffff
N???EA_E?KGaL?I_OW?	46	3fffffffffff
N???EA_E?KGaL?I_AW?	46	3fffffffffff
N???EA_E?KGaL?I_WC?	46	3fffffffffff
N???EA_E?KGaL?I_IC?	46	3fffffffffff
N???EA_E?KGaL?I_AS?	46	3ffffffffffd2
N???EA_E?KGaL?I_OK?	46	3fffffffffff
N???EA_E?KGaL?I_GK?	46	3fffffffffff
N???EA_E?KGaL?I_I@?	46	3fffffff0ffff
N???EA_E?KGaL?I_OH?	46	3fffffffffff
N???EA_E?KGaL?E_[??	46	3fffffffffff
N???EA_E?KGaL?E_L??	46	3ffff7dfdf7ff
N???EA_E?KGaL?E_WG?	46	3fffffffffff
N???EA_E?KGaL?E_SG?	46	3fffffffffff
N???EA_E?KGaL?E_KG?	46	3fffffffffff
N???EA_E?KGaL?E_DG?	46	3fffffffffff
N???EA_E?KGaL?E_WC?	46	3fffffffffff
N???EA_E?KGaL?E_KC?	46	3fffffffffff
N???EA_E?KGaL?E_OK?	46	3fffffffffff
N???EA_E?KGaL?E_S@?	46	3fffffffffff
N???EA_E?KGaL?E_K@?	46	3fffffff0ffff
N???EA_E?KGaL?E_H@?	46	2ffdeff7fe70fccc
N???EA_E?KGaL?E_OH?	46	3fffffffffff
N???EA_E?KGaL?Ao[??	46	3fffffffffff
N???EA_E?KGaL?AoY??	46	3fffffffffff
N???EA_E?KGaL?AoU??	46	3fffffffffff
N???EA_E?KGaL?AoT??	46	3fffffffffff
N???EA_E?KGaL?AoSO?	46	3fffffffffff
N???EA_E?KGaL?AoKO?	46	3fffffffffff
N???EA_E?KGaL?AoEO?	46	3fffffffffff
N???EA_E?KGaL?AoBO?	46	3effffffffcfe
N???EA_E?KGaL?AoOS?	46	3fffffffffff
N???EA_E?KGaL?AoS@?	46	3fffffffffff
N???EA_E?KGaL?AoOD?	46	3fffffffffff
N???EA_E?KGaL?Ag[??	46	3fffffffffff
N???EA_E?KGaL?AgY??	46	3fffffffffff
N???EA_E?KGaL?AgX??	46	3fffffffffff
N???EA_E?KGaL?AgWO?	46	3fffffffffff
N???EA_E?KGaL?AgEO?	46	3ffffffffffd2
N???EA_E?KGaL?AgBO?	46	3ffffffffffd2
N???EA_E?KGaL?AgSG?	46	3fffffffffff
N???EA_E?KGaL?AgOW?	46	3fffffffffff
N???EA_E?KGaL?AgGW?	46	3fffffffffff
N???EA_E?KGaL?Ag@W?	46	3fffffffffff
N???EA_E?KGaL?AgW@?	46	3fffffffffff
N???EA_E?KGaL?AgOH?	46	3fffffffffff
N???EA_E?KGaL?AgGH?	46	3fffffffffff
N???EA_E?KGaF?g_M??	46	3fffffffffff
N???EA_E?KGaF?g_KO?	46	3fffffffffff
N???EA_E?KGaF?g_KG?	46	3ffffffe67fff
N???EA_E?KGaF?g_GW?	46	3fffffffffff
N???EA_E?KGaF?g_GS?	46	3fffffffffff
N???EA_E?KGaF?g_CS?	46	2ffeffffffefb
N???EA_E?KGaF?g_K@?	46	3fffffffffff
N???EA_E?KGaF?g_I@?	46	3ffdffdfdff7f
N???EA_E?KGaF?W_F??	46	3ffff7dfdf7ff
N???EA_E?KGaF?W_BO?	46	3faeffff75e937d2
N???EA_E?KGaF?W_SG?	46	3ffffffe67fff
N???EA_E?KGaF?W_CW?	46	3fffffffffff
N???EA_E?KGaF?W_SC?	46	3ffffffe67fff
N???EA_E?KGaF?W_OS?	46	3fffffffffff
N???EA_E?KGaF?W_CS?	46	3fffffffffff
N???EA_E?KGaF?W_CK?	46	2ffeffffffefb
N???EA_E?KGaF?W_S@?	46	3fffffffffff
N???EA_E?KGaF?W_OD?	46	3fffffffffff
N???EA_E?KGaF?W_?L?	46	3fffffffffff
N???EA_E?KGaF?K_[??	46	3fffffffffff
N???EA_E?KGaF?K_L??	46	3ffff7dfdf7ff
N???EA_E?KGaF?K_SG?	46	3fffffffffff
N???EA_E?KGaF?K_PG?	46	3fffffffffff
N???EA_E?KGaF?K_@W?	46	3effffffffcfe
N???EA_E?KGaF?K_WC?	46	3fffffffffff
N???EA_E?KGaF?K_W@?	46	3fffffffffff
N???EA_E?KGaF?K_OD?	46	3fffffffffff
N???EA_E?KGaF?Go[??	46	3ffffffe67fff
N???EA_E?KGaF?GoU??	46	3fffffffffff
N???EA_E?KGaF?GoSO?	46	2ffeffffffefb
N???EA_E?KGaF?GoBO?	46	3effffffffcfe
N???EA_E?KGaF?GoOS?	46	3ffeff7ff7eff
N???EA_E?KGaF?GoCS?	46	3ffffbbfeefff
N???EA_E?KGaF?GoS@?	46	3fffffffffff
N???EA_E?KGaF?GoK@?	46	3fffffffffff
N???EA_E?KGaF?GoOD?	46	3fffffffffff
N???EA_E?KGaF?Gg[??	46	3ffffffe67fff
N???EA_E?KGaF?GgWO?	46	3fffffffffff
N???EA_E?KGaF?GgSG?	46	2ffeffffffefb
N???EA_E?KGaF?GgKG?	46	2ffeffffffefb
N???EA_E?KGaF?GgOW?	46	3ffeff7ff7eff
N???EA_E?KGaF?GgGW?	46	3fffffffffff
N???EA_E?KGaF?GgW@?	46	3fffffffffff
N???EA_E?KGaF?GgGH?	46	3ffeff7ff7eff
N???EA_E?KGaF?Ga[??	46	3fffffffffff
N???EA_E?KGaF?GaKO?	46	3fffffff0ffff
N???EA_E?KGaF?GaSG?	46	3bffbffffff7d
N???EA_E?KGaF?GaWC?	46	3fffffff0ffff
N???EA_E?KGaF?GaCS?	46	3ffffffffffcc
N???EA_E?KGaF?GaOK?	46	3ffeff7ff7eff
N???EA_E?KGaW_M?Ao?	46	3ffff7dfdf7ff
N???EA_E?KGaW_M??w?	46	3fffffffffff
N???EA_E?KGaW_M??s?	46	3fffffffffff
N???EA_E?KGaW_E_SG?	46	7ffffffdffff
N???EA_E?KGaW_E_Cg?	46	3fffffffffff
N???EA_E?KGaW_E_SC?	46	7ffffffdffff
N???EA_E?KGaW_E_QC?	46	3fffffffffff
N???EA_E?KGaW_E_Oc?	46	3fffffffffff
N???EA_E?KGaW_E_?k?	46	3fffffffffff
N???EA_E?KGaS_i?F??	46	3ffffffffffcc
N???EA_E?KGaS_i?Co?	46	3fffffffffff
N???EA_E?KGaS_i?EG?	46	1ffffffffb7fe
N???EA_E?KGaS_i?Ag?	46	3fffffffffff
N???EA_E?KGaS_i??w?	46	3fffffffffff
N???EA_E?KGaS_i?BC?	46	1ffffffffb7fe
N???EA_E?KGaS_i??s?	46	3fffffffffff
N???EA_E?KGaS_i?AK?	46	3ffdf7ffff77f
N???EA_E?KGaS_i?C`?	46	3fffffffffff
N???EA_E?KGaS_i?CP?	46	3fffffffffff
N???EA_E?KGaS_i??d?	46	3fffffffffff
N???EA_E?KGaS_i??T?	46	3fffffffffff
N???EA_E?KGaS_i??L?	46	3fffffffffff
N???EA_E?KGaS_M?@o?	46	3faeffff75e937d2
N???EA_E?KGaS_M?SG?	46	1ffffffffb7fe
N???EA_E?KGaS_M?Og?	46	3fffffffffff
N???EA_E?KGaS_M?@g?	46	3ffffffffffd2
N???EA_E?KGaS_M??w?	46	3ffffffffffd2
N???EA_E?KGaS_M?PC?	46	1ffffffffb7fe
N???EA_E?KGaS_M?Oc?	46	3fffffffffff
N???EA_E?KGaS_M?OS?	46	3fffffffffff
N???EA_E?KGaS_M??s?	46	3fffffffffff
N???EA_E?KGaS_M?OK?	46	3ffdf7ffff77f
N???EA_E?KGaS_M?CK?	46	3ffdf7ffff77f
N???EA_E?KGaS_M??k?	46	3fffffffffff
N???EA_E?KGaS_M??p?	46	2ffdeff7fe70fccc
N???EA_E?KGaS_I_F??	46	3ffff7dfdf7ff
N???EA_E?KGaS_I_S_?	46	3fffffffffff
N???EA_E?KGaS_I_B_?	46	3faeffff75e937d2
N???EA_E?KGaS_I_SG?	46	3fffffffffff
N???EA_E?KGaS_I_SC?	46	3fffffffffff
N???EA_E?KGaS_I_QC?	46	3fffffffffff
N???EA_E?KGaS_I_PC?	46	3fffffffffff
N???EA_E?KGaS_I_Oc?	46	3fffffffffff
N???EA_E?KGaS_I_OK?	46	3fffffffffff
N???EA_E?KGaS_I_?k?	46	3fffffffffff
N???EA_E?KGaS_I_OD?	46	3fffffffffff
N???EA_E?KGaS_I_AD?	46	3fffffffffff
N???EA_E?KGaS_IOT??	46	1ffffffffb7fe
N???EA_E?KGaS_IOS_?	46	3fffffffffff
N???EA_E?KGaS_IOQ_?	46	3fffffffffff
N???EA_E?KGaS_IOOo?	46	3fffffffffff
N???EA_E?KGaS_IOCo?	46	3fffffffffff
N???EA_E?KGaS_IOAo?	46	3ffffffffffd2
N???EA_E?KGaS_IO@o?	46	3ffffffffffd2
N???EA_E?KGaS_IOQC?	46	3ffdf7ffff77f
N???EA_E?KGaS_IO?s?	46	3fffffffffff
N???EA_E?KGaS_IOC`?	46	3fffffffffff
N???EA_E?KGaS_IOAP?	46	3ffffffffffcc
N???EA_E?KGaS_IASG?	46	3fffffffffff
N???EA_E?KGaS_IASC?	46	3fffffffffff
N???EA_E?KGaS_IAPC?	46	3fffffffffff
N???EA_E?KGaS_IAOc?	46	3fffffffffff
N???EA_E?KGaS_IAOS?	46	3fffffffffff
N???EA_E?KGaS_IAOK?	46	3fffffffffff
N???EA_E?KGaH_M?WG?	46	3fffffffffff
N???EA_E?KGaH_M?OW?	46	3fffffffffff
N???EA_E?KGaH_M?WC?	46	3fffffffffff
N???EA_E?KGaH_E_SG?	46	3fffffffffff
N???EA_E?KGaH_E_WC?	46	3fffffffffff
N???EA_E?KGaH_E_OK?	46	3fffffffffff
N???EA_E?KGaH_E_K@?	46	3fffffff0ffff
N???EA_E?KGaH_E_OH?	46	3fffffffffff
N???EA_E?KGaD_M?L??	46	3ffff7dfdf7ff
N???EA_E?KGaD_M?WG?	46	3fffffffffff
N???EA_E?KGaD_M?SG?	46	3fffffffffff
N???EA_E?KGaD_M?OW?	46	3fffffffffff
N???EA_E?KGaD_M?WC?	46	3fffffffffff
N???EA_E?KGaD_M?OS?	46	3fffffffffff
N???EA_E?KGaD_M?OK?	46	3fffffffffff
N???EA_E?KGaD_M?OD?	46	3fffffffffff
N???EA_E?KGaD_I_[??	46	3fffffffffff
N???EA_E?KGaD_I_SG?	46	3fffffffffff
N???EA_E?KGaD_I_WC?	46	3fffffffffff
N???EA_E?KGaD_I_OK?	46	3fffffffffff
N???EA_E?KGaD_I_W@?	46	3fffffffffff
N???EA_E?KGaD_IA[??	46	3fffffffffff
N???EA_E?KGaD_IAWO?	46	3fffffffffff
N???EA_E?KGaD_IASO?	46	3fffffffffff
N???EA_E?KGaD_IASG?	46	3fffffffffff
N???EA_E?KGaD_IAWC?	46	3fffffffffff
N???EA_E?KGaD_IAOK?	46	3fffffffffff
N???EA_E?KGaKOB_[??	46	3fffffffffff
N???EA_E?KGaKOB_X??	46	3fffffffffff
N???EA_E?KGaKOB_T??	46	3fffffffffff
N???EA_E?KGaKOB_SO?	46	3fffffffffff
N???EA_E?KGaKOB_KO?	46	3fffffffffff
N???EA_E?KGaKOB_OS?	46	3fffffffffff
N???EA_E?KGaKOB_S@?	46	3fffffffffff
N???EA_E?KGaKOB_K@?	46	3fffffffffff
N???EA_E?KGaKOB_OD?	46	3fffffffffff
N???EA_E?KGaCoi?M??	46	1ffffffffb7fe
N???EA_E?KGaCoi?E_?	46	3fffffffffff
N???EA_E?KGaCoi?Go?	46	3fffffffffff
N???EA_E?KGaCoi?Co?	46	3fffffffffff
N???EA_E?KGaCoi?@o?	46	3fffffffffff
N???EA_E?KGaCoi?IC?	46	3ffdf7ffff77f
N???EA_E?KGaCoi??s?	46	3fffffffffff
N???EA_E?KGaCoi?K@?	46	3fffffffffff
N???EA_E?KGaCoi?C`?	46	3fffffffffff
N???EA_E?KGaCoi??d?	46	3fffffffffff
N???EA_E?KGaCoIA[??	46	3fffffffffff
N???EA_E?KGaCoIAU??	46	3fffffffffff
N???EA_E?KAa[?Q_Co?	46	3ffff7dfdf7ff
N???EA_E?KAa[?Q_@o?	46	3faeffff75e937d2
N???EA_E?KAa[?Q_SG?	46	7ffffffffb77c
N???EA_E?KAa[?Q_Og?	46	3fffffffffff
N???EA_E?KAa[?Q_Cg?	46	3fffffffffff
N???EA_E?KAa[?Q_?w?	46	3ffffffffffd2
N???EA_E?KAa[?Q_PC?	46	1ffffffffb7fe
N???EA_E?KAa[?Q_Oc?	46	3fffffffffff
N???EA_E?KAa[?Q_Cc?	46	3fffffffffff
N???EA_E?KAa[?Q_OS?	46	3fffffffffff
N???EA_E?KAa[?Q_CK?	46	fffdf7ffff77c
N???EA_E?KAa[?Q_C`?	46	3fffffff0ffff
N???EA_E?KAa[?Q_?h?	46	3ffffffffffcc
N???EA_E?KAa[?Ao[??	46	7ffffffffb77c
N???EA_E?KAa[?AoT??	46	1ffffffffb7fe
N???EA_E?KAa[?AoW_?	46	3fffffffffff
N???EA_E?KAa[?AoS_?	46	3fffffffffff
N???EA_E?KAa[?AoK_?	46	3fffffffffff
N???EA_E?KAa[?AoSO?	46	3fffffffffff
N???EA_E?KAa[?AoGo?	46	3ffffffffffd2
N???EA_E?KAa[?Ao@o?	46	fefffffffecfa
N???EA_E?KAa[?Ao@c?	46	3fffffffffff
N???EA_E?KAa[?Ao?s?	46	3fffffffffff
N???EA_E?KAa[?Ao?d?	46	3fffffffffff
N???EA_E?KAaU?W_Oo?	46	3fffffffffff
N???EA_E?KAaU?W_@o?	46	3faeffff75e937d2
N???EA_E?KAaU?W_PC?	46	1ffffffffb7fe
N???EA_E?KAaU?W_OS?	46	37ffffbfefffb
N???EA_E?KAaU?W_@S?	46	3fffffffffff
N???EA_E?KAaU?W_CK?	46	3ffe7f8f6b7ef07b
N???EA_E?KAaU?I_[??	46	3ffffffffffcc
N???EA_E?KAaU?I_K_?	46	3ffff7dfdf7ff
N???EA_E?KAaU?I_KO?	46	3ffff7dfdf7ff
N???EA_E?KAaU?I_Oo?	46	3fffffffffff
N???EA_E?KAaU?I_Go?	46	3faeffff75e937d2
N???EA_E?KAaU?I_Co?	46	3ff8ffe76cfdf6e1
N???EA_E?KAaU?I_SG?	46	1ffffffffb7fe
N???EA_E?KAaU?I_Cg?	46	3fffffffffff
N???EA_E?KAaU?I_?w?	46	3effffffffcfe
N???EA_E?KAaU?I_WC?	46	3fdffffffb7fe
N???EA_E?KAaU?I_Gc?	46	3fffffffffff
N???EA_E?KAaU?I_Cc?	46	3ffffffffffd2
N???EA_E?KAaU?I_?s?	46	3ffffffffffd2
N???EA_E?KAaU?I_OK?	46	7ff9f7ffff77f
N???EA_E?KAaU?I_S@?	46	3fffffffffff
N???EA_E?KAaU?I_GP?	46	2ffdeff7fe70fccc
N???EA_E?KAaU?I_CP?	46	37ff6fdff9f0fb52
N???EA_E?KAaU?H_L??	46	3ffff7dfdf7ff
N???EA_E?KAaU?H_SG?	46	7ffbfef7ef7ff
N???EA_E?KAaU?H_DG?	46	3fffffffffff
N???EA_E?KAaU?H_WC?	46	3ffffffffffd2
N???EA_E?KAaU?H_OK?	46	7fffdffff87ff
N???EA_E?KAaU?H_S@?	46	3ffffef7ef7ff
N???EA_E?KAaU?H_OH?	46	3fffffffffff
N???EA_E?KAaU?H_OD?	46	3ffffdefdefff
N???EA_E?KAaU?H_?L?	46	3fffffffffff
N???EA_E?KAaU?GoT??	46	1ffffffffb7fe
N???EA_E?KAaU?GoS_?	46	3fffffffffff
N???EA_E?KAaU?GoD_?	46	3fffffffffff
N???EA_E?KAaU?GoDO?	46	3fffffffffff
N???EA_E?KAaU?GoCo?	46	3fffffffffff
N???EA_E?KAaU?Go@o?	46	3effffffffcfe
N???EA_E?KAaU?Go?s?	46	3fffffffffff
N???EA_E?KAaU?Go?p?	46	3effffffffb7e
N???EA_E?KAaU?Go?d?	46	3fffffffffff
N???EA_E?KAaU?GaT??	46	3fffffffffff
N???EA_E?KAaU?GaSG?	46	3ffdbf739b7ee87d
N???EA_E?KAaU?GaWC?	46	2ffdeff7fe70fccc
N???EA_E?KAaX?Q_SG?	46	3fffffffd77fd
N???EA_E?KAaX?Q_EG?	46	3fffffffffff
N???EA_E?KAaX?Q_SC?	46	3fffffffd77fd
N???EA_E?KAaX?Q_QC?	46	3fffffffffff
N???EA_E?KAaX?Q_PC?	46	3fffffffffff
N???EA_E?KAaX?Q_OS?	46	3fffffffffff
N???EA_E?KAaX?Q_@S?	46	3fffffffffff
N???EA_E?KAaX?Q_CK?	46	3ffffffff7f7a
N???EA_E?KAaX?Q_E@?	46	3fffffff0ffff
N???EA_E?KAaX?Q_AH?	46	3ffffffffffcc
N???EA_E?KAaX?Q_OD?	46	3fffffffffff
N???EA_E?KAaX?Ao[??	46	3fffffffd77fd
N???EA_E?KAaX?AoY??	46	3fffffffffff
N???EA_E?KAaX?AoU??	46	3fffffffffff
N???EA_E?KAaX?AoT??	46	3fffffffffff
N???EA_E?KAaX?AoSO?	46	3fffffffffff
N???EA_E?KAaX?AoOS?	46	3fffffffffff
N???EA_E?KAaX?AoS@?	46	3fffffffffff
N???EA_E?KAaX?AoOD?	46	3fffffffffff
N???EA_E?KAaX?AoAD?	46	3fffffffffff
N???EA_E?KAaR?W_F??	46	3ffff7dfdf7ff
N???EA_E?KAaR?W_BO?	46	3faeffff75e937d2
N???EA_E?KAaR?W_SG?	46	7fdffffe67fff
N???EA_E?KAaR?W_SC?	46	7fdffffe67fff
N???EA_E?KAaR?W_QC?	46	3fffffffffff
N???EA_E?KAaR?W_PC?	46	3fffffffffff
N???EA_E?KAaR?W_OS?	46	3fffffffffff
N???EA_E?KAaR?W_OD?	46	3fffffffffff
N???EA_E?KAaR?K_[??	46	3fffffffffff
N???EA_E?KAaR?K_L??	46	3ffff7dfdf7ff
N???EA_E?KAaR?K_SG?	46	3fffffffffff
N???EA_E?KAaR?K_PG?	46	3fffffffffff
N???EA_E?KAaR?K_OW?	46	3fffffffffff
N???EA_E?KAaR?K_@W?	46	3effffffffcfe
N???EA_E?KAaR?K_WC?	46	3fffffffffff
N???EA_E?KAaR?K_OS?	46	3fffffffffff
N???EA_E?KAaR?K_OK?	46	3fffffffffff
N???EA_E?KAaR?K_W@?	46	3fffffffffff
N???EA_E?KAaR?K_S@?	46	3fffffffffff
N???EA_E?KAaR?K_OH?	46	3fffffffffff
N???EA_E?KAaR?K_OD?	46	3fffffffffff
N???EA_E?KAaR?K_?L?	46	3fffffffffff
N???EA_E?KAaR?I_[??	46	3fffffffffff
N???EA_E?KAaR?I_M??	46	3ffff7dfdf7ff
N???EA_E?KAaR?I_SG?	46	3fffffffffff
N???EA_E?KAaR?I_QG?	46	3fffffffffff
N???EA_E?KAaR?I_AW?	46	3effffffffcfe
N???EA_E?KAaR?I_WC?	46	3fffffffffff
N???EA_E?KAaR?I_EC?	46	3ffffffffffd2
N???EA_E?KAaR?I_E@?	46	37ff6fdff9f0fb52
N???EA_E?KAaR?Go[??	46	7fdffffe67fff
N???EA_E?KAaR?GoU??	46	3fffffffffff
N???EA_E?KAaR?GoT??	46	3fffffffffff
N???EA_E?KAaR?GoSO?	46	6ffaffffffefb
N???EA_E?KAaR?GoBO?	46	3effffffffcfe
N???EA_E?KAaR?GoOS?	46	7ffedf7ff7eff
N???EA_E?KAaR?GoCS?	46	7ff7fbbfeefff
N???EA_E?KAaR?GoS@?	46	3fffffffffff
N???EA_E?KAaR?GoAP?	46	3effffffffb7e
N???EA_E?KAaR?GoOD?	46	3fffffffffff
N???EA_E?KAaR?GoAD?	46	3fffffffffff
N???EA_E?KAaR?Gg[??	46	7fdffffe67fff
N???EA_E?KAaR?GgY??	46	2fffff7ff7ffb
N???EA_E?KAaR?GgX??	46	2fffff7ff7ffb
N???EA_E?KAaR?GgWO?	46	3fffffffffff
N???EA_E?KAaR?GgKO?	46	3fffffffffff
N???EA_E?KAaR?GgSG?	46	6ffaffffffefb
N???EA_E?KAaR?GgOW?	46	7ffedf7ff7eff
N???EA_E?KAaR?GgW@?	46	3fffffffffff
N???EA_E?KAaR?GgE@?	46	3ffffffffffcc
N???EA_E?KAaR?GgCP?	46	3ffffffffffcc
N???EA_E?KAaR?GgAH?	46	2fffff7ff7ffb
N???EA_E?KAaR?GaQO?	46	3fffffffffff
N???EA_E?KAaR?GaSG?	46	7bf7bffffff7d
N???EA_E?KAaR?GaAW?	46	3effffffffb7e
N???EA_E?KAaR?GaWC?	46	3fffffff0ffff
N???EA_E?KAaR?GaOK?	46	7ffedf7ff7eff
N???EA_E?KAaS_Y?S_?	46	3fffffffffff
N???EA_E?KAaS_Y?Co?	46	3ffff7dfdf7ff
N???EA_E?KAaS_Y?@o?	46	3faeffff75e937d2
N???EA_E?KAaS_Y?SG?	46	1ffffffffb7fe
N???EA_E?KAaS_Y?Og?	46	3fffffffffff
N???EA_E?KAaS_Y??w?	46	3ffffffffffd2
N???EA_E?KAaS_Y?PC?	46	1ffffffffb7fe
N???EA_E?KAaS_Y?Oc?	46	3fffffffffff
N???EA_E?KAaS_Y?OS?	46	3fffffffffff
N???EA_E?KAaS_Y??s?	46	3fffffffffff
N???EA_E?KAaS_Y?OK?	46	7ffde7ffff77f
N???EA_E?KAaS_Y?CK?	46	7ffde7ffff77f
N???EA_E?KAaS_Y??k?	46	3fffffffffff
N???EA_E?KAaS_Y?@P?	46	2ffdeff7fe70fccc
N???EA_E?KAaS_I_[??	46	3fffffffffff
N???EA_E?KAaS_I_L??	46	3ffff7dfdf7ff
N???EA_E?KAaS_I_SG?	46	3fffffffffff
N???EA_E?KAaS_I_Og?	46	3fffffffffff
N???EA_E?KAaS_I_WC?	46	3fffffffffff
N???EA_E?KAaS_I_HC?	46	3fffffffffff
N???EA_E?KAaS_I_DC?	46	3ffffffffffd2
N???EA_E?KAaS_I_H@?	46	2ffdeff7fe70fccc
N???EA_E?KAaS_IOW_?	46	3fffffffffff
N???EA_E?KAaS_IOS_?	46	3fffffffffff
N???EA_E?KAaS_IOD_?	46	3fffffffffff
N???EA_E?KAaS_IOSO?	46	3fffffffffff
N???EA_E?KAaS_IOOo?	46	3fffffffffff
N???EA_E?KAaS_IOGo?	46	3ffffffffffd2
N???EA_E?KAaS_IO@o?	46	3effffffffcfe
N???EA_E?KAaS_IO?s?	46	3fffffffffff
N???EA_E?KAaS_IOS@?	46	3fffffffffff
N???EA_E?KAaS_IO?d?	46	3fffffffffff
N???EA_E?KAaS_IAT??	46	3fffffffffff
N???EA_E?KAaS_IAS_?	46	3fffffffffff
N???EA_E?KAaS_IASG?	46	3fffffffffff
N???EA_E?KAaE_Y?K_?	46	3ffff7dfdf7ff
N???EA_E?KAaE_Y?KO?	46	3ffff7dfdf7ff
N???EA_E?KAaE_Y?Oo?	46	3fffffffcfefb
N???EA_E?KAaE_Y?Go?	46	3faeffff75e937d2
N???EA_E?KAaE_Y??w?	46	fefffffffecfa
N???EA_E?KAaE_Y??k?	46	7ffffffffffe
N???EA_E?KAaE_Y??[?	46	7ffffffffffe
N???EA_E?KAaE_Y?OP?	46	3fffffffdef7e
N???EA_E?KAaE_Y?GP?	46	2ffdeff7fe70fccc
N???EA_E?KAaE_Y??X?	46	feffffffff37c
N???EA_E?KAaE_X?W@?	46	3fffffffffff
N???EA_E?KAaE_X?K@?	46	3fffffff0ffff
N???EA_E?KAaE_X?OH?	46	7ffffffffffb
N???EA_E?KAaE_X??L?	46	7ffffffffffe
N???EA_E?KAaE_W_P@?	46	3fffffffdef7e
N???EA_E?KAaE_W_H@?	46	2ffdeff7fe70fccc
N???EA_E?KAaE_W_@H?	46	feffffffff37c
N???EA_E?KAaE_WAW_?	46	3fffffffffff
N???EA_E?KAaP_Y?U??	46	3fffffffffff
N???EA_E?KAaP_Y?SG?	46	7fffaffbf7f7f
N???EA_E?KAaP_Y?SC?	46	7fffaffbf7f7f
N???EA_E?KAaP_Y?QC?	46	3fffffffffff
N???EA_E?KAaP_Y?OS?	46	3fffffffffff
N???EA_E?KAaP_Y?OK?	46	3ffffffffffe1
N???EA_E?KAaP_Y?AP?	46	2ffdeff7fe70fccc
N???EA_E?KAaP_Y?OD?	46	3fffffffffff
N???EA_E?KAaP_I_SG?	46	3fffffffffff
N???EA_E?KAaP_I_WC?	46	3fffffffffff
N???EA_E?KAaP_I_OK?	46	3fffffffffff
N???EA_E?KAaP_I_S@?	46	3fffffffffff
N???EA_E?KAaP_I_OD?	46	3fffffffffff
N???EA_E?KAaP_IAU??	46	3fffffffffff
N???EA_E?KAaP_IASO?	46	3fffffffffff
N???EA_E?KAaP_IAQO?	46	3fffffffffff
N???EA_E?KAaP_IASG?	46	3fffffffffff
N???EA_E?KAaP_IAWC?	46	3fffffffffff
N???EA_E?KAaP_IAOS?	46	3fffffffffff
N???EA_E?KAaP_IAAS?	46	3ffffffffffcc
N???EA_E?KAaP_IAOK?	46	3fffffffffff
N???EA_E?KAaB_[?WO?	46	3fffffffffff
N???EA_E?KAaB_[?OW?	46	7ffffffffffd
N???EA_E?KAaB_[?W@?	46	3fffffffffff
N???EA_E?KAaB_[?K@?	46	3fffffff0ffff
N???EA_E?KAaB_[?OH?	46	7ffffffffffb
N???EA_E?KAaB_[??L?	46	7ffffffffffe
N???EA_E?KAaB_Y?M??	46	3ffff7dfdf7ff
N???EA_E?KAaB_Y?WO?	46	3fffffffffff
N???EA_E?KAaB_Y?OW?	46	7ffffffffffd
N???EA_E?KAaB_WAY??	46	3fffffffffff
N???EA_E?KAaIOP_U??	46	3fffffffffff
N???EA_E?KAaIOP_T??	46	3ffffffffffd2
N???EA_E?KAaIOP_R??	46	3fffffffffff
N???EA_E?KAaIOP_F??	46	3fffffffffff
N???EA_E?KAaIOP_SO?	46	3fffffffffff
N???EA_E?KAaIOP_DO?	46	3fffffffffff
N???EA_E?KAaIOP_S@?	46	3fffffffffff
N???EA_E?KAaIOP_AD?	46	3fffffffffff
N???EA_E?KAaAow?F??	46	1ffffffffb7fe
N???EA_E?KAaAow?E_?	46	7fffffffefff
N???EA_E?KAaAow?D_?	46	3fffffffffff
N???EA_E?KAaAow?EO?	46	3fffffffffff
N???EA_E?KAaAow?DO?	46	37ffffbfefffb
N???EA_E?KAaAow?Go?	46	3fffffffffff
N???EA_E?KAaAow?Co?	46	3fffffffffff
N???EA_E?KAaAow??s?	46	3fffffffffff
N???EA_E?KAaAow?C`?	46	7ffffffff7ff
N???EA_E?KAaAoWA[??	46	ffffffffc87ff
N???EA_E?KAaAoWAT??	46	3fffffffffff
N???EA_E?KAaWAQ_SG?	46	ffffffffc87ff
N???EA_E?KAaWAQ_PC?	46	3fffffffffff
N???EA_E?KAaQAW_T??	46	3fffffffffff
N???EA_E?KAaQAW_SG?	46	7fffeffff87ff
N???EA_E?KAaQAW_QC?	46	3fffffffffff
N???EA_E?KAaQAW_PC?	46	3fffffffffff
N???EA_E?KAaQAW_Oc?	46	3fffffffffff
N???EA_E?KAaQAW_OS?	46	3ffdffdfdff7f
N???EA_E?KAaQAW_OK?	46	3ffdffdfdff7f
N???EA_E?KAaQAI_[??	46	3fffffffffff
N???EA_E?KAaQAI_Y??	46	3fffffffffff
N???EA_E?KAaQAI_U??	46	3fffffffffff
N???EA_E?KAaQAI_SG?	46	3fffffffffff
N???EA_E?KAaQAI_WC?	46	3fffffffffff
N???EA_E?KAaQAI_OK?	46	3fffffffffff
N???EA_E?KAaQAGoT??	46	3fffffffffff
N???EA_E?KAaQAGoWC?	46	3ffdffdfdff7f
N???EA_E?KAaOaY?Ao?	46	2ffdeff7fe70fccc
N???EA_E?KAaOaY?SG?	46	3ffdbfe5c7bf06fd
N???EA_E?KAaOaY?PC?	46	1ffffff7efffd
N???EA_E?KAaOaY?Oc?	46	3fffffffffff
N???EA_E?KAaOaY?OS?	46	3ffdffdfdff7f
N???EA_E?KAaOaY?OK?	46	3ff73fdb9cfdef61
N???EA_E?KAaOaI_[??	46	3ffffffff87ff
N???EA_E?KAaOaI_S_?	46	3fffffffffff
N???EA_E?KAaOaI_WC?	46	3ffdffdfdff7f
N???EA_E?KAaOaIOU??	46	3effffffffcfe
N???EA_E?KAaOaIOS_?	46	3fffffffffff
N???EA_E?K?qX?U?SG?	46	7ffffffffffd
N???EA_E?K?qX?U?QC?	46	3fffffffffff
N???EA_E?K?qX?U?OS?	46	3fffffffffff
N???EA_E?K?qX?U?CK?	46	7ffffffffffe
N???EA_E?K?qX?U?OD?	46	3fffffffffff
N???EA_E?K?qT?Y?U??	46	3fffffffffff
N???EA_E?K?qT?Y?SO?	46	3fffffffffff
N???EA_E?K?qT?Y?SG?	46	7ffffffffffd
N???EA_E?K?qT?Y?QC?	46	3fffffffffff
N???EA_E?K?qT?Y?PC?	46	3fffffffffff
N???EA_E?K?qT?Y?OS?	46	3fffffffffff
N???EA_E?K?qT?Y?AP?	46	2ffdeff7fe70fccc
N???EA_E?K?qT?Y?OD?	46	3fffffffffff
N???EA_E?K?qT?M?L??	46	3ffff7dfdf7ff
N???EA_E?K?qT?M?SG?	46	3fffffffffff
N???EA_E?K?qT?M?WC?	46	3fffffffffff
N???EA_E?K?qT?I_[??	46	3fffffffffff
N???EA_E?K?qT?I_SG?	46	3fffffffffff
N???EA_E?K?qT?I_OK?	46	3fffffffffff
N???EA_E?K?qT?I_W@?	46	3fffffffffff
N???EA_E?K?qT?I_?L?	46	3fffffffffff
N???EA_E?K?qT?IOU??	46	3fffffffffff
N???EA_E?K?qT?IOSO?	46	3fffffffffff
N???EA_E?K?qT?IAWO?	46	3fffffffffff
N???EA_E?K?qT?IASO?	46	3fffffffffff
N???EA_E?K?qT?IASG?	46	3fffffffffff
N???EA_E?K?qT?IAWC?	46	3fffffffffff
N???EA_E?K?qT?IAOK?	46	3fffffffffff
N???EA_E?K?qT?IA?[?	46	3fffffffffff
N???EA_E?K?qF?[?L??	46	3ffff7dfdf7ff
N???EA_E?K?qF?W_K@?	46	3fffffff0ffff
N???EA_E?K?qF?W_?L?	46	7ffffffffffe
N???EA_E?K?qWAU?SG?	46	fffffffdfffb
N???EA_E?K?qWAU?QC?	46	3fffffffffff
N???EA_E?K?qSAY?U??	46	3fffffffffff
N???EA_E?K?qSAY?Ao?	46	2ffdeff7fe70fccc
N???EA_E?K?qSAY?SG?	46	7ffffffffffb
N???EA_E?K?qSAY?QC?	46	3fffffffffff
N???EA_E?K?qSAY?PC?	46	3fffffffffff
N???EA_E?K?qSAY?Oc?	46	3fffffffffff
N???EA_E?K?qSAY?OK?	46	7ffffffffffe
N???EA_E?K?qSAM?L??	46	3fffffff0ffff
N???EA_E?K?qSAM?SG?	46	3fffffffffff
N???EA_E?K?qSAM?PG?	46	3fffffffffff
N???EA_E?K?qSAM?WC?	46	3fffffffffff
N???EA_E?K?qSAM?OK?	46	3fffffffffff
N???EA_E?K?qSAIOU??	46	3fffffffffff
N???EA_E?K?qSAIOS_?	46	3fffffffffff
N???EA_E?K?qSAIOWC?	46	7ffffffffffe
N???EA_E?K?qEA[?L??	46	3fffffff0ffff
N???EA_E?K?qEA[?@K?	46	7ffffffffffe
N??CA?_cBOM?BO@g@g?	46	3defbfffdea94fcc
N??CA?_cBOM?BO@gPC?	46	3fffffffffff
N??CA?_cBOM?BO@gOK?	46	3fffffffffff
N??CA?_cBOM?BO@g@K?	46	2ffdeff7fe70fccc
N??CA?_cBOM?BO@gOa?	46	3fffffffffff
N??CA?_cBOM?BO@gOQ?	46	fffffffff6ff
N??CA?_cBOM?@WB_PG?	46	3fffffffffff
N??CA?_cBOM?@WB_@K?	46	2ffdeff7fe70fccc
N??CA?_cBOM?@WB_Oa?	46	3fffffffffff
N??CA?_cBOM?@WB_OQ?	46	fffffffdfffe
N??CA?_cBOK_F??wQO?	46	fffffffdfffb
N??CA?_cBOK_F??wQA?	46	fffffffdfffe
N??CA?_cBOK_F??wPA?	46	7ffffffdffff
N??CA?_cBOK_EO@gQO?	46	fffffffefeff
N??CA?_cBOK_EO@gQA?	46	ffffffffef7f
N??CA?_cBOK_EO@gPA?	46	7fffffffefff
N??CA?_cBOK_BOCgPA?	46	7ffffffffeff
N??CA?_cBOK_BOCgOI?	46	7fffffff7fff
N??CA?_cBOIODGBOS_?	46	3fffffffffff
N??CA?_cBOIODGBODG?	46	3ffffdefdefff
N??CA?_cBOIODGBOCW?	46	3fffffffffff
N??CA?_cBOIODGBOPC?	46	3fffffffffff
N??CA?_cBOIODGBOOS?	46	7ffffffff7ff
N??CA?_cBOIODGBOOK?	46	3fffffffffff
N??CA?_cBOIODGBO?[?	46	3fffffffffff
N??CA?_cBOIODGBOSA?	46	7ffffffffffd
N??CA?_cBOIODGBOOQ?	46	7ffffffff7ff
N??CA?_cBOIODGBOCQ?	46	7ffffffff7ff
N??CA?_cBOIODGBO@Q?	46	3fffffffffff
N??CA?_cBOIODGBO?q?	46	3fffffffffff
N??CA?_cBOIODGBO?Y?	46	3fffffffffff
N??CA?_cBOIODGBOOE?	46	7fffffffefff
N??CA?_cBOIODGBO?U?	46	7ffffffdffff
N??CA?_cBOEG@oBGWC?	46	3fffffffffff
N??CA?_cBOEG@oBGHC?	46	2ffdeff7fe70fccc
N??CA?_cBOEG@oBGWA?	46	7fffffffefff
N??CA?_cBOEG@oBGPA?	46	3fffffffffff
N??CA?_cBOEG@oBGOa?	46	3fffffffffff
N??CA?_cBOEG@oBGAQ?	46	7ffffffdffff
N??CA?_cBOEG@oBGOE?	46	3fffffffffff
N??CA?_cBOEG@WB_WA?	46	7ffffffff7ff
N??CA?_cBOEG@WB_PA?	46	3fffffffffff
N??CA?_cBOEG@WB_OQ?	46	7ffffffff7ff
N??CA?_cBODGd?@gJ??	46	fffffffffff9
N??CA?_cBODGd?@gI_?	46	3fffffffffff
N??CA?_cBODGd?@gB_?	46	3fffffffffff
N??CA?_cBODGd?@gIO?	46	3fffffffffff
N??CA?_cBODGd?@gBO?	46	3fffffffffff
N??CA?_cBODGd?@gIG?	46	ffffffffe7ff
N??CA?_cBODGd?@gIC?	46	7fffffffefff
N??CA?_cBODGd?@gBC?	46	7fffffffefff
N??CA?_cBODGd?@gGc?	46	3fffffffffff
N??CA?_cBODGT?@gQO?	46	7ffffffeffff
N??CA?_cBODGT?@gPA?	46	7fffffffefff
N??CA?_cBODGT?@gOa?	46	3fffffffffff
N??CA?_cBODGT?@gOQ?	46	7ffffffffeff
N??CA?_cBODGT?@gOI?	46	7ffffffdffff
N??CA?_cBODGT?@gOE?	46	7fffffffff7f
N??CA?_cBODGF?@gY??	46	7ffffffffffd
N??CA?_cBODGF?@gQO?	46	7ffffffeffff
N??CA?_cBODGF?@gWA?	46	7fffffffefff
N??CA?_cBODGF?@gOa?	46	3fffffffffff
N??CA?_cBODGF?@gOQ?	46	7fffffffefff
N??CA?_cBODGF?@gOE?	46	7ffffffff7ff
N??CA?_cBODGF?@gGE?	46	3fffffffffff
N??CA?_cBODGF?@g?U?	46	7fffffffff7f
N??CA?_cBODGBGD_Ac?	46	3ffffdefdefff
N??CA?_cBODGBGD_WA?	46	7ffffffffffe
N??CA?_cBODGBGD_OE?	46	7ffffffff7ff
N??CA?_cBOCge?@gI_?	46	3fffffffffff
N??CA?_cBOCge?@gB_?	46	3fffffffffff
N??CA?_cBOCge?@gIO?	46	3fffffffffff
N??CA?_cBOCge?@gIG?	46	7ffffffff7ff
N??CA?_cBOCge?@gBG?	46	7ffffffff7ff
N??CA?_cBOCge?@gAg?	46	3fffffffffff
N??CA?_cBOCge?@gAW?	46	3fffffffffff
N??CA?_cBOCge?@gIC?	46	3fffffffffff
N??CA?_cBOCge?@gAc?	46	3fffffffffff
N??CA?_cBOCge?@gGS?	46	3fffffffffff
N??CA?_cBOCge?@gAK?	46	3fffffffffff
N??CA?_cBOCge?@gIA?	46	7fffffffefff
N??CA?_cBOCge?@gHA?	46	7fffffffefff
N??CA?_cBOCge?@gGa?	46	3fffffffffff
N??CA?_cBOCge?@gGQ?	46	3fffffffffff
N??CA?_cBOCge?@gGI?	46	7ffffffdffff
N??CA?_cBOCge?@g@I?	46	7ffffffdffff
N??CA?_cBOCge?@g?i?	46	3fffffffffff
N??CA?_cBOCge?@g?Y?	46	3fffffffffff
N??CA?_cBOCge?@gGE?	46	3fffffffffff
N??CA?_cBOCge?@g@E?	46	3fffffffffff
N??CA?_cBOCge?@g?M?	46	3fffffffffff
N??CA?_cBOCgU?@gQO?	46	7ffffffeffff
N??CA?_cBOCgU?@gPC?	46	3fffffffffff
N??CA?_cBOCgU?@g@K?	46	2ffdeff7fe70fccc
N??CA?_cBOCgU?@g?k?	46	2ffdeff7fe70fccc
N??CA?_cBOCgU?@gQA?	46	7fffffffefff
N??CA?_cBOCgU?@gPA?	46	7fffffffefff
N??CA?_cBOCgU?@gOa?	46	3fffffffffff
N??CA?_cBOCgU?@gOQ?	46	7ffffffffeff
N??CA?_cBOCgU?@gAQ?	46	7ffffffffeff
N??CA?_cBOCgU?@gOI?	46	7ffffffdffff
N??CA?_cBOCgU?@gOE?	46	3fffffffffff
N??CA?_cBOCgT?AgQO?	46	7fffffff7fff
N??CA?_cBOCgT?AgQC?	46	3fffffffffff
N??CA?_cBOCgT?Ag?k?	46	2ffdeff7fe70fccc
N??CA?_cBOCgT?AgPA?	46	3fffffffffff
N??CA?_cBOCgT?AgOQ?	46	7ffffffffffb
N??CA?_cBOCgT?AgOI?	46	7ffffffeffff
N??CA?_cBOCgT?AgOE?	46	3fffffffffff
N??CA?_cBOCgT?Ag@E?	46	3fffffffffff
N??CA?_cBOCgT?Ag?U?	46	3fffffffffff
N??CA?_cBOCgS_BGQC?	46	3fffffffffff
N??CA?_cBOCgS_BGPA?	46	3fffffffffff
N??CA?_cBOCgS_BGOa?	46	3fffffffffff
N??CA?_cBOCgS_BGOI?	46	7fffffffefff
N??CA?_cBOCgS_BGOE?	46	3fffffffffff
N??CA?_cBOCgSGB_QO?	46	7ffffffffffb
N??CA?_cBOCgSGB_PC?	46	3fffffffffff
N??CA?_cBOCgSGB_@K?	46	2ffdeff7fe70fccc
N??CA?_cBOCgSGB_?k?	46	2ffdeff7fe70fccc
N??CA?_cBOCgSGB_PA?	46	3fffffffffff
N??CA?_cBOCgSGB_Oa?	46	3fffffffffff
N??CA?_cBOCgSGB_OQ?	46	7ffffffffffe
N??CA?_cBOCgSGB_OI?	46	7ffffffff7ff
N??CA?_cBOCgSGB_OE?	46	7ffffffff7ff
N??CA?_cBOCgQGD_PA?	46	7ffffffffffe
N??CA?_cBOCgQGD_OI?	46	7fffffffff7f
N??CA?_cBOCgQGD_OE?	46	7fffffffff7f
N??CA?_cBOCgPGE_OI?	46	7ffffffffffd
N??CA?_cBOCgBGE_Y??	46	3fffffffffff
N??CA?_cBOCgBGE_QG?	46	3fffffffffff
N??CA?_cBOCgBGE_OW?	46	3fffffffffff
N??CA?_cBOCgBGE_AW?	46	3fffffffffff
N??CA?_cBOCgBGE_WC?	46	7ffffffffeff
N??CA?_cBOCgBGE_IC?	46	3ffffdefdefff
N??CA?_cBOCgBGE_WA?	46	3fffffffffff
N??CA?_cBOCgBGE_Oa?	46	3fffffffffff
N??CA?_cBOCgBGE_OI?	46	3fffffffffff
N??CA?_cBOCgBGE_OE?	46	3fffffffffff
N??CA?_cBOCgBGCgY??	46	3fffffffffff
N??CA?_cBOCgBGCgX??	46	7ffffffffeff
N??CA?_cBOCgBGCgJ??	46	3ffffdefdefff
N??CA?_cBOCgBGCgB_?	46	3ffffdefdefff
N??CA?_cBOCgBGCgWO?	46	3fffffffffff
N??CA?_cBOCgBGCgIO?	46	3fffffffffff
N??CA?_cBOCgBGCgBO?	46	3fffffffffff
N??CA?_cBOCgBGCgWA?	46	3fffffffffff
N??CA?_cBOCgBGCgPA?	46	3fffffffffff
N??CA?_cAcM?BOBGPC?	46	3fffffffffff
N??CA?_cAcM?BOBG@c?	46	3ffffdefdefff
N??CA?_cAcM?BOBGOS?	46	7ffffffff7ff
N??CA?_cAcM?BOBGCS?	46	7ffffffff7ff
N??CA?_cAcM?BOBGSA?	46	fffffffe67ff9
N??CA?_cAcM?BOBGOQ?	46	ffffffff0e7ff
N??CA?_cAcM?BOBGCQ?	46	ffffffff0e7ff
N??CA?_cAcM?BOBG@Q?	46	3fffffffffff
N??CA?_cAcM?BOBG?Y?	46	fffeff7fd7e7f
N??CA?_cAcM?BOBG?U?	46	7ffffffdffff
N??CA?_cC_h_J??wM??	46	7ffffffdffff
N??CA?_cC_h_J??wJ??	46	fffffffdf7ff
N??CA?_cC_h_J??wEG?	46	7ffffffffffe
N??CA?_cC_h_J??wAK?	46	ffffffffff74c
N??CA?_cC_hOJ?@WM??	46	7ffffffeffff
N??CA?_cC_hOJ?@WF??	46	fffffffeefff
N??CA?_cC_hOJ?@WI_?	46	3fffffffffff
N??CA?_cC_hOJ?@WE_?	46	ffffffffeffe
N??CA?_cC_hOJ?@WIO?	46	3fffffffdf6fe
N??CA?_cC_hOJ?@WEG?	46	7ffffffffffd
N??CA?_cC_hOJ?@WBG?	46	7fffffffefff
N??CA?_cC_hOJ?@WAg?	46	7fffffffff7f
N??CA?_cC_hOJ?@WIC?	46	7ffffffffffe
N??CA?_cC_hOJ?@WAc?	46	fffffffff77f
N??CA?_cC_hOJ?@WAK?	46	fffffffff6ff
N??CA?_cC_hOBOHGM??	46	ffffffffff7d
N??CA?_cC_hOBOHGF??	46	3fffffffffff
N??CA?_cC_hOBOHGE_?	46	3fffffffeeffc
N??CA?_cC_hOBOHGEG?	46	7ffffffffffd
N??CA?_cC_`oY?@WM??	46	fffffffefffe
N??CA?_cC_`oY?@WJ??	46	fffffffef7ff
N??CA?_cC_`oY?@WI_?	46	3fffffffffff
N??CA?_cC_`oY?@WEG?	46	7ffffffff7ff
N??CA?_cC_`oR?GWM??	46	7ffffffffffe
N??CA?_cC_`oR?GWF??	46	2ffeffffffefb
N??CA?_cC_`oR?GWEG?	46	fbffbfffff77c
N??CA?_cC_`oQOHGM??	46	3fffffffdef7e
N??CA?_EEC[?DOBGF??	46	3fffffffffff
N??CA?_EEC[?DOBGB_?	46	3ffe7f8f6b7ef07b
N??CA?_EEC[?DOBGBO?	46	3fffffffffff
N??CA?_EEC[?DOBGBG?	46	3ffff7dfdf7ff
N??CA?_EEC[?DOBG@W?	46	3fffffffffff
N??CA?_EEC[?DOBGBC?	46	3bfffffbf7ffd
N??CA?_EEC[?DOBGAc?	46	3bfffffbf7ffd
N??CA?_EEC[?DOBG@c?	46	7bffdffbf7ffd
N??CA?_EEC[?DOBGAS?	46	3fffffffffff
N??CA?_EEC[?DOBG?s?	46	1ffffffffb7fe
N??CA?_EEC[?DOBG?[?	46	7ffffffffb77c
N??CA?_EEC[?DOBGBA?	46	3defbfffdea94fcc
N??CA?_EEC[?DOBG@a?	46	3defbfffdea94fcc
N??CA?_EEC[?DOBGAE?	46	2ffeffffffefb
N??CA?_EEC[?DOBG@E?	46	effefffffeefa
N??CA?_EEC[?DOBG?e?	46	2ffeffffffefb
N??CA?_EEC[?DOBG?U?	46	7ffffffeffff
N??CA?_EEC[?DGBGBG?	46	3bfffffbf7ffd
N??CA?_EEC[?@WF?F??	46	3fffffffe777f
N??CA?_EEC[?@WF?BO?	46	3ffffffffe67f
N??CA?_EEC[?@WF?Ao?	46	7fffffffff7f
N??CA?_EEC[?@WF?BG?	46	3ffff7dfdf7ff
N??CA?_EEC[?@WF?BC?	46	7bffdffbf7ffd
N??CA?_EEC[?@WF?Ac?	46	3bfffffbf7ffd
N??CA?_EEC[?@WF?AS?	46	3fffffffffff
N??CA?_EEC[?@WF??q?	46	7fffffff7fff
N??CA?_EEC[?@WF?AE?	46	2ffeffffffefb
N??CA?_EEC[?@WF??e?	46	2ffeffffffefb
N??CA?_EEC[?@WF??U?	46	7ffffffff7ff
N??CA?_EECY?HOBGBO?	46	3fffffffeeffc
N??CA?_EECY?HOBG@W?	46	7fffffffff7f
N??CA?_EECY?HOBGBC?	46	fffffffffff9
N??CA?_EECY?HOBG@c?	46	2ffdeff7fe70fccc
N??CA?_EECY?HOBGCS?	46	3ffffffffffcc
N??CA?_EECY?HOBG@S?	46	7fffffffff7f
N??CA?_EECY?HOBG@K?	46	3ffffffe97fff
N??CA?_EECY?HOBGEA?	46	7ffffffffffb
N??CA?_EECY?HOBGDA?	46	3bfffffbf7ffd
N??CA?_EECY?HOBG@a?	46	5ff7fff7efffd
N??CA?_EECY?HOBG@Q?	46	3ffffffffe67f
N??CA?_EECY?HOBGCE?	46	2ffeffffffefb
N??CA?_EECY?HOBGAE?	46	fffffffffefe
N??CA?_EECY?HOBG@E?	46	f7fffbfffeefa
N??CA?_EECY?HOBG?e?	46	37fffbfffeffb
N??CA?_EECY?BOHGCo?	46	ffffffffff74c
N??CA?_EECY?BOHGCg?	46	3defbfffdea94fcc
N??CA?_EECY?BOHGEA?	46	3fffffffffe79
N??CA?_EECY?BOHGDA?	46	7bffdffbf7ffd
N??CA?_EECY?BOHGCa?	46	fbfffffbe7ff9
N??CA?_EECU?F?OW@c?	46	7fffffffff7f
N??CA?_EECU?F?@WK_?	46	3fffffffffff
N??CA?_EECU?F?@WKO?	46	7ffffffff7ff
N??CA?_EECU?F?@WHO?	46	ffffffffe7ff
N??CA?_EECU?F?@WDO?	46	fffffffef7ff
N??CA?_EECU?F?@WDG?	46	3fffffffffff
N??CA?_EECU?F?@WCg?	46	3fffffffffff
N??CA?_EECU?F?@W@g?	46	3fffffffffff
N??CA?_EECU?F?@WCW?	46	3fffffffffff
N??CA?_EECU?F?@W@W?	46	3fffffffffff
N??CA?_EECU?F?@WKC?	46	3fffffffffff
N??CA?_EECU?F?@WHC?	46	3fffffffffff
N??CA?_EECU?F?@WGc?	46	7fffffffff7f
N??CA?_EECU?F?@W@c?	46	3ffff7dfdf7ff
N??CA?_EECU?F?@WGS?	46	3fffffffffff
N??CA?_EECU?F?@W@S?	46	3fffffffffff
N??CA?_EECU?F?@WGK?	46	7fffffffff7f
N??CA?_EECU?F?@W@K?	46	3fffffffffff
N??CA?_EECU?F?@W?k?	46	7ffffffffffd
N??CA?_EECU?F?@W?[?	46	3fffffffffff
N??CA?_EECU?F?@WKA?	46	7ffffffeffff
N??CA?_EECU?F?@WGQ?	46	fffffffdf7ff
N??CA?_EECU?F?@WCQ?	46	fffffffdefff
N??CA?_EECU?F?@WCI?	46	3fffffffffff
N??CA?_EECU?F?@W?i?	46	3fffffffffff
N??CA?_EECU?F?@W?Y?	46	3fffffffffff
N??CA?_EECU?F?@WGE?	46	3fffffffffff
N??CA?_EECU?F?@W?U?	46	3fffffffffff
N??CA?_EECU?F?@W?M?	46	3fffffffffff
N??CA?_EECU?EOBGGc?	46	3fffffffffff
N??CA?_EECU?DOBGL??	46	3fffffffffff
N??CA?_EECU?DOBGK_?	46	3fffffffffff
N??CA?_EECU?DOBGH_?	46	3fffffffffff
N??CA?_EECU?DOBGKO?	46	fffffffff7fd
N??CA?_EECU?DOBGHO?	46	3fffffffffff
N??CA?_EECU?DOBGDO?	46	3fffffffffff
N??CA?_EECU?DOBG@o?	46	3fffffffffff
N??CA?_EECU?DOBGCg?	46	3fffffffffff
N??CA?_EECU?DOBG@g?	46	3fffffffffff
N??CA?_EECU?DOBGCW?	46	fffffffff77f
N??CA?_EECU?DOBG@W?	46	3fffffffffff
N??CA?_EECU?DOBGKC?	46	3fffffffffff
N??CA?_EECU?DOBGHC?	46	3fffffffffff
N??CA?_EECU?DOBGGc?	46	3fffffffffff
N??CA?_EECU?DOBG@c?	46	3ffff7dfdf7ff
N??CA?_EECU?DOBGGS?	46	3fffffffffff
N??CA?_EECU?DOBG@S?	46	3fffffffffff
N??CA?_EECU?DOBGCK?	46	3fffffffffff
N??CA?_EECU?DOBG@K?	46	3fffffffffff
N??CA?_EECU?DOBG?k?	46	3fffffffffff
N??CA?_EECU?DOBGKA?	46	7ffffffffffb
N??CA?_EECU?DOBGHA?	46	3fffffffffff
N??CA?_EECU?DOBGGa?	46	3fffffffffff
N??CA?_EECU?DOBGCa?	46	3ffff7dfdf7ff
N??CA?_EECU?DOBG@a?	46	3ffff7dfdf7ff
N??CA?_EECU?DOBGGQ?	46	ffffffffe7ff
N??CA?_EECU?DOBGCQ?	46	7fffffffefff
N??CA?_EECU?DOBGCI?	46	7fffffffefff
N??CA?_EECU?DOBG@I?	46	3fffffffffff
N??CA?_EECU?DOBG?i?	46	3fffffffffff
N??CA?_EECU?DOBGGE?	46	3fffffffffff
N??CA?_EECU?DOBG?e?	46	3fffffff0ffff
N??CA?_EECU?DOBG?U?	46	3fffffffffff
N??CA?_EECU?DOBG?M?	46	3fffffffffff
N??CA?_EECU?DGBOL??	46	3fffffffffff
N??CA?_EECU?DGBOH_?	46	3fffffffffff
N??CA?_EECU?DGBOKO?	46	fffffffff7fe
N??CA?_EECU?DGBOHO?	46	3fffffffffff
N??CA?_EECU?DGBO@o?	46	3fffffffffff
N??CA?_EECU?DGBOCg?	46	3fffffffffff
N??CA?_EECU?DGBO@g?	46	3fffffffffff
N??CA?_EECU?DGBOCW?	46	3fffffffffff
N??CA?_EECU?DGBO@W?	46	3fffffffffff
N??CA?_EECU?DGBOHC?	46	3fffffffffff
N??CA?_EECU?DGBOGc?	46	3fffffffffff
N??CA?_EECU?DGBOCc?	46	3ffff7dfdf7ff
N??CA?_EECU?DGBO@c?	46	3ffff7dfdf7ff
N??CA?_EECU?DGBOGS?	46	fffffffff77f
N??CA?_EECU?DGBOCS?	46	3ffffffffe67f
N??CA?_EECU?DGBO@S?	46	3fffffffffff
N??CA?_EECU?DGBO?s?	46	3fffffffffff
N??CA?_EECU?DGBOGK?	46	3fffffffffff
N??CA?_EECU?DGBOCK?	46	3fffffffffff
N??CA?_EECU?DGBO@K?	46	3fffffffffff
N??CA?_EECU?DGBO?k?	46	3fffffffffff
N??CA?_EECU?DGBOKA?	46	7ffffffffffd
N??CA?_EECU?DGBOHA?	46	3fffffffffff
N??CA?_EECU?DGBOGa?	46	3fffffffffff
N??CA?_EECU?DGBO@a?	46	3ffff7dfdf7ff
N??CA?_EECU?DGBOGQ?	46	7ffffffff7ff
N??CA?_EECU?DGBOCQ?	46	ffffffffe7ff
N??CA?_EECU?DGBOCI?	46	3fffffffffff
N??CA?_EECU?DGBO?i?	46	3fffffffffff
N??CA?_EECU?DGBO?Y?	46	3fffffffffff
N??CA?_EECU?DGBOGE?	46	7fffffffefff
N??CA?_EECU?DGBO?e?	46	3fffffff0ffff
N??CA?_EECU?CWBGH_?	46	3fffffffffff
N??CA?_EECU?@SBGM??	46	7ffffffffffb
N??CA?_EECU?@SBGL??	46	3fffffffffff
N??CA?_EECU?@SBGJ??	46	3fffffffffff
N??CA?_EECU?@SBGK_?	46	3fffffffffff
N??CA?_EECU?@SBGI_?	46	3fffffffffff
N??CA?_EECU?@SBGH_?	46	fffffffff7fe
N??CA?_EECU?@SBGB_?	46	3ffff7dfdf7ff
N??CA?_EECU?@SBGKO?	46	ffffffff6fff
N??CA?_EECU?@SBGIO?	46	ffffffffe7ff
N??CA?_EECU?@SBGAo?	46	3fffffffffff
N??CA?_EECU?@SBG@o?	46	3fffffffffff
N??CA?_EECU?@SBGEG?	46	7fffffffefff
N??CA?_EECU?@SBGDG?	46	3fffffffffff
N??CA?_EECU?@SBGCg?	46	3fffffffffff
N??CA?_EECU?@SBGKC?	46	3fffffffffff
N??CA?_EECU?@SBGIC?	46	3fffffffffff
N??CA?_EECU?@SBGHC?	46	7ffffffffffd
N??CA?_EECU?@SBGGc?	46	7ffffffffffd
N??CA?_EECU?@SBG@c?	46	ffffffff0e7ff
N??CA?_EECU?@SBGGS?	46	3fffffffffff
N??CA?_EECU?@SBGCS?	46	3fffffffffff
N??CA?_EECU?@SBGAK?	46	3fffffffffff
N??CA?_EECU?@SBG@K?	46	ffffffffe7ff
N??CA?_EECU?@SBG?k?	46	ffffffffe7ff
N??CA?_EECU?@SBG?[?	46	3fffffffffff
N??CA?_EECU?@KBOM??	46	7ffffffffffd
N??CA?_EECU?@KBOL??	46	3fffffffffff
N??CA?_EECU?@KBOJ??	46	3fffffffffff
N??CA?_EECU?@KBOK_?	46	3fffffffffff
N??CA?_EECU?@KBOD_?	46	3ffff7dfdf7ff
N??CA?_EECU?@KBOB_?	46	3ffff7dfdf7ff
N??CA?_EECU?@KBOKO?	46	ffffffff77ff
N??CA?_EECU?@KBOIO?	46	7ffffffff7ff
N??CA?_EECU?@KBOHO?	46	3fffffffffff
N??CA?_EECU?@KBOAo?	46	3fffffffffff
N??CA?_EECU?@KBODG?	46	3fffffffffff
N??CA?_EECU?@KBO@g?	46	3ffffffffe67f
N??CA?_EECU?@KBOCW?	46	3fffffffffff
N??CA?_EECU?@KBOAW?	46	3fffffffffff
N??CA?_EECU?@KBOKC?	46	7fffffffefff
N??CA?_EECU?@KBOHC?	46	7ffffffffffd
N??CA?_EECU?@KBOGc?	46	7ffffffffffd
N??CA?_EECU?@KBOGS?	46	7ffffffdffff
N??CA?_EECU?@KBO@S?	46	3fffffffffff
N??CA?_EECU?@KBOGK?	46	7ffffffffffb
N??CA?_EECU?@KBOAK?	46	3fffffffffff
N??CA?_EECU?@KBO@K?	46	ffffffffe7ff
N??CA?_EECU?@KBO?k?	46	ffffffffe7ff
N??CA?_EECU?@KBO?[?	46	3fffffffffff
N??CA?_EECR?L?@WL??	46	7fffffffff7f
N??CA?_EECR?L?@WK_?	46	3fffffffffff
N??CA?_EECR?L?@WKO?	46	7ffffffff7ff
N??CA?_EECR?L?@WDO?	46	fffffffef7ff
N??CA?_EECR?L?@WKG?	46	3fffffffffff
N??CA?_EECR?L?@WDG?	46	3fffffffffff
N??CA?_EECR?L?@WCg?	46	3ffff7dfdf7ff
N??CA?_EECR?L?@WCW?	46	3fffffffffff
N??CA?_EECR?L?@WGc?	46	3fffffffffff
N??CA?_EECR?L?@WCc?	46	3ffff7dfdf7ff
N??CA?_EECR?L?@WGS?	46	7fffffffff7f
N??CA?_EECR?L?@WCS?	46	3fffffffffff
N??CA?_EECR?L?@W?s?	46	3fffffffffff
N??CA?_EECR?L?@WGK?	46	7fffffffff7f
N??CA?_EECR?L?@W@K?	46	3fffffffffff
N??CA?_EECR?L?@W?k?	46	7ffbfef7ef7ff
N??CA?_EECR?L?@W?[?	46	7ffffffffffd
N??CA?_EECR?L?@WKA?	46	7ffffffeffff
N??CA?_EECR?L?@WHA?	46	3fffffffef7fa
N??CA?_EECR?L?@WDA?	46	fffff7dfce7ff
N??CA?_EECR?L?@W@Q?	46	3fffffffdef7e
N??CA?_EECR?L?@WGE?	46	3fffffffffff
N??CA?_EECR?L?@W?M?	46	3fffffffffff
N??CA?_EECR?DOHGK_?	46	7ffffffff7ff
N??CA?_EECR?DOHGKO?	46	7ffffffff7ff
N??CA?_EECR?DOHGDG?	46	3fffffffffff
N??CA?_EECR?DOHGCg?	46	3ffff7dfdf7ff
N??CA?_EECR?DOHGCW?	46	3fffffffffff
N??CA?_EECR?DOHGKA?	46	3fffffffffff
N??CA?_EECR?DOHGDA?	46	3ffff7dfdf7ff
N??CA?_EECR?DOHGCa?	46	3ffff7dfdf7ff
N??CA?_EECR?HC@WJ??	46	3fffffffef7fa
N??CA?_EECR?HC@WF??	46	fffff7dfce7ff
N??CA?_EECR?HC@WK_?	46	7ffffffffffe
N??CA?_EECR?HC@WB_?	46	3ffff7dfdf7ff
N??CA?_EECR?HC@WKO?	46	7ffffffdffff
N??CA?_EECR?HC@WBO?	46	3fffffffdef7e
N??CA?_EECR?HC@WKG?	46	7ffffffffffd
N??CA?_EECR?HC@WCg?	46	ffffffff0e7ff
N??CA?_EECR?HC@WCW?	46	3fffffffffff
N??CA?_EECR?HC@W?w?	46	3fffffffffff
N??CA?_EECR?HC@WGc?	46	7ffffffff7ff
N??CA?_EECR?HC@WCc?	46	ffffffff0e7ff
N??CA?_EECR?HC@WGS?	46	7fffffff7fff
N??CA?_EECR?HC@WCS?	46	3fffffffffff
N??CA?_EECR?HC@W?s?	46	3fffffffffff
N??CA?_EECR?HC@WGK?	46	ffffffff6fff
N??CA?_EECR?HC@WAK?	46	3fffffffffff
N??CA?_EECR?HC@W?k?	46	fffffbbfce7ff
N??CA?_EECR?HC@W?[?	46	7ffffffffffb
N??CA?_EECR?@SHGF??	46	3ffff7dfdf7ff
N??CA?_EECR?@SHGK_?	46	fffffffdfffe
N??CA?_EECR?@SHGKO?	46	7ffffffdffff
N??CA?_EECR?@SHGCg?	46	ffffffff0e7ff
N??CA?_EECR?@SHGCW?	46	3fffffffffff
N??CA?_EECR?@SHGCS?	46	7fffffff7fff
N??CA?_EECW_L?EGDG?	46	3fffffffff87f
N??CA?_EECW_L?AWF??	46	3fffffffff87f
N??CA?_EECW_L?AWB_?	46	3fffffffffff
N??CA?_EECW_L?AWBO?	46	3fffffffffff
N??CA?_EECW_L?AWCo?	46	ffffffffff74c
N??CA?_EECW_L?AWDA?	46	1ffffff7efffd
N??CA?_EECW_F?GWF??	46	3ffdbf739b7ee87d
N??CA?_EECW_F?GWEA?	46	3ffdbf739b7ee87d
N??CA?_EECW_HOEGB_?	46	6ffaffffffefb
N??CA?_EECW_HOEGBO?	46	effefffffeefa
N??CA?_EECW_DOIGCo?	46	3defbfffdea94fcc
N??CA?_EECSOF?@WM??	46	7ffffffff7ff
N??CA?_EECSOF?@WJ??	46	3ffffffffe67f
N??CA?_EECSOF?@WEG?	46	3fffffffffff
N??CA?_EECSOF?@WBG?	46	7fffaffbf7f7f
N??CA?_EECSOF?@WAg?	46	3fffbffbf7f7f
N??CA?_EECSOF?@WAK?	46	3fffffffffff
N??CA?_EECSOF?@WKA?	46	fffffffdfffe
N??CA?_EECSOF?@WIA?	46	3fffffffd77fd
N??CA?_EECSOF?@WCI?	46	7ffffffff7ff
N??CA?_EECSOF?@WAI?	46	7fdeff7ff7eff
N??CA?_EECSOF?@W?i?	46	3ffeff7ff7eff
N??CA?_EECSOF?@W?M?	46	7ffffffdffff
N??CA?_EECSODOBGM??	46	fffffffff7fd
N??CA?_EECSODOBGJ??	46	3fffffffffff
N??CA?_EECSODOBGK_?	46	3ffffffffffcc
N??CA?_EECSODOBGB_?	46	3ffe7fda37bf077b
N??CA?_EECSODOBGEG?	46	fffffffff77f
N??CA?_EECSODOBGHG?	46	3fffffffffff
N??CA?_EECSODOBGDG?	46	3fffffffffff
N??CA?_EECSODOBGBG?	46	3fffbffbf7f7f
N??CA?_EECSODOBGCg?	46	1ffffffffb7fe
N??CA?_EECSODOBGGK?	46	7ffffffffb77c
N??CA?_EECSODOBG?k?	46	3ffdf7ffff77f
N??CA?_EECSODOBGKA?	46	ffffffffef7f
N??CA?_EECSODOBGIA?	46	ffffffffe7ff
N??CA?_EECSODOBGEA?	46	7fffffffefff
N??CA?_EECSODOBGGI?	46	fffffffdf7ff
N??CA?_EECSODOBGCI?	46	7ffffffdffff
N??CA?_EECSODOBG@I?	46	3ffeff7ff7eff
N??CA?_EECSGDOBGJ??	46	3fffffffffff
N??CA?_EECSGDOBGHO?	46	3fffffffffff
N??CA?_EECSGDOBGBO?	46	3fffffffffff
N??CA?_EECSGDOBGBC?	46	3fffffffffff
N??CA?_EECSGDOBG@c?	46	3fffffffffff
N??CA?_EECSGDOBGGS?	46	7ffffffffb77c
N??CA?_EECSGDOBG@a?	46	3fdffffffb7fe
N??CA?_EECSGDOBGGQ?	46	fffffffdf7ff
N??CA?_EECSGSGJ?B_?	46	3fffffffffff
N??CA?_EECSGPGF?F??	46	7fffffff7fff
N??CA?_EECSGPGF?E_?	46	3fffffffffff
N??CA?_EECSGPGF?BO?	46	3fffffffffff
N??CA?_EECSGPGF?Ao?	46	3fffffffffff
N??CA?_EECSGPGF?BG?	46	3fffffffffff
N??CA?_EECSGPGF?BC?	46	7fffffffff7f
N??CA?_EECSGPGF?EA?	46	7ffffffffffb
N??CA?_EECSGPGF?Ca?	46	3fffffffffff
N??CA?_EECSGPGF??q?	46	3fffffffffff
N??CA?_EECSGPGF?AE?	46	7fffffff7fff
N??CA?_EECSG@WF?J??	46	3fffffffffff
N??CA?_EECSG@WF?F??	46	7ffffffeffff
N??CA?_EECSG@WF?BO?	46	3fffffffffff
N??CA?_EECSG@WF?BC?	46	3fffffffffff
N??CA?_EECSG@WF?AE?	46	3fffffffffff
N??CA?_EECQGX?BGF??	46	3fffffffffff
N??CA?_EECQGX?BGB_?	46	3fffffffffff
N??CA?_EECQGX?BGBO?	46	7ffffffffffd
N??CA?_EECQGX?BGCW?	46	ffffffffff74c
N??CA?_EECQGX?BG@W?	46	7fffffffff7f
N??CA?_EECQGX?BGBC?	46	7ffffffffffb
N??CA?_EECQGX?BG@S?	46	3fffffffffff
N??CA?_EECQGX?BG?s?	46	1ffffffffb7fe
N??CA?_EECQGX?BG@K?	46	3fffffffffff
N??CA?_EECQGX?BGDA?	46	7fffffffff7f
N??CA?_EECQGX?BG@a?	46	7ffffffff7ff
N??CA?_EECQGX?BG@E?	46	fffffffefffe
N??CA?_EECQGX?BG?M?	46	3fffffffffff
N??CA?_EECQGL?IGH_?	46	3fffffffffff
N??CA?_EECQGL?BGL??	46	3fffffffffff
N??CA?_EECQGL?BGK_?	46	3fffffffffff
N??CA?_EECQGL?BGH_?	46	3fffffffffff
N??CA?_EECQGL?BGKO?	46	fffffffff7fd
N??CA?_EECQGL?BGHO?	46	7ffffffffffd
N??CA?_EECQGL?BGDO?	46	3fffffffffff
N??CA?_EECQGL?BG@o?	46	3fffffffffff
N??CA?_EECQGL?BGKG?	46	fffffffff7fd
N??CA?_EECQGL?BGCg?	46	3fffffffffff
N??CA?_EECQGL?BGCW?	46	fffffffff77f
N??CA?_EECQGL?BG@W?	46	7ffffffff7ff
N??CA?_EECQGL?BGKC?	46	3fffffffffff
N??CA?_EECQGL?BGHC?	46	3fffffffffff
N??CA?_EECQGL?BGGc?	46	3fffffffffff
N??CA?_EECQGL?BGGS?	46	3fffffffffff
N??CA?_EECQGL?BGCS?	46	3fffffffffff
N??CA?_EECQGL?BG@S?	46	3fffffffffff
N??CA?_EECQGL?BG?s?	46	3fffffffffff
N??CA?_EECQGL?BG?[?	46	3fffffffffff
N??CA?_EECQGL?BGKA?	46	7ffffffffffb
N??CA?_EECQGL?BGGa?	46	3fffffffffff
N??CA?_EECQGL?BGGQ?	46	3ffffffffe67f
N??CA?_EECQGL?BGCI?	46	7fffffffefff
N??CA?_EECQGL?BG?Y?	46	3fffffffcff7d
N??CA?_EECQGL?BGGE?	46	3fffffffffff
N??CA?_EECQGL?BG?U?	46	3fffffffffff
N??CA?_EECQGL?BG?M?	46	3fffffffffff
N??CA?_EECQGR?HGF??	46	3fffffffffff
N??CA?_EECQGR?HGE_?	46	7fffffff7fff
N??CA?_EECQGR?HGCo?	46	3ffffffffffcc
N??CA?_EECQGR?HGCg?	46	3ffffffffffcc
N??CA?_EECQGR?HGDA?	46	7fffffffff7f
N??CA?_EECQGR?HGCI?	46	3fffffffffff
N??CA?_EECQGF?HGL??	46	3fffffffffff
N??CA?_EECQGF?HGK_?	46	7ffffffff7ff
N??CA?_EECQGF?HGKO?	46	1ffffffffcffe
N??CA?_EECQGF?HGDO?	46	3fffffffffff
N??CA?_EECQGF?HGCg?	46	3fffffffffff
N??CA?_EECQGF?HGCW?	46	7edfffffffcfe
N??CA?_EECQGF?HGKC?	46	7ffffffff7ff
N??CA?_EECQGF?HGKA?	46	3fffffffffff
N??CA?_EECQGF?HGCQ?	46	3fffffffffff
N??CA?_EECQGF?HGCI?	46	3fffffffffff
N??CA?_EECQGHOBGF??	46	3fffffffffff
N??CA?_EECQGHOBGKO?	46	ffffffffff74c
N??CA?_EECQGHOBGHO?	46	7fffffffff7f
N??CA?_EECQGHOBGBO?	46	7ffffffff7ff
N??CA?_EECQGHOBGGo?	46	1ffffffffb7fe
N??CA?_EECQGHOBGHC?	46	3fffffffffff
N??CA?_EECQGHOBG@c?	46	1ffffffffb7fe
N??CA?_EECQGHOBG@S?	46	3fffffffffff
N??CA?_EECQGHOBGDA?	46	3fffffffffff
N??CA?_EECQGHOBG@a?	46	3fffffffffff
N??CA?_EECQGHOBGGE?	46	3fffffffffff
N??CA?_EECQGHOBG@E?	46	7ffffffff7ff
N??CA?_EECQGBOHGK_?	46	3ffffffffffcc
N??CA?_EECQGBOHGKA?	46	3fffffffffff
N??CA?_EECQGHCBGM??	46	7ffffffffffb
N??CA?_EECQGHCBGL??	46	7fffffffff7f
N??CA?_EECQGHCBGJ??	46	7ffffffffffb
N??CA?_EECQGHCBGK_?	46	7fffffffff7f
N??CA?_EECQGHCBGKO?	46	7fffffffefff
N??CA?_EECQGHCBGHO?	46	7ffffffffeff
N??CA?_EECQGHCBGDO?	46	3fffffffffff
N??CA?_EECQGHCBG@o?	46	3fffffffffff
N??CA?_EECQGHCBGKG?	46	7fffffffefff
N??CA?_EECQGHCBGEG?	46	7fffffffefff
N??CA?_EECQGHCBGDG?	46	3fffffffffff
N??CA?_EECQGHCBGCg?	46	3fffffffffff
N??CA?_EECQGHCBG@g?	46	3fffffffffff
N??CA?_EECQGHCBGIC?	46	3fffffffffff
N??CA?_EECQGHCBGHC?	46	7ffffffeffff
N??CA?_EECQGHCBGGc?	46	7ffffffeffff
N??CA?_EECQGHCBGGS?	46	3fffffffffff
N??CA?_EECQGHCBGCS?	46	3fffffffffff
N??CA?_EECQGHCBGGK?	46	3fffffffffff
N??CA?_EECQGHCBGCK?	46	3fffffffffff
N??CA?_EECQGHCBGAK?	46	3fffffffffff
N??CA?_EECQGHCBG@K?	46	3fffffffffff
N??CA?_EECSCHOF?J??	46	3ffffffffe67f
N??CA?_EECSCHOF?I_?	46	7ffffffff7ff
N??CA?_EECSCHOF?BO?	46	3fffffffe777f
N??CA?_EECSCHOF?BG?	46	7bffdffbf7ffd
N??CA?_EECSCHOF?IC?	46	3fffffffffff
N??CA?_EECSCHOF?BC?	46	3ffff7dfdf7ff
N??CA?_EECSCHOF?IA?	46	3fffffffcff7d
N??CA?_EECSCHOF?Ga?	46	7ffffffdffff
N??CA?_EECSCHOF?AI?	46	2ffeffffffefb
N??CA?_EECSCHOF?GE?	46	7ffffffffffe
N??CA?_EECSCHOF??e?	46	3fffffff0ffff
N??CA?_ECC{?F?@WKO?	46	fffffffdfffe
N??CA?_ECC{?F?@WIO?	46	fffffffdf7ff
N??CA?_ECC{?F?@WBO?	46	3fffffffdef7e
N??CA?_ECC{?F?@WEG?	46	3fffffffffff
N??CA?_ECC{?F?@WGg?	46	7ffffffff7ff
N??CA?_ECC{?F?@WCg?	46	7ffffffff7ff
N??CA?_ECC{?F?@WGW?	46	7ffffffff7ff
N??CA?_ECC{?F?@WCW?	46	7ffffffff7ff
N??CA?_ECC{?F?@WAW?	46	3fffffffffff
N??CA?_ECC{?F?@WAK?	46	7ffffffffffb
N??CA?_ECC{?F?@W?k?	46	fffffffdfffb
N??CA?_ECC{?F?@W?[?	46	7ffffffdffff
N??CA?_ECC{?DOBGE_?	46	3fffffffffff
N??CA?_ECC{?DOBGKO?	46	ffffffffef7f
N??CA?_ECC{?DOBGIO?	46	ffffffffe7ff
N??CA?_ECC{?DOBGEO?	46	7fffffffefff
N??CA?_ECC{?DOBGDG?	46	3fffffffffff
N??CA?_ECC{?DOBGBG?	46	ffffffffff7d
N??CA?_ECC{?DOBGCg?	46	7ffffffff7ff
N??CA?_ECC{?DOBGAg?	46	ffffffffff7d
N??CA?_ECC{?DOBGCW?	46	7ffffffdffff
N??CA?_ECC{?DOBG@W?	46	3fffffffffff
N??CA?_ECC{?DOBG?w?	46	3fffffffffff
N??CA?_ECC{?DOBG?k?	46	fffffffdfffb
N??CA?_ECC{?DOBG?[?	46	3fffffffffff
N??CA?_ECCy?J?@WM??	46	7ffffffeffff
N??CA?_ECCy?J?@WL??	46	7ffffffeffff
N??CA?_ECCy?J?@WK_?	46	7ffffffffffe
N??CA?_ECCy?J?@WH_?	46	3fffffffffff
N??CA?_ECCy?J?@WD_?	46	effefffffeefa
N??CA?_ECCy?J?@WKO?	46	7ffffffdffff
N??CA?_ECCy?J?@WEO?	46	fffffffdefff
N??CA?_ECCy?J?@WGo?	46	3fffffffffff
N??CA?_ECCy?J?@WCo?	46	3fffffffffff
N??CA?_ECCy?J?@WKG?	46	7ffffffffffd
N??CA?_ECCy?J?@WCg?	46	feffffffff37c
N??CA?_ECCy?J?@W@g?	46	7fffffffff7f
N??CA?_ECCy?J?@WGW?	46	3fffffffe777f
N??CA?_ECCy?J?@WCW?	46	3fffffffffff
N??CA?_ECCy?J?@W@W?	46	7ffffffeffff
N??CA?_ECCy?J?@WKC?	46	7ffffffffffd
N??CA?_ECCy?J?@WIC?	46	7ffffffffffe
N??CA?_ECCy?J?@WHC?	46	3fffffffffff
N??CA?_ECCy?J?@WGc?	46	7ffffffff7ff
N??CA?_ECCy?J?@WAc?	46	3fffffffffff
N??CA?_ECCy?J?@WGS?	46	7fffffffff7f
N??CA?_ECCy?J?@WAS?	46	7ffffffff7ff
N??CA?_ECCy?J?@WGK?	46	ffffffffef7f
N??CA?_ECCy?J?@WCK?	46	fefffffffecfa
N??CA?_ECCy?J?@WAK?	46	7ffffffff7ff
N??CA?_ECCy?J?@W@K?	46	7ffffffffeff
N??CA?_ECCy?J?@W?k?	46	ffffbffbd7e7f
N??CA?_ECCy?J?@W?[?	46	7ffffffeffff
N??CA?_ECCy?BOHGM??	46	ffffffffff7d
N??CA?_ECCy?BOHGL??	46	3fffffffffff
N??CA?_ECCy?BOHGK_?	46	fffffffefffe
N??CA?_ECCy?BOHGE_?	46	fffffffeefff
N??CA?_ECCy?BOHGD_?	46	effefffffeefa
N??CA?_ECCy?BOHGKO?	46	fffffffff7fd
N??CA?_ECCy?BOHGEO?	46	3ffffffffe7f9
N??CA?_ECCy?BOHGDO?	46	3fffffffffff
N??CA?_ECCy?BOHGKG?	46	7ffffffffffd
N??CA?_ECCy?BOHGCg?	46	feffffffff37c
N??CA?_ECCy?BOHGCW?	46	3fffffffffff
N??CA?_ECCy?BOHGCS?	46	fffffffdf7ff
N??CA?_ECCy?BOHGCK?	46	fefffffffecfa
N??CA?_ECCw_M?@WKO?	46	7ffffffdffff
N??CA?_ECCw_M?@WBO?	46	3fffffffdef7e
N??CA?_ECCw_M?@WKG?	46	7ffffffffffd
N??CA?_ECCw_M?@WAg?	46	3fffffffffff
N??CA?_ECCw_M?@WGW?	46	fbffbfffff77c
N??CA?_ECCw_M?@WCW?	46	3fffffffffff
N??CA?_ECCw_M?@W?w?	46	ffffffffff74c
N??CA?_ECCw_M?@WKC?	46	7ffffffffffd
N??CA?_ECCw_M?@WIC?	46	3fffffffffff
N??CA?_ECCw_M?@WCc?	46	7ffffffff7ff
N??CA?_ECCw_M?@WAc?	46	3fffffffffff
N??CA?_ECCw_M?@WGS?	46	7ffffffffffe
N??CA?_ECCw_M?@WAS?	46	7fffffff7fff
N??CA?_ECCw_M?@WCK?	46	ffffffff6fff
N??CA?_ECCw_M?@WAK?	46	7fffffff7fff
N??CA?_ECCw_M?@W?k?	46	fffffbbfce7ff
N??CA?_ECCw_M?@W?[?	46	7ffffffff7ff
N??CA?_ECCw_L?AWM??	46	7fffffff7fff
N??CA?_ECCw_L?AWL??	46	3fffffffffff
N??CA?_ECCw_L?AWE_?	46	fffffffeefff
N??CA?_ECCw_L?AWKO?	46	7ffffffeffff
N??CA?_ECCw_L?AWIO?	46	fffffffef7ff
N??CA?_ECCw_L?AWDO?	46	3fffffffffff
N??CA?_ECCw_L?AWCo?	46	fffffffdefff
N??CA?_ECCw_L?AWKG?	46	7ffffffffffd
N??CA?_ECCw_L?AWAg?	46	3fffffffffff
N??CA?_ECCw_L?AW@g?	46	3fffffffffff
N??CA?_ECCw_L?AWGW?	46	fffffffff7fd
N??CA?_ECCw_L?AWCW?	46	3fffffffffff
N??CA?_ECCw_L?AW@W?	46	fffffffff77f
N??CA?_ECCw_L?AW?w?	46	3fffffffffff
N??CA?_ECCw_L?AWKC?	46	7ffffffffffd
N??CA?_ECCw_L?AWIC?	46	3fffffffffff
N??CA?_ECCw_L?AW@c?	46	3fffffffffff
N??CA?_ECCw_L?AWGS?	46	7ffffffffffd
N??CA?_ECCw_L?AW@S?	46	7ffffffff7ff
N??CA?_ECCw_L?AWGK?	46	ffffffffeffd
N??CA?_ECCw_L?AWCK?	46	ffffffff6fff
N??CA?_ECCw_L?AWAK?	46	7fffffff7fff
N??CA?_ECCw_L?AW@K?	46	ffffffff77ff
N??CA?_ECCw_L?AW?k?	46	7ffffffdffff
N??CA?_ECCw_L?AW?[?	46	7fffffffefff
N??CA?_ECCw_F?GWM??	46	7ffffffffffe
N??CA?_ECCw_F?GWKO?	46	7ffffffffffe
N??CA?_ECCw_F?GWEO?	46	2ffeffffffefb
N??CA?_ECCw_F?GWEG?	46	fffffffff77f
N??CA?_ECCw_F?GWCg?	46	7ffffffff7ff
N??CA?_ECCw_F?GWCW?	46	7ffffffff7ff
N??CA?_ECCw_F?GWCc?	46	7ffffffff7ff
N??CA?_ECCw_F?GWCS?	46	7ffffffff7ff
N??CA?_ECCw_EOHGM??	46	3fffffffffff
N??CA?_ECCw_EOHGK_?	46	fffdf7ffff77c
N??CA?_ECCw_EOHGE_?	46	ffffffffeeff
N??CA?_ECCw_EOHGKO?	46	7ffffffffffd
N??CA?_ECCw_EOHGEO?	46	3fffffffffff
N??CA?_ECCw_EOHGCo?	46	ffffffff0e7ff
N??CA?_ECCw_EOHGKG?	46	7ffffffffffd
N??CA?_ECCw_EOHGCW?	46	3fffffffffff
N??CA?_ECCw_EOHGCS?	46	ffffffff0e7ff
N??CA?_ECCw_EOHGCK?	46	ffffffff6fff
N??CA?_ECCw_DOIGM??	46	3fffffffffff
N??CA?_ECCw_DOIGL??	46	fffffffffefd
N??CA?_ECCw_DOIGE_?	46	3fffffffffff
N??CA?_ECCw_DOIGKO?	46	7fffffffff7f
N??CA?_ECCw_DOIGEO?	46	7fffffffff7f
N??CA?_ECCw_DOIGKG?	46	ffffffffff7d
N??CA?_ECCw_DOIGDG?	46	fffffffeff7f
N??CA?_ECCw_DOIGCg?	46	fffffffff7fd
N??CA?_ECCw_DOIGCW?	46	3fffffffffff
N??CA?_ECCw_DOIGCS?	46	3fffffffe777f
N??CA?_ECCw_DOIGCK?	46	ffffffff6fff
N??CA?_ECCq_Y?@WM??	46	7ffffffeffff
N??CA?_ECCq_Y?@WL??	46	fffffffefffe
N??CA?_ECCq_Y?@WJ??	46	fffffffef7ff
N??CA?_ECCq_Y?@WK_?	46	7ffffffffffe
N??CA?_ECCq_Y?@WI_?	46	3fffffffffff
N??CA?_ECCq_Y?@WKO?	46	7ffffffdffff
N??CA?_ECCq_Y?@WHO?	46	fffffffdf7ff
N??CA?_ECCq_Y?@WGo?	46	3fffffffffff
N??CA?_ECCq_Y?@WCW?	46	3fffffffffff
N??CA?_ECCq_R?GWF??	46	2ffeffffffefb
N??CA?_ECCq_R?GWKO?	46	7ffffffffffe
N??CA?_ECCq_R?GWDO?	46	2ffeffffffefb
N??CA?_ECCq_R?GWDG?	46	7ffffffff7ff
N??CA?_ECCq_R?GWCW?	46	fffffffff77f
N??CA?_ECCq_QOHGL??	46	dffffeffff77c
N??CA?_ECCq_QOHGKO?	46	3fffffffffff
N??CA?_ECCq_QOHGKG?	46	7ffffffffb77c
N??CA?_ECCwGL?BGL??	46	3fffffffffff
N??CA?_ECCwGL?BGJ??	46	7ffffffffffb
N??CA?_ECCwGL?BGK_?	46	fffffffffffa
N??CA?_ECCwGL?BGKO?	46	ffffffffeffd
N??CA?_ECCwGL?BGGo?	46	7ffffffff7ff
N??CA?_ECCwGL?BGKC?	46	fffffffffffc
N??CA?_ECCwGF?HGM??	46	3fffffffffff
N??CA?_ECCwGF?HGK_?	46	ffff7dfffeefa
N??CA?_ECCwGF?HGKO?	46	fffdf7ffff77c
N??CA?_ECCwGF?HGKC?	46	fffdf7ffff77c
N??CAA_Ga_QOF?BOCK?	46	7fffffff7fff
N??CAA_Ga_QOF?BOGE?	46	ffffffff77ff
N??CAA_Ga_QOF?BO@E?	46	3fffffff0ffff
N??CAA_Ga_QOF?BO?M?	46	7ffffffffffb
N??CAA_Ga_QOF?BO?L?	46	3fffffffffff
N??CAA_Ga_QOF?BO?F?	46	fffffbbfce7ff
N??CAA_Ga_QOBOBO@E?	46	37ff6fdff9f0fb52
N??CAA_Ga_QOBGBOD_?	46	3defbfffdea94fcc
N??CAA_Ga_QOBGBOIG?	46	7fffffffefff
N??CAA_Ga_QOBGBOEG?	46	3fffffffffff
N??CAA_Ga_QOBGBO@g?	46	3effffffffb7e
N??CAA_Ga_QOBGBOIA?	46	7ffffffff7ff
N??CAA_Ga_QOBGBOHA?	46	3fffffffffff
N??CAA_Ga_QOBGBOCI?	46	3ffffffffffcc
N??CAA_Ga_QOBGBOAI?	46	3fffffffffff
N??CAA_Ga_QOBGBOK@?	46	7ffffffff7ff
N??CAA_Ga_QOBGBOH@?	46	3fffffffffff
N??CAA_Ga_QOBGBO@`?	46	3fffffffffff
N??CAA_Ga_QOBGBOGH?	46	7ffffffff7ff
N??CAA_Ga_QOBGBOAH?	46	7fffffffff7f
N??CAA_Ga_QOBGBOGB?	46	7ffffffdffff
N??CAAAK@OWOT?BODC?	46	3fffffffffff
N??CAAAK@OWOT?BO?M?	46	3effffffffb7e
N??CAAAK@OWOT?BO?L?	46	3ffffffffffcc
N??CAAAK@OWOF?DOHC?	46	3fffffff0ffff
N??CAAAK@OWOF?DODC?	46	3fffffffffff
N??CAAAK@OWOF?DO@K?	46	3ffffffe97fff
N??CAAAK@OWOF?DOCD?	46	ffffffffeffb
N??CAAAK@OWOPOF??F?	46	fffffffff7fe
N??CAAAK@OWODOBOGE?	46	3effffffffb7e
N??CAAAK@OWODGBOM??	46	fffffffff7fe
N??CAAAK@OWODGBOL??	46	3fffffffffff
N??CAAAK@OWODGBOF??	46	7ffffffffffe
N??CAAAK@OWODGBOB_?	46	3ffffffe97fff
N??CAAAK@OWODGBOEG?	46	3fffffffffff
N??CAAAK@OWODGBODG?	46	fffffffffefe
N??CAAAK@OWODGBOBG?	46	3ffffffe97fff
N??CAAAK@OWODGBOCg?	46	3fffffffffff
N??CAAAK@OWODGBO@g?	46	3defbfffdea94fcc
N??CAAAK@OWODGBOKA?	46	fffffffff77f
N??CAAAK@OWODGBOEA?	46	3ffffffffe67f
N??CAAAK@OWODGBODA?	46	3fffffffdef7e
N??CAAAK@OWODGBOBA?	46	7fffffffff7f
N??CAAAK@OWODGBOGa?	46	3effffffffb7e
N??CAAAK@OWODGBOGI?	46	3effffffffb7e
N??CAAAK@OWODGBOCI?	46	7ffffffffffd
N??CAAAK@OWODGBO?i?	46	1ffffeffff7fd
N??CAAAK@OWODGBOK@?	46	7ffffffff7ff
N??CAAAK@OWODGBOE@?	46	3ffffffffe67f
N??CAAAK@OWODGBOD@?	46	3fffffffdef7e
N??CAAAK@OWODGBOA`?	46	3fffffffffff
N??CAAAK@OWODGBOCH?	46	ffffffffff7d
N??CAAAK@OWODGBOCB?	46	3fffffffd77fd
N??CAAAK@OWODGBO?b?	46	3fffffffffff
N??CAAAK@OWODGBO?J?	46	7ffffffffeff
N??CAAAK@OWO@WF?M??	46	3fffffffffff
N??CAAAK@OWO@WF?J??	46	3fffffff0ffff
N??CAAAK@OWO@WF?K_?	46	3fffffffdef7e
N??CAAAK@OWO@WF?I_?	46	2ffdeff7fe70fccc
N??CAAAK@OWO@WF?EG?	46	3fffffffffff
N??CAAAK@OWO@WF?BG?	46	3ffffffe97fff
N??CAAAK@OWO@WF?Cg?	46	3ffffffff7efc
N??CAAAK@OWO@WF?Ag?	46	3faeffff75e937d2
N??CAAAK@OWO@WF?KA?	46	3ffffffff7f7a
N??CAAAK@OWO@WF?Ga?	46	feffffffff37c
N??CAAAK@OWO@WF?CI?	46	3ffffffffe7f9
N??CAAAK@OWO@WF??i?	46	dffffeffff77c
N??CAAAK@OWOBCDODC?	46	ffffffffe7ff
N??CAAAK@OWOBCDOBC?	46	3fffffffffff
N??CAAAK@OWOBCDO?L?	46	fffffffffefd
N??CAAAK@OWO@SF?DC?	46	3fffffffffff
N??CAAAK@OQOT?BOHC?	46	3fffffff0ffff
N??CAAAK@OQOT?BO@K?	46	3ffffffe97fff
N??CAAAK@OQOT?BOGE?	46	ffffffffff74c
N??CAAAK@OQOT?BO@E?	46	7fffffffff7f
N??CAAAK@OQOT?BOGD?	46	7ffffffff7ff
N??CAAAK@OQOT?BOCD?	46	3ffffffffe67f
N??CAAAK@OQOR?BOKC?	46	3fffffffffff
N??CAAAK@OQOR?BOIC?	46	3fffffff0ffff
N??CAAAK@OQOR?BOGE?	46	3ffffbbfeefff
N??CAAAK@OQOR?BOGD?	46	3ffffffffffcc
N??CAAAK@OQOF?POKC?	46	3fffffffffff
N??CAAAK@OQOF?POHC?	46	3fffffff0ffff
N??CAAAK@OQOF?POGK?	46	2ffdeff7fe70fccc
N??CAAAK@OQOPGBOM??	46	fffffffff7fe
N??CAAAK@OQOPGBOL??	46	3fffffffffff
N??CAAAK@OQOPGBOJ??	46	3fffffff0ffff
N??CAAAK@OQOPGBOF??	46	7ffffffffffe
N??CAAAK@OQOPGBOB_?	46	3ffffffe97fff
N??CAAAK@OQOPGBOKG?	46	3fffffffffff
N??CAAAK@OQOPGBOEG?	46	3fffffffffff
N??CAAAK@OQOPGBODG?	46	fffffffffefe
N??CAAAK@OQOPGBOBG?	46	3ffffffe97fff
N??CAAAK@OQOPGBOCg?	46	3fffffffffff
N??CAAAK@OQOPGBO@g?	46	3defbfffdea94fcc
N??CAAAK@OQOPGBOKA?	46	fffffffff77f
N??CAAAK@OQOPGBODA?	46	3fffffffdef7e
N??CAAAK@OQOPGBOBA?	46	7fffffffff7f
N??CAAAK@OQOPGBOGa?	46	3effffffffb7e
N??CAAAK@OQOPGBOCI?	46	7ffffffffffd
N??CAAAK@OQOPGBO@I?	46	7fffffffff7f
N??CAAAK@OQOPGBO?i?	46	1ffffeffff7fd
N??CAAAK@OQOPGBOK@?	46	7ffffffff7ff
N??CAAAK@OQOPGBOE@?	46	3ffffffffe67f
N??CAAAK@OQOPGBOH@?	46	3ffffffffffcc
N??CAAAK@OQOPGBOD@?	46	3fffffffdef7e
N??CAAAK@OQOPGBOB@?	46	7fffffffff7f
N??CAAAK@OQOPGBOA`?	46	3fffffffffff
N??CAAAK@OQOPGBOGH?	46	3ffffffffffcc
N??CAAAK@OQOPGBOCH?	46	ffffffffff7d
N??CAAAK@OQOPGBO@H?	46	7ffffffffb77c
N??CAAAK@OQOPGBOCB?	46	3fffffffd77fd
N??CAAAK@OQOPGBO?b?	46	3fffffffffff
N??CAAAK@OQOBGPOM??	46	3fffffffffff
N??CAAAK@OQOBGPOL??	46	3fffffffffff
N??CAAAK@OQOBGPOI_?	46	2ffdeff7fe70fccc
N??CAAAK@OQOBGPOH_?	46	37ff6fdff9f0fb52
N??CAAAK@OQOBGPOKG?	46	3fffffffdef7e
N??CAAAK@OQOBGPOKA?	46	3ffffffff7f7a
N??CAAAK@OQOBGPOGa?	46	feffffffff37c
N??CAAAK@OQOBGPOK@?	46	3fffffffef7fa
N??CAAAK@OQOBGPOH@?	46	3ffffffffffcc
N??CAAAK@OQOBGPOGH?	46	ffffffffff74c
N??CAAAK@OQOBGPOGB?	46	fffffffff7fe
N??CAAAK@OQOPCBOIC?	46	ffffffffff74c
N??CAAAK@OQOPCBOHC?	46	3fffffffffff
N??CAAAK@OQOPCBODC?	46	7fffffffff7f
N??CAAAK@OQOPCBOBC?	46	7fffffffff7f
N??CAAAK@OQOPCBO@K?	46	3fffffffffff
N??CAAAK@OQOPCBO?k?	46	1ffffeffff7fd
N??CAAAK@OQOPCBOGD?	46	7ffffffdffff
N??CAAAK@OQOBCPOGc?	46	3effffffffb7e
N??CAAAK@OQOBCPOGD?	46	3fffffffffff
N??CAAAK@OQOPABOKC?	46	7ffffffff7ff
N??CAAAK@OQOPABOIC?	46	7ffffffff7ff
N??CAAAK@OQOPABOHC?	46	3ffffffffffcc
N??CAAAK@OQOPABOCc?	46	3fffffffffff
N??CAAAK@OQOPABOCK?	46	3fffffffffff
N??CAAAK@OQOPABOGE?	46	7ffffffdffff
N??CAAAK@OOo[?BOIC?	46	fffffffff7fe
N??CAAAK@OOo[?BOHC?	46	3fffffffffff
N??CAAAK@OOo[?BOBC?	46	3fffffffffff
N??CAAAK@OOo[?BOAK?	46	3fffffffffff
N??CAAAK@OOo[?BO@K?	46	2fffff7ff7ffb
N??CAAAK@OOo[?BOGE?	46	fffffffff77f
N??CAAAK@OOo[?BOGD?	46	7ffffffff7ff
N??CAAAK@OOoT?EOKC?	46	3fffffffffff
N??CAAAK@OOoT?EOHC?	46	3fffffff0ffff
N??CAAAK@OOoT?EODC?	46	3fffffffffff
N??CAAAK@OOoT?EO@c?	46	3ffffffe97fff
N??CAAAK@OOoT?EOCK?	46	3fffffffffff
N??CAAAK@OOoT?EO?k?	46	3faeffff75e937d2
N??CAAAK@OOoT?EO@E?	46	3fffffffffff
N??CAAAK@OOoT?EOCD?	46	7fffffffefff
N??CAAAK@OOoT?EO?L?	46	3fffffffffff
N??CAAAK@OOoT?BOHC?	46	37ff6fdff9f0fb52
N??CAAAK@OOoT?BOBC?	46	3ffffffe97fff
N??CAAAK@OOoT?BOGE?	46	3effffffffb7e
N??CAAAK@OOoT?BO@E?	46	3fffffffffff
N??CAAAK@OOoT?BO?F?	46	3fffffffffff
N??CAAAK@OOoF?SOHC?	46	3fffffff0ffff
N??CAAAK@OOoF?SOGc?	46	2ffdeff7fe70fccc
N??CAAAK@OOoF?SOGE?	46	3ffffffffffcc
N??CAAAK@OOoF?SOGD?	46	3fffffffffff
N??CAAAK@OOoF?POKC?	46	3fffffffdef7e
N??CAAAK@OOoF?POIC?	46	2ffdeff7fe70fccc
N??CAAAK@OOoF?POGE?	46	feffffffff37c
N??CAAAK@OOoWOF?IC?	46	fffffffdf7ff
N??CAAAK@OOoWOF?Gc?	46	3fffffffdef7e
N??CAAAK@OOoWOF?GE?	46	ffffffffff7e
N??CAAAK@OOoSOR?DC?	46	3ffff7dfdf7ff
N??CAAAK@OOoSOR?Ac?	46	2ffdeff7fe70fccc
N??CAAAK@OOoPOU?EC?	46	3fffffffffff
N??CAAAK@OOoSGBOL??	46	3fffffffffff
N??CAAAK@OOoSGBOJ??	46	3fffffff0ffff
N??CAAAK@OOoSGBOF??	46	7ffffffffffe
N??CAAAK@OOoSGBOH_?	46	37ff6fdff9f0fb52
N??CAAAK@OOoSGBOB_?	46	3ffffffe97fff
N??CAAAK@OOoSGBOKG?	46	3fffffffffff
N??CAAAK@OOoSGBOEG?	46	3fffffffffff
N??CAAAK@OOoSGBODG?	46	fffffffffefe
N??CAAAK@OOoSGBOBG?	46	3ffffffe97fff
N??CAAAK@OOoSGBOAg?	46	3faeffff75e937d2
N??CAAAK@OOoSGBOKA?	46	fffffffff77f
N??CAAAK@OOoSGBODA?	46	3fffffffdef7e
N??CAAAK@OOoSGBOBA?	46	7fffffffff7f
N??CAAAK@OOoSGBOGa?	46	3effffffffb7e
N??CAAAK@OOoSGBO@a?	46	3fffffffffff
N??CAAAK@OOoSGBOCI?	46	7ffffffffffd
N??CAAAK@OOoSGBOK@?	46	7ffffffff7ff
N??CAAAK@OOoSGBOE@?	46	3ffffffffe67f
N??CAAAK@OOoSGBOB@?	46	7fffffffff7f
N??CAAAK@OOoSGBOA`?	46	3fffffffffff
N??CAAAK@OOoSGBOGH?	46	3ffffffffffcc
N??CAAAK@OOoSGBOCH?	46	ffffffffff7d
N??CAAAK@OOoSGBO?h?	46	1ffffffffb7fe
N??CAAAK@OOoSGBOCB?	46	3fffffffd77fd
N??CAAAK@OOoSGBO?b?	46	3fffffffffff
N??CAAAK@OOoSGBO?J?	46	7ffffffffeff
N??CAAAK@OOoEGPOM??	46	3fffffffffff
N??CAAAK@OOoEGPOJ??	46	3fffffff0ffff
N??CAAAK@OOoEGPOK_?	46	3fffffffdef7e
N??CAAAK@OOoEGPOI_?	46	2ffdeff7fe70fccc
N??CAAAK@OOoEGPOKA?	46	3ffffffff7f7a
N??CAAAK@OOoEGPOIA?	46	3ffffffffffcc
N??CAAAK@OOoEGPOGa?	46	feffffffff37c
N??CAAAK@OOoEGPOGB?	46	fffffffff7fe
N??CAAAK@OOoPGEOB_?	46	3ffffffe97fff
N??CAAAK@OOoPGEO?b?	46	fffffffdf7ff
N??CAAAK@OOoDGQOH_?	46	37ff6fdff9f0fb52
N??CAAAK@OOoOWF?M??	46	3fffffffffff
N??CAAAK@OOoOWF?J??	46	3fffffff0ffff
N??CAAAK@OOoOWF?K_?	46	3fffffffdef7e
N??CAAAK@OOoOWF?I_?	46	2ffdeff7fe70fccc
N??CAAAK@OOoOWF?KA?	46	3ffffffff7f7a
N??CAAAK@OOoOWF?Ga?	46	feffffffff37c
N??CAAAK@OOoOWF?GB?	46	fffffffff7fe
N??CAAAK@OOoSCBOHC?	46	3ffffbbfeefff
N??CAAAK@OOoSCBODC?	46	3ffffef7ef7ff
N??CAAAK@OOoSCBOGc?	46	3fefebfbbba64b7e
N??CAAAK@OOoSCBO@c?	46	3ff8ffe76cfdf6e1
N??CAAAK@OOoSCBOAK?	46	1ffffffffb7fe
N??CAAAK@OOoSCBOGD?	46	7ffffffdffff
N??CAAAK@OOoSCBO?d?	46	3ff73fdb9cfdef61
N??CAAAK@OOoSCBO?L?	46	3ffffffffffe1
N??CAAAK@OOoQCDOIC?	46	3ffffffffffcc
N??CAAAK@OOoQCDODC?	46	ffffffffe7ff
N??CAAAK@OOoQCDOBC?	46	3fffffffffff
N??CAAAK@OOoQCDO@c?	46	3fffffffffff
N??CAAAK@OOoQCDO@K?	46	3fffffffffff
N??CAAAK@OOoQCDO?k?	46	5fffdeffff7fd
N??CAAAK@OOoQCDOGD?	46	7ffffffeffff
N??CAAAK@OOoQCDO?d?	46	3fffffffffff
N??CAAAK@OOoQCDO?L?	46	3fffffffffff
N??CAAAK@OOoPCEOKC?	46	ffffffffff7d
N??CAAAK@OOoPCEODC?	46	3fffffffffff
N??CAAAK@OOoPCEOCc?	46	3ffffffffe7f9
N??CAAAK@OOoPCEO@c?	46	3fffffffffff
N??CAAAK@OOoPCEOAK?	46	1ffffffffb7fe
N??CAAAK@OOoPCEO@K?	46	3fffffffffff
N??CAAAK@OOoPCEO?k?	46	dffffeffff77c
N??CAAAK@OOoPCEO?L?	46	3fffffffffff
N??CAAAK@OOoOSF?IC?	46	3ffffffffffcc
N??CAAAK@OOoOSF?HC?	46	fffffffff7fd
N??CAAAK@OOoOSF?Gc?	46	feffffffff37c
N??CAAAK@OOoOSF?GD?	46	fffffffff7fb
