N????B?kF?B_Ao@oH_?	46	3fffffffffff
N????B?kF?B_Ao@oHO?	46	3fffffffffff
N????B?kF?B_Ao@oHC?	46	7ffffffdffff
N????B?M@g[?Ao@oX??	46	7ffffffff7ff
N????B?M@g[?Ao@oR??	46	7ffffffff7ff
N????B?M@g[?Ao@oWO?	46	3fffffffffff
N????B?M@g[?Ao@oBC?	46	7ffffffdffff
N????B?M@gT?@oOoX??	46	7ffffffff7ff
N????B?M@gT?@oOoJ??	46	7ffffffff7ff
N????B?M@gT?@oOoW_?	46	3fffffffffff
N????B?M@gT?@oOoWO?	46	3fffffffffff
N????B?M@gT?@oOoBO?	46	3ffffffffffcc
N????B?M@gT?@oOo?w?	46	3ffffffffffcc
N????B?M@gT?@oOoWC?	46	7ffffffdffff
N????B?M@gT?@oOoPC?	46	ffffffffd787f
N????B?M@gSOBOOoX??	46	3fffffffffff
N????B?M@gSOBOOoB_?	46	ffffffffff74c
N????B?M@gSOBOOoWO?	46	fffffffff7fe
N????B?M@gSOBOOoBO?	46	3ffffffffffcc
N????B?M@gSOBOOoWG?	46	7ffffffffffe
N????B?M@gSOBOOoWC?	46	ffffffffeffe
N????B?M@gSOBOOoBC?	46	7ffffffeffff
N????B?M@gSOAoPOX??	46	3fffffffffff
N????B?M@gSOAoPOW_?	46	7ffffffff7ff
N????B?M@gSOAoPOWO?	46	3fffffffffff
N????B?M@gSOAoPOAo?	46	3ffffffffffcc
N????B?M@gSOAoPOWG?	46	3fffffffffff
N????B?M@gSOAoPOAg?	46	3ffffffffffcc
N????B?M@gSOAoPO@W?	46	3ffffffffffcc
N????B?M@gDO`OOoW_?	46	3fffffffffff
N????B?M@gDO`OOoAg?	46	3ffffffffffcc
N????B?M@gDO@ooOY??	46	fffffffff7fe
N????B?M@gDO@ooOW_?	46	3fffffffffff
N????B?M@gCWa_POX??	46	3fffffffffff
N????B?M@gCWa_POWO?	46	3fffffffffff
N????B?M@gCWa_POBC?	46	7fffffffefff
N????B?M@gCWB_oOY??	46	7ffffffffffe
N????B?M@gCWB_oOX??	46	3fffffffffff
N????B?M@gCWB_oOWO?	46	7ffffffffffe
N????B?M@gCWB_oOOW?	46	7ffffffff7ff
N????B?M@gCW_oR?X??	46	3fffffffffff
N????B?M@gCW_oR?B_?	46	ffffffffff74c
N????B?M@gCW_oR?WO?	46	7ffffffffffe
N????B?M@gCW_oR?GW?	46	7ffffffff7ff
N????B?M@gCW_oR?@W?	46	3ffffffffffcc
N????B?M@gCWAop?Y??	46	7fffffffff7f
N????B?M@gCWAop?X??	46	3fffffffffff
N????B?M@gCWAop?WO?	46	3fffffffffff
N???C@?wBABCD_B_Q_?	46	3fffffffffff
N???C@?wBABCD_B_QC?	46	7ffffffff7ff
N???C@?wBABCD_B_Oc?	46	7ffffffff7ff
N???C@?kF?B_B_?wHO?	46	3fffffffffff
N???C@?kF?B_B_?wDG?	46	3fffffffffff
N???C@?kF?B_B_?wAW?	46	3fffffffffff
N???C@?kF?B_B_?w@W?	46	3fffffffffff
N???C@?kF?B_B_?wEC?	46	7ffffffff7ff
N???C@?kF?B_B_?w@K?	46	3fffffffffff
N???C@?kF?BGB_@gE_?	46	3fffffffffff
N???C@?kF?BGB_@gH_?	46	7ffffffffffd
N???C@?kF?BGB_@g@o?	46	fffffffdf7ff
N???C@?kF?BGB_@gEG?	46	fffffbbfce7ff
N???C@?kF?BGB_@gHG?	46	7ffffffdffff
N???C@?kF?BGB_@gBG?	46	fffffbbfce7ff
N???C@?kF?BGB_@gCg?	46	3fffffffffff
N???C@?kF?BGB_@g?w?	46	3fffffffffff
N???C@?kF?BGB_@gEC?	46	7ffffffff7ff
N???C@?kF?BGB_@gGK?	46	7ffffffdffff
N???C@?kF?BGB_@g@K?	46	3fffffffffff
N???C@?kF?@gE_@gE_?	46	3fffffffffff
N???C@?kF?@gE_@gHO?	46	3fffffffffff
N???C@?kF?@gE_@gHG?	46	7ffffffdffff
N???C@?kF?@gE_@gCW?	46	3fffffffffff
N???C@?kF?@gE_@g?w?	46	3fffffffffff
N???C@?kF?@gE_@gEC?	46	7fffffffefff
N???C@?kF?@gE_@g?s?	46	3fffffffffff
N???C@?kF?@gB_CgF??	46	3fffffffffff
N???C@?kF?@gB_CgEO?	46	7ffffffff7ff
N???C@?kF?@gB_CgHO?	46	3fffffffffff
N???C@?kF?@gB_CgHG?	46	7ffffffeffff
N???C@?kF?@gB_Cg@g?	46	fffffffdf7ff
N???C@?kF?@gB_CgGK?	46	7ffffffdffff
N???C@?kF?@gB_Cg@K?	46	3fffffffffff
N???C@?MD_L?@o@gW_?	46	3fffffffffff
N???C@?MD_L?@o@gHG?	46	7ffffffdffff
N???C@?MD_L?@o@gBG?	46	fffeff7fd7e7f
N???C@?MD_L?@o@gGg?	46	3fffffffffff
N???C@?MD_L?@o@gAK?	46	3fffffffffff
N???C@?MD_L?@o@g?k?	46	3ffffffffffcc
N???C@?MD_K_B_?wY??	46	fffffffdfffe
N???C@?MD_K_B_?wJ??	46	fffffffdefff
N???C@?MD_K_B_?wW_?	46	7ffffffdffff
N???C@?MD_K_B_?wI_?	46	fffffffdefff
N???C@?MD_K_B_?wOo?	46	3fffffffffff
N???C@?MD_K_B_?wGo?	46	3fffffffffff
N???C@?MD_K_B_?w@o?	46	3fffffffffff
N???C@?MD_K_B_?wHG?	46	3fffffffffff
N???C@?MD_K_B_?wBG?	46	3fffffffffff
N???C@?MD_K_B_?wOg?	46	3fffffffffff
N???C@?MD_K_B_?wGg?	46	3fffffffffff
N???C@?MD_K_B_?wOW?	46	3fffffffffff
N???C@?MD_K_B_?wGW?	46	3fffffffffff
N???C@?MD_K_B_?w?w?	46	3fffffffffff
N???C@?MD_K_B_?wQC?	46	7ffffffff7ff
N???C@?MD_K_B_?wOc?	46	3fffffffffff
N???C@?MD_K_B_?wOS?	46	3fffffffffff
N???C@?MD_K_B_?wGS?	46	3fffffffffff
N???C@?MD_K_B_?wAS?	46	3fffffffffff
N???C@?MD_K_B_?wAK?	46	7ffffffdffff
N???C@?MD_K_B_?w@K?	46	3fffffffffff
N???C@?MD_K_B_?w?k?	46	3fffffffffff
N???C@?MD_K_B_?w?[?	46	3fffffffffff
N???C@?MD_K_Ao@gY??	46	ffffffffef7f
N???C@?MD_K_Ao@gJ??	46	7fffffffefff
N???C@?MD_K_Ao@gW_?	46	7ffffffff7ff
N???C@?MD_K_Ao@gI_?	46	ffffffffe7ff
N???C@?MD_K_Ao@gHG?	46	7ffffffdffff
N???C@?MD_K_Ao@gOg?	46	3fffffffffff
N???C@?MD_K_Ao@gGg?	46	3fffffffffff
N???C@?MD_K_Ao@gGW?	46	3fffffffffff
N???C@?MD_K_Ao@gQC?	46	7ffffffeffff
N???C@?MD_K_Ao@gGc?	46	fffffffdf7ff
N???C@?MD_K_Ao@gOS?	46	3fffffffffff
N???C@?MD_K_Ao@gAS?	46	3fffffffffff
N???C@?MD_K_Ao@g@S?	46	3fffffffffff
N???C@?MD_K_Ao@gGK?	46	3fffffffffff
N???C@?MD_K_Ao@g?[?	46	3fffffffffff
N???C@?MD_K_Ag@oY??	46	fffffffff6ff
N???C@?MD_K_Ag@oJ??	46	ffffffffe7ff
N???C@?MD_K_Ag@oW_?	46	7fffffffefff
N???C@?MD_K_Ag@oI_?	46	7fffffffefff
N???C@?MD_K_Ag@oBG?	46	3fffffffffff
N???C@?MD_K_Ag@oGg?	46	7ffffffdffff
N???C@?MD_K_Ag@o@g?	46	3fffffffffff
N???C@?MD_K_Ag@oGW?	46	3fffffffffff
N???C@?MD_K_Ag@o@W?	46	3fffffffffff
N???C@?MD_K_Ag@oQC?	46	7ffffffdffff
N???C@?MD_K_Ag@oOS?	46	3fffffffffff
N???C@?MD_K_Ag@oOK?	46	3fffffffffff
N???C@?MD_K_Ag@o?[?	46	3fffffffffff
N???C@?MD_KGB_@gY??	46	effefffffeefa
N???C@?MD_KGB_@gI_?	46	3fffffffffff
N???C@?MD_KGB_@gOo?	46	3fffffffffff
N???C@?MD_KGB_@g@o?	46	3fffffffffff
N???C@?MD_KGB_@gWG?	46	fffffbbfce7ff
N???C@?MD_KGB_@gIG?	46	fffffbbfce7ff
N???C@?MD_KGB_@gBG?	46	fffeff7fd7e7f
N???C@?MD_KGB_@gOg?	46	3fffffffffff
N???C@?MD_KGB_@gGg?	46	3fffffffffff
N???C@?MD_KGB_@g?w?	46	3fffffffffff
N???C@?MD_KGB_@gQC?	46	7ffffffff7ff
N???C@?MD_KGB_@gOc?	46	3fffffffffff
N???C@?MD_KGB_@gGc?	46	3fffffffffff
N???C@?MD_KGB_@gAc?	46	3fffffffffff
N???C@?MD_KGB_@g?s?	46	3fffffffffff
N???C@?MD_KGB_@g@K?	46	3fffffffffff
N???C@?MD_KGB_@g?k?	46	3fffffffffff
N???C@?MD_CgQ_@gY??	46	7fffffffefff
N???C@?MD_CgQ_@gWO?	46	3fffffffffff
N???C@?MD_CgQ_@gHG?	46	7ffffffdffff
N???C@?MD_CgQ_@gGg?	46	3fffffffffff
N???C@?MD_CgQ_@gGW?	46	3fffffffffff
N???C@?MD_CgQ_@gQC?	46	7ffffffffffd
N???C@?MD_CgQ_@gIC?	46	3fffffffffff
N???C@?MD_CgQ_@gGc?	46	3fffffffffff
N???C@?MD_CgQ_@g@c?	46	3fffffffffff
N???C@?MD_CgQ_@gOS?	46	3fffffffffff
N???C@?MD_CgQ_@gAS?	46	3fffffffffff
N???C@?MD_CgQ_@g?k?	46	7ffffffeffff
N???C@?MD_CgQ_@g?[?	46	3fffffffffff
N???C@?MD_CgB_OgY??	46	fffffffffffc
N???C@?MD_CgB_OgWO?	46	7fffffffefff
N???C@?MD_CgB_OgIO?	46	7fffffffefff
N???C@?MD_CgB_OgHG?	46	3fffffffffff
N???C@?MD_CgB_OgGg?	46	3fffffffffff
N???C@?MD_CgB_OgGW?	46	7ffffffdffff
N???C@?MD_CgB_OgGc?	46	3fffffffffff
N???C@?MD_CgB_OgGK?	46	7ffffffdffff
N???C@?MD_KCB_@oY??	46	fbffbfffff77c
N???C@?MD_KCB_@oJ??	46	ffffffff0e7ff
N???C@?MD_KCB_@oGo?	46	fffffffdefff
N???C@?MD_KCB_@oHG?	46	3fffffffffff
N???C@?MD_KCB_@oGg?	46	3fffffffffff
N???C@?MD_KCB_@oWC?	46	fffffbbfce7ff
N???C@?MD_KCB_@oIC?	46	fffffbbfce7ff
N???C@?gU@F?D_B_IC?	46	7ffffffff7ff
N???CB?K@oM?B_@oOc?	46	3ffffffffffcc
N???CB?K@oM?B_@oOK?	46	ffffffffff74c
N???CB?K@oM?B_@o?k?	46	1ffffffffb7fe
N???CB?K@oM?B_@oOI?	46	7ffffffff7ff
N???CB?K@oM?B_@oGI?	46	7ffffffff7ff
N???CB?K@oM?B_@o@I?	46	3ffffffffffcc
N???CB?K@oM?B_@oOE?	46	fffffbbfce7ff
N???CB?K@oE_Q_@oWG?	46	ffffffffff74c
N???CB?K@oE_Q_@oWC?	46	ffffffffff74c
N???CB?K@oE_Q_@oPC?	46	fffffffff77f
N???CB?K@oE_Q_@oOS?	46	1ffffffffb7fe
N???CB?K@oE_Q_@oPA?	46	7ffffffff7ff
N???CB?K@oE_Q_@oOE?	46	fffffffdfffd
N???CB?K@oE_B_OoPC?	46	7fffffffff7f
N???CB?K@oE_B_OoOE?	46	ffffffff77ff
N???CB?K@_l?B_@oAo?	46	2ffdeff7fe70fccc
N???CB?K@_l?B_@oBG?	46	3ffffffffffcc
N???CB?K@_l?B_@oQC?	46	fffffbbfce7ff
N???CB?K@_d_Q_@oR??	46	7ffffffff7ff
N???CB?K@_d_Q_@oIG?	46	3fffffffffff
N???CB?K@_d_Q_@oQC?	46	fffffffdfffd
N???CB?K@_d_B_OoIG?	46	7ffffffff7ff
N???CB?K@_d_B_OoQC?	46	ffffffff77ff
N???C@_SCWU?I_@oIC?	46	fffffffff6ff
N???C@_SCWU?I_@oAK?	46	3fffffffffff
N???C@_SCWU?I_@oHA?	46	7ffffffff7ff
N???C@_SCWU?I_@oGa?	46	3fffffffffff
N???C@_SCWU?I_@oGQ?	46	3fffffffffff
N???C@_SCWU?I_@oGI?	46	3fffffffffff
N???C@_SCWU?I_@oGE?	46	fffffffdfffd
N???C@_SCWU?I_@oAE?	46	fffffffdfffd
N???C@_SCWU?GoB_IC?	46	fffffffdfffe
N???C@_SCWU?GoB_AK?	46	7ffffffff7ff
N???C@_SCWU?GoB_HA?	46	3fffffffffff
N???C@_SCWU?GoB_GQ?	46	3fffffffffff
N???C@_SCWU?GoB_GI?	46	7ffffffff7ff
N???C@_SCWU?GoB_GE?	46	ffffffff77ff
N???C@_SCWU?GoB_AE?	46	ffffffff77ff
N???C@_SCWT?K_@oIG?	46	3fffffffffff
N???C@_SCWT?K_@o@g?	46	2ffdeff7fe70fccc
N???C@_SCWT?K_@oGa?	46	3fffffffffff
N???C@_SCWT?K_@oGQ?	46	7ffffffff7ff
N???C@_SCWT?K_@oGI?	46	3fffffffffff
N???C@_SCWT?K_@o@I?	46	3fffffffffff
N???C@_SCWT?E_@oI_?	46	3fffffffffff
N???C@_SCWT?E_@oIC?	46	7ffffffff7ff
N???C@_SCWT?E_@oGc?	46	3fffffffffff
N???C@_SCWT?E_@oKA?	46	7ffffffff7ff
N???C@_SCWT?E_@oGa?	46	3fffffffffff
N???C@_SCWT?E_@oGI?	46	3fffffffffff
N???C@_SCWT?B_CoI_?	46	3fffffffffff
N???C@_SCWT?B_CoIG?	46	3fffffffffff
N???C@_SCWT?B_CoIC?	46	fffffffdf7ff
N???C@_SCWT?B_CoKA?	46	fffffffff77f
N???C@_SCWT?B_CoGa?	46	7ffffffff7ff
N???C@_SCWT?B_CoGI?	46	3fffffffffff
N???C@_SCWT?AoD_I_?	46	3fffffffffff
N???C@_SCWT?AoD_IC?	46	ffffffffe7ff
N???C@_SCWT?AoD_Gc?	46	3fffffffffff
N???C@_SCWT?AoD_KA?	46	fffffffff7fe
N???C@_SCWT?AoD_Ga?	46	3fffffffffff
N???C@_SCWT?@oCoM??	46	3fffffffffff
N???C@_SCWT?@oCoJ??	46	3fffffffffff
N???C@_SCWT?@oCoIC?	46	3fffffffffff
N???C@_SCWT?@oCoGS?	46	3fffffffffff
N???C@_SCWT?@oCoGE?	46	3fffffffffff
N???C@_SCWP_I_CoI_?	46	3fffffffffff
N???C@_SCWP_I_CoIC?	46	3fffffffdf6fe
N???C@_SCWP_I_Co?k?	46	3effffffffb7e
N???C@_SCWP_I_CoKA?	46	3ffffffffe67f
N???C@_SCWP_I_Co?e?	46	7ffffffdffff
N???C@_SCWP_GoCo@c?	46	3effffffffb7e
N???C@_SCWP_AoK_K_?	46	3fffffffffff
N???C@_SCWP_AoK_?e?	46	fffffffff7fe
N???C@_SCWP_CgGoJ??	46	fffffffffe7f
N???C@_SCWP_CgGo@a?	46	fffffffefeff
N???C@_SCWSOM?@oIG?	46	3fffffffffff
N???C@_SCWSOM?@oHA?	46	7ffffffff7ff
N???C@_SCWSOM?@oGa?	46	3fffffffffff
N???C@_SCWSOM?@oGQ?	46	3fffffffffff
N???C@_SCWSOM?@oGI?	46	3fffffffffff
N???C@_SCWSOM?@o?Y?	46	3fffffffffff
N???C@_SCWSOM?@o?U?	46	3fffffffffff
N???C@_SCWSOK_BOHA?	46	7ffffffffeff
N???C@_SCWSOK_BOGI?	46	7fffffff7fff
N???C@_SCWSOB_CoEG?	46	3fffffff0ffff
N???C@_SCWSOB_CoIC?	46	3fffffffffff
N???C@_SCWSOB_CoKA?	46	3fffffffffff
N???C@_SCWSOB_CoGE?	46	3fffffffffff
N???C@_SCWSOB_CoCE?	46	3fffffffffff
N???C@_SCWSOKOB_J??	46	3fffffffffff
N???C@_SCWSOKOB_@o?	46	2ffdeff7fe70fccc
N???C@_SCWSOKOB_IC?	46	7ffffffffffe
N???C@_SCWSOKOB_GK?	46	7ffffffff7ff
N???C@_SCWSOKOB_AK?	46	7ffffffff7ff
N???C@_SCWSOKOB_HA?	46	3fffffffffff
N???C@_SCWSOKOB_GQ?	46	3fffffffffff
N???C@_SCWSOKOB_GI?	46	7ffffffff7ff
N???C@_SCWSOBOCoM??	46	3fffffffffff
N???C@_SCWSOBOCoEO?	46	3fffffff0ffff
N???C@_SCWSOBOCoIC?	46	7fffffff7fff
N???C@_SCWSOBOCo@c?	46	3effffffffb7e
N???C@_SCWSOBOCoGE?	46	7ffffffffffb
N???C@_SCWSOAoD_M??	46	3fffffffffff
N???C@_SCWSOAoD_IC?	46	3fffffffffff
N???C@_SCWSOAoD_Gc?	46	3fffffffffff
N???C@_SCWSOAoD_KA?	46	3fffffffffff
N???C@_SCWSOAoD_GE?	46	3fffffffffff
N???C@_SCWSOAoDOM??	46	3fffffffffff
N???C@_SCWSOAoDOIC?	46	3fffffffffff
N???C@_SCWSOAoDOGE?	46	3fffffffffff
N???C@_SCWSOEG@oI_?	46	3fffffffffff
N???C@_SCWSOEG@oIG?	46	3fffffffffff
N???C@_SCWSOEG@o@g?	46	3effffffffb7e
N???C@_SCWSOCgBOJ??	46	7ffffffffeff
N???C@_SCWSOCgBOIG?	46	7fffffff7fff
N???C@_SCWPOJ?CoIO?	46	3fffffffffff
N???C@_SCWPOJ?CoGo?	46	3fffffffffff
N???C@_SCWPOJ?CoIC?	46	fffffffdf7ff
N???C@_SCWPOJ?Co?q?	46	3ffffffffffcc
N???C@_SCWPOH_KOIC?	46	ffffffffeffe
N???C@_SCWPOH_KOAK?	46	7ffffffff7ff
N???C@_SCWPOH_KOGI?	46	7ffffffff7ff
N???C@_SCWPOH_KOGE?	46	fffffffff77f
N???C@_SCWPOH_KOAE?	46	fffffffff77f
N???C@_SCWPOH_DOL??	46	3fffffffffff
N???C@_SCWPOH_DOJ??	46	3fffffffffff
N???C@_SCWPOH_DOIC?	46	3fffffffffff
N???C@_SCWPOH_DOKA?	46	3fffffffffff
N???C@_SCWPOH_DOGE?	46	3fffffffffff
N???C@_SCWPOIOD_I_?	46	3fffffffffff
N???C@_SCWPOIOD_Go?	46	3fffffffffff
N???C@_SCWPOIOD_IC?	46	ffffffffe7ff
N???C@_SCWPOIOD_?s?	46	3effffffffb7e
N???C@_SCWPOIOD_KA?	46	fffffffff7fe
N???C@_SCWPOHOK_IG?	46	3fffffffffff
N???C@_SCWPOHOK_IC?	46	fffffffefffd
N???C@_SCWPOHOK_IA?	46	fffffffefffd
N???C@_SCWPOHOK_Ga?	46	3fffffffffff
N???C@_SCWPOHOK_GI?	46	3fffffffffff
N???C@_SCWPOHOK_GE?	46	ffffffffeeff
N???C@_SCWPOHOCoI_?	46	3fffffffffff
N???C@_SCWPOHOCoIC?	46	3fffffffffff
N???C@_SCWPOHOCoGE?	46	3fffffffffff
N???C@_SCWPODGGoJ??	46	7fffffffff7f
N???C@_SCWPODGGoIO?	46	3fffffffffff
N???C@_SCWPODGGoIG?	46	3fffffffffff
N???C@_SCWPODGGoCW?	46	3ffffffffffcc
N???C@_SCWSGK_B_J??	46	3fffffffffff
N???C@_SCWSGK_B_@g?	46	2ffdeff7fe70fccc
N???C@_SCWSGK_B_IC?	46	fffdf7ffff77c
N???C@_SCWSGK_B_IA?	46	fffdf7ffff77c
N???C@_SCWSGK_B_HA?	46	3fffffffffff
N???C@_SCWSGK_B_GQ?	46	7ffffffff7ff
N???C@_SCWSGK_B_GI?	46	7ffffffff7ff
N???C@_SCWSGCoB_M??	46	7ffffffffffe
N???C@_SCWSGCoB_J??	46	3fffffffffff
N???C@_SCWSGCoB_EO?	46	3fffffff0ffff
N???C@_SCWSGCoB_IC?	46	7ffffffff7ff
N???C@_SCWSGCoB_KA?	46	7ffffffff7ff
N???C@_SCWSGCoB_IA?	46	7ffffffff7ff
N???C@_SCWSGCoB_EA?	46	7ffffffff7ff
N???C@_SCWSGCoB_GE?	46	7ffffffdffff
N???C@_SCWSGAoD_M??	46	7ffffffffffe
N???C@_SCWSGAoD_IC?	46	fffffffdf7ff
N???C@_SCWSGAoD_EC?	46	7ffffffff7ff
N???C@_SCWSGAoD_KA?	46	fffffffff77f
N???C@_SCWSGAoD_EA?	46	7ffffffff7ff
N???C@_SCWSGAoD_GE?	46	fffffffcffff
N???C@_SCWSGCgB_M??	46	fffdf7ffff77c
N???C@_SCWSGCgB_J??	46	3fffffffffff
N???C@_SCWSGCgB_@o?	46	3effffffffb7e
N???C@_SCWSGCgB_IG?	46	7ffffffff7ff
N???C@_SCWSGCgB_EG?	46	7ffffffff7ff
N???C@_SD@J?B_@oU??	46	fbffbfffff77c
N???C@_SD@J?B_@oQ_?	46	3fffffffffff
N???C@_SD@J?B_@oE_?	46	3fffffffffff
N???C@_SD@J?B_@o@o?	46	7ffbfef7ef7ff
N???C@_SD@J?B_@oSG?	46	7ffffffff7ff
N???C@_SD@J?B_@oQG?	46	7ffffffff7ff
N???C@_SD@J?B_@oEG?	46	7ffffffff7ff
N???C@_SD@J?B_@oAg?	46	3fffffffffff
N???C@_SD@J?B_@oSA?	46	fffffbbfce7ff
N???C@_SD@J?B_@oOa?	46	3fffffffffff
N???C@_SD@J?B_@oCI?	46	7ffffffdffff
N???C@_SD@J?B_@o?i?	46	3fffffffffff
N???C@_SD@F?B_@oY??	46	fbffbfffff77c
N???C@_SD@F?B_@oJ??	46	ffffffff0e7ff
N???C@_SD@F?B_@oQ_?	46	3fffffffffff
N???C@_SD@F?B_@oI_?	46	3fffffffffff
N???C@_SD@F?B_@oIG?	46	7ffffffff7ff
N???C@_SD@F?B_@oHG?	46	3fffffffffff
N???C@_SD@F?B_@o?w?	46	1ffffffffb7fe
N???C@_SD@F?B_@oWA?	46	fffffbbfce7ff
N???C@_SD@F?B_@oQA?	46	fffffbbfce7ff
N???C@_SD@F?B_@oHA?	46	fffffbbfce7ff
N???C@_SD@F?B_@oGI?	46	7ffffffdffff
N???C@_SD@D_E_@oY??	46	7ffffffff7ff
N???C@_SD@D_E_@oJ??	46	ffffffffe7ff
N???C@_SD@D_E_@oI_?	46	3fffffffffff
N???C@_SD@D_E_@oIO?	46	3fffffffffff
N???C@_SD@D_E_@oBO?	46	3fffffffffff
N???C@_SD@D_E_@oIG?	46	3fffffffffff
N???C@_SD@D_E_@oWA?	46	fffffffdfffd
N???C@_SD@D_E_@oQA?	46	7ffffffdffff
N???C@_SD@D_E_@oHA?	46	fffffffdf7ff
N???C@_SD@D_E_@oGa?	46	7ffffffff7ff
N???C@_SD@D_E_@oGI?	46	7fffffffefff
N???C@_SD@D_B_CoY??	46	7ffffffffffe
N???C@_SD@D_B_CoR??	46	3fffffffffff
N???C@_SD@D_B_CoJ??	46	3fffffffffff
N???C@_SD@D_B_CoP_?	46	ffffffffff74c
N???C@_SD@D_B_CoIO?	46	3fffffffffff
N???C@_SD@D_B_CoIG?	46	7ffffffff7ff
N???C@_SD@D_B_Co@g?	46	1ffffffffb7fe
N???C@_SD@D_B_CoWA?	46	ffffffff77ff
N???C@_SD@D_B_CoIA?	46	7ffffffff7ff
N???C@_SD@D_B_CoHA?	46	fffffffef7ff
N???C@_SD@D_B_CoAQ?	46	7ffffffffffb
N???C@_SD@D_B_CoGI?	46	7ffffffdffff
N???C@_SD@@oB_EOOo?	46	3fefebfbbba64b7e
N???C@_SD@@oB_EOAo?	46	3ff8ffe76cfdf6e1
N???C@_SD@@oB_EO?q?	46	3ff73fdb9cfdef61
N???C@_SD@HGB_D_U??	46	7ffffffffffe
N???C@_SD@HGB_D_R??	46	3fffffffffff
N???C@_SD@HGB_D_F??	46	3fffffffffff
N???C@_SD@HGB_D_Q_?	46	3fffffffffff
N???C@_SD@HGB_D_Ao?	46	7ffbfef7ef7ff
N???C@_SD@HGB_D_@o?	46	7ffbfef7ef7ff
N???C@_SD@HGB_D_QG?	46	7ffffffff7ff
N???C@_SD@HGB_D_EG?	46	7ffffffff7ff
N???C@_SD@HGB_D_BG?	46	3fffffffffff
N???C@_SD@HGB_D_Ag?	46	3fffffffffff
N???C@_SD@HGB_D_SA?	46	ffffffffff74c
N???C@_SD@HGB_D_QA?	46	7ffffffff7ff
N???C@_SD@HGB_D_EA?	46	7ffffffff7ff
N???C@_SD@HGB_D_Oa?	46	3fffffffffff
N???C@_SD@DGB_D_Y??	46	7ffffffffffe
N???C@_SD@DGB_D_R??	46	3fffffffffff
N???C@_SD@DGB_D_J??	46	3fffffffffff
N???C@_SD@DGB_D_I_?	46	3fffffffffff
N???C@_SD@DGB_D_QG?	46	7ffffffff7ff
N???C@_SD@DGB_D_IG?	46	7ffffffff7ff
N???C@_SD@DGB_D_Og?	46	3ffffffffffcc
N???C@_SD@DGB_D_WA?	46	ffffffffff74c
N???C@_SD@DGB_D_QA?	46	7ffffffff7ff
N???C@_SD@DGB_D_IA?	46	7ffffffff7ff
N???C@_S?p[?B_@oQ_?	46	3fffffffffff
N???C@_S?p[?B_@oP_?	46	3fffffffffff
N???C@_S?p[?B_@oAo?	46	3fffffffffff
N???C@_S?p[?B_@oSG?	46	7ffffffff7ff
N???C@_S?p[?B_@oQG?	46	7ffffffff7ff
N???C@_S?p[?B_@oEG?	46	7ffffffff7ff
N???C@_S?p[?B_@oAg?	46	3fffffffffff
N???C@_S?p[?B_@oSA?	46	fffffbbfce7ff
N???C@_S?p[?B_@oEA?	46	fffffbbfce7ff
N???C@_S?p[?B_@oDA?	46	fffffbbfce7ff
N???C@_S?p[?B_@oBA?	46	fffffbbfce7ff
N???C@_S?p[?B_@oCI?	46	7ffffffdffff
N???C@_S?p[?B_@o?i?	46	3fffffffffff
N???C@_S?pU?B_@oW_?	46	3fffffffffff
N???C@_S?pU?B_@oP_?	46	3fffffffffff
N???C@_S?pU?B_@oGo?	46	3fffffffffff
N???C@_S?pU?B_@oWG?	46	7ffffffff7ff
N???C@_S?pU?B_@oKG?	46	7ffffffff7ff
N???C@_S?pU?B_@oDG?	46	3fffffffffff
N???C@_S?pU?B_@oGg?	46	3fffffffffff
N???C@_S?pU?B_@oKA?	46	fffffbbfce7ff
N???C@_S?pU?B_@oPA?	46	7ffffffdffff
N???C@_S?pU?B_@oDA?	46	fffffbbfce7ff
N???C@_S?pU?B_@o@I?	46	3fffffffffff
N???C@_S?pU?B_@o?i?	46	3fffffffffff
N???C@_S?pW_I_@oT??	46	7ffffffff7ff
N???C@_S?pW_I_@oQ_?	46	7ffffffffffe
N???C@_S?pW_I_@oSO?	46	3fffffffffff
N???C@_S?pW_I_@oQO?	46	3fffffffffff
N???C@_S?pW_I_@oPO?	46	3fffffffffff
N???C@_S?pW_I_@oOo?	46	7fffffffff7f
N???C@_S?pW_I_@oAo?	46	3fffffffffff
N???C@_S?pW_I_@oSG?	46	3fffffffffff
N???C@_S?pW_I_@oQG?	46	7ffffffffffd
N???C@_S?pW_I_@oAg?	46	7ffffffff7ff
N???C@_S?pW_I_@oAW?	46	3fffffffffff
N???C@_S?pW_I_@oBA?	46	3fffffffdf6fe
N???C@_S?pW_I_@oCI?	46	3fffffffffff
N???C@_S?pW_I_@o?Y?	46	3fffffffffff
N???C@_S?pW_H_AoT??	46	3fffffffffff
N???C@_S?pW_H_AoS_?	46	7ffffffff7ff
N???C@_S?pW_H_AoQO?	46	3fffffffffff
N???C@_S?pW_H_AoAo?	46	3fffffffffff
N???C@_S?pW_H_AoSG?	46	3fffffffffff
N???C@_S?pW_H_AoQG?	46	7fffffffff7f
N???C@_S?pW_H_AoBG?	46	7ffffffff7ff
N???C@_S?pW_H_AoOg?	46	3fffffffffff
N???C@_S?pW_H_AoAg?	46	3fffffffffff
N???C@_S?pW_H_AoAW?	46	3fffffffffff
N???C@_S?pW_H_Ao@W?	46	3fffffffffff
N???C@_S?pW_H_AoSA?	46	7ffffffeffff
N???C@_S?pW_H_AoOa?	46	7ffffffdffff
N???C@_S?pW_H_AoCI?	46	3fffffffffff
N???C@_S?pW_H_Ao@I?	46	7ffffffeffff
N???C@_S?pW_H_Ao?Y?	46	3fffffffffff
N???C@_S?pW_B_GoT??	46	3fffffffffff
N???C@_S?pW_B_GoQ_?	46	7fffffffff7f
N???C@_S?pW_B_GoQO?	46	3fffffffffff
N???C@_S?pW_B_GoAo?	46	3fffffffffff
N???C@_S?pW_B_GoQG?	46	7ffffffff7ff
N???C@_S?pW_B_GoDG?	46	3fffffffffff
N???C@_S?pW_B_GoOg?	46	3fffffffffff
N???C@_S?pW_B_GoAg?	46	3fffffffffff
N???C@_S?pW_B_GoAW?	46	3fffffffffff
N???C@_S?pW_B_GoBA?	46	fffffffef7ff
N???C@_S?pW_B_GoCI?	46	7ffffffdffff
N???C@_S?pS_GoB_Y??	46	7ffffffffffe
N???C@_S?pS_GoB_X??	46	3fffffffffff
N???C@_S?pS_GoB_J??	46	7fffffffefff
N???C@_S?pS_GoB_Q_?	46	3fffffffffff
N???C@_S?pS_GoB_I_?	46	3fffffffffff
N???C@_S?pS_GoB_WA?	46	7ffffffff7ff
N???C@_S?pS_GoB_QA?	46	7ffffffff7ff
N???C@_S?pD_g_@oY??	46	7ffffffff7ff
N???C@_S?pD_g_@oJ??	46	3ffffffffe67f
N???C@_S?pD_g_@oI_?	46	7fffffffff7f
N???C@_S?pD_g_@oQO?	46	3fffffffffff
N???C@_S?pD_g_@oIO?	46	3fffffffffff
N???C@_S?pD_g_@oIG?	46	3fffffffffff
N???C@_S?pD_g_@oBG?	46	3fffffffffff
N???C@_S?pD_g_@o@g?	46	1ffffffffb7fe
N???C@_S?pD_g_@oOW?	46	3ffffffffffcc
N???C@_S?pD_g_@oWA?	46	7ffffffdffff
N???C@_S?pD_g_@oQA?	46	7ffffffdffff
N???C@_S?pD_g_@oGI?	46	3fffffffffff
N???C@_S?pD_`_@oY??	46	7ffffffffffb
N???C@_S?pD_`_@oT??	46	3ffffffffffcc
N???C@_S?pD_`_@oIO?	46	7fffffffefff
N???C@_S?pD_`_@oWA?	46	7ffffffffffe
N???C@_S?pD_`_@oOQ?	46	fffffffefeff
N???C@_S?pCoi?@oY??	46	7ffffffff7ff
N???C@_S?pCoi?@oJ??	46	ffffffff0e7ff
N???C@_S?pCoi?@oAo?	46	3fffffffffff
N???C@_S?pCoi?@oIG?	46	3fffffffffff
N???C@_S?pCoi?@oHG?	46	3fffffffffff
N???C@_S?pCoi?@oBG?	46	3fffffffffff
N???C@_S?pCoi?@oWA?	46	7ffffffdffff
N???C@_S?pCoi?@oGI?	46	3fffffffffff
N???C@_S?pCoh?AoY??	46	7fffffffff7f
N???C@_S?pCoh?AoX??	46	3fffffffffff
N???C@_S?pCoh?AoJ??	46	fffffffdefff
N???C@_S?pCoh?AoQ_?	46	7ffffffff7ff
N???C@_S?pCoh?AoAo?	46	3fffffffffff
N???C@_S?pCoh?AoIG?	46	3fffffffffff
N???C@_S?pCoh?AoHG?	46	3fffffffffff
N???C@_S?pCoh?AoBG?	46	3fffffffffff
N???C@_S?pCoh?AoWA?	46	7ffffffeffff
N???C@_S?pCoh?AoQA?	46	7ffffffeffff
N???C@_S?pCoh?AoGa?	46	fffffffdf7ff
N???C@_S?pCoh?AoGI?	46	3fffffffffff
N???C@_S?pCob?@oY??	46	3fffffffffff
N???C@_S?pCob?@oX??	46	3fffffffffff
N???C@_S?pCob?@oJ??	46	3fffffffffff
N???C@_S?pCob?@oIO?	46	3fffffffffff
N???C@_S?pCob?@oIG?	46	3fffffffffff
N???C@_S?pCob?@oWA?	46	3fffffffffff
N???C@_S?pCob?@oGI?	46	3fffffffffff
N???C@_S?pCob?@oAI?	46	3fffffffffff
N???C@_S?pCob?@o?Y?	46	3fffffffffff
N???C@_S?pCoB_`OY??	46	3fffffffffff
N???C@_S?pCoB_`OWA?	46	3fffffffffff
N???C@_S?pCogOB_Y??	46	7ffffffffffe
N???C@_S?pCogOB_X??	46	3fffffffffff
N???C@_S?pCogOB_Oo?	46	3ffffffffffcc
N???C@_S?pCogOB_QG?	46	7ffffffff7ff
N???C@_S?pCogOB_WA?	46	7ffffffff7ff
N???C@_S?pCogOB_QA?	46	7ffffffff7ff
N???C@_S?pWGH_B_U??	46	7ffffffffffe
N???C@_S?pWGH_B_T??	46	3fffffffffff
N???C@_S?pWGH_B_R??	46	7ffffffffffe
N???C@_S?pWGH_B_S_?	46	3fffffffffff
N???C@_S?pWGH_B_Q_?	46	3fffffffffff
N???C@_S?pWGH_B_P_?	46	3fffffffffff
N???C@_S?pWGH_B_SG?	46	7ffffffff7ff
N???C@_S?pWGH_B_QG?	46	ffffffffff74c
N???C@_S?pWGH_B_Og?	46	3fffffffffff
N???C@_S?pWGH_B_SA?	46	7ffffffff7ff
N???C@_S?pSAB_@oY??	46	fffffbbfce7ff
N???C@_S?pSAB_@oM??	46	fffffbbfce7ff
N???C@_S?pSAB_@oR??	46	7ffffffdffff
N???C@_S?pSAB_@oS_?	46	3fffffffffff
N???C@_S?pSAB_@oK_?	46	3fffffffffff
N???C@_S?pSAB_@o@o?	46	3fffffffffff
N???C@_S?pSAB_@oKG?	46	7ffffffdffff
N???C@_S?pSAB_@oBG?	46	3fffffffffff
N???C@_S?pSAB_@o?w?	46	3fffffffffff
N???C@_S?pOaI_@o[??	46	7ffffffdffff
N???C@_S?pOaI_@oY??	46	fffffffdfffd
N???C@_S?pOaI_@oS_?	46	3fffffffffff
N???C@_S?pOaI_@oK_?	46	3fffffffffff
N???C@_S?pOaI_@oKG?	46	3fffffffffff
N???C@_S?pOaH_Ao[??	46	7ffffffeffff
N???C@_S?pOaH_AoY??	46	fffffffeff7f
N???C@_S?pOaH_AoR??	46	7ffffffff7ff
N???C@_S?pOaH_AoP_?	46	3fffffffffff
N???C@_S?pOaH_AoB_?	46	3fffffffffff
N???C@_S?pOaH_AoBO?	46	3fffffffffff
N???C@_S?pOaH_AoCo?	46	3fffffffffff
N???C@_S?pOaH_AoKG?	46	3fffffffffff
N???C@_S?pOaH_Ao@W?	46	3fffffffffff
N???C@_S?pCaa_@oR??	46	7ffffffdffff
N???C@_S?pCaa_@oJ??	46	3fffffffd77fd
N???C@_S?pCaa_@oS_?	46	3fffffffffff
N???C@_S?pCaa_@oPO?	46	3fffffffffff
N???C@_S?pCaa_@oBO?	46	3fffffffffff
N???C@_S?pCaB__oR??	46	3fffffffffff
N???C@_EE_M?B_@o@o?	46	2fffff7ff7ffb
N???C@_EE_M?B_@oPG?	46	3fffffffffff
N???C@_EE_M?B_@o@g?	46	2fffff7ff7ffb
N???C@_EE_M?B_@oPC?	46	7ffffffff7ff
N???C@_EE_M?B_@oSA?	46	fbffbfffff77c
N???C@_EE_M?B_@oOa?	46	3fffffffffff
N???C@_EE_IGH_B_D_?	46	3ffffffe97fff
N???C@_EE_IGH_B_Co?	46	3ffffffe97fff
N???C@_EE_IGH_B_SG?	46	fbffbfffff77c
N???C@_EE_IGH_B_PC?	46	7ffffffffffe
N???C@_EE_IGH_B_DC?	46	3fffffffffff
N???C@_EE_IGH_B_@c?	46	3fffffffffff
N???C@_EE_IGH_B_OE?	46	ffffffffff74c
N???C@_EE_IGH_B_?e?	46	3fffffffffff
N???C@_ECI[?S_B_F??	46	3fffffffffff
N???C@_ECI[?S_B_B_?	46	3fffffffffff
N???C@_ECI[?S_B_BO?	46	3fff7fefdfeff
N???C@_ECI[?S_B_BG?	46	3fffffffffff
N???C@_ECI[?S_B_Ag?	46	3fffffffffff
N???C@_ECI[?S_B_CK?	46	ffffffffff74c
N???C@_ECI[?S_B_AQ?	46	5ff7fff7efffd
N???C@_ECI[?S_B_CE?	46	fffffffff7fd
N???C@_ECI[?P_E_F??	46	3fffffffffff
N???C@_ECI[?P_E_B_?	46	3fffffffffff
N???C@_ECI[?P_E_BG?	46	7fffffffefff
N???C@_ECI[?P_E_BC?	46	3fffffffffff
N???C@_ECI[?CgB_B_?	46	7ffffffffffd
N???C@_ECI[?CgB_KO?	46	3ffffffffffcc
N???C@_ECI[?CgB_BO?	46	fffffffe67ff9
N???C@_ECI[?CgB_KG?	46	ffffffffff74c
N???C@_ECI[?CgB_BG?	46	3fffffffffff
N???C@_ECI[?CgB_KA?	46	fffffffff7fd
N???C@_ECI[?CgB_AQ?	46	ffff7dfffeefa
N???C@_ECI[?CgB_?i?	46	7ffffffdffff
N???C@_ECIY?W_B_F??	46	3fffffffffff
N???C@_ECIY?W_B_BO?	46	3fffffffffff
N???C@_ECIY?W_B_EG?	46	fffffffff7fe
N???C@_ECIY?W_B_DG?	46	3fffffffffff
N???C@_ECIY?W_B_BG?	46	3fffffffffff
N???C@_ECIY?W_B_Cg?	46	3ffffffffffcc
N???C@_ECIY?W_B_BC?	46	3fffffffffff
N???C@_ECIY?W_B_DA?	46	3fffffffffff
N???C@_ECIY?W_B_BA?	46	3fffffffffff
N???C@_ECIY?W_B_Ca?	46	3fffffffffff
N???C@_ECIY?W_B_AI?	46	7ffffffff7ff
N???C@_ECIY?W_B_AE?	46	fffffffff7fd
N???C@_ECIY?W_B_@E?	46	3fffffffffff
N???C@_ECIY?K_B_L??	46	3fffffffffff
N???C@_ECIY?K_B_KO?	46	3fffffffffff
N???C@_ECIY?K_B_KG?	46	fffffffff7fe
N???C@_ECIY?K_B_HG?	46	3fffffffffff
N???C@_ECIY?K_B_DG?	46	3fffffffffff
N???C@_ECIY?K_B_Cg?	46	3fffffffffff
N???C@_ECIY?K_B_HC?	46	3fffffffffff
N???C@_ECIY?K_B_CS?	46	3fffffffffff
N???C@_ECIY?K_B_KA?	46	fffffffffefe
N???C@_ECIY?K_B_GE?	46	fffffffff7fd
N???C@_ECIY?P_I_F??	46	3fffffffffff
N???C@_ECIY?P_I_B_?	46	3fffffffffff
N???C@_ECIY?P_I_DO?	46	3fffffffffff
N???C@_ECIY?P_I_DG?	46	3fffffffffff
N???C@_ECIY?P_I_BG?	46	3fffffffffff
N???C@_ECIY?P_I_Cg?	46	3ffffffffffcc
N???C@_ECIY?P_I_?w?	46	3fdffffffb7fe
N???C@_ECIY?P_I_BC?	46	3fffffffffff
N???C@_ECIY?P_I_@K?	46	3fffffffffff
N???C@_ECIY?P_I_DA?	46	7ffffffffeff
N???C@_ECIY?P_I_BA?	46	3fffffffffff
N???C@_ECIY?P_I_AQ?	46	3fffffffffff
N???C@_ECIY?P_I_@Q?	46	3fffffffffff
N???C@_ECIY?P_I_AI?	46	fffffffff7fd
N???C@_ECIY?P_I_AE?	46	7ffffffffffd
N???C@_ECIY?P_I_@E?	46	3fffffffffff
N???C@_ECIY?AgH_J??	46	fffffffffefe
N???C@_ECIY?AgH_F??	46	3fffffffffff
N???C@_ECIY?AgH_B_?	46	3fffffffffff
N???C@_ECIY?AgH_BO?	46	3fffffffffff
N???C@_ECIY?AgH_KG?	46	3ffffffffffcc
N???C@_ECIY?AgH_BG?	46	7ffffffff7ff
N???C@_ECIW_W_E_B_?	46	1ffffffffb7fe
N???C@_ECIW_W_E_BG?	46	3fdffffffb7fe
N???C@_ECIW_W_E_Ag?	46	3fffffffffff
N???C@_ECIW_S_I_B_?	46	3fffffffffff
N???C@_ECIW_S_I_Cg?	46	ffffffffff74c
N???C@_ECIW_S_I_Ag?	46	3fffffffdef7e
N???C@_ECIW_S_I_@g?	46	3fffffffffff
N???C@_ECIW_K_E_D_?	46	3ffff7dfdf7ff
N???C@_ECIW_K_E_DG?	46	3ffffef7ef7ff
N???C@_ECIW_K_E_@g?	46	3ffffffffffd2
N???C@_ECIW_K_E_@K?	46	3fffffffffff
N???C@_ECIW_H_E_J??	46	3fffffffdef7e
N???C@_ECIW_H_E_F??	46	3ffff7dfdf7ff
N???C@_ECIW_H_E_IG?	46	3fffffffffff
N???C@_ECIW_H_E_BG?	46	3ffffffffffd2
N???C@_ECIW_H_E_BC?	46	3ffffffffe7f9
N???C@_ECIW_D_I_M??	46	3fffffffffff
N???C@_ECIW_D_I_J??	46	3fffffffffff
N???C@_ECIW_D_I_F??	46	3ffff7dfdf7ff
N???C@_ECIW_D_I_BO?	46	3faeffff75e937d2
N???C@_ECIW_D_I_KG?	46	ffffffffff74c
N???C@_ECIW_D_I_HG?	46	3fffffffffff
N???C@_ECIW_D_I_DG?	46	3fffffffffff
N???C@_ECIW_D_I_BG?	46	3ffffffffffd2
N???C@_ECIW_D_I_CI?	46	3fffffffffff
N???C@_ECIW_GgE_B_?	46	3ffe7f8f6b7ef07b
N???C@_ECIW_GgE_BG?	46	3ffe7fda37bf077b
N???C@_ECIW_CgI_B_?	46	3fffffffffff
N???C@_ECIW_CgI_BG?	46	3fffffffffff
N???C@_ECIWO[?B_F??	46	7ffffffffffe
N???C@_ECIWO[?B_BO?	46	3fffffffffff
N???C@_ECIWO[?B_Cg?	46	3ffffffffffcc
N???C@_ECIWO[?B_CW?	46	3ffffffffffcc
N???C@_ECIWO[?B_AW?	46	3fffffffffff
N???C@_ECIWO[?B_?w?	46	1ffffffffb7fe
N???C@_ECIWO[?B_CS?	46	3ffffffffffcc
N???C@_ECIWO[?B_DA?	46	7ffffffff7ff
N???C@_ECIWO[?B_BA?	46	7ffffffff7ff
N???C@_ECIWO[?B_Ca?	46	3fffffffffff
N???C@_ECIWO[?B_Aa?	46	7ffffffff7ff
N???C@_ECIWO[?B_?Y?	46	3fffffffffff
N???C@_ECIWO[?B_?U?	46	3fffffffffff
N???C@_ECIWOU?H_F??	46	7ffffffffffe
N???C@_ECIWOU?H_B_?	46	3fffffffffff
N???C@_ECIWOU?H_BO?	46	3fffffffffff
N???C@_ECIWOU?H_BC?	46	3fffffffdf6fe
N???C@_ECIWOU?H_EA?	46	7ffffffff7ff
N???C@_ECIWOX?E_F??	46	3fffffffffff
N???C@_ECIWOX?E_B_?	46	7fffffffefff
N???C@_ECIWOX?E_BG?	46	3fffffffffff
N???C@_ECIWOX?E_AW?	46	3fffffffffff
N???C@_ECIWOX?E_BC?	46	3fffffffffff
N???C@_ECIWOX?E_AS?	46	3fffffffffff
N???C@_ECIWOX?E_EA?	46	3fffffffffff
N???C@_ECIWOX?E_Aa?	46	7ffffffff7ff
N???C@_ECIWOX?E_?Y?	46	3fffffffffff
N???C@_ECIWOX?E_?U?	46	3fffffffffff
N???C@_ECIWOT?I_F??	46	3fffffffffff
N???C@_ECIWOT?I_D_?	46	3fffffffffff
N???C@_ECIWOT?I_B_?	46	3fffffffffff
N???C@_ECIWOT?I_BO?	46	3fffffffffff
N???C@_ECIWOT?I_BG?	46	3fffffffffff
N???C@_ECIWOT?I_Cg?	46	3ffffffffffcc
N???C@_ECIWOT?I_CW?	46	3ffffffffffcc
N???C@_ECIWOT?I_Aa?	46	fffffffff7fe
N???C@_ECIWOL?E_L??	46	3fffffffffff
N???C@_ECIWOL?E_K_?	46	3fffffffffff
N???C@_ECIWOL?E_KO?	46	3fffffffffff
N???C@_ECIWOL?E_KG?	46	3fffffffffff
N???C@_ECIWOL?E_DG?	46	3fffffffffff
N???C@_ECIWOL?E_@g?	46	3ffffffffffd2
N???C@_ECIWOL?E_HC?	46	3fffffffffff
N???C@_ECIWOL?E_@K?	46	3fffffffffff
N???C@_ECIWOL?E_KA?	46	3fffffffffff
N???C@_ECIWOL?E_Ga?	46	3fffffffffff
N???C@_ECIWOW_F?F??	46	3ffffdefdefff
N???C@_ECIWOW_F?BO?	46	3fff7fefdfeff
N???C@_ECIWOW_F?BC?	46	3ffffffe97fff
N???C@_ECIWOW_F?EA?	46	3fffbffbf7f7f
N???C@_ECIWOS_J?F??	46	3fffffffffff
N???C@_ECIWOS_J?B_?	46	3fffffffffff
N???C@_ECIWOS_J?BO?	46	3fffffffffff
N???C@_ECIWOS_J?BG?	46	3fffffffffff
N???C@_ECIWOS_J?Cg?	46	3ffffffffffcc
N???C@_ECIWOS_J?@W?	46	3fffffffffff
N???C@_ECIWOS_J?CS?	46	3ffffffffffcc
N???C@_ECIWOS_J?@S?	46	3fffffffffff
N???C@_ECIWOS_J?EA?	46	3fffffffffff
N???C@_ECIWOS_J?DA?	46	fffffffffefb
N???C@_ECIWOS_J?@a?	46	fffffffff7fd
N???C@_ECIWOS_J?AQ?	46	3fffffffef7fa
N???C@_ECIWOK_F?L??	46	3fffffffffff
N???C@_ECIWOK_F?K_?	46	3fffffffffff
N???C@_ECIWOK_F?KO?	46	1ffffff7efffd
N???C@_ECIWOK_F?HO?	46	3fffffffffff
N???C@_ECIWOK_F?DO?	46	3fffffffffff
N???C@_ECIWOK_F?KG?	46	3fffffffffff
N???C@_ECIWOK_F?Cg?	46	3fffffffffff
N???C@_ECIWOK_F?GW?	46	3fffffffffff
N???C@_ECIWOK_F?@W?	46	3ffffffffffd2
N???C@_ECIWOK_F?HC?	46	3fffffffffff
N???C@_ECIWOK_F?CS?	46	7edfffffffcfe
N???C@_ECIWOK_F?@K?	46	3fffffffffff
N???C@_ECIWOK_F?KA?	46	3fffffffffff
N???C@_ECIWOH_M?B_?	46	ffffffffeffe
N???C@_ECIWOH_M?BG?	46	3fffffffffff
N???C@_ECIWOH_M?BC?	46	3ffffffffe67f
N???C@_ECIWOH_M?IA?	46	7ffffffff7ff
N???C@_ECIWOH_M?AE?	46	3fffffffd77fd
N???C@_ECIWOH_F?M??	46	3fffffffffff
N???C@_ECIWOH_F?BG?	46	fffffffffeed2
N???C@_ECIWOH_F?BC?	46	ffffffffff7b
N???C@_ECIWOH_F?AK?	46	3fffffffffff
N???C@_ECIWOH_F?KA?	46	3fffffffffff
N???C@_ECIWOH_F??M?	46	3fffffffffff
N???C@_ECIWOH_E_M??	46	3fffffffffff
N???C@_ECIWOH_E_F??	46	3fffffffffff
N???C@_ECIWOH_E_B_?	46	3ffffffffffd2
N???C@_ECIWOH_E_IG?	46	3fffffffffff
N???C@_ECIWOH_E_BG?	46	3ffffffffffd2
N???C@_ECIWOH_E_IC?	46	3fffffffffff
N???C@_ECIWOH_E_KA?	46	3fffffffffff
N???C@_ECIWOH_E_GE?	46	3fffffffffff
N???C@_ECIWOD_M?HO?	46	3fffffffffff
N???C@_ECIWOD_M?KG?	46	7ffffffff7ff
N???C@_ECIWOD_M?@g?	46	3ffffffffffd2
N???C@_ECIWOD_M??w?	46	3ffffffffffd2
N???C@_ECIWOD_M?HC?	46	7ffffffff7ff
N???C@_ECIWOD_M?DC?	46	3ffffffffe67f
N???C@_ECIWOD_M?@K?	46	3fffffffffff
N???C@_ECIWOD_M?KA?	46	7ffffffff7ff
N???C@_ECIWOD_M?CE?	46	3fffffffd77fd
N???C@_ECIWOD_J?L??	46	3fffffffffff
N???C@_ECIWOD_J?F??	46	ffffffffeffe
N???C@_ECIWOD_J?BO?	46	3ffffffffffd2
N???C@_ECIWOD_J?KG?	46	3ffffffffffcc
N???C@_ECIWOD_J?DG?	46	3fffffffffff
N???C@_ECIWOD_J?BG?	46	3ffffffffffd2
N???C@_ECIWOD_J?KA?	46	3fffffffffff
N???C@_ECIWOD_J?HA?	46	3fffffffffff
N???C@_ECIWOD_J??M?	46	3fffffffffff
N???C@_ECIWOD_I_L??	46	3fffffffffff
N???C@_ECIWOD_I_J??	46	3fffffffffff
N???C@_ECIWOD_I_F??	46	3fffffffffff
N???C@_ECIWOD_I_B_?	46	3ffffffffffd2
N???C@_ECIWOD_I_KG?	46	3ffffffffffcc
N???C@_ECIWOD_I_HG?	46	3fffffffffff
N???C@_ECIWOD_I_BG?	46	3ffffffffffd2
N???C@_ECIWOD_I_KC?	46	3ffffffffffcc
N???C@_ECIWOD_I_GK?	46	1ffffffffb7fe
N???C@_ECIWOD_I_KA?	46	3fffffffffff
N???C@_ECIWOD_I_GE?	46	3fffffffffff
N???C@_ECIWOKOB_M??	46	fffffffff7fe
N???C@_ECIWOKOB_L??	46	3fffffffffff
N???C@_ECIWOKOB_F??	46	3fffffffffff
N???C@_ECIWOKOB_K_?	46	3ffffffffffcc
N???C@_ECIWOKOB_B_?	46	3ffffffffffd2
N???C@_ECIWOKOB_KO?	46	3ffffffffffcc
N???C@_ECIWOKOB_IO?	46	3fffffffffff
N???C@_ECIWOKOB_EO?	46	3fffffffffff
N???C@_ECIWOKOB_BO?	46	3ffffffffffd2
N???C@_ECIWOKOB_BC?	46	3fffffffffff
N???C@_ECIWOKOB_KA?	46	7ffffffff7ff
N???C@_ECIWOKOB_BA?	46	3ffffffffffcc
N???C@_ECIWOKOB_@E?	46	3fffffffffff
N???C@_ECIWOKOB_?e?	46	3fffffffffff
N???C@_ECIWOEOH_M??	46	3fffffffffff
N???C@_ECIWOEOH_IO?	46	3fffffffffff
N???C@_ECIWOEOH_EC?	46	3fffffffffff
N???C@_ECIWOEOH_BC?	46	fffffffff7fb
N???C@_ECIWOEOH_Ac?	46	3fffffffffff
N???C@_ECIWOEOH_KA?	46	3fffffffffff
N???C@_ECIWOEOH_CE?	46	3fffffffffff
N???C@_ECIWOEOH_?e?	46	3fffffffffff
N???C@_ECIWOHOE_J??	46	7fdffef7ef7ff
N???C@_ECIWOHOE_F??	46	3fffffffeeffc
N???C@_ECIWOHOE_E_?	46	3fffffffffff
N???C@_ECIWOHOE_B_?	46	3ffffffffffd2
N???C@_ECIWOHOE_IO?	46	3ffff7dfdf7ff
N???C@_ECIWOHOE_BC?	46	3ffffffff7f7a
N???C@_ECIWOHOE_AE?	46	3ffffffff7efc
N???C@_ECIWODOI_L??	46	3ffffbbfeefff
N???C@_ECIWODOI_K_?	46	3ffffffffffcc
N???C@_ECIWODOI_E_?	46	3fffffffffff
N???C@_ECIWODOI_D_?	46	3fffffffffff
N???C@_ECIWODOI_B_?	46	fffffffffeed2
N???C@_ECIWODOI_KO?	46	3defbfffdea94fcc
N???C@_ECIWODOI_HO?	46	3fff7fefdfeff
N???C@_ECIWODOI_DO?	46	3fff7fefdfeff
N???C@_ECIWODOI_BO?	46	3ffffffffffd2
N???C@_ECIWODOI_BC?	46	7fffffffff7f
N???C@_ECIWODOI_@c?	46	3fffffffffff
N???C@_ECIWODOI_KA?	46	3fffffffffff
N???C@_ECIWODOI_@E?	46	ffffffff7ffb
N???C@_ECIWOGoF?M??	46	3fffffffffff
N???C@_ECIWOGoF?J??	46	3fffffffffff
N???C@_ECIWOGoF?IO?	46	3fffffffffff
N???C@_ECIWOGoF?BO?	46	3ffffffffffd2
N???C@_ECIWOGoF?BC?	46	fffffffffff9
N???C@_ECIWOGoF?Ac?	46	7ffffffffffd
N???C@_ECIWOGoF?KA?	46	7ffffffffffe
N???C@_ECIWOGoF??e?	46	7ffffffffffb
N???C@_ECIWOCoJ?M??	46	3fffffffffff
N???C@_ECIWOCoJ?L??	46	3fffffffffff
N???C@_ECIWOCoJ?K_?	46	3ffffffffffcc
N???C@_ECIWOCoJ?D_?	46	3fffffffffff
N???C@_ECIWOCoJ?KO?	46	3ffffffffffcc
N???C@_ECIWOCoJ?IO?	46	3fffffffdef7e
N???C@_ECIWOCoJ?EO?	46	3fffffffffff
N???C@_ECIWOCoJ?BC?	46	3fffffffffff
N???C@_ECIWOCoJ?CE?	46	3fffffffffff
N???C@_ECIWOCoJ??e?	46	3fffffffffff
N???C@_ECIWOKGB_KO?	46	3ffffffffffcc
N???C@_ECIWOKGB_BG?	46	3fffffffffff
N???C@_ECIWOKGB_EA?	46	3fffffffd77fd
N???C@_ECIWOEGH_BO?	46	7ffffffffffb
N???C@_ECIWOEGH_Ag?	46	7ffffffffffd
N???C@_ECIWODGI_F??	46	fffffffffe7f
N???C@_ECIWODGI_B_?	46	7fffffffff7f
N???C@_ECIWODGI_KO?	46	3ffffffffffcc
N???C@_ECIWODGI_BG?	46	3fffffffffff
N???C@_ECIWODGI_@g?	46	3fffffffffff
N???C@_ECIWOGgF?J??	46	3ffffffe97fff
N???C@_ECIWOGgF?F??	46	fffffffe97e7f
N???C@_ECIWOCgJ?J??	46	3fffffffffff
N???C@_ECIWOCgJ?F??	46	fffffffffe7f
N???C@_ECIWOCgJ?KO?	46	3ffffffffffcc
N???C@_ECIWOCgJ?BO?	46	3fffffffffff
N???C@_ECIWOCgJ?BG?	46	3fffffffffff
N???C@_ECIWOCgJ??i?	46	3fffffffffff
N???C@_ECIWOKCB_M??	46	3fffffffdf6fe
N???C@_ECIWOKCB_L??	46	7ffffffff7ff
N???C@_ECIWOKCB_K_?	46	3fffffffffff
N???C@_ECIWOKCB_KO?	46	3fffffffffff
N???C@_ECIWOKCB_KG?	46	fffffffdf7ff
N???C@_ECIWOKCB_BG?	46	3ffffffffffcc
N???C@_ECIWOKCB_?k?	46	1ffffff7efffd
N???C@_ECIWOHCE_M??	46	3fffffffffff
N???C@_ECIWOHCE_K_?	46	7ffffffffffe
N???C@_ECIWOHCE_KO?	46	3fffffffffff
N???C@_ECIWOHCE_KG?	46	7ffffffffffd
N???C@_ECIWOGcF?M??	46	3fffffffffff
N???C@_ECIWOGcF?K_?	46	3fffffffffff
N???C@_ECIWOGcF?KO?	46	ffff7dfffeefa
N???C@_ECIWOGcF?KG?	46	7ffffffffffe
N???C@_ECIWOGcF?CS?	46	fbffbfffff77c
N???C@_ECIOoX?E_IG?	46	3fffffffffff
N???C@_ECIOoX?E_GI?	46	7ffffffff7ff
N???C@_ECIOoX?E_?M?	46	7ffffffdffff
N???C@_ECIOoT?I_M??	46	3fffffffffff
N???C@_ECIOoT?I_KO?	46	3ffffffffffcc
N???C@_ECIOoT?I_KG?	46	3ffffffffffcc
N???C@_ECIOoT?I_EG?	46	3fffffffffff
N???C@_ECIOoT?I_?M?	46	7ffffffeffff
N???C@_ECIOoW_U?B_?	46	37ffffbfefffb
N???C@_ECIOoW_U?EG?	46	3fffffffffff
N???C@_ECIOoW_U?BG?	46	3fff7fefdfeff
N???C@_ECIOoW_U?Ag?	46	3fffffffffff
N???C@_ECIOoW_U?CI?	46	3fffffffffff
N???C@_ECIOoS_Y?EG?	46	3fffffffffff
N???C@_ECIOoS_Y?BG?	46	3fffffffffff
N???C@_ECIOoS_Y?Cg?	46	3ffffffffffcc
N???C@_ECIOoS_Y?@g?	46	7fffffffefff
N???C@_ECIOoS_Y?CI?	46	3fffffffffff
N???C@_ECIOoS_I_K_?	46	3ffffffffffcc
N???C@_ECIOoS_I_KG?	46	3ffffffffffcc
N???C@_ECIOoP_M?BO?	46	3faeffff75e937d2
N???C@_ECIOoP_M?EG?	46	3ffff7dfdf7ff
N???C@_ECIOoP_M?BG?	46	3faeffff75e937d2
N???C@_ECIOoWOE_J??	46	37ffffbfefffb
N???C@_ECIOoWOE_I_?	46	3fffffffffff
N???C@_ECIOoWOE_BC?	46	ffff7dfffeefa
N???C@_ECIOoWOE_IA?	46	3fbffffffcffe
N???C@_ECIOoWOE_AE?	46	fffdf7ffff77c
N???C@_ECIOoWOE_?e?	46	7ffffffdffff
N???C@_ECIOoSOI_M??	46	3fffffffffff
N???C@_ECIOoSOI_L??	46	3fffffffffff
N???C@_ECIOoSOI_K_?	46	3ffffffffffcc
N???C@_ECIOoSOI_I_?	46	3fffffffdef7e
N???C@_ECIOoSOI_E_?	46	3fffffffffff
N???C@_ECIOoSOI_KO?	46	3ffffffffffcc
N???C@_ECIOoSOI_KC?	46	3ffffffffffcc
N???C@_ECIOoSOI_HC?	46	3fffffffffff
N???C@_ECIOoSOI_BC?	46	3fffffffffff
N???C@_ECIOoSOI_Gc?	46	7ffffffffb77c
N???C@_ECIOoSOI_CE?	46	fffffffffffc
N???C@_ECIOoSOI_?e?	46	7ffffffeffff
N???C@_ECIOoOoM?E_?	46	3ffff7dfdf7ff
N???C@_ECIOoOoM?B_?	46	3faeffff75e937d2
N???C@_ECIOoSGI_B_?	46	3fffffffffff
N???C@_ECIOoSGI_KG?	46	3ffffffffffcc
N???C@_ECIOoSGI_BG?	46	3fffffffffff
N???C@_ECIOoSGI_?i?	46	ffffffffc87ff
N???C@_ECIOoEGW_B_?	46	ffff7dfffeefa
N???C@_ECIOoEGW_BG?	46	fffffffe67ff9
N???C@_ECIOoEGW_Ag?	46	7ffffffffffd
N???C@_ECIOoEGW_?i?	46	fffffffdfffb
N???C@_ECIOoCgY?KG?	46	3ffffffffffcc
N???C@_ECIOoCgY?BG?	46	3fffffffffff
N???C@_ECIWGH_E_M??	46	3fffffffffff
N???C@_ECIWGH_E_J??	46	3fffffffeeffc
N???C@_ECIWGH_E_F??	46	7fdffef7ef7ff
N???C@_ECIWGH_E_I_?	46	3fffffffffff
N???C@_ECIWGH_E_B_?	46	3ffffffffffd2
N???C@_ECIWGH_E_IO?	46	7fffffffff7f
N???C@_ECIWGH_E_BC?	46	3fffffffef7fa
N???C@_ECIWGH_E_KA?	46	7ffffffffffd
N???C@_ECIWGD_I_M??	46	3fffffffffff
N???C@_ECIWGD_I_L??	46	fffffffff7fe
N???C@_ECIWGD_I_J??	46	3fffffffffff
N???C@_ECIWGD_I_F??	46	3ffffef7ef7ff
N???C@_ECIWGD_I_K_?	46	ffffffffff74c
N???C@_ECIWGD_I_H_?	46	3fffffffffff
N???C@_ECIWGD_I_D_?	46	3fffffffffff
N???C@_ECIWGD_I_B_?	46	3ffffffffffd2
N???C@_ECIWGD_I_KO?	46	3ffffffffffcc
N???C@_ECIWGD_I_HO?	46	3fffffffffff
N???C@_ECIWGD_I_DO?	46	3ffff7dfdf7ff
N???C@_ECIWGD_I_BO?	46	3faeffff75e937d2
N???C@_ECIWGD_I_GS?	46	1ffffffffb7fe
N???C@_ECIWGD_I_KA?	46	7fffffffff7f
N???C@_ECIWGD_I_EA?	46	3ffffdefdefff
N???C@_ECIWGD_I_BA?	46	3defbfffdea94fcc
N???C@_ECIWGD_I_Ca?	46	3fffffffffff
N???C@_ECIOWX?E_M??	46	3ffdffdfdff7f
N???C@_ECIOWX?E_I_?	46	3fffffffffff
N???C@_ECIOWX?E_BC?	46	ffff7dfffeefa
N???C@_ECIOWX?E_?e?	46	7ffffffdffff
N???C@_ECIOWT?I_M??	46	3fffffffffff
N???C@_ECIOWT?I_K_?	46	3ffffffffffcc
N???C@_ECIOWT?I_I_?	46	3fffffffdef7e
N???C@_ECIOWT?I_E_?	46	3fffffffffff
N???C@_ECIOWT?I_?e?	46	7ffffffeffff
N???C@_ECIOWP_M?E_?	46	3ffff7dfdf7ff
N???C@_ECIOWP_M?B_?	46	3faeffff75e937d2
N???C@_E?h[?OoB_R??	46	3fffffffffff
N???C@_E?h[?OoB_F??	46	3fffffffffff
N???C@_E?h[?OoB_B_?	46	3fffffffffff
N???C@_E?h[?OoB_BO?	46	3fffffffffff
N???C@_E?h[?OoB_BG?	46	3fffffffffff
N???C@_E?h[?OoB_CW?	46	7ffffffffb77c
N???C@_E?h[?OoB_Ca?	46	3fffffffffff
N???C@_E?h[?OoB_@I?	46	3fffffffffff
N???C@_E?h[?OoB_?Y?	46	3fffffffffff
N???C@_E?hY?H_AoX??	46	7ffffffffffe
N???C@_E?hY?H_AoT??	46	3fffffffffff
N???C@_E?hY?H_AoL??	46	3fffffffffff
N???C@_E?hY?H_AoW_?	46	fffffffff77f
N???C@_E?hY?H_AoP_?	46	3fffffffffff
N???C@_E?hY?H_AoPO?	46	3fffffffffff
N???C@_E?hY?H_AoHO?	46	3fffffffffff
N???C@_E?hY?H_AoOo?	46	3fffffffffff
N???C@_E?hY?H_AoCo?	46	3fffffffffff
N???C@_E?hY?H_Ao@o?	46	3fffffffffff
N???C@_E?hY?H_AoHG?	46	7ffffffff7ff
N???C@_E?hY?H_AoDG?	46	3fffffffffff
N???C@_E?hY?H_AoOg?	46	3fffffffffff
N???C@_E?hY?H_Ao@g?	46	3fffffffffff
N???C@_E?hY?H_Ao@W?	46	3fffffffffff
N???C@_E?hY?H_Ao?w?	46	3fffffffffff
N???C@_E?hY?H_AoOa?	46	7ffffffdffff
N???C@_E?hY?H_AoGa?	46	fffffffdf7ff
N???C@_E?hY?H_Ao@Q?	46	3fffffffffff
N???C@_E?hY?H_Ao?q?	46	3fffffffffff
N???C@_E?hY?H_Ao?i?	46	3fffffffffff
N???C@_E?hY?H_Ao?Y?	46	3fffffffffff
N???C@_E?hY?B_GoX??	46	7fffffffff7f
N???C@_E?hY?B_GoT??	46	3fffffffffff
N???C@_E?hY?B_GoL??	46	3fffffffffff
N???C@_E?hY?B_GoP_?	46	7ffffffff7ff
N???C@_E?hY?B_GoKO?	46	3fffffffffff
N???C@_E?hY?B_GoPO?	46	3fffffffffff
N???C@_E?hY?B_GoOo?	46	3fffffffffff
N???C@_E?hY?B_Go@o?	46	3fffffffffff
N???C@_E?hY?B_GoHG?	46	3fffffffffff
N???C@_E?hY?B_GoOg?	46	3fffffffffff
N???C@_E?hY?B_Go@g?	46	3fffffffffff
N???C@_E?hY?B_Go@W?	46	3fffffffffff
N???C@_E?hY?B_GoOa?	46	7ffffffeffff
N???C@_E?hY?B_Go@a?	46	fffffffdf7ff
N???C@_E?hY?B_Go?i?	46	3fffffffffff
N???C@_E?hY?B_Go?Y?	46	3fffffffffff
N???C@_E?hY?@oI_X??	46	7ffffffff7ff
N???C@_E?hY?@oI_T??	46	7ffffffff7ff
N???C@_E?hY?@oI_P_?	46	3fffffffffff
N???C@_E?hY?@oI_SO?	46	3fffffffffff
N???C@_E?hY?@oI_KO?	46	3fffffffffff
N???C@_E?hY?@oI_PO?	46	3fffffffffff
N???C@_E?hY?@oI_HO?	46	3fffffffffff
N???C@_E?hY?@oI_DO?	46	3fffffffffff
N???C@_E?hY?@oI_HG?	46	3fffffffffff
N???C@_E?hY?@oI_DG?	46	3fffffffffff
N???C@_E?hY?@oI_@g?	46	3fffffffffff
N???C@_E?hY?@oI_CW?	46	3fffffffffff
N???C@_E?hY?@oI_@W?	46	3fffffffffff
N???C@_E?hY?@oI_Oa?	46	7ffffffff7ff
N???C@_E?hY?@oI_Ga?	46	7ffffffff7ff
N???C@_E?hY?@oI_@I?	46	3fffffffffff
N???C@_E?hY?@oI_?i?	46	7ffffffdffff
N???C@_E?hM?`_AoL??	46	3fffffffdef7e
N???C@_E?hM?`_AoP_?	46	3fffffffffff
N???C@_E?hM?`_AoKO?	46	3fffffffffff
N???C@_E?hM?`_AoPO?	46	3fff7dfffeeff
N???C@_E?hM?`_Ao@o?	46	3fffffffffff
N???C@_E?hM?`_AoOg?	46	3ffffffe67fff
N???C@_E?hM?`_Ao@g?	46	3fffffffffff
N???C@_E?hM?`_Ao@W?	46	3fffffff0ffff
N???C@_E?hM?`_Ao?w?	46	2ffeffffffefb
N???C@_E?hM?`_AoPA?	46	3fffffffffff
N???C@_E?hM?`_AoOa?	46	7ffffffdffff
N???C@_E?hM?`_Ao@Q?	46	3fffffffffff
N???C@_E?hM?`_Ao@I?	46	7fffffff7fff
N???C@_E?hM?`_Ao?i?	46	3fffffffffff
N???C@_E?hM?`_Ao?Y?	46	3fffffffffff
N???C@_E?hM?B__oP_?	46	3fffffffffff
N???C@_E?hM?B__oPO?	46	3fff7dfffeeff
N???C@_E?hM?B__oPG?	46	3fff7dfffeeff
N???C@_E?hM?B__oOg?	46	3ffffffe67fff
N???C@_E?hM?B__oPA?	46	3fffffffffff
N???C@_E?hM?B__oOa?	46	3fffffffffff
N???C@_E?hM?B__oOQ?	46	7ffffffdffff
N???C@_E?hL?o_@oU??	46	7ffffffff7ff
N???C@_E?hL?o_@oR??	46	7ffffffff7ff
N???C@_E?hL?o_@oF??	46	3ffffffffe67f
N???C@_E?hL?o_@oBO?	46	3fffffffffff
N???C@_E?hL?o_@oSG?	46	3ffffffffffcc
N???C@_E?hL?o_@oBG?	46	3fffffffffff
N???C@_E?hL?o_@o@I?	46	3fffffffffff
N???C@_E?hR?W_@o[??	46	7ffffffff7ff
N???C@_E?hR?W_@oL??	46	ffffffffe7ff
N???C@_E?hR?W_@oW_?	46	3fffffffffff
N???C@_E?hR?W_@oK_?	46	3effffffffcfe
N???C@_E?hR?W_@oKO?	46	3effffffffcfe
N???C@_E?hR?W_@oOo?	46	3fffffffffff
N???C@_E?hR?W_@oKG?	46	3fffffffffff
N???C@_E?hR?W_@oHG?	46	3fffffffffff
N???C@_E?hR?W_@oGg?	46	3fffffffffff
N???C@_E?hR?W_@o@g?	46	7ffffffff7ff
N???C@_E?hR?W_@o@W?	46	3fffffffffff
N???C@_E?hR?W_@oGa?	46	3fffffffffff
N???C@_E?hR?W_@o@Q?	46	3fffffffffff
N???C@_E?hR?W_@o?i?	46	7fffffffefff
N???C@_E?hR?P_Go[??	46	3fffffffffff
N???C@_E?hR?P_GoL??	46	3fffffffffff
N???C@_E?hR?P_GoS_?	46	3fffffffffff
N???C@_E?hR?P_GoK_?	46	3effffffffcfe
N???C@_E?hR?P_GoDO?	46	3fffffffffff
N???C@_E?hR?P_GoOo?	46	3fffffffffff
N???C@_E?hR?P_GoGo?	46	3ffffffffffd2
N???C@_E?hR?P_Go@o?	46	3fffffffffff
N???C@_E?hR?P_GoKG?	46	3fffffffffff
N???C@_E?hR?P_GoHG?	46	3fffffffffff
N???C@_E?hR?P_GoDG?	46	7ffffffff7ff
N???C@_E?hR?P_Go@g?	46	3fffffffffff
N???C@_E?hR?P_Go@W?	46	3fffffffffff
N???C@_E?hR?P_GoCa?	46	3fffffffffff
N???C@_E?hR?P_Go@Q?	46	3fffffffffff
N???C@_E?hR?P_Go?q?	46	3fffffffffff
N???C@_E?hR?P_Go?i?	46	3fffffffffff
N???C@_E?hR?P_Go?Y?	46	3fffffffffff
N???C@_E?hJ?`_GoT??	46	3fffffffffff
N???C@_E?hJ?`_GoW_?	46	7fffffffff7f
N???C@_E?hJ?`_GoS_?	46	3fffffffffff
N???C@_E?hJ?`_GoP_?	46	7ffffffff7ff
N???C@_E?hJ?`_GoWO?	46	3fffffffffff
N???C@_E?hJ?`_GoKO?	46	3fffffffffff
N???C@_E?hJ?`_GoPO?	46	3fffffffffff
N???C@_E?hJ?`_Go@o?	46	3fffffffffff
N???C@_E?hJ?`_GoPG?	46	3fffffffffff
N???C@_E?hJ?`_GoOg?	46	3fffffffffff
N???C@_E?hJ?`_Go@g?	46	3fffffffffff
N???C@_E?hJ?`_GoGW?	46	3fffffffffff
N???C@_E?hJ?`_Go@W?	46	3fffffffffff
N???C@_E?hJ?`_GoOa?	46	7ffffffeffff
N???C@_E?hJ?`_Go?i?	46	3fffffffffff
N???C@_E?hJ?`_Go?Y?	46	3fffffffffff
N???C@_E?hJ?H__oT??	46	3fffffffffff
N???C@_E?hJ?H__oP_?	46	3fffffffffff
N???C@_E?hJ?H__oPO?	46	7ffffffff7ff
N???C@_E?hJ?H__oOg?	46	3fffffffffff
N???C@_E?hJ?H__oOa?	46	3fffffffffff
N???C@_E?hJ?H__oOQ?	46	7ffffffeffff
N???C@_E?hK_o_AoR??	46	3fffffffffff
N???C@_E?hK_o_AoF??	46	7fffffffff7f
N???C@_E?hK_o_AoS_?	46	ffffffffff74c
N???C@_E?hK_o_AoD_?	46	7fffffffff7f
N???C@_E?hK_o_AoSO?	46	3ffffffffffcc
N???C@_E?hK_o_AoBO?	46	3fffffffffff
N???C@_E?hK_o_AoDG?	46	3fffffffffff
N???C@_E?hK_o_AoBG?	46	7fffffff7fff
N???C@_E?hK_o_AoOW?	46	1ffffffffb7fe
N???C@_E?hK_o_AoPA?	46	3fffffffffff
N???C@_E?hK_o_AoCQ?	46	3fffffffffff
N???C@_E?hK_o_Ao@I?	46	7ffffffffeff
N???C@_E?hK_`_Ao[??	46	ffffffffff74c
N???C@_E?hK_`_AoL??	46	7fffffffff7f
N???C@_E?hK_`_AoR??	46	3fffffffffff
N???C@_E?hK_`_AoKO?	46	1ffffffffb7fe
N???C@_E?hK_`_AoBO?	46	3fffffffffff
N???C@_E?hK_`_AoBG?	46	7fffffff7fff
N???C@_E?hK_`_Ao@W?	46	3bffbffffff7d
N???C@_E?hK_`_AoQA?	46	7ffffffdffff
N???C@_E?hK_`_AoPA?	46	3fffffffffff
N???C@_E?hK_`_AoOQ?	46	3fffffffffff
N???C@_E?hK_`_AoAI?	46	7fffffff7fff
N???C@_E?hK_`_Ao@I?	46	7fffffff7fff
N???C@_E?hK_B__oR??	46	3fffffffffff
N???C@_E?hK_B__oQO?	46	7ffffffdffff
N???C@_E?hK_B__oPO?	46	3ffdf7ffff77f
N???C@_E?hK_B__oQA?	46	7ffffffdffff
N???C@_E?hK_B__oPA?	46	3fffffffffff
N???C@_E?hQ_W_AoX??	46	3fffffffffff
N???C@_E?hQ_W_AoL??	46	3fffffffffff
N???C@_E?hQ_W_AoW_?	46	fffffffff77f
N???C@_E?hQ_W_AoP_?	46	7ffffffffffe
N???C@_E?hQ_W_AoKO?	46	3fffffffffff
N???C@_E?hQ_W_AoPO?	46	3fffffffffff
N???C@_E?hQ_W_AoHG?	46	3fffffffffff
N???C@_E?hQ_W_AoOg?	46	7ffffffffffd
N???C@_E?hQ_W_Ao@g?	46	7ffffffff7ff
N???C@_E?hQ_W_Ao@W?	46	7fffffff7fff
N???C@_E?hQ_W_Ao?w?	46	3fffffffffff
N???C@_E?hQ_W_AoOa?	46	fffffffdfffd
N???C@_E?hQ_W_AoGa?	46	fffffffdf7ff
N???C@_E?hQ_W_Ao@a?	46	7ffffffff7ff
N???C@_E?hQ_W_Ao@Q?	46	3fffffffffff
N???C@_E?hQ_W_Ao?i?	46	7fffffffefff
N???C@_E?hQ_W_Ao?Y?	46	3fffffffffff
N???C@_E?hQ_Q_GoT??	46	3fffffffffff
N???C@_E?hQ_Q_GoW_?	46	7fffffffff7f
N???C@_E?hQ_Q_GoS_?	46	ffffffffff7e
N???C@_E?hQ_Q_GoP_?	46	7ffffffff7ff
N???C@_E?hQ_Q_GoWO?	46	3fffffffffff
N???C@_E?hQ_Q_GoKO?	46	3fffffffffff
N???C@_E?hQ_Q_GoPO?	46	3fffffffffff
N???C@_E?hQ_Q_GoHO?	46	3fffffffffff
N???C@_E?hQ_Q_GoDO?	46	3fffffffffff
N???C@_E?hQ_Q_GoHG?	46	3fffffffffff
N???C@_E?hQ_Q_Go@g?	46	3fffffffffff
N???C@_E?hQ_Q_GoGW?	46	3fffffffffff
N???C@_E?hQ_Q_GoOa?	46	fffffffeff7f
N???C@_E?hQ_Q_GoCa?	46	7ffffffff7ff
N???C@_E?hQ_Q_Go@I?	46	3fffffffffff
N???C@_E?hQ_Q_Go?i?	46	7ffffffeffff
N???C@_E?hQ_Q_Go?Y?	46	3fffffffffff
N???C@_E?hI_g_Ao[??	46	fffffffff77f
N???C@_E?hI_g_AoW_?	46	fffffffff77f
N???C@_E?hI_g_AoP_?	46	3fffffffffff
N???C@_E?hI_g_AoDO?	46	3fffffffffff
N???C@_E?hI_g_AoOo?	46	3fffffffffff
N???C@_E?hI_g_AoGo?	46	3fffffffffff
N???C@_E?hI_g_Ao@o?	46	3fffffffffff
N???C@_E?hI_g_AoHG?	46	7ffffffffffd
N???C@_E?hI_g_AoDG?	46	3fffffffffff
N???C@_E?hI_g_AoOg?	46	3fffffffffff
N???C@_E?hI_g_AoGg?	46	7ffffffffffd
N???C@_E?hI_g_Ao@g?	46	7fffffffff7f
N???C@_E?hI_g_Ao@W?	46	3ffffdefdefff
N???C@_E?hI_g_Ao?w?	46	3fffffffffff
N???C@_E?hI_g_AoOa?	46	7ffffffdffff
N???C@_E?hI_g_AoGa?	46	3fffffffd77fd
N???C@_E?hI_g_Ao@a?	46	3fffffffe777f
N???C@_E?hI_g_AoOQ?	46	3fffffffffff
N???C@_E?hI_g_Ao@Q?	46	3fffffffffff
N???C@_E?hI_g_Ao@I?	46	7ffffffffeff
N???C@_E?hI_g_Ao?i?	46	7ffffffffeff
N???C@_E?hI_g_Ao?Y?	46	3fffffffffff
N???C@_E?hI_I__oT??	46	3fffffffffff
N???C@_E?hI_I__oW_?	46	3ffffffff7f7a
N???C@_E?hI_I__oP_?	46	3fffffffffff
N???C@_E?hI_I__oOo?	46	fffffffff7fd
N???C@_E?hI_I__oPG?	46	37fffbfffeffb
N???C@_E?hI_I__oPA?	46	3fffffffffff
N???C@_E?hI_I__oOa?	46	fffffffff7fe
N???C@_E?hI_I__oOQ?	46	7fffffffefff
N???C@_E?hH_o_GoR??	46	7fffffffff7f
N???C@_E?hH_o_GoF??	46	7fffffffff7f
N???C@_E?hH_o_GoB_?	46	3ffffffffe67f
N???C@_E?hH_o_GoBO?	46	3fffffffffff
N???C@_E?hH_o_GoAo?	46	3fffffffffff
N???C@_E?hH_o_GoBG?	46	3fffffffffff
N???C@_E?hH_o_GoCg?	46	1ffffffffb7fe
N???C@_E?hH_o_Go@a?	46	3fffffffe777f
N???C@_E?hH_o_GoCI?	46	3fffffffffff
N???C@_E?hH_`_GoY??	46	7fffffffff7f
N???C@_E?hH_`_GoR??	46	7ffffffff7ff
N???C@_E?hH_`_GoJ??	46	3ffffffffe67f
N???C@_E?hH_`_GoF??	46	7fffffffff7f
N???C@_E?hH_`_GoWO?	46	1ffffffffb7fe
N???C@_E?hH_`_GoBO?	46	3fffffffffff
N???C@_E?hH_`_GoKG?	46	1ffffffffb7fe
N???C@_E?hH_`_GoBG?	46	3fffffffffff
N???C@_E?hH_`_GoOW?	46	3ffdf7ffff77f
N???C@_E?hH_`_GoQA?	46	7ffffffeffff
N???C@_E?hH_`_GoHA?	46	3fffffffe777f
N???C@_E?hH_`_GoAI?	46	3fffffffffff
N???C@_E?hB_o_GoT??	46	3fffffffffff
N???C@_E?hB_o_GoL??	46	7fffffffff7f
N???C@_E?hB_o_GoPO?	46	7ffffffffffd
N???C@_E?hB_o_GoPG?	46	7ffffffffffd
N???C@_E?hB_o_GoOQ?	46	7ffffffffffb
N???C@_E?hB_W__oX??	46	3fffffffffff
N???C@_E?hB_W__oPO?	46	7ffffffffffd
N???C@_E?hB_W__oPG?	46	7ffffffffffd
N???C@_E?hB_W__oOQ?	46	7ffffffffffb
N???C@_E?hWOQOH_R??	46	7ffffffffffe
N???C@_E?hWOQOH_F??	46	3fffffffffff
N???C@_E?hWOQOH_B_?	46	3fffffffffff
N???C@_E?hWOQOH_BO?	46	3fffffffffff
N???C@_E?hWOQOH_SG?	46	3ffffffffffcc
N???C@_E?hWOQOH_EG?	46	3fffffffffff
N???C@_E?hWOQOH_BG?	46	7ffffffff7ff
N???C@_E?hWOQOH_Cg?	46	1ffffffffb7fe
N???C@_E?hWOQOH_SA?	46	3fffffffffff
N???C@_E?hWOQOH_@a?	46	3fffffffffff
N???C@_E?hWOQOH_CQ?	46	3fffffffffff
N???C@_E?hWOQOH_CI?	46	3fffffffffff
N???C@_E?hWOQOH_@I?	46	7ffffffeffff
N???C@_E?hWOPOI_R??	46	3fffffffffff
N???C@_E?hWOPOI_F??	46	3fffffffffff
N???C@_E?hWOPOI_B_?	46	3fffffffffff
N???C@_E?hWOPOI_BO?	46	3fffffffffff
N???C@_E?hWOPOI_BG?	46	3fffffffffff
N???C@_E?hWOPOI_SA?	46	3fffffffffff
N???C@_E?hWOPOI_PA?	46	3fffffffffff
N???C@_E?hWOPOI_@a?	46	3fffffffffff
N???C@_E?hWOPOI_CI?	46	3fffffffffff
N???C@_E?hWOPOI_@I?	46	3fffffffffff
N???C@_E?hWOOoJ?R??	46	3fffffffffff
N???C@_E?hWOOoJ?S_?	46	3ffffffffffcc
N???C@_E?hWOOoJ?SO?	46	ffffffffff74c
N???C@_E?hWOOoJ?BO?	46	3fffffffffff
N???C@_E?hWOOoJ?SA?	46	3fffffffffff
N???C@_E?hWOOoJ?PA?	46	3fffffffffff
N???C@_E?hKOq?@oU??	46	7ffffffff7ff
N???C@_E?hKOq?@oR??	46	7ffffffff7ff
N???C@_E?hKOq?@oF??	46	ffffffffe7ff
N???C@_E?hKOq?@oS_?	46	3ffffffffffcc
N???C@_E?hKOq?@oB_?	46	3fffffffffff
N???C@_E?hKOq?@oDO?	46	3fffffffffff
N???C@_E?hKOq?@oBO?	46	3fffffffffff
N???C@_E?hKOq?@oSG?	46	3ffffffffffcc
N???C@_E?hKOq?@oBG?	46	3fffffffffff
N???C@_E?hKOq?@oCW?	46	1ffffffffb7fe
N???C@_E?hKOq?@oPA?	46	7ffffffdffff
N???C@_E?hKOq?@o@a?	46	3fffffffffff
N???C@_E?hKOq?@oCQ?	46	3fffffffffff
N???C@_E?hKOq?@oCI?	46	3fffffffffff
N???C@_E?hKOq?@o@I?	46	3fffffffffff
N???C@_E?hKOp?AoR??	46	3fffffffffff
N???C@_E?hKOp?AoF??	46	3fffffffffff
N???C@_E?hKOp?AoS_?	46	ffffffffff74c
N???C@_E?hKOp?AoB_?	46	3fffffffffff
N???C@_E?hKOp?AoSO?	46	3ffffffffffcc
N???C@_E?hKOp?AoDO?	46	3fffffffffff
N???C@_E?hKOp?AoBO?	46	3fffffffffff
N???C@_E?hKOp?AoBG?	46	3fffffffffff
N???C@_E?hKOp?AoPA?	46	3fffffffffff
N???C@_E?hKOp?Ao@a?	46	3fffffffffff
N???C@_E?hKOp?AoCQ?	46	3fffffffffff
N???C@_E?hKOp?AoCI?	46	3fffffffffff
N???C@_E?hKOo_BOR??	46	3fffffffffff
N???C@_E?hKOo_BOF??	46	3fffffffffff
N???C@_E?hKOo_BOB_?	46	2ffeffffffefb
N???C@_E?hKOo_BODO?	46	3fffffffffff
N???C@_E?hKOo_BOBO?	46	3fffffffffff
N???C@_E?hKOo_BODG?	46	3fffffffffff
N???C@_E?hKOo_BOBG?	46	3fffffffffff
N???C@_E?hKOo_BOCg?	46	1ffffffffb7fe
N???C@_E?hKOo_BOCW?	46	7ffffffffb77c
N???C@_E?hKOo_BO@a?	46	3effffffffb7e
N???C@_E?hKOo_BOCQ?	46	fffffffdf7ff
N???C@_E?hKOo_BOCI?	46	3fffffffffff
N???C@_E?hKO`_AoR??	46	3fffffffffff
N???C@_E?hKO`_AoJ??	46	3fffffffffff
N???C@_E?hKO`_AoB_?	46	3fffffffffff
N???C@_E?hKO`_AoBG?	46	3fffffffffff
N???C@_E?hKO`_AoKA?	46	3fffffffffff
N???C@_E?hKO`_AoBA?	46	3fffffffffff
N???C@_E?hKO`_AoOa?	46	3fffffffffff
N???C@_E?hKO`_AoAI?	46	3fffffffffff
N???C@_E?hKO`_Ao@I?	46	7fffffff7fff
N???C@_E?hKOB__oR??	46	3fffffffffff
N???C@_E?hKOB__oP_?	46	3fffffffffff
N???C@_E?hKOB__oQA?	46	3fffffffffff
N???C@_E?hKOoOB_R??	46	3fffffffffff
N???C@_E?hKOoOB_SO?	46	ffffffffff74c
N???C@_E?hKOoOB_SG?	46	ffffffffff74c
N???C@_E?hKOoOB_PA?	46	3fffffffffff
N???C@_E?hQOX?Ao[??	46	fffffffff77f
N???C@_E?hQOX?AoX??	46	3fffffffffff
N???C@_E?hQOX?AoP_?	46	3fffffffffff
N???C@_E?hQOX?AoHO?	46	3fffffffffff
N???C@_E?hQOX?AoHG?	46	3fffffffffff
N???C@_E?hQOX?Ao@g?	46	3fffffffffff
N???C@_E?hQOX?AoOa?	46	7ffffffdffff
N???C@_E?hQOX?Ao?i?	46	3fffffffffff
N???C@_E?hQOR?Go[??	46	3fffffffffff
N???C@_E?hQOR?GoX??	46	7fffffffff7f
N???C@_E?hQOR?GoT??	46	3fffffffffff
N???C@_E?hQOR?GoW_?	46	7fffffffff7f
N???C@_E?hQOR?GoS_?	46	3fffffffffff
N???C@_E?hQOR?GoP_?	46	7ffffffff7ff
N???C@_E?hQOR?GoKO?	46	3fffffffffff
N???C@_E?hQOR?GoPO?	46	3fffffffffff
N???C@_E?hQOR?GoDO?	46	3fffffffffff
N???C@_E?hQOR?GoOg?	46	3fffffffffff
N???C@_E?hQOR?Go@g?	46	3fffffffffff
N???C@_E?hQOR?Go@W?	46	3fffffffffff
N???C@_E?hQOR?GoOa?	46	7ffffffeffff
N???C@_E?hQOR?Go@a?	46	3fffffffd77fd
N???C@_E?hQOR?Go@Q?	46	3fffffffffff
N???C@_E?hQOR?Go?i?	46	3fffffffffff
N???C@_E?hQOW_BOX??	46	3fffffffffff
N???C@_E?hQOW_BOL??	46	3fffffffffff
N???C@_E?hQOW_BOW_?	46	3fffffffffff
N???C@_E?hQOW_BOK_?	46	3fffffffffff
N???C@_E?hQOW_BOP_?	46	7ffffffffffe
N???C@_E?hQOW_BOKO?	46	3ffffffffe67f
N???C@_E?hQOW_BOPO?	46	3fffffffffff
N???C@_E?hQOW_BOKG?	46	3fffffffffff
N???C@_E?hQOW_BOPG?	46	7ffffffffffd
N???C@_E?hQOW_BOHG?	46	3fffffffffff
N???C@_E?hQOW_BOOg?	46	7ffffffffffd
N???C@_E?hQOW_BOGg?	46	3fffffffffff
N???C@_E?hQOW_BO@g?	46	7ffffffff7ff
N???C@_E?hQOW_BOOW?	46	3fffffffffff
N???C@_E?hQOW_BO@W?	46	3fffffffffff
N???C@_E?hQOW_BOGa?	46	3fffffffffff
N???C@_E?hQOW_BO@a?	46	7ffffffff7ff
N???C@_E?hQOW_BOOQ?	46	7ffffffdffff
N???C@_E?hQOW_BO@Q?	46	3fffffffffff
N???C@_E?hQOW_BO?i?	46	7fffffffefff
N???C@_E?hQOP_IO[??	46	3fffffffffff
N???C@_E?hQOP_IOX??	46	3fffffffffff
N???C@_E?hQOP_IOT??	46	7ffffffffffe
N???C@_E?hQOP_IOL??	46	3fffffffffff
N???C@_E?hQOP_IOS_?	46	3fffffffffff
N???C@_E?hQOP_IOK_?	46	3fffffffffff
N???C@_E?hQOP_IOP_?	46	3fffffffffff
N???C@_E?hQOP_IOPO?	46	3fffffffffff
N???C@_E?hQOP_IODO?	46	3fffffffffff
N???C@_E?hQOP_IOOo?	46	fffffffff7fd
N???C@_E?hQOP_IOKG?	46	3fffffffffff
N???C@_E?hQOP_IOHG?	46	3fffffffffff
N???C@_E?hQOP_IODG?	46	7ffffffff7ff
N???C@_E?hQOP_IOOg?	46	3fffffffffff
N???C@_E?hQOP_IOCg?	46	3fffffffffff
N???C@_E?hQOP_IO@g?	46	3fffffffffff
N???C@_E?hQOP_IOOW?	46	3fffffffffff
N???C@_E?hQOP_IO@W?	46	3fffffffffff
N???C@_E?hQOP_IOOa?	46	7fffffffefff
N???C@_E?hQOP_IOCa?	46	3fffffffffff
N???C@_E?hQOP_IOOQ?	46	7fffffffefff
N???C@_E?hQOP_IO@Q?	46	3fffffffffff
N???C@_E?hQOP_IO?q?	46	fffffffdf7ff
N???C@_E?hQOP_IO?i?	46	3fffffffffff
N???C@_E?hQOB_WOX??	46	3fffffffffff
N???C@_E?hQOB_WOL??	46	3fffffffffff
N???C@_E?hQOB_WOW_?	46	3fffffffffff
N???C@_E?hQOB_WOP_?	46	7ffffffffffd
N???C@_E?hQOB_WOKO?	46	3fffffffffff
N???C@_E?hQOB_WO@g?	46	3fffffffffff
N???C@_E?hQOB_WOOW?	46	3fffffffffff
N???C@_E?hQOB_WO?w?	46	3fffffffffff
N???C@_E?hQOB_WOOa?	46	7ffffffffffb
N???C@_E?hQOB_WO@a?	46	ffffffff0e7ff
N???C@_E?hQOB_WO?q?	46	ffffffff0e7ff
N???C@_E?hQOB_WO?i?	46	3fffffffffff
N???C@_E?hQOPOI_[??	46	3fffffffffff
N???C@_E?hQOPOI_X??	46	3fffffffffff
N???C@_E?hQOPOI_S_?	46	3fffffffffff
N???C@_E?hQOPOI_P_?	46	3fffffffffff
N???C@_E?hQOPOI_KO?	46	3fffffffffff
N???C@_E?hQOPOI_PO?	46	7fffffffff7f
N???C@_E?hQOPOI_HO?	46	3fffffffffff
N???C@_E?hQOPOI_DO?	46	ffffffffe7ff
N???C@_E?hQOPOI_DG?	46	3fffffffffff
N???C@_E?hQOPOI_@g?	46	3fffffffffff
N???C@_E?hQOPOI_OW?	46	3fffffffffff
N???C@_E?hQOPOI_@W?	46	3fffffffffff
N???C@_E?hQOPOI_@I?	46	3fffffffffff
N???C@_E?hQOPOI_?i?	46	7ffffffdffff
N???C@_E?hQO@oY?[??	46	7ffffffff7ff
N???C@_E?hQO@oY?L??	46	3ffffffffe67f
N???C@_E?hQO@oY?W_?	46	3fffffffffff
N???C@_E?hQO@oY?P_?	46	3fffffffffff
N???C@_E?hQO@oY?KO?	46	3fffffffffff
N???C@_E?hQO@oY?PO?	46	3fffffffffff
N???C@_E?hQO@oY?Oo?	46	fffdf7ffff77c
N???C@_E?hQO@oY?Gg?	46	3fffffffffff
N???C@_E?hQO@oY?@g?	46	3fffffffffff
N???C@_E?hQO@oY?Oa?	46	7ffffffffffe
N???C@_E?hQO@oY?@Q?	46	3fffffffffff
N???C@_E?hQO@oY?@I?	46	3fffffffffff
N???C@_E?hQO@oY??i?	46	7ffffffff7ff
N???C@_E?hIOh?AoS_?	46	fffffffff77f
N???C@_E?hIOh?AoK_?	46	3ffffffffe67f
N???C@_E?hIOh?AoP_?	46	3fffffffffff
N???C@_E?hIOh?AoKO?	46	3fffffffffff
N???C@_E?hIOh?AoHO?	46	ffffffffeffe
N???C@_E?hIOh?AoOo?	46	3fffffffffff
N???C@_E?hIOh?AoGo?	46	3fffffffffff
N???C@_E?hIOh?Ao@o?	46	3fffffffffff
N???C@_E?hIOh?AoDG?	46	3fffffffffff
N???C@_E?hIOh?AoOg?	46	3fffffffffff
N???C@_E?hIOh?Ao@g?	46	3fffffffffff
N???C@_E?hIOh?Ao@W?	46	7fffffffff7f
N???C@_E?hIOh?AoPA?	46	3fffffffffff
N???C@_E?hIOh?AoOa?	46	7ffffffdffff
N???C@_E?hIOh?AoCa?	46	fffffffdf7ff
N???C@_E?hIOh?Ao@I?	46	7fffffffff7f
N???C@_E?hIOh?Ao?i?	46	3fffffffffff
N???C@_E?hIOJ?_oP_?	46	3fffffffffff
N???C@_E?hIOJ?_oPG?	46	3fffffffffff
N???C@_E?hIOJ?_oOg?	46	3fffffffffff
N???C@_E?hIOJ?_oPA?	46	3fffffffffff
N???C@_E?hIOJ?_oOa?	46	3fffffffffff
N???C@_E?hIOg_BOK_?	46	3fffffffffff
N???C@_E?hIOg_BOP_?	46	3fffffffffff
N???C@_E?hIOg_BOWO?	46	fffffffff77f
N???C@_E?hIOg_BOKO?	46	3ffffffffe67f
N???C@_E?hIOg_BOHO?	46	3fffffffffff
N???C@_E?hIOg_BOGo?	46	3fffffffffff
N???C@_E?hIOg_BO@o?	46	3fffffffffff
N???C@_E?hIOg_BOPG?	46	3fffffffffff
N???C@_E?hIOg_BODG?	46	3fffffffffff
N???C@_E?hIOg_BOCg?	46	3fffffffffff
N???C@_E?hIOg_BO@g?	46	7fffffffff7f
N???C@_E?hIOg_BO@W?	46	3fffffffffff
N???C@_E?hIOg_BOPA?	46	3fffffffffff
N???C@_E?hIOg_BOOa?	46	3fffffffffff
N???C@_E?hIOg_BOCa?	46	3fffffffffff
N???C@_E?hIOg_BO?i?	46	7ffffffffeff
N???C@_E?hIOI_`OT??	46	3fffffffffff
N???C@_E?hIOI_`OS_?	46	3fffffffffff
N???C@_E?hIOI_`OP_?	46	3fffffffffff
N???C@_E?hIOI_`OOo?	46	3fffffffffff
N???C@_E?hIOI_`OPG?	46	3fffffffffff
N???C@_E?hIOI_`OOa?	46	7ffffffff7ff
N???C@_E?hIO`_IOS_?	46	3fffffffffff
N???C@_E?hIO`_IOK_?	46	3fffffffffff
N???C@_E?hIO`_IOP_?	46	3fffffffffff
N???C@_E?hIO`_IOWO?	46	ffffffffff7d
N???C@_E?hIO`_IOKO?	46	3fffffffffff
N???C@_E?hIO`_IOHO?	46	3fffffffffff
N???C@_E?hIO`_IO@o?	46	3fffffffffff
N???C@_E?hIO`_IODG?	46	7fffffffff7f
N???C@_E?hIO`_IOOg?	46	3fffffffffff
N???C@_E?hIO`_IOCg?	46	3fffffffffff
N???C@_E?hIO`_IO@g?	46	3fffffffffff
N???C@_E?hIO`_IO@W?	46	3fffffffffff
N???C@_E?hIO`_IOPA?	46	3fffffffffff
N???C@_E?hIO`_IOOa?	46	7fffffffefff
N???C@_E?hIO`_IOCa?	46	3fffffffffff
N???C@_E?hIO`_IO@I?	46	7fffffff7fff
N???C@_E?hIO`_IO?i?	46	3fffffffffff
N???C@_E?hIOH_aOX??	46	7ffffffffffe
N???C@_E?hIOH_aOT??	46	3fffffffffff
N???C@_E?hIOH_aOP_?	46	3fffffffffff
N???C@_E?hIOH_aOPO?	46	3fffffffffff
N???C@_E?hIOH_aOOa?	46	3fffffffffff
N???C@_E?hIOB_gO[??	46	fffffffff7fe
N???C@_E?hIOB_gOT??	46	3fffffffffff
N???C@_E?hIOB_gOP_?	46	3fffffffffff
N???C@_E?hIOB_gOPO?	46	3fffffffffff
N???C@_E?hIOB_gOOo?	46	3fffffffffff
N???C@_E?hIOB_gOPG?	46	3fffffffffff
N???C@_E?hIOB_gOOg?	46	3fffffffffff
N???C@_E?hIOB_gOPA?	46	3fffffffffff
N???C@_E?hIOB_gOOa?	46	3fffffffffff
N???C@_E?hHOw?@oR??	46	7ffffffff7ff
N???C@_E?hHOw?@oF??	46	ffffffffe7ff
N???C@_E?hHOw?@oB_?	46	3fffffffffff
N???C@_E?hHOw?@oDO?	46	3fffffffffff
N???C@_E?hHOw?@oBO?	46	3fffffffffff
N???C@_E?hHOw?@oBG?	46	3fffffffffff
N???C@_E?hHOw?@oAW?	46	3fffffffffff
N???C@_E?hHOw?@o?w?	46	3ffdf7ffff77f
N???C@_E?hHOw?@oCa?	46	3fffffffffff
N???C@_E?hHOp?GoR??	46	7fffffffff7f
N???C@_E?hHOp?GoF??	46	3fffffffffff
N???C@_E?hHOp?GoB_?	46	ffffffffe7ff
N???C@_E?hHOp?GoBO?	46	3fffffffffff
N???C@_E?hHOp?GoAo?	46	3fffffffffff
N???C@_E?hHOp?GoBG?	46	3fffffffffff
N???C@_E?hHOp?GoAW?	46	3fffffffffff
N???C@_E?hHOp?GoSA?	46	3fffffffffff
N???C@_E?hHOp?GoCI?	46	3fffffffffff
N???C@_E?hHOo_HOF??	46	3fffffffffff
N???C@_E?hHOo_HOE_?	46	3fffffffffff
N???C@_E?hHOo_HOB_?	46	3fffffffffff
N???C@_E?hHOo_HODO?	46	3fffffffffff
N???C@_E?hHOo_HOBO?	46	ffffffffe7ff
N???C@_E?hHOo_HOBG?	46	3fffffffffff
N???C@_E?hHOo_HOSA?	46	3fffffffffff
N???C@_E?hHOo_HOCI?	46	3fffffffffff
N???C@_E?hHOo_HO@I?	46	3fffffffffff
N???C@_E?hHO`_GoY??	46	3fffffffffff
N???C@_E?hHO`_GoR??	46	3fffffffffff
N???C@_E?hHO`_GoJ??	46	3fffffffffff
N???C@_E?hHO`_GoF??	46	3fffffffffff
N???C@_E?hHO`_GoW_?	46	1ffffffffb7fe
N???C@_E?hHO`_GoB_?	46	3fffffffffff
N???C@_E?hHO`_GoIG?	46	3fffffffffff
N???C@_E?hHO`_GoBG?	46	3fffffffffff
N???C@_E?hHO`_GoPA?	46	3fffffffffff
N???C@_E?hHO`_GoAI?	46	3fffffffffff
N???C@_E?hHOoOH_R??	46	7ffffffffffe
N???C@_E?hHOoOH_S_?	46	3ffffffffffcc
N???C@_E?hHOoOH_SO?	46	3ffffffffffcc
N???C@_E?hHOoOH_SA?	46	3fffffffffff
N???C@_E?hHOaOH_[??	46	3fffffffffff
N???C@_E?hHOaOH_Y??	46	7ffffffffffe
N???C@_E?hHOaOH_U??	46	3fffffffffff
N???C@_E?hHOaOH_Q_?	46	3fffffffffff
N???C@_E?hHOaOH_WO?	46	3fffffffffff
N???C@_E?hHOaOH_QO?	46	3fffffffffff
N???C@_E?hHOaOH_SA?	46	3fffffffffff
N???C@_E?hHOaOH_QA?	46	ffffffff77ff
N???C@_E?hBOp?GoT??	46	3fffffffffff
N???C@_E?hBOp?GoL??	46	3fffffffffff
N???C@_E?hBOp?GoP_?	46	7ffffffff7ff
N???C@_E?hBOp?GoKO?	46	3fffffffffff
N???C@_E?hBOp?GoOo?	46	3fffffffffff
N???C@_E?hBOp?GoPG?	46	3fffffffffff
N???C@_E?hBOp?GoHG?	46	3fffffffffff
N???C@_E?hBOp?GoOg?	46	3fffffffffff
N???C@_E?hBOp?Go@g?	46	3fffffffffff
N???C@_E?hBOp?GoGW?	46	3fffffffffff
N???C@_E?hBOp?Go@W?	46	7ffffffffffd
N???C@_E?hBOp?GoOa?	46	7ffffffeffff
N???C@_E?hBOp?Go?i?	46	3fffffffffff
N???C@_E?hBOX?_oX??	46	3fffffffffff
N???C@_E?hBOX?_oP_?	46	3fffffffffff
N???C@_E?hBOX?_oOa?	46	3fffffffffff
N???C@_E?hBOW_`O[??	46	3fffffffffff
N???C@_E?hBOW_`OX??	46	3fffffffffff
N???C@_E?hBOW_`OW_?	46	3fffffffffff
N???C@_E?hBOW_`OP_?	46	7ffffffffffe
N???C@_E?hBOW_`OOo?	46	3fffffffffff
N???C@_E?hBOW_`OPG?	46	7ffffffffffd
N???C@_E?hBOW_`OOa?	46	7ffffffffffd
N???C@_E?hBO`_WO[??	46	7ffffffff7ff
N???C@_E?hBO`_WOX??	46	3fffffffffff
N???C@_E?hBO`_WOL??	46	ffffffffeffe
N???C@_E?hBO`_WOP_?	46	7ffffffffffd
N???C@_E?hBO`_WOWO?	46	3fffffffffff
N???C@_E?hBO`_WOKO?	46	3fffffffffff
N???C@_E?hBO`_WOPG?	46	3fffffffffff
N???C@_E?hBO`_WO@g?	46	3fffffffffff
N???C@_E?hBO`_WOOa?	46	7ffffffffffb
N???C@_E?hBO`_WO?i?	46	3fffffffffff
N???C@_E?hBOP_gOX??	46	3fffffffffff
N???C@_E?hBOP_gOT??	46	7ffffffffffe
N???C@_E?hBOP_gOP_?	46	3fffffffffff
N???C@_E?hBOP_gOOg?	46	3fffffffffff
N???C@_E?hBOP_gOOa?	46	3fffffffffff
N???C@_E?hOoPOI_R??	46	3fffffffffff
N???C@_E?hOoPOI_J??	46	3fffffffffff
N???C@_E?hOoPOI_F??	46	3fffffffffff
N???C@_E?hOoPOI_SO?	46	1ffffffffb7fe
N???C@_E?hOoPOI_BO?	46	3fffffffffff
N???C@_E?hOoPOI_BG?	46	3fffffffffff
N???C@_E?hOoPOI_GW?	46	3ffdf7ffff77f
N???C@_E?hOoPOI_QA?	46	7ffffffff7ff
N???C@_E?hOoPOI_HA?	46	3fffffffffff
N???C@_E?hOoPOI_AI?	46	7ffffffdffff
N???C@_E?hOoPOI_@I?	46	3fffffffffff
N???C@_E?hOoBOW_R??	46	7ffffffffffe
N???C@_E?hOoBOW_J??	46	3fffffffffff
N???C@_E?hOoBOW_KO?	46	1ffffffffb7fe
N???C@_E?hOoBOW_BO?	46	3fffffffffff
N???C@_E?hOoBOW_KG?	46	1ffffffffb7fe
N???C@_E?hOoBOW_BG?	46	7ffffffff7ff
N???C@_E?hOoBOW_QA?	46	7ffffffffffd
N???C@_E?hOoBOW_HA?	46	3fffffffffff
N???C@_E?hOoBOW_AI?	46	7fffffffefff
N???C@_E?hOoBOW_@I?	46	7fffffffefff
N???C@_E?hOo@oY?R??	46	3fffffffffff
N???C@_E?hOo@oY?PO?	46	7ffffffdffff
N???C@_E?hOo@oY?BO?	46	3fffffffffff
N???C@_E?hOo@oY?QA?	46	7ffffffffffe
N???C@_E?hOo@oY?PA?	46	3fffffffffff
N???C@_E?hGow?AoR??	46	3fffffffffff
N???C@_E?hGow?AoF??	46	3fffffffffff
N???C@_E?hGow?AoD_?	46	3fffffffffff
N???C@_E?hGow?AoBO?	46	3fffffffffff
N???C@_E?hGow?AoCo?	46	1ffffffffb7fe
N???C@_E?hGow?AoBG?	46	3fffffffffff
N???C@_E?hGow?Ao?w?	46	3ffdf7ffff77f
N???C@_E?hGow?AoCQ?	46	3fffffffffff
N???C@_E?hGow?AoCI?	46	3fffffffffff
N???C@_E?hGow?Ao@I?	46	7ffffffffeff
N???C@_E?hGoq?GoU??	46	3fffffffffff
N???C@_E?hGoq?GoR??	46	7fffffffff7f
N???C@_E?hGoq?GoF??	46	3fffffffffff
N???C@_E?hGoq?GoS_?	46	3ffffffffffcc
N???C@_E?hGoq?GoBO?	46	3fffffffffff
N???C@_E?hGoq?GoSG?	46	3ffffffffffcc
N???C@_E?hGoq?GoBG?	46	3fffffffffff
N???C@_E?hGoq?GoPA?	46	7fffffff7fff
N???C@_E?hGoq?GoCQ?	46	3fffffffffff
N???C@_E?hGoq?GoCI?	46	3fffffffffff
N???C@_E?hGoq?Go@I?	46	3fffffffffff
N???C@_E?hGoh?Ao[??	46	ffffffffff74c
N???C@_E?hGoh?AoL??	46	3fffffffffff
N???C@_E?hGoh?AoR??	46	3fffffffffff
N???C@_E?hGoh?AoF??	46	3fffffffffff
N???C@_E?hGoh?AoKO?	46	1ffffffffb7fe
N???C@_E?hGoh?AoBO?	46	3fffffffffff
N???C@_E?hGoh?AoBG?	46	3fffffffffff
N???C@_E?hGoh?AoGW?	46	3ffdf7ffff77f
N???C@_E?hGoh?Ao@W?	46	3fffffffffff
N???C@_E?hGoh?AoQA?	46	7ffffffdffff
N???C@_E?hGoh?AoPA?	46	3fffffffffff
N???C@_E?hGoh?AoDA?	46	3fffffffffff
N???C@_E?hGoh?AoAQ?	46	3fffffffffff
N???C@_E?hGoh?AoAI?	46	3fffffffffff
N???C@_E?hGoh?Ao@I?	46	7fffffff7fff
N???C@_E?hGob?Go[??	46	3ffffffffffcc
N???C@_E?hGob?GoR??	46	7ffffffff7ff
N???C@_E?hGob?GoF??	46	3fffffffffff
N???C@_E?hGob?GoKO?	46	3fdffffffb7fe
N???C@_E?hGob?GoBO?	46	3fffffffffff
N???C@_E?hGob?GoBG?	46	3fffffffffff
N???C@_E?hGob?GoQA?	46	7ffffffeffff
N???C@_E?hGob?GoPA?	46	7ffffffeffff
N???C@_E?hGob?GoDA?	46	3fffffffffff
N???C@_E?hGob?GoAQ?	46	3fffffffffff
N???C@_E?hGob?GoAI?	46	3fffffffffff
N???C@_E?hGob?Go@I?	46	3fffffffffff
N???C@_E?hGoJ?_oU??	46	3fffffffffff
N???C@_E?hGoJ?_oR??	46	3fffffffffff
N???C@_E?hGoJ?_oWO?	46	1ffffffffb7fe
N???C@_E?hGoJ?_oQA?	46	3fffffffffff
N???C@_E?hGoJ?_oPA?	46	3fffffffffff
N???C@_E?hGoo_IOR??	46	3fffffffffff
N???C@_E?hGoo_IOF??	46	3fffffffffff
N???C@_E?hGoo_IOSO?	46	3ffffffffffcc
N???C@_E?hGoo_IOBO?	46	3fffffffffff
N???C@_E?hGoo_IOCo?	46	1ffffffffb7fe
N???C@_E?hGoo_IOAo?	46	3ffffffffe7f9
N???C@_E?hGoo_IOSG?	46	3ffffffffffcc
N???C@_E?hGoo_IOEG?	46	3fffffffffff
N???C@_E?hGoo_IOBG?	46	3fffffffffff
N???C@_E?hGoo_IOCg?	46	1ffffffffb7fe
N???C@_E?hGoo_IOSA?	46	3fffffffffff
N???C@_E?hGoo_IOPA?	46	3fffffffffff
N???C@_E?hGoo_IOCI?	46	3fffffffffff
N???C@_E?hGoo_IO@I?	46	7ffffffffffe
N???C@_E?hGog_AoR??	46	3fffffffffff
N???C@_E?hGog_AoJ??	46	3fffffffffff
N???C@_E?hGog_AoF??	46	3fffffffffff
N???C@_E?hGog_AoB_?	46	3fffffffffff
N???C@_E?hGog_AoBG?	46	3fffffffffff
N???C@_E?hGog_AoGg?	46	3ffdf7ffff77f
N???C@_E?hGog_AoKA?	46	3fffffffffff
N???C@_E?hGog_AoQA?	46	3fffffffffff
N???C@_E?hGog_AoBA?	46	3fffffffffff
N???C@_E?hGog_AoAa?	46	3fffffffffff
N???C@_E?hGog_AoAI?	46	3fffffffffff
N???C@_E?hGog_Ao@I?	46	3fffffffffff
N???C@_E?hGoI__oR??	46	3fffffffffff
N???C@_E?hGoI__oW_?	46	1ffffffffb7fe
N???C@_E?hGoI__oQA?	46	3fffffffffff
N???C@_E?hGoI__oPA?	46	3fffffffffff
N???C@_E?hGo`_IOR??	46	3fffffffffff
N???C@_E?hGo`_IOF??	46	3fffffffffff
N???C@_E?hGo`_IOKO?	46	1ffffffffb7fe
N???C@_E?hGo`_IOPO?	46	3fffffffffff
N???C@_E?hGo`_IOBO?	46	3fffffffffff
N???C@_E?hGo`_IOKG?	46	1ffffffffb7fe
N???C@_E?hGo`_IOBG?	46	3fffffffffff
N???C@_E?hGo`_IOGW?	46	3ffdf7ffff77f
N???C@_E?hGo`_IOQA?	46	7fffffffefff
N???C@_E?hGo`_IODA?	46	3fffffffffff
N???C@_E?hGo`_IOAQ?	46	fffffffdf7ff
N???C@_E?hGo`_IOAI?	46	3fffffffffff
N???C@_E?hGoB_gO[??	46	3ffffffffffcc
N???C@_E?hGoB_gOR??	46	3fffffffffff
N???C@_E?hGoB_gOQO?	46	3fffffffffff
N???C@_E?hGoB_gOPO?	46	3fffffffffff
N???C@_E?hGoB_gOQA?	46	3fffffffffff
N???C@_E?hGoB_gOPA?	46	3fffffffffff
N???C@_E?hGooOI_R??	46	3fffffffffff
N???C@_E?hGooOI_SA?	46	3fffffffffff
N???C@_E?hGooOI_PA?	46	3fffffffffff
N???C@_E?hGooOI_OI?	46	7ffffffffeff
N???C@_E?hGo`OI_R??	46	3fffffffffff
N???C@_E?hGo`OI_WO?	46	1ffffffffb7fe
N???C@_E?hGo`OI_PG?	46	3fffffffffff
N???C@_E?hGo`OI_QA?	46	7ffffffff7ff
N???C@_E?hAow?AoL??	46	3fffffffffff
N???C@_E?hAow?AoP_?	46	3fffffffffff
N???C@_E?hAow?AoHO?	46	3fffffffffff
N???C@_E?hAow?AoGo?	46	3fffffffffff
N???C@_E?hAow?Ao@o?	46	effefffffeefa
N???C@_E?hAow?AoKG?	46	ffffffffff7d
N???C@_E?hAow?AoHG?	46	3fffffffffff
N???C@_E?hAow?AoGg?	46	3fffffffffff
N???C@_E?hAow?Ao@g?	46	7ffffffffffe
N???C@_E?hAow?Ao@W?	46	7ffffffffffe
N???C@_E?hAow?Ao@a?	46	fbffbfffff77c
N???C@_E?hAow?Ao@I?	46	7ffffffffffe
N???C@_E?hAoY?_oW_?	46	3fffffffffff
N???C@_E?hAoY?_oP_?	46	3fffffffffff
N???C@_E?hAoY?_oOo?	46	fffdf7ffff77c
N???C@_E?hAoY?_oPG?	46	7ffffffdffff
N???C@_E?hAoY?_oPA?	46	3fffffffffff
N???C@_E?hAoY?_oOa?	46	7ffffffffffe
N???C@_E?hAoo_IO[??	46	3fffffffffff
N???C@_E?hAoo_IOL??	46	3fffffffffff
N???C@_E?hAoo_IOS_?	46	3fffffffffff
N???C@_E?hAoo_IOP_?	46	3fffffffffff
N???C@_E?hAoo_IOHO?	46	3fffffffffff
N???C@_E?hAoo_IODO?	46	3fffffffffff
N???C@_E?hAoo_IOOo?	46	fffffffff7fd
N???C@_E?hAoo_IOCo?	46	3fffffffffff
N???C@_E?hAoo_IO@o?	46	3fffffffffff
N???C@_E?hAoo_IOHG?	46	3fffffffffff
N???C@_E?hAoo_IODG?	46	7ffffffffffd
N???C@_E?hAoo_IOOg?	46	3fffffffffff
N???C@_E?hAoo_IOGg?	46	3fffffffffff
N???C@_E?hAoo_IO@g?	46	7ffffffffffd
N???C@_E?hAoo_IO@W?	46	3fffffffffff
N???C@_E?hAoo_IOOa?	46	7fffffffefff
N???C@_E?hAoo_IO@a?	46	fffffffff7fd
N???C@_E?hAoo_IO@I?	46	7ffffffffffb
N???C@_E?hAoo_IO?i?	46	7ffffffffffb
N???C@_E?hAoW_aO[??	46	3fffffff0ffff
N???C@_E?hAoW_aOX??	46	3fffffffffff
N???C@_E?hAoW_aOW_?	46	3ffffffe97fff
N???C@_E?hAoW_aOP_?	46	7ffffffffffe
N???C@_E?hAoW_aOPO?	46	3fffffffffff
N???C@_E?hAoW_aOOg?	46	7ffffffffffd
N???C@_E?hAoW_aOOa?	46	7ffffffffffd
N???C@_E?hAoQ_gOX??	46	3fffffffffff
N???C@_E?hAoQ_gOT??	46	3fffffffffff
N???C@_E?hAoQ_gOW_?	46	3fffffffffff
N???C@_E?hAoQ_gOP_?	46	3fffffffffff
N???C@_E?hAoQ_gOPG?	46	3fffffffffff
N???C@_E?hAoQ_gOPA?	46	3fffffffffff
N???C@_E?h@op?GoR??	46	7ffffffff7ff
N???C@_E?h@op?GoJ??	46	ffffffffe7ff
N???C@_E?h@op?GoF??	46	3fffffffffff
N???C@_E?h@op?GoQO?	46	3fffffffffff
N???C@_E?h@op?GoBO?	46	3fffffffffff
N???C@_E?h@op?GoBG?	46	3fffffffffff
N???C@_E?h@op?GoAW?	46	3fffffffffff
N???C@_E?h@op?Go@W?	46	3fffffffffff
N???C@_E?h@op?GoQA?	46	7ffffffeffff
N???C@_E?h@op?GoAI?	46	3fffffffffff
N???C@_E?h@oo_GoR??	46	3fffffffffff
N???C@_E?h@oo_GoJ??	46	3fffffffffff
N???C@_E?h@oo_GoP_?	46	3fffffffffff
N???C@_E?h@oo_GoB_?	46	7fffffffefff
N???C@_E?h@oo_GoWA?	46	3fffffffffff
N???C@_E?h@oo_GoQA?	46	3fffffffffff
N???C@_E?h@o`_WOM??	46	3fffffffffff
N???C@_E?h@o`_WOR??	46	7ffffffffffd
N???C@_E?h@o`_WOJ??	46	3fffffffffff
N???C@_E?h@o`_WOBO?	46	ffffffff0e7ff
N???C@_E?h@o`_WOBG?	46	3fffffffffff
N???C@_E?h@o`_WOAW?	46	3fffffffffff
N???C@_E?h@o`_WOKA?	46	3fffffffffff
N???C@_E?h@o`_WOQA?	46	7ffffffffffb
N???C@_E?h@o`_WOAQ?	46	ffffffff0e7ff
N???C@_E?h@o`_WOAI?	46	3fffffffffff
N???C@_E?h@o`_WO@I?	46	3fffffffffff
N???C@_E?h@oaOW_[??	46	3fffffffffff
N???C@_E?h@oaOW_Y??	46	3fffffffffff
N???C@_E?h@oaOW_W_?	46	3fffffffffff
N???C@_E?h@oaOW_Q_?	46	7ffffffffffe
N???C@_E?h@oaOW_QO?	46	3fffffffffff
N???C@_E?h@oaOW_Oo?	46	3fffffffffff
N???C@_E?h@oaOW_WA?	46	3fffffffffff
N???C@_E?h@oaOW_QA?	46	fffffffdfffd
N???C@_E?h@o`OW_[??	46	3ffffffffffcc
N???C@_E?h@o`OW_R??	46	7ffffffffffe
N???C@_E?h@o`OW_QO?	46	3fffffffffff
N???C@_E?h@o`OW_QA?	46	7ffffffffffd
N???C@_E?hQGW_B_[??	46	fffffffff7fe
N???C@_E?hQGW_B_X??	46	3fffffffffff
N???C@_E?hQGW_B_W_?	46	3fffffffffff
N???C@_E?hQGW_B_P_?	46	7ffffffffffe
N???C@_E?hQGW_B_PO?	46	3fffffffffff
N???C@_E?hQGW_B_Oo?	46	3fffffffffff
N???C@_E?hQGW_B_PG?	46	fffffffdfffd
N???C@_E?hQGW_B_Og?	46	7ffffffffffd
N???C@_E?hQGW_B_OW?	46	3fffffffffff
N???C@_E?hQGP_I_[??	46	3fffffffffff
N???C@_E?hQGP_I_X??	46	3fffffffffff
N???C@_E?hQGP_I_T??	46	7ffffffffffe
N???C@_E?hQGP_I_S_?	46	3fffffffffff
N???C@_E?hQGP_I_P_?	46	3fffffffffff
N???C@_E?hQGP_I_PO?	46	3fffffffffff
N???C@_E?hQGP_I_Oo?	46	3fffffffffff
N???C@_E?hQGP_I_PG?	46	fffffffeff7f
N???C@_E?hQGP_I_OW?	46	3fffffffffff
N???C@_E?hQGP_I_Oa?	46	7ffffffff7ff
N???C@_E?hWAI_@oR??	46	7ffffffdffff
N???C@_E?hWAI_@oS_?	46	3fffffffffff
N???C@_E?hWAI_@oK_?	46	3fffffffffff
N???C@_E?hWAI_@oKO?	46	3fffffffffff
N???C@_E?hWAI_@oAo?	46	3fffffffffff
N???C@_E?hWAI_@oKG?	46	3fffffffffff
N???C@_E?hWAH_AoT??	46	3fffffffffff
N???C@_E?hWAH_AoL??	46	3fffffffffff
N???C@_E?hWAH_AoWO?	46	3fffffffffff
N???C@_E?hWAH_AoKO?	46	3fffffffffff
N???C@_E?hWAH_AoBO?	46	3fffffffffff
N???C@_E?hWAH_AoKG?	46	3fffffffffff
N???C@_E?hWAH_AoAg?	46	3fffffffffff
N???C@_E?hWAH_Ao@W?	46	3fffffffffff
N???C@_E?hWAB_GoT??	46	3fffffffffff
N???C@_E?hWAB_GoL??	46	3fffffffffff
N???C@_E?hWAB_GoR??	46	7ffffffeffff
N???C@_E?hWAB_GoS_?	46	3fffffffffff
N???C@_E?hWAB_GoK_?	46	3fffffffffff
N???C@_E?hWAB_GoQ_?	46	7ffffffeffff
N???C@_E?hWAB_GoB_?	46	fffffffdf7ff
N???C@_E?hWAB_GoBG?	46	3fffffffffff
N???C@_E?hWAB_GoAg?	46	3fffffffffff
N???C@_E?hPAW_@o[??	46	7ffffffdffff
N???C@_E?hPAW_@oQ_?	46	7ffffffffffd
N???C@_E?hPAW_@oB_?	46	7ffffffff7ff
N???C@_E?hPAW_@oBO?	46	3fffffffffff
N???C@_E?hPAW_@oPG?	46	fffffffdfffb
N???C@_E?hPAW_@oBG?	46	ffffffff6fff
N???C@_E?hPAP_Go[??	46	3fffffffffff
N???C@_E?hPAP_GoL??	46	3fffffffffff
N???C@_E?hPAP_GoQ_?	46	7ffffffeffff
N???C@_E?hPAP_GoKO?	46	3ff73fdb9cfdef61
N???C@_E?hPAP_GoBO?	46	3fffffffffff
N???C@_E?hPAP_GoKG?	46	3ffffffffffe1
N???C@_E?hPAP_GoPG?	46	ffffffff6fff
N???C@_E?hPAP_GoBG?	46	fffffffefeff
N???C@_E?hPAP_GoAg?	46	3fffffffffff
N???C@_E?hOaW_Ao[??	46	7ffffffeffff
N???C@_E?hOaW_AoX??	46	3fffffffffff
N???C@_E?hOaW_AoB_?	46	7ffffffff7ff
N???C@_E?hOaW_AoBO?	46	3fffffffffff
N???C@_E?hOaW_AoAg?	46	7fffffffefff
N???C@_E?hOaW_Ao@W?	46	7fffffff7fff
N???C@_E?hOaQ_Go[??	46	3fffffffffff
N???C@_E?hOaQ_GoT??	46	3fffffffffff
N???C@_E?hOaQ_GoK_?	46	3fffffffffff
N???C@_E?hOaQ_GoKO?	46	3fffffffffff
N???C@_E?hOaQ_GoAo?	46	3fffffffffff
N???C@_E?hOaQ_GoKG?	46	3fffffffffff
N???C@_E?hOaQ_GoAg?	46	7ffffffeffff
N???C@_E?hOQY?@o[??	46	7ffffffdffff
N???C@_E?hOQY?@oR??	46	7ffffffdffff
N???C@_E?hOQY?@oW_?	46	3fffffffffff
N???C@_E?hOQY?@oKO?	46	3fffffffffff
N???C@_E?hOQY?@oBO?	46	3fffffffffff
N???C@_E?hOQY?@oAo?	46	7ffffffff7ff
N???C@_E?hOQY?@oAg?	46	7ffffffff7ff
N???C@_E?hOQY?@oOW?	46	fffffffdfffd
N???C@_E?hOQX?Ao[??	46	7ffffffeffff
N???C@_E?hOQX?AoX??	46	3fffffffffff
N???C@_E?hOQX?AoQ_?	46	7ffffffdffff
N???C@_E?hOQX?AoWO?	46	3fffffffffff
N???C@_E?hOQX?AoKO?	46	3fffffffffff
N???C@_E?hOQX?AoAg?	46	3fffffffffff
N???C@_E?hOQR?Go[??	46	3fffffffffff
N???C@_E?hOQR?GoT??	46	3fffffffffff
N???C@_E?hOQR?GoR??	46	7ffffffeffff
N???C@_E?hOQR?GoS_?	46	3fffffffffff
N???C@_E?hOQR?GoQ_?	46	7ffffffeffff
N???C@_E?hOQR?GoB_?	46	3fffffffd77fd
N???C@_E?hOQR?GoBO?	46	3fffffffffff
N???C@_E?hOQR?GoOo?	46	3fffffffffff
N???C@_E?hOQR?GoAo?	46	3fffffffffff
N???C@_E?hOQR?GoKG?	46	3fffffffffff
N???C@_E?hOQR?GoBG?	46	3fffffffffff
N???C@_E?hOQR?GoAg?	46	3fffffffffff
N???C@_E?hOQR?GoOW?	46	ffffffff77ff
N???C@_E?hOQW_BOX??	46	3fffffffffff
N???C@_E?hOQW_BOQ_?	46	7ffffffffffd
N???C@_E?hOQW_BOB_?	46	7ffffffff7ff
N???C@_E?hOQW_BOBO?	46	3fffffffffff
N???C@_E?hOQW_BOKG?	46	3fffffffffff
N???C@_E?hOQQ_HO[??	46	3fffffffffff
N???C@_E?hOQQ_HOR??	46	7fffffffefff
N???C@_E?hOQQ_HOK_?	46	3fffffffffff
N???C@_E?hOQQ_HOSO?	46	3fffffffffff
N???C@_E?hOQQ_HOKO?	46	3fffffffffff
N???C@_E?hOQQ_HOOo?	46	3fffffffffff
N???C@_E?hOQQ_HOAo?	46	3fffffffffff
N???C@_E?hOQQ_HOKG?	46	3fffffffffff
N???C@_E?hOQQ_HOAg?	46	7ffffffeffff
N???C@_E?hOQP_IO[??	46	3fffffffffff
N???C@_E?hOQP_IOX??	46	3fffffffffff
N???C@_E?hOQP_IOL??	46	3fffffffffff
N???C@_E?hOQP_IOQ_?	46	7fffffffefff
N???C@_E?hOQP_IOSO?	46	3fffffffffff
N???C@_E?hOQP_IOKO?	46	3fffffffffff
N???C@_E?hOQP_IOBO?	46	3fffffffffff
N???C@_E?hOQP_IOKG?	46	3fffffffffff
N???C@_E?hOQP_IODG?	46	7ffffffeffff
N???C@_E?hOQP_IOAg?	46	3fffffffffff
N???C@_E?hOQB_WOX??	46	3fffffffffff
N???C@_E?hOQB_WOL??	46	3fffffffffff
N???C@_E?hOQB_WOR??	46	7ffffffffffb
N???C@_E?hOQB_WOK_?	46	3fffffffffff
N???C@_E?hOQB_WOQ_?	46	7ffffffffffb
N???C@_E?hOQB_WOB_?	46	ffffffff0e7ff
N???C@_E?hOQB_WOBG?	46	3fffffffffff
N???C@_E?hOQB_WOAg?	46	3fffffffffff
N???C@_E?hGQi?@o[??	46	7ffffffdffff
N???C@_E?hGQh?Ao[??	46	7ffffffeffff
N???C@_E?hGQb?Go[??	46	3fffffffffff
N???C@_E?hGQJ?_oR??	46	3fffffffffff
N???C@_E?hGQJ?_oQ_?	46	3fffffffffff
N???C@_E?hGQJ?_oWO?	46	ffffffffef7f
N???C@_E?hOIP_I_[??	46	7ffffffffffb
N???C@_E?hOIP_I_R??	46	fffffffeff7f
N???C@_E?hOIB_W_[??	46	fffffffff7fb
N???C@_E?hOIB_W_R??	46	fffffffdfffd
N???EA_E?gKOY?`_Aa?	46	3fffffffffff
N???EA_E?gKOY?`_AB?	46	3fffffffffff
N???EA_E?gKOY?B_?k?	46	3ffffffe97fff
N???EA_E?gKOY?B_?[?	46	3faeffff75e937d2
N???EA_E?gKOY?B_Aa?	46	3ffff7dfdf7ff
N???EA_E?gKOY?B_?M?	46	1ffffffffb7fe
N???EA_E?gKOY?B_AP?	46	3ffff7dfdf7ff
N???EA_E?gKOY?B_AH?	46	3fffffffffff
N???EA_E?gKOY?B_?L?	46	3fffffffffff
N???EA_E?gKOY?B_AB?	46	3fffffff0ffff
N???EA_E?gKOY?B_?b?	46	3fffffff0ffff
N???EA_E?gKOY?@oR??	46	3fffffffffff
N???EA_E?gKOY?@oB_?	46	3fffffffffff
N???EA_E?gKOY?@oPO?	46	2ffdeff7fe70fccc
N???EA_E?gKOY?@o@o?	46	3ffffffe97fff
N???EA_E?gKOY?@oAS?	46	3fffffffffff
N???EA_E?gKOY?@o?s?	46	3defbfffdea94fcc
N???EA_E?gKOY?@oQA?	46	3fffffffffff
N???EA_E?gKOY?@oAa?	46	3fffffffffff
N???EA_E?gKOY?@oOQ?	46	3effffffffb7e
N???EA_E?gKOY?@oQ@?	46	3fffffffffff
N???EA_E?gKOY?@oB@?	46	3fffffffffff
N???EA_E?gKOY?@oAP?	46	3fffffffffff
N???EA_E?gKOY?@o@P?	46	3fffffffffff
N???EA_E?gKOY?@o?p?	46	1ffffffffb7fe
N???EA_E?gKOY?@oAD?	46	3fffffffffff
N???EA_E?gKOY?@o?T?	46	1ffffffffb7fe
N???EA_E?gKOY?@oAB?	46	3fffffffffff
N???EA_E?gKOY?@cQ_?	46	3fffffffffff
N???EA_E?gKOY?@cB_?	46	3ffff7dfdf7ff
N???EA_E?gKOY?@cAg?	46	3fffffffffff
N???EA_E?gKOY?@c@K?	46	1ffffffffb7fe
N???EA_E?gKOY?@cB@?	46	3fffffff0ffff
N???EA_E?gKOQ_H_B_?	46	3ffffffff87ff
N???EA_E?gKOQ_H_@g?	46	3ffffffe97fff
N???EA_E?gKOQ_H_AK?	46	3fffffffffff
N???EA_E?gKOQ_H_@K?	46	3faeffff75e937d2
N???EA_E?gKOQ_H_Aa?	46	3ffff7dfdf7ff
N???EA_E?gKOQ_H_AE?	46	3fffffffffff
N???EA_E?gKOQ_H_?M?	46	1ffffeffff7fd
N???EA_E?gKOQ_B_SG?	46	2ffdeff7fe70fccc
N???EA_E?gKOQ_B_EG?	46	3fffffffffff
N???EA_E?gKOQ_B_QC?	46	3fffffffffff
N???EA_E?gKOQ_B_Oc?	46	3ffffffe97fff
N???EA_E?gHOY?H_OK?	46	2ffdeff7fe70fccc
N???EA_E?gHOY?H_?k?	46	3ffffffe97fff
N???EA_E?gHOY?H_?[?	46	3faeffff75e937d2
N???EA_E?gHOY?H_Aa?	46	3ffff7dfdf7ff
N???EA_E?gHOY?H_AI?	46	3fffffffffff
N???EA_E?gHOY?H_?M?	46	1ffffffffb7fe
N???EA_E?gHOY?H_AP?	46	3ffff7dfdf7ff
N???EA_E?gHOY?H_AH?	46	3fffffffffff
N???EA_E?gHOY?H_AD?	46	3fffffffffff
N???EA_E?gHOY?H_?L?	46	3fffffffffff
N???EA_E?gHOY?D_Og?	46	3fffffffffff
N???EA_E?gHOY?D_Cg?	46	3fffffffffff
N???EA_E?gHOY?D_CW?	46	3fffffffffff
N???EA_E?gHOY?D_Oc?	46	3fffffffffff
N???EA_E?gHOY?D_OS?	46	3fffffffffff
N???EA_E?gHOY?D_?i?	46	3ffffffffffd2
N???EA_E?gHOY?@oS_?	46	3fffffff0ffff
N???EA_E?gHOY?@oQ_?	46	3fffffffffff
N???EA_E?gHOY?@oSO?	46	2ffdeff7fe70fccc
N???EA_E?gHOY?@oEO?	46	3fffffffffff
N???EA_E?gHOY?@oSC?	46	2ffdeff7fe70fccc
N???EA_E?gHOY?@oSA?	46	3ffffffffffcc
N???EA_E?gHOY?@oQA?	46	3fffffffffff
N???EA_E?gHOY?@oEA?	46	3fffffffffff
N???EA_E?gHOY?@oAa?	46	3ffffffffffd2
N???EA_E?gHOY?@oOQ?	46	1ffffffffb7fe
N???EA_E?gHOY?@oS@?	46	3fffffffffff
N???EA_E?gHOY?@oQ@?	46	3fffffffffff
N???EA_E?gHOY?@oE@?	46	3fffffffffff
N???EA_E?gHOY?@oOP?	46	3fffffffffff
N???EA_E?gHOY?@oAP?	46	3ffffffffffd2
N???EA_E?gHOY?@o?b?	46	3ffffffffffcc
N???EA_E?gHOY?`GAP?	46	ffffffffeffd
N???EA_E?gHOY?@cAo?	46	3faeffff75e937d2
N???EA_E?gHOY?@cSG?	46	3ffffffffffcc
N???EA_E?gHOY?@cQG?	46	3fffffffffff
N???EA_E?gHOY?@cEG?	46	3fffffffffff
N???EA_E?gHOY?@cAg?	46	3ffffffffffd2
N???EA_E?gHOY?@cSC?	46	3ffffffffffcc
N???EA_E?gHOY?@cQC?	46	3fffffffffff
N???EA_E?gHOY?@cOc?	46	3fffffffffff
N???EA_E?gHOY?@cOS?	46	1ffffffffb7fe
N???EA_E?gHOY?@cCK?	46	1ffffffffb7fe
N???EA_E?gHOI_P_SG?	46	2ffdeff7fe70fccc
N???EA_E?gHOI_P_EG?	46	3fffffffffff
N???EA_E?gHOI_P_Cg?	46	3ffffffe97fff
N???EA_E?gHOI_P_SC?	46	2ffdeff7fe70fccc
N???EA_E?gHOI_P_QC?	46	3fffffffffff
N???EA_E?gHOI_P_Oc?	46	3ffffffe97fff
N???EA_E?gHOI_P_Cc?	46	3ffffffe97fff
N???EA_E?gSGW_B_BC?	46	3fffffffffff
N???EA_E?gSGW_B_?F?	46	fffffffdf7ff
N???EA_E?gSGQ_P_F??	46	3fffffffffff
N???EA_E?gSGQ_P_CE?	46	3effffffffb7e
N???EA_E?gSGI_P_Ac?	46	3fffffffffff
N???EA_E?gSGI_P_Aa?	46	3ffffffffe67f
N???EA_E?gSGI_P_GE?	46	3effffffffb7e
N???EA_E?gSGI_P_B@?	46	3fffffffdef7e
N???EA_E?gSGI_P_?F?	46	7fffffff7fff
N???EA_E?gSG@cQ_E_?	46	ffffffffeffe
N???EA_E?gSG@cQ_CD?	46	fffffffffefd
N???EA_E?gKGQ_B_U??	46	fffffffdf7ff
N???EA_E?gKGQ_B_S_?	46	3fffffff0ffff
N???EA_E?gKGQ_B_SO?	46	2ffdeff7fe70fccc
N???EA_E?gKGQ_B_OS?	46	3faeffff75e937d2
N???EA_E?gKGQ_B_SA?	46	3ffffffffffcc
N???EA_E?gKGQ_B_S@?	46	fffffffff7fd
N???EA_E?gKGQ_B_Q@?	46	7fffffffefff
N???EA_E?gKGQ_@gSA?	46	3effffffffb7e
N???EA_E?gKGQ_@gAa?	46	7ffffffdffff
N???EA_E?gKGQ_@gS@?	46	3ffffffffffcc
N???EA_E?gKGQ_@cU??	46	7fffffffff7f
N???EA_E?gKGQ_@cT??	46	3ffffffffffcc
N???EA_E?gKGQ_@cQ_?	46	7fffffffefff
N???EA_E?gKGQ_@cS@?	46	fffffffefeff
N???EA_E?gKGQ_@cOD?	46	fffffffffefd
N???EA_E?gKGAgB_Q@?	46	7ffffffdffff
N???EA_E?gKGAg@cQ_?	46	7ffffffdffff
N???EA_E?gHGg_H_I_?	46	3fffffffffff
N???EA_E?gHGg_H_B_?	46	3fffffffffff
N???EA_E?gHGg_H_Aa?	46	3ffeff7ff7eff
N???EA_E?gHGg_H_B@?	46	3ffffffffffcc
N???EA_E?gHGg_H_AB?	46	3fffffffff87f
N???EA_E?gHGW_H_R??	46	3fffffffffff
N???EA_E?gHGW_H_Q_?	46	3fffffffffff
N???EA_E?gHGW_H_B_?	46	3fffffffffff
N???EA_E?gHGW_H_@o?	46	3ffffffe97fff
N???EA_E?gHGW_H_BC?	46	3fffffffffff
N???EA_E?gHGW_H_AS?	46	3fffffffffff
N???EA_E?gHGW_H_Aa?	46	3fffffffffff
N???EA_E?gHGW_H_AQ?	46	3fffffffffff
N???EA_E?gHGW_H_Q@?	46	3fffffffffff
N???EA_E?gHGW_H_B@?	46	3fffffffffff
N???EA_E?gHGW_H_OP?	46	3ffffffffffcc
N???EA_E?gHGW_H_AP?	46	3fffffffffff
N???EA_E?gHGW_H_@P?	46	3fffffffffff
N???EA_E?gHGW_H_AB?	46	3fffffffffff
N???EA_E?gHGW_B_U??	46	3fffffffffff
N???EA_E?gHGW_B_S_?	46	3fffffff0ffff
N???EA_E?gHGW_B_E_?	46	3fffffffffff
N???EA_E?gHGW_B_SO?	46	2ffdeff7fe70fccc
N???EA_E?gHGW_B_SC?	46	2ffdeff7fe70fccc
N???EA_E?gHGW_B_Oc?	46	3ffffffe97fff
N???EA_E?gHGW_B_SA?	46	3ffffffffffcc
N???EA_E?gHGW_B_QA?	46	3fffffffffff
N???EA_E?gHGW_B_Aa?	46	3ffffffffffd2
N???EA_E?gHGW_B_S@?	46	3fffffffffff
N???EA_E?gHGW_B_Q@?	46	3fffffffffff
N???EA_E?gHGW_B_E@?	46	3fffffffffff
N???EA_E?gHGW_B_A`?	46	3ffffffffffd2
N???EA_E?gHGW_B_AP?	46	3ffffffffffd2
N???EA_E?gHGW_B_AD?	46	3fffffffffff
N???EA_E?gHGW_B_?b?	46	3ffffffffffcc
N???EA_E?gHGW_@gQ_?	46	3fffffffffff
N???EA_E?gHGW_@gB_?	46	3fffffffffff
N???EA_E?gHGW_@gAa?	46	3fffffffffff
N???EA_E?gHGW_@gB@?	46	3fffffffffff
N???EA_E?gHGI_P_U??	46	3fffffffffff
N???EA_E?gHGI_P_S_?	46	3fffffff0ffff
N???EA_E?gHGI_P_E_?	46	3fffffffffff
N???EA_E?gHGI_P_SO?	46	2ffdeff7fe70fccc
N???EA_E?gHGI_P_OS?	46	3faeffff75e937d2
N???EA_E?gHGI_P_SA?	46	3ffffffffffcc
N???EA_E?gHGI_P_QA?	46	3fffffffffff
N???EA_E?gHGI_P_Aa?	46	3ffffffffffd2
N???EA_E?gHGI_P_OQ?	46	1ffffffffb7fe
N???EA_E?gHGI_P_S@?	46	3fffffffffff
N???EA_E?gHGI_P_Q@?	46	3fffffffffff
N???EA_E?gHGI_P_E@?	46	3fffffffffff
N???EA_E?gHGI_P_O`?	46	3fffffffffff
N???EA_E?gHGI_P_A`?	46	3ffffffffffd2
N???EA_E?gHGI_P_AP?	46	3ffffffffffd2
N???EA_E?gHGI_P_AD?	46	3fffffffffff
N???EA_E?gHGI_P_?b?	46	3ffffffffffcc
N???EA_E?gHGI_@gAa?	46	3fffffffffff
N???EA_E?gHGI_@gQ@?	46	3fffffffffff
N???EA_E?gHGI_@gI@?	46	3fffffffffff
N???EA_E?gHGI_@gA`?	46	3fffffffffff
N???EA_E?gHGI_@gAP?	46	3fffffffffff
N???EA_E?gHGI_@c[??	46	3ffffffffffcc
N???EA_E?gHGI_@cY??	46	3fffffffffff
N???EA_E?gHGI_@cU??	46	3fffffffffff
N???EA_E?gHGI_@cS_?	46	3fffffffffff
N???EA_E?gHGI_@cQ_?	46	3fffffffffff
N???EA_E?gHGI_@cSO?	46	1ffffffffb7fe
N???EA_E?gHGI_@cAo?	46	3fefedefe76634fe
N???EA_E?gHG`_W_F??	46	3fffffffffff
N???EA_E?gHG`_W_E_?	46	3fffffffffff
N???EA_E?gHG`_W_B_?	46	3fffffffffff
N???EA_E?gHG`_W_@o?	46	3ffffffe97fff
N???EA_E?gHG`_W_BC?	46	3fffffffffff
N???EA_E?gHG`_W_Ac?	46	3fffffffffff
N???EA_E?gHG`_W_@S?	46	3faeffff75e937d2
N???EA_E?gHG`_W_Aa?	46	3fffffffffff
N???EA_E?gHG`_W_@Q?	46	1ffffffffb7fe
N???EA_E?gHG`_W_AE?	46	3fffffffffff
N???EA_E?gHG`_W_E@?	46	3fffffffffff
N???EA_E?gHG`_W_B@?	46	3fffffffffff
N???EA_E?gHG`_W_C`?	46	3ffffffffffcc
N???EA_E?gHG`_W_A`?	46	3fffffffffff
N???EA_E?gHG`_W_@`?	46	3fffffffffff
N???EA_E?gHG`_W_AD?	46	3fffffffffff
N???EA_E?gHG`_W_AB?	46	3fffffffffff
N???EA_E?gHG`_W_?F?	46	3fffffffffff
N???EA_E?gHG`_I_K_?	46	3fffffff0ffff
N???EA_E?gHG`_I_I_?	46	3fffffffffff
N???EA_E?gHG`_I_E_?	46	3fffffffffff
N???EA_E?gHG`_I_Ao?	46	3fffffffffff
N???EA_E?gHG`_I_GS?	46	3faeffff75e937d2
N???EA_E?gHG`_I_Aa?	46	3fffffffffff
N???EA_E?gHG`_I_GQ?	46	1ffffffffb7fe
N???EA_E?gHG`_I_I@?	46	3fffffffffff
N???EA_E?gHG`_I_E@?	46	3fffffffffff
N???EA_E?gHG`_I_CP?	46	3fffffffffff
N???EA_E?gHG`_I_AP?	46	3fffffffffff
N???EA_E?gHG`_I_AD?	46	3fffffffffff
N???EA_E?gHG`_I_?b?	46	3fffffffffff
N???EA_E?gHG`_H_M??	46	3fffffffffff
N???EA_E?gHG`_H_F??	46	3fffffffffff
N???EA_E?gHG`_H_IO?	46	3fffffffffff
N???EA_E?gHG`_H_HO?	46	3ffffffe97fff
N???EA_E?gHG`_H_CS?	46	3defbfffdea94fcc
N???EA_E?gHG`_H_IA?	46	3fffffffffff
N???EA_E?gHG`_H_EA?	46	3fffffffffff
N???EA_E?gHG`_H_CQ?	46	3fffffffffff
N???EA_E?gHG`_H_AQ?	46	3fffffffffff
N???EA_E?gHG`_H_AE?	46	3fffffffffff
N???EA_E?gHG`_H_I@?	46	3fffffffffff
N???EA_E?gHG`_H_H@?	46	3fffffffffff
N???EA_E?gHG`_H_B@?	46	3fffffffffff
N???EA_E?gHG`_H_AP?	46	6fffef7ff7ffb
N???EA_E?gHG`_H_@B?	46	3fffffffffff
N???EA_E?gHG`_H_?R?	46	3fffffffffff
N???EA_E?gHG`_GcF??	46	3fffffffffff
N???EA_E?gHG`_GcI_?	46	3fffffffffff
N???EA_E?gHG`_GcE_?	46	3fffffffffff
N???EA_E?gHG`_GcH_?	46	3fffffffffff
N???EA_E?gHG`_GcB_?	46	3fffffffffff
N???EA_E?gHG`_GcAo?	46	3fffffffffff
N???EA_E?gHG`_GcAc?	46	3fffffffffff
N???EA_E?gHG`_GcGS?	46	1ffffeffff7fd
N???EA_E?gHG`_GcE@?	46	3fffffffffff
N???EA_E?gHG`_GaJ??	46	3fffffffffff
N???EA_E?gHG`_GaF??	46	3fffffffffff
N???EA_E?gHG`_GaK_?	46	3ffffffffffcc
N???EA_E?gHG`_GaB_?	46	3fffffffffff
N???EA_E?gHG`_GaKO?	46	3ffffffffffcc
N???EA_E?gHG`_GaBO?	46	3fffffffffff
N???EA_E?gHG`_GaCo?	46	3faeffff75e937d2
N???EA_E?gHG`_GaKC?	46	3ffffffffffcc
N???EA_E?gHG`_GaBC?	46	3fffffffffff
N???EA_E?gHG`_GaEA?	46	3fffffffffff
N???EA_E?gHG`_GaDA?	46	3fffffffffff
N???EA_E?gHG`_GaAE?	46	3fffffffffff
N???EA_E?gHGP_g_F??	46	3fffffffffff
N???EA_E?gHGP_g_E_?	46	3fffffffffff
N???EA_E?gHGP_g_B_?	46	3fffffffffff
N???EA_E?gHGP_g_@o?	46	3ffffffe97fff
N???EA_E?gHGP_g_BC?	46	3fffffffffff
N???EA_E?gHGP_g_Ac?	46	3fffffffffff
N???EA_E?gHGP_g_BA?	46	3fffffffffff
N???EA_E?gHGP_g_Aa?	46	3fffffffffff
N???EA_E?gHGP_g_AE?	46	3fffffffffff
N???EA_E?gHGP_g_E@?	46	3fffffffffff
N???EA_E?gHGP_g_B@?	46	3fffffffffff
N???EA_E?gHGP_g_C`?	46	3ffffffffffcc
N???EA_E?gHGP_g_@`?	46	3fffffffffff
N???EA_E?gHGP_g_AD?	46	3fffffffffff
N???EA_E?gHGP_g_?d?	46	1ffffffffb7fe
N???EA_E?gHGP_g_AB?	46	3fffffffffff
N???EA_E?gHGP_g_?F?	46	3fffffffffff
N???EA_E?gHGP_H_U??	46	3fffffffffff
N???EA_E?gHGP_H_T??	46	3fffffff0ffff
N???EA_E?gHGP_H_SO?	46	37ff6fdff9f0fb52
N???EA_E?gHGP_H_SA?	46	3fffffffffff
N???EA_E?gHGP_H_QA?	46	3fffffffffff
N???EA_E?gHGP_H_EA?	46	3fffffffffff
N???EA_E?gHGP_H_BA?	46	3ffffffffffd2
N???EA_E?gHGP_H_OQ?	46	3fffffffffff
N???EA_E?gHGP_H_AQ?	46	3ffffffffffd2
N???EA_E?gHGP_H_S@?	46	3ffffffffffcc
N???EA_E?gHGP_H_Q@?	46	3fffffffffff
N???EA_E?gHGP_H_P@?	46	3fffffffffff
N???EA_E?gHGP_H_B@?	46	3ffffffffffd2
N???EA_E?gHGP_H_OD?	46	1ffffffffb7fe
N???EA_E?gHGP_H_@B?	46	3ffffffffffcc
N???EA_E?gHGP_H_?R?	46	3ffffffffffcc
N???EA_E?gHGP_GaU??	46	3fffffffffff
N???EA_E?gHGP_GaT??	46	3fffffffffff
N???EA_E?gHGP_GaS_?	46	3ffffffffffcc
N???EA_E?gHGP_GaP_?	46	3fffffffffff
N???EA_E?gHGP_GaB_?	46	3ffffffffffd2
N???EA_E?gHGP_GaBC?	46	3fffffffffff
N???EA_E?gHGB_g_K_?	46	3fffffff0ffff
N???EA_E?gHGB_g_E_?	46	3fffffffffff
N???EA_E?gHGB_g_Gc?	46	3ffffffe97fff
N???EA_E?gHGB_g_Ac?	46	3fffffffffff
N???EA_E?gHGB_g_IA?	46	3fffffffffff
N???EA_E?gHGB_g_EA?	46	3fffffffffff
N???EA_E?gHGB_g_Aa?	46	7ebfffffffb7e
N???EA_E?gHGB_g_I@?	46	3fffffffffff
N???EA_E?gHGB_g_E@?	46	3fffffffffff
N???EA_E?gHGB_g_C`?	46	3fffffffffff
N???EA_E?gHGB_g_A`?	46	7ebfffffffb7e
N???EA_E?gHGB_g_AP?	46	3fffffffffff
N???EA_E?gHGB_g_?p?	46	3fffffffffff
N???EA_E?gHGB_g_AD?	46	3fffffffffff
N???EA_E?gHGB_Gc[??	46	3ffffffffffcc
N???EA_E?gHGB_GcY??	46	3fffffffffff
N???EA_E?gHGB_GcU??	46	3fffffffffff
N???EA_E?gHGB_GcS_?	46	3fffffffffff
N???EA_E?gHGB_GcQ_?	46	3fffffffffff
N???EA_E?gHGB_GcI_?	46	3ffffffffffd2
N???EA_E?gHGB_GcSO?	46	1ffffffffb7fe
N???EA_E?gHGB_GcEO?	46	3ffffef7ef7ff
N???EA_E?gHGB_GcAo?	46	3fefedefe76634fe
N???EA_E?gHGB_GcAc?	46	3fffffffffff
N???EA_E?gHGB_GcS@?	46	3fffffffffff
N???EA_E?gHGB_GcAD?	46	3fffffffffff
N???EA_E?gCWi?P_Aa?	46	fffffffffe7f
N???EA_E?gCWi?P_AB?	46	ffffffff7f7f
N???EA_E?gCWQ_P_U??	46	3fffffffffff
N???EA_E?gCWQ_P_T??	46	2ffdeff7fe70fccc
N???EA_E?gCWQ_P_P_?	46	3ffffffe97fff
N???EA_E?gCWQ_P_B_?	46	3ffffffffffe1
N???EA_E?gCWQ_P_SA?	46	3effffffffb7e
N???EA_E?gCWQ_P_PA?	46	1ffffffffb7fe
N???EA_E?gCWQ_P_Aa?	46	3ffffffffffd2
N???EA_E?gCWQGP_Q_?	46	3fffffffffff
N???EA_E?gCWQGP_B_?	46	3fffffffffff
N???EA_E?gCWQGP_QA?	46	3fffffffffff
N???EA_E?gCWQGP_Aa?	46	3fffffffffff
N???EA_E?gCWQGP_Q@?	46	3fffffffffff
N???EA_E?gCWQGP_B@?	46	3fffffffffff
N???EA_E?gCWQGP_AB?	46	3fffffffffff
N???EA_E?gCWQGB_[??	46	2ffdeff7fe70fccc
N???EA_E?gCWQGB_I_?	46	3fffffffffff
N???EA_E?gCWQGB_Aa?	46	3fffffffffff
N???EA_E?gCWQGB_Q@?	46	3fffffffffff
N???EA_E?gCWQGB_I@?	46	3fffffffffff
N???EA_E?gCWQGB_E@?	46	3fffffffffff
N???EA_E?gCWQGB_AP?	46	3fffffffffff
N???EA_E?gCWQGB_GB?	46	3fffffffffff
N???EA_E?gCWQGB_AB?	46	3fffffffffff
N???EA_E?gCWQG@cQ_?	46	3fffffffffff
N???EA_E?gCWQG@cI_?	46	3fffffffffff
N???EA_E?gCWQG@cB@?	46	3fffffffffff
N???EA_E?gCWBGQ_Aa?	46	fffffffefeff
N???EA_E?gCWBGQ_Q@?	46	3fffffffffff
N???EA_E?g@Ww?P_F??	46	3fffffffffff
N???EA_E?g@Ww?P_E_?	46	3fffffffffff
N???EA_E?g@Ww?P_B_?	46	3fffffffffff
N???EA_E?g@Ww?P_@o?	46	3ffffffe97fff
N???EA_E?g@Ww?P_Aa?	46	7fffffffefff
N???EA_E?g@Ww?P_CE?	46	3effffffffb7e
N???EA_E?g@Ww?P_AB?	46	7ffffffff7ff
N???EA_E?g@Ww?H_B_?	46	3fffffffffff
N???EA_E?g@Ww?H_Aa?	46	7fffffffefff
N???EA_E?g@Ww?H_GE?	46	3effffffffb7e
N???EA_E?g@Ww?H_AB?	46	7ffffffff7ff
N???EA_E?g@Ww?@gB_?	46	3fffffffffff
N???EA_E?g@Ww?@gKA?	46	3effffffffb7e
N???EA_E?g@Ww?@gAa?	46	7ffffffdffff
N???EA_E?g@Ww?@gAB?	46	7ffffffdffff
N???EA_E?g@WY?h?AP?	46	7fffffffefff
N???EA_E?g@WY?P_S_?	46	3fffffff0ffff
N???EA_E?g@WY?P_Q_?	46	3fffffffffff
N???EA_E?g@WY?P_E_?	46	3fffffffffff
N???EA_E?g@WY?P_SO?	46	2ffdeff7fe70fccc
N???EA_E?g@WY?P_SC?	46	2ffdeff7fe70fccc
N???EA_E?g@WY?P_SA?	46	3ffffffffffcc
N???EA_E?g@WY?P_QA?	46	3fffffffffff
N???EA_E?g@WY?P_Aa?	46	3ffffffffffd2
N???EA_E?g@WY?P_OQ?	46	1ffffffffb7fe
N???EA_E?g@WY?P_S@?	46	3fffffffffff
N???EA_E?g@WY?P_Q@?	46	3fffffffffff
N???EA_E?g@WY?P_E@?	46	3fffffffffff
N???EA_E?g@WY?P_AP?	46	3ffffffffffd2
N???EA_E?g@WY?P_AB?	46	3ffffffffffcc
N???EA_E?g@WY?P_?b?	46	3ffffffffffcc
N???EA_E?g@WY?D_W_?	46	3fffffffffff
N???EA_E?g@WY?D_S_?	46	3fffffffffff
N???EA_E?g@WY?D_K_?	46	3fffffffffff
N???EA_E?g@WY?D_SO?	46	3fffffffffff
N???EA_E?g@WY?D_Go?	46	3ffffffffffe1
N???EA_E?g@WY?D_Cc?	46	3fffffffffff
N???EA_E?g@WY?D_?e?	46	3fffffffffff
N???EA_E?g@WY?@g[??	46	2ffdeff7fe70fccc
N???EA_E?g@WY?@gAa?	46	3fffffffffff
N???EA_E?g@WY?@g?q?	46	3fffffffffff
N???EA_E?g@WY?@gQ@?	46	3fffffffffff
N???EA_E?g@WY?@gAP?	46	3fffffffffff
N???EA_E?g@WY?@c[??	46	3ffffffffffcc
N???EA_E?g@WY?@cY??	46	3fffffffffff
N???EA_E?g@WY?@cU??	46	3fffffffffff
N???EA_E?g@WY?@cS_?	46	3fffffffffff
N???EA_E?g@WY?@cSO?	46	1ffffffffb7fe
N???EA_E?g@WY?@cAo?	46	fefffffffecfa
N???EA_E?g@WY?@cKC?	46	1ffffffffb7fe
N???EA_E?g@WY?@cAc?	46	3fffffffffff
N???EA_E?g@Wp?W_B_?	46	3fffffffffff
N???EA_E?g@Wp?W_Co?	46	37ff6fdff9f0fb52
N???EA_E?g@Wp?W_@o?	46	3ffffffe97fff
N???EA_E?g@Wp?W_BC?	46	3fffffffffff
N???EA_E?g@Wp?W_Ac?	46	3fffffffffff
N???EA_E?g@Wp?W_@S?	46	3faeffff75e937d2
N???EA_E?g@Wp?W_?s?	46	3defbfffdea94fcc
N???EA_E?g@Wp?W_EA?	46	3fffffffffff
N???EA_E?g@Wp?W_BA?	46	3fffffffffff
N???EA_E?g@Wp?W_Aa?	46	3fffffffffff
N???EA_E?g@Wp?W_@a?	46	3fffffffffff
N???EA_E?g@Wp?W_AE?	46	3fffffffffff
N???EA_E?g@Wp?W_E@?	46	3fffffffffff
N???EA_E?g@Wp?W_B@?	46	3fffffffffff
N???EA_E?g@Wp?W_AB?	46	3fffffffffff
N???EA_E?g@Wp?I_E_?	46	3fffffffffff
N???EA_E?g@Wp?I_IO?	46	3fffffffffff
N???EA_E?g@Wp?I_CS?	46	3faeffff75e937d2
N???EA_E?g@Wp?I_IA?	46	3fffffffffff
N???EA_E?g@Wp?I_Ga?	46	3fffffffffff
N???EA_E?g@Wp?I_Aa?	46	3fffffffffff
N???EA_E?g@Wp?I_AQ?	46	3fffffffffff
N???EA_E?g@Wp?I_I@?	46	3fffffffffff
N???EA_E?g@Wp?I_E@?	46	3fffffffffff
N???EA_E?g@Wp?I_GP?	46	3fffffffffff
N???EA_E?g@Wp?I_CP?	46	3fffffffffff
N???EA_E?g@Wp?I_AP?	46	3fffffffffff
N???EA_E?g@Wp?I_AD?	46	3fffffffffff
N???EA_E?g@Wp?I_?b?	46	3fffffffffff
N???EA_E?g@Wp?H_J??	46	3fffffffffff
N???EA_E?g@Wp?H_F??	46	3fffffffffff
N???EA_E?g@Wp?H_HO?	46	3ffffffe97fff
N???EA_E?g@Wp?H_GS?	46	3defbfffdea94fcc
N???EA_E?g@Wp?H_IA?	46	3fffffffffff
N???EA_E?g@Wp?H_EA?	46	3fffffffffff
N???EA_E?g@Wp?H_BA?	46	3fffffffffff
N???EA_E?g@Wp?H_CQ?	46	3fffffffffff
N???EA_E?g@Wp?H_AQ?	46	3fffffffffff
N???EA_E?g@Wp?H_AE?	46	3fffffffffff
N???EA_E?g@Wp?H_B@?	46	3fffffffffff
N???EA_E?g@Wp?H_@B?	46	3fffffffffff
N???EA_E?g@Wp?GcJ??	46	3fffffffffff
N???EA_E?g@Wp?GcF??	46	3fffffffffff
N???EA_E?g@Wp?GcI_?	46	3fffffffffff
N???EA_E?g@Wp?GcE_?	46	3fffffffffff
N???EA_E?g@Wp?GcB_?	46	3fffffffffff
N???EA_E?g@Wp?GcDO?	46	1ffffffffb7fe
N???EA_E?g@Wp?GcAo?	46	3fffffffffff
N???EA_E?g@Wp?GcKC?	46	3effffffffb7e
N???EA_E?g@Wp?GcIC?	46	3fffffffffff
N???EA_E?g@Wp?GcAc?	46	3fffffffffff
N???EA_E?g@Wp?GcE@?	46	3fffffffffff
N???EA_E?g@Wp?GcAD?	46	3fffffffffff
N???EA_E?g@Wp?GaJ??	46	3fffffffffff
N???EA_E?g@Wp?GaF??	46	3fffffffffff
N???EA_E?g@Wp?GaB_?	46	3fffffffffff
N???EA_E?g@Wp?GaKO?	46	3ffffffffffcc
N???EA_E?g@Wp?GaBO?	46	3fffffffffff
N???EA_E?g@Wp?GaBC?	46	3fffffffffff
N???EA_E?g@Wp?GaEA?	46	3fffffffffff
N???EA_E?g@Wp?GaDA?	46	3fffffffffff
N???EA_E?g@Wp?GaCQ?	46	3fffffffffff
N???EA_E?g@Wp?GaAE?	46	3fffffffffff
N???EA_E?g@WR?g_E_?	46	3fffffffffff
N???EA_E?g@WR?g_Ac?	46	3fffffffffff
N???EA_E?g@WR?g_IA?	46	3fffffffffff
N???EA_E?g@WR?g_Ga?	46	3fffffffffff
N???EA_E?g@WR?g_Aa?	46	3fffffffffff
N???EA_E?g@WR?g_I@?	46	3fffffffffff
N???EA_E?g@WR?g_E@?	46	3fffffffffff
N???EA_E?g@WR?g_C`?	46	3fffffffffff
N???EA_E?g@WR?g_AP?	46	3fffffffffff
N???EA_E?g@WR?g_AD?	46	3fffffffffff
N???EA_E?g@WR?W_U??	46	3fffffffffff
N???EA_E?g@WR?W_S_?	46	3fffffff0ffff
N???EA_E?g@WR?W_SO?	46	2ffdeff7fe70fccc
N???EA_E?g@WR?W_SA?	46	3ffffffffffcc
N???EA_E?g@WR?W_QA?	46	3fffffffffff
N???EA_E?g@WR?W_Oa?	46	3fffffffffff
N???EA_E?g@WR?W_Aa?	46	3ffffffffffd2
N???EA_E?g@WR?W_Q@?	46	3fffffffffff
N???EA_E?g@WR?W_E@?	46	3fffffffffff
N???EA_E?g@WR?W_A`?	46	3ffffffffffd2
N???EA_E?g@WR?W_AP?	46	3ffffffffffd2
N???EA_E?g@WR?W_AD?	46	3fffffffffff
N???EA_E?g@WR?W_?b?	46	3ffffffffffcc
N???EA_E?g@WR?Gc[??	46	3ffffffffffcc
N???EA_E?g@WR?GcY??	46	3fffffffffff
N???EA_E?g@WR?GcU??	46	3fffffffffff
N???EA_E?g@WR?GcW_?	46	3fffffffffff
N???EA_E?g@WR?GcS_?	46	3fffffffffff
N???EA_E?g@WR?GcQ_?	46	3fffffffffff
N???EA_E?g@WR?GcI_?	46	3ffffffffffd2
N???EA_E?g@WR?GcSO?	46	1ffffffffb7fe
N???EA_E?g@WR?GcEO?	46	3fffffffffff
N???EA_E?g@WR?GcAo?	46	3effffffffcfe
N???EA_E?g@WR?GcAc?	46	3fffffffffff
N???EA_E?g@WR?GcS@?	46	3fffffffffff
N???EA_E?g@Wg_X?B_?	46	3fffffffffff
N???EA_E?g@Wg_X?Aa?	46	3fffffffffff
N???EA_E?g@Wg_X?B@?	46	3fffffffffff
N???EA_E?g@Wg_X?AB?	46	3fffffffffff
N???EA_E?g@Wg_P_H_?	46	3ffffffe97fff
N???EA_E?g@Wg_P_Aa?	46	3fffffffffff
N???EA_E?g@Wg_P_B@?	46	3fffffffffff
N???EA_E?g@Wg_P_AB?	46	3fffffffffff
N???EA_E?g@Wg_PGM??	46	3fffffffffff
N???EA_E?g@Wg_PGJ??	46	3fffffffffff
N???EA_E?g@Wg_PGB_?	46	3fffffffffff
N???EA_E?g@Wg_PGKA?	46	3effffffffb7e
N???EA_E?g@Wg_PGIA?	46	3fffffffffff
N???EA_E?g@Wg_PGAa?	46	3fffffffffff
N???EA_E?g@Wg_PGI@?	46	3fffffffffff
N???EA_E?g@Wg_PGB@?	46	3fffffffffff
N???EA_E?g@Wg_PGAB?	46	3fffffffffff
N???EA_E?g@WW_P_U??	46	3fffffffffff
N???EA_E?g@WW_P_T??	46	2ffdeff7fe70fccc
N???EA_E?g@WW_P_S_?	46	37ff6fdff9f0fb52
N???EA_E?g@WW_P_P_?	46	3ffffffe97fff
N???EA_E?g@WW_P_D_?	46	3ffffffe97fff
N???EA_E?g@WW_P_B_?	46	3ffffffffffe1
N???EA_E?g@WW_P_PC?	46	3faeffff75e937d2
N???EA_E?g@WW_P_DC?	46	3faeffff75e937d2
N???EA_E?g@WW_P_SA?	46	3effffffffb7e
N???EA_E?g@WW_P_EA?	46	3fffffffffff
N???EA_E?g@WW_P_PA?	46	1ffffffffb7fe
N???EA_E?g@WW_P_Oa?	46	3fffffffffff
N???EA_E?g@WW_P_Aa?	46	3ffffffffffd2
N???EA_E?g@WW_P_S@?	46	3ffffffffffcc
N???EA_E?g@WW_P_E@?	46	3fffffffffff
N???EA_E?g@WW_P_P@?	46	3fffffffffff
N???EA_E?g@WW_P_B@?	46	3ffffffffffd2
N???EA_E?g@WW_P_O`?	46	1ffffffffb7fe
N???EA_E?g@WW_P_AB?	46	3ffffffffffcc
N???EA_E?g@WI_P_[??	46	2ffdeff7fe70fccc
N???EA_E?g@WI_P_U??	46	3fffffffffff
N???EA_E?g@WI_P_S_?	46	3ffffffe97fff
N???EA_E?g@WI_P_K_?	46	3ffffffe97fff
N???EA_E?g@WI_P_WA?	46	1ffffffffb7fe
N???EA_E?g@WI_P_SA?	46	1ffffffffb7fe
N???EA_E?g@WI_P_KA?	46	1ffffffffb7fe
N???EA_E?g@WI_P_EA?	46	3fffffffffff
N???EA_E?g@WI_P_Aa?	46	3effffffffcfe
N???EA_E?g@WI_P_S@?	46	3fffffffffff
N???EA_E?g@WI_P_Q@?	46	3fffffffffff
N???EA_E?g@WI_P_I@?	46	3ffffffffffd2
N???EA_E?g@WI_P_E@?	46	3fffffffffff
N???EA_E?g@WI_P_C`?	46	3fffffffffff
N???EA_E?g@WI_P_AD?	46	3fffffffffff
N???EA_E?g@WI_P_?b?	46	3effffffffb7e
N???EA_E?g@WI_PGAa?	46	3fffffffffff
N???EA_E?g@WI_PGQ@?	46	3fffffffffff
N???EA_E?g@WI_PGI@?	46	3fffffffffff
N???EA_E?g@WI_PGA`?	46	3fffffffffff
N???EA_E?g@WI_PGAP?	46	3fffffffffff
N???EA_E?g@WI_PCS_?	46	3fffffffffff
N???EA_E?g@WI_PCI_?	46	3ffffffffffd2
N???EA_E?g@WI_PCSO?	46	3fdffffffb7fe
N???EA_E?g@WI_PCEO?	46	3fffffffffff
N???EA_E?g@W`_Y?I_?	46	3fffffffffff
N???EA_E?g@W`_Y?E_?	46	3fffffffffff
N???EA_E?g@W`_Y?IO?	46	3fffffffffff
N???EA_E?g@W`_Y?KC?	46	2ffdeff7fe70fccc
N???EA_E?g@W`_Y?Aa?	46	3fffffffffff
N???EA_E?g@W`_Y??q?	46	3fffffffffff
N???EA_E?g@W`_Y?I@?	46	3fffffffffff
N???EA_E?g@W`_Y?E@?	46	3fffffffffff
N???EA_E?g@W`_Y?GP?	46	3fffffffffff
N???EA_E?g@W`_Y??p?	46	3fffffffffff
N???EA_E?g@W`_Y?AD?	46	3fffffffffff
N???EA_E?g@W`_Y??b?	46	3fffffffffff
N???EA_E?g@W`_X?J??	46	3fffffffffff
N???EA_E?g@W`_X?F??	46	3fffffffffff
N???EA_E?g@W`_X?IO?	46	3fffffffffff
N???EA_E?g@W`_X?HO?	46	3ffffffe97fff
N???EA_E?g@W`_X?KC?	46	37ff6fdff9f0fb52
N???EA_E?g@W`_X?KA?	46	3fffffffffff
N???EA_E?g@W`_X?IA?	46	3fffffffffff
N???EA_E?g@W`_X?EA?	46	3fffffffffff
N???EA_E?g@W`_X?BA?	46	3fffffffffff
N???EA_E?g@W`_X?AQ?	46	3fffffffffff
N???EA_E?g@W`_X?@Q?	46	3fffffffffff
N???EA_E?g@W`_X?AE?	46	3fffffffffff
N???EA_E?g@W`_X?I@?	46	3fffffffffff
N???EA_E?g@W`_X?B@?	46	3fffffffffff
N???EA_E?g@W`_X?@P?	46	3fffffffffff
N???EA_E?g@W`_X?@B?	46	3fffffffffff
N???EA_E?g@W`_W_H_?	46	3ffffffe97fff
N???EA_E?g@W`_W_D_?	46	3ffffffe97fff
N???EA_E?g@W`_W_B_?	46	3fffffffffff
N???EA_E?g@W`_W_HC?	46	3faeffff75e937d2
N???EA_E?g@W`_W_Ac?	46	3fffffffffff
N???EA_E?g@W`_W_Aa?	46	3fffffffffff
N???EA_E?g@W`_W_@a?	46	3fffffffffff
N???EA_E?g@W`_W_AE?	46	3fffffffffff
N???EA_E?g@W`_W_B@?	46	3fffffffffff
N???EA_E?g@W`_W_@`?	46	3fffffffffff
N???EA_E?g@W`_W_AB?	46	3fffffffffff
N???EA_E?g@W`_WCI_?	46	3fffffffffff
N???EA_E?g@W`_WCE_?	46	3fffffffffff
N???EA_E?g@W`_WCB_?	46	3fffffffffff
N???EA_E?g@W`_WCEO?	46	3fffffffffff
N???EA_E?g@W`_WCDO?	46	1ffffffffb7fe
N???EA_E?g@W`_WCAo?	46	3fffffffffff
N???EA_E?g@W`_WCAc?	46	3fffffffffff
N???EA_E?g@W`_WCE@?	46	3fffffffffff
N???EA_E?g@W`_WCC`?	46	3fffffffffff
N???EA_E?g@W`_WCGD?	46	3fffffffffff
N???EA_E?g@W`_WCAD?	46	3fffffffffff
N???EA_E?g@W`_WAJ??	46	3fffffffffff
N???EA_E?g@W`_WAF??	46	3fffffffffff
N???EA_E?g@W`_WAK_?	46	3ffffffffffcc
N???EA_E?g@W`_WAI_?	46	3fffffffffff
N???EA_E?g@W`_WAE_?	46	3fffffffffff
N???EA_E?g@W`_WAB_?	46	3fffffffffff
N???EA_E?g@W`_WAKO?	46	3ffffffffffcc
N???EA_E?g@W`_WAEO?	46	3fffffffffff
N???EA_E?g@W`_WAHO?	46	3fffffffffff
N???EA_E?g@W`_WABO?	46	3fffffffffff
N???EA_E?g@W`_WACo?	46	1ffffffffb7fe
N???EA_E?g@W`_WABC?	46	3fffffffffff
N???EA_E?g@W`_WAEA?	46	3fffffffffff
N???EA_E?g@W`_WADA?	46	3fffffffffff
N???EA_E?g@W`_WAGE?	46	3fffffffffff
N???EA_E?g@W`_WAAE?	46	3fffffffffff
N???EA_E?g@WB_w?E_?	46	3fffffffffff
N???EA_E?g@WB_w?Co?	46	3ffffffe97fff
N???EA_E?g@WB_w?Ac?	46	3fffffffffff
N???EA_E?g@WB_w?CQ?	46	1ffffffffb7fe
N???EA_E?g@WB_w?I@?	46	7fffffffefff
N???EA_E?g@WB_w?E@?	46	7fffffffefff
N???EA_E?g@WB_w?C`?	46	3fffffffffff
N???EA_E?g@WB_w?CP?	46	3fffffffffff
N???EA_E?g@WB_w?AD?	46	7ffffffdffff
N???EA_E?g@WB_W_[??	46	2ffdeff7fe70fccc
N???EA_E?g@WB_W_U??	46	3fffffffffff
N???EA_E?g@WB_W_S_?	46	3ffffffe97fff
N???EA_E?g@WB_W_Aa?	46	fefffffffecfa
N???EA_E?g@WB_W_AE?	46	3fffffffffff
N???EA_E?g@WB_W_?e?	46	3fffffffffff
N???EA_E?g@WB_W_Q@?	46	3fffffffffff
N???EA_E?g@WB_W_I@?	46	3ffffffffffd2
N???EA_E?g@WB_W_AD?	46	3fffffffffff
N???EA_E?g@WB_WC[??	46	3ffffffffffcc
N???EA_E?g@WB_WCY??	46	3fffffffffff
N???EA_E?g@WB_WCU??	46	3fffffffffff
N???EA_E?g@WB_WCS_?	46	3fffffffffff
N???EA_E?g@WB_WCQ_?	46	3fffffffffff
N???EA_E?g@WB_WCSO?	46	1ffffffffb7fe
N???EA_E?g@WB_WCAo?	46	fefffffffecfa
N???EA_E?g@WB_WCKC?	46	1ffffffffb7fe
N???EA_E?g@WB_WCAc?	46	3fffffffffff
N???EA_E?g@WB_WCAS?	46	3fffffffffff
N???EA_E?g@WB_WC?s?	46	3fffffffffff
N???EA_E?g@WB_WCAD?	46	3fffffffffff
N???EA_E?g@W@cw?I_?	46	7fffffffefff
N???EA_E?g@W@cw?E_?	46	7fffffffefff
N???EA_E?g@W@cw?DO?	46	1ffffffffb7fe
N???EA_E?g@W@cw?Ac?	46	7ffffffdffff
N???EA_E?g@W@cw?E@?	46	7ffffffff7ff
N???EA_E?g@W@cWA[??	46	fffffffefeff
N???EA_E?g@W@cWAU??	46	3fffffffffff
N??CA?_cEOM?B_@WD_?	46	3fffffffffff
N??CA?_cEOM?B_@WB_?	46	3fffffffffff
N??CA?_cEOM?B_@WDO?	46	7ffffffff7ff
N??CA?_cEOM?B_@W@o?	46	3fffffffffff
N??CA?_cEOM?B_@WCg?	46	3fffffffffff
N??CA?_cEOM?B_@WAg?	46	3fffffffffff
N??CA?_cEOM?B_@W@g?	46	3fffffffffff
N??CA?_cEOM?B_@WAW?	46	3fffffffffff
N??CA?_cEOM?B_@W@W?	46	3fffffffffff
N??CA?_cEOM?B_@WDC?	46	3fffffffffff
N??CA?_cEOM?B_@WBC?	46	3fffffffffff
N??CA?_cEOM?B_@WAc?	46	3fffffffffff
N??CA?_cEOM?B_@WAS?	46	3fffffffffff
N??CA?_cEOM?B_@WAK?	46	7ffffffff7ff
N??CA?_cEOM?B_@W@K?	46	3fffffffffff
N??CA?_cEOM?B_@W?k?	46	3fffffffffff
N??CA?_cEOM?B_@W?[?	46	3fffffffffff
N??CA?_cEOM?B_@WCa?	46	3fffffffffff
N??CA?_cEOM?B_@WCQ?	46	7ffffffdffff
N??CA?_cEOM?B_@WCI?	46	7ffffffff7ff
N??CA?_cEOM?B_@W@I?	46	3fffffffffff
N??CA?_cEOM?B_@W?i?	46	3fffffffffff
N??CA?_cEOM?B_@WAE?	46	7ffffffff7ff
N??CA?_cEOM?B_@W@E?	46	3fffffffffff
N??CA?_cEOM?B_@W?e?	46	3fffffffffff
N??CA?_cEOM?B_@W?M?	46	7ffffffdffff
N??CA?_cEOM?BO@gDO?	46	3fffffffffff
N??CA?_cEOM?BO@gCo?	46	3fffffffffff
N??CA?_cEOM?BO@gAo?	46	3fffffffffff
N??CA?_cEOM?BO@gDG?	46	7ffffffff7ff
N??CA?_cEOM?BO@gBG?	46	ffffffffe7ff
N??CA?_cEOM?BO@gAW?	46	3fffffffffff
N??CA?_cEOM?BO@g@W?	46	3fffffffffff
N??CA?_cEOM?BO@gDC?	46	3fffffffffff
N??CA?_cEOM?BO@gBC?	46	3fffffffffff
N??CA?_cEOM?BO@gAc?	46	3fffffffffff
N??CA?_cEOM?BO@gAS?	46	7ffffffff7ff
N??CA?_cEOM?BO@g@S?	46	3fffffffffff
N??CA?_cEOM?BO@g?s?	46	3fffffffffff
N??CA?_cEOM?BO@gCK?	46	3fffffffffff
N??CA?_cEOM?BO@gAK?	46	3fffffffffff
N??CA?_cEOM?BO@g@K?	46	3fffffffffff
N??CA?_cEOM?BO@g?[?	46	3fffffffffff
N??CA?_cEOM?BO@gCa?	46	3fffffffffff
N??CA?_cEOM?BO@gCQ?	46	7ffffffff7ff
N??CA?_cEOM?BO@gCI?	46	7ffffffdffff
N??CA?_cEOM?BO@gCE?	46	7fffffffefff
N??CA?_cEOM?BO@gAE?	46	7fffffffefff
N??CA?_cEOM?BO@g@E?	46	3fffffffffff
N??CA?_cEOM?BO@g?e?	46	3fffffffffff
N??CA?_cEOM?BO@g?M?	46	3fffffffffff
N??CA?_cEOM?@oBGD_?	46	3fffffffffff
N??CA?_cEOM?@oBGDO?	46	3fffffffffff
N??CA?_cEOM?@oBG@g?	46	3fffffffffff
N??CA?_cEOM?@oBG@W?	46	3fffffffffff
N??CA?_cEOM?@oBG?w?	46	3fffffffffff
N??CA?_cEOM?@oBGBC?	46	7ffffffff7ff
N??CA?_cEOM?@oBGAc?	46	3fffffffffff
N??CA?_cEOM?@oBG@c?	46	3fffffffffff
N??CA?_cEOM?@oBGAS?	46	3fffffffffff
N??CA?_cEOM?@oBG@S?	46	3fffffffffff
N??CA?_cEOM?@oBGCK?	46	3fffffffffff
N??CA?_cEOM?@oBGAK?	46	3fffffffffff
N??CA?_cEOM?@oBG@K?	46	3fffffffffff
N??CA?_cEOM?@oBG?[?	46	3fffffffffff
N??CA?_cEOM?@oBGCa?	46	3fffffffffff
N??CA?_cEOM?@oBGCQ?	46	7fffffffefff
N??CA?_cEOM?@oBGCI?	46	7fffffffefff
N??CA?_cEOM?@oBG@I?	46	3fffffffffff
N??CA?_cEOM?@oBGCE?	46	7ffffffdffff
N??CA?_cEOM?@oBGAE?	46	7ffffffdffff
N??CA?_cEOM?@oBG@E?	46	7ffffffdffff
N??CA?_cEOM?@oBG?e?	46	3fffffffffff
N??CA?_cEOM?@oBG?M?	46	3fffffffffff
N??CA?_cEOL?D_@WE_?	46	3fffffffffff
N??CA?_cEOL?D_@WB_?	46	3fffffffffff
N??CA?_cEOL?D_@WEO?	46	7ffffffff7ff
N??CA?_cEOL?D_@WCo?	46	3fffffffffff
N??CA?_cEOL?D_@WAo?	46	fffffffdefff
N??CA?_cEOL?D_@WAg?	46	3fffffffffff
N??CA?_cEOL?D_@W?w?	46	3fffffffffff
N??CA?_cEOL?D_@WDC?	46	3fffffffdf6fe
N??CA?_cEOL?D_@WBC?	46	3fffffffffff
N??CA?_cEOL?D_@WAc?	46	3fffffffffff
N??CA?_cEOL?D_@WAS?	46	3fffffffffff
N??CA?_cEOL?D_@W@S?	46	3fffffffffff
N??CA?_cEOL?D_@W?s?	46	3fffffffffff
N??CA?_cEOL?D_@WAK?	46	3fffffffffff
N??CA?_cEOL?D_@W?k?	46	7ffffffeffff
N??CA?_cEOL?D_@WEA?	46	7ffffffeffff
N??CA?_cEOL?D_@WDA?	46	fffffffefffe
N??CA?_cEOL?D_@WCa?	46	3fffffffffff
N??CA?_cEOL?D_@WCQ?	46	7ffffffdffff
N??CA?_cEOL?D_@WCI?	46	7fffffffff7f
N??CA?_cEOL?D_@W@E?	46	7ffffffff7ff
N??CA?_cEOL?D_@W?e?	46	3fffffffffff
N??CA?_cEOL?D_@W?M?	46	7ffffffeffff
N??CA?_cEOL?@oDGE_?	46	3fffffffffff
N??CA?_cEOL?@oDGEO?	46	3fffffffffff
N??CA?_cEOL?@oDG@g?	46	3fffffffffff
N??CA?_cEOL?@oDG?w?	46	3fffffffffff
N??CA?_cEOL?@oDGBC?	46	7ffffffff7ff
N??CA?_cEOL?@oDGAc?	46	3fffffffffff
N??CA?_cEOL?@oDG@c?	46	3fffffffffff
N??CA?_cEOL?@oDGAS?	46	3fffffffffff
N??CA?_cEOL?@oDG@S?	46	3fffffffffff
N??CA?_cEOL?@oDGAK?	46	3fffffffffff
N??CA?_cEOL?@oDG@K?	46	3fffffffffff
N??CA?_cEOL?@oDGDA?	46	fffffffff7fb
N??CA?_cEOL?@oDGCa?	46	3fffffffffff
N??CA?_cEOL?@oDGCQ?	46	7ffffffffeff
N??CA?_cEOL?@oDGCI?	46	7ffffffffeff
N??CA?_cEOL?@oDG@I?	46	ffffffffe7ff
N??CA?_cEOL?@oDG@E?	46	7ffffffdffff
N??CA?_cEOL?@oDG?e?	46	3fffffffffff
N??CA?_cEOL?@oDG?M?	46	3fffffffffff
N??CA?_cEOL?@gDOE_?	46	3fffffffffff
N??CA?_cEOL?@gDOEO?	46	3fffffffffff
N??CA?_cEOL?@gDOCo?	46	3fffffffffff
N??CA?_cEOL?@gDOAo?	46	3fffffffffff
N??CA?_cEOL?@gDO@o?	46	3fffffffffff
N??CA?_cEOL?@gDOEG?	46	7ffffffff7ff
N??CA?_cEOL?@gDO?w?	46	3fffffffffff
N??CA?_cEOL?@gDODC?	46	fffffffff7fd
N??CA?_cEOL?@gDOBC?	46	3fffffffffff
N??CA?_cEOL?@gDOAc?	46	3fffffffffff
N??CA?_cEOL?@gDOAS?	46	3fffffffffff
N??CA?_cEOL?@gDO?s?	46	3fffffffffff
N??CA?_cEOL?@gDOAK?	46	3fffffffffff
N??CA?_cEOL?@gDO@K?	46	3fffffffffff
N??CA?_cEOL?@gDO?k?	46	3fffffffffff
N??CA?_cEOL?@gDO?[?	46	3fffffffffff
N??CA?_cEOL?@gDOEA?	46	7fffffffefff
N??CA?_cEOL?@gDODA?	46	ffffffffeffd
N??CA?_cEOL?@gDOCa?	46	3fffffffffff
N??CA?_cEOL?@gDOCQ?	46	7fffffffff7f
N??CA?_cEOL?@gDOCI?	46	7ffffffdffff
N??CA?_cEOL?@gDO@E?	46	7fffffffefff
N??CA?_cEOL?@gDO?e?	46	3fffffffffff
N??CA?_cEOL?@gDO?U?	46	7ffffffeffff
N??CA?_cEOL?@gDO?M?	46	3fffffffffff
N??CA?_cEOJ?H_@WF??	46	7fffffffff7f
N??CA?_cEOJ?H_@WE_?	46	3fffffffffff
N??CA?_cEOJ?H_@WD_?	46	3fffffffffff
N??CA?_cEOJ?H_@WEO?	46	7ffffffff7ff
N??CA?_cEOJ?H_@WDO?	46	7ffffffff7ff
N??CA?_cEOJ?H_@WCo?	46	3fffffffffff
N??CA?_cEOJ?H_@WAo?	46	3fffffffffff
N??CA?_cEOJ?H_@W@o?	46	3fffffffffff
N??CA?_cEOJ?H_@WCW?	46	3fffffffffff
N??CA?_cEOJ?H_@WEC?	46	3fffffffffff
N??CA?_cEOJ?H_@WDC?	46	3fffffffffff
N??CA?_cEOJ?H_@WBC?	46	7ffffffffffe
N??CA?_cEOJ?H_@WAc?	46	3fffffffffff
N??CA?_cEOJ?H_@WAS?	46	3fffffffffff
N??CA?_cEOJ?H_@W@S?	46	3fffffffffff
N??CA?_cEOJ?H_@WAK?	46	7fffffffff7f
N??CA?_cEOJ?H_@W@K?	46	7fffffffff7f
N??CA?_cEOJ?H_@WEA?	46	7ffffffeffff
N??CA?_cEOJ?H_@WDA?	46	7ffffffeffff
N??CA?_cEOJ?H_@WCa?	46	3fffffffffff
N??CA?_cEOJ?H_@WCQ?	46	7ffffffdffff
N??CA?_cEOJ?H_@W@Q?	46	3fffffffdf6fe
N??CA?_cEOJ?H_@WCI?	46	3fffffffffff
N??CA?_cEOJ?H_@W?i?	46	3fffffffffff
N??CA?_cEOJ?H_@WCE?	46	3fffffffffff
N??CA?_cEOJ?H_@WAE?	46	7fffffffff7f
N??CA?_cEOJ?H_@W@E?	46	7fffffffff7f
N??CA?_cEOJ?H_@W?e?	46	3fffffffffff
N??CA?_cEOJ?H_@W?M?	46	7fffffff7fff
N??CA?_cEOJ?@oHGF??	46	ffffffffeffe
N??CA?_cEOJ?@oHGE_?	46	7ffffffff7ff
N??CA?_cEOJ?@oHGD_?	46	7ffffffff7ff
N??CA?_cEOJ?@oHGEO?	46	3fffffffffff
N??CA?_cEOJ?@oHGDO?	46	3fffffffffff
N??CA?_cEOJ?@oHGCW?	46	3fffffffffff
N??CA?_cEOJ?@oHGEA?	46	fffffffff77f
N??CA?_cEOJ?@oHGDA?	46	fffffffff77f
N??CA?_cEOJ?@oHGCa?	46	7ffffffdffff
N??CA?_cEOJ?@oHGCI?	46	3fffffffffff
N??CA?_cEOJ?@oHGCE?	46	7ffffffdffff
N??CA?_cEOK_F??wF??	46	7ffffffff7ff
N??CA?_cEOK_F??wEO?	46	3fffffffffff
N??CA?_cEOK_F??wDO?	46	3fffffffffff
N??CA?_cEOK_F??wAW?	46	3fffffffffff
N??CA?_cEOK_F??wBC?	46	3fffffffffff
N??CA?_cEOK_F??wEA?	46	7ffffffdffff
N??CA?_cEOK_E_@WF??	46	7fffffffff7f
N??CA?_cEOK_E_@WEG?	46	3fffffffffff
N??CA?_cEOK_E_@WDG?	46	7ffffffffeff
N??CA?_cEOK_E_@WBG?	46	7ffffffffffd
N??CA?_cEOK_E_@WBC?	46	3fffffffffff
N??CA?_cEOK_E_@WEA?	46	7ffffffeffff
N??CA?_cEOK_E_@WDA?	46	7ffffffeffff
N??CA?_cEOK_E_@WCa?	46	7ffffffffffe
N??CA?_cEOK_D_AWF??	46	3fffffffffff
N??CA?_cEOK_D_AWE_?	46	7fffffffff7f
N??CA?_cEOK_D_AWB_?	46	3fffffffffff
N??CA?_cEOK_D_AWDO?	46	3fffffffffff
N??CA?_cEOK_D_AWAo?	46	ffffffffe7ff
N??CA?_cEOK_D_AWEG?	46	3fffffffffff
N??CA?_cEOK_D_AWAg?	46	3fffffffffff
N??CA?_cEOK_D_AW?w?	46	3fffffffffff
N??CA?_cEOK_D_AWBC?	46	3fffffffffff
N??CA?_cEOK_D_AWAc?	46	3fffffffffff
N??CA?_cEOK_D_AWAS?	46	3fffffffffff
N??CA?_cEOK_D_AW?s?	46	3fffffffffff
N??CA?_cEOK_D_AWAK?	46	3fffffffffff
N??CA?_cEOK_D_AWEA?	46	7fffffff7fff
N??CA?_cEOK_D_AWDA?	46	7ffffffffffe
N??CA?_cEOK_D_AWCQ?	46	7ffffffeffff
N??CA?_cEOK_D_AWCI?	46	7fffffffff7f
N??CA?_cEOK_D_AW@I?	46	7ffffffff7ff
N??CA?_cEOK_D_AW?i?	46	3fffffffffff
N??CA?_cEOK_D_AW?e?	46	3fffffffffff
N??CA?_cEOK_D_AW?M?	46	7ffffffeffff
N??CA?_cEOK_B_CWF??	46	3fffffffffff
N??CA?_cEOK_B_CWB_?	46	3fffffffffff
N??CA?_cEOK_B_CWEO?	46	3fffffffffff
N??CA?_cEOK_B_CWDO?	46	fffffffff77f
N??CA?_cEOK_B_CW@o?	46	3ffffffffe67f
N??CA?_cEOK_B_CWEG?	46	7ffffffffffe
N??CA?_cEOK_B_CWDG?	46	3fffffffffff
N??CA?_cEOK_B_CWAg?	46	3fffffffffff
N??CA?_cEOK_B_CW@g?	46	3fffffffffff
N??CA?_cEOK_B_CWAW?	46	3fffffffffff
N??CA?_cEOK_B_CW@W?	46	3fffffffffff
N??CA?_cEOK_B_CWBC?	46	3fffffffffff
N??CA?_cEOK_B_CWAc?	46	3fffffffffff
N??CA?_cEOK_B_CWAS?	46	3fffffffffff
N??CA?_cEOK_B_CW@S?	46	3fffffffffff
N??CA?_cEOK_B_CWAK?	46	7ffffffff7ff
N??CA?_cEOK_B_CWDA?	46	7fffffff7fff
N??CA?_cEOK_B_CWCa?	46	7fffffff7fff
N??CA?_cEOK_B_CWCQ?	46	7fffffff7fff
N??CA?_cEOK_B_CW@I?	46	3fffffffffff
N??CA?_cEOK_B_CW?i?	46	3fffffffffff
N??CA?_cEOK_B_CWAE?	46	7ffffffff7ff
N??CA?_cEOK_B_CW@E?	46	3fffffffffff
N??CA?_cEOK_B_CW?e?	46	3fffffffffff
N??CA?_cEOK_B_CW?M?	46	7ffffffdffff
N??CA?_cEOK_DOAgF??	46	3fffffffffff
N??CA?_cEOK_DOAgEO?	46	3fffffffffff
N??CA?_cEOK_DOAgAo?	46	3fffffffffff
N??CA?_cEOK_DOAg@o?	46	3fffffffffff
N??CA?_cEOK_DOAgAg?	46	ffffffffe7ff
N??CA?_cEOK_DOAgBC?	46	3fffffffffff
N??CA?_cEOK_DOAgEA?	46	7ffffffffeff
N??CA?_cEOK_DOAgCa?	46	7fffffffefff
N??CA?_cEOK_BOCgF??	46	3fffffffffff
N??CA?_cEOK_BOCgEO?	46	7ffffffffffe
N??CA?_cEOK_BOCgDO?	46	3fffffffffff
N??CA?_cEOK_BOCgAo?	46	3fffffffffff
N??CA?_cEOK_BOCgEG?	46	3fffffffffff
N??CA?_cEOK_BOCgAW?	46	3fffffffffff
N??CA?_cEOK_BOCg@W?	46	3fffffffffff
N??CA?_cEOK_BOCgEC?	46	7ffffffffffd
N??CA?_cEOK_BOCgBC?	46	3fffffffffff
N??CA?_cEOK_BOCgAc?	46	3fffffffffff
N??CA?_cEOK_BOCgAS?	46	7ffffffff7ff
N??CA?_cEOK_BOCg@S?	46	3fffffffffff
N??CA?_cEOK_BOCg?s?	46	3fffffffffff
N??CA?_cEOK_BOCgAK?	46	3fffffffffff
N??CA?_cEOK_BOCg@K?	46	7ffffffeffff
N??CA?_cEOK_BOCgEA?	46	7ffffffffffd
N??CA?_cEOK_BOCgDA?	46	7ffffffffeff
N??CA?_cEOK_BOCgCa?	46	7ffffffffeff
N??CA?_cEOK_BOCgCI?	46	7fffffff7fff
N??CA?_cEOK_BOCg@I?	46	fffffffef7ff
N??CA?_cEOK_BOCgAE?	46	7fffffffefff
N??CA?_cEOK_BOCg@E?	46	3fffffffffff
N??CA?_cEOK_BOCg?e?	46	3fffffffffff
N??CA?_cEOK_BOCg?M?	46	3fffffffffff
N??CA?_cEOK_CoBGF??	46	3fffffffffff
N??CA?_cEOK_CoBGDO?	46	3fffffffffff
N??CA?_cEOK_CoBG@o?	46	3fffffffffff
N??CA?_cEOK_CoBGEG?	46	7ffffffffffd
N??CA?_cEOK_CoBGBG?	46	7ffffffffffd
N??CA?_cEOK_CoBGAW?	46	3ffffffffe67f
N??CA?_cEOK_CoBGBC?	46	3fffffffffff
N??CA?_cEOK_CoBGEA?	46	7ffffffffffb
N??CA?_cEOI_J??wF??	46	7ffffffff7ff
N??CA?_cEOI_J??wE_?	46	7ffffffff7ff
N??CA?_cEOI_J??wEO?	46	3fffffffffff
N??CA?_cEOI_J??wCo?	46	3fffffffffff
N??CA?_cEOI_J??w@o?	46	3fffffffffff
N??CA?_cEOI_J??wCW?	46	3fffffffffff
N??CA?_cEOI_J??wEC?	46	3fffffffffff
N??CA?_cEOI_J??wBC?	46	3fffffffffff
N??CA?_cEOI_J??wAK?	46	7ffffffffffe
N??CA?_cEOI_I_@WF??	46	7fffffffff7f
N??CA?_cEOI_I_@WDO?	46	7ffffffff7ff
N??CA?_cEOI_I_@WCo?	46	3fffffffffff
N??CA?_cEOI_I_@W@o?	46	3fffffffffff
N??CA?_cEOI_I_@WCg?	46	3fffffffffff
N??CA?_cEOI_I_@WEC?	46	3fffffffffff
N??CA?_cEOI_I_@WBC?	46	3fffffffffff
N??CA?_cEOI_I_@WAS?	46	3fffffffffff
N??CA?_cEOI_H_AWF??	46	3fffffffffff
N??CA?_cEOI_H_AWD_?	46	3fffffffffff
N??CA?_cEOI_H_AWDO?	46	3fffffffffff
N??CA?_cEOI_H_AWCo?	46	7ffffffff7ff
N??CA?_cEOI_H_AW@o?	46	3fffffffffff
N??CA?_cEOI_H_AWEG?	46	3fffffffffff
N??CA?_cEOI_H_AWDG?	46	3fffffffffff
N??CA?_cEOI_H_AWEC?	46	3fffffffffff
N??CA?_cEOI_H_AWBC?	46	7ffffffffffe
N??CA?_cEOI_H_AWAS?	46	3fffffffffff
N??CA?_cEOI_B_GWF??	46	3fffffffffff
N??CA?_cEOI_B_GWD_?	46	3fffffffffff
N??CA?_cEOI_B_GWEO?	46	3fffffffffff
N??CA?_cEOI_B_GWDO?	46	3fffffffffff
N??CA?_cEOI_B_GWEG?	46	7ffffffffffe
N??CA?_cEOI_B_GWEC?	46	7ffffffffffe
N??CA?_cEOI_B_GWDA?	46	3fffffffffff
N??CA?_cEOI_B_GWCa?	46	3fffffffffff
N??CA?_cEOI_B_GWCI?	46	7ffffffff7ff
N??CA?_cEOI_BOGgF??	46	3fffffffffff
N??CA?_cEOI_BOGgEO?	46	7ffffffffffe
N??CA?_cEOI_BOGgDO?	46	3fffffffffff
N??CA?_cEOI_BOGgEG?	46	3fffffffffff
N??CA?_cEOI_BOGgDG?	46	3fffffffffff
N??CA?_cEOI_BOGgCW?	46	3fffffffffff
N??CA?_cEOI_BOGgEC?	46	7ffffffffffd
N??CA?_cEOI_BOGgDA?	46	3fffffffffff
N??CA?_cEOI_BOGgCa?	46	3fffffffffff
N??CA?_cEOI_BOGgCQ?	46	7ffffffff7ff
N??CA?_cEOI_BOGgCI?	46	3fffffffffff
N??CA?_cEOI_BOGgCE?	46	7fffffffefff
N??CA?_cEOE_CWB_L??	46	3fffffffffff
N??CA?_cEOE_CWB_K_?	46	3fffffffffff
N??CA?_cEOE_CWB_H_?	46	3fffffffffff
N??CA?_cEOE_CWB_KO?	46	3fffffffffff
N??CA?_cEOE_CWB_HG?	46	3fffffffffff
N??CA?_cEOE_CWB_DG?	46	3fffffffffff
N??CA?_cEOE_CWB_Cg?	46	3fffffffffff
N??CA?_cEOE_CWB_CW?	46	3fffffffffff
N??CA?_cEOE_CWB_HC?	46	3fffffffffff
N??CA?_cEOE_CWB_Gc?	46	3fffffffffff
N??CA?_cEOE_CWB_Cc?	46	3fffffffffff
N??CA?_cEOE_CWB_GS?	46	3fffffffffff
N??CA?_cEOE_CWB_KA?	46	7ffffffffffe
N??CA?_cEOE_CWB_DA?	46	3fffffffffff
N??CA?_cEOE_CWB_Ga?	46	3fffffffffff
N??CA?_cEOE_CWB_Ca?	46	3fffffffffff
N??CA?_cEOE_CWB_GQ?	46	3fffffffffff
N??CA?_cEOE_CWB_CQ?	46	3fffffffffff
N??CA?_cEOE_CWB_@I?	46	3fffffffffff
N??CA?_cEOE_CWB_?i?	46	3fffffffffff
N??CA?_cEOE_CWB_GE?	46	7ffffffff7ff
N??CA?_cEOE_CWB_@E?	46	3fffffffffff
N??CA?_cEOE_CWB_?e?	46	3fffffffffff
N??CA?_cEOE_CWB_?M?	46	7ffffffdffff
N??CA?_cEOD_D_@WM??	46	3fffffffffff
N??CA?_cEOD_D_@WL??	46	7ffffffffffb
N??CA?_cEOD_D_@WJ??	46	3fffffffffff
N??CA?_cEOD_D_@WF??	46	3fffffffffff
N??CA?_cEOD_D_@WKO?	46	3fffffffffff
N??CA?_cEOD_D_@WIO?	46	3fffffffffff
N??CA?_cEOD_D_@WEO?	46	3fffffffffff
N??CA?_cEOD_D_@WIG?	46	3fffffffffff
N??CA?_cEOD_D_@WEG?	46	3fffffffffff
N??CA?_cEOD_D_@WDG?	46	7fffffffefff
N??CA?_cEOD_D_@WBG?	46	3fffffffffff
N??CA?_cEOD_D_@WGW?	46	3fffffffffff
N??CA?_cEOD_D_@WAW?	46	3fffffffffff
N??CA?_cEOD_D_@WIC?	46	3fffffffffff
N??CA?_cEOD_D_@WBC?	46	3fffffffffff
N??CA?_cEOD_D_@WGS?	46	3fffffffffff
N??CA?_cEOD_D_@WAS?	46	3fffffffffff
N??CA?_cEOD_D_@WAK?	46	3fffffffffff
N??CA?_cEOD_D_@W@K?	46	7ffffffdffff
N??CA?_cEOD_D_@W?[?	46	3fffffffffff
N??CA?_cEOD_D_@WKA?	46	3fffffffffff
N??CA?_cEOD_D_@WHA?	46	3fffffffffff
N??CA?_cEOD_D_@WDA?	46	3fffffffffff
N??CA?_cEOD_D_@WGQ?	46	3fffffffffff
N??CA?_cEOD_D_@WCI?	46	3fffffffffff
N??CA?_cEOD_D_@W@I?	46	3fffffffffff
N??CA?_cEOD_D_@W?Y?	46	3fffffffffff
N??CA?_cEOD_D_@WGE?	46	3fffffffffff
N??CA?_cEOD_D_@WCE?	46	3fffffffffff
N??CA?_cEOD_D_@W@E?	46	3fffffffffff
N??CA?_cEOD_D_@W?U?	46	3fffffffffff
N??CA?_cEOD_D_@W?M?	46	3fffffffffff
N??CA?_cEOD_KO@gJ??	46	7ffffffffffd
N??CA?_cEOD_KO@gI_?	46	3fffffffffff
N??CA?_cEOD_KO@gH_?	46	3fffffffffff
N??CA?_cEOD_KO@gIO?	46	3fffffffffff
N??CA?_cEOD_KO@g@g?	46	3fffffffffff
N??CA?_cEOD_KO@gIC?	46	3fffffffffff
N??CA?_cEOD_KO@gHC?	46	3fffffffffff
N??CA?_cEOD_KO@gBC?	46	3fffffffffff
N??CA?_cEOD_KO@g@c?	46	3fffffffffff
N??CA?_cEOD_KO@gGS?	46	3fffffffffff
N??CA?_cEOD_KO@g?s?	46	3fffffffffff
N??CA?_cEOD_KO@gGK?	46	3fffffffffff
N??CA?_cEOD_KO@gAK?	46	3fffffffffff
N??CA?_cEOD_KO@g?[?	46	3fffffffffff
N??CA?_cEOD_KO@gGa?	46	3fffffffffff
N??CA?_cEOD_KO@g@a?	46	3fffffffffff
N??CA?_cEOD_KO@gGQ?	46	3fffffffffff
N??CA?_cEOD_KO@g@I?	46	7ffffffdffff
N??CA?_cEOD_KO@g?i?	46	3fffffffffff
N??CA?_cEOD_KO@g?Y?	46	3fffffffffff
N??CA?_cEOD_KO@gGE?	46	3fffffffffff
N??CA?_cEOD_KO@gAE?	46	3fffffffffff
N??CA?_cEOD_KO@g@E?	46	3fffffffffff
N??CA?_cEOD_KO@g?U?	46	3fffffffffff
N??CA?_cEOD_KO@g?M?	46	3fffffffffff
N??CA?_cEOD_EO@gM??	46	7ffffffffffd
N??CA?_cEOD_EO@gK_?	46	3fffffffffff
N??CA?_cEOD_EO@gI_?	46	3fffffffffff
N??CA?_cEOD_EO@gE_?	46	3fffffffffff
N??CA?_cEOD_EO@gKO?	46	3fffffffffff
N??CA?_cEOD_EO@gIO?	46	7ffffffffffd
N??CA?_cEOD_EO@gEO?	46	3fffffffffff
N??CA?_cEOD_EO@gKG?	46	7ffffffff7ff
N??CA?_cEOD_EO@gEG?	46	7ffffffff7ff
N??CA?_cEOD_EO@gCg?	46	3fffffffffff
N??CA?_cEOD_EO@gAW?	46	7ffffffff7ff
N??CA?_cEOD_EO@gKC?	46	3fffffffffff
N??CA?_cEOD_EO@gIC?	46	3fffffffffff
N??CA?_cEOD_EO@gEC?	46	3fffffffffff
N??CA?_cEOD_EO@gCc?	46	3fffffffffff
N??CA?_cEOD_EO@gGS?	46	3fffffffffff
N??CA?_cEOD_EO@gAS?	46	3fffffffffff
N??CA?_cEOD_EO@gAK?	46	3fffffffffff
N??CA?_cEOD_EO@g?[?	46	3fffffffffff
N??CA?_cEOD_EO@gKA?	46	7fffffffefff
N??CA?_cEOD_EO@gEA?	46	7fffffffefff
N??CA?_cEOD_EO@gCa?	46	3fffffffffff
N??CA?_cEOD_EO@gAa?	46	3fffffffffff
N??CA?_cEOD_EO@gGQ?	46	7ffffffffeff
N??CA?_cEOD_EO@gCQ?	46	3fffffffffff
N??CA?_cEOD_EO@gCI?	46	7ffffffdffff
N??CA?_cEOD_EO@g?i?	46	3fffffffffff
N??CA?_cEOD_EO@gGE?	46	3fffffffffff
N??CA?_cEOD_EO@gCE?	46	3fffffffffff
N??CA?_cEOD_EO@g?U?	46	3fffffffffff
N??CA?_cEOD_EO@g?M?	46	3fffffffffff
N??CA?_cEOD_@oDGM??	46	3fffffffffff
N??CA?_cEOD_@oDGL??	46	3fffffffffff
N??CA?_cEOD_@oDGJ??	46	3fffffffffff
N??CA?_cEOD_@oDGF??	46	3fffffffffff
N??CA?_cEOD_@oDGIO?	46	3fffffffffff
N??CA?_cEOD_@oDGEO?	46	3fffffffffff
N??CA?_cEOD_@oDGEG?	46	3fffffffffff
N??CA?_cEOD_@oDGDG?	46	3fffffffffff
N??CA?_cEOD_@oDGBG?	46	3fffffffffff
N??CA?_cEOD_@oDGCW?	46	3fffffffffff
N??CA?_cEOD_@oDGAW?	46	3fffffffffff
N??CA?_cEOD_@oDG@W?	46	3fffffffffff
N??CA?_cEOD_@oDGIC?	46	3fffffffffff
N??CA?_cEOD_@oDGHC?	46	3fffffffffff
N??CA?_cEOD_@oDGGS?	46	3fffffffffff
N??CA?_cEOD_@oDGAS?	46	3fffffffffff
N??CA?_cEOD_@oDGAK?	46	3fffffffffff
N??CA?_cEOD_@oDG?[?	46	3fffffffffff
N??CA?_cEOD_@oDGKA?	46	3fffffffffff
N??CA?_cEOD_@oDGIA?	46	3fffffffffff
N??CA?_cEOD_@oDGHA?	46	3fffffffffff
N??CA?_cEOD_@oDGDA?	46	3fffffffffff
N??CA?_cEOD_@oDGCQ?	46	3fffffffffff
N??CA?_cEOD_@oDGGI?	46	3fffffffffff
N??CA?_cEOD_@oDGCI?	46	3fffffffffff
N??CA?_cEOD_@oDG@I?	46	3fffffffffff
N??CA?_cEOD_@oDG?Y?	46	3fffffffffff
N??CA?_cEOD_@oDGGE?	46	3fffffffffff
N??CA?_cEOD_@oDG?U?	46	3fffffffffff
N??CA?_cEOD_@oDG?M?	46	3fffffffffff
N??CA?_cEOD_EG@oM??	46	7ffffffffffe
N??CA?_cEOD_EG@oK_?	46	3fffffffffff
N??CA?_cEOD_EG@oI_?	46	3fffffffffff
N??CA?_cEOD_EG@oE_?	46	3fffffffffff
N??CA?_cEOD_EG@oKO?	46	3fffffffffff
N??CA?_cEOD_EG@oIO?	46	3fffffffffff
N??CA?_cEOD_EG@oEO?	46	3fffffffffff
N??CA?_cEOD_EG@oKG?	46	3fffffffffff
N??CA?_cEOD_EG@oEG?	46	3fffffffffff
N??CA?_cEOD_EG@oCg?	46	3fffffffffff
N??CA?_cEOD_EG@oAg?	46	3fffffffffff
N??CA?_cEOD_EG@oAW?	46	3fffffffffff
N??CA?_cEOD_EG@o?w?	46	3fffffffffff
N??CA?_cEOD_EG@oIC?	46	7ffffffff7ff
N??CA?_cEOD_EG@oGc?	46	3fffffffffff
N??CA?_cEOD_EG@oAc?	46	3fffffffffff
N??CA?_cEOD_EG@oGS?	46	3fffffffffff
N??CA?_cEOD_EG@oAS?	46	3fffffffffff
N??CA?_cEOD_EG@oAK?	46	3fffffffffff
N??CA?_cEOD_EG@o?[?	46	3fffffffffff
N??CA?_cEOD_EG@oKA?	46	7ffffffff7ff
N??CA?_cEOD_EG@oGa?	46	3fffffffffff
N??CA?_cEOD_EG@oCa?	46	3fffffffffff
N??CA?_cEOD_EG@oGQ?	46	3fffffffffff
N??CA?_cEOD_EG@oCQ?	46	3fffffffffff
N??CA?_cEOD_EG@oGI?	46	3fffffffffff
N??CA?_cEOD_EG@oCI?	46	3fffffffffff
N??CA?_cEOD_EG@oAI?	46	3fffffffffff
N??CA?_cEOD_EG@o?i?	46	3fffffffffff
N??CA?_cEOD_EG@oGE?	46	7ffffffdffff
N??CA?_cEOD_EG@o?U?	46	3fffffffffff
N??CA?_cEOD_EG@o?M?	46	3fffffffffff
N??CA?_cEOD_@gDOM??	46	3fffffffffff
N??CA?_cEOD_@gDOL??	46	3fffffffffff
N??CA?_cEOD_@gDOJ??	46	3fffffffffff
N??CA?_cEOD_@gDOF??	46	3fffffffffff
N??CA?_cEOD_@gDOIO?	46	3fffffffffff
N??CA?_cEOD_@gDOEG?	46	3fffffffffff
N??CA?_cEOD_@gDODG?	46	3fffffffffff
N??CA?_cEOD_@gDOBG?	46	3fffffffffff
N??CA?_cEOD_@gDOGW?	46	3fffffffffff
N??CA?_cEOD_@gDOIC?	46	3fffffffffff
N??CA?_cEOD_@gDOGS?	46	3fffffffffff
N??CA?_cEOD_@gDOGK?	46	3fffffffffff
N??CA?_cEOD_@gDOKA?	46	3fffffffffff
N??CA?_cEOD_AWD_M??	46	3fffffffffff
N??CA?_cEOD_AWD_K_?	46	7ffffffffffb
N??CA?_cEOD_AWD_I_?	46	3fffffffffff
N??CA?_cEOD_AWD_E_?	46	3fffffffffff
N??CA?_cEOD_AWD_KO?	46	3fffffffffff
N??CA?_cEOD_AWD_Ag?	46	3fffffffffff
N??CA?_cEOD_AWD_AW?	46	3fffffffffff
N??CA?_cEOD_AWD_IC?	46	3fffffffffff
N??CA?_cEOD_AWD_Gc?	46	7fffffffefff
N??CA?_cEOD_AWD_Ac?	46	3fffffffffff
N??CA?_cEOD_AWD_GS?	46	3fffffffffff
N??CA?_cEOD_AWD_AK?	46	3fffffffffff
N??CA?_cEOD_AWD_KA?	46	7ffffffffffe
N??CA?_cEOD_AWD_EA?	46	3fffffffffff
N??CA?_cEOD_AWD_Ca?	46	3fffffffffff
N??CA?_cEOD_AWD_GQ?	46	3fffffffffff
N??CA?_cEOD_AWD_CQ?	46	3fffffffffff
N??CA?_cEOD_AWD_AQ?	46	3fffffffffff
N??CA?_cEOD_AWD_GI?	46	7ffffffff7ff
N??CA?_cEOD_AWD_CI?	46	7ffffffff7ff
N??CA?_cEOD_AWD_AI?	46	3fffffffffff
N??CA?_cEOD_AWD_?i?	46	3fffffffffff
N??CA?_cEOD_AWD_?Y?	46	3fffffffffff
N??CA?_cEOD_AWD_GE?	46	7ffffffff7ff
N??CA?_cEOD_AWD_CE?	46	7ffffffff7ff
N??CA?_cEOD_AWD_?e?	46	3fffffffffff
N??CA?_cEOD_AWD_?U?	46	3fffffffffff
N??CA?_cEOD_AWD_?M?	46	7ffffffdffff
N??CA?_cEOB_KO@gL??	46	7ffffffffffd
N??CA?_cEOB_KO@gK_?	46	3fffffffffff
N??CA?_cEOB_KO@gH_?	46	3fffffffffff
N??CA?_cEOB_KO@gD_?	46	3fffffffffff
N??CA?_cEOB_KO@gKO?	46	3fffffffffff
N??CA?_cEOB_KO@g@g?	46	3fffffffffff
N??CA?_cEOB_KO@gKC?	46	3fffffffffff
N??CA?_cEOB_KO@gHC?	46	3fffffffffff
N??CA?_cEOB_KO@gGc?	46	3fffffffffff
N??CA?_cEOB_KO@g@c?	46	3fffffffffff
N??CA?_cEOB_KO@gGS?	46	3fffffffffff
N??CA?_cEOB_KO@gGK?	46	3fffffffffff
N??CA?_cEOB_KO@g?[?	46	3fffffffffff
N??CA?_cEOB_KO@gKA?	46	7fffffffefff
N??CA?_cEOB_KO@gGa?	46	3fffffffffff
N??CA?_cEOB_KO@gGQ?	46	3fffffffffff
N??CA?_cEOB_KO@gCI?	46	7ffffffdffff
N??CA?_cEOB_KO@gGE?	46	3fffffffffff
N??CA?_cEOB_KO@gCE?	46	3fffffffffff
N??CA?_cEOB_KO@g@E?	46	3fffffffffff
N??CA?_cEOB_KO@g?U?	46	3fffffffffff
N??CA?_cEOB_KO@g?M?	46	3fffffffffff
N??CA?_cEOB_IO@gM??	46	7ffffffffffd
N??CA?_cEOB_IO@gK_?	46	3fffffffffff
N??CA?_cEOB_IO@gI_?	46	3fffffffffff
N??CA?_cEOB_IO@gE_?	46	3fffffffffff
N??CA?_cEOB_IO@gKO?	46	3fffffffffff
N??CA?_cEOB_IO@gEO?	46	3fffffffffff
N??CA?_cEOB_IO@gAo?	46	3fffffffffff
N??CA?_cEOB_IO@gIG?	46	ffffffffe7ff
N??CA?_cEOB_IO@gEG?	46	7ffffffff7ff
N??CA?_cEOB_IO@gAg?	46	3fffffffffff
N??CA?_cEOB_IO@gAW?	46	3fffffffffff
N??CA?_cEOB_IO@gIC?	46	3fffffffffff
N??CA?_cEOB_IO@gGc?	46	3fffffffffff
N??CA?_cEOB_IO@gAc?	46	3fffffffffff
N??CA?_cEOB_IO@gGS?	46	3fffffffffff
N??CA?_cEOB_IO@gGK?	46	3fffffffffff
N??CA?_cEOB_IO@gAK?	46	3fffffffffff
N??CA?_cEOB_IO@gKA?	46	7fffffffefff
N??CA?_cEOB_IO@gCa?	46	3fffffffffff
N??CA?_cEOB_IO@gGQ?	46	3fffffffffff
N??CA?_cEOB_IO@gCQ?	46	3fffffffffff
N??CA?_cEOB_IO@gAQ?	46	3fffffffffff
N??CA?_cEOB_IO@gCI?	46	7ffffffdffff
N??CA?_cEOB_IO@g?i?	46	3fffffffffff
N??CA?_cEOB_IO@g?Y?	46	3fffffffffff
N??CA?_cEOB_IO@gGE?	46	3fffffffffff
N??CA?_cEOB_IO@gCE?	46	3fffffffffff
N??CA?_cEOB_IO@gAE?	46	3fffffffffff
N??CA?_cEOB_IO@g?U?	46	3fffffffffff
N??CA?_cEOB_IO@g?M?	46	3fffffffffff
N??CA?_cEOB_@oHGM??	46	3fffffffffff
N??CA?_cEOB_@oHGL??	46	3fffffffffff
N??CA?_cEOB_@oHGF??	46	3fffffffffff
N??CA?_cEOB_@oHGEO?	46	3fffffffffff
N??CA?_cEOB_@oHGEG?	46	3fffffffffff
N??CA?_cEOB_@oHGKC?	46	3fffffffffff
N??CA?_cEOB_@oHGKA?	46	3fffffffffff
N??CA?_cEOB_KG@oL??	46	7ffffffffffe
N??CA?_cEOB_KG@oK_?	46	3fffffffffff
N??CA?_cEOB_KG@oKO?	46	3fffffffffff
N??CA?_cEOB_KG@oCW?	46	3fffffffffff
N??CA?_cEOB_KG@oKC?	46	7ffffffff7ff
N??CA?_cEOB_KG@oCK?	46	3fffffffffff
N??CA?_cEOB_KG@oKA?	46	7ffffffff7ff
N??CA?_cEOB_KG@oCQ?	46	3fffffffffff
N??CA?_cEOB_KG@oCI?	46	3fffffffffff
N??CA?_cEOB_IG@oM??	46	7ffffffffffe
N??CA?_cEOB_IG@oK_?	46	3fffffffffff
N??CA?_cEOB_IG@oE_?	46	3fffffffffff
N??CA?_cEOB_IG@oKO?	46	3fffffffffff
N??CA?_cEOB_IG@oEO?	46	3fffffffffff
N??CA?_cEOB_IG@oEG?	46	3fffffffffff
N??CA?_cEOB_IG@oEC?	46	ffffffffe7ff
N??CA?_cEOB_IG@oCK?	46	3fffffffffff
N??CA?_cEOB_IG@oKA?	46	7ffffffff7ff
N??CA?_cEOB_IG@oCQ?	46	3fffffffffff
N??CA?_cEOB_IG@oCI?	46	3fffffffffff
N??CA?_cEOB_IG@oCE?	46	fffffffdf7ff
N??CA?_cEOKOF?@WF??	46	7fffffffff7f
N??CA?_cEOKOF?@WE_?	46	3fffffffffff
N??CA?_cEOKOF?@WD_?	46	3fffffffffff
N??CA?_cEOKOF?@WB_?	46	3fffffffffff
N??CA?_cEOKOF?@WEO?	46	7ffffffff7ff
N??CA?_cEOKOF?@WAW?	46	3fffffffffff
N??CA?_cEOKOF?@WBC?	46	3fffffffffff
N??CA?_cEOKOF?@WAc?	46	3fffffffffff
N??CA?_cEOKOF?@WDA?	46	7ffffffeffff
N??CA?_cEOKOF?@WCa?	46	3fffffffffff
N??CA?_cEOKODOBGF??	46	3fffffffffff
N??CA?_cEOKODOBGE_?	46	3fffffffffff
N??CA?_cEOKODOBGEO?	46	7ffffffffffd
N??CA?_cEOKODOBG@o?	46	3fffffffffff
N??CA?_cEOKODOBGEG?	46	7ffffffffffd
N??CA?_cEOKODOBGBC?	46	3fffffffffff
N??CA?_cEOKODOBGAc?	46	3fffffffffff
N??CA?_cEOKODOBGDA?	46	7ffffffffffd
N??CA?_cEOKODOBGCa?	46	3fffffffffff
N??CA?_cEOKOBODGF??	46	3fffffffffff
N??CA?_cEOKOBODGE_?	46	3fffffffffff
N??CA?_cEOKOBODGEO?	46	7ffffffffffe
N??CA?_cEOKOBODGAo?	46	3fffffffffff
N??CA?_cEOKOBODGEG?	46	3fffffffffff
N??CA?_cEOKOBODGDG?	46	fffffffff7fd
N??CA?_cEOKOBODGAW?	46	3fffffffffff
N??CA?_cEOKOBODGBC?	46	3fffffffffff
N??CA?_cEOKOBODGAc?	46	3fffffffffff
N??CA?_cEOKOBODGDA?	46	7ffffffffffb
N??CA?_cEOKOBODGCa?	46	3fffffffffff
N??CA?_cEOIOJ?@WF??	46	7fffffffff7f
N??CA?_cEOIOJ?@WE_?	46	3fffffffffff
N??CA?_cEOIOJ?@WD_?	46	7ffffffffffb
N??CA?_cEOIOJ?@WB_?	46	3fffffffffff
N??CA?_cEOIOJ?@WCo?	46	3fffffffffff
N??CA?_cEOIOJ?@W@o?	46	3fffffffffff
N??CA?_cEOIOJ?@WBG?	46	7ffffffffffd
N??CA?_cEOIOJ?@WCW?	46	3fffffffffff
N??CA?_cEOIOJ?@WEC?	46	3fffffffffff
N??CA?_cEOIOJ?@WBC?	46	3fffffffffff
N??CA?_cEOIOJ?@WAc?	46	3fffffffffff
N??CA?_cEOIOJ?@WAK?	46	7ffffffffffe
N??CA?_cEOIOBOHGF??	46	3fffffffffff
N??CA?_cEOIOBOHGE_?	46	7fffffffff7f
N??CA?_cEOIOBOHGDO?	46	3fffffffffff
N??CA?_cEOIOBOHGCo?	46	7ffffffff7ff
N??CA?_cEOIOBOHGEG?	46	3fffffffffff
N??CA?_cEOIOBOHGDG?	46	7ffffffffeff
N??CA?_cEOIOBOHGEC?	46	7ffffffffffd
N??CA?_cEOAoKOBGL??	46	3fffffffffff
N??CA?_cEOAoKOBGK_?	46	3fffffffffff
N??CA?_cEOAoKOBGKO?	46	7ffffffffffd
N??CA?_cEOAoKOBGHG?	46	3fffffffffff
N??CA?_cEOAoKOBGKC?	46	3fffffffffff
N??CA?_cEOAoKOBGHC?	46	3fffffffffff
N??CA?_cEOAoKOBGGc?	46	3fffffffffff
N??CA?_cEOAoKOBG?s?	46	3fffffffffff
N??CA?_cEOAoKOBGGK?	46	3fffffffffff
N??CA?_cEOAoKOBG@K?	46	3fffffffffff
N??CA?_cEOAoKOBG?[?	46	3fffffffffff
N??CA?_cEOAoKOBGKA?	46	7ffffffffffb
N??CA?_cEOAoKOBGDA?	46	3fffffffffff
N??CA?_cEOAoKOBGCQ?	46	7fffffffefff
N??CA?_cEOAoKOBG@Q?	46	3fffffffffff
N??CA?_cEOAoKOBGCI?	46	7fffffffefff
N??CA?_cEOAoKOBG@I?	46	3fffffffffff
N??CA?_cEOAoKOBG?Y?	46	fffffffdff7f
N??CA?_cEOAoKOBGGE?	46	3fffffffffff
N??CA?_cEOAoKOBGCE?	46	3fffffffffff
N??CA?_cEOAoKOBG@E?	46	3fffffffffff
N??CA?_cEOAoKOBG?U?	46	3fffffffffff
N??CA?_cEOAoKOBG?M?	46	3fffffffffff
N??CA?_cEOAoBOHGM??	46	3fffffffffff
N??CA?_cEOAoBOHGKO?	46	3fffffffffff
N??CA?_cEOAoBOHGEO?	46	7ffffffffffe
N??CA?_cEOAoBOHGEG?	46	3fffffffffff
N??CA?_cEOAoBOHGKC?	46	7ffffffffeff
N??CA?_cEOAoBOHGEC?	46	7ffffffffffd
N??CA?_cEOAoBOHGKA?	46	3fffffffffff
N??CA?_cEOAoGoBGM??	46	7ffffffffffd
N??CA?_cEOAoGoBGL??	46	3fffffffffff
N??CA?_cEOAoGoBGK_?	46	3fffffffffff
N??CA?_cEOAoGoBGI_?	46	3fffffffffff
N??CA?_cEOAoGoBGE_?	46	3fffffffffff
N??CA?_cEOAoGoBGEG?	46	7ffffffff7ff
N??CA?_cEOAoGoBGDG?	46	3fffffffffff
N??CA?_cEOAoGoBGBG?	46	3fffffffffff
N??CA?_cEOAoGoBGGg?	46	3fffffffffff
N??CA?_cEOAoGoBGAg?	46	3fffffffffff
N??CA?_cEOAoGoBGIC?	46	3fffffffffff
N??CA?_cEOAoGoBGHC?	46	3fffffffffff
N??CA?_cEOAoGoBGGc?	46	3fffffffffff
N??CA?_cEOAoGoBGAc?	46	3fffffffffff
N??CA?_cEOAoGoBGGK?	46	3fffffffffff
N??CA?_cEOAoGoBGAK?	46	3fffffffffff
N??CA?_cEOAoGoBG@K?	46	3fffffffffff
N??CA?_cEOAoGoBG?k?	46	3fffffffffff
N??CA?_cEOAoGoBGKA?	46	7fffffffefff
N??CA?_cEOAoGoBGEA?	46	7fffffffefff
N??CA?_cEOAoGoBGHA?	46	3fffffffffff
N??CA?_cEOAoGoBGDA?	46	3fffffffffff
N??CA?_cEOAoGoBGGa?	46	3fffffffffff
N??CA?_cEOAoGoBGCa?	46	3fffffffffff
N??CA?_cEOAoGoBGCI?	46	7ffffffdffff
N??CA?_cEOAoGoBGAI?	46	fffffffdff7f
N??CA?_cEOAoGoBG@I?	46	3fffffffffff
N??CA?_cEOAoGoBG?i?	46	3fffffffffff
N??CA?_cEOAoGoBGGE?	46	3fffffffffff
N??CA?_cEOAoGoBGAE?	46	3fffffffffff
N??CA?_cEOAoGoBG@E?	46	3fffffffffff
N??CA?_cEOAoGoBG?e?	46	3fffffffffff
N??CA?_cEOAoGoBG?M?	46	3fffffffffff
N??CA?_cEOAoKGBOL??	46	3fffffffffff
N??CA?_cEOAoKGBOK_?	46	3fffffffffff
N??CA?_cEOAoKGBOD_?	46	3fffffffffff
N??CA?_cEOAoKGBOKO?	46	7ffffffffffe
N??CA?_cEOAoKGBODG?	46	3fffffffffff
N??CA?_cEOAoKGBOKC?	46	7ffffffffffd
N??CA?_cEOAoKGBODC?	46	3fffffffffff
N??CA?_cEOAoKGBOCK?	46	3fffffffffff
N??CA?_cEOAoKGBOKA?	46	7ffffffffffd
N??CA?_cEOAoKGBODA?	46	3fffffffffff
N??CA?_cEOAoKGBOCI?	46	3fffffffffff
N??CA?_cEOAoGgBOM??	46	7ffffffffffe
N??CA?_cEOAoGgBOL??	46	3fffffffffff
N??CA?_cEOAoGgBOK_?	46	3fffffffffff
N??CA?_cEOAoGgBOKG?	46	3fffffffffff
N??CA?_cEOAoGgBODG?	46	3fffffffffff
N??CA?_cEOAoGgBOCg?	46	3fffffffffff
N??CA?_cEOAoGgBOKC?	46	7ffffffff7ff
N??CA?_cEOAoGgBOKA?	46	7ffffffff7ff
N??CA?_cEOAoGgBODA?	46	3fffffffffff
N??CA?_cEOAoGgBOCa?	46	7fffffffff7f
N??CA?_cEOAoGgBOCI?	46	3fffffffffff
N??CA?_cEO@oM?@WM??	46	7fffffffff7f
N??CA?_cEO@oM?@WK_?	46	3fffffffffff
N??CA?_cEO@oM?@WI_?	46	3fffffffffff
N??CA?_cEO@oM?@WE_?	46	3fffffffffff
N??CA?_cEO@oM?@WKO?	46	7ffffffff7ff
N??CA?_cEO@oM?@WIO?	46	ffffffffe7ff
N??CA?_cEO@oM?@WEG?	46	3fffffffffff
N??CA?_cEO@oM?@WCg?	46	3fffffffffff
N??CA?_cEO@oM?@WAg?	46	3fffffffffff
N??CA?_cEO@oM?@WAW?	46	3fffffffffff
N??CA?_cEO@oM?@W?w?	46	3fffffffffff
N??CA?_cEO@oM?@WIC?	46	3fffffffffff
N??CA?_cEO@oM?@WGc?	46	3fffffffffff
N??CA?_cEO@oM?@WAc?	46	3fffffffffff
N??CA?_cEO@oM?@WGS?	46	3fffffffffff
N??CA?_cEO@oM?@WAS?	46	3fffffffffff
N??CA?_cEO@oM?@WGK?	46	3fffffffffff
N??CA?_cEO@oM?@WAK?	46	3fffffffffff
N??CA?_cEO@oM?@W?k?	46	3fffffffffff
N??CA?_cEO@oM?@WKA?	46	7ffffffeffff
N??CA?_cEO@oM?@WGa?	46	3fffffffffff
N??CA?_cEO@oM?@WGQ?	46	fffffffdf7ff
N??CA?_cEO@oM?@WCQ?	46	fffffffdefff
N??CA?_cEO@oM?@WGI?	46	3fffffffffff
N??CA?_cEO@oM?@WCI?	46	3fffffffffff
N??CA?_cEO@oM?@WAI?	46	3fffffffffff
N??CA?_cEO@oM?@W?Y?	46	3fffffffffff
N??CA?_cEO@oM?@WGE?	46	3fffffffffff
N??CA?_cEO@oM?@WAE?	46	3fffffffffff
N??CA?_cEO@oM?@W?e?	46	3fffffffffff
N??CA?_cEO@oM?@W?U?	46	3fffffffffff
N??CA?_cEO@oM?@W?M?	46	3fffffffffff
N??CA?_cEO@oL?@WM??	46	3fffffffffff
N??CA?_cEO@oL?@WL??	46	3fffffffffff
N??CA?_cEO@oL?@WJ??	46	3fffffffffff
N??CA?_cEO@oL?@WKO?	46	3fffffffffff
N??CA?_cEO@oL?@WBO?	46	3fffffffffff
N??CA?_cEO@oL?@WKG?	46	3fffffffffff
N??CA?_cEO@oL?@WIG?	46	3fffffffffff
N??CA?_cEO@oL?@WEG?	46	3fffffffffff
N??CA?_cEO@oL?@WDG?	46	3fffffffffff
N??CA?_cEO@oL?@WBG?	46	3fffffffffff
N??CA?_cEO@oL?@WCW?	46	3fffffffffff
N??CA?_cEO@oL?@WIC?	46	3fffffffffff
N??CA?_cEO@oL?@WHC?	46	3fffffffffff
N??CA?_cEO@oL?@WGK?	46	3fffffffffff
N??CA?_cEO@oL?@WKA?	46	3fffffffffff
N??CA?_cEO@oL?@WIA?	46	3fffffffffff
N??CA?_cEO@oL?@WHA?	46	3fffffffffff
N??CA?_cEO@oK_@WM??	46	7ffffffff7ff
N??CA?_cEO@oK_@WL??	46	7ffffffff7ff
N??CA?_cEO@oK_@WJ??	46	ffffffffe7ff
N??CA?_cEO@oK_@WK_?	46	3fffffffffff
N??CA?_cEO@oK_@WKG?	46	3fffffffffff
N??CA?_cEO@oK_@WIG?	46	3fffffffffff
N??CA?_cEO@oK_@WEG?	46	3fffffffffff
N??CA?_cEO@oK_@WBG?	46	3fffffffffff
N??CA?_cEO@oK_@WCg?	46	3fffffffffff
N??CA?_cEO@oK_@WAg?	46	3fffffffffff
N??CA?_cEO@oK_@W@g?	46	3fffffffffff
N??CA?_cEO@oK_@WKC?	46	3fffffffffff
N??CA?_cEO@oK_@WIC?	46	3fffffffffff
N??CA?_cEO@oK_@WHC?	46	3fffffffffff
N??CA?_cEO@oK_@WGK?	46	3fffffffffff
N??CA?_cEO@oK_@WCK?	46	3fffffffffff
N??CA?_cEO@oK_@WAK?	46	3fffffffffff
N??CA?_cEO@oK_@W?k?	46	3fffffffffff
N??CA?_cEO@oK_@WKA?	46	7ffffffdffff
N??CA?_cEO@oK_@WIA?	46	fffffffdf7ff
N??CA?_cEO@oK_@WHA?	46	fffffffdf7ff
N??CA?_cEO@oK_@WDA?	46	fffffffdefff
N??CA?_cEO@oK_@WGa?	46	3fffffffffff
N??CA?_cEO@oK_@WCa?	46	3fffffffffff
N??CA?_cEO@oK_@WCI?	46	3fffffffffff
N??CA?_cEO@oK_@W?i?	46	3fffffffffff
N??CA?_cEO@oK_@WGE?	46	3fffffffffff
N??CA?_cEO@oK_@WAE?	46	3fffffffffff
N??CA?_cEO@oK_@W@E?	46	3fffffffffff
N??CA?_cEO@oK_@W?e?	46	3fffffffffff
N??CA?_cEO@oK_@W?M?	46	3fffffffffff
N??CA?_cEO@oEOHGM??	46	3fffffffffff
N??CA?_cEO@oEOHGK_?	46	3fffffffffff
N??CA?_cEO@oEOHGE_?	46	3fffffffffff
N??CA?_cEO@oEOHGKO?	46	3fffffffffff
N??CA?_cEO@oEOHGEO?	46	3fffffffffff
N??CA?_cEO@oEOHGCo?	46	3fffffffffff
N??CA?_cEO@oEOHGEG?	46	3fffffffffff
N??CA?_cEO@oEOHGCg?	46	3fffffffffff
N??CA?_cEO@oEOHGKC?	46	3fffffffffff
N??CA?_cEO@oEOHGEC?	46	3fffffffffff
N??CA?_cEO@oEOHGCK?	46	3fffffffffff
N??CA?_cEO@oEOHGKA?	46	3fffffffffff
N??CA?_cEO@oEOHGCQ?	46	3fffffffffff
N??CA?_cEO@oEOHGCI?	46	3fffffffffff
N??CA?_cEO@oEOHGCE?	46	3fffffffffff
N??CA?_cEO@oIGDOM??	46	3fffffffffff
N??CA?_cEO@oIGDOK_?	46	3fffffffffff
N??CA?_cEO@oIGDOE_?	46	3fffffffffff
N??CA?_cEO@oIGDOKO?	46	fffffffff7fe
N??CA?_cEO@oIGDOEO?	46	3fffffffffff
N??CA?_cEO@oIGDOKG?	46	3fffffffffff
N??CA?_cEO@oIGDOEG?	46	3fffffffffff
N??CA?_cEO@oIGDOCS?	46	3ffffffffe67f
N??CA?_cEO@oIGDOCK?	46	3fffffffffff
N??CA?_cEO@oIGDOKA?	46	7ffffffffffd
N??CA?_cEO@oIGDOEA?	46	3fffffffffff
N??CA?_cEO@oIGDOCQ?	46	ffffffffe7ff
N??CA?_cEO@oIGDOCI?	46	3fffffffffff
N??CA?_cEO@oIGDOCE?	46	ffffffffe7ff
N??CA?_cEO@oHGDOM??	46	3fffffffffff
N??CA?_cEO@oHGDOF??	46	3fffffffffff
N??CA?_cEO@oHGDOEO?	46	3fffffffffff
N??CA?_cEO@oHGDODO?	46	3fffffffffff
N??CA?_cEO@oHGDOKG?	46	3fffffffffff
N??CA?_cEO@oHGDOEG?	46	3fffffffffff
N??CA?_cEO@oHGDOKC?	46	3fffffffffff
N??CA?_cEO@oHGDOKA?	46	3fffffffffff
N??CA?_cEOKGD_BGF??	46	3fffffffffff
N??CA?_cEOKGD_BGE_?	46	3fffffffffff
N??CA?_cEOKGD_BGD_?	46	7ffffffffffb
N??CA?_cEOKGD_BGB_?	46	3ffff7dfdf7ff
N??CA?_cEOKGD_BGEO?	46	7ffffffffffd
N??CA?_cEOKGD_BGDO?	46	3fffffffffff
N??CA?_cEOKGD_BGCo?	46	3fffffffffff
N??CA?_cEOKGD_BGAo?	46	fffff7dfce7ff
N??CA?_cEOKGD_BGEG?	46	7ffffffffffd
N??CA?_cEOKGD_BGAg?	46	3fffffffffff
N??CA?_cEOKGD_BG?w?	46	3fffffffffff
N??CA?_cEOKGD_BGEC?	46	3fffffffffff
N??CA?_cEOKGD_BGBC?	46	3fffffffffff
N??CA?_cEOKGD_BGAc?	46	3fffffffffff
N??CA?_cEOKGD_BGAS?	46	3fffffffffff
N??CA?_cEOKGD_BG?s?	46	3fffffffffff
N??CA?_cEOKGD_BGCK?	46	3fffffffe777f
N??CA?_cEOKGD_BGAK?	46	3fffffffffff
N??CA?_cEOKGD_BGDA?	46	7ffffffffffe
N??CA?_cEOKGD_BGCa?	46	3fffffffffff
N??CA?_cEOKGD_BGCQ?	46	7fffffffefff
N??CA?_cEOKGD_BGCI?	46	ffffffffef7f
N??CA?_cEOKGD_BG@I?	46	7ffffffff7ff
N??CA?_cEOKGD_BG?i?	46	3fffffffffff
N??CA?_cEOKGD_BG@E?	46	7ffffffff7ff
N??CA?_cEOKGD_BG?e?	46	3fffffffffff
N??CA?_cEOKGD_BG?M?	46	7ffffffeffff
N??CA?_cEOKGB_DGF??	46	3fffffffffff
N??CA?_cEOKGB_DGE_?	46	3fffffffffff
N??CA?_cEOKGB_DGEO?	46	3fffffffffff
N??CA?_cEOKGB_DG@o?	46	3ffff7dfdf7ff
N??CA?_cEOKGB_DGEG?	46	7ffffffffffe
N??CA?_cEOKGB_DGAg?	46	3fffffffffff
N??CA?_cEOKGB_DG@g?	46	3fffffffffff
N??CA?_cEOKGB_DGAW?	46	3fffffffffff
N??CA?_cEOKGB_DGBC?	46	3fffffffffff
N??CA?_cEOKGB_DGAc?	46	3fffffffffff
N??CA?_cEOKGB_DGAS?	46	3fffffffffff
N??CA?_cEOKGB_DG@S?	46	3fffffffffff
N??CA?_cEOKGB_DGCK?	46	7ffffffff7ff
N??CA?_cEOKGB_DGAK?	46	7ffffffff7ff
N??CA?_cEOKGB_DG@K?	46	3fffffffffff
N??CA?_cEOKGB_DGDA?	46	7ffffffffffb
N??CA?_cEOKGB_DGCa?	46	3fffffffffff
N??CA?_cEOKGB_DGCQ?	46	7ffffffffeff
N??CA?_cEOKGB_DG@Q?	46	ffffffff0e7ff
N??CA?_cEOKGB_DGCI?	46	fffffffff6ff
N??CA?_cEOKGB_DG@I?	46	ffffffffe7ff
N??CA?_cEOKGB_DG?i?	46	3fffffffffff
N??CA?_cEOKGB_DG@E?	46	3fffffffffff
N??CA?_cEOKGB_DG?e?	46	3fffffffffff
N??CA?_cEOKGB_DG?M?	46	7ffffffdffff
N??CA?_cEOKG@gF?F??	46	7ffffffffffd
N??CA?_cEOKG@gF?E_?	46	3fffffffffff
N??CA?_cEOKG@gF?D_?	46	3fffffffffff
N??CA?_cEOKG@gF?B_?	46	3ffff7dfdf7ff
N??CA?_cEOKG@gF?EO?	46	3fffffffffff
N??CA?_cEOKG@gF?DO?	46	3fffffffffff
N??CA?_cEOKG@gF?EG?	46	7ffffffff7ff
N??CA?_cEOKG@gF?AW?	46	3fffffffffff
N??CA?_cEOKG@gF?EC?	46	3fffffffffff
N??CA?_cEOKG@gF?BC?	46	3fffffffffff
N??CA?_cEOKG@gF?Ac?	46	3fffffffffff
N??CA?_cEOKG@gF?@c?	46	3fffffffffff
N??CA?_cEOKG@gF?AS?	46	3fffffffffff
N??CA?_cEOKG@gF?@S?	46	3fffffffffff
N??CA?_cEOKG@gF??s?	46	3fffffffffff
N??CA?_cEOKG@gF?CK?	46	fffffffff7fe
N??CA?_cEOKG@gF?AK?	46	3fffffffffff
N??CA?_cEOKG@gF?@K?	46	3fffffffffff
N??CA?_cEOKG@gF?DA?	46	7fffffffefff
N??CA?_cEOKG@gF?Ca?	46	3fffffffffff
N??CA?_cEOKG@gF?CI?	46	fffffffdfffe
N??CA?_cEOKG@gF??i?	46	3fffffffffff
N??CA?_cEOKG@gF??e?	46	3fffffffffff
N??CA?_cEOKG@gF??M?	46	7ffffffff7ff
N??CA?_cEOIGH_BGF??	46	3fffffffffff
N??CA?_cEOIGH_BGE_?	46	3fffffffffff
N??CA?_cEOIGH_BGB_?	46	3fffffffffff
N??CA?_cEOIGH_BGDO?	46	3ffffdefdefff
N??CA?_cEOIGH_BGCo?	46	3ffffdefdefff
N??CA?_cEOIGH_BGEG?	46	7ffffffffffd
N??CA?_cEOIGH_BGCg?	46	3fffffffffff
N??CA?_cEOIGH_BGCW?	46	7ffffffff7ff
N??CA?_cEOIGH_BGAW?	46	3ffffffffe67f
N??CA?_cEOIGH_BG?w?	46	3fffffffffff
N??CA?_cEOIGH_BGEC?	46	3fffffffffff
N??CA?_cEOIGH_BGBC?	46	7ffffffffffe
N??CA?_cEOIGH_BGAc?	46	3fffffffffff
N??CA?_cEOIGH_BGAS?	46	3fffffffffff
N??CA?_cEOIGH_BGCK?	46	3fffffffffff
N??CA?_cEOIGH_BGAK?	46	7fffffffff7f
N??CA?_cEOIGH_BG@K?	46	7fffffffff7f
N??CA?_cEOIGH_BG?[?	46	3fffffffffff
N??CA?_cEOIGH_BGEA?	46	7ffffffffffb
N??CA?_cEOIGH_BGCa?	46	3fffffffffff
N??CA?_cEOIGH_BGCQ?	46	7fffffffefff
N??CA?_cEOIGH_BGCE?	46	3fffffffffff
N??CA?_cEOIGH_BGAE?	46	7fffffffff7f
N??CA?_cEOIGH_BG@E?	46	7fffffffff7f
N??CA?_cEOIGH_BG?e?	46	3fffffffffff
N??CA?_cEOIGB_HGF??	46	3fffffffffff
N??CA?_cEOIGB_HGE_?	46	fffffffdfffd
N??CA?_cEOIGB_HGEO?	46	3fffffffffff
N??CA?_cEOIGB_HGDO?	46	3ffffdefdefff
N??CA?_cEOIGB_HGEG?	46	fffffffffefe
N??CA?_cEOIGB_HGCg?	46	7ffffffff7ff
N??CA?_cEOIGB_HGCW?	46	3fffffffffff
N??CA?_cEOIGB_HGEC?	46	fffffffefffe
N??CA?_cEOIGB_HGEA?	46	ffffffffff7e
N??CA?_cEOIGB_HGDA?	46	3fffffffffff
N??CA?_cEOIGB_HGCa?	46	7fffffffefff
N??CA?_cEOIGB_HGCE?	46	7ffffffff7ff
N??CA?_cEOAgKGB_L??	46	3fffffffffff
N??CA?_cEOAgKGB_K_?	46	3fffffffffff
N??CA?_cEOAgKGB_KO?	46	3fffffffffff
N??CA?_cEOAgKGB_DG?	46	3fffffffffff
N??CA?_cEOAgKGB_CW?	46	3fffffffffff
N??CA?_cEOAgKGB_KC?	46	7ffffffffffe
N??CA?_cEOAgKGB_DC?	46	3fffffffffff
N??CA?_cEOAgKGB_Cc?	46	3fffffffffff
N??CA?_cEOAgKGB_CK?	46	fffffffff6ff
N??CA?_cEOAgKGB_KA?	46	7ffffffffffe
N??CA?_cEOAgKGB_DA?	46	3fffffffffff
N??CA?_cEOAgKGB_Ca?	46	3fffffffffff
N??CA?_cEOKCB_DOF??	46	3fffffffffff
N??CA?_cEOKCB_DOE_?	46	3fffffffffff
N??CA?_cEOKCB_DOEO?	46	3fffffffffff
N??CA?_cEOKCB_DOCo?	46	3fffffffffff
N??CA?_cEOKCB_DOEG?	46	7ffffffffffe
N??CA?_cEOKCB_DODC?	46	fffffffff7fd
N??CA?_cEOKCB_DOEA?	46	7ffffffffffe
N??CA?_cEOKCB_DOCa?	46	3fffffffffff
N??CA?_cEOKCB_DOCE?	46	fffffffff6ff
N??CA?_cEOKCBOD_F??	46	3fffffffffff
N??CA?_cEOKCBOD_E_?	46	3fffffffffff
N??CA?_cEOKCBOD_EO?	46	7ffffffffffe
N??CA?_cEOKCBOD_Co?	46	3fffffffffff
N??CA?_cEOKCBOD_EG?	46	3fffffffffff
N??CA?_cEOKCBOD_DG?	46	3fffffffdf6fe
N??CA?_cEOKCBOD_DC?	46	3fffffffdf6fe
N??CA?_cEOKCBOD_EA?	46	7ffffffffffd
N??CA?_cEOKCBOD_Ca?	46	3fffffffffff
N??CA?_cEOKCBOD_CI?	46	7fffffffff7f
N??CA?_cEOKCBOD_CE?	46	ffffffffef7f
N??CA?_cEOKC@oF?F??	46	7ffffffffffe
N??CA?_cEOKC@oF?E_?	46	3fffffffffff
N??CA?_cEOKC@oF?EO?	46	3fffffffffff
N??CA?_cEOKC@oF?EG?	46	3fffffffffff
N??CA?_cEOKC@oF?DG?	46	3fffffffffff
N??CA?_cEOKC@oF?EA?	46	7ffffffff7ff
N??CA?_cEOKC@oF?Ca?	46	3fffffffffff
N??CA?_cEOKC@oF?CI?	46	7ffffffffffe
N??CA?_cEOKC@oF?CE?	46	fffffffdfffe
N??CA?_cEOCcKOB_J??	46	3fffffffffff
N??CA?_cEOCcKOB_I_?	46	3fffffffffff
N??CA?_cEOCcKOB_IO?	46	3fffffffffff
N??CA?_cEOCcKOB_IC?	46	7ffffffffffe
N??CA?_cEOCcKOB_HC?	46	3fffffffffff
N??CA?_cEOCcKOB_BC?	46	3fffffffffff
N??CA?_cEOCcKOB_Gc?	46	3fffffffffff
N??CA?_cEOCcKOB_GS?	46	3fffffffffff
N??CA?_cEOCcKOB_AS?	46	3fffffffffff
N??CA?_cEOCcKOB_AK?	46	fffffffff6ff
N??CA?_cEOCcKOB_HA?	46	ffffffff7f7f
N??CA?_cEOCcKOB_Ga?	46	7fffffff7fff
N??CA?_cEOCcKOB_GE?	46	7ffffffff7ff
N??CA?_cCcM?BOBG?[?	46	7ffffffffffb
N??CA?_cCcM?BOBGKA?	46	fffffffe67ff9
N??CA?_cCcM?BOBG?M?	46	7ffffffffffb
N??CA?_cCcJ?J?@WCW?	46	7ffffffffffb
N??CA?_cCcJ?J?@W?[?	46	fffffffff6ff
N??CA?_cCcJ?J?@WDA?	46	fffffffeefff
N??CA?_cCcJ?J?@WGQ?	46	3fffffffdf6fe
N??CA?_cCcJ?J?@WCI?	46	7ffffffffffd
N??CA?_cCcJ?J?@W?M?	46	fffffffff6ff
N??CA?_cCcJ?BOHGCW?	46	7ffffffffffb
N??CA?_cCcJ?BOHGCI?	46	7ffffffffffd
N??CA?_cCcKOBOBGM??	46	fffdf7ffff77c
N??CA?_cCcKOBOBGEG?	46	7ffffffff7ff
N??CA?_cCcKOBOBGBG?	46	fffffffffefb
N??CA?_cCcKOBOBGAK?	46	7ffffffffffb
N??CA?_cCcHOJ?@WM??	46	7ffffffff7ff
N??CA?_cCcHOJ?@WF??	46	fffffffef7ff
N??CA?_cCcHOJ?@WE_?	46	fffffffefffb
N??CA?_cCcHOJ?@WEG?	46	7ffffffffffb
N??CA?_cCcHOJ?@WIC?	46	7ffffffffffe
N??CA?_cCcHOJ?@WAK?	46	fffffffff6ff
N??CA?_cCcHOJ?@WIA?	46	3fffffffdf6fe
N??CA?_cCcHOBOHGM??	46	fffffffffefe
N??CA?_cCcHOBOHGE_?	46	3fffffffef7fa
N??CA?_cCcHOBOHGEG?	46	7ffffffffffb
N??CA?_cCc@oY?@WM??	46	fffffffff7fb
N??CA?_cCc@oY?@WJ??	46	ffffffffe7ff
N??CA?_cCc@oY?@WEG?	46	7fffffffefff
N??CA?_cCc@oR?GWM??	46	7ffffffffffb
N??CA?_cCc@oR?GWF??	46	3bfffffbf7ffd
N??CA?_cCc@oR?GWEG?	46	effefffffeefa
N??CA?_cCc@oQOHGM??	46	3fffffffcfefb
N??CA?_cE?d_EO@gM??	46	7fffffffefff
N??CA?_cE?d_EO@gF??	46	7fffffffefff
N??CA?_cE?d_EO@gE_?	46	3fffffffffff
N??CA?_cE?d_EO@gD_?	46	3fffffffeeffc
N??CA?_cE?d_EO@gB_?	46	3fffffffffff
N??CA?_cE?d_EO@gDO?	46	7ffffffffffd
N??CA?_cE?d_EO@gDG?	46	fffffffdfffd
N??CA?_cE?d_EO@gCg?	46	7ffffffffffd
N??CA?_cE?d_EO@g@g?	46	7fffffffff7f
N??CA?_cE?d_EO@gIC?	46	7ffffffffffe
N??CA?_cE?d_EO@gEC?	46	3fffffffffff
N??CA?_cE?d_EO@gBC?	46	3fffffffffff
N??CA?_cE?d_EO@gGS?	46	ffffffffef7f
N??CA?_cE?d_EO@g?s?	46	3fffffffdf6fe
N??CA?_cE?d_EO@gCK?	46	7ffffffffffb
N??CA?_cE?d_EO@g@K?	46	7ffffffffeff
N??CA?_cE?d_EO@g?k?	46	7ffffffffeff
N??CA?_cE?d_EO@g?[?	46	7ffffffeffff
N??CA?_cE?b_J??wB_?	46	3fffffffdef7e
N??CA?_cE?b_J??wKO?	46	7ffffffffffe
N??CA?_cE?b_J??wDO?	46	3fffffffffff
N??CA?_cE?b_J??wBO?	46	3fffffffffff
N??CA?_cE?b_J??wDG?	46	7ffffffffffd
N??CA?_cE?b_J??w@g?	46	7fffffffff7f
N??CA?_cE?b_J??wCW?	46	7ffffffff7ff
N??CA?_cE?b_J??wAW?	46	ffffffffff74c
N??CA?_cE?b_J??wBC?	46	7fffffff7fff
N??CA?_cE?b_J??wGS?	46	ffffffffff74c
N??CA?_cE?b_J??wCS?	46	7ffffffff7ff
N??CA?_cE?b_J??wCK?	46	fffffffff7fb
N??CA?_cE?b_J??w@K?	46	7ffffffffeff
N??CA?_cE?b_I_@WM??	46	7ffffffeffff
N??CA?_cE?b_I_@WE_?	46	3fffffffffff
N??CA?_cE?b_I_@WB_?	46	3fffffffffff
N??CA?_cE?b_I_@WKO?	46	fffffffdfffe
N??CA?_cE?b_I_@WEO?	46	fffffffdefff
N??CA?_cE?b_I_@WDO?	46	fffffffdefff
N??CA?_cE?b_I_@WCo?	46	3fffffffffff
N??CA?_cE?b_I_@WAo?	46	3fffffffffff
N??CA?_cE?b_I_@WDG?	46	7ffffffffffd
N??CA?_cE?b_I_@WCg?	46	7ffffffffffd
N??CA?_cE?b_I_@W@g?	46	7fffffffff7f
N??CA?_cE?b_I_@WCW?	46	7ffffffff7ff
N??CA?_cE?b_I_@WAW?	46	3fffffffffff
N??CA?_cE?b_I_@WIC?	46	7ffffffffffd
N??CA?_cE?b_I_@WEC?	46	3fffffffffff
N??CA?_cE?b_I_@W@S?	46	3fffffffffff
N??CA?_cE?b_I_@WCK?	46	fffffffff7fb
N??CA?_cE?b_I_@WAK?	46	7fffffffefff
N??CA?_cE?b_I_@W@K?	46	7ffffffffeff
N??CA?_cE?b_I_@W?k?	46	fffffffefeff
N??CA?_cE?b_I_@W?[?	46	7ffffffdffff
N??CA?_cE?b_B_GWM??	46	7ffffffffffe
N??CA?_cE?b_B_GWF??	46	2ffeffffffefb
N??CA?_cE?b_B_GWEG?	46	7ffffffff7ff
N??CA?_cE?b_B_GWDG?	46	fffffffff7fd
N??CA?_cE?b_B_GWEC?	46	7ffffffff7ff
N??CA?_cE?b_BOGgM??	46	7ffffffffffd
N??CA?_cE?b_BOGgF??	46	3fffffffffff
N??CA?_cE?b_BOGgKO?	46	fbffbfffff77c
N??CA?_cE?b_BOGgDG?	46	fffffffffffc
N??CA?_cE?b_BOGgCW?	46	fffffffff7fb
N??CA?_cE?b_BOGgCK?	46	fffffffff7fb
N??CA?_cE?b_AoHGF??	46	7fffffffff7f
N??CA?_cE?b_AoHGKO?	46	fffffffffffc
N??CA?_cE?b_AoHGDO?	46	3fffffffffff
N??CA?_cE?b_AoHGCo?	46	7fffffffefff
N??CA?_cE?b_AoHGDG?	46	7ffffffffffd
N??CA?_cE?b_AoHGCg?	46	ffffffffeffd
N??CA?_cE?b_AoHGCK?	46	fffffffff7fb
N??CA?_cE?bOJ?@WM??	46	7ffffffeffff
N??CA?_cE?bOJ?@WE_?	46	3fffffffffff
N??CA?_cE?bOJ?@WD_?	46	effefffffeefa
N??CA?_cE?bOJ?@WEO?	46	fffffffdefff
N??CA?_cE?bOJ?@WAo?	46	3fffffffffff
N??CA?_cE?bOJ?@WDG?	46	7ffffffffffd
N??CA?_cE?bOJ?@WCg?	46	feffffffff37c
N??CA?_cE?bOJ?@W@g?	46	7fffffffff7f
N??CA?_cE?bOJ?@WAW?	46	3fffffffe777f
N??CA?_cE?bOJ?@WIC?	46	7ffffffffffe
N??CA?_cE?bOJ?@WEC?	46	3fffffffffff
N??CA?_cE?bOJ?@W@c?	46	ffffffffff74c
N??CA?_cE?bOJ?@WAS?	46	7ffffffff7ff
N??CA?_cE?bOJ?@WCK?	46	fefffffffecfa
N??CA?_cE?bOJ?@WAK?	46	7ffffffff7ff
N??CA?_cE?bOJ?@W@K?	46	7ffffffffeff
N??CA?_cE?bOJ?@W?k?	46	ffffbffbd7e7f
N??CA?_cE?bOBOHGM??	46	ffffffffff7d
N??CA?_cE?bOBOHGE_?	46	fffffffeefff
N??CA?_cE?bOBOHGD_?	46	effefffffeefa
N??CA?_cE?bOBOHGEO?	46	3ffffffffe7f9
N??CA?_cE?bOBOHGDG?	46	7ffffffffffd
N??CA?_cE?bOBOHGCg?	46	feffffffff37c
N??CA?_cE?bOBOHGCK?	46	fefffffffecfa
N??CA?_cE?`gM?@gM??	46	ffffffffeffd
N??CA?_cE?`gM?@gF??	46	7fffffffefff
N??CA?_cE?`gM?@gD_?	46	ffffffffeffe
N??CA?_cE?`gM?@gB_?	46	3fffffffffff
N??CA?_cE?`gM?@gCo?	46	3fffffffffff
N??CA?_cE?`gM?@gEG?	46	7ffffffdffff
N??CA?_cE?`gM?@gDG?	46	fffffffdfffd
N??CA?_cE?`gM?@gCg?	46	7ffffffffffd
N??CA?_cE?`gM?@g@g?	46	7fffffffff7f
N??CA?_cE?`gM?@gAW?	46	3fffffffffff
N??CA?_cE?`gM?@gCK?	46	7ffffffffffb
N??CA?_cE?`gJ?CgM??	46	7ffffffffffd
N??CA?_cE?`gJ?CgD_?	46	effefffffeefa
N??CA?_cE?`gJ?CgB_?	46	3fffffffffff
N??CA?_cE?`gJ?CgEO?	46	ffffffff0e7ff
N??CA?_cE?`gJ?Cg@g?	46	fffeff7fd7e7f
N??CA?_cE?`gJ?CgAW?	46	ffffffffff74c
N??CA?_cE?`gJ?Cg@c?	46	ffffffffff74c
N??CA?_cE?`gJ?CgCK?	46	7ffffffffffb
N??CA?_cE?`gJ?Cg@K?	46	7ffffffffeff
N??CA?_E?wY?W_@WT??	46	7fffffffff7f
N??CA?_E?wY?W_@WD_?	46	3fffffffffff
N??CA?_E?wY?W_@WDO?	46	7ffffffff7ff
N??CA?_E?wY?W_@W@o?	46	3fffffffffff
N??CA?_E?wY?W_@WSG?	46	3fffffffffff
N??CA?_E?wY?W_@WPG?	46	3fffffffffff
N??CA?_E?wY?W_@WDG?	46	3fffffffffff
N??CA?_E?wY?W_@W@W?	46	3fffffffffff
N??CA?_E?wY?W_@W?w?	46	3fffffffffff
N??CA?_E?wY?W_@WPC?	46	3fffffffffff
N??CA?_E?wY?W_@WDC?	46	3fffffffffff
N??CA?_E?wY?W_@WOS?	46	3fffffffffff
N??CA?_E?wY?W_@W@S?	46	3fffffffffff
N??CA?_E?wY?W_@W?s?	46	3fffffffffff
N??CA?_E?wY?W_@WOK?	46	3fffffffffff
N??CA?_E?wY?W_@W@K?	46	3fffffffffff
N??CA?_E?wY?W_@WSA?	46	7ffffffeffff
N??CA?_E?wY?W_@WDA?	46	7ffffffeffff
N??CA?_E?wY?W_@WCa?	46	3fffffffffff
N??CA?_E?wY?W_@WCQ?	46	7ffffffdffff
N??CA?_E?wY?W_@WOI?	46	3fffffffffff
N??CA?_E?wY?W_@WCI?	46	3fffffffffff
N??CA?_E?wY?W_@W@I?	46	3fffffffffff
N??CA?_E?wY?W_@W?Y?	46	3fffffffffff
N??CA?_E?wY?W_@WOE?	46	3fffffffffff
N??CA?_E?wY?W_@W@E?	46	3fffffffffff
N??CA?_E?wY?W_@W?U?	46	3fffffffffff
N??CA?_E?wY?W_@W?M?	46	3fffffffffff
N??CA?_E?wY?I_@WK_?	46	3fffffffffff
N??CA?_E?wY?I_@WSG?	46	3fffffffffff
N??CA?_E?wY?I_@WKG?	46	3fffffffffff
N??CA?_E?wY?I_@W?w?	46	3fffffffffff
N??CA?_E?wY?I_@WOK?	46	3fffffffffff
N??CA?_E?wY?I_@W?k?	46	3fffffffffff
N??CA?_E?wY?I_@WSA?	46	fffffffeefff
N??CA?_E?wY?I_@WKA?	46	7ffffffeffff
N??CA?_E?wY?I_@WOI?	46	3fffffffffff
N??CA?_E?wY?I_@WGI?	46	3fffffffffff
N??CA?_E?wY?I_@WCI?	46	3fffffffffff
N??CA?_E?wY?I_@W?Y?	46	3fffffffffff
N??CA?_E?wY?I_@W?M?	46	3fffffffffff
N??CA?_E?wY?H_?w[??	46	3fffffffffff
N??CA?_E?wY?H_?wX??	46	3fffffffffff
N??CA?_E?wY?H_?wT??	46	3fffffffffff
N??CA?_E?wY?H_?wL??	46	3fffffffffff
N??CA?_E?wY?H_?wSG?	46	3fffffffffff
N??CA?_E?wY?H_?wKG?	46	3fffffffffff
N??CA?_E?wY?H_?wPG?	46	3fffffffffff
N??CA?_E?wY?H_?wHG?	46	3fffffffffff
N??CA?_E?wY?H_?wDG?	46	3fffffffffff
N??CA?_E?wY?H_?wOg?	46	3fffffffffff
N??CA?_E?wY?H_?wCg?	46	7ffffffffffd
N??CA?_E?wY?H_?w@g?	46	3fffffffffff
N??CA?_E?wY?H_?wWC?	46	3fffffffffff
N??CA?_E?wY?H_?wPC?	46	3fffffffffff
N??CA?_E?wY?H_?wHC?	46	3fffffffffff
N??CA?_E?wY?H_?wDC?	46	3fffffffffff
N??CA?_E?wY?H_?wGc?	46	3fffffffffff
N??CA?_E?wY?H_?wOK?	46	3fffffffffff
N??CA?_E?wY?H_?w@K?	46	3fffffffffff
N??CA?_E?wY?H_?wWA?	46	3fffffffffff
N??CA?_E?wY?H_?wSA?	46	3fffffffffff
N??CA?_E?wY?H_?wKA?	46	3fffffffffff
N??CA?_E?wY?H_?wPA?	46	3fffffffffff
N??CA?_E?wY?H_?wDA?	46	3fffffffffff
N??CA?_E?wY?H_?wOI?	46	3fffffffffff
N??CA?_E?wY?H_?wCI?	46	3fffffffffff
N??CA?_E?wY?H_?w@I?	46	3fffffffffff
N??CA?_E?wY?H_?w?i?	46	3fffffffffff
N??CA?_E?wY?H_?wOE?	46	3fffffffffff
N??CA?_E?wY?H_?wGE?	46	3fffffffffff
N??CA?_E?wY?H_?w@E?	46	3fffffffffff
N??CA?_E?wY?AoHGSO?	46	3fffffffffff
N??CA?_E?wY?AoHGKO?	46	3fffffffffff
N??CA?_E?wY?AoHGSC?	46	3fffffffffff
N??CA?_E?wY?AoHGSA?	46	3fffffffffff
N??CA?_E?wY?AoHGCa?	46	3fffffffcfefb
N??CA?_E?wY?@oGg[??	46	3fffffffffff
N??CA?_E?wY?@oGgT??	46	3fffffffffff
N??CA?_E?wY?@oGgL??	46	3fffffffffff
N??CA?_E?wY?@oGgK_?	46	3fffffffffff
N??CA?_E?wY?@oGgSG?	46	3fffffffffff
N??CA?_E?wY?@oGgDG?	46	3fffffffffff
N??CA?_E?wY?@oGgDC?	46	3fffffffffff
N??CA?_E?wY?@oGgCc?	46	7ffffffffffd
N??CA?_E?wY?@oGgCK?	46	7ffffffffffd
N??CA?_E?wY?@oGgSA?	46	3fffffffffff
N??CA?_E?wY?@oGgKA?	46	3fffffffffff
N??CA?_E?wY?@oGgCI?	46	3fffffffffff
N??CA?_E?wY?gG@oL??	46	7ffffffffffe
N??CA?_E?wY?gG@oKO?	46	3fffffffffff
N??CA?_E?wY?gG@oDO?	46	3fffffffffff
N??CA?_E?wY?gG@oDG?	46	3fffffffffff
N??CA?_E?wY?gG@oCg?	46	3fffffffffff
N??CA?_E?wY?gG@oDC?	46	ffffffffe7ff
N??CA?_E?wY?gG@oCc?	46	3fffffffffff
N??CA?_E?wY?gG@oCK?	46	3fffffffffff
N??CA?_E?wY?gG@oKA?	46	7ffffffff7ff
N??CA?_E?wY?gG@oCQ?	46	3fffffffffff
N??CA?_E?wY?gG@oCI?	46	3fffffffffff
N??CA?_E?wY?IG@oS_?	46	3fffffffffff
N??CA?_E?wY?IG@oSO?	46	3fffffffffff
N??CA?_E?wY?IG@oKO?	46	3fffffffffff
N??CA?_E?wY?IG@oCo?	46	3fffffffffff
N??CA?_E?wY?IG@oCW?	46	3fffffffffff
N??CA?_E?wY?IG@oSA?	46	ffffffffe7ff
N??CA?_E?wY?Gc@W[??	46	7ffffffeffff
N??CA?_E?wY?Gc@WX??	46	fffffffef7ff
N??CA?_E?wY?Gc@WT??	46	fffffffeefff
N??CA?_E?wY?Gc@WL??	46	7ffffffeffff
N??CA?_E?wY?Gc@WK_?	46	3fffffffffff
N??CA?_E?wY?Gc@WHO?	46	fffffffdff7f
N??CA?_E?wY?Gc@WDO?	46	fffffffdfeff
N??CA?_E?wY?Gc@WSG?	46	3fffffffffff
N??CA?_E?wY?Gc@WKG?	46	3fffffffffff
N??CA?_E?wY?Gc@WPG?	46	3fffffffffff
N??CA?_E?wY?Gc@WHG?	46	3fffffffffff
N??CA?_E?wY?Gc@WDG?	46	3fffffffffff
N??CA?_E?wY?Gc@WCW?	46	3fffffffffff
N??CA?_E?wY?Gc@W@W?	46	3fffffffffff
N??CA?_E?wY?Gc@W?w?	46	3fffffffffff
N??CA?_E?wY?Gc@WWC?	46	3fffffffffff
N??CA?_E?wY?Gc@WSC?	46	3fffffffffff
N??CA?_E?wY?Gc@WPC?	46	3fffffffffff
N??CA?_E?wY?Gc@WHC?	46	3fffffffffff
N??CA?_E?wY?Gc@WDC?	46	3fffffffffff
N??CA?_E?wY?Gc@WOc?	46	3fffffffffff
N??CA?_E?wY?Gc@WOS?	46	3fffffffffff
N??CA?_E?wY?Gc@WGS?	46	3fffffffffff
N??CA?_E?wY?Gc@W@S?	46	3fffffffffff
N??CA?_E?wY?Gc@WOK?	46	3fffffffffff
N??CA?_E?wY?Gc@WGK?	46	3fffffffffff
N??CA?_E?wY?Gc@WCK?	46	3fffffffffff
N??CA?_E?wY?Gc@W@K?	46	3fffffffffff
N??CA?_E?wY?Gc@W?k?	46	3fffffffffff
N??CA?_E?wY?Gc@W?[?	46	3fffffffffff
N??CA?_E?wY??sHG[??	46	3fffffffffff
N??CA?_E?wY??sHGT??	46	3fffffffffff
N??CA?_E?wY??sHGD_?	46	3fffffffcfefb
N??CA?_E?wY??sHGSO?	46	3fffffffffff
N??CA?_E?wY??sHGKO?	46	3fffffffffff
N??CA?_E?wY??sHGDO?	46	3fffffffffff
N??CA?_E?wY??sHGCW?	46	3fffffffffff
N??CA?_E?wY??sHGCS?	46	3fffffffffff
N??CA?_E?wY?GK@o[??	46	7ffffffff7ff
N??CA?_E?wY?GK@oT??	46	ffffffffe7ff
N??CA?_E?wY?GK@oS_?	46	3fffffffffff
N??CA?_E?wY?GK@oD_?	46	3fffffffcfefb
N??CA?_E?wY?GK@oKO?	46	3fffffffffff
N??CA?_E?wY?GK@oDO?	46	3fffffffffff
N??CA?_E?wY?GK@oCo?	46	3fffffffffff
N??CA?_E?wY?GK@oCW?	46	3fffffffffff
N??CA?_E?wY?GK@oSC?	46	fffffffdf7ff
N??CA?_E?wY?GK@oCS?	46	3fffffffffff
N??CA?_E?wR?X?GoGS?	46	3ffffffffffcc
N??CA?_E?wR?X??w[??	46	7ffffffff7ff
N??CA?_E?wR?X??wK_?	46	fffffbbfce7ff
N??CA?_E?wR?X??wKO?	46	3ffffffffffcc
N??CA?_E?wR?X??wGW?	46	7ebfffffffb7e
N??CA?_E?wR?X??wCW?	46	3effffffffb7e
N??CA?_E?wR?X??wOK?	46	fffffffffffc
N??CA?_E?wR?X??wGK?	46	37ff6fdff9f0fb52
N??CA?_E?wR?X??w?k?	46	3fffffff0ffff
N??CA?_E?wR?X??w?[?	46	fbffbfffff77c
N??CA?_E?wR?X??wWA?	46	fffffffdf7ff
N??CA?_E?wR?X??wKA?	46	fffffffcffff
N??CA?_E?wR?X??wGQ?	46	3fffffffffff
N??CA?_E?wR?X??w?q?	46	3ffffffff7efc
N??CA?_E?wR?X??wOI?	46	ffffffffff7e
N??CA?_E?wR?X??wCI?	46	3fffffffffff
N??CA?_E?wR?X??w?Y?	46	fffffffff7fd
N??CA?_E?wR?X??w?M?	46	7ffffffff7ff
N??CA?_E?wR?P_GWK_?	46	3ffffbbfeefff
N??CA?_E?wR?P_GWKO?	46	3ffffffffffcc
N??CA?_E?wR?P_GWCW?	46	7ebfffffffb7e
N??CA?_E?wR?P_GWCS?	46	7ebfffffffb7e
N??CA?_E?wR?P_GWSA?	46	effefffffeefa
N??CA?_E?wR?P_GWKA?	46	7ffffffffffe
N??CA?_E?wR?P_GWCQ?	46	37fffbfffeffb
N??CA?_E?wR?P_GWCI?	46	3ffffffffe67f
N??CA?_E?wR?WOOgCo?	46	3ffffffffffcc
N??CA?_E?wR?POGgKO?	46	2ffdeff7fe70fccc
N??CA?_E?wR?POGgKG?	46	3defbfffdea94fcc
N??CA?_E?wR?POGgKC?	46	3defbfffdea94fcc
N??CA?_E?wR?POGgKA?	46	2fffff7ff7ffb
N??CA?_E?wR?OoX?CS?	46	ffffffffff74c
N??CA?_E?wR?OoWGCo?	46	3ffffffffffcc
N??CA?_E?wW_H__WJ??	46	3fffffffffff
N??CA?_E?wW_H__WF??	46	3fffffffffff
N??CA?_E?wW_H__WIG?	46	3fffffffffff
N??CA?_E?wW_H__WEG?	46	3fffffffffff
N??CA?_E?wW_H__WBG?	46	3fffffffffff
N??CA?_E?wW_H__WIC?	46	3fffffffffff
N??CA?_E?wW_H__WBC?	46	3fffffffffff
N??CA?_E?wW_H__WGI?	46	3fffffffffff
N??CA?_E?wW_H__WCI?	46	3fffffffffff
N??CA?_E?wW_H__W?Y?	46	3fffffffffff
N??CA?_E?wW_H__WGE?	46	3fffffffffff
N??CA?_E?wW_H__WAE?	46	3fffffffffff
N??CA?_E?wW_H__W?U?	46	3fffffffffff
N??CA?_E?wW_H_CW[??	46	7ffffffff7ff
N??CA?_E?wW_H_CWX??	46	3fffffffffff
N??CA?_E?wW_H_CWT??	46	3fffffffffff
N??CA?_E?wW_H_CWL??	46	3fffffffffff
N??CA?_E?wW_H_CWSG?	46	3fffffffffff
N??CA?_E?wW_H_CWKG?	46	3fffffffffff
N??CA?_E?wW_H_CWPG?	46	3fffffffffff
N??CA?_E?wW_H_CWDG?	46	3fffffffffff
N??CA?_E?wW_H_CWCW?	46	3fffffffffff
N??CA?_E?wW_H_CW@W?	46	3fffffffffff
N??CA?_E?wW_H_CWOK?	46	3fffffffffff
N??CA?_E?wW_H_CW@K?	46	3fffffffffff
N??CA?_E?wW_H_CWWA?	46	3fffffffffff
N??CA?_E?wW_H_CWSA?	46	3fffffffffff
N??CA?_E?wW_H_CWKA?	46	3fffffffffff
N??CA?_E?wW_H_CWOI?	46	3fffffffffff
N??CA?_E?wW_H_CW?Y?	46	3fffffffffff
N??CA?_E?wW_H_CW?M?	46	3fffffffffff
N??CA?_E?wW_H_?[[??	46	7ffffffdffff
N??CA?_E?wW_H_?[Y??	46	3fffffffffff
N??CA?_E?wW_H_?[M??	46	3fffffffffff
N??CA?_E?wW_H_?[SG?	46	3fffffffffff
N??CA?_E?wW_H_?[KG?	46	3fffffffffff
N??CA?_E?wW_H_?[OW?	46	3fffffffffff
N??CA?_E?wW_H_?[GW?	46	3fffffffffff
N??CA?_E?wW_H_?[CW?	46	3fffffffffff
N??CA?_E?wW_H_?[AW?	46	3fffffffffff
N??CA?_E?wW_H_?[OK?	46	3fffffffffff
N??CA?_E?wW_@ogGF??	46	3fffffffffff
N??CA?_E?wW_@ogGEO?	46	3fffffffffff
N??CA?_E?wW_@ogGEG?	46	3fffffffffff
N??CA?_E?wW_@ogGEC?	46	3fffffffffff
N??CA?_E?wW_@ogGCI?	46	3fffffffffff
N??CA?_E?wW_@ogGCE?	46	3fffffffffff
N??CA?_E?wW_@oKG[??	46	3fffffffffff
N??CA?_E?wW_@oKGT??	46	3fffffffffff
N??CA?_E?wW_@oKGSO?	46	3fffffffffff
N??CA?_E?wW_@oKGKO?	46	3fffffffffff
N??CA?_E?wW_@oGK[??	46	7ffffffffffb
N??CA?_E?wW_@oGKU??	46	3fffffffffff
N??CA?_E?wW_@oGKSO?	46	7fffffffefff
N??CA?_E?wW_@oGKKO?	46	7fffffffefff
N??CA?_E?wW_HGGoY??	46	7ffffffff7ff
N??CA?_E?wW_HGGoR??	46	fffffffef7ff
N??CA?_E?wW_HGGoBO?	46	3fffffffffff
N??CA?_E?wW_HGGoBC?	46	3fffffffcfefb
N??CA?_E?wW_HGGoWA?	46	7ffffffdffff
N??CA?_E?wW_HGCo[??	46	7ffffffff7ff
N??CA?_E?wW_HGCoT??	46	3fffffffffff
N??CA?_E?wW_HGCoKO?	46	3fffffffffff
N??CA?_E?wW_HGCoDO?	46	3fffffffffff
N??CA?_E?wW_HGCoCW?	46	3fffffffffff
N??CA?_E?wW_HGCoSA?	46	3fffffffffff
N??CA?_E?wW_HGCoCQ?	46	3fffffffffff
N??CA?_E?wW_HG?s[??	46	7ffffffdffff
N??CA?_E?wW_HG?sKO?	46	3fffffffffff
N??CA?_E?wW_HG?sCW?	46	3fffffffffff
N??CA?_E?wQ_w??wL??	46	7ffffffff7ff
N??CA?_E?wQ_w??wH_?	46	ffffffffe7ff
N??CA?_E?wQ_w??wHO?	46	3fffffffffff
N??CA?_E?wQ_w??wHG?	46	3fffffffffff
N??CA?_E?wQ_w??wDG?	46	3fffffffffff
N??CA?_E?wQ_w??wCg?	46	3fffffffffff
N??CA?_E?wQ_w??w@g?	46	3fffffffffff
N??CA?_E?wQ_w??w@W?	46	3fffffffffff
N??CA?_E?wQ_w??w@K?	46	3fffffffffff
N??CA?_E?wQ_w??w?k?	46	3fffffffffff
N??CA?_E?wQ_w??wGa?	46	fffffffdf7ff
N??CA?_E?wQ_w??wCI?	46	3fffffffffff
N??CA?_E?wQ_w??w?i?	46	3fffffffffff
N??CA?_E?wQ_w??w?M?	46	3fffffffffff
N??CA?_E?wQ_q?GWCW?	46	3effffffffcfe
N??CA?_E?wQ_Y??wW_?	46	ffffffffe7ff
N??CA?_E?wQ_Y??wWG?	46	3fffffffffff
N??CA?_E?wQ_Y??wSG?	46	3fffffffffff
N??CA?_E?wQ_Y??wOg?	46	3fffffffffff
N??CA?_E?wQ_Y??wGW?	46	3fffffffffff
N??CA?_E?wQ_Y??wCW?	46	3fffffffffff
N??CA?_E?wQ_Y??wOK?	46	7ffffffffffd
N??CA?_E?wQ_Y??w?k?	46	3fffffffffff
N??CA?_E?wQ_Y??w?[?	46	7ffffffffffe
N??CA?_E?wQ_Y??wGQ?	46	3fffffffffff
N??CA?_E?wQ_Y??w?q?	46	3ffffffff7efc
N??CA?_E?wQ_Y??wGI?	46	3fffffffffff
N??CA?_E?wQ_Y??wCI?	46	3fffffffffff
N??CA?_E?wQ_Y??w?Y?	46	3fffffffffff
N??CA?_E?wQ_Y??w?M?	46	3fffffffffff
N??CA?_E?wQ_X??w[??	46	7ffffffff7ff
N??CA?_E?wQ_X??wX??	46	ffffffffe7ff
N??CA?_E?wQ_X??wL??	46	fffffffdf7ff
N??CA?_E?wQ_X??wKO?	46	3fffffffffff
N??CA?_E?wQ_X??wHO?	46	3fffffffffff
N??CA?_E?wQ_X??wSG?	46	3fffffffffff
N??CA?_E?wQ_X??wPG?	46	3fffffffffff
N??CA?_E?wQ_X??wDG?	46	3fffffffffff
N??CA?_E?wQ_X??wCW?	46	3fffffffffff
N??CA?_E?wQ_X??w@W?	46	3fffffffffff
N??CA?_E?wQ_X??wOK?	46	7ffffffffffd
N??CA?_E?wQ_X??w@K?	46	3fffffffffff
N??CA?_E?wQ_X??w?[?	46	7ffffffffffe
N??CA?_E?wQ_X??wWA?	46	fffffffdf7ff
N??CA?_E?wQ_X??wKA?	46	fffffffcffff
N??CA?_E?wQ_X??w@Q?	46	3ffffffff7efc
N??CA?_E?wQ_X??wOI?	46	3fffffffffff
N??CA?_E?wQ_X??wCI?	46	3fffffffffff
N??CA?_E?wQ_X??w?M?	46	3fffffffffff
N??CA?_E?wQ_o_GWL??	46	3fffffffffff
N??CA?_E?wQ_o_GWK_?	46	3fffffffffff
N??CA?_E?wQ_o_GWD_?	46	3ffdbfe5c7bf06fd
N??CA?_E?wQ_o_GWDO?	46	3bfffffbf7ffd
N??CA?_E?wQ_o_GWDG?	46	3ffff7dfdf7ff
N??CA?_E?wQ_o_GWCg?	46	3ffff7dfdf7ff
N??CA?_E?wQ_o_GWDC?	46	3ffff7dfdf7ff
N??CA?_E?wQ_o_GWKA?	46	3fffffffffff
N??CA?_E?wQ_o_GWCa?	46	3ff8ffe76cfdf6e1
N??CA?_E?wQ_o_GWCQ?	46	2ffeffffffefb
N??CA?_E?wQ_o_GWCI?	46	3fffffff0ffff
N??CA?_E?wQ_W_?wX??	46	3fffffffffff
N??CA?_E?wQ_W_?wL??	46	3fffffffffff
N??CA?_E?wQ_W_?wHG?	46	3fffffffffff
N??CA?_E?wQ_W_?wDG?	46	3fffffffffff
N??CA?_E?wQ_W_?wCg?	46	3fffffffffff
N??CA?_E?wQ_W_?wHA?	46	3fffffffffff
N??CA?_E?wQ_W_?wGI?	46	3fffffffffff
N??CA?_E?wQ_W_?wCI?	46	3fffffffffff
N??CA?_E?wQ_Q_GW[??	46	3fffffffffff
N??CA?_E?wQ_Q_GWS_?	46	3bfffffbf7ffd
N??CA?_E?wQ_Q_GWK_?	46	3fffffffffff
N??CA?_E?wQ_Q_GWSG?	46	7fffffffff7f
N??CA?_E?wQ_Q_GWCW?	46	3fffffffffff
N??CA?_E?wQ_Q_GWSC?	46	7fffffffff7f
N??CA?_E?wQ_Q_GWCS?	46	3fffffffffff
N??CA?_E?wQ_Q_GWKA?	46	3fffffffffff
N??CA?_E?wQ_Q_GWCQ?	46	37fffbfffeffb
N??CA?_E?wQ_Q_GWCI?	46	3fffffffffff
N??CA?_E?wQ_Q_GWCE?	46	3fffffffffff
N??CA?_E?wQ_P_GW[??	46	3fffffffffff
N??CA?_E?wQ_P_GWT??	46	3bfffffbf7ffd
N??CA?_E?wQ_P_GWL??	46	3fffffffffff
N??CA?_E?wQ_P_GWKO?	46	3fffffffffff
N??CA?_E?wQ_P_GWDO?	46	1ffffff7efffd
N??CA?_E?wQ_P_GWSG?	46	7fffffffff7f
N??CA?_E?wQ_P_GWDG?	46	3fffffffffff
N??CA?_E?wQ_P_GWCW?	46	3fffffffffff
N??CA?_E?wQ_P_GWSA?	46	2ffeffffffefb
N??CA?_E?wQ_P_GWKA?	46	3fffffffffff
N??CA?_E?wQ_P_GWCI?	46	3fffffffffff
N??CA?_E?wQ_oOGgL??	46	7ffffffff7ff
N??CA?_E?wQ_oOGgK_?	46	7ffffffff7ff
N??CA?_E?wQ_oOGgKA?	46	7ffffffdffff
N??CA?_E?wQ_WOOgT??	46	7ffffffff7ff
N??CA?_E?wQ_WOOgS_?	46	7ffffffff7ff
N??CA?_E?wQ_WOOgDO?	46	3fffffffffff
N??CA?_E?wQ_WOOgCo?	46	3fffffffffff
N??CA?_E?wQ_WOOgPG?	46	3fffffffffff
N??CA?_E?wQ_WOOgDG?	46	3bfffffbf7ffd
N??CA?_E?wQ_WOOg@W?	46	3fffffffffff
N??CA?_E?wQ_WOOgPC?	46	3fffffffffff
N??CA?_E?wQ_WOOgOc?	46	3fffffffffff
N??CA?_E?wQ_WOOg@c?	46	3ffffdefdefff
N??CA?_E?wQ_WOOg@S?	46	3fffffffffff
N??CA?_E?wQ_WOOg@K?	46	3ffffffffffd2
N??CA?_E?wQ_WOOg?k?	46	3ffffffffffd2
N??CA?_E?wQ_WOOgSA?	46	7ffffffdffff
N??CA?_E?wQ_WOOgCQ?	46	3fffffffffff
N??CA?_E?wQ_WOOgOI?	46	3fffffffffff
N??CA?_E?wQ_WOOgCI?	46	2ffeffffffefb
N??CA?_E?wQ_WOOg@I?	46	3ffff7dfdf7ff
N??CA?_E?wQ_WOOg?Y?	46	3fffffffffff
N??CA?_E?wQ_WOOgOE?	46	3fffffffffff
N??CA?_E?wQ_WOOg@E?	46	3ffff7dfdf7ff
N??CA?_E?wQ_WOOg?e?	46	3ffff7dfdf7ff
N??CA?_E?wQ_WOOg?U?	46	3fffffffffff
N??CA?_E?wQ_WOOg?M?	46	3ffffffffffcc
N??CA?_E?wQ_QOW_SC?	46	7ffffffff7ff
N??CA?_E?wQ_QOGg[??	46	3fffffffffff
N??CA?_E?wQ_QOGgK_?	46	3fffbffbf7f7f
N??CA?_E?wQ_QOGgKO?	46	3effffffffcfe
N??CA?_E?wQ_QOGgKC?	46	3bfffffbf7ffd
N??CA?_E?wQ_QOGgKA?	46	2fffff7ff7ffb
N??CA?_E?wQ_POGg[??	46	3fffffffffff
N??CA?_E?wQ_POGgL??	46	3fffbffbf7f7f
N??CA?_E?wQ_POGgKO?	46	3effffffffcfe
N??CA?_E?wQ_POGgKA?	46	2fffff7ff7ffb
N??CA?_E?wQ_OoWGT??	46	1ffffff7efffd
N??CA?_E?wQ_OoWGS_?	46	1ffffff7efffd
N??CA?_E?wQ_OoWGDO?	46	3fffffffffff
N??CA?_E?wQ_OoWGCo?	46	3fffffffffff
N??CA?_E?wQ_OoWGDG?	46	3bfffffbf7ffd
N??CA?_E?wQ_OoWGDC?	46	3bfffffbf7ffd
N??CA?_E?wQ_OoWGSA?	46	3fff7dfffeeff
N??CA?_E?wQ_OoWGCQ?	46	3fffffffffff
N??CA?_E?wQ_OoWGCI?	46	2ffeffffffefb
N??CA?_E?wQ_OoGgL??	46	7fffffffff7f
N??CA?_E?wQ_OoGgK_?	46	7fffffffff7f
N??CA?_E?wQ_OoGgKA?	46	7fffffff7fff
N??CA?_E?wQ_WC?w[??	46	7ffffffdffff
N??CA?_E?wQ_WC?wL??	46	fffffffcffff
N??CA?_E?wQ_WC?wW_?	46	fffffffdf7ff
N??CA?_E?wQ_WC?wKO?	46	3fffffffffff
N??CA?_E?wQ_WC?wHO?	46	3fffffffffff
N??CA?_E?wQ_WC?w@o?	46	3ffffffff7efc
N??CA?_E?wQ_WC?wSG?	46	3fffffffffff
N??CA?_E?wQ_WC?wHG?	46	3fffffffffff
N??CA?_E?wQ_WC?wDG?	46	3fffffffffff
N??CA?_E?wQ_WC?wOg?	46	3fffffffffff
N??CA?_E?wQ_WC?wCW?	46	3fffffffffff
N??CA?_E?wQ_WC?w@W?	46	3fffffffffff
N??CA?_E?wQ_WC?wOK?	46	7ffffffffffb
N??CA?_E?wQ_WC?wGK?	46	3ffffffffffcc
N??CA?_E?wQ_WC?w@K?	46	3fffffffffff
N??CA?_E?wQ_WC?w?k?	46	3fffffffffff
N??CA?_E?wQ_WC?w?[?	46	7ffffffffffe
N??CA?_E?wQ_OcGW[??	46	3fffffffffff
N??CA?_E?wQ_OcGWL??	46	3fffffffffff
N??CA?_E?wQ_OcGWS_?	46	2ffeffffffefb
N??CA?_E?wQ_OcGWK_?	46	3fffffffffff
N??CA?_E?wQ_OcGWDO?	46	37fffbfffeffb
N??CA?_E?wQ_OcGWSG?	46	7fffffff7fff
N??CA?_E?wQ_OcGWDG?	46	3fffffffffff
N??CA?_E?wQ_OcGWCW?	46	3fffffffffff
N??CA?_E?wQ_OcGWDC?	46	3fffffffffff
N??CA?_E?wQ_OSGg[??	46	3fffffffffff
N??CA?_E?wQ_OSGgL??	46	2fffff7ff7ffb
N??CA?_E?wQ_OSGgK_?	46	2fffff7ff7ffb
N??CA?_E?wQ_OSGgKO?	46	3bffbffffff7d
N??CA?_E?wQ_OSGgKG?	46	2ffeffffffefb
N??CA?_E?wQOw?@WL??	46	7fffffffff7f
N??CA?_E?wQOw?@WH_?	46	3fffffffffff
N??CA?_E?wQOw?@WKO?	46	7ffffffff7ff
N??CA?_E?wQOw?@WHO?	46	ffffffffe7ff
N??CA?_E?wQOw?@WHG?	46	3fffffffffff
N??CA?_E?wQOw?@WDG?	46	3fffffffffff
N??CA?_E?wQOw?@WCg?	46	3fffffffffff
N??CA?_E?wQOw?@W@g?	46	fffffffffefe
N??CA?_E?wQOw?@WCW?	46	3fffffffffff
N??CA?_E?wQOw?@W@W?	46	3fffffffffff
N??CA?_E?wQOw?@W@K?	46	7ffffffffffd
N??CA?_E?wQOw?@W?k?	46	7ffffffffffd
N??CA?_E?wQOw?@W?[?	46	3fffffffffff
N??CA?_E?wQOw?@WGQ?	46	fffffffdf7ff
N??CA?_E?wQOw?@WCI?	46	3fffffffffff
N??CA?_E?wQOw?@W?Y?	46	3fffffffffff
N??CA?_E?wQOw?@W?M?	46	7ffffffffffb
N??CA?_E?wQOp?GWL??	46	7ffffffffffb
N??CA?_E?wQOp?GWD_?	46	3bfffffbf7ffd
N??CA?_E?wQOp?GWKO?	46	3fffffffffff
N??CA?_E?wQOp?GWDO?	46	3bfffffbf7ffd
N??CA?_E?wQOp?GWDG?	46	ffffffffeffe
N??CA?_E?wQOp?GWCg?	46	3fffffffffff
N??CA?_E?wQOp?GWCW?	46	3fffffffffff
N??CA?_E?wQOp?GWDC?	46	ffffffffeffe
N??CA?_E?wQOp?GWKA?	46	7ffffffffffe
N??CA?_E?wQOp?GWCQ?	46	2ffeffffffefb
N??CA?_E?wQOp?GWCI?	46	fffffffff77f
N??CA?_E?wQOoOWGD_?	46	1ffffff7efffd
N??CA?_E?wQOoOHGL??	46	3fffffffffff
N??CA?_E?wQOoOHGK_?	46	5ff7fff7efffd
N??CA?_E?wQOoOHGKO?	46	1ffffffffcffe
N??CA?_E?wQOoOHGKC?	46	1ffffffffcffe
N??CA?_E?wQOoOHGKA?	46	3fffffffffff
N??CA?_E?wQOQOHG[??	46	ffffffffe7ff
N??CA?_E?wQOWC@W[??	46	7ffffffeffff
N??CA?_E?wQOWC@WX??	46	fffffffef7ff
N??CA?_E?wQOWC@WP_?	46	3fffffffdef7e
N??CA?_E?wQOWC@WWO?	46	fffffffdf7ff
N??CA?_E?wQOWC@WPO?	46	3fffffffdef7e
N??CA?_E?wQOWC@WSG?	46	3fffffffffff
N??CA?_E?wQOWC@WOW?	46	3fffffffffff
N??CA?_E?wQOWC@WOK?	46	3fffffffffff
N??CA?_E?wQOOSHG[??	46	fffffffdff7f
N??CA?_E?wOoPOgGM??	46	7ffffffff7ff
N??CA?_E?wOoPOgGKA?	46	7ffffffdffff
N??CA?_E?wOoPOKG[??	46	7ffffffff7ff
N??CA?_E?wOoPOGK[??	46	fffffffdfffb
N??CA?_E?g{?GoBGR??	46	3fffffffffff
N??CA?_E?g{?GoBGIO?	46	7fffffffefff
N??CA?_E?g{?GoBGHO?	46	3fffffffffff
N??CA?_E?gy?J??w[??	46	7ffffffdffff
N??CA?_E?gy?J??wT??	46	fffffffdefff
N??CA?_E?gy?J??wPO?	46	3fffffffffff
N??CA?_E?gy?J??wHO?	46	3fffffffffff
N??CA?_E?gy?J??wDO?	46	3fffffffffff
N??CA?_E?gy?J??wCW?	46	7ffffffffffb
N??CA?_E?gy?J??w@W?	46	3fffffffffff
N??CA?_E?gy?J??wWC?	46	7ffffffffffe
N??CA?_E?gy?J??wPC?	46	3fffffffffff
N??CA?_E?gy?J??w@c?	46	3fffffffdef7e
N??CA?_E?gy?J??wGS?	46	7ffffffff7ff
N??CA?_E?gy?J??w@S?	46	3fffffffffff
N??CA?_E?gy?J??w?[?	46	fffffffdfffe
N??CA?_E?gy?I_@W[??	46	7ffffffeffff
N??CA?_E?gy?I_@WT??	46	fffffffeefff
N??CA?_E?gy?I_@WL??	46	7ffffffeffff
N??CA?_E?gy?I_@WS_?	46	3fffffffffff
N??CA?_E?gy?I_@WK_?	46	3fffffffffff
N??CA?_E?gy?I_@WHO?	46	fffffffdff7f
N??CA?_E?gy?I_@WDO?	46	fffffffdfeff
N??CA?_E?gy?I_@WOo?	46	3fffffffffff
N??CA?_E?gy?I_@WGo?	46	3fffffffffff
N??CA?_E?gy?I_@WCo?	46	3fffffffffff
N??CA?_E?gy?I_@WDG?	46	3fffffffffff
N??CA?_E?gy?I_@WCg?	46	3fffffffffff
N??CA?_E?gy?I_@WCW?	46	3fffffffffff
N??CA?_E?gy?I_@W@W?	46	3fffffffffff
N??CA?_E?gy?I_@WDC?	46	3fffffffffff
N??CA?_E?gy?B_GW[??	46	7ffffffffffe
N??CA?_E?gy?B_GWT??	46	2ffeffffffefb
N??CA?_E?gy?B_GWL??	46	3fffffffffff
N??CA?_E?gy?B_GWDO?	46	37fffbfffeffb
N??CA?_E?gy?B_GWSG?	46	7ffffffff7ff
N??CA?_E?gy?B_GWDG?	46	3fffffffffff
N??CA?_E?gy?B_GWCW?	46	7ffffffffffb
N??CA?_E?gy?B_GWDC?	46	3fffffffffff
N??CA?_E?gy?AoHG[??	46	7fffffffff7f
N??CA?_E?gy?AoHGT??	46	3fffffffffff
N??CA?_E?gy?AoHGS_?	46	ffffffffe7ff
N??CA?_E?gy?AoHGDO?	46	3fffffffffff
N??CA?_E?gy?AoHGCo?	46	3fffffffffff
N??CA?_E?gy?AoHGCW?	46	3fffffffffff
N??CA?_E?gx?h??wL??	46	7ffffffdffff
N??CA?_E?gx?h??wF??	46	fffffffdefff
N??CA?_E?gx?h??wDO?	46	3fffffffffff
N??CA?_E?gx?h??wBO?	46	3fffffffffff
N??CA?_E?gx?h??wKG?	46	3ffffffff87ff
N??CA?_E?gx?h??wEG?	46	3fffffffffff
N??CA?_E?gx?h??wDG?	46	3fffffffffff
N??CA?_E?gx?h??wBG?	46	3fffffffffff
N??CA?_E?gx?h??wAg?	46	3fffffffffff
N??CA?_E?gx?h??wGW?	46	3ffdffdfdff7f
N??CA?_E?gx?h??wCW?	46	3ffdffdfdff7f
N??CA?_E?gx?h??w?w?	46	3fffffffffff
N??CA?_E?gx?h??wGK?	46	3ffdffdfdff7f
N??CA?_E?gx?h??w@K?	46	3fffffffffff
N??CA?_E?gx?h??w?[?	46	3ffffffe67fff
N??CA?_E?gx?W_@WU??	46	7ffffffeffff
N??CA?_E?gx?W_@WT??	46	fffffffcffff
N??CA?_E?gx?W_@WF??	46	7ffffffeffff
N??CA?_E?gx?W_@WS_?	46	3fffffffffff
N??CA?_E?gx?W_@WQ_?	46	3fffffffffff
N??CA?_E?gx?W_@WE_?	46	3fffffffffff
N??CA?_E?gx?W_@WBO?	46	fffffffdff7f
N??CA?_E?gx?W_@WAo?	46	3fffffffffff
N??CA?_E?gx?W_@WSG?	46	3ffffffff87ff
N??CA?_E?gx?W_@WDG?	46	3fffffffffff
N??CA?_E?gx?W_@WBG?	46	3fffffffffff
N??CA?_E?gx?W_@WOg?	46	3fffffffffff
N??CA?_E?gx?W_@WAg?	46	3fffffffffff
N??CA?_E?gx?W_@WOW?	46	3ffdffdfdff7f
N??CA?_E?gx?W_@WCW?	46	3ffdffdfdff7f
N??CA?_E?gx?W_@W?w?	46	3fffffffffff
N??CA?_E?gx?W_@WSC?	46	3ffffffff87ff
N??CA?_E?gx?W_@WQC?	46	3fffffffffff
N??CA?_E?gx?W_@WPC?	46	3fffffffffff
N??CA?_E?gx?W_@WBC?	46	3fffffffffff
N??CA?_E?gx?W_@WAc?	46	7fffffffefff
N??CA?_E?gx?W_@WOS?	46	3ffdffdfdff7f
N??CA?_E?gx?W_@W@S?	46	3fffffffffff
N??CA?_E?gx?W_@W?s?	46	3fffffffffff
N??CA?_E?gx?W_@WOK?	46	3ffdffdfdff7f
N??CA?_E?gx?W_@WCK?	46	3ffdffdfdff7f
N??CA?_E?gx?W_@W@K?	46	3fffffffffff
N??CA?_E?gx?W_@W?[?	46	3ffffffe67fff
N??CA?_E?gx?I_@W[??	46	fffffffcffff
N??CA?_E?gx?I_@WY??	46	fffffffef7ff
N??CA?_E?gx?I_@WU??	46	fffffffeefff
N??CA?_E?gx?I_@WM??	46	7ffffffeffff
N??CA?_E?gx?I_@WW_?	46	3fffffffffff
N??CA?_E?gx?I_@WK_?	46	3fffffffffff
N??CA?_E?gx?I_@WSG?	46	3fffffffffff
N??CA?_E?gx?I_@WKG?	46	3fffffffffff
N??CA?_E?gx?I_@WQG?	46	3fffffffffff
N??CA?_E?gx?I_@WIG?	46	3fffffffffff
N??CA?_E?gx?I_@WEG?	46	3fffffffffff
N??CA?_E?gx?I_@WCW?	46	3fffffffffff
N??CA?_E?gx?I_@WAW?	46	3fffffffffff
N??CA?_E?gx?I_@W?w?	46	3fffffffffff
N??CA?_E?gx?I_@WOK?	46	3fffffffffff
N??CA?_E?gx?I_@WGK?	46	3fffffffffff
N??CA?_E?gx?I_@WAK?	46	3fffffffffff
N??CA?_E?gx?I_@W?k?	46	7ffffffff7ff
N??CA?_E?gx?P_GWU??	46	3fffffffffff
N??CA?_E?gx?P_GWT??	46	3fffffffffff
N??CA?_E?gx?P_GWF??	46	3fffffffffff
N??CA?_E?gx?P_GWS_?	46	3fffffffffff
N??CA?_E?gx?P_GWSG?	46	3ffffffff87ff
N??CA?_E?gx?P_GWDG?	46	3fffffffffff
N??CA?_E?gx?AoHG[??	46	3ffeff7ff7eff
N??CA?_E?gx?AoHGU??	46	3fffffffffff
N??CA?_E?gx?AoHGKO?	46	37ffffbfefffb
N??CA?_E?gx?gG@oM??	46	7ffffffff7ff
N??CA?_E?gx?gG@oK_?	46	3fffffffffff
N??CA?_E?gx?gG@oKO?	46	3ffffffff87ff
N??CA?_E?gx?gG@oDO?	46	3fffffffffff
N??CA?_E?gx?gG@oCo?	46	3fffffffffff
N??CA?_E?gx?gG@oKG?	46	3ffffffff87ff
N??CA?_E?gx?gG@oDG?	46	3fffffffffff
N??CA?_E?gx?gG@oCW?	46	3ffdffdfdff7f
N??CA?_E?gx?gG@oKC?	46	ffffffffc87ff
N??CA?_E?gx?gG@oCK?	46	3ffdffdfdff7f
N??CA?_E?gx?IG@o[??	46	fffffffdf7ff
N??CA?_E?gx?IG@oU??	46	ffffffffe7ff
N??CA?_E?gx?IG@oKO?	46	3fffffffffff
N??CA?_E?gx?IG@oEO?	46	3fffffffffff
N??CA?_E?gx?IG@oCW?	46	3fffffffffff
N??CA?_E?gx?IG@oSC?	46	3fffffffd77fd
N??CA?_E?gx?IG@oEC?	46	3fffffffdef7e
N??CA?_E?gr?X??wX??	46	fffffffdf7ff
N??CA?_E?gr?X??wL??	46	fffffffcffff
N??CA?_E?gr?X??wK_?	46	ffffffffc87ff
N??CA?_E?gr?X??wKO?	46	3fffffffff87f
N??CA?_E?gr?X??wHO?	46	3fffffffffff
N??CA?_E?gr?X??wGo?	46	3fffffffffff
N??CA?_E?gr?X??w@o?	46	3ffffffff7efc
N??CA?_E?gr?X??wPG?	46	ffffffffff7e
N??CA?_E?gr?X??wHG?	46	3fffffffffff
N??CA?_E?gr?X??wDG?	46	3fffffffffff
N??CA?_E?gr?X??wGg?	46	3ffff7dfdf7ff
N??CA?_E?gr?X??wCg?	46	3ffff7dfdf7ff
N??CA?_E?gr?X??wCW?	46	3bfffffbf7ffd
N??CA?_E?gr?X??w@W?	46	fffffffff7fd
N??CA?_E?gr?X??w?w?	46	3fffffffffff
N??CA?_E?gr?X??w@K?	46	7ffffffff7ff
N??CA?_E?gr?X??w?k?	46	3fffffff0ffff
N??CA?_E?gr?X??w?[?	46	effefffffeefa
N??CA?_E?gr?P_GWT??	46	effefffffeefa
N??CA?_E?gr?P_GWL??	46	7ffffffffffe
N??CA?_E?gr?P_GWK_?	46	3ffffffff87ff
N??CA?_E?gr?P_GWKO?	46	3fffffffff87f
N??CA?_E?gr?P_GWDO?	46	37fffbfffeffb
N??CA?_E?gr?P_GWCo?	46	37fffbfffeffb
N??CA?_E?gr?P_GWDG?	46	3ffffffffe67f
N??CA?_E?gr?P_GWCg?	46	3ffff7dfdf7ff
N??CA?_E?gr?P_GWCW?	46	7bffdffbf7ffd
N??CA?_E?gr?P_GWCc?	46	3ffff7dfdf7ff
N??CA?_E?gr?POGgL??	46	2fffff7ff7ffb
N??CA?_E?gr?POGgK_?	46	3ffe7fda37bf077b
N??CA?_E?gr?POGgKO?	46	3ffdbf739b7ee87d
N??CA?_E?gp_w??wDG?	46	3fffffffffff
N??CA?_E?gp_w??w@K?	46	3fffffffffff
N??CA?_E?gp_Y??w[??	46	7ffffffdffff
N??CA?_E?gp_Y??wY??	46	fffffffdf7ff
N??CA?_E?gp_Y??wM??	46	fffffffcffff
N??CA?_E?gp_Y??wW_?	46	fffffffdf7ff
N??CA?_E?gp_Y??wK_?	46	fffffffcffff
N??CA?_E?gp_Y??wKO?	46	3fffffffffff
N??CA?_E?gp_Y??wIO?	46	3fffffffffff
N??CA?_E?gp_Y??wAo?	46	3ffffffff7efc
N??CA?_E?gp_Y??wSG?	46	3fffffffffff
N??CA?_E?gp_Y??wQG?	46	3fffffffffff
N??CA?_E?gp_Y??wIG?	46	3fffffffffff
N??CA?_E?gp_Y??wEG?	46	3fffffffffff
N??CA?_E?gp_Y??wOg?	46	3fffffffffff
N??CA?_E?gp_Y??wGW?	46	3fffffffffff
N??CA?_E?gp_Y??wCW?	46	3fffffffffff
N??CA?_E?gp_Y??wAW?	46	3fffffffffff
N??CA?_E?gp_Y??wOK?	46	7ffffffffffb
N??CA?_E?gp_Y??wAK?	46	3fffffffffff
N??CA?_E?gp_Y??w?k?	46	3fffffffffff
N??CA?_E?gp_Y??w?[?	46	7ffffffffffe
N??CA?_E?gp_o_GWL??	46	3fffffffffff
N??CA?_E?gp_Q_GW[??	46	3fffffffffff
N??CA?_E?gp_Q_GWU??	46	2ffeffffffefb
N??CA?_E?gp_Q_GWM??	46	3fffffffffff
N??CA?_E?gp_Q_GWS_?	46	2ffeffffffefb
N??CA?_E?gp_Q_GWK_?	46	3fffffffffff
N??CA?_E?gp_Q_GWKO?	46	3fffffffffff
N??CA?_E?gp_Q_GWEO?	46	37fffbfffeffb
N??CA?_E?gp_Q_GWSG?	46	7fffffff7fff
N??CA?_E?gp_Q_GWEG?	46	3fffffffffff
N??CA?_E?gp_Q_GWCg?	46	3fffffffffff
N??CA?_E?gp_Q_GWCW?	46	3fffffffffff
N??CA?_E?gp_Q_GWEC?	46	3fffffffffff
N??CA?_E?gp_Q_GWCS?	46	3fffffffffff
N??CA?_E?gp_QOGg[??	46	3fffffffffff
N??CA?_E?gp_QOGgM??	46	2fffff7ff7ffb
N??CA?_E?gp_QOGgKO?	46	7bf7bffffff7d
N??CA?_E?gwOi?@WM??	46	7ffffffeffff
N??CA?_E?gwOi?@WL??	46	fffffffcffff
N??CA?_E?gwOi?@WK_?	46	3fffffffffff
N??CA?_E?gwOi?@WE_?	46	3ffff7dfdf7ff
N??CA?_E?gwOi?@WKO?	46	ffffffffc87ff
N??CA?_E?gwOi?@WHO?	46	3fffffffd77fd
N??CA?_E?gwOi?@WCo?	46	3fffffffffff
N??CA?_E?gwOi?@WAo?	46	3fffffffffff
N??CA?_E?gwOi?@WEG?	46	3fffffffffff
N??CA?_E?gwOi?@WCW?	46	3ffdffdfdff7f
N??CA?_E?gwOi?@W@W?	46	3fffffffffff
N??CA?_E?gwOi?@W?w?	46	3fffffffffff
N??CA?_E?gwOi?@WKC?	46	3ffffffff87ff
N??CA?_E?gwOi?@WHC?	46	3fffffffffff
N??CA?_E?gwOi?@WBC?	46	3fffffff0ffff
N??CA?_E?gwOi?@WGS?	46	3ffdffdfdff7f
N??CA?_E?gwOi?@WCS?	46	3ffdffdfdff7f
N??CA?_E?gwOi?@W?s?	46	3fffffffffff
N??CA?_E?gwOi?@WGK?	46	fffdffdfd7e7f
N??CA?_E?gwOi?@WAK?	46	ffffffffe7ff
N??CA?_E?gwOi?@W?k?	46	3fffffffef7fa
N??CA?_E?gwOi?@W?[?	46	3ffffffe67fff
N??CA?_E?gwOgOBGL??	46	3fffffffffff
N??CA?_E?gwOgOBGDO?	46	3fffffffffff
N??CA?_E?gwOgOBGBO?	46	3fdffffffb7fe
N??CA?_E?gwOgOBGBG?	46	3fdffffffb7fe
N??CA?_E?gwOgOBG@W?	46	7fdeff7ff7eff
N??CA?_E?gwOgOBGHC?	46	7fffffff7fff
N??CA?_E?gwOaOHGL??	46	3ffeff7ff7eff
N??CA?_E?gwOaOHGKO?	46	3ffe7fda37bf077b
N??CA?_E?gwOaOHGKG?	46	3ffe7fda37bf077b
N??CA?_E?gwOaOHGEG?	46	3fffffffffff
N??CA?_E?gwOaOHGDG?	46	37ffffbfefffb
N??CA?_E?gwOaOHGCg?	46	3fff7fefdfeff
N??CA?_E?gwOaOHGCS?	46	3ffdffdfdff7f
N??CA?_E?gwOaOHGCK?	46	3ffdffdfdff7f
N??CA?_E?gwOgGBOL??	46	3fffffffffff
N??CA?_E?gwOgGBODO?	46	3fffffff0ffff
N??CA?_E?gwOWGBOU??	46	fffffffdfffd
N??CA?_E?gwOWGBOT??	46	7ffffffdffff
N??CA?_E?gqOY?@WX??	46	fffffffef7ff
N??CA?_E?gqOR?GWT??	46	2ffeffffffefb
N??CA?_E?gqOR?GWSG?	46	fbffbfffff77c
N??CA?_E?gpOw?@WI_?	46	3fffffffffff
N??CA?_E?gpOw?@WKO?	46	ffffffffc87ff
N??CA?_E?gpOw?@WHO?	46	3fffffffd77fd
N??CA?_E?gpOw?@WBO?	46	3fffffffdef7e
N??CA?_E?gpOw?@WDG?	46	3fffffffffff
N??CA?_E?gpOw?@WCg?	46	1ffffff7efffd
N??CA?_E?gpOw?@WGW?	46	3ffdffdfdff7f
N??CA?_E?gpOw?@WCW?	46	3ffdffdfdff7f
N??CA?_E?gpOw?@WAK?	46	fffffffffff9
N??CA?_E?gpOw?@W?k?	46	ffff7dfffeefa
N??CA?_E?gpOw?@W?[?	46	3ffffffe67fff
N??CA?_E?gpOp?GWM??	46	7ffffffffffe
N??CA?_E?gpOp?GWL??	46	7ffffffffffe
N??CA?_E?gpOp?GWE_?	46	6ffaffffffefb
N??CA?_E?gpOp?GWKO?	46	3ffffffff87ff
N??CA?_E?gpOp?GWCg?	46	5ff7fff7efffd
N??CA?_E?gpOp?GWCW?	46	3ffdffdfdff7f
N??CA?_E?gpOp?GWCS?	46	3ffdffdfdff7f
N??CA?_E?gpOoOHGL??	46	7fdeff7ff7eff
N??CA?_E?gpOoOHGK_?	46	3ffdbf739b7ee87d
N??CA?_E?gpOoOHGKO?	46	3ffe7fda37bf077b
N??CA?_E?gpOoOHGKG?	46	3ffe7fda37bf077b
N??CA?_E?gpOQOHG[??	46	fffeff7fd7e7f
N??CA?__eCB_M?@WKA?	46	fffffffdfffe
N??CA?__eCB_M?@WEA?	46	fffffffdefff
N??CA?__eCB_M?@WCI?	46	ffffffff77ff
N??CA?__eCB_M?@WAI?	46	ffffffff7f7f
N??CA?__eCB_M?@W?i?	46	ffffffffff74c
N??CA?__eCB_M?@WGE?	46	fbffbfffff77c
N??CA?__eCB_M?@W?M?	46	fffffbbfce7ff
N??CA?__eCB_EOHGKA?	46	fffdf7ffff77c
N??CA?__eCB_EOHGCa?	46	ffffffff0e7ff
N??CA?__eCB_EOHGCI?	46	fbffbfffff77c
N??CA?__eCB_EOHGCE?	46	ffffffff0e7ff
N??CA?__eCBGL?BGKA?	46	ffffffffeffd
N??CA?__eCBGL?BGEA?	46	7fffffffefff
N??CA?__eCBGL?BGCa?	46	ffffffffe7ff
N??CA?__eCBGL?BGCI?	46	fffffffdfffe
N??CA?__eCBGL?BG?i?	46	7fffffffff7f
N??CAA_S?WU?J?AoGa?	46	3fffffffffff
N??CAA_S?WU?J?AoGQ?	46	3fffffffffff
N??CAA_S?WU?J?AoGI?	46	7fffffffff7f
N??CAA_S?WU?J?AoAI?	46	7fffffffff7f
N??CAA_S?WU?J?AoGE?	46	7fffffffff7f
N??CAA_S?WU?J?Ao?M?	46	3fffffffffff
N??CAA_S?WU?J?AoGB?	46	3fffffffffff
N??CAA_S?WU?J??qHA?	46	3fffffffffff
N??CAA_S?WU?J??qGQ?	46	3fffffffffff
N??CAA_S?WU?J??qGI?	46	7fffffff7fff
N??CAA_S?WU?J??qAI?	46	7fffffff7fff
N??CAA_S?WU?J??qGE?	46	7fffffff7fff
N??CAA_S?WU?J??q?M?	46	3fffffffffff
N??CAA_S?WU?I_DO@g?	46	3fffffffffff
N??CAA_S?WU?I_DO@c?	46	3ffff7dfdf7ff
N??CAA_S?WU?I_DO@a?	46	3fffffffffff
N??CAA_S?WU?I_DOGI?	46	3ffffffffffcc
N??CAA_S?WU?I_DO@I?	46	3fffffffffff
N??CAA_S?WU?I_DO?i?	46	3ffffffffffcc
N??CAA_S?WU?I_DO?Y?	46	1ffffffffb7fe
N??CAA_S?WU?I_DO?M?	46	1ffffffffb7fe
N??CAA_S?WU?I_DO?h?	46	3fffffffffff
N??CAA_S?WU?I_DO?b?	46	3fffffffffff
N??CAA_S?WU?I_BOGc?	46	3fffffffffff
N??CAA_S?WU?I_BO?[?	46	3ffffffffffd2
N??CAA_S?WU?I_BOGa?	46	3fffffffffff
N??CAA_S?WU?I_BOAa?	46	3fffffffffff
N??CAA_S?WU?I_BOGQ?	46	3fffffffffff
N??CAA_S?WU?I_BOGI?	46	3fffffffffff
N??CAA_S?WU?I_BOAI?	46	3fffffffffff
N??CAA_S?WU?I_BOGB?	46	3fffffffffff
N??CAA_S?WU?I_@oHC?	46	3fffffffffff
N??CAA_S?WU?I_@o@c?	46	3faeffff75e937d2
N??CAA_S?WU?I_@oHA?	46	3fffffffffff
N??CAA_S?WU?I_@oGa?	46	3fffffffffff
N??CAA_S?WU?I_@oAI?	46	1ffffffffb7fe
N??CAA_S?WU?I_@oGE?	46	1ffffffffb7fe
N??CAA_S?WU?I_@o?M?	46	3ffdf7ffff77f
N??CAA_S?WU?I_@WH_?	46	3fffffffffff
N??CAA_S?WU?I_@WB_?	46	3ffff7dfdf7ff
N??CAA_S?WU?I_@WHO?	46	3fffffffffff
N??CAA_S?WU?I_@W@o?	46	3faeffff75e937d2
N??CAA_S?WU?I_@WIG?	46	3ffffffffffcc
N??CAA_S?WU?I_@WAg?	46	3fffffffffff
N??CAA_S?WU?I_@W@g?	46	3ffffffffffd2
N??CAA_S?WU?I_@W?w?	46	3ffffffffffd2
N??CAA_S?WU?I_@WGa?	46	3fffffffffff
N??CAA_S?WU?I_@WAa?	46	3fffffffffff
N??CAA_S?WU?I_@W@a?	46	3fffffffffff
N??CAA_S?WU?I_@WGQ?	46	1ffffffffb7fe
N??CAA_S?WU?I_@WGI?	46	1ffffffffb7fe
N??CAA_S?WU?I_@WAI?	46	1ffffffffb7fe
N??CAA_S?WU?I_@W?Y?	46	3ffdf7ffff77f
N??CAA_S?WU?I_@WA`?	46	3fffffff0ffff
N??CAA_S?WU?I_@WGB?	46	3fffffffffff
N??CAA_S?WU?I_@SH_?	46	3fffffffffff
N??CAA_S?WU?I_@SB_?	46	3fffffffffff
N??CAA_S?WU?I_@SGo?	46	3fffffffffff
N??CAA_S?WU?I_@S@g?	46	3fffffffffff
N??CAA_S?WU?I_@SGc?	46	3fffffffffff
N??CAA_S?WU?I_@SAc?	46	3fffffffffff
N??CAA_S?WU?I_@S@c?	46	3fffffffffff
N??CAA_S?WU?I_@SAK?	46	1ffffffffb7fe
N??CAA_S?WU?I_@S?[?	46	3ffdf7ffff77f
N??CAA_S?WU?I_@SH@?	46	3fffffffffff
N??CAA_S?WU?I_@SG`?	46	3ffffffffffd2
N??CAA_S?WU?I_@S?h?	46	3ffffffff87ff
N??CAA_S?WU?I_@SAD?	46	3fffffffffff
N??CAA_S?WU?I_@QHA?	46	3fffffffffff
N??CAA_S?WU?I_@QGI?	46	3ffffffffffe1
N??CAA_S?WU?I_@QAI?	46	3ffffffffffe1
N??CAA_S?WU?I_@QGE?	46	37ffffbfefffb
N??CAA_S?WU?I_@Q?M?	46	3fffffffffff
N??CAA_S?WU?IOB_IG?	46	3fffffffffff
N??CAA_S?WU?IOB_Ac?	46	3ffff7dfdf7ff
N??CAA_S?WU?IOB_AK?	46	3fffffffffff
N??CAA_S?WU?IOB_?k?	46	3ffffffffffd2
N??CAA_S?WU?IOB_IA?	46	3fffffffffff
N??CAA_S?WU?IOB_Ga?	46	3fffffffffff
N??CAA_S?WU?IOB_Aa?	46	3fffffffffff
N??CAA_S?WU?IOB_GQ?	46	3fffffffffff
N??CAA_S?WU?IOB_GI?	46	3fffffffffff
N??CAA_S?WU?IOB_AI?	46	3fffffffffff
N??CAA_S?WU?IOB_GE?	46	3fffffffffff
N??CAA_S?WU?IOB_AE?	46	3fffffffffff
N??CAA_S?WU?IOB_?e?	46	3fffffffffff
N??CAA_S?WU?IOB_AH?	46	3fffffffffff
N??CAA_S?WU?IOB_AD?	46	3fffffff0ffff
N??CAA_S?WU?IOB_GB?	46	3fffffffffff
N??CAA_S?WU?IO@oJ??	46	3fffffffffff
N??CAA_S?WU?IO@oH_?	46	3fffffffffff
N??CAA_S?WU?IO@oB_?	46	3fffffffffff
N??CAA_S?WU?IO@o@o?	46	3ffffffffffd2
N??CAA_S?WU?IO@oIC?	46	3ffffffffffcc
N??CAA_S?WU?IO@o@c?	46	3ffffffffffd2
N??CAA_S?WU?IO@oIA?	46	3ffffffffffcc
N??CAA_S?WU?IO@oGE?	46	1ffffffffb7fe
N??CAA_S?WU?IO@oAE?	46	1ffffffffb7fe
N??CAA_S?WU?IO@oB@?	46	3fffffffffff
N??CAA_S?WU?IO@o?p?	46	3ffffffffffcc
N??CAA_S?WU?EOB_Co?	46	3ffffef7ef7ff
N??CAA_S?WU?EOB_KG?	46	3fffffffffff
N??CAA_S?WU?EOB_Cg?	46	3fffffffffff
N??CAA_S?WU?EOB_Gc?	46	3fffffffffff
N??CAA_S?WU?EOB_Cc?	46	3ffff7dfdf7ff
N??CAA_S?WU?EOB_GK?	46	3fffffffffff
N??CAA_S?WU?EOB_?k?	46	3fffffffffff
N??CAA_S?WU?EOB_KA?	46	3fffffffffff
N??CAA_S?WU?EOB_Ca?	46	3fffffffffff
N??CAA_S?WU?EOB_CI?	46	3fffffffffff
N??CAA_S?WU?EOB_?i?	46	3fffffffffff
N??CAA_S?WU?EOB_?Y?	46	3fffffffffff
N??CAA_S?WU?EOB_CH?	46	3fffffffffff
N??CAA_S?WU?GoR?B_?	46	7ffffffeffff
N??CAA_S?WU?GoR?@o?	46	fffffffeefff
N??CAA_S?WU?GoR?@g?	46	2ffeffffffefb
N??CAA_S?WU?GoR?@c?	46	fffffffdefff
N??CAA_S?WU?GoR?@S?	46	7fffffffff7f
N??CAA_S?WU?GoR?@a?	46	3effffffffb7e
N??CAA_S?WU?GoR?@I?	46	3fffffffffff
N??CAA_S?WU?GoR??T?	46	7fffffff7fff
N??CAA_S?WU?GoR?@B?	46	3fffbffbf7f7f
N??CAA_S?WU?GoR??J?	46	3fffffffffff
N??CAA_S?WU?GoF?@o?	46	3ffffef7ef7ff
N??CAA_S?WU?GoF?@g?	46	7fffffff7fff
N??CAA_S?WU?GoF?@c?	46	3ffff7dfdf7ff
N??CAA_S?WU?GoF?HA?	46	3fffffffffff
N??CAA_S?WU?GoF?@I?	46	3fffffffffff
N??CAA_S?WU?GoF?@E?	46	3fffffffffff
N??CAA_S?WU?GoF?GB?	46	3fffffffffff
N??CAA_S?WU?GoF??J?	46	3fffffffffff
N??CAA_S?WU?GoB_HC?	46	3fffffffffff
N??CAA_S?WU?GoB_BC?	46	3ffff7dfdf7ff
N??CAA_S?WU?GoB_@K?	46	3ffffffffffd2
N??CAA_S?WU?GoB_GD?	46	3fffffffffff
N??CAA_S?WU?GoB_AD?	46	3fffffff0ffff
N??CAA_S?WU?GoB_?L?	46	3ffffffffffcc
N??CAA_S?WU?GoB_?F?	46	3fffffffffff
N??CAA_S?WU?GoBO@o?	46	3ffffffffffd2
N??CAA_S?WU?GoBOHA?	46	3fffffffffff
N??CAA_S?WU?GoBOGB?	46	3fffffffffff
N??CAA_S?WU?GoBGBO?	46	3ffff7dfdf7ff
N??CAA_S?WU?GoBG@o?	46	3faeffff75e937d2
N??CAA_S?WU?GoBG@g?	46	3ffffffffffd2
N??CAA_S?WU?GoBG@W?	46	3ffffffffffd2
N??CAA_S?WU?GoBGHA?	46	7fffffffff7f
N??CAA_S?WU?GoBGBA?	46	3fffffffffff
N??CAA_S?WU?GoBG@a?	46	ffffffffeffb
N??CAA_S?WU?GoBGAP?	46	3fffffff0ffff
N??CAA_S?WU?GoBG?X?	46	3ffffffffffcc
N??CAA_S?WU?GoBGGB?	46	7fffffff7fff
N??CAA_S?WU?GoBCJ??	46	3fffffffffff
N??CAA_S?WU?GoBCB_?	46	3ffffdefdefff
N??CAA_S?WU?GoBC@o?	46	fffffffefffb
N??CAA_S?WU?GoBC@g?	46	7ffffffffffb
N??CAA_S?WU?GoBC@S?	46	7ffffffffffd
N??CAA_S?WU?GoBCI@?	46	3fffffffffff
N??CAA_S?WU?GoBC@H?	46	7ffffffffffe
N??CAA_S?WU?GoBC?T?	46	7ffffffffffb
N??CAA_S?WU?EG@oD_?	46	3ffff7dfdf7ff
N??CAA_S?WU?EG@oDG?	46	3fffffffffff
N??CAA_S?WU?EG@o@g?	46	3fffffffffff
N??CAA_S?WU?EG@oKA?	46	ffffffffff74c
N??CAA_S?WU?EG@oDA?	46	3ffffffffe67f
N??CAA_S?WU?GWB_H_?	46	3fffffffdef7e
N??CAA_S?WU?GWB_B_?	46	3ffff7dfdf7ff
N??CAA_S?WU?GWB_BO?	46	3ffff7dfdf7ff
N??CAA_S?WU?GWB_BG?	46	3fffffffffff
N??CAA_S?WU?GWB_@g?	46	3ffffffffffd2
N??CAA_S?WU?GWB_@W?	46	3ffffffffffd2
N??CAA_S?WU?GWB_HA?	46	7fffffffff7f
N??CAA_S?WU?GWB_BA?	46	3fffffffffff
N??CAA_S?WU?GWB_@a?	46	3ffffffffe7f9
N??CAA_S?WU?GWB_B@?	46	3fffffff0ffff
N??CAA_S?WU?GWB_AP?	46	3fffffff0ffff
N??CAA_S?WU?GWB_AH?	46	7ffffffff7ff
N??CAA_S?WU?GWB_?X?	46	3ffffffffffcc
N??CAA_S?WU?GWB_GB?	46	ffffffff77ff
N??CAA_S?WU?CWB_H_?	46	fffffffdff7f
N??CAA_S?WU?CWB_D_?	46	3ffff7dfdf7ff
N??CAA_S?WU?CWB_@g?	46	3fffffffffff
N??CAA_S?WU?CWB_H@?	46	fffffffe7fff
N??CAA_S?WU?AWB_I_?	46	3fffffffffff
N??CAA_S?WU?AWB_E_?	46	3ffff7dfdf7ff
N??CAA_S?WU?AWB_KO?	46	3fffffffffff
N??CAA_S?WU?AWB_IG?	46	3fffffffffff
N??CAA_S?WU?AWB_EG?	46	3fffffffffff
N??CAA_S?WU?AWB_KA?	46	3fffffffffff
N??CAA_S?WU?AWB_EA?	46	3fffffffffff
N??CAA_S?WU?AWB_Ga?	46	3fffffffffff
N??CAA_S?WU?AWB_Ca?	46	3fffffffffff
N??CAA_S?WU?AWB_Aa?	46	3fffffffffff
N??CAA_S?WU?AWB_GQ?	46	3fffffffffff
N??CAA_S?WU?AWB_I@?	46	3fffffffffff
N??CAA_S?WU?AWB_E@?	46	3fffffff0ffff
N??CAA_S?WU?AWB_GB?	46	3fffffffffff
N??CAA_S?WU??wR?D_?	46	fffffffdefff
N??CAA_S?WU??wR?B_?	46	7ffffffdffff
N??CAA_S?WU??wR?DO?	46	7fffffffff7f
N??CAA_S?WU??wR?@g?	46	37fffbfffeffb
N??CAA_S?WU??wR?@a?	46	1ffffeffff7fd
N??CAA_S?WU??wR?CP?	46	7fffffff7fff
N??CAA_S?WU??wR?@B?	46	37ffffbfefffb
N??CAA_S?WU??wJ?BO?	46	3ffff7dfdf7ff
N??CAA_S?WU??wJ?@o?	46	3faeffff75e937d2
N??CAA_S?WU??wJ?@g?	46	3ffffffffffd2
N??CAA_S?WU??wJ?@W?	46	3ffffffffffd2
N??CAA_S?WU??wJ?HA?	46	7fffffffff7f
N??CAA_S?WU??wJ?BA?	46	3fffffffffff
N??CAA_S?WU??wJ?@a?	46	ffffffffeffb
N??CAA_S?WU??wJ?@Q?	46	3fffffffffff
N??CAA_S?WU??wJ?GP?	46	3fffffffffff
N??CAA_S?WU??wJ?AP?	46	3fffffff0ffff
N??CAA_S?WU??wJ??X?	46	3ffffffffffcc
N??CAA_S?WU??wJ?GB?	46	7fffffff7fff
N??CAA_S?WU??wJ??R?	46	3fffffffffff
N??CAA_S?WU??wF?D_?	46	3ffff7dfdf7ff
N??CAA_S?WU??wF?@g?	46	7fffffff7fff
N??CAA_S?WU??wF?DA?	46	3fffffffffff
N??CAA_S?WU??wF?@I?	46	3fffffffffff
N??CAA_S?WU??wF??J?	46	3fffffffffff
N??CAA_S?WU?BCAoM??	46	7ffffffff7ff
N??CAA_S?WU?BCAoKO?	46	3fffffffffff
N??CAA_S?WU?BCAoCo?	46	3fffffffffff
N??CAA_S?WU?BCAoIG?	46	3fffffffffff
N??CAA_S?WU?BCAoEG?	46	3fffffffffff
N??CAA_S?WU?BCAoCg?	46	3fffffffffff
N??CAA_S?WU?BCAoCW?	46	7ffffffffffd
N??CAA_S?WU?BCAoGc?	46	3fffffffffff
N??CAA_S?WU?BCAoAc?	46	3fffffffffff
N??CAA_S?WU?BCAo?k?	46	3fffffffffff
N??CAA_S?WU?BCAoC`?	46	3fffffffffff
N??CAA_S?WU?BC?qM??	46	7ffffffdffff
N??CAA_S?WU?BC?qD_?	46	3fffffffffff
N??CAA_S?WU?BC?qKO?	46	3fffffffffff
N??CAA_S?WU?BC?qEG?	46	3fffffffffff
N??CAA_S?WU?BC?qDG?	46	3fffffffffff
N??CAA_S?WU?BC?qCW?	46	7ffffffffffb
N??CAA_S?WU?ASB_K_?	46	3fffffffffff
N??CAA_S?WU?ASB_I_?	46	3fffffffffff
N??CAA_S?WU?ASB_E_?	46	3fffffffffff
N??CAA_S?WU?ASB_KO?	46	3fffffffffff
N??CAA_S?WU?ASB_Co?	46	3fffffffffff
N??CAA_S?WU?ASB_Cg?	46	3fffffffffff
N??CAA_S?WU?ASB_CW?	46	3fffffffffff
N??CAA_S?WU?ASB_KC?	46	3fffffffffff
N??CAA_S?WU?ASB_GK?	46	3fffffffffff
N??CAA_S?WU?ASB_AK?	46	3fffffffffff
N??CAA_S?WU?ASB_?k?	46	3fffffffffff
N??CAA_S?WU?ASB_?[?	46	3fffffffffff
N??CAA_S?WU?ASB_CH?	46	3fffffffffff
N??CAA_S?WU??sR?D_?	46	3fffffffffff
N??CAA_S?WU??sR?DG?	46	3fffffffffff
N??CAA_S?WU??sR?@g?	46	1ffffffffb7fe
N??CAA_S?WU??sR?@W?	46	3fffffffffff
N??CAA_S?WU??sR?@c?	46	3fffffffffff
N??CAA_S?WU??sR?CH?	46	3fffffffffff
N??CAA_S?WU??sR??X?	46	3fffffffffff
N??CAA_S?WU??sR?@D?	46	3fffffffffff
N??CAA_S?WU??sF?L??	46	3fffffffffff
N??CAA_S?WU??sF?H_?	46	3fffffffffff
N??CAA_S?WU??sF?@o?	46	3fffffffffff
N??CAA_S?WU??sF?DG?	46	3fffffffffff
N??CAA_S?WU??sF?@g?	46	3fffffffffff
N??CAA_S?WU??sF?@K?	46	3fffffffffff
N??CAA_S?WU??sF?K@?	46	3fffffffffff
N??CAA_S?WU??sF?GH?	46	3fffffffffff
N??CAA_S?WU??sF?CH?	46	3fffffffffff
N??CAA_S?WU??sF?@H?	46	3fffffffffff
N??CAA_S?WU??sF??L?	46	3fffffffffff
N??CAA_S?WT?L?Co@c?	46	3ffff7dfdf7ff
N??CAA_S?WT?L?Co@a?	46	3fffffffffff
N??CAA_S?WT?L?Co?Y?	46	1ffffffffb7fe
N??CAA_S?WT?L?Co@E?	46	3fffffffffff
N??CAA_S?WT?L?Co?M?	46	1ffffffffb7fe
N??CAA_S?WT?L?Co@`?	46	3ffffdefdefff
N??CAA_S?WT?L?Co?h?	46	3fffffffffff
N??CAA_S?WT?L?Co?d?	46	3fffffff0ffff
N??CAA_S?WT?L?@o@S?	46	3faeffff75e937d2
N??CAA_S?WT?L?@o?[?	46	3ffffffffffd2
N??CAA_S?WT?L?@oIA?	46	3fffffffffff
N??CAA_S?WT?L?@oHA?	46	3fffffffffff
N??CAA_S?WT?L?@oGQ?	46	3fffffffffff
N??CAA_S?WT?L?@oGI?	46	3fffffffffff
N??CAA_S?WT?L?@oAI?	46	3fffffffffff
N??CAA_S?WT?L?@o@I?	46	3fffffffffff
N??CAA_S?WT?L?@oGE?	46	3fffffffffff
N??CAA_S?WT?L?@oI@?	46	3fffffffffff
N??CAA_S?WT?L?@oGD?	46	3fffffffffff
N??CAA_S?WT?L?@o@D?	46	2ffdeff7fe70fccc
N??CAA_S?WT?L?@oGB?	46	3fffffffffff
N??CAA_S?WT?L??sH_?	46	3fffffffffff
N??CAA_S?WT?L??sB_?	46	3fffffffffff
N??CAA_S?WT?L??s@g?	46	3fffffffffff
N??CAA_S?WT?L??sHC?	46	3fffffffffff
N??CAA_S?WT?L??s@c?	46	1ffffffffb7fe
N??CAA_S?WT?L??sGS?	46	1ffffffffb7fe
N??CAA_S?WT?L??s@S?	46	3fffffffffff
N??CAA_S?WT?L??sAK?	46	1ffffffffb7fe
N??CAA_S?WT?L??sH@?	46	3fffffffffff
N??CAA_S?WT?L??sB@?	46	3fffffffffff
N??CAA_S?WT?L??s@H?	46	3fffffffffff
N??CAA_S?WT?L??s?h?	46	3fffffffffff
N??CAA_S?WT?L??s?L?	46	3fffffffffff
N??CAA_S?WT?K_DO@c?	46	3ffff7dfdf7ff
N??CAA_S?WT?K_DO?Y?	46	1ffffffffb7fe
N??CAA_S?WT?K_DO?b?	46	3fffffffffff
N??CAA_S?WT?K_BOI_?	46	3fffffffffff
N??CAA_S?WT?K_BOIG?	46	3fffffffffff
N??CAA_S?WT?K_BO?s?	46	3faeffff75e937d2
N??CAA_S?WT?K_BO?[?	46	3ffffffffffd2
N??CAA_S?WT?K_BOGa?	46	3fffffffffff
N??CAA_S?WT?K_BOGE?	46	3fffffffffff
N??CAA_S?WT?K_BO?M?	46	3fffffffffff
N??CAA_S?WT?K_BOI@?	46	3fffffffffff
N??CAA_S?WT?K_BO?d?	46	2ffdeff7fe70fccc
N??CAA_S?WT?K_BOGB?	46	3fffffffffff
N??CAA_S?WT?K_BO?J?	46	3fffffffffff
N??CAA_S?WT?K_@oIG?	46	3ffffffffffcc
N??CAA_S?WT?K_@oHC?	46	3fffffffffff
N??CAA_S?WT?K_@o@c?	46	3faeffff75e937d2
N??CAA_S?WT?K_@oAI?	46	1ffffffffb7fe
N??CAA_S?WT?K_@oGE?	46	1ffffffffb7fe
N??CAA_S?WT?K_@o?M?	46	3ffdf7ffff77f
N??CAA_S?WT?K_@WH_?	46	3fffffffffff
N??CAA_S?WT?K_@WB_?	46	3ffff7dfdf7ff
N??CAA_S?WT?K_@WHO?	46	3fffffffffff
N??CAA_S?WT?K_@W@o?	46	3faeffff75e937d2
N??CAA_S?WT?K_@WIG?	46	3ffffffffffcc
N??CAA_S?WT?K_@WHG?	46	3fffffffffff
N??CAA_S?WT?K_@W@g?	46	3ffffffffffd2
N??CAA_S?WT?K_@W?w?	46	3ffffffffffd2
N??CAA_S?WT?K_@WHA?	46	3fffffffffff
N??CAA_S?WT?K_@WGa?	46	3fffffffffff
N??CAA_S?WT?K_@W@a?	46	3fffffffffff
N??CAA_S?WT?K_@WGQ?	46	1ffffffffb7fe
N??CAA_S?WT?K_@WGI?	46	1ffffffffb7fe
N??CAA_S?WT?K_@WAI?	46	1ffffffffb7fe
N??CAA_S?WT?K_@W?Y?	46	3ffdf7ffff77f
N??CAA_S?WT?K_@W@`?	46	2ffdeff7fe70fccc
N??CAA_S?WT?K_@WGB?	46	3fffffffffff
N??CAA_S?WT?K_@W?b?	46	3fffffffffff
N??CAA_S?WT?K_@SH_?	46	3fffffffffff
N??CAA_S?WT?K_@S@g?	46	3fffffffffff
N??CAA_S?WT?K_@SAW?	46	1ffffffffb7fe
N??CAA_S?WT?K_@SHC?	46	3fffffffffff
N??CAA_S?WT?K_@SGc?	46	3fffffffffff
N??CAA_S?WT?K_@S@c?	46	3fffffffffff
N??CAA_S?WT?K_@S?[?	46	3ffdf7ffff77f
N??CAA_S?WT?K_@SH@?	46	3fffffffffff
N??CAA_S?WT?K_@SG`?	46	3ffffffffffd2
N??CAA_S?WT?K_@S@`?	46	3fffffffffff
N??CAA_S?WT?K_@S@H?	46	3fffffffffff
N??CAA_S?WT?K_@S?h?	46	3ffffffff87ff
N??CAA_S?WT?K_@S@D?	46	1ffffffffcffe
N??CAA_S?WT?K_@S?d?	46	3fffffffffff
N??CAA_S?WT?K_@S?L?	46	3fffffffffff
N??CAA_S?WT?H_EOI_?	46	3fffffffffff
N??CAA_S?WT?H_EOIC?	46	3fffffffffff
N??CAA_S?WT?H_EOAS?	46	3ffff7dfdf7ff
N??CAA_S?WT?H_EOGa?	46	3fffffffffff
N??CAA_S?WT?H_EOGQ?	46	3fffffffffff
N??CAA_S?WT?H_EOGE?	46	3fffffffffff
N??CAA_S?WT?H_EOAH?	46	3fffffffffff
N??CAA_S?WT?H_EOGD?	46	7fffffff7fff
N??CAA_S?WT?H_EOAD?	46	3fffffff0ffff
N??CAA_S?WT?H_EOGB?	46	3fffffffffff
N??CAA_S?WT?H_DOJ??	46	3fffffffffff
N??CAA_S?WT?H_DOIO?	46	3fffffffffff
N??CAA_S?WT?H_DOIC?	46	3fffffffffff
N??CAA_S?WT?H_DOAS?	46	3ffff7dfdf7ff
N??CAA_S?WT?H_DOHA?	46	3fffffffffff
N??CAA_S?WT?H_DOGQ?	46	3fffffffffff
N??CAA_S?WT?H_DOGE?	46	3fffffffffff
N??CAA_S?WT?H_DOGB?	46	3fffffffffff
N??CAA_S?WT?H_CoHC?	46	7fffffffff7f
N??CAA_S?WT?H_CoBC?	46	3ffff7dfdf7ff
N??CAA_S?WT?H_CoGc?	46	7fffffffff7f
N??CAA_S?WT?H_CoAc?	46	3ffff7dfdf7ff
N??CAA_S?WT?H_CoHA?	46	3fffffffffff
N??CAA_S?WT?H_CoGa?	46	3fffffffffff
N??CAA_S?WT?H_CoGE?	46	1ffffffffb7fe
N??CAA_S?WT?H_CoGB?	46	7fffffffefff
N??CAA_S?WT?H_CWH_?	46	7fffffffff7f
N??CAA_S?WT?H_CWB_?	46	3ffff7dfdf7ff
N??CAA_S?WT?H_CWHO?	46	7fffffffff7f
N??CAA_S?WT?H_CWBO?	46	3ffff7dfdf7ff
N??CAA_S?WT?H_CWGo?	46	7fffffffff7f
N??CAA_S?WT?H_CWAo?	46	3ffff7dfdf7ff
N??CAA_S?WT?H_CWBG?	46	3fffffffffff
N??CAA_S?WT?H_CWHA?	46	3fffffffffff
N??CAA_S?WT?H_CWGa?	46	3fffffffffff
N??CAA_S?WT?H_CWGQ?	46	1ffffffffb7fe
N??CAA_S?WT?H_CWH@?	46	7fffffff7fff
N??CAA_S?WT?H_CWB@?	46	3fffffff0ffff
N??CAA_S?WT?H_CWGB?	46	7ffffffff7ff
N??CAA_S?WT?H_CQIC?	46	7ffffffffffe
N??CAA_S?WT?H_CQHA?	46	3fffffffffff
N??CAA_S?WT?H_CQGa?	46	3fffffffffff
N??CAA_S?WT?H_CQGQ?	46	7fffffffefff
N??CAA_S?WT?H_CQGE?	46	7ffffffff7ff
N??CAA_S?WT?B_KOAS?	46	3ffff7dfdf7ff
N??CAA_S?WT?B_KOGa?	46	3fffffffffff
N??CAA_S?WT?B_KOGQ?	46	3fffffffffff
N??CAA_S?WT?B_KOGE?	46	3fffffffffff
N??CAA_S?WT?B_KOI@?	46	3fffffffffff
N??CAA_S?WT?B_KOAH?	46	3fffffffffff
N??CAA_S?WT?B_KOGD?	46	7fffffff7fff
N??CAA_S?WT?B_KOAD?	46	3fffffff0ffff
N??CAA_S?WT?B_KOGB?	46	3fffffffffff
N??CAA_S?WT?B_DOM??	46	3fffffffffff
N??CAA_S?WT?B_DOIC?	46	3fffffffffff
N??CAA_S?WT?B_DOGK?	46	3fffffffffff
N??CAA_S?WT?B_DOAK?	46	3fffffffffff
N??CAA_S?WT?B_DOKA?	46	3fffffffffff
N??CAA_S?WT?B_DOGQ?	46	3fffffffffff
N??CAA_S?WT?B_DOGE?	46	3fffffffffff
N??CAA_S?WT?B_DOK@?	46	7ffffffffeff
N??CAA_S?WT?B_DOE@?	46	3ffffdefdefff
N??CAA_S?WT?B_DOAH?	46	3fffffffffff
N??CAA_S?WT?B_DOGB?	46	3fffffffffff
N??CAA_S?WT?B_CoI_?	46	3fffffffffff
N??CAA_S?WT?B_CoKA?	46	3fffffffffff
N??CAA_S?WT?B_CoGa?	46	3fffffffffff
N??CAA_S?WT?B_CoK@?	46	7ffffffffeff
N??CAA_S?WT?B_CoE@?	46	3ffffdefdefff
N??CAA_S?WT?KOD_@g?	46	3fffffffffff
N??CAA_S?WT?KOD_@c?	46	3ffff7dfdf7ff
N??CAA_S?WT?KOD_@a?	46	3fffffffffff
N??CAA_S?WT?KOD_GI?	46	3ffffffffffcc
N??CAA_S?WT?KOD_@I?	46	3fffffffffff
N??CAA_S?WT?KOD_?Y?	46	1ffffffffb7fe
N??CAA_S?WT?KOD_?M?	46	1ffffffffb7fe
N??CAA_S?WT?KOD_@D?	46	3fffffff0ffff
N??CAA_S?WT?EOD_KG?	46	3fffffffffff
N??CAA_S?WT?EOD_Gc?	46	3fffffffffff
N??CAA_S?WT?EOD_GK?	46	3fffffffffff
N??CAA_S?WT?EOD_?k?	46	3fffffffffff
N??CAA_S?WT?EOD_KA?	46	3fffffffffff
N??CAA_S?WT?EOD_Ga?	46	3fffffffffff
N??CAA_S?WT?EOD_?q?	46	3fffffffffff
N??CAA_S?WT?EOD_CI?	46	3fffffffffff
N??CAA_S?WT?EOD_?i?	46	3fffffffffff
N??CAA_S?WT?EOD_?Y?	46	3fffffffffff
N??CAA_S?WT?EOD_GE?	46	3fffffffffff
N??CAA_S?WT?EOD_?e?	46	3fffffffffff
N??CAA_S?WT?EOD_?M?	46	3fffffffffff
N??CAA_S?WT?EOD_GH?	46	3fffffffffff
N??CAA_S?WT?EOD_CH?	46	3fffffffffff
N??CAA_S?WT?EOD_?d?	46	3fffffff0ffff
N??CAA_S?WT?EOD_?L?	46	3fffffffffff
N??CAA_S?WT?EOD_GB?	46	3fffffffffff
N??CAA_S?WT?EOD_CB?	46	3fffffffffff
N??CAA_S?WT?EOD_?J?	46	3fffffffffff
N??CAA_S?WT?EOD_?F?	46	3fffffffffff
N??CAA_S?WT?KG@oH_?	46	3fffffffffff
N??CAA_S?WT?KG@oB_?	46	3ffff7dfdf7ff
N??CAA_S?WT?KG@oHO?	46	3fffffffffff
N??CAA_S?WT?KG@o@o?	46	3faeffff75e937d2
N??CAA_S?WT?KG@oIG?	46	ffffffffff74c
N??CAA_S?WT?KG@oHG?	46	3fffffffffff
N??CAA_S?WT?KG@oBG?	46	3fffffffffff
N??CAA_S?WT?KG@o@g?	46	3ffffffffffd2
N??CAA_S?WT?KG@oHA?	46	fffffffff77f
N??CAA_S?WT?KG@oBA?	46	3ffffffffe67f
N??CAA_S?WT?KG@oGa?	46	ffffffffff7e
N??CAA_S?WT?KG@oGQ?	46	1ffffffffb7fe
N??CAA_S?WT?KG@oAI?	46	7ffffffffb77c
N??CAA_S?WT?KG@o?Y?	46	3ffdf7ffff77f
N??CAA_S?WT?KG@oG`?	46	fffffffff7fe
N??CAA_S?WT?KG@o@`?	46	2ffdeff7fe70fccc
N??CAA_S?WT?KG@o@H?	46	3ffffffffffcc
N??CAA_S?WT?HGCoH_?	46	3fffffffdef7e
N??CAA_S?WT?HGCoB_?	46	3ffff7dfdf7ff
N??CAA_S?WT?HGCoHO?	46	7fffffffff7f
N??CAA_S?WT?HGCoBO?	46	3ffff7dfdf7ff
N??CAA_S?WT?HGCoGo?	46	7fffffffff7f
N??CAA_S?WT?HGCoAo?	46	3ffff7dfdf7ff
N??CAA_S?WT?HGCoHG?	46	3fffffffffff
N??CAA_S?WT?HGCoHA?	46	7fffffffff7f
N??CAA_S?WT?HGCoGa?	46	7fffffffff7f
N??CAA_S?WT?HGCoGB?	46	ffffffff77ff
N??CAA_S?WT?DG?sM??	46	3ffffffffffcc
N??CAA_S?WT?DG?sL??	46	3fffffffffff
N??CAA_S?WT?DG?sJ??	46	3fffffffffff
N??CAA_S?WT?DG?sH_?	46	3fffffffffff
N??CAA_S?WT?DG?sD_?	46	1ffffffffb7fe
N??CAA_S?WT?DG?sKO?	46	1ffffffffb7fe
N??CAA_S?WT?DG?s@o?	46	3fffffffffff
N??CAA_S?WT?DG?sEG?	46	1ffffffffb7fe
N??CAA_S?WT?DG?sBG?	46	3fffffffffff
N??CAA_S?WT?DG?s@g?	46	3fffffffffff
N??CAA_S?WT?DG?s?h?	46	3fffffffffff
N??CAA_S?WT?BGCoEO?	46	3ffff7dfdf7ff
N??CAA_S?WT?BGCoKG?	46	3fffffffffff
N??CAA_S?WT?BGCoKA?	46	7fffffffff7f
N??CAA_S?WT?BGCoGa?	46	7ffffffff7ff
N??CAA_S?WT?CgHOH_?	46	3fffffffffff
N??CAA_S?WT?CgHOB_?	46	3ffff7dfdf7ff
N??CAA_S?WT?CgHOHO?	46	3fffffffffff
N??CAA_S?WT?CgHO@o?	46	3faeffff75e937d2
N??CAA_S?WT?CgHOHG?	46	3fffffffffff
N??CAA_S?WT?CgHO@g?	46	3ffffffffffd2
N??CAA_S?WT?CgHOHA?	46	3fffffffffff
N??CAA_S?WT?CgHOGa?	46	3fffffffffff
N??CAA_S?WT?CgHO@a?	46	3fffffffffff
N??CAA_S?WT?CgHOGQ?	46	1ffffffffb7fe
N??CAA_S?WT?CgHOAI?	46	1ffffffffb7fe
N??CAA_S?WT?CgHO?Y?	46	3ffdf7ffff77f
N??CAA_S?WT?CgHO@`?	46	2ffdeff7fe70fccc
N??CAA_S?WT?CgHOGP?	46	3fffffffffff
N??CAA_S?WT?CgHOGB?	46	3fffffffffff
N??CAA_S?WT?CgHO?b?	46	3fffffffffff
N??CAA_S?WT?CgDOH_?	46	3fffffffffff
N??CAA_S?WT?CgDOD_?	46	3ffff7dfdf7ff
N??CAA_S?WT?CgDO@o?	46	3ffff7dfdf7ff
N??CAA_S?WT?CgDO@g?	46	3fffffffffff
N??CAA_S?WT?CgDO@a?	46	3fffffffffff
N??CAA_S?WT?CgDO?Y?	46	3ffdf7ffff77f
N??CAA_S?WT?CgBOI_?	46	3fffffffffff
N??CAA_S?WT?CgBOCo?	46	3faeffff75e937d2
N??CAA_S?WT?CgBOIG?	46	3fffffffffff
N??CAA_S?WT?CgBOCW?	46	3ffffffffffd2
N??CAA_S?WT?CgBOKA?	46	3fffffffffff
N??CAA_S?WT?CgBOGa?	46	3fffffffffff
N??CAA_S?WT?CgBOGI?	46	3fffffffffff
N??CAA_S?WT?CgBOCI?	46	3fffffffffff
N??CAA_S?WT?CgBOI@?	46	3fffffffffff
N??CAA_S?WT?CgBOC`?	46	2ffdeff7fe70fccc
N??CAA_S?WT?CgBOGB?	46	3fffffffffff
N??CAA_S?WT?Cg@oL??	46	3fffffffffff
N??CAA_S?WT?Cg@oD_?	46	3faeffff75e937d2
N??CAA_S?WT?Cg@oIG?	46	1ffffffffb7fe
N??CAA_S?WT?Cg@oCg?	46	3ffffffffffd2
N??CAA_S?WT?Cg@oAg?	46	3fffffffffff
N??CAA_S?WT?Cg@oKA?	46	1ffffffffb7fe
N??CAA_S?WT?Cg@oGa?	46	3fffffffffff
N??CAA_S?WT?Cg@oAa?	46	3fffffffffff
N??CAA_S?WT?Cg@o@a?	46	3fffffffffff
N??CAA_S?WT?Cg@oGI?	46	3ffdf7ffff77f
N??CAA_S?WT?Cg@oCI?	46	3ffdf7ffff77f
N??CAA_S?WT?Cg@oAI?	46	3ffdf7ffff77f
N??CAA_S?WT?Cg@oK@?	46	3fffffffffff
N??CAA_S?WT?Cg@oGB?	46	3fffffffffff
N??CAA_S?WT?Cg@SL??	46	3fffffffffff
N??CAA_S?WT?Cg@SK_?	46	3fffffffffff
N??CAA_S?WT?Cg@SH_?	46	3fffffffffff
N??CAA_S?WT?Cg@SD_?	46	3fffffffffff
N??CAA_S?WT?Cg@SB_?	46	3fffffffffff
N??CAA_S?WT?Cg@SGo?	46	3fffffffffff
N??CAA_S?WT?Cg@SAo?	46	3fffffffffff
N??CAA_S?WT?Cg@S@o?	46	3fffffffffff
N??CAA_S?WT?Cg@S@g?	46	3fffffffffff
N??CAA_S?WT?Cg@SCW?	46	3ffdf7ffff77f
N??CAA_S?WT?Cg@SG`?	46	1ffffffffb7fe
N??CAA_S?WT?Cg@SC`?	46	3fffffffffff
N??CAA_S?WT?Cg@SCH?	46	3fffffffffff
N??CAA_S?WT?Cg@S?h?	46	3ffff7dfdf7ff
N??CAA_S?WT?@gKOH_?	46	7fffffffff7f
N??CAA_S?WT?@gKOB_?	46	3ffff7dfdf7ff
N??CAA_S?WT?@gKOHO?	46	7fffffffff7f
N??CAA_S?WT?@gKOBO?	46	3ffff7dfdf7ff
N??CAA_S?WT?@gKOGo?	46	7fffffffff7f
N??CAA_S?WT?@gKOAo?	46	3ffff7dfdf7ff
N??CAA_S?WT?@gKOBG?	46	3fffffffffff
N??CAA_S?WT?@gKOHA?	46	3fffffffffff
N??CAA_S?WT?@gKOGa?	46	3fffffffffff
N??CAA_S?WT?@gKOGQ?	46	1ffffffffb7fe
N??CAA_S?WT?@gKOH@?	46	7fffffff7fff
N??CAA_S?WT?@gKOB@?	46	3fffffff0ffff
N??CAA_S?WT?@gKOGB?	46	7ffffffff7ff
N??CAA_S?WT?@gEOM??	46	3fffffffffff
N??CAA_S?WT?@gEOI_?	46	3fffffffffff
N??CAA_S?WT?@gEOEO?	46	3ffff7dfdf7ff
N??CAA_S?WT?@gEOGg?	46	3fffffffffff
N??CAA_S?WT?@gEOAg?	46	3fffffffffff
N??CAA_S?WT?@gEOKA?	46	3fffffffffff
N??CAA_S?WT?@gEOGa?	46	3fffffffffff
N??CAA_S?WT?@gEOGQ?	46	3fffffffffff
N??CAA_S?WT?@gEOGB?	46	3fffffffffff
N??CAA_S?WT?@gCQM??	46	7ffffffffffe
N??CAA_S?WT?@gCQKA?	46	7ffffffff7ff
N??CAA_S?WL?L?Co@g?	46	3ffffffff87ff
N??CAA_S?WL?L?CoOc?	46	3fffffffffff
N??CAA_S?WL?L?Co@c?	46	3fffffffffff
N??CAA_S?WL?L?Co@S?	46	3fffffffffff
N??CAA_S?WL?L?Co?s?	46	3fffffffffff
N??CAA_S?WL?L?Co@a?	46	3ffffef7ef7ff
N??CAA_S?WL?L?Co?U?	46	1ffffffffb7fe
N??CAA_S?WL?L?Co@`?	46	3ffffef7ef7ff
N??CAA_S?WL?L?Co?b?	46	3ffffdefdefff
N??CAA_S?WL?L??sB_?	46	3ffffef7ef7ff
N??CAA_S?WL?L??s@o?	46	3fffffffffff
N??CAA_S?WL?L??s@g?	46	3ffff7dfdf7ff
N??CAA_S?WL?L??sBC?	46	3fffffffffff
N??CAA_S?WL?L??s@c?	46	3fffffffffff
N??CAA_S?WL?L??s@S?	46	3fffffffffff
N??CAA_S?WL?L??s?s?	46	3fffffffffff
N??CAA_S?WL?L??sOK?	46	1ffffffffb7fe
N??CAA_S?WL?L??s?[?	46	3ffdf7ffff77f
N??CAA_S?WL?L??sA`?	46	3ffffdefdefff
N??CAA_S?WL?F?CoSC?	46	3fffffffffff
N??CAA_S?WL?F?CoOc?	46	3fffffffffff
N??CAA_S?WL?F?CoCS?	46	3fffffffffff
N??CAA_S?WL?F?CoOE?	46	3fffffffffff
N??CAA_S?WL?F?Co?U?	46	3fffffffffff
N??CAA_S?WL?F?CoOD?	46	3fffffffffff
N??CAA_S?WL?K_DO@o?	46	3fffffffffff
N??CAA_S?WL?K_DO@g?	46	3ffffffff87ff
N??CAA_S?WL?K_DO@c?	46	3fffffffffff
N??CAA_S?WL?K_DOOS?	46	3ffffffffffcc
N??CAA_S?WL?K_DO@S?	46	3fffffffffff
N??CAA_S?WL?K_DO@a?	46	3ffffef7ef7ff
N??CAA_S?WL?K_DO?U?	46	1ffffffffb7fe
N??CAA_S?WL?K_@SB_?	46	3ffffef7ef7ff
N??CAA_S?WL?K_@S@g?	46	3ffff7dfdf7ff
N??CAA_S?WL?K_@SQC?	46	3ffffffffffcc
N??CAA_S?WL?K_@SOc?	46	3fffffffffff
N??CAA_S?WL?K_@SAS?	46	1ffffffffb7fe
N??CAA_S?WL?K_@S?s?	46	3fffffffffff
N??CAA_S?WL?K_@SOK?	46	1ffffffffb7fe
N??CAA_S?WL?K_@S?k?	46	3fffffffffff
N??CAA_S?WL?K_@S?[?	46	3ffdf7ffff77f
N??CAA_S?WL?K_@S@H?	46	3fffffff0ffff
N??CAA_S?WL?E_DOS_?	46	3fffffffffff
N??CAA_S?WL?E_DOSO?	46	3fffffffffff
N??CAA_S?WL?E_DOSC?	46	3fffffffffff
N??CAA_S?WL?E_DOOc?	46	3fffffffffff
N??CAA_S?WL?E_DOOS?	46	3fffffffffff
N??CAA_S?WL?E_DOCS?	46	3fffffffffff
N??CAA_S?WL?E_DOOK?	46	3fffffffffff
N??CAA_S?WL?E_DOCQ?	46	3fffffffffff
N??CAA_S?WL?E_DOCI?	46	3ffff7dfdf7ff
N??CAA_S?WL?E_DO?i?	46	3faeffff75e937d2
N??CAA_S?WL?E_DOOE?	46	3fffffffffff
N??CAA_S?WL?E_DO?e?	46	3fffffffffff
N??CAA_S?WL?E_DOCP?	46	3fffffffffff
N??CAA_S?WL?E_DOOD?	46	3fffffffffff
N??CAA_S?WL?E_@oU??	46	3fffffffffff
N??CAA_S?WL?E_@oS_?	46	3fffffffffff
N??CAA_S?WL?E_@oSG?	46	3fffffffffff
N??CAA_S?WL?E_@oOg?	46	3fffffffffff
N??CAA_S?WL?E_@oAg?	46	3ffffffffffe1
N??CAA_S?WL?E_@oQC?	46	3fffffffffff
N??CAA_S?WL?E_@oEC?	46	3fffffffffff
N??CAA_S?WL?E_@oOc?	46	3fffffffffff
N??CAA_S?WL?E_@oCc?	46	3fffffffffff
N??CAA_S?WL?E_@oOa?	46	3fffffffffff
N??CAA_S?WL?E_@oAa?	46	3ffffffffffd2
N??CAA_S?WL?E_@o?i?	46	3ffffffffffd2
N??CAA_S?WL?E_@o?e?	46	3fffffffffff
N??CAA_S?WL?E_@oQ@?	46	3fffffffffff
N??CAA_S?WL?E_@SSO?	46	3fffffffffff
N??CAA_S?WL?E_@SEO?	46	3fffffffffff
N??CAA_S?WL?E_@SOo?	46	3fffffffffff
N??CAA_S?WL?E_@SQG?	46	3fffffffffff
N??CAA_S?WL?E_@SQC?	46	3fffffffffff
N??CAA_S?WL?E_@SEC?	46	3fffffffffff
N??CAA_S?WL?E_@SOc?	46	3fffffffffff
N??CAA_S?WL?E_@SCS?	46	3fffffffffff
N??CAA_S?WL?E_@S?s?	46	3fffffffffff
N??CAA_S?WL?E_@SOK?	46	3fffffffffff
N??CAA_S?WL?E_@SAK?	46	3fffffffffff
N??CAA_S?WL?E_@SOH?	46	3fffffffffff
N??CAA_S?WL?E_@S?h?	46	2ffdeff7fe70fccc
N??CAA_S?WL?E_@SOD?	46	3fffffffffff
N??CAA_S?WL?H_cOB_?	46	3fffffffffff
N??CAA_S?WL?H_cO@o?	46	7ffffffffffd
N??CAA_S?WL?H_cO@c?	46	7fffffffff7f
N??CAA_S?WL?H_cOAS?	46	3ffffffffffcc
N??CAA_S?WL?H_cO?q?	46	3fffffffffff
N??CAA_S?WL?H_cOAI?	46	3ffffffffffcc
N??CAA_S?WL?H_cO?i?	46	3fffffffffff
N??CAA_S?WL?H_cO@E?	46	3fffffffffff
N??CAA_S?WL?H_cO?e?	46	3fffffffffff
N??CAA_S?WL?H_cO?U?	46	1ffffffffb7fe
N??CAA_S?WL?H_cO?M?	46	1ffffffffb7fe
N??CAA_S?WL?H_cOB@?	46	3fffffffffff
N??CAA_S?WL?H_cOA`?	46	3fffffffffff
N??CAA_S?WL?H_cO@B?	46	3fffffffffff
N??CAA_S?WL?H_cO?b?	46	3fffffffffff
N??CAA_S?WL?H_cO?F?	46	3fffffffffff
N??CAA_S?WL?H_DOR??	46	3fffffffffff
N??CAA_S?WL?H_DOQO?	46	3fffffffffff
N??CAA_S?WL?H_DOPO?	46	7ffffffffffd
N??CAA_S?WL?H_DOBO?	46	3fffffffffff
N??CAA_S?WL?H_DOBG?	46	3ffffffff87ff
N??CAA_S?WL?H_DOAW?	46	3fffffffffff
N??CAA_S?WL?H_DOQC?	46	3fffffffffff
N??CAA_S?WL?H_DOPC?	46	7fffffffff7f
N??CAA_S?WL?H_DOBC?	46	3fffffffffff
N??CAA_S?WL?H_DOAS?	46	3fffffffffff
N??CAA_S?WL?H_DO@S?	46	7ffffffff7ff
N??CAA_S?WL?H_DOAK?	46	3fffffffffff
N??CAA_S?WL?H_DO@K?	46	3fffffffffff
N??CAA_S?WL?H_DO?[?	46	3fffffffffff
N??CAA_S?WL?H_DO@Q?	46	3fffffffffff
N??CAA_S?WL?H_DO@I?	46	3ffff7dfdf7ff
N??CAA_S?WL?H_CQB_?	46	3ffffef7ef7ff
N??CAA_S?WL?H_CQQO?	46	3fffffffffff
N??CAA_S?WL?H_CQBO?	46	3fffffffffff
N??CAA_S?WL?H_CQAo?	46	3fffffffffff
N??CAA_S?WL?H_CQQG?	46	3fffffffffff
N??CAA_S?WL?H_CQQC?	46	3fffffffffff
N??CAA_S?WL?H_CQAS?	46	3fffffffffff
N??CAA_S?WL?H_CQ@K?	46	3fffffffffff
N??CAA_S?WL?H_CQ@Q?	46	3fffffffffff
N??CAA_S?WL?H_CQAI?	46	3fffffff0ffff
N??CAA_S?WL?H_CQ@I?	46	3fffffff0ffff
N??CAA_S?WL?H_CQOE?	46	3fffffffffff
N??CAA_S?WL?B_DOU??	46	3fffffffffff
N??CAA_S?WL?B_DOSO?	46	7ffffffffffd
N??CAA_S?WL?B_DOQC?	46	3fffffffffff
N??CAA_S?WL?B_DOOK?	46	3fffffffffff
N??CAA_S?WL?B_DOOE?	46	3fffffffffff
N??CAA_S?WL?B_DOE@?	46	3ffffef7ef7ff
N??CAA_S?WL?B_DOCP?	46	7fffffffefff
N??CAA_S?WL?B_DOAP?	46	3ffffffffffd2
N??CAA_S?WL?B_DOOD?	46	7ffffffeffff
N??CAA_S?WL?B_DOAD?	46	3fffffffffff
N??CAA_S?WL?B_DOOB?	46	3fffffffffff
N??CAA_S?WL?B_DO?R?	46	3ffffffffffcc
N??CAA_S?WL?B_DO?F?	46	3fffffffffff
N??CAA_S?WL?B_CoU??	46	3fffffffffff
N??CAA_S?WL?B_CoS_?	46	7ffffffffffd
N??CAA_S?WL?B_CoQ_?	46	3fffffffffff
N??CAA_S?WL?B_CoE_?	46	3fffffffffff
N??CAA_S?WL?B_CoSG?	46	3fffffffffff
N??CAA_S?WL?B_CoQG?	46	3fffffffffff
N??CAA_S?WL?B_CoAg?	46	3ffffffffffe1
N??CAA_S?WL?B_CoQC?	46	3fffffffffff
N??CAA_S?WL?B_CoEC?	46	3fffffffffff
N??CAA_S?WL?B_CoOa?	46	3fffffffffff
N??CAA_S?WL?B_CoCa?	46	3fffffffffff
N??CAA_S?WL?B_CoA`?	46	3ffffffffffd2
N??CAA_S?WL?KOD_@g?	46	3ffffffff87ff
N??CAA_S?WL?KOD_@c?	46	3fffffffffff
N??CAA_S?WL?KOD_?[?	46	1ffffffffb7fe
N??CAA_S?WL?KOB_Q_?	46	3fffffffffff
N??CAA_S?WL?KOB_QO?	46	3fffffffffff
N??CAA_S?WL?KOB_Ao?	46	3fffffffffff
N??CAA_S?WL?KOB_Ag?	46	3ffffffff87ff
N??CAA_S?WL?KOB_QC?	46	3fffffffffff
N??CAA_S?WL?KOB_Oc?	46	7fffffffff7f
N??CAA_S?WL?KOB_Ac?	46	3fffffffffff
N??CAA_S?WL?KOB_AS?	46	3fffffffffff
N??CAA_S?WL?KOB_?s?	46	7ffffffff7ff
N??CAA_S?WL?KOB_?[?	46	3fffffffffff
N??CAA_S?WL?KOB_AI?	46	3ffff7dfdf7ff
N??CAA_S?WL?KOB_?i?	46	3ffff7dfdf7ff
N??CAA_S?WL?KOB_?Y?	46	3fffffffffff
N??CAA_S?WL?KOB_OE?	46	3fffffffffff
N??CAA_S?WL?KOB_?U?	46	3fffffffffff
N??CAA_S?WL?KOB_?M?	46	7ffbfef7ef7ff
N??CAA_S?WL?KOB_Q@?	46	3fffffffffff
N??CAA_S?WL?KOB_A`?	46	3ffffef7ef7ff
N??CAA_S?WL?KOB_AP?	46	3fffffffffff
N??CAA_S?WL?KOB_AH?	46	3ffff7dfdf7ff
N??CAA_S?WL?KOB_OD?	46	7fffffff7fff
N??CAA_S?WL?KOB_AD?	46	3fffffffffff
N??CAA_S?WL?KOB_?T?	46	7ffffffeffff
N??CAA_S?WL?KOB_OB?	46	3fffffffffff
N??CAA_S?WL?KOB_?R?	46	3fffffffffff
N??CAA_S?WL?KOB_?J?	46	3fffffff0ffff
N??CAA_S?WL?KOB_?F?	46	3fffffffffff
N??CAA_S?WL?KO@oP_?	46	3fffffffffff
N??CAA_S?WL?KO@oB_?	46	3ffffffff87ff
N??CAA_S?WL?KO@oQO?	46	3ffffffffffcc
N??CAA_S?WL?KO@oBO?	46	3fffffffffff
N??CAA_S?WL?KO@oOo?	46	3fffffffffff
N??CAA_S?WL?KO@oAo?	46	3fffffffffff
N??CAA_S?WL?KO@o@o?	46	3fffffffffff
N??CAA_S?WL?KO@oQC?	46	3ffffffffffcc
N??CAA_S?WL?KO@oBC?	46	3fffffffffff
N??CAA_S?WL?KO@oAc?	46	3fffffffffff
N??CAA_S?WL?KO@o@c?	46	3fffffffffff
N??CAA_S?WL?KO@oAS?	46	1ffffffffb7fe
N??CAA_S?WL?KO@oOQ?	46	1ffffffffb7fe
N??CAA_S?WL?KO@oOE?	46	1ffffffffb7fe
N??CAA_S?WL?EOH_Q_?	46	3fffffffffff
N??CAA_S?WL?EOH_QO?	46	3fffffffffff
N??CAA_S?WL?EOH_Oo?	46	7ffffffffffd
N??CAA_S?WL?EOH_Ao?	46	3fffffffffff
N??CAA_S?WL?EOH_QC?	46	3fffffffffff
N??CAA_S?WL?EOH_Oc?	46	7fffffffff7f
N??CAA_S?WL?EOH_Ac?	46	3fffffffffff
N??CAA_S?WL?EOH_AS?	46	3fffffffffff
N??CAA_S?WL?EOH_?s?	46	7ffffffff7ff
N??CAA_S?WL?EOH_AK?	46	3fffffffffff
N??CAA_S?WL?EOH_?k?	46	3fffffffffff
N??CAA_S?WL?EOH_?[?	46	3fffffffffff
N??CAA_S?WL?EOH_OQ?	46	3fffffffffff
N??CAA_S?WL?EOH_AI?	46	3ffff7dfdf7ff
N??CAA_S?WL?EOH_?i?	46	3ffff7dfdf7ff
N??CAA_S?WL?EOH_?Y?	46	3fffffffffff
N??CAA_S?WL?EOH_OE?	46	3fffffffffff
N??CAA_S?WL?EOH_?U?	46	3fffffffffff
N??CAA_S?WL?EOH_A`?	46	3ffffef7ef7ff
N??CAA_S?WL?EOH_AP?	46	3fffffffffff
N??CAA_S?WL?EOH_AH?	46	3ffff7dfdf7ff
N??CAA_S?WL?EOH_OD?	46	7fffffff7fff
N??CAA_S?WL?EOH_?T?	46	7ffffffeffff
N??CAA_S?WL?EOH_?R?	46	3fffffffffff
N??CAA_S?WL?EOH_?J?	46	3fffffff0ffff
N??CAA_S?WL?EOH_?F?	46	3fffffffffff
N??CAA_S?WL?EOD_S_?	46	3fffffffffff
N??CAA_S?WL?EOD_SO?	46	3fffffffffff
N??CAA_S?WL?EOD_SC?	46	3fffffffffff
N??CAA_S?WL?EOD_Oc?	46	3fffffffffff
N??CAA_S?WL?EOD_Cc?	46	3fffffffffff
N??CAA_S?WL?EOD_OS?	46	3fffffffffff
N??CAA_S?WL?EOD_CS?	46	3fffffffffff
N??CAA_S?WL?EOD_OK?	46	3fffffffffff
N??CAA_S?WL?EOD_?i?	46	3faeffff75e937d2
N??CAA_S?WL?EOD_?Y?	46	3ffffffffffd2
N??CAA_S?WL?EOD_OE?	46	3fffffffffff
N??CAA_S?WL?EO@oU??	46	3fffffffffff
N??CAA_S?WL?EO@oSO?	46	3fffffffffff
N??CAA_S?WL?EO@oEO?	46	3fffffffffff
N??CAA_S?WL?EO@oOo?	46	3fffffffffff
N??CAA_S?WL?EO@oCo?	46	3fffffffffff
N??CAA_S?WL?EO@oQC?	46	3fffffffffff
N??CAA_S?WL?EO@oOc?	46	3fffffffffff
N??CAA_S?WL?EO@oCc?	46	3fffffffffff
N??CAA_S?WL?EO@oOS?	46	3fffffffffff
N??CAA_S?WL?EO@oCS?	46	3fffffffffff
N??CAA_S?WL?EO@oAS?	46	3fffffffffff
N??CAA_S?WL?EO@oSA?	46	3fffffffffff
N??CAA_S?WL?EO@oOa?	46	3fffffffffff
N??CAA_S?WL?EO@oCa?	46	3ffff7dfdf7ff
N??CAA_S?WL?EO@oAa?	46	3faeffff75e937d2
N??CAA_S?WL?EO@oCQ?	46	3fffffffffff
N??CAA_S?WL?EO@oAQ?	46	3ffffffffffd2
N??CAA_S?WL?EO@o?q?	46	3ffffffffffd2
N??CAA_S?WL?EO@oOE?	46	3fffffffffff
N??CAA_S?WL?EO@o?e?	46	3fffffffffff
N??CAA_S?WL?EO@o?U?	46	3fffffffffff
N??CAA_S?WL?EO@oS@?	46	3fffffffffff
N??CAA_S?WL?EO@oQ@?	46	3fffffffffff
N??CAA_S?WL?EO@oE@?	46	3ffff7dfdf7ff
N??CAA_S?WL?EO@oAP?	46	3ffffffffffd2
N??CAA_S?WL?EO@o?p?	46	3ffffffffffd2
N??CAA_S?WL?EO@oOD?	46	3fffffffffff
N??CAA_S?WL?EO@oAD?	46	3fffffffffff
N??CAA_S?WL?EO@o?T?	46	3fffffffffff
N??CAA_S?WL?EO@oOB?	46	3fffffffffff
N??CAA_S?WL?EO@gU??	46	3fffffffffff
N??CAA_S?WL?EO@gS_?	46	7fffffffff7f
N??CAA_S?WL?EO@gQ_?	46	3fffffffffff
N??CAA_S?WL?EO@gE_?	46	3fffffffffff
N??CAA_S?WL?EO@gQO?	46	3fffffffffff
N??CAA_S?WL?EO@gEO?	46	3fffffffffff
N??CAA_S?WL?EO@gAo?	46	3fffffffffff
N??CAA_S?WL?EO@gQG?	46	3fffffffffff
N??CAA_S?WL?EO@gOg?	46	3fffffffffff
N??CAA_S?WL?EO@gCW?	46	3fffffffffff
N??CAA_S?WL?EO@gAW?	46	3fffffffffff
N??CAA_S?WL?EO@g?w?	46	3fffffffffff
N??CAA_S?WL?EO@gSA?	46	3fffffffffff
N??CAA_S?WL?EO@gOa?	46	3fffffffffff
N??CAA_S?WL?EO@gCa?	46	3fffffffffff
N??CAA_S?WL?EO@gCQ?	46	3fffffffffff
N??CAA_S?WL?EO@g?q?	46	3fffffffffff
N??CAA_S?WL?EO@gAI?	46	1ffffffffb7fe
N??CAA_S?WL?EO@g?i?	46	3fffffffffff
N??CAA_S?WL?EO@g?Y?	46	3fffffffffff
N??CAA_S?WL?EO@gS@?	46	7fffffff7fff
N??CAA_S?WL?EO@gO`?	46	7ffffffeffff
N??CAA_S?WL?EO@gCP?	46	7ffffffeffff
N??CAA_S?WL?EO@gAP?	46	3fffffffffff
N??CAA_S?WL?EO@g?p?	46	7ffffffdffff
N??CAA_S?WL?EO@gAH?	46	1ffffffffb7fe
N??CAA_S?WL?EO@g?h?	46	3fffffffffff
N??CAA_S?WL?EO@g?X?	46	3fffffffffff
N??CAA_S?WL?EO@gOB?	46	3fffffffffff
N??CAA_S?WL?EO@gCB?	46	3fffffffffff
N??CAA_S?WL?EO@g?b?	46	3fffffffffff
N??CAA_S?WL?EO@g?R?	46	3fffffffffff
N??CAA_S?WL?EO@cAg?	46	3faeffff75e937d2
N??CAA_S?WL?EO@cAW?	46	3ffffffffffd2
N??CAA_S?WL?EO@cQC?	46	3fffffffffff
N??CAA_S?WL?EO@cOc?	46	3fffffffffff
N??CAA_S?WL?EO@cOS?	46	3fffffffffff
N??CAA_S?WL?EO@cCS?	46	3fffffffffff
N??CAA_S?WL?EO@cOD?	46	3fffffffffff
N??CAA_S?WL?EO@c?T?	46	3fffffffffff
N??CAA_S?WL?BOK_Ao?	46	3fffffffffff
N??CAA_S?WL?BOK_QC?	46	3fffffffffff
N??CAA_S?WL?BOK_Oc?	46	3fffffffffff
N??CAA_S?WL?BOK_Ac?	46	3fffffffffff
N??CAA_S?WL?BOK_AS?	46	3fffffffffff
N??CAA_S?WL?BOK_?s?	46	3fffffffffff
N??CAA_S?WL?BOK_?[?	46	3fffffffffff
N??CAA_S?WL?BOK_?q?	46	3fffffffffff
N??CAA_S?WL?BOK_?Y?	46	3fffffffffff
N??CAA_S?WL?BOK_OE?	46	3fffffffffff
N??CAA_S?WL?BOK_?U?	46	3fffffffffff
N??CAA_S?WL?BOK_Q@?	46	3fffffffffff
N??CAA_S?WL?BOK_A`?	46	3ffffef7ef7ff
N??CAA_S?WL?BOK_OP?	46	3fffffffffff
N??CAA_S?WL?BOK_AP?	46	3fffffffffff
N??CAA_S?WL?BOK_?p?	46	3fffffffffff
N??CAA_S?WL?BOK_OD?	46	3fffffffffff
N??CAA_S?WL?BOK_AD?	46	3fffffffffff
N??CAA_S?WL?BOK_?T?	46	3fffffffffff
N??CAA_S?WL?BOK_?R?	46	3fffffffffff
N??CAA_S?WL?BOK_?F?	46	3fffffffffff
N??CAA_S?WL?BOD_U??	46	3fffffffffff
N??CAA_S?WL?BOD_QC?	46	3fffffffffff
N??CAA_S?WL?BOD_OS?	46	3fffffffffff
N??CAA_S?WL?BOD_CS?	46	3fffffffffff
N??CAA_S?WL?BOD_OQ?	46	3fffffffffff
N??CAA_S?WL?BOD_OE?	46	3fffffffffff
N??CAA_S?WL?BOD_?U?	46	3fffffffffff
N??CAA_S?WL?BOD_CP?	46	3fffffffffff
N??CAA_S?WL?BOD_AH?	46	3faeffff75e937d2
N??CAA_S?WL?BOD_OD?	46	3fffffffffff
N??CAA_S?WL?BOCoSO?	46	3fffffffffff
N??CAA_S?WL?BOCoQC?	46	3fffffffffff
N??CAA_S?WL?BOCoOc?	46	3fffffffffff
N??CAA_S?WL?BOCoOS?	46	3fffffffffff
N??CAA_S?WL?BOCoCS?	46	3fffffffffff
N??CAA_S?WL?BOCoSA?	46	3fffffffffff
N??CAA_S?WL?BOCo?q?	46	3ffffffffffd2
N??CAA_S?WL?BOCoOE?	46	3fffffffffff
N??CAA_S?WL?BOCo?U?	46	3fffffffffff
N??CAA_S?WL?BOCgS_?	46	3fffffffffff
N??CAA_S?WL?BOCgQ_?	46	3fffffffffff
N??CAA_S?WL?BOCgE_?	46	3fffffffffff
N??CAA_S?WL?BOCgOo?	46	3fffffffffff
N??CAA_S?WL?BOCgCo?	46	3fffffffffff
N??CAA_S?WL?BOCgAo?	46	3fffffffffff
N??CAA_S?WL?BOCgQG?	46	3fffffffffff
N??CAA_S?WL?BOCgCW?	46	3fffffffffff
N??CAA_S?WL?BOCgAW?	46	3fffffffffff
N??CAA_S?WL?BOCgSA?	46	3fffffffffff
N??CAA_S?WL?BOCgQA?	46	3fffffffffff
N??CAA_S?WL?BOCgOa?	46	3fffffffffff
N??CAA_S?WL?BOCgCQ?	46	3fffffffffff
N??CAA_S?WL?BOCg?q?	46	3fffffffffff
N??CAA_S?WL?BOCgAI?	46	3fffffffffff
N??CAA_S?WL?BOCg?Y?	46	3fffffffffff
N??CAA_S?WL?BOCgS@?	46	3fffffffffff
N??CAA_S?WL?BOCgQ@?	46	3fffffffffff
N??CAA_S?WL?BOCgE@?	46	3fffffffffff
N??CAA_S?WL?BOCgCP?	46	3fffffffffff
N??CAA_S?WL?BOCgAP?	46	3fffffffffff
N??CAA_S?WL?BOCgOB?	46	3fffffffffff
N??CAA_S?WL?BOCgCB?	46	3fffffffffff
N??CAA_S?WL?BOCg?R?	46	3fffffffffff
N??CAA_S?WL?BOCaU??	46	3fffffffffff
N??CAA_S?WL?BOCaSO?	46	3fffffffffff
N??CAA_S?WL?BOCaCo?	46	3fffffffffff
N??CAA_S?WL?BOCaAg?	46	3faeffff75e937d2
N??CAA_S?WL?BOCa?w?	46	3ffffffffffd2
N??CAA_S?WL?BOCaSC?	46	3fffffffffff
N??CAA_S?WL?BOCaQC?	46	3fffffffffff
N??CAA_S?WL?BOCaOc?	46	3fffffffffff
N??CAA_S?WL?BOCaCS?	46	3fffffffffff
N??CAA_S?WL?BOCa?q?	46	3ffffffffffcc
N??CAA_S?WL?BOCaOE?	46	3fffffffffff
N??CAA_S?WL?DG@oU??	46	3fffffffffff
N??CAA_S?WL?DG@oT??	46	3fffffffffff
N??CAA_S?WL?DG@oF??	46	3fffffffffff
N??CAA_S?WL?DG@oSO?	46	3fffffffffff
N??CAA_S?WL?DG@oDO?	46	3fffffffffff
N??CAA_S?WL?DG@oBO?	46	3fffffffffff
N??CAA_S?WL?DG@oPG?	46	3fffffffffff
N??CAA_S?WL?DG@oBG?	46	3fffffffffff
N??CAA_S?WL?DG@oAW?	46	3fffffffffff
N??CAA_S?WL?DG@oQA?	46	3fffffffffff
N??CAA_S?WL?DG@oPA?	46	3fffffffffff
N??CAA_S?WL?DG@oDA?	46	3fffffffffff
N??CAA_S?WL?DG@oQ@?	46	3fffffffffff
N??CAA_S?WL?DG@oE@?	46	3fffffffffff
N??CAA_S?WL?DG?sR??	46	3fffffffffff
N??CAA_S?WL?DG?sF??	46	3fffffffffff
N??CAA_S?WL?DG?sP_?	46	3fffffffffff
N??CAA_S?WL?DG?sD_?	46	3fffffffffff
N??CAA_S?WL?DG?sB_?	46	3fffffffffff
N??CAA_S?WL?DG?s@o?	46	3fffffffffff
N??CAA_S?WL?DG?sSG?	46	1ffffffffb7fe
N??CAA_S?WL?DG?sDG?	46	3fffffffffff
N??CAA_S?WL?DG?s@g?	46	3fffffffffff
N??CAA_S?WL?DG?s@P?	46	3fffffffffff
N??CAA_S?WL?DG?qU??	46	3fffffffffff
N??CAA_S?WL?DG?qR??	46	3fffffffffff
N??CAA_S?WL?DG?qQO?	46	3fffffffffff
N??CAA_S?WL?DG?qAo?	46	3fffffffffff
N??CAA_S?WL?DG?qSG?	46	3fffffffffff
N??CAA_S?WL?DG?qQG?	46	3fffffffffff
N??CAA_S?WL?DG?qDG?	46	3fffffffffff
N??CAA_S?WL?DG?qAW?	46	3fffffffffff
N??CAA_S?WL?DG?qCQ?	46	3fffffffffff
N??CAA_S?WL?DG?q@Q?	46	3fffffffffff
N??CAA_S?WL?DG?q?Y?	46	3fffffffffff
N??CAA_S?WL?@gcOB_?	46	3fffffffffff
N??CAA_S?WL?@gcO@o?	46	7ffffffff7ff
N??CAA_S?WL?@gcO@g?	46	3fffffffffff
N??CAA_S?WL?@gcODA?	46	3fffffffffff
N??CAA_S?WL?@gcO@a?	46	3fffffffffff
N??CAA_S?WL?@gcOCQ?	46	1ffffffffb7fe
N??CAA_S?WL?@gcO?q?	46	3fffffffffff
N??CAA_S?WL?@gcOCI?	46	1ffffffffb7fe
N??CAA_S?WL?@gcOD@?	46	7fffffff7fff
N??CAA_S?WL?@gcOA`?	46	3fffffffffff
N??CAA_S?WL?@gCQU??	46	3fffffffffff
N??CAA_S?WL?@gCQP_?	46	7ffffffeffff
N??CAA_S?WL?@gCQB_?	46	3fffffffffff
N??CAA_S?WL?@gCQQO?	46	3fffffffffff
N??CAA_S?WL?@gCQEO?	46	3fffffffffff
N??CAA_S?WL?@gCQAo?	46	3fffffffffff
N??CAA_S?WL?@gCQQG?	46	3fffffffffff
N??CAA_S?WL?@gCQEG?	46	3fffffffffff
N??CAA_S?WL?@gCQDG?	46	3fffffffffff
N??CAA_S?WL?@gCQAW?	46	3fffffffffff
N??CAA_S?WL?@gCQQA?	46	3fffffffffff
N??CAA_S?WL?HCCoB_?	46	3ffffef7ef7ff
N??CAA_S?WL?HCCoQC?	46	3ffffffffffcc
N??CAA_S?WL?HCCoAS?	46	1ffffffffb7fe
N??CAA_S?WL?HCCo@S?	46	3fffffffffff
N??CAA_S?WL?HCCoA`?	46	3ffffdefdefff
N??CAA_S?WL?HCCoOP?	46	3fffffffffff
N??CAA_S?WL?BCCoQC?	46	3fffffffffff
N??CAA_S?WL?BCCoOc?	46	7ffffffff7ff
N??CAA_S?WL?BCCoOS?	46	7ffffffffffd
N??CAA_S?WL?BCCoCS?	46	7ffffffffffd
N??CAA_S?WL?BCCoAS?	46	3fffffffffff
N??CAA_S?WL?BCCoOK?	46	3fffffffffff
N??CAA_S?WL?BCCoAK?	46	3fffffffffff
N??CAA_S?WL?BCCo?h?	46	2ffdeff7fe70fccc
N??CAA_S?WF?E_`OCo?	46	3ffffef7ef7ff
N??CAA_S?WF?E_`OKG?	46	3fffffffffff
N??CAA_S?WF?E_`OGg?	46	3fffffffffff
N??CAA_S?WF?E_`OCg?	46	3fffffffffff
N??CAA_S?WF?E_`OGc?	46	3fffffffffff
N??CAA_S?WF?E_`O?s?	46	3ffff7dfdf7ff
N??CAA_S?WF?E_`OGK?	46	3fffffffffff
N??CAA_S?WF?E_`O?k?	46	3fffffffffff
N??CAA_S?WF?E_`O?[?	46	3fffffffffff
N??CAA_S?WF?E_`OKA?	46	3fffffffffff
N??CAA_S?WF?E_`OGa?	46	3fffffffffff
N??CAA_S?WF?E_`OCa?	46	3fffffffffff
N??CAA_S?WF?E_`O?q?	46	3fffffffffff
N??CAA_S?WF?E_`OGI?	46	3fffffffffff
N??CAA_S?WF?E_`OCI?	46	3fffffffffff
N??CAA_S?WF?E_`O?i?	46	3fffffffffff
N??CAA_S?WF?E_`O?Y?	46	3fffffffffff
N??CAA_S?WF?E_`O?M?	46	3fffffffffff
N??CAA_S?WF?E_`OCP?	46	3ffffdefdefff
N??CAA_S?WF?E_`OGB?	46	3fffffffffff
N??CAA_S?WF?E_`O?J?	46	3fffffffffff
N??CAA_S?WF?E_POSO?	46	3fefebfbbba64b7e
N??CAA_S?WF?E_POSC?	46	3defbfffdea94fcc
N??CAA_S?WF?E_POOc?	46	3fffffffffff
N??CAA_S?WF?E_POOK?	46	3fffffffffff
N??CAA_S?WF?E_POOa?	46	3fffffffffff
N??CAA_S?WF?E_POCa?	46	3ffffef7ef7ff
N??CAA_S?WF?E_POCQ?	46	3fff7fefdfeff
N??CAA_S?WF?E_PO?i?	46	3faeffff75e937d2
N??CAA_S?WF?E_POCP?	46	37ffffbfefffb
N??CAA_S?WF?E_POOD?	46	37fffbfffeffb
N??CAA_S?WF?E_HOOo?	46	3ffffef7ef7ff
N??CAA_S?WF?E_HOGg?	46	3ffffffff87ff
N??CAA_S?WF?E_HO?w?	46	3fffffffffff
N??CAA_S?WF?E_HOOc?	46	3ffff7dfdf7ff
N??CAA_S?WF?E_HOGS?	46	3fffffffffff
N??CAA_S?WF?E_HO?s?	46	3ffdffdfdff7f
N??CAA_S?WF?E_HOOK?	46	3fffffffffff
N??CAA_S?WF?E_HO?k?	46	3fffffffffff
N??CAA_S?WF?E_HO?[?	46	3fffffffffff
N??CAA_S?WF?E_HOGa?	46	3ffffef7ef7ff
N??CAA_S?WF?E_HO?q?	46	3fffffffffff
N??CAA_S?WF?E_HO?i?	46	3ffff7dfdf7ff
N??CAA_S?WF?E_HO?Y?	46	3fffffffffff
N??CAA_S?WF?E_HO?e?	46	3fffffffffff
N??CAA_S?WF?E_HO?U?	46	3fffffffffff
N??CAA_S?WF?E_HO?M?	46	3fffffffffff
N??CAA_S?WF?E_HOOP?	46	3ffffdefdefff
N??CAA_S?WF?E_HO?X?	46	3fffffffffff
N??CAA_S?WF?E_HO?T?	46	3ffffffe97fff
N??CAA_S?WF?E_HOGB?	46	3ffffdefdefff
N??CAA_S?WF?E_HO?J?	46	3fffffff0ffff
N??CAA_S?WF?E_@S[??	46	3fffffffffff
N??CAA_S?WF?E_@SW_?	46	3fffffffffff
N??CAA_S?WF?E_@SS_?	46	3fffffffffff
N??CAA_S?WF?E_@SSO?	46	5fffdeffff7fd
N??CAA_S?WF?E_@SOo?	46	3fffffffffff
N??CAA_S?WF?E_@SCo?	46	3fffffffffff
N??CAA_S?WF?E_@SOW?	46	3fffffffffff
N??CAA_S?WF?E_@SCW?	46	3fffffffffff
N??CAA_S?WF?E_@SWC?	46	3fffffffffff
N??CAA_S?WF?E_@SSC?	46	3fdffffffb7fe
N??CAA_S?WF?E_@SOc?	46	3fffffffffff
N??CAA_S?WF?E_@SOK?	46	3fffffffffff
N??CAA_S?WF?E_@SW@?	46	3fffffffffff
N??CAA_S?WF?E_@SK@?	46	3ffffdefdefff
N??CAA_S?WF?E_@SCH?	46	3fffffff0ffff
N??CAA_S?WF?E_@QSO?	46	3ff73fdb9cfdef61
N??CAA_S?WF?E_@QGg?	46	3faeffff75e937d2
N??CAA_S?WF?E_@QOc?	46	3fffffff0ffff
N??CAA_S?WF?E_@QCa?	46	3ffffdefdefff
N??CAA_S?WF?E_@QCQ?	46	1ffffffffcffe
N??CAA_S?WF?E_@QCI?	46	3fffffff0ffff
N??CAA_S?WF?E_@Q?i?	46	37ff6fdff9f0fb52
N??CAA_S?WF?D_HOPO?	46	3ffffef7ef7ff
N??CAA_S?WF?D_HO@W?	46	3fffffffffff
N??CAA_S?WF?D_HOPC?	46	3ffff7dfdf7ff
N??CAA_S?WF?D_HO@S?	46	3ffdffdfdff7f
N??CAA_S?WF?D_HOOK?	46	3fffffffffff
N??CAA_S?WF?D_HO@K?	46	3fffffffffff
N??CAA_S?WF?D_HO?[?	46	3fffffffffff
N??CAA_S?WF?D_HO@E?	46	3fffffffffff
N??CAA_S?WF?D_GoP_?	46	3ffffef7ef7ff
N??CAA_S?WF?D_GoWG?	46	3ffffffffffcc
N??CAA_S?WF?D_GoOg?	46	3fffffffffff
N??CAA_S?WF?D_Go@g?	46	3fffffffffff
N??CAA_S?WF?D_GoPA?	46	3fffffffffff
N??CAA_S?WF?D_GoHA?	46	3fffffffffff
N??CAA_S?WF?D_GoOa?	46	3fffffffffff
N??CAA_S?WF?D_Go@a?	46	3fffffffffff
N??CAA_S?WF?D_GoOI?	46	1ffffffffb7fe
N??CAA_S?WF?D_Go@I?	46	3fffffffffff
N??CAA_S?WF?D_GoO`?	46	3ffffdefdefff
N??CAA_S?WF?D_Go@H?	46	3fffffffffff
N??CAA_S?WP_M?GoGa?	46	3fffffffffff
N??CAA_S?WP_M?GoGQ?	46	3fffffffffff
N??CAA_S?WP_M?GoGI?	46	7fffffffff7f
N??CAA_S?WP_M?GoAI?	46	7fffffffff7f
N??CAA_S?WP_M?Go?i?	46	3fffffffffff
N??CAA_S?WP_M?GoGE?	46	3fffffffffff
N??CAA_S?WP_M?Go?h?	46	3ffffffffffcc
N??CAA_S?WP_M?Go?d?	46	2ffdeff7fe70fccc
N??CAA_S?WP_M?GoGB?	46	3fffffffffff
N??CAA_S?WP_M??wIG?	46	7fffffffff7f
N??CAA_S?WP_M??wGW?	46	7ffffffffffd
N??CAA_S?WP_M??wKA?	46	3fffffffffff
N??CAA_S?WP_M??wGa?	46	3fffffffffff
N??CAA_S?WP_M??wGQ?	46	7ffffffffffd
N??CAA_S?WP_M??wCQ?	46	3fffffffffff
N??CAA_S?WP_M??wAI?	46	7ffffffffffd
N??CAA_S?WP_M??wGB?	46	3fffffffffff
N??CAA_S?WP_M??w?J?	46	3fffffffffff
N??CAA_S?WP_I_KOI_?	46	3fffffffffff
N??CAA_S?WP_I_KOAS?	46	3ffff7dfdf7ff
N??CAA_S?WP_I_KOGa?	46	3fffffffffff
N??CAA_S?WP_I_KOGQ?	46	3fffffffffff
N??CAA_S?WP_I_KOGE?	46	3fffffffffff
N??CAA_S?WP_I_KOGB?	46	3fffffffffff
N??CAA_S?WP_I_DOM??	46	3fffffffffff
N??CAA_S?WP_I_DOKA?	46	3fffffffffff
N??CAA_S?WP_I_DOGQ?	46	3fffffffffff
N??CAA_S?WP_I_DOGE?	46	3fffffffffff
N??CAA_S?WP_I_DOK@?	46	7ffffffffeff
N??CAA_S?WP_I_DOE@?	46	3ffffdefdefff
N??CAA_S?WP_I_DOAP?	46	3ffffdefdefff
N??CAA_S?WP_I_DOAH?	46	7ffffffff7ff
N??CAA_S?WP_I_DOGD?	46	7ffffffeffff
N??CAA_S?WP_I_DOAD?	46	3fffffff0ffff
N??CAA_S?WP_I_DOGB?	46	7ffffffffeff
N??CAA_S?WP_I_CoI_?	46	3fffffffffff
N??CAA_S?WP_I_CoEG?	46	3fffffffffff
N??CAA_S?WP_I_CoEC?	46	3ffff7dfdf7ff
N??CAA_S?WP_I_CoKA?	46	3fffffffffff
N??CAA_S?WP_I_CoGa?	46	3fffffffffff
N??CAA_S?WP_EOK_K_?	46	3fffffffffff
N??CAA_S?WP_EOK_KG?	46	7ffffffff7ff
N??CAA_S?WP_EOK_Gg?	46	7ffffffffffe
N??CAA_S?WP_EOK_Cg?	46	3fffffffffff
N??CAA_S?WP_EOK_CW?	46	3fffffffffff
N??CAA_S?WP_EOK_GS?	46	3fffffffffff
N??CAA_S?WP_EOK_GK?	46	3fffffffffff
N??CAA_S?WP_EOK_Ca?	46	3fffffffffff
N??CAA_S?WP_EOK_CQ?	46	3fffffffffff
N??CAA_S?WP_EOK_CI?	46	7fffffffff7f
N??CAA_S?WP_EOK_?i?	46	7ffffffff7ff
N??CAA_S?WP_EOK_?Y?	46	3fffffffffff
N??CAA_S?WP_EOK_GE?	46	3fffffffffff
N??CAA_S?WP_EOK_?M?	46	3fffffffffff
N??CAA_S?WP_EOK_C`?	46	3ffffdefdefff
N??CAA_S?WP_EOK_CH?	46	3fffffffffff
N??CAA_S?WP_EOK_?d?	46	3fffffff0ffff
N??CAA_S?WP_EOK_?T?	46	3fffffff0ffff
N??CAA_S?WP_EOK_?L?	46	3fffffffffff
N??CAA_S?WP_EOK_CB?	46	3fffffffffff
N??CAA_S?WP_EOK_?J?	46	7ffffffeffff
N??CAA_S?WP_EOK_?F?	46	3fffffffffff
N??CAA_S?WP_KAGo@g?	46	3ffffffffffcc
N??CAA_S?WP_KAGoIC?	46	3fffffffffff
N??CAA_S?WP_KAGo@c?	46	2ffdeff7fe70fccc
N??CAA_S?WP_KAGoGQ?	46	3fffffffffff
N??CAA_S?WP_KAGoGI?	46	7fffffff7fff
N??CAA_S?WP_KAGoAI?	46	7fffffff7fff
N??CAA_S?WP_KAGoGE?	46	3fffffffffff
N??CAA_S?WP_KA?wD_?	46	2ffdeff7fe70fccc
N??CAA_S?WP_KA?wKO?	46	3fffffffffff
N??CAA_S?WP_KA?wIG?	46	7fffffff7fff
N??CAA_S?WP_KA?wKA?	46	3fffffffffff
N??CAA_S?WP_KA?wHA?	46	3fffffffffff
N??CAA_S?WP_KA?wGQ?	46	7ffffffffffb
N??CAA_S?WP_KA?wCQ?	46	3fffffffffff
N??CAA_S?WP_KA?wAI?	46	7ffffffffffb
N??CAA_S?WP_GaKOAS?	46	3fffffff0ffff
N??CAA_S?WP_GaKOHA?	46	3fffffffffff
N??CAA_S?WP_GaKOGQ?	46	3fffffffffff
N??CAA_S?WP_GaKOGE?	46	3fffffffffff
N??CAA_S?WP_GaEOK_?	46	7ffffffffeff
N??CAA_S?WP_GaEOE_?	46	3ffffdefdefff
N??CAA_S?WP_GaEOAg?	46	7ffffffff7ff
N??CAA_S?WP_GaEOKA?	46	3fffffffffff
N??CAA_S?WP_GaEOGa?	46	7ffffffffeff
N??CAA_S?WP_GaEOGQ?	46	3fffffffffff
N??CAA_S?WP_GaCoEG?	46	3fffffffffff
N??CAA_S?WP_GaCoEC?	46	3fffffff0ffff
N??CAA_S?WP_GaCoKA?	46	3fffffffffff
N??CAA_S?WP_GaCoHA?	46	3fffffffffff
N??CAA_S?WP_CQK_D_?	46	3ffffdefdefff
N??CAA_S?WP_CQK_KG?	46	7ffffffdffff
N??CAA_S?WP_CQK_CW?	46	3fffffffffff
N??CAA_S?WP_CQK_@c?	46	3fffffff0ffff
N??CAA_S?WP_CQK_GS?	46	3fffffffffff
N??CAA_S?WP_CQK_GK?	46	3fffffffffff
N??CAA_S?WP_CQK_CQ?	46	3fffffffffff
N??CAA_S?WP_CQK_CI?	46	7fffffff7fff
N??CAA_S?WP_CQK_@I?	46	7ffffffeffff
N??CAA_S?WP_CQK_?Y?	46	3fffffffffff
N??CAA_S?WP_CQK_GE?	46	3fffffffffff
N??CAA_S?WP_CQK_?M?	46	3fffffffffff
N??CAA_S?WD_M?_o?[?	46	3ffffffffffd2
N??CAA_S?WD_M?_oIA?	46	3ffdffdfdff7f
N??CAA_S?WD_M?_oGa?	46	3ffdffdfdff7f
N??CAA_S?WD_M?_oGQ?	46	3bfffffbf7ffd
N??CAA_S?WD_M?_oGI?	46	3bfffffbf7ffd
N??CAA_S?WD_M?_oAI?	46	3bfffffbf7ffd
N??CAA_S?WD_M?_oGE?	46	3fffffffffff
N??CAA_S?WD_M?CoGg?	46	3ffffffff87ff
N??CAA_S?WD_M?CoGS?	46	3fffffffffff
N??CAA_S?WD_M?Co?s?	46	3ffdffdfdff7f
N??CAA_S?WD_M?CoOK?	46	3fffffffffff
N??CAA_S?WD_M?Co?[?	46	3fffffffffff
N??CAA_S?WD_M?CoOQ?	46	3fffffffffff
N??CAA_S?WD_M?Co?i?	46	3ffff7dfdf7ff
N??CAA_S?WD_M?Co?Y?	46	3ffffef7ef7ff
N??CAA_S?WD_M?Co?U?	46	3fffffffffff
N??CAA_S?WD_M?Co?M?	46	3fffffffffff
N??CAA_S?WD_M?Co?T?	46	3ffffffe97fff
N??CAA_S?WD_M?Co?J?	46	3fffffff0ffff
N??CAA_S?WD_M?@oIG?	46	3ffffffff87ff
N??CAA_S?WD_M?@oAI?	46	3ffff7dfdf7ff
N??CAA_S?WD_M?@o?U?	46	3fffffffffff
N??CAA_S?WD_M?@o?T?	46	3faeffff75e937d2
N??CAA_S?WD_M?@oGB?	46	3ffffdefdefff
N??CAA_S?WD_M??wY??	46	3fffffffffff
N??CAA_S?WD_M??wIO?	46	3fffffffffff
N??CAA_S?WD_M??wGo?	46	3fffffffffff
N??CAA_S?WD_M??wIG?	46	3fffffffffff
N??CAA_S?WD_M??wOg?	46	3ffffffffffd2
N??CAA_S?WD_M??wWA?	46	3fffffffffff
N??CAA_S?WD_M??wGa?	46	3fffffffffff
N??CAA_S?WD_M??wGQ?	46	3fffffffffff
N??CAA_S?WD_M??w?q?	46	3fffffffffff
N??CAA_S?WD_M??wOI?	46	3fffffffffff
N??CAA_S?WD_M??wAI?	46	3fffffffffff
N??CAA_S?WD_M??wGP?	46	3fffffffffff
N??CAA_S?WD_M??w?p?	46	3faeffff75e937d2
N??CAA_S?WD_M??w?h?	46	1ffffffffb7fe
N??CAA_S?WD_M??sWO?	46	3bfffffbf7ffd
N??CAA_S?WD_M??sAg?	46	3ffff7dfdf7ff
N??CAA_S?WD_M??sOW?	46	3ffffef7ef7ff
N??CAA_S?WD_M??sWC?	46	3fffffffffff
N??CAA_S?WD_M??sOS?	46	3fffffffffff
N??CAA_S?WD_M??sGS?	46	3fffffffffff
N??CAA_S?WD_M??sAS?	46	3fffffffffff
N??CAA_S?WD_M??s?s?	46	3fffffffffff
N??CAA_S?WD_M??sOK?	46	3fffffffffff
N??CAA_S?WD_M??sAK?	46	3fffffffffff
N??CAA_S?WD_M??s?[?	46	3fffffffffff
N??CAA_S?WD_M??sAH?	46	3fffffff0ffff
N??CAA_S?WD_M??s?T?	46	3fffffffffff
N??CAA_S?WD_M??qGS?	46	3fffffffffff
N??CAA_S?WD_M??q?s?	46	3faeffff75e937d2
N??CAA_S?WD_M??q?[?	46	1ffffffffb7fe
N??CAA_S?WD_M??qGa?	46	3ffffdefdefff
N??CAA_S?WD_M??qAI?	46	3fffffff0ffff
N??CAA_S?WD_F?GoGQ?	46	3fffffffffff
N??CAA_S?WD_F?GoAP?	46	3fff7fefdfeff
N??CAA_S?WD_F?GoGD?	46	3fffffffffff
N??CAA_S?WD_F?Go?T?	46	3faeffff75e937d2
N??CAA_S?WD_F?GoGB?	46	3ffffdefdefff
N??CAA_S?WD_F?Go?J?	46	3fffffff0ffff
N??CAA_S?WD_F??wWG?	46	3defbfffdea94fcc
N??CAA_S?WD_F??wWA?	46	3ffffffffffcc
N??CAA_S?WD_F??wGQ?	46	1ffffffffb7fe
N??CAA_S?WD_F??wOI?	46	1ffffffffb7fe
N??CAA_S?WD_F??wGI?	46	1ffffffffb7fe
N??CAA_S?WD_F??w?Y?	46	3ffdf7ffff77f
N??CAA_S?WD_F??wGP?	46	3fffffffffff
N??CAA_S?WD_F??wCP?	46	3faeffff75e937d2
N??CAA_S?WD_F??wOH?	46	3effffffffb7e
N??CAA_S?WD_F??wCH?	46	1ffffffffb7fe
N??CAA_S?WD_F??wAH?	46	3fffffffffff
N??CAA_S?WD_F??w?X?	46	1ffffeffff7fd
N??CAA_S?WD_F??wGB?	46	37ffffbfefffb
N??CAA_S?WD_F??qSO?	46	3defbfffdea94fcc
N??CAA_S?WD_F??qQO?	46	3ffffdefdefff
N??CAA_S?WD_F??qOW?	46	7ebfffffffb7e
N??CAA_S?WD_F??qCW?	46	1ffffffffb7fe
N??CAA_S?WD_F??qWC?	46	3fffffffffff
N??CAA_S?WD_F??qKC?	46	3fffffffffff
N??CAA_S?WD_F??qQC?	46	3fffffff0ffff
N??CAA_S?WD_F??qCS?	46	3faeffff75e937d2
N??CAA_S?WD_F??qOK?	46	3effffffffb7e
N??CAA_S?WD_F??qAK?	46	3fffffffffff
N??CAA_S?WD_F??qOE?	46	3fffffffffff
N??CAA_S?WD_K_EOGg?	46	3ffffffff87ff
N??CAA_S?WD_K_EO?s?	46	3ffdffdfdff7f
N??CAA_S?WD_K_EO?[?	46	3fffffffffff
N??CAA_S?WD_K_EOOQ?	46	3fffffffffff
N??CAA_S?WD_K_EO?i?	46	3ffff7dfdf7ff
N??CAA_S?WD_K_EO?Y?	46	3fffffffffff
N??CAA_S?WD_K_AoWG?	46	3fffffffffff
N??CAA_S?WD_K_AoQG?	46	3fffffffffff
N??CAA_S?WD_K_AoIG?	46	3fffffffffff
N??CAA_S?WD_K_AoIC?	46	3fffffffffff
N??CAA_S?WD_K_AoWA?	46	3fffffffffff
N??CAA_S?WD_K_AoQA?	46	3fffffffffff
N??CAA_S?WD_K_AoIA?	46	3fffffffffff
N??CAA_S?WD_K_AoGa?	46	3fffffffffff
N??CAA_S?WD_K_AoGI?	46	3fffffffffff
N??CAA_S?WD_K_AoAI?	46	3fffffffffff
N??CAA_S?WD_K_AoGE?	46	3fffffffffff
N??CAA_S?WD_K_AoOB?	46	3fffffffffff
N??CAA_S?WD_K_AoGB?	46	3fffffffffff
N??CAA_S?WD_K_Ao?J?	46	3fffffffffff
N??CAA_S?WD_I_cOAS?	46	3ffff7dfdf7ff
N??CAA_S?WD_I_cOGa?	46	7ffffffeffff
N??CAA_S?WD_I_cOGQ?	46	3fffffffffff
N??CAA_S?WD_I_DOGQ?	46	3fffffffffff
N??CAA_S?WD_I_DOGE?	46	3fffffffffff
N??CAA_S?WD_I_DOAP?	46	3fff7fefdfeff
N??CAA_S?WD_I_DOAD?	46	3ffffffe97fff
N??CAA_S?WD_I_DOGB?	46	3ffffdefdefff
N??CAA_S?WD_I_CoI_?	46	3fffffffffff
N??CAA_S?WD_I_CoQG?	46	3fffffffffff
N??CAA_S?WD_I_CoQC?	46	3ffff7dfdf7ff
N??CAA_S?WD_I_CoIC?	46	3fffffffffff
N??CAA_S?WD_I_CoAK?	46	3fffffffffff
N??CAA_S?WD_I_CoWA?	46	3fffffffffff
N??CAA_S?WD_I_CoGa?	46	3fffffffffff
N??CAA_S?WD_I_CoGE?	46	3fffffffffff
N??CAA_S?WD_I_CoI@?	46	3fffffffffff
N??CAA_S?WD_I_CoA`?	46	3fff7fefdfeff
N??CAA_S?WD_I_CoGB?	46	3fffffffffff
N??CAA_S?WD_E_@oIG?	46	3ffffffffffe1
N??CAA_S?WD_E_@oWA?	46	3fffffffffff
N??CAA_S?WD_E_@oKA?	46	3fffffffffff
N??CAA_S?WD_E_@oIA?	46	3ffffffffffd2
N??CAA_S?WD_E_@oGE?	46	3fffffffffff
N??CAA_S?WD_E_@oS@?	46	3defbfffdea94fcc
N??CAA_S?WD_E_@oI@?	46	3ffffffffffd2
N??CAA_S?WD_E_@oCD?	46	3faeffff75e937d2
N??CAA_S?WD_E_@oGB?	46	3ffffffffffcc
N??CAA_S?WD_B_cOIC?	46	3ffffffffffcc
N??CAA_S?WD_B_cOGK?	46	3effffffffb7e
N??CAA_S?WD_B_cOAK?	46	1ffffffffb7fe
N??CAA_S?WD_B_cOGQ?	46	3fffffff0ffff
N??CAA_S?WD_B_cOGE?	46	3effffffffb7e
N??CAA_S?WD_B_cOI@?	46	7ffffffffffd
N??CAA_S?WD_B_cOE@?	46	3ffffdefdefff
N??CAA_S?WD_B_cOAP?	46	3ffffdefdefff
N??CAA_S?WD_B_cOAH?	46	7ffffffff7ff
N??CAA_S?WD_B_cOGB?	46	7ffffffffeff
N??CAA_S?WD_B_KOGQ?	46	7fffffff7fff
N??CAA_S?WD_B_KOGE?	46	2fffff7ff7ffb
N??CAA_S?WD_B_KOI@?	46	3ffffef7ef7ff
N??CAA_S?WD_B_KOAP?	46	3fff7fefdfeff
N??CAA_S?WD_B_KOGD?	46	7ffffffeffff
N??CAA_S?WD_B_KOAD?	46	3ffffffe97fff
N??CAA_S?WD_B_KOGB?	46	3ffffdefdefff
N??CAA_S?WD_B_CQU??	46	3ffffdefdefff
N??CAA_S?WD_B_CQM??	46	3ffffef7ef7ff
N??CAA_S?WD_B_CQWO?	46	7fffffffefff
N??CAA_S?WD_B_CQKO?	46	7fffffffefff
N??CAA_S?WD_B_CQQO?	46	3ffffdefdefff
N??CAA_S?WD_B_CQEO?	46	3fff7fefdfeff
N??CAA_S?WD_B_CQKG?	46	3ffff7dfdf7ff
N??CAA_S?WD_B_CQEG?	46	3ffff7dfdf7ff
N??CAA_S?WD_B_CQWC?	46	7ffffffeffff
N??CAA_S?WD_B_CQQC?	46	3fffffff0ffff
N??CAA_S?WD_B_CQWA?	46	7ffffffffeff
N??CAA_S?WD_B_CQKA?	46	3ffffdefdefff
N??CAA_S?WD_KOE_Gg?	46	3ffffffff87ff
N??CAA_S?WD_KOE_?s?	46	3ffdffdfdff7f
N??CAA_S?WD_KOE_OK?	46	3fffffffffff
N??CAA_S?WD_KOE_GK?	46	3fffffffffff
N??CAA_S?WD_KOE_?[?	46	3fffffffffff
N??CAA_S?WD_KOE_?i?	46	3ffff7dfdf7ff
N??CAA_S?WD_KOE_?Y?	46	3fffffffffff
N??CAA_S?WSOM?DO@c?	46	3ffff7dfdf7ff
N??CAA_S?WSOM?DO?s?	46	3ffff7dfdf7ff
N??CAA_S?WSOM?DO?M?	46	1ffffffffb7fe
N??CAA_S?WSOM?BO?s?	46	3faeffff75e937d2
N??CAA_S?WSOM?BO?[?	46	3ffffffffffd2
N??CAA_S?WSOM?@oIG?	46	ffffffffff74c
N??CAA_S?WSOM?@oHC?	46	3fffffffffff
N??CAA_S?WSOM?@oAc?	46	3ffff7dfdf7ff
N??CAA_S?WSOM?@o@c?	46	3faeffff75e937d2
N??CAA_S?WSOM?@o@K?	46	3ffffffffffd2
N??CAA_S?WSOM?@o@a?	46	3fffffffffff
N??CAA_S?WSOM?@oAI?	46	7ffffffffb77c
N??CAA_S?WSOM?@oGE?	46	1ffffffffb7fe
N??CAA_S?WSOM?@o?e?	46	3fffffffffff
N??CAA_S?WSOM?@oGD?	46	3fffffffffff
N??CAA_S?WSOM?@oGB?	46	fffffffdfffb
N??CAA_S?WSOM?@o?F?	46	3fffffffffff
N??CAA_S?WSOM?@WH_?	46	3fffffffffff
N??CAA_S?WSOM?@WB_?	46	3ffff7dfdf7ff
N??CAA_S?WSOM?@WHO?	46	3fffffffffff
N??CAA_S?WSOM?@WAo?	46	3ffff7dfdf7ff
N??CAA_S?WSOM?@W@o?	46	3faeffff75e937d2
N??CAA_S?WSOM?@WIG?	46	ffffffffff74c
N??CAA_S?WSOM?@WGQ?	46	1ffffffffb7fe
N??CAA_S?WSOM?@WGP?	46	3fffffffffff
N??CAA_S?WSOM?@WGB?	46	fffffffdfffd
N??CAA_S?WSOM?@S@o?	46	3fffffffffff
N??CAA_S?WSOM?@S@c?	46	3fffffffffff
N??CAA_S?WSOM?@SGS?	46	1ffffffffb7fe
N??CAA_S?WSOM?@S?s?	46	3fffffffffff
N??CAA_S?WSOM?@SGD?	46	7ffffffffffd
N??CAA_S?WSOM?@S?T?	46	1ffffff7efffd
N??CAA_S?WSOM?@S?L?	46	7fffffffefff
N??CAA_S?WSOJ?EOIC?	46	3fffffffffff
N??CAA_S?WSOJ?EOAS?	46	3ffff7dfdf7ff
N??CAA_S?WSOJ?EOGQ?	46	7fffffffff7f
N??CAA_S?WSOJ?EOGE?	46	7fffffffff7f
N??CAA_S?WSOJ?CoHC?	46	7fffffffff7f
N??CAA_S?WSOJ?CoBC?	46	3ffff7dfdf7ff
N??CAA_S?WSOJ?CoHA?	46	7fffffffff7f
N??CAA_S?WSOJ?CoGD?	46	7fffffff7fff
N??CAA_S?WSOJ?CoAD?	46	3fffffff0ffff
N??CAA_S?WSOJ?CoGB?	46	ffffffff6fff
N??CAA_S?WSOJ?CWH_?	46	3fffffffdef7e
N??CAA_S?WSOJ?CWB_?	46	3ffff7dfdf7ff
N??CAA_S?WSOJ?CWHO?	46	7fffffffff7f
N??CAA_S?WSOJ?CWBO?	46	3ffff7dfdf7ff
N??CAA_S?WSOJ?CWHA?	46	7fffffffff7f
N??CAA_S?WSOJ?CWGP?	46	7fffffff7fff
N??CAA_S?WSOJ?CWAP?	46	3fffffff0ffff
N??CAA_S?WSOJ?CWGB?	46	ffffffff77ff
N??CAA_S?WSOJ?CQIC?	46	7ffffffffffe
N??CAA_S?WSOJ?CQAS?	46	3fffffff0ffff
N??CAA_S?WSOJ?CQGQ?	46	ffffffff6fff
N??CAA_S?WSOJ?CQGE?	46	ffffffff77ff
N??CAA_S?WSOK_BO@c?	46	3faeffff75e937d2
N??CAA_S?WSOI_DOAc?	46	3ffff7dfdf7ff
N??CAA_S?WSOI_DOGE?	46	7ffffffffb77c
N??CAA_S?WSOE_DOD_?	46	3ffffef7ef7ff
N??CAA_S?WSOE_DOCc?	46	3ffff7dfdf7ff
N??CAA_S?WSOE_DOCI?	46	1ffffffffb7fe
N??CAA_S?WSOE_BOK_?	46	3fffffffffff
N??CAA_S?WSOE_BOCc?	46	3faeffff75e937d2
N??CAA_S?WSOE_BOCK?	46	3ffffffffffd2
N??CAA_S?WSOE_BOKA?	46	7fffffffff7f
N??CAA_S?WSOE_@SK_?	46	ffffffffff7d
N??CAA_S?WSOE_@SD_?	46	3fffffffffff
N??CAA_S?WSOE_@SDG?	46	3fffffffffff
N??CAA_S?WSOE_@SKC?	46	1ffffffffb7fe
N??CAA_S?WSOE_@SCc?	46	3fffffffffff
N??CAA_S?WSOE_@SK@?	46	7ffffffffffb
N??CAA_S?WSOE_@SCH?	46	7fffffffefff
N??CAA_S?WSOE_@SCD?	46	1ffffff7efffd
N??CAA_S?WSOE_@QM??	46	3fffffffff87f
N??CAA_S?WSOE_@QKC?	46	1ffffff7efffd
N??CAA_S?WSOE_@QKA?	46	dffffff7e7ff9
N??CAA_S?WSOE_@QCI?	46	ffffffffeffb
N??CAA_S?WSOB_KOHC?	46	7fffffffff7f
N??CAA_S?WSOB_KOBC?	46	3ffff7dfdf7ff
N??CAA_S?WSOB_KOHA?	46	7fffffffff7f
N??CAA_S?WSOB_KOGD?	46	7fffffff7fff
N??CAA_S?WSOB_KOAD?	46	3fffffff0ffff
N??CAA_S?WSOB_KOGB?	46	ffffffff6fff
N??CAA_S?WSOB_EOM??	46	3fffffffffff
N??CAA_S?WSOB_EOEC?	46	3ffff7dfdf7ff
N??CAA_S?WSOB_EOKA?	46	7fffffffff7f
N??CAA_S?WSOB_CQM??	46	7ffffffffffd
N??CAA_S?WSOB_CQEC?	46	3fffffff0ffff
N??CAA_S?WSOB_CQKA?	46	ffffffff6fff
N??CAA_S?WSOKOR?@o?	46	3fffffffeeffc
N??CAA_S?WSOKOR?@S?	46	7fffffffff7f
N??CAA_S?WSOKOR?@E?	46	7fffffffff7f
N??CAA_S?WSOKOR??T?	46	7fffffff7fff
N??CAA_S?WSOKOR??F?	46	7fffffff7fff
N??CAA_S?WSOKOF?@o?	46	7fdffef7ef7ff
N??CAA_S?WSOCoR?F??	46	7ffffffff7ff
N??CAA_S?WSOCoR?D_?	46	3fffffffeeffc
N??CAA_S?WSOCoR?DC?	46	7fffffffff7f
N??CAA_S?WSOCoR?DA?	46	7fffffffff7f
N??CAA_S?WSOCoR?E@?	46	7ffffffdffff
N??CAA_S?WSOCoR?CD?	46	7fffffff7fff
N??CAA_S?WSOCoR?CB?	46	7fffffff7fff
N??CAA_S?WSOCoF?D_?	46	7fdffef7ef7ff
N??CAA_S?WSOKGBO@o?	46	3faeffff75e937d2
N??CAA_S?WSOIGDOAo?	46	3ffff7dfdf7ff
N??CAA_S?WSOIGDOGQ?	46	7ffffffffb77c
N??CAA_S?WKOe?BOE_?	46	3fffffffffff
N??CAA_S?WKOe?BOEO?	46	3fffffffffff
N??CAA_S?WKOe?BOCo?	46	3fffffffffff
N??CAA_S?WKOe?BOEG?	46	3fffffffffff
N??CAA_S?WKOe?BOCg?	46	3fffffffffff
N??CAA_S?WKOe?BOCc?	46	3fffffffffff
N??CAA_S?WKOe?BOAc?	46	3fffffffffff
N??CAA_S?WKOe?BOAS?	46	3fffffffffff
N??CAA_S?WKOe?BO?s?	46	3fffffffffff
N??CAA_S?WKOe?BO?k?	46	3fffffffffff
N??CAA_S?WKOe?BOCa?	46	3fffffffffff
N??CAA_S?WKOe?BOAa?	46	7ffffffffffd
N??CAA_S?WKOe?BOCQ?	46	3fffffffffff
N??CAA_S?WKOe?BO?q?	46	3fffffffffff
N??CAA_S?WKOe?BOCI?	46	3fffffffffff
N??CAA_S?WKOe?BOAE?	46	3fffffffffff
N??CAA_S?WKOe?BO?e?	46	3fffffffffff
N??CAA_S?WKOe?BO?U?	46	3fffffffffff
N??CAA_S?WKOe?BO?M?	46	3fffffffffff
N??CAA_S?WKOe?BOE@?	46	3fffffffffff
N??CAA_S?WKOe?BOC`?	46	3fffffffffff
N??CAA_S?WKOe?BOA`?	46	7ffffffffffd
N??CAA_S?WKOe?BOCP?	46	3fffffffffff
N??CAA_S?WKOe?BOAP?	46	3fffffffffff
N??CAA_S?WKOe?BOCH?	46	3fffffffffff
N??CAA_S?WKOe?BOAD?	46	3fffffffffff
N??CAA_S?WKOe?BO?d?	46	3fffffffffff
N??CAA_S?WKOe?BO?T?	46	3fffffffffff
N??CAA_S?WKOe?BO?L?	46	3fffffffffff
N??CAA_S?WKOe?BOCB?	46	3fffffffffff
N??CAA_S?WKOe?BO?F?	46	3fffffffffff
N??CAA_S?WKOM?DO@g?	46	3ffffffff87ff
N??CAA_S?WKOM?DOOS?	46	3ffffffffffcc
N??CAA_S?WKOM?DO@S?	46	3fffffffffff
N??CAA_S?WKOM?DO?s?	46	3fffffffffff
N??CAA_S?WKOM?DO?[?	46	1ffffffffb7fe
N??CAA_S?WKOM?DO@a?	46	3ffffef7ef7ff
N??CAA_S?WKOM?DOOE?	46	3ffffffffffcc
N??CAA_S?WKOM?DO?U?	46	1ffffffffb7fe
N??CAA_S?WKOM?DO@P?	46	3fffffffffff
N??CAA_S?WKOM?DO@D?	46	3fffffffffff
N??CAA_S?WKOM?@SP_?	46	3fffffffffff
N??CAA_S?WKOM?@SBO?	46	3fffffffffff
N??CAA_S?WKOM?@S@o?	46	3fffffffffff
N??CAA_S?WKOM?@S@g?	46	3ffff7dfdf7ff
N??CAA_S?WKOM?@S@c?	46	3fffffffffff
N??CAA_S?WKOM?@SAS?	46	1ffffffffb7fe
N??CAA_S?WKOM?@S@S?	46	3fffffffffff
N??CAA_S?WKOM?@S?[?	46	3ffdf7ffff77f
N??CAA_S?WKOb?EOE_?	46	3fffffffffff
N??CAA_S?WKOb?EOEO?	46	3fffffffffff
N??CAA_S?WKOb?EOAo?	46	3fffffffffff
N??CAA_S?WKOb?EOEG?	46	7ffffffff7ff
N??CAA_S?WKOb?EOCg?	46	3fffffffffff
N??CAA_S?WKOb?EOAg?	46	7ffffffffffe
N??CAA_S?WKOb?EOEC?	46	3fffffffffff
N??CAA_S?WKOb?EOAc?	46	3fffffffffff
N??CAA_S?WKOb?EOAS?	46	3fffffffffff
N??CAA_S?WKOb?EOCa?	46	3fffffffffff
N??CAA_S?WKOb?EOCQ?	46	7fffffffff7f
N??CAA_S?WKOb?EO?q?	46	3fffffffffff
N??CAA_S?WKOb?EO?e?	46	3fffffffffff
N??CAA_S?WKOb?EOC`?	46	7ffffffffeff
N??CAA_S?WKOb?EOA`?	46	7ffffffffffd
N??CAA_S?WKOb?CQF??	46	3fffffffffff
N??CAA_S?WKOb?CQD_?	46	7ffffffffeff
N??CAA_S?WKOb?CQB_?	46	7ffffffffffd
N??CAA_S?WKOb?CQEO?	46	3fffffffffff
N??CAA_S?WKOb?CQEG?	46	7ffffffdffff
N??CAA_S?WKOb?CQEC?	46	3fffffffffff
N??CAA_S?WKOb?CQBC?	46	3fffffffffff
N??CAA_S?WKOb?CQAS?	46	3fffffffffff
N??CAA_S?WKOb?CQDA?	46	3fffffffffff
N??CAA_S?WKOb?CQCQ?	46	7fffffff7fff
N??CAA_S?WKOcOJ?B_?	46	3fffffffffff
N??CAA_S?WKOcOJ?@c?	46	7fffffffff7f
N??CAA_S?WKOcOJ?@S?	46	7fffffffff7f
N??CAA_S?WKOcOJ?@a?	46	3fffffffffff
N??CAA_S?WKOcOJ?B@?	46	3fffffffffff
N??CAA_S?WKOcOJ??T?	46	7fffffff7fff
N??CAA_S?WKOcOJ?@B?	46	3fffffffffff
N??CAA_S?WKOcOB_F??	46	3fffffffffff
N??CAA_S?WKOcOB_D_?	46	7ffffffffffd
N??CAA_S?WKOcOB_B_?	46	3fffffffffff
N??CAA_S?WKOcOB_BG?	46	3fffffffffff
N??CAA_S?WKOcOB_@g?	46	3fffffffffff
N??CAA_S?WKOcOB_DC?	46	7fffffffff7f
N??CAA_S?WKOcOB_BC?	46	3fffffffffff
N??CAA_S?WKOcOB_E@?	46	3fffffffffff
N??CAA_S?WKOcOB_B@?	46	3fffffffffff
N??CAA_S?WKOcOB_CD?	46	7fffffff7fff
N??CAA_S?WKOcOB_AD?	46	3fffffffffff
N??CAA_S?WKOKOb?B_?	46	7ffffffffeff
N??CAA_S?WKOKOb?@g?	46	7fffffffefff
N??CAA_S?WKOKOb?@S?	46	7fffffffff7f
N??CAA_S?WKOKOb?B@?	46	7ffffffffffd
N??CAA_S?WKOKOb??T?	46	7fffffff7fff
N??CAA_S?WKOKOF?@a?	46	3ffffef7ef7ff
N??CAA_S?WKOKOB_R??	46	3fffffffffff
N??CAA_S?WKOKOB_P_?	46	7ffffffffffd
N??CAA_S?WKOKOB_B_?	46	3fffffffffff
N??CAA_S?WKOKOB_PC?	46	7fffffffff7f
N??CAA_S?WKOKOB_@c?	46	7ffffffff7ff
N??CAA_S?WKOKOB_PA?	46	3fffffffffff
N??CAA_S?WKOKOB_@a?	46	3fffffffffff
N??CAA_S?WKOKOB_@I?	46	3fffffffffff
N??CAA_S?WKOKOB_Q@?	46	3fffffffffff
N??CAA_S?WKOKOB_B@?	46	3fffffffffff
N??CAA_S?WKOKOB_OD?	46	7fffffff7fff
N??CAA_S?WKOKOB_OB?	46	3fffffffffff
N??CAA_S?WKOKOB_@B?	46	3fffffffffff
N??CAA_S?WKOKOBOB_?	46	3ffffffff87ff
N??CAA_S?WKOKOBOPO?	46	3fffffffffff
N??CAA_S?WKOKOBOBO?	46	3fffffffffff
N??CAA_S?WKOKOBO@o?	46	3fffffffffff
N??CAA_S?WKOKOBOBC?	46	3fffffffffff
N??CAA_S?WKOKOBO@S?	46	3fffffffffff
N??CAA_S?WKOKOBOOP?	46	3fffffffffff
N??CAA_S?WKOKOBO?T?	46	3fffffffffff
N??CAA_S?WKOICDOB_?	46	3ffffef7ef7ff
N??CAA_S?WKOICDOBO?	46	3fffffffffff
N??CAA_S?WKOICDO@g?	46	3ffff7dfdf7ff
N??CAA_S?WKOICDOAS?	46	1ffffffffb7fe
N??CAA_S?WKOICDO?[?	46	3ffdf7ffff77f
N??CAA_S?WKOICDOO`?	46	3fffffffffff
N??CAA_S?WEOM?`O@o?	46	3ffffef7ef7ff
N??CAA_S?WEOM?`O@c?	46	3ffff7dfdf7ff
N??CAA_S?WEOM?PO@o?	46	3fffffffffff
N??CAA_S?WEOM?PO@g?	46	3ffffffff87ff
N??CAA_S?WEOM?PO@c?	46	3fffffffffff
N??CAA_S?WEOM?POOS?	46	2ffdeff7fe70fccc
N??CAA_S?WEOM?PO@S?	46	2ffdeff7fe70fccc
N??CAA_S?WEOM?PO@a?	46	3ffffef7ef7ff
N??CAA_S?WEOM?PO?U?	46	3fefedefe76634fe
N??CAA_S?WEOM?PO?h?	46	3ffff7dfdf7ff
N??CAA_S?WEOM?BOOo?	46	3ffffef7ef7ff
N??CAA_S?WEOM?BOOc?	46	3ffff7dfdf7ff
N??CAA_S?WEOM?BOOS?	46	3ffff7dfdf7ff
N??CAA_S?WEOM?BOGS?	46	3fffffffffff
N??CAA_S?WEOM?BO?s?	46	3ffdffdfdff7f
N??CAA_S?WEOM?BOOK?	46	3fffffffffff
N??CAA_S?WEOM?BO?[?	46	3fffffffffff
N??CAA_S?WEOM?BOGa?	46	3ffffef7ef7ff
N??CAA_S?WEOM?BO?q?	46	3fffffffffff
N??CAA_S?WEOM?BO?i?	46	3ffff7dfdf7ff
N??CAA_S?WEOM?BO?Y?	46	3fffffffffff
N??CAA_S?WEOM?BOOE?	46	3ffff7dfdf7ff
N??CAA_S?WEOM?BO?e?	46	3fffffffffff
N??CAA_S?WEOM?BO?U?	46	7fffaffbf7f7f
N??CAA_S?WEOM?BO?M?	46	3fffffffffff
N??CAA_S?WEOM?BOOP?	46	3ffffdefdefff
N??CAA_S?WEOM?BOOD?	46	3fffffff0ffff
N??CAA_S?WEOM?BO?T?	46	3ffffffe97fff
N??CAA_S?WEOM?BOGB?	46	3ffffdefdefff
N??CAA_S?WEOM?BO?J?	46	3fffffff0ffff
N??CAA_S?WEOM?@oP_?	46	3ffffef7ef7ff
N??CAA_S?WEOM?@oH_?	46	3fffffffffff
N??CAA_S?WEOM?@oWG?	46	3ffffffffffcc
N??CAA_S?WEOM?@oPG?	46	3fffffffffff
N??CAA_S?WEOM?@oOg?	46	3fffffffffff
N??CAA_S?WEOM?@o@g?	46	3fffffffffff
N??CAA_S?WEOM?@o@c?	46	3ffdffdfdff7f
N??CAA_S?WEOM?@o@K?	46	3fffffffffff
N??CAA_S?WEOM?@o?k?	46	3fffffffffff
N??CAA_S?WEOM?@oWA?	46	3ffffffffffcc
N??CAA_S?WEOM?@oPA?	46	3fffffffffff
N??CAA_S?WEOM?@oOa?	46	3fffffffffff
N??CAA_S?WEOM?@oGa?	46	3fffffffffff
N??CAA_S?WEOM?@o@a?	46	3fffffffffff
N??CAA_S?WEOM?@oOI?	46	1ffffffffb7fe
N??CAA_S?WEOM?@o@I?	46	3fffffffffff
N??CAA_S?WEOM?@o?i?	46	3fffffffffff
N??CAA_S?WEOM?@oGE?	46	1ffffffffb7fe
N??CAA_S?WEOM?@o@E?	46	3fffffffffff
N??CAA_S?WEOM?@o?e?	46	3fffffffffff
N??CAA_S?WEOM?@o?M?	46	3ffdf7ffff77f
N??CAA_S?WEOM?@oP@?	46	3ffffdefdefff
N??CAA_S?WEOM?@oO`?	46	3ffffdefdefff
N??CAA_S?WEOM?@o@H?	46	3fffffffffff
N??CAA_S?WEOM?@o?h?	46	3fffffffffff
N??CAA_S?WEOM?@o@D?	46	3ffffffe97fff
N??CAA_S?WEOM?@o?J?	46	3fffffffffff
N??CAA_S?WEOKOb?H_?	46	fffffffefeff
N??CAA_S?WEOKOB_P_?	46	3ffffef7ef7ff
N??CAA_S?WEOKOB_H_?	46	7ffffffeffff
N??CAA_S?WEOKOB_PG?	46	3fffffffffff
N??CAA_S?WEOKOB_@g?	46	3fffffffffff
N??CAA_S?WEOKOB_@c?	46	3ffdffdfdff7f
N??CAA_S?WEOKOB_@K?	46	3fffffffffff
N??CAA_S?WEOKOB_PA?	46	3fffffffffff
N??CAA_S?WEOKOB_HA?	46	3fffffffffff
N??CAA_S?WEOKOB_@a?	46	3fffffffffff
N??CAA_S?WEOKOB_@I?	46	3fffffffffff
N??CAA_S?WEOKOB_@E?	46	3fffffffffff
N??CAA_S?WEOKOB_?J?	46	3fffffffffff
N??CAA_S?WEOIODOH_?	46	3ffffffff87ff
N??CAA_S?WEOIODO@o?	46	3fffffffffff
N??CAA_S?WEOIODOWC?	46	3ffffffffffcc
N??CAA_S?WEOIODOPC?	46	3fffffffffff
N??CAA_S?WEOIODOHC?	46	3fffffffffff
N??CAA_S?WEOIODOOc?	46	3fffffffffff
N??CAA_S?WEOIODOGc?	46	3fffffffffff
N??CAA_S?WEOIODO@c?	46	3fffffffffff
N??CAA_S?WEOIODOGS?	46	1ffffffffb7fe
N??CAA_S?WEOIODO@S?	46	3fffffffffff
N??CAA_S?WEOIODO?s?	46	3fffffffffff
N??CAA_S?WEOIODO@a?	46	3ffff7dfdf7ff
N??CAA_S?WEOIODOOQ?	46	1ffffffffb7fe
N??CAA_S?WEOIODO?q?	46	3fffffffffff
N??CAA_S?WEOIODO@E?	46	3fffffffffff
N??CAA_S?WEOIODO?e?	46	3fffffffffff
N??CAA_S?WEOIODO?U?	46	3ffdf7ffff77f
N??CAA_S?WEOIODO@P?	46	3fffffffffff
N??CAA_S?WEOIODO?p?	46	3fffffffffff
N??CAA_S?WEOIODO@D?	46	3fffffffffff
N??CAA_S?WEOIODO?b?	46	3fffffff0ffff
N??CAA_S?WEOGob?BC?	46	3ffff7dfdf7ff
N??CAA_S?WEOGob?@c?	46	3faeffff75e937d2
N??CAA_S?WEOGob?AD?	46	3fffffff0ffff
N??CAA_S?WEOGoR?P_?	46	fffffffeefff
N??CAA_S?WEOGoR?B_?	46	7ffffffeffff
N??CAA_S?WEOGoR?PG?	46	3fffffffffff
N??CAA_S?WEOGoR?PC?	46	7fffffffff7f
N??CAA_S?WEOGoR?@a?	46	1ffffffffb7fe
N??CAA_S?WEOGoR?@I?	46	3fffffffffff
N??CAA_S?WEOGoR?B@?	46	7fffffffefff
N??CAA_S?WEOGoR?OD?	46	7fffffff7fff
N??CAA_S?WEOGoR??J?	46	3fffffffffff
N??CAA_S?WEOGoF?P_?	46	3ffffef7ef7ff
N??CAA_S?WEOGoF?PG?	46	3fffffffffff
N??CAA_S?WEOGoF?@g?	46	7ffffffeffff
N??CAA_S?WEOGoF?PA?	46	3fffffffffff
N??CAA_S?WEOGoF?HA?	46	3fffffffffff
N??CAA_S?WEOGoF?@a?	46	3fff7fefdfeff
N??CAA_S?WEOGoF?@I?	46	3fffffffffff
N??CAA_S?WEOGoF?GB?	46	3fffffffffff
N??CAA_S?WEOGoF??J?	46	3fffffffffff
N??CAA_S?WDOM?`O?s?	46	3faeffff75e937d2
N??CAA_S?WDOM?`O?[?	46	3ffffffffffd2
N??CAA_S?WDOM?`OGa?	46	3fffffffffff
N??CAA_S?WDOM?`OGQ?	46	3fffffffffff
N??CAA_S?WDOM?`OGI?	46	3fffffffffff
N??CAA_S?WDOM?`OAI?	46	3fffffffffff
N??CAA_S?WDOM?`OGB?	46	3fffffffffff
N??CAA_S?WDOM?POQO?	46	3fefebfbbba64b7e
N??CAA_S?WDOM?POOg?	46	3fffffffffff
N??CAA_S?WDOM?POQC?	46	3defbfffdea94fcc
N??CAA_S?WDOM?POOc?	46	3effffffffcfe
N??CAA_S?WDOM?POAS?	46	2ffdeff7fe70fccc
N??CAA_S?WDOM?PO?s?	46	1ffffffffcffe
N??CAA_S?WDOM?POAK?	46	3fffffffffff
N??CAA_S?WDOM?PO?[?	46	3fffffffffff
N??CAA_S?WDOM?POOa?	46	3fffffffffff
N??CAA_S?WDOM?POAa?	46	3ffffef7ef7ff
N??CAA_S?WDOM?PO?q?	46	3fffffffffff
N??CAA_S?WDOM?PO?i?	46	3ffff7dfdf7ff
N??CAA_S?WDOM?POAP?	46	37ffffbfefffb
N??CAA_S?WDOM?DOGg?	46	3ffffffff87ff
N??CAA_S?WDOM?DOOc?	46	3ffff7dfdf7ff
N??CAA_S?WDOM?DOOS?	46	3ffff7dfdf7ff
N??CAA_S?WDOM?DOGS?	46	3fffffffffff
N??CAA_S?WDOM?DO?s?	46	3ffdffdfdff7f
N??CAA_S?WDOM?DOOK?	46	3fffffffffff
N??CAA_S?WDOM?DOGK?	46	3fffffffffff
N??CAA_S?WDOM?DO?[?	46	3fffffffffff
N??CAA_S?WDOM?DOGa?	46	3ffffef7ef7ff
N??CAA_S?WDOM?DOOQ?	46	3fffffffffff
N??CAA_S?WDOM?DOOI?	46	3fffffffffff
N??CAA_S?WDOM?DO?i?	46	3ffff7dfdf7ff
N??CAA_S?WDOM?DO?Y?	46	3fffffffffff
N??CAA_S?WDOM?DO?e?	46	3fffffffffff
N??CAA_S?WDOM?DO?U?	46	3fffffffffff
N??CAA_S?WDOM?DO?M?	46	3fffffffffff
N??CAA_S?WDOM?DOOP?	46	3ffffdefdefff
N??CAA_S?WDOM?DO?X?	46	3fffffffffff
N??CAA_S?WDOM?DOOD?	46	3fffffff0ffff
N??CAA_S?WDOM?DO?T?	46	3ffffffe97fff
N??CAA_S?WDOM?DO?L?	46	3fffffffffff
N??CAA_S?WDOM?DOGB?	46	3ffffdefdefff
N??CAA_S?WDOM?DO?J?	46	3fffffff0ffff
N??CAA_S?WDOM?@oY??	46	3fffffffffff
N??CAA_S?WDOM?@oQG?	46	3fffffffffff
N??CAA_S?WDOM?@oIG?	46	3fffffffffff
N??CAA_S?WDOM?@oAg?	46	3fffffffffff
N??CAA_S?WDOM?@oIC?	46	3fffffffffff
N??CAA_S?WDOM?@oOc?	46	3faeffff75e937d2
N??CAA_S?WDOM?@oOK?	46	3ffffffffffd2
N??CAA_S?WDOM?@oGK?	46	3fffffffffff
N??CAA_S?WDOM?@oAK?	46	3fffffffffff
N??CAA_S?WDOM?@oWA?	46	3fffffffffff
N??CAA_S?WDOM?@oGa?	46	3fffffffffff
N??CAA_S?WDOM?@oOI?	46	3fffffffffff
N??CAA_S?WDOM?@oGI?	46	3fffffffffff
N??CAA_S?WDOM?@oAI?	46	3fffffffffff
N??CAA_S?WDOM?@o?i?	46	3fffffffffff
N??CAA_S?WDOM?@oGE?	46	3fffffffffff
N??CAA_S?WDOM?@o?e?	46	3fffffffffff
N??CAA_S?WDOM?@oW@?	46	3fffffffffff
N??CAA_S?WDOM?@oQ@?	46	3ffffdefdefff
N??CAA_S?WDOM?@oI@?	46	3fffffffffff
N??CAA_S?WDOM?@oOH?	46	3ffffffffffcc
N??CAA_S?WDOM?@oAH?	46	3fffffffffff
N??CAA_S?WDOM?@oGD?	46	3fffffffffff
N??CAA_S?WDOM?@oAD?	46	3ffffffe97fff
N??CAA_S?WDOM?@o?L?	46	1ffffffffb7fe
N??CAA_S?WDOM?@oOB?	46	3fffffffffff
N??CAA_S?WDOM?@oGB?	46	3fffffffffff
N??CAA_S?WDOM?@o?J?	46	3fffffffffff
N??CAA_S?WDOM?@WY??	46	3fffffffffff
N??CAA_S?WDOM?@WW_?	46	3fffffffffff
N??CAA_S?WDOM?@WQ_?	46	3ffff7dfdf7ff
N??CAA_S?WDOM?@WIO?	46	3fffffffffff
N??CAA_S?WDOM?@WOo?	46	3faeffff75e937d2
N??CAA_S?WDOM?@WGo?	46	3fffffffffff
N??CAA_S?WDOM?@WQG?	46	3fffffffffff
N??CAA_S?WDOM?@WIG?	46	3fffffffffff
N??CAA_S?WDOM?@WOg?	46	3ffffffffffd2
N??CAA_S?WDOM?@WGg?	46	3fffffffffff
N??CAA_S?WDOM?@WAg?	46	3fffffffffff
N??CAA_S?WDOM?@WOW?	46	3ffffffffffd2
N??CAA_S?WDOM?@WGW?	46	3fffffffffff
N??CAA_S?WDOM?@WAW?	46	3fffffffffff
N??CAA_S?WDOM?@WWA?	46	3fffffffffff
N??CAA_S?WDOM?@WOa?	46	3fffffffffff
N??CAA_S?WDOM?@WGa?	46	3fffffffffff
N??CAA_S?WDOM?@WAa?	46	3fffffffffff
N??CAA_S?WDOM?@WGQ?	46	3fffffffffff
N??CAA_S?WDOM?@WAQ?	46	3fffffffffff
N??CAA_S?WDOM?@W?q?	46	3fffffffffff
N??CAA_S?WDOM?@WOI?	46	3fffffffffff
N??CAA_S?WDOM?@WAI?	46	3fffffffffff
N??CAA_S?WDOM?@W?i?	46	3fffffffffff
N??CAA_S?WDOM?@WW@?	46	3fffffffffff
N??CAA_S?WDOM?@WI@?	46	3fffffffffff
N??CAA_S?WDOM?@WGP?	46	3fffffffffff
N??CAA_S?WDOM?@WAP?	46	3ffffffe97fff
N??CAA_S?WDOM?@W?p?	46	3faeffff75e937d2
N??CAA_S?WDOM?@WAH?	46	3fffffffffff
N??CAA_S?WDOM?@W?X?	46	1ffffffffb7fe
N??CAA_S?WDOM?@WGB?	46	3fffffffffff
N??CAA_S?WDOM?@W?J?	46	3fffffffffff
N??CAA_S?WDOM?@SW_?	46	3fffffffffff
N??CAA_S?WDOM?@SI_?	46	3ffffef7ef7ff
N??CAA_S?WDOM?@SWO?	46	3fffffffffff
N??CAA_S?WDOM?@SGo?	46	3fffffffffff
N??CAA_S?WDOM?@SOg?	46	3fffffffffff
N??CAA_S?WDOM?@SOW?	46	3fffffffffff
N??CAA_S?WDOM?@SAW?	46	3fffffffffff
N??CAA_S?WDOM?@SOc?	46	3fffffffffff
N??CAA_S?WDOM?@SGc?	46	3fffffffffff
N??CAA_S?WDOM?@SAc?	46	3fffffffffff
N??CAA_S?WDOM?@SOS?	46	1ffffffffb7fe
N??CAA_S?WDOM?@SGS?	46	3fffffffffff
N??CAA_S?WDOM?@SAS?	46	3effffffffb7e
N??CAA_S?WDOM?@S?s?	46	3fffffffffff
N??CAA_S?WDOM?@SOK?	46	3fffffffffff
N??CAA_S?WDOM?@SAK?	46	3fffffffffff
N??CAA_S?WDOM?@S?[?	46	3fffffffffff
N??CAA_S?WDOM?@SI@?	46	3ffffdefdefff
N??CAA_S?WDOM?@SG`?	46	3ffffdefdefff
N??CAA_S?WDOM?@SOP?	46	1ffffffffb7fe
N??CAA_S?WDOM?@SAH?	46	3fffffff0ffff
N??CAA_S?WDOM?@S?h?	46	3fffffff0ffff
N??CAA_S?WDOM?@S?X?	46	3fffffffffff
N??CAA_S?WDOM?@S?d?	46	3fffffffffff
N??CAA_S?WDOM?@S?T?	46	3ffff7dfdf7ff
N??CAA_S?WDOM?@S?L?	46	3fffffffffff
N??CAA_S?WDOM?@QAo?	46	3fff7fefdfeff
N??CAA_S?WDOM?@QAc?	46	3ffffffe97fff
N??CAA_S?WDOM?@QOS?	46	2ffdeff7fe70fccc
N??CAA_S?WDOM?@QGS?	46	3fffffffffff
N??CAA_S?WDOM?@QAS?	46	3defbfffdea94fcc
N??CAA_S?WDOM?@Q?s?	46	3faeffff75e937d2
N??CAA_S?WDOM?@Q?[?	46	1ffffffffb7fe
N??CAA_S?WDOM?@QGa?	46	3ffffdefdefff
N??CAA_S?WDOM?@QGQ?	46	3fffffffffff
N??CAA_S?WDOM?@QAI?	46	3fffffff0ffff
N??CAA_S?WDOM?@QGE?	46	3fffffffffff
N??CAA_S?WDOM?@Q?e?	46	3fffffffffff
N??CAA_S?WDOL?EOOo?	46	3ffffef7ef7ff
N??CAA_S?WDOL?EOOW?	46	3fffffffffff
N??CAA_S?WDOL?EOOc?	46	3ffff7dfdf7ff
N??CAA_S?WDOL?EOGS?	46	3fffffffffff
N??CAA_S?WDOL?EO?s?	46	3ffdffdfdff7f
N??CAA_S?WDOL?EOOK?	46	3fffffffffff
N??CAA_S?WDOL?EO?[?	46	3fffffffffff
N??CAA_S?WDOL?EO?e?	46	3fffffffffff
N??CAA_S?WDOL?BOIG?	46	3ffffffff87ff
N??CAA_S?WDOL?BOWA?	46	3fffffffffff
N??CAA_S?WDOL?BOGQ?	46	3fffffffffff
N??CAA_S?WDOL?BOGE?	46	3fffffffffff
N??CAA_S?WDOL?BO?U?	46	3fffffffffff
N??CAA_S?WDOL?BO?T?	46	3faeffff75e937d2
N??CAA_S?WDOL?BOGB?	46	3ffffdefdefff
N??CAA_S?WDOL?@oJ??	46	3fffffffffff
N??CAA_S?WDOL?@oWG?	46	3fffffffffff
N??CAA_S?WDOL?@oQG?	46	3fffffffffff
N??CAA_S?WDOL?@oIG?	46	3fffffffffff
N??CAA_S?WDOL?@oBG?	46	3fffffffffff
N??CAA_S?WDOL?@oQC?	46	3ffff7dfdf7ff
N??CAA_S?WDOL?@oIC?	46	3fffffffffff
N??CAA_S?WDOL?@oPC?	46	3faeffff75e937d2
N??CAA_S?WDOL?@oGK?	46	3fffffffffff
N??CAA_S?WDOL?@oWA?	46	3fffffffffff
N??CAA_S?WDOL?@oIA?	46	3fffffffffff
N??CAA_S?WDOL?@oHA?	46	3fffffffffff
N??CAA_S?WDOL?@oAH?	46	3fffffffffff
N??CAA_S?WDOL?@oGD?	46	3fffffffffff
N??CAA_S?WDOL?@oGB?	46	3fffffffffff
N??CAA_S?WDOK_`OH_?	46	3fffffffffff
N??CAA_S?WDOK_`OHC?	46	3fffffffffff
N??CAA_S?WDOK_`O@c?	46	3faeffff75e937d2
N??CAA_S?WDOK_`O?k?	46	3ffffffffffd2
N??CAA_S?WDOK_`O@a?	46	3fffffffffff
N??CAA_S?WDOK_`OAI?	46	1ffffffffb7fe
N??CAA_S?WDOK_`OGE?	46	1ffffffffb7fe
N??CAA_S?WDOK_`O?e?	46	3fffffffffff
N??CAA_S?WDOK_`O?M?	46	3ffdf7ffff77f
N??CAA_S?WDOK_DOP_?	46	3ffffef7ef7ff
N??CAA_S?WDOK_DOH_?	46	3fffffffffff
N??CAA_S?WDOK_DOPG?	46	3fffffffffff
N??CAA_S?WDOK_DOOg?	46	3fffffffffff
N??CAA_S?WDOK_DO@g?	46	3fffffffffff
N??CAA_S?WDOK_DOWA?	46	3ffffffffffcc
N??CAA_S?WDOK_DOPA?	46	3fffffffffff
N??CAA_S?WDOK_DOOa?	46	3fffffffffff
N??CAA_S?WDOK_DO@a?	46	3fffffffffff
N??CAA_S?WDOK_DOOI?	46	1ffffffffb7fe
N??CAA_S?WDOK_DO@I?	46	3fffffffffff
N??CAA_S?WDOK_DO?i?	46	1ffffffffb7fe
N??CAA_S?WDOK_DOP@?	46	3ffffdefdefff
N??CAA_S?WDOK_DO@H?	46	3fffffffffff
N??CAA_S?WDOK_DO?h?	46	3fffffffffff
N??CAA_S?WDOK_DO?b?	46	3fffffffffff
N??CAA_S?WDOK_BOI_?	46	3fffffffffff
N??CAA_S?WDOK_BOQG?	46	3fffffffffff
N??CAA_S?WDOK_BOIG?	46	3fffffffffff
N??CAA_S?WDOK_BOOK?	46	3ffffffffffd2
N??CAA_S?WDOK_BOWA?	46	3fffffffffff
N??CAA_S?WDOK_BOOa?	46	3fffffffffff
N??CAA_S?WDOK_BOGa?	46	3fffffffffff
N??CAA_S?WDOK_BOGI?	46	3fffffffffff
N??CAA_S?WDOK_BOAI?	46	3fffffffffff
N??CAA_S?WDOK_BOW@?	46	3fffffffffff
N??CAA_S?WDOK_BOQ@?	46	3ffffdefdefff
N??CAA_S?WDOK_BOI@?	46	3fffffffffff
N??CAA_S?WDOK_BOOH?	46	3ffffffffffcc
N??CAA_S?WDOK_BOGB?	46	3fffffffffff
N??CAA_S?WDOK_BO?J?	46	3fffffffffff
N??CAA_S?WDOK_@SY??	46	3ffffffffffcc
N??CAA_S?WDOK_@SQ_?	46	3fffffffffff
N??CAA_S?WDOK_@SP_?	46	3fffffffffff
N??CAA_S?WDOK_@SH_?	46	3fffffffffff
N??CAA_S?WDOK_@SB_?	46	3fffffffffff
N??CAA_S?WDOK_@SQG?	46	1ffffffffb7fe
N??CAA_S?WDOK_@SBG?	46	3fffffffffff
N??CAA_S?WDOK_@S@g?	46	3fffffffffff
N??CAA_S?WDOK_@SOc?	46	3fffffffffff
N??CAA_S?WDOK_@SOK?	46	3ffdf7ffff77f
N??CAA_S?WDOK_@SI@?	46	3fffffffffff
N??CAA_S?WDOK_@SH@?	46	3fffffffffff
N??CAA_S?WDOK_@SG`?	46	1ffffffffcffe
N??CAA_S?WDOK_@S@H?	46	3fffffffffff
N??CAA_S?WDOK_@S?h?	46	3ffdffdfdff7f
N??CAA_S?WDOK_@Q@g?	46	1ffffffffb7fe
N??CAA_S?WDOK_@QWA?	46	1ffffff7efffd
N??CAA_S?WDOK_@QIA?	46	1ffffff7efffd
N??CAA_S?WDOK_@QHA?	46	3fffffffffff
N??CAA_S?WDOK_@QGa?	46	1ffffffffcffe
N??CAA_S?WDOK_@QAI?	46	1ffffffffcffe
N??CAA_S?WDOK_@Q@I?	46	3fffffffffff
N??CAA_S?WDOH_cOHC?	46	7fffffffff7f
N??CAA_S?WDOH_cOBC?	46	3ffff7dfdf7ff
N??CAA_S?WDOH_cOHA?	46	3fffffffffff
N??CAA_S?WDOH_cOGE?	46	1ffffffffb7fe
N??CAA_S?WDOH_EOY??	46	3fffffffffff
N??CAA_S?WDOH_EOI_?	46	3fffffffffff
N??CAA_S?WDOH_EOWG?	46	3fffffffffff
N??CAA_S?WDOH_EOQG?	46	3fffffffffff
N??CAA_S?WDOH_EOAg?	46	3fffffffffff
N??CAA_S?WDOH_EOQC?	46	3ffff7dfdf7ff
N??CAA_S?WDOH_EOWA?	46	3fffffffffff
N??CAA_S?WDOH_EOGa?	46	3fffffffffff
N??CAA_S?WDOH_EOA`?	46	3fff7fefdfeff
N??CAA_S?WDOH_EOGH?	46	3fffffffffff
N??CAA_S?WDOH_EOAH?	46	3fffffffffff
N??CAA_S?WDOH_EOGB?	46	3fffffffffff
N??CAA_S?WDOH_CQJ??	46	3fffffffffff
N??CAA_S?WDOH_CQB_?	46	3fff7fefdfeff
N??CAA_S?WDOH_CQWA?	46	7fffffffefff
N??CAA_S?WDOH_CQHA?	46	3fffffffffff
N??CAA_S?WQCM?@oD_?	46	3ffff7dfdf7ff
N??CAA_S?WQCM?@o@o?	46	3ffff7dfdf7ff
N??CAA_S?WQCM?@oDG?	46	3fffffffffff
N??CAA_S?WQCM?@o@g?	46	3fffffffffff
N??CAA_S?WQCM?@o?w?	46	3fffffffffff
N??CAA_S?WQCM?@oKA?	46	ffffffffff74c
N??CAA_S?WQCM?@oDA?	46	3ffffffffe67f
N??CAA_S?WQCM?@oCa?	46	3fffffffffff
N??CAA_S?WQCM?@o@a?	46	3fffffffffff
N??CAA_S?WQCM?@o?q?	46	3fffffffffff
N??CAA_S?WQCM?@oCI?	46	1ffffffffb7fe
N??CAA_S?WQCM?@o@I?	46	3fffffffffff
N??CAA_S?WQCM?@o?i?	46	3fffffffffff
N??CAA_S?WQCM?@o?Y?	46	3ffdf7ffff77f
N??CAA_S?WQCM?@oD@?	46	ffffffff0e7ff
N??CAA_S?WQCR?GoD_?	46	fffffffdefff
N??CAA_S?WQCR?GoDO?	46	7fffffffff7f
N??CAA_S?WQCR?Go@g?	46	f7fffbfffeefa
N??CAA_S?WQCR?Go@a?	46	dffffeffff77c
N??CAA_S?WQCR?Go@I?	46	7ffffffffffd
N??CAA_S?WQCR?GoCP?	46	7fffffff7fff
N??CAA_S?WQCR?Go?J?	46	7ffffffffffb
N??CAA_S?WQCJ?BOGQ?	46	fbffbfffff77c
N??CAA_S?WQCF?GoD_?	46	3ffff7dfdf7ff
N??CAA_S?WQCK_BOD_?	46	3faeffff75e937d2
N??CAA_S?WQCI_HOH_?	46	3fffffffffff
N??CAA_S?WQCI_HOB_?	46	3ffff7dfdf7ff
N??CAA_S?WQCI_HOHO?	46	3fffffffffff
N??CAA_S?WQCI_HO@o?	46	3faeffff75e937d2
N??CAA_S?WQCI_HOIG?	46	3ffffffffffcc
N??CAA_S?WQCI_HOAg?	46	3fffffffffff
N??CAA_S?WQCI_HO@g?	46	3ffffffffffd2
N??CAA_S?WQCI_HO?w?	46	3ffffffffffd2
N??CAA_S?WQCI_HOGa?	46	3fffffffffff
N??CAA_S?WQCI_HOAa?	46	3fffffffffff
N??CAA_S?WQCI_HO@a?	46	3fffffffffff
N??CAA_S?WQCI_HOGQ?	46	1ffffffffb7fe
N??CAA_S?WQCI_HOAI?	46	1ffffffffb7fe
N??CAA_S?WQCI_HO?Y?	46	3ffdf7ffff77f
N??CAA_S?WQCI_HOGP?	46	3fffffffffff
N??CAA_S?WQCI_BOK_?	46	3fffffffffff
N??CAA_S?WQCI_BOCo?	46	3faeffff75e937d2
N??CAA_S?WQCI_BOCW?	46	3ffffffffffd2
N??CAA_S?WQCI_BOGa?	46	7ffffffffffe
N??CAA_S?WQCI_BOGI?	46	7ffffffffffd
N??CAA_S?WQCI_BOGB?	46	7ffffffffffd
N??CAA_S?WQCI_BO?J?	46	7fffffffefff
N??CAA_S?WQCKOB_D_?	46	3ffff7dfdf7ff
N??CAA_S?WQCKOB_@a?	46	3fffffffffff
N??CAA_S?WQCKOB_@Q?	46	3fffffffffff
N??CAA_S?WQCIOB_E_?	46	3ffff7dfdf7ff
N??CAA_S?WQCIOB_KO?	46	3fffffffffff
N??CAA_S?WQCIOB_EG?	46	3fffffffffff
N??CAA_S?WQCIOB_Gg?	46	fffffffffefe
N??CAA_S?WQCIOB_Cg?	46	3ffffffffffd2
N??CAA_S?WQCIOB_KA?	46	3fffffffffff
N??CAA_S?WQCIOB_Ga?	46	7ffffffffffe
N??CAA_S?WQCIOB_GQ?	46	7ffffffffffd
N??CAA_S?WQCIOB_AI?	46	7ffffffffffd
N??CAA_S?WQCIOB_?i?	46	7ffffffff7ff
N??CAA_S?WQCIOB_GB?	46	7ffffffffffd
N??CAA_S?WQCIOB_?J?	46	7fffffffefff
N??CAA_S?WQCIO@oM??	46	3ffffffffffcc
N??CAA_S?WQCIO@oD_?	46	3ffffffffffd2
N??CAA_S?WQCIO@o@a?	46	7ffffffff7ff
N??CAA_S?WQCIO@oD@?	46	3ffffffffffcc
N??CAA_S?WQCEOH_D_?	46	3ffff7dfdf7ff
N??CAA_S?WQCEOH_KA?	46	3ffffffffffcc
N??CAA_S?WQCEOH_CI?	46	1ffffffffb7fe
N??CAA_S?WQCGoJ?HO?	46	3fffffffffff
N??CAA_S?WQCGoJ?@o?	46	3faeffff75e937d2
N??CAA_S?WQCGoJ?@g?	46	3ffffffffffd2
N??CAA_S?WQCGoJ?@W?	46	3ffffffffffd2
N??CAA_S?WQCGoJ?HA?	46	7fffffffff7f
N??CAA_S?WQCGoJ?BA?	46	3fffffffffff
N??CAA_S?WQCGoJ?GP?	46	3fffffffffff
N??CAA_S?WQCGoJ??X?	46	3ffffffffffcc
N??CAA_S?WQCGoJ?GB?	46	7fffffff7fff
N??CAA_S?WQCGoJ??R?	46	3fffffffffff
N??CAA_S?WQCGoBOHA?	46	7ffffffffffd
N??CAA_S?WQCGoBOGB?	46	7ffffffffffb
N??CAA_S?WQCBCGoDO?	46	7ffffffffffd
N??CAA_S?WQCBCGo@g?	46	fffffffff6ff
N??CAA_S?WQCBCGoCP?	46	7ffffffffffb
N??CAA_S?WQCGSB_H_?	46	fffffffffffc
N??CAA_S?WQCGSB_D_?	46	3fffffffffff
N??CAA_S?WQCGSB_H@?	46	fffffffffff9
N??CAA_S?WQCASH_F??	46	3fffffffffff
N??CAA_S?WQCASH_H_?	46	7ffffffffffe
N??CAA_S?WQCASH_D_?	46	3fffffffffff
N??CAA_S?WQCASH_EO?	46	3fdffffffb7fe
N??CAA_S?WQCASH_@g?	46	7ffffffff7ff
N??CAA_S?WQCASH_CW?	46	3ffdf7ffff77f
N??CAA_S?WQCASH_E@?	46	3fffffffffff
N??CAA_S?WQCASH_H@?	46	7ffffffffb77c
N??CAA_S?WQCASH_G`?	46	7ffffffffffd
N??CAA_S?WQCASH_@`?	46	7ffffffff7ff
N??CAA_S?WQCASH_@H?	46	fffff7dfce7ff
N??CAA_S?WQCASH_?h?	46	7fffffffefff
N??CAA_S?WQCIA@oKO?	46	3fffffffffff
N??CAA_S?WQCIA@oKA?	46	fffffffd7fff
N??CAA_S?WQCIA@oHA?	46	fffffffdfffd
N??CAA_S?WQCIA@oGa?	46	fffffffefffd
N??CAA_S?WQCIA@oGQ?	46	3bfffffbf7ffd
N??CAA_S?WQCIA@oGI?	46	fbfffffbe7ff9
N??CAA_S?WQCGaBOCW?	46	3ffffffffffcc
N??CAA_S?WQCGaBOHA?	46	7ffffffffffd
N??CAA_S?WQCGaBO@a?	46	7ffffffff7ff
N??CAA_S?WQCGaBOGI?	46	fffffffff7fb
N??CAA_S?WQCGQB_KO?	46	3fffffffffff
N??CAA_S?WQCGQB_@o?	46	37ff6fdff9f0fb52
N??CAA_S?WQCGQB_EG?	46	7ffffffff7ff
N??CAA_S?WQCGQB_KA?	46	7ffffffff7ff
N??CAA_S?WQCGQB_HA?	46	7ffffffffffd
N??CAA_S?WQCGQB_GQ?	46	7ffffffffffb
N??CAA_S?WQCGQB_CQ?	46	3fffffffffff
N??CAA_S?WQCGQB_AI?	46	fffffffdfffb
N??CAA_S?WQCGQB_@I?	46	7fffffffefff
N??CAA_S?WQCAQH_KO?	46	3ffdffdfdff7f
N??CAA_S?WQCAQH_HA?	46	7ffffffffb77c
N??CAA_S?WQCAQH_Ga?	46	7ffffffffffd
N??CAA_S?WQCAQH_@a?	46	7ffffffff7ff
N??CAA_S?WQCAQH_GI?	46	dffffff7e7ff9
N??CAA_S?WPC[?@oD_?	46	3fffffffffff
N??CAA_S?WPC[?@o@o?	46	3effffffffb7e
N??CAA_S?WPC[?@oAW?	46	1ffffffffb7fe
N??CAA_S?WPC[?@o@Q?	46	3fffffffffff
N??CAA_S?WPC[?@o?Y?	46	3ffdf7ffff77f
N??CAA_S?WPC[?@oA`?	46	7ffffffffffe
N??CAA_S?WPC[?@oAH?	46	7ffffffffffd
N??CAA_S?WPC[?@o?b?	46	7fffffffff7f
N??CAA_S?WPC[?@o?J?	46	7ffffffffeff
N??CAA_S?WPCM?@oKG?	46	3fffffffffff
N??CAA_S?WPCM?@oIG?	46	fffffffff77f
N??CAA_S?WPCM?@oEG?	46	3fffffffffff
N??CAA_S?WPCM?@oKA?	46	fffffffff77f
N??CAA_S?WPCM?@oGa?	46	3fffffffffff
N??CAA_S?WPCM?@oGQ?	46	3fffffffffff
N??CAA_S?WPCM?@oAI?	46	ffffffffff7d
N??CAA_S?WPCM?@o?Y?	46	3fffffffffff
N??CAA_S?WPCM?@oC`?	46	2ffdeff7fe70fccc
N??CAA_S?WPCM?@oCH?	46	3ffffffffffcc
N??CAA_S?WPCM?@oGB?	46	7ffffffdffff
N??CAA_S?WPCM?@o?R?	46	3fffffffffff
N??CAA_S?WPCT?GoD_?	46	3fffffffffff
N??CAA_S?WPCT?GoEO?	46	3ffffffffffcc
N??CAA_S?WPCT?GoDA?	46	3fffffffffff
N??CAA_S?WPCT?GoCa?	46	3fffffffffff
N??CAA_S?WPCT?GoA`?	46	dffffeffff77c
N??CAA_S?WPCT?Go?b?	46	ffff7fefd7e7f
N??CAA_S?WPCT?Go?J?	46	7ffffffffeff
N??CAA_S?WPCL?@oM??	46	3fffffffffff
N??CAA_S?WPCL?@oKO?	46	3fffffffffff
N??CAA_S?WPCL?@oIG?	46	ffffffffff7e
N??CAA_S?WPCL?@oKA?	46	3fffffffffff
N??CAA_S?WPCL?@oHA?	46	3fffffffffff
N??CAA_S?WPCL?@oI@?	46	7ffffffffffe
N??CAA_S?WPCL?@oGB?	46	7fffffffff7f
N??CAA_S?WPCJ?CoKA?	46	7fffffffff7f
N??CAA_S?WPCJ?CoGP?	46	7ffffffeffff
N??CAA_S?WPCJ?CoAP?	46	3fffffff0ffff
N??CAA_S?WPCJ?CoGB?	46	7ffffffeffff
N??CAA_S?WPCF?GoM??	46	3fffffffffff
N??CAA_S?WPCF?GoEO?	46	3ffff7dfdf7ff
N??CAA_S?WPCF?GoCo?	46	3faeffff75e937d2
N??CAA_S?WPCF?GoKA?	46	3fffffffffff
N??CAA_S?WPCF?GoGa?	46	7fffffffff7f
N??CAA_S?WPCF?GoC`?	46	2ffdeff7fe70fccc
N??CAA_S?WPCF?GoGB?	46	7fffffff7fff
N??CAA_S?WPCK_HOH_?	46	3fffffffffff
N??CAA_S?WPCK_HOB_?	46	3ffff7dfdf7ff
N??CAA_S?WPCK_HO@o?	46	3faeffff75e937d2
N??CAA_S?WPCK_HOIG?	46	3ffffffffffcc
N??CAA_S?WPCK_HOHG?	46	3fffffffffff
N??CAA_S?WPCK_HO@g?	46	3ffffffffffd2
N??CAA_S?WPCK_HO?w?	46	3ffffffffffd2
N??CAA_S?WPCK_HOHA?	46	3fffffffffff
N??CAA_S?WPCK_HOGa?	46	3fffffffffff
N??CAA_S?WPCK_HO@a?	46	3fffffffffff
N??CAA_S?WPCK_HOGQ?	46	1ffffffffb7fe
N??CAA_S?WPCK_HOGI?	46	1ffffffffb7fe
N??CAA_S?WPCK_HOAI?	46	1ffffffffb7fe
N??CAA_S?WPCK_HO?Y?	46	3ffdf7ffff77f
N??CAA_S?WPCK_HOGP?	46	3fffffffffff
N??CAA_S?WPCK_HOGB?	46	3fffffffffff
N??CAA_S?WPCK_DOD_?	46	3ffff7dfdf7ff
N??CAA_S?WPCK_DOGI?	46	7ffffffffb77c
N??CAA_S?WPCK_DO?i?	46	feffffffff37c
N??CAA_S?WPCK_DO?h?	46	7ffffffff7ff
N??CAA_S?WPCK_DO?b?	46	7ffffffff7ff
N??CAA_S?WPCI_DOKA?	46	7ffffffffb77c
N??CAA_S?WPCH_KOH_?	46	7fffffffff7f
N??CAA_S?WPCH_KOB_?	46	3ffff7dfdf7ff
N??CAA_S?WPCH_KOGo?	46	7fffffffff7f
N??CAA_S?WPCH_KOAo?	46	3ffff7dfdf7ff
N??CAA_S?WPCH_KOBG?	46	3fffffffffff
N??CAA_S?WPCH_KOHA?	46	3fffffffffff
N??CAA_S?WPCH_KOGa?	46	3fffffffffff
N??CAA_S?WPCH_KOGQ?	46	1ffffffffb7fe
N??CAA_S?WPCH_KOH@?	46	7fffffff7fff
N??CAA_S?WPCH_KOB@?	46	3fffffff0ffff
N??CAA_S?WPCH_KOGB?	46	7ffffffff7ff
N??CAA_S?WPCH_DOM??	46	3fffffffffff
N??CAA_S?WPCH_DOEO?	46	3ffff7dfdf7ff
N??CAA_S?WPCH_DOKA?	46	3fffffffffff
N??CAA_S?WPCH_DOHA?	46	3fffffffffff
N??CAA_S?WPCH_DOI@?	46	7ffffffffffe
N??CAA_S?WPCH_DOGH?	46	7fffffffff7f
N??CAA_S?WPCH_DOAH?	46	7ffffffff7ff
N??CAA_S?WPCH_DOGB?	46	7fffffffff7f
N??CAA_S?WPCKOD_D_?	46	3ffff7dfdf7ff
N??CAA_S?WPCKOD_@o?	46	3ffff7dfdf7ff
N??CAA_S?WPCKOD_KA?	46	ffffffffff74c
N??CAA_S?WPCKOD_GQ?	46	1ffffffffb7fe
N??CAA_S?WPCKOD_@Q?	46	3fffffffffff
N??CAA_S?WPCKOD_CI?	46	7ffffffffb77c
N??CAA_S?WPCKOD_?Y?	46	3ffdf7ffff77f
N??CAA_S?WPCKOD_GB?	46	7ffffffffffd
N??CAA_S?WPCKOD_?J?	46	7fffffffefff
N??CAA_S?WPCEOH_M??	46	3fffffffffff
N??CAA_S?WPCEOH_EO?	46	3ffff7dfdf7ff
N??CAA_S?WPCEOH_KA?	46	3fffffffffff
N??CAA_S?WPCEOH_Ga?	46	3fffffffffff
N??CAA_S?WPCEOH_GB?	46	7fffffffff7f
N??CAA_S?WPCKA@oKO?	46	3fffffffffff
N??CAA_S?WPCKA@oIG?	46	fffffffdfffd
N??CAA_S?WPCKA@oHA?	46	7ffffffdffff
N??CAA_S?WPCKA@oGa?	46	7fffffffff7f
N??CAA_S?WPCKA@oGI?	46	fffffffefeff
N??CAA_S?WPCKA@oAI?	46	ffffffff6fff
N??CAA_S?WPCHACoKA?	46	7fffffff7fff
N??CAA_S?WPCDAGoIG?	46	f7ffffbfe7ff9
N??CAA_S?WPCDAGoKA?	46	3ffffffffffe1
N??CAA_S?WPCDAGoCQ?	46	1ffffffffcffe
N??CAA_S?WPCDAGoGI?	46	7ffffffffcefa
N??CAA_S?WPCDAGoAI?	46	fefffffffecfa
N??CAA_S?WPCGaDOKA?	46	7ffffffffeff
N??CAA_S?WPCGaDOHA?	46	7fffffffefff
N??CAA_S?WPCCQH_Ga?	46	7fffffffff7f
N??CAA_S?WE@I_`OIA?	46	3fffffffffff
N??CAA_S?WE@I_`OGa?	46	3fffffffffff
N??CAA_S?WE@I_`OGQ?	46	3fffffffffff
N??CAA_S?WE@I_`OGI?	46	3fffffffffff
N??CAA_S?WE@I_`OAI?	46	3fffffffffff
N??CAA_S?WE@I_`OGE?	46	3fffffffffff
N??CAA_S?WE@I_`O?M?	46	3fffffffffff
N??CAA_S?WE@I_DO@S?	46	3ffffffe97fff
N??CAA_S?WE@I_DO?s?	46	3ffffffe97fff
N??CAA_S?WE@I_DOOK?	46	3fffffffffff
N??CAA_S?WE@I_DO?U?	46	3fffffffffff
N??CAA_S?WE@I_BOAo?	46	3fff7fefdfeff
N??CAA_S?WE@I_BOAc?	46	3ffffffe97fff
N??CAA_S?WE@I_BOOS?	46	2ffdeff7fe70fccc
N??CAA_S?WE@I_BOGS?	46	3fffffffffff
N??CAA_S?WE@I_BOAS?	46	3ffffffe97fff
N??CAA_S?WE@I_BO?s?	46	3faeffff75e937d2
N??CAA_S?WE@I_BO?[?	46	1ffffffffb7fe
N??CAA_S?WE@I_BOGa?	46	3ffffdefdefff
N??CAA_S?WE@I_BOGQ?	46	3fffffffffff
N??CAA_S?WE@I_BOGE?	46	3fffffffffff
N??CAA_S?WE@I_@oWA?	46	3fffffffffff
N??CAA_S?WE@I_@oIA?	46	3fffffffffff
N??CAA_S?WE@I_@oHA?	46	3fffffffffff
N??CAA_S?WE@I_@oGa?	46	3fffffffffff
N??CAA_S?WE@I_@oAI?	46	3fffffffffff
N??CAA_S?WE@I_@o@I?	46	3fffffffffff
N??CAA_S?WE@I_@oGE?	46	3fffffffffff
N??CAA_S?WE@I_@SWO?	46	3fffffffffff
N??CAA_S?WE@I_@SIO?	46	3fffffffffff
N??CAA_S?WE@I_@SPO?	46	1ffffffffb7fe
N??CAA_S?WE@I_@SBG?	46	3fffffff0ffff
N??CAA_S?WE@I_@SOW?	46	3fffffffffff
N??CAA_S?WE@I_@SAW?	46	3fffffffffff
N??CAA_S?WE@I_@S@W?	46	3fffffffffff
N??CAA_S?WE@I_@SWC?	46	3fffffffffff
N??CAA_S?WE@I_@S@c?	46	3fffffffffff
N??CAA_S?WE@I_@SGS?	46	3fffffffffff
N??CAA_S?WE@I_@SAS?	46	3fffffffffff
N??CAA_S?WE@I_@SOK?	46	3fffffffffff
N??CAA_S?WE@I_@S?[?	46	3fffffffffff
N??CAA_S?WE@E_HOGS?	46	3fffffffffff
N??CAA_S?WE@E_HO@S?	46	3ffffffe97fff
N??CAA_S?WE@E_HO?s?	46	3ffffffe97fff
N??CAA_S?WE@E_HO?k?	46	3fffffffffff
N??CAA_S?WE@E_HO?[?	46	3fffffffffff
N??CAA_S?WE@E_HO@E?	46	3fffffffffff
N??CAA_S?WE@E_HO?U?	46	3fffffffffff
N??CAA_S?WE@E_BOS_?	46	3ffffdefdefff
N??CAA_S?WE@E_BOSO?	46	3ffffdefdefff
N??CAA_S?WE@E_BOGg?	46	3faeffff75e937d2
N??CAA_S?WE@E_BOWC?	46	3fffffffffff
N??CAA_S?WE@E_BOOc?	46	3fffffff0ffff
N??CAA_S?WE@E_BOOS?	46	3fffffff0ffff
N??CAA_S?WE@E_BOCS?	46	3ffffffe97fff
N??CAA_S?WE@E_BOKA?	46	3ffffdefdefff
N??CAA_S?WE@E_BOCQ?	46	3fffffffffff
N??CAA_S?WE@E_BO?q?	46	3effffffffb7e
N??CAA_S?WE@E_BOCI?	46	3fffffff0ffff
N??CAA_S?WE@E_BO?i?	46	37ff6fdff9f0fb52
N??CAA_S?WE@E_BOOE?	46	3fffffffffff
N??CAA_S?WE@E_BOCE?	46	3fffffffffff
N??CAA_S?WE@E_BO?M?	46	3fffffffffff
N??CAA_S?WE@E_@oT??	46	3ffffdefdefff
N??CAA_S?WE@E_@oS_?	46	3ffffdefdefff
N??CAA_S?WE@E_@oSC?	46	3fffffff0ffff
N??CAA_S?WE@E_@oPC?	46	3fffffff0ffff
N??CAA_S?WE@E_@oDC?	46	3ffffffe97fff
N??CAA_S?WE@E_@oCK?	46	3fffffffffff
N??CAA_S?WE@E_@oSA?	46	3fffffffffff
N??CAA_S?WE@E_@oDA?	46	3fffffffffff
N??CAA_S?WE@E_@oOI?	46	3fffffffffff
N??CAA_S?WE@E_@oCI?	46	3fffffffffff
N??CAA_S?WE@E_@o@I?	46	3effffffffb7e
N??CAA_S?WE@E_@S[??	46	3fffffffffff
N??CAA_S?WE@E_@SSO?	46	3fffffffffff
N??CAA_S?WE@E_@SDO?	46	3fffffffffff
N??CAA_S?WE@E_@SSG?	46	3fffffffffff
N??CAA_S?WE@E_@SDG?	46	3fffffff0ffff
N??CAA_S?WE@E_@SWC?	46	3fffffffffff
N??CAA_S?WE@E_@SPC?	46	3fffffffffff
N??CAA_S?WE@E_@SOc?	46	3fffffffffff
N??CAA_S?WE@E_@SCS?	46	3fffffffffff
N??CAA_S?WE@E_@SOK?	46	3fffffffffff
N??CAA_S?WE@GoBOIO?	46	3fffffffffff
N??CAA_S?WE@GoBOGS?	46	3fffffffffff
N??CAA_S?WE@Ag`OKO?	46	3fffffffffff
N??CAA_S?WE@Ag`O@o?	46	37ff6fdff9f0fb52
N??CAA_S?WE@Ag`OIG?	46	3fffffffffff
N??CAA_S?WE@Ag`OKA?	46	3fffffffffff
N??CAA_S?WE@Ag`OGQ?	46	3fffffffffff
N??CAA_S?WE@Ag`OCI?	46	3fffffffffff
N??CAA_S?WE@Ag`OAI?	46	3fffffffffff
N??CAA_S?WE@Ag@oY??	46	3fffffffffff
N??CAA_S?WE@Ag@oWA?	46	3fffffffffff
N??CAA_S?WE@Ag@oHA?	46	3fffffffffff
N??CAA_S?WE@Ag@oAI?	46	3fffffffffff
N??CAA_S?WE@Ag@o@I?	46	3fffffffffff
N??CAA_S?WE@Ag@S[??	46	3fffffffffff
N??CAA_S?WE@Ag@SX??	46	3fffffffffff
N??CAA_S?WE@Ag@SWO?	46	3fffffffffff
N??CAA_S?WE@Ag@SIO?	46	3fffffffffff
N??CAA_S?WD@M?@oIG?	46	fffff7dfce7ff
N??CAA_S?WD@M?@oOS?	46	2ffdeff7fe70fccc
N??CAA_S?WD@M?@oGS?	46	3fffffffffff
N??CAA_S?WD@M?@oAS?	46	3ffffffe97fff
N??CAA_S?WD@M?@o?s?	46	3faeffff75e937d2
N??CAA_S?WD@M?@oOK?	46	3ffffffffffcc
N??CAA_S?WD@M?@oGK?	46	3fffffffffff
N??CAA_S?WD@M?@oAK?	46	3fffffffffff
N??CAA_S?WD@M?@o?[?	46	1ffffffffb7fe
N??CAA_S?WD@M?@oWA?	46	fffffffff7fb
N??CAA_S?WD@M?@oIA?	46	fffffdefce7ff
N??CAA_S?WD@M?@oGa?	46	3ffffdefdefff
N??CAA_S?WD@M?@oGQ?	46	ffffffffe7ff
N??CAA_S?WD@M?@oAQ?	46	3fffffffffff
N??CAA_S?WD@M?@oAI?	46	ffffffff0e7ff
N??CAA_S?WD@M?@oGE?	46	fffffffdefff
N??CAA_S?WD@M?@oAE?	46	3fffffffdef7e
N??CAA_S?WD@T?CoPC?	46	3ffffffff87ff
N??CAA_S?WD@T?CoOc?	46	3fffffffffff
N??CAA_S?WD@T?CoCS?	46	3fffffffff87f
N??CAA_S?WD@T?CoSA?	46	3fffffffffff
N??CAA_S?WD@T?Co@a?	46	3defbfffdea94fcc
N??CAA_S?WD@T?CoOE?	46	3fffffffff87f
N??CAA_S?WD@T??sB_?	46	3defbfffdea94fcc
N??CAA_S?WD@T??sSG?	46	3fffffffffff
N??CAA_S?WD@T??sQC?	46	3fffffffff87f
N??CAA_S?WD@T??sPC?	46	3ffff7dfdf7ff
N??CAA_S?WD@T??sCS?	46	3bfffffbf7ffd
N??CAA_S?WD@T??sOK?	46	3bfffffbf7ffd
N??CAA_S?WD@T??sAK?	46	1ffffff7efffd
N??CAA_S?WD@L?Co@S?	46	3ffffffe97fff
N??CAA_S?WD@L?Co?i?	46	3fffffff0ffff
N??CAA_S?WD@L?AoIG?	46	3ffff7dfdf7ff
N??CAA_S?WD@L?AoGW?	46	3fffffffffff
N??CAA_S?WD@L?AoGS?	46	3fffffffffff
N??CAA_S?WD@L?AoAS?	46	3ffffffe97fff
N??CAA_S?WD@L?Ao?s?	46	3faeffff75e937d2
N??CAA_S?WD@L?Ao?[?	46	1ffffffffb7fe
N??CAA_S?WD@L?AoWA?	46	3fffffffffff
N??CAA_S?WD@L?AoGa?	46	3ffffdefdefff
N??CAA_S?WD@L?AoGQ?	46	3fffffffffff
N??CAA_S?WD@L?AoAI?	46	3fffffff0ffff
N??CAA_S?WD@L?AoGE?	46	3fffffffffff
N??CAA_S?WD@L?Ao?U?	46	3fffffffffff
N??CAA_S?WD@L?@oIG?	46	3ffff7dfdf7ff
N??CAA_S?WD@L?@o@S?	46	3faeffff75e937d2
N??CAA_S?WD@L?@oHA?	46	3ffffdefdefff
N??CAA_S?WD@L?@oAI?	46	3fffffff0ffff
N??CAA_S?WD@L??wPO?	46	2ffdeff7fe70fccc
N??CAA_S?WD@L??wHO?	46	3fffffffffff
N??CAA_S?WD@L??w@o?	46	3faeffff75e937d2
N??CAA_S?WD@L??wIG?	46	3fffffffffff
N??CAA_S?WD@L??w@g?	46	1ffffffffb7fe
N??CAA_S?WD@L??wWA?	46	3fffffffffff
N??CAA_S?WD@L??wHA?	46	3fffffffffff
N??CAA_S?WD@L??wGQ?	46	3fffffffffff
N??CAA_S?WD@L??w@Q?	46	3fffffffffff
N??CAA_S?WD@L??wOI?	46	3fffffffffff
N??CAA_S?WD@L??w@I?	46	3fffffffffff
N??CAA_S?WD@L??sWO?	46	6ffaffffffefb
N??CAA_S?WD@L??sHO?	46	3fffffffffff
N??CAA_S?WD@L??sOW?	46	7ff7fbbfeefff
N??CAA_S?WD@L??sWC?	46	3fffffffffff
N??CAA_S?WD@L??sPC?	46	1ffffff7efffd
N??CAA_S?WD@L??sHC?	46	3fffffffffff
N??CAA_S?WD@L??sOS?	46	3fffffffffff
N??CAA_S?WD@L??sGS?	46	3fffffffffff
N??CAA_S?WD@L??s@S?	46	3fffffffffff
N??CAA_S?WD@L??sOK?	46	3fffffffffff
N??CAA_S?WD@L??s?[?	46	3fffffffffff
N??CAA_S?WD@F?GoAo?	46	3fff7fefdfeff
N??CAA_S?WD@F?GoIG?	46	3ffff7dfdf7ff
N??CAA_S?WD@F?GoOS?	46	2ffdeff7fe70fccc
N??CAA_S?WD@F?GoAS?	46	3ffffffe97fff
N??CAA_S?WD@F?Go?s?	46	3faeffff75e937d2
N??CAA_S?WD@F?Go?[?	46	3fefedefe76634fe
N??CAA_S?WD@F?GoWA?	46	3fffffffffff
N??CAA_S?WD@F?GoGa?	46	3ffffdefdefff
N??CAA_S?WD@F?GoGQ?	46	3fffffffffff
N??CAA_S?WD@F?Go?i?	46	3fffffff0ffff
N??CAA_S?WD@F?GoGE?	46	3fffffffffff
N??CAA_S?WD@F?Go?U?	46	3fffffffffff
N??CAA_S?WD@F?CoSO?	46	3ffffdefdefff
N??CAA_S?WD@F?CoCg?	46	3ffff7dfdf7ff
N??CAA_S?WD@F?CoOc?	46	3fffffff0ffff
N??CAA_S?WD@F?CoCS?	46	3ffffffe97fff
N??CAA_S?WD@F?Co?s?	46	3ffffffe97fff
N??CAA_S?WD@F?CoOa?	46	3fffffffffff
N??CAA_S?WD@F?Co?i?	46	37ff6fdff9f0fb52
N??CAA_S?WD@F?@oSO?	46	3defbfffdea94fcc
N??CAA_S?WD@F?@oQO?	46	3ffffdefdefff
N??CAA_S?WD@F?@oKG?	46	3ffff7dfdf7ff
N??CAA_S?WD@F?@oIG?	46	3faeffff75e937d2
N??CAA_S?WD@F?@oOW?	46	7ebfffffffb7e
N??CAA_S?WD@F?@oGW?	46	3ffffffffffd2
N??CAA_S?WD@F?@oCW?	46	1ffffffffb7fe
N??CAA_S?WD@F?@oAW?	46	3effffffffcfe
N??CAA_S?WD@F?@oWC?	46	3fffffffffff
N??CAA_S?WD@F?@oQC?	46	3fffffff0ffff
N??CAA_S?WD@F?@oGS?	46	3fffffffffff
N??CAA_S?WD@F?@oCS?	46	3faeffff75e937d2
N??CAA_S?WD@F?@oOK?	46	3effffffffb7e
N??CAA_S?WD@F?@oAK?	46	3fffffffffff
N??CAA_S?WD@F?@oWA?	46	3fffffffffff
N??CAA_S?WD@F?@oKA?	46	3ffffdefdefff
N??CAA_S?WD@F?@oQA?	46	3fffffffffff
N??CAA_S?WD@F?@oGQ?	46	3ffffffffffcc
N??CAA_S?WD@F?@oCQ?	46	3fffffffffff
N??CAA_S?WD@F?@oAI?	46	37ff6fdff9f0fb52
N??CAA_S?WD@F?@oOE?	46	3fffffffffff
N??CAA_S?WD@F?@oGE?	46	3fffffffffff
N??CAA_S?WD@F??wGo?	46	3fffffffffff
N??CAA_S?WD@F??wCo?	46	3faeffff75e937d2
N??CAA_S?WD@F??wOg?	46	3effffffffb7e
N??CAA_S?WD@F??wCg?	46	1ffffffffb7fe
N??CAA_S?WD@F??wAg?	46	3fffffffffff
N??CAA_S?WD@F??wWA?	46	3ffffffffffe1
N??CAA_S?WD@F??wKA?	46	3fffffffffff
N??CAA_S?WD@F??wGa?	46	37ffffbfefffb
N??CAA_S?WD@F??wGQ?	46	1ffffffffcffe
N??CAA_S?WD@F??wOI?	46	1ffffffffcffe
N??CAA_S?WD@F??wCI?	46	3fffffffffff
N??CAA_S?WD@F??s[??	46	3fffffffffff
N??CAA_S?WD@F??sWO?	46	3ff73fdb9cfdef61
N??CAA_S?WD@F??sSO?	46	37ffffbfefffb
N??CAA_S?WD@F??sKO?	46	3fffffffffff
N??CAA_S?WD@F??sGo?	46	3ffffffffffcc
N??CAA_S?WD@F??sCo?	46	3fffffffffff
N??CAA_S?WD@F??sAo?	46	3effffffffb7e
N??CAA_S?WD@F??sSG?	46	3fffffffffff
N??CAA_S?WD@F??sOg?	46	3fffffffffff
N??CAA_S?WD@F??sAg?	46	37ff6fdff9f0fb52
N??CAA_S?WD@F??sCW?	46	3fffffffffff
N??CAA_S?WD@F??s?w?	46	3effffffffb7e
N??CAA_S?WD@F??sWC?	46	3ffffffffffe1
N??CAA_S?WD@F??sSC?	46	1ffffff7efffd
N??CAA_S?WD@F??sKC?	46	3fffffffffff
N??CAA_S?WD@F??sOc?	46	3ffdffdfdff7f
N??CAA_S?WD@F??sCS?	46	7edfffffffcfe
N??CAA_S?WD@F??sOK?	46	1ffffffffcffe
N??CAA_S?WD@K_DOOW?	46	3fffffffffff
N??CAA_S?WD@K_DOOS?	46	3fffffff0ffff
N??CAA_S?WD@K_DO@S?	46	3ffffffe97fff
N??CAA_S?WD@K_DO?i?	46	3fffffff0ffff
N??CAA_S?WD@K_DO?U?	46	3fffffffffff
N??CAA_S?WD@K_@oY??	46	3fffffffffff
N??CAA_S?WD@K_@oPC?	46	2ffdeff7fe70fccc
N??CAA_S?WD@K_@oHC?	46	3fffffffffff
N??CAA_S?WD@K_@o@K?	46	1ffffffffb7fe
N??CAA_S?WD@K_@oWA?	46	3fffffffffff
N??CAA_S?WD@K_@oIA?	46	3fffffffffff
N??CAA_S?WD@K_@oHA?	46	3fffffffffff
N??CAA_S?WD@K_@oGa?	46	3fffffffffff
N??CAA_S?WD@K_@oAI?	46	3fffffffffff
N??CAA_S?WD@K_@oGE?	46	3fffffffffff
N??CAA_S?WD@K_@SH_?	46	3ffffdefdefff
N??CAA_S?WD@K_@SHO?	46	3fffffffffff
N??CAA_S?WD@K_@SOg?	46	3fffffffffff
N??CAA_S?WD@K_@SOW?	46	3fffffffffff
N??CAA_S?WD@K_@SWC?	46	3fffffffffff
N??CAA_S?WD@K_@SHC?	46	3fffffffffff
N??CAA_S?WD@K_@S@c?	46	3fffffffffff
N??CAA_S?WD@K_@SGS?	46	3fffffffffff
N??CAA_S?WD@K_@SAS?	46	3bfffffbf7ffd
N??CAA_S?WD@K_@SOK?	46	3fffffffffff
N??CAA_S?WD@K_@SAK?	46	3fffffffffff
N??CAA_S?WD@K_@S?[?	46	3fffffffffff
N??CAA_S?WD@I_DOAo?	46	3fff7fefdfeff
N??CAA_S?WD@I_DOGS?	46	3fffffffe777f
N??CAA_S?WD@I_DOAS?	46	3ffffffe97fff
N??CAA_S?WD@I_DOWA?	46	ffffffffeffd
N??CAA_S?WD@I_DOGQ?	46	7ffffffff7ff
N??CAA_S?WD@E_DOSO?	46	3ffffdefdefff
N??CAA_S?WD@E_DOOc?	46	3fffffff0ffff
N??CAA_S?WD@E_DOCS?	46	3ffffffe97fff
N??CAA_S?WD@E_DOCQ?	46	3fffffffffff
N??CAA_S?WD@E_DO?q?	46	3effffffffb7e
N??CAA_S?WD@E_DOCI?	46	3fffffff0ffff
N??CAA_S?WD@E_DO?i?	46	37ff6fdff9f0fb52
N??CAA_S?WD@E_DOCE?	46	3fffffffffff
N??CAA_S?WD@E_@o[??	46	3fffffffffff
N??CAA_S?WD@E_@oU??	46	3ffffdefdefff
N??CAA_S?WD@E_@oS_?	46	3defbfffdea94fcc
N??CAA_S?WD@E_@oQ_?	46	3ffffdefdefff
N??CAA_S?WD@E_@oSC?	46	2ffdeff7fe70fccc
N??CAA_S?WD@E_@oCK?	46	1ffffffffb7fe
N??CAA_S?WD@E_@oWA?	46	3fffffffffff
N??CAA_S?WD@E_@oKA?	46	3fffffffffff
N??CAA_S?WD@E_@oIA?	46	3ffffffffffcc
N??CAA_S?WD@E_@oEA?	46	3fffffffffff
N??CAA_S?WD@E_@oGa?	46	3ffffffffffcc
N??CAA_S?WD@E_@oAI?	46	3effffffffb7e
N??CAA_S?WD@E_@o?i?	46	3effffffffb7e
N??CAA_S?WD@E_@S[??	46	3fffffffffff
N??CAA_S?WD@E_@SEO?	46	3fffffffffff
N??CAA_S?WD@E_@SOo?	46	3fffffffffff
N??CAA_S?WD@E_@SAo?	46	3effffffffb7e
N??CAA_S?WD@E_@SEG?	46	3fffffff0ffff
N??CAA_S?WD@E_@SWC?	46	3fffffffffff
N??CAA_S?WD@E_@SKC?	46	3fffffffffff
N??CAA_S?WD@E_@SOc?	46	3fffffffffff
N??CAA_S?WD@E_@SCS?	46	3ffff7dfdf7ff
N??CAA_S?WD@E_@SOK?	46	3fffffffffff
N??CAA_S?WD@H_cOIC?	46	3fffffffffff
N??CAA_S?WD@H_cOHA?	46	7fffffffefff
N??CAA_S?WD@H_cOGa?	46	7fffffffefff
N??CAA_S?WD@H_cOGQ?	46	3fffffffffff
N??CAA_S?WD@H_cOGE?	46	3fffffffffff
N??CAA_S?WD@H_EOAo?	46	3fff7fefdfeff
N??CAA_S?WD@H_EOWC?	46	7fffffff7fff
N??CAA_S?WD@H_EOQC?	46	3fffffff0ffff
N??CAA_S?WD@H_EOAc?	46	3ffffffe97fff
N??CAA_S?WD@H_EOGS?	46	7ffffffeffff
N??CAA_S?WD@H_EOAS?	46	3ffffffe97fff
N??CAA_S?WD@H_EOAK?	46	3fffffffffff
N??CAA_S?WD@H_EOWA?	46	7fffffffefff
N??CAA_S?WD@H_EOGa?	46	3ffffdefdefff
N??CAA_S?WD@H_EOGQ?	46	3fffffffffff
N??CAA_S?WD@H_EOGE?	46	3fffffffffff
N??CAA_S?WD@H_DOBO?	46	3fff7fefdfeff
N??CAA_S?WD@H_DOBC?	46	3ffffffe97fff
N??CAA_S?WD@H_DOWA?	46	7fffffffefff
N??CAA_S?WD@H_DOHA?	46	3ffffdefdefff
N??CAA_S?WD@H_DOGQ?	46	3fffffffffff
N??CAA_S?WD@H_DOGE?	46	3fffffffffff
N??CAA_S?WD@H_CoJ??	46	3fffffffffff
N??CAA_S?WD@H_CoI_?	46	3fffffffffff
N??CAA_S?WD@H_CoB_?	46	3fff7fefdfeff
N??CAA_S?WD@H_CoWA?	46	3fffffffffff
N??CAA_S?WD@H_CoHA?	46	3fffffffffff
N??CAA_S?WD@H_CoGa?	46	3fffffffffff
N??CAA_S?WD@H_CoGE?	46	3fffffffffff
N??CAA_S?WD@H_CWX??	46	7fffffff7fff
N??CAA_S?WD@H_CWR??	46	3fffffff0ffff
N??CAA_S?WD@H_CWJ??	46	3fffffffffff
N??CAA_S?WD@H_CWI_?	46	3fffffffffff
N??CAA_S?WD@H_CWB_?	46	3ffffffe97fff
N??CAA_S?WD@H_CWQG?	46	3fffffffffff
N??CAA_S?WD@H_CWWA?	46	3fffffffffff
N??CAA_S?WD@H_CWHA?	46	3fffffffffff
N??CAA_S?WD@H_CWGa?	46	3fffffffffff
N??CAA_S?WD@H_CWGQ?	46	3fffffffffff
N??CAA_S?WD@B_cOM??	46	7ffffffffffd
N??CAA_S?WD@B_cOI_?	46	7ffffffffffd
N??CAA_S?WD@B_cOE_?	46	3ffffdefdefff
N??CAA_S?WD@B_cOAo?	46	3ffffdefdefff
N??CAA_S?WD@B_cOAg?	46	7ffffffff7ff
N??CAA_S?WD@B_cOIC?	46	3fffffffff87f
N??CAA_S?WD@B_cOKA?	46	7fffffffefff
N??CAA_S?WD@B_cOGa?	46	7ffffffffeff
N??CAA_S?WD@B_cOGQ?	46	3ffffdefdefff
N??CAA_S?WD@B_cOGE?	46	3bfffffbf7ffd
N??CAA_S?WD@B_KOI_?	46	3ffffef7ef7ff
N??CAA_S?WD@B_KOAo?	46	3fff7fefdfeff
N??CAA_S?WD@B_KOWC?	46	7fffffff7fff
N??CAA_S?WD@B_KOQC?	46	3fffffff0ffff
N??CAA_S?WD@B_KOGS?	46	7ffffffeffff
N??CAA_S?WD@B_KOAS?	46	3ffffffe97fff
N??CAA_S?WD@B_KOAK?	46	3effffffffcfe
N??CAA_S?WD@B_KOWA?	46	7fffffffefff
N??CAA_S?WD@B_KOGa?	46	3ffffdefdefff
N??CAA_S?WD@B_KOGQ?	46	7ffffffffeff
N??CAA_S?WD@B_KOGE?	46	3effffffffcfe
N??CAA_S?WD@B_DOWO?	46	7fffffffefff
N??CAA_S?WD@B_DOKO?	46	7fffffffefff
N??CAA_S?WD@B_DOQO?	46	3ffffdefdefff
N??CAA_S?WD@B_DOIO?	46	3ffffffffffd2
N??CAA_S?WD@B_DOEO?	46	3fff7fefdfeff
N??CAA_S?WD@B_DOKG?	46	3ffff7dfdf7ff
N??CAA_S?WD@B_DOEG?	46	3ffff7dfdf7ff
N??CAA_S?WD@B_DOGW?	46	3ffffffffffd2
N??CAA_S?WD@B_DOAW?	46	3effffffffcfe
N??CAA_S?WD@B_DOWC?	46	7ffffffeffff
N??CAA_S?WD@B_DOQC?	46	3fffffff0ffff
N??CAA_S?WD@B_DOIC?	46	7ffffffffffe
N??CAA_S?WD@B_DOAS?	46	3ffffffe97fff
N??CAA_S?WD@B_DOWA?	46	7ffffffffeff
N??CAA_S?WD@B_DOKA?	46	3ffffdefdefff
N??CAA_S?WD@B_DOGQ?	46	3ffffffffffcc
N??CAA_S?WD@B_DOGE?	46	7ffffffffffd
N??CAA_S?WD@B_Co[??	46	7ffffffffeff
N??CAA_S?WD@B_CoU??	46	3ffffdefdefff
N??CAA_S?WD@B_CoW_?	46	7fffffffefff
N??CAA_S?WD@B_CoQ_?	46	3ffffdefdefff
N??CAA_S?WD@B_CoI_?	46	3ffffffffffd2
N??CAA_S?WD@B_CoE_?	46	3fff7fefdfeff
N??CAA_S?WD@B_CoWA?	46	3ffffdefdefff
N??CAA_S?WD@B_CoKA?	46	7ffffffffeff
N??CAA_S?WD@B_CoGa?	46	3ffffffffffcc
N??CAA_S?WD@B_CW[??	46	7fffffff7fff
N??CAA_S?WD@B_CWY??	46	3fffffffff87f
N??CAA_S?WD@B_CWU??	46	3fffffff0ffff
N??CAA_S?WD@B_CWM??	46	3ffffffffffe1
N??CAA_S?WD@B_CWI_?	46	7ffffffffffe
N??CAA_S?WD@B_CWE_?	46	3ffffffe97fff
N??CAA_S?WD@B_CWAo?	46	3ffffffe97fff
N??CAA_S?WD@B_CWAg?	46	7fffffffff7f
N??CAA_S?WD@B_CWWA?	46	3bfffffbf7ffd
N??CAA_S?WD@B_CWKA?	46	3effffffffcfe
N??CAA_S?WD@B_CWGa?	46	7ffffffffffd
N??CAA_S?WD@B_CWGQ?	46	7ffffffffffd
N??CAA_S?WD@SOD_OK?	46	ffffffffd787f
N??CAA_S?WD@SOD_SA?	46	fffffffdf7ff
N??CAA_S?WD@SOD_OE?	46	ffffffffd787f
N??CAA_S?WD@SOD_?M?	46	1ffffff7efffd
N??CAA_S?WD@KOD_PC?	46	3fffffff0ffff
N??CAA_S?WD@KOD_@S?	46	3ffffffe97fff
N??CAA_S?WD@KOD_OK?	46	3fffffffffff
N??CAA_S?WD@KOD_?[?	46	3fffffffffff
N??CAA_S?WD@KOD_GI?	46	3fffffff0ffff
N??CAA_S?WD@KOD_@I?	46	3fffffff0ffff
N??CAA_S?WD@KOD_?i?	46	3fffffff0ffff
N??CAA_S?WD@KOD_?U?	46	3fffffffffff
N??CAA_S?WD@KOD_?M?	46	3fffffffffff
N??CAA_S?WD@EOD_SO?	46	3ffffdefdefff
N??CAA_S?WD@EOD_?w?	46	3effffffffcfe
N??CAA_S?WD@EOD_Oc?	46	3fffffff0ffff
N??CAA_S?WD@EOD_CS?	46	3ffffffe97fff
N??CAA_S?WD@EOD_OK?	46	3fffffffffff
N??CAA_S?WD@EOD_OI?	46	3fffffffffff
N??CAA_S?WD@EOD_GI?	46	2ffdeff7fe70fccc
N??CAA_S?WD@EOD_CI?	46	3fffffff0ffff
N??CAA_S?WD@EOD_?i?	46	37ff6fdff9f0fb52
N??CAA_S?WD@EOD_?Y?	46	3effffffffb7e
N??CAA_S?WD@EOD_OE?	46	3fffffffffff
N??CAA_S?WD@Cg@oT??	46	2ffdeff7fe70fccc
N??CAA_S?WD@Cg@oWA?	46	3bfffffbf7ffd
N??CAA_S?WD@Cg@oIA?	46	1ffffff7efffd
N??CAA_S?WD@Cg@oGa?	46	3fffffffffff
N??CAA_S?WD@Cg@oGI?	46	37fffbfffeffb
N??CAA_S?WD@Cg@oAI?	46	3fff7dfffeeff
N??CAA_S?WD@Cg@S[??	46	3fffffffffff
N??CAA_S?WD@Cg@SY??	46	3fffffffff87f
N??CAA_S?WD@Cg@SX??	46	3fffffffffff
N??CAA_S?WD@Cg@SL??	46	3fffffffffff
N??CAA_S?WD@Cg@SW_?	46	3fffffffffff
N??CAA_S?WD@Cg@SH_?	46	1ffffffffb7fe
N??CAA_S?WD@Cg@SWO?	46	3bfffffbf7ffd
N??CAA_S?WD@Cg@SIO?	46	1ffffff7efffd
N??CAA_S?WD@Cg@SSG?	46	3fffffffffff
N??CAA_S?WD@Cg@SQG?	46	1ffffff7efffd
N??CAA_S?WD@Cg@SPG?	46	3fffffffffff
N??CAA_S?WD@@gcOM??	46	3fffffffffff
N??CAA_S?WD@@gcOKA?	46	3fffffffffff
N??CAA_S?WD@@gcOHA?	46	7fffffffff7f
N??CAA_S?WD@@gcOGQ?	46	3bfffffbf7ffd
N??CAA_S?WD@@gKOX??	46	7fffffff7fff
N??CAA_S?WD@@gKOR??	46	3fffffff0ffff
N??CAA_S?WD@@gKOJ??	46	3fffffffffff
N??CAA_S?WD@@gKOHO?	46	7ffffffeffff
N??CAA_S?WD@@gKOBO?	46	3ffffffe97fff
N??CAA_S?WD@@gKOQG?	46	3fffffffffff
N??CAA_S?WD@@gKOBG?	46	3fffffffffff
N??CAA_S?WD@@gKOWA?	46	3fffffffffff
N??CAA_S?WD@@gKOHA?	46	3fffffffffff
N??CAA_S?WD@@gKOGa?	46	3fffffffffff
N??CAA_S?WD@@gKOGQ?	46	3fffffffffff
N??CAA_S?WD@@gEOW_?	46	7ffffffeffff
N??CAA_S?WD@@gEOQ_?	46	3fffffff0ffff
N??CAA_S?WD@@gEOWA?	46	7fffffffff7f
N??CAA_S?WD@@gEOKA?	46	3fffffffffff
N??CAA_S?WD@CWP_U??	46	3fffffffffff
N??CAA_S?WD@CWP_R??	46	3fffffffffff
N??CAA_S?WD@CWP_F??	46	3fffffffffff
N??CAA_S?WD@CWP_Q_?	46	3fffffffffff
N??CAA_S?WD@CWP_E_?	46	3fffffffffff
N??CAA_S?WD@CWP_P_?	46	7ffffffeffff
N??CAA_S?WD@CWP_B_?	46	3fffffffffff
N??CAA_S?WD@CWP_QO?	46	3fffffffff87f
N??CAA_S?WD@CWP_BO?	46	3fffffffffff
N??CAA_S?WD@CWP_Ao?	46	3fffffffffff
N??CAA_S?WD@CWP_QG?	46	3fffffffff87f
N??CAA_S?WD@CWP_AW?	46	1ffffff7efffd
N??CAA_S?WD@CWD_P_?	46	3fffffff0ffff
N??CAA_S?WD@CWD_WG?	46	3fffffffff87f
N??CAA_S?WD@CWD_SG?	46	3fffffffffff
N??CAA_S?WD@CWD_GW?	46	1ffffff7efffd
N??CAA_S?WD@CWD_?w?	46	3fffffffffff
N??CAA_S?WD@CWD_OI?	46	1ffffff7efffd
N??CAA_S?WD@CWD_CI?	46	3fffffffffff
N??CAA_S?W@`M?GoGo?	46	3fffffffffff
N??CAA_S?W@`M?GoAo?	46	3fff7fefdfeff
N??CAA_S?W@`M?Go?s?	46	3faeffff75e937d2
N??CAA_S?W@`M?GoGa?	46	3ffffdefdefff
N??CAA_S?W@`M?@oSO?	46	3defbfffdea94fcc
N??CAA_S?W@`M?@oIO?	46	3ffffffffffd2
N??CAA_S?W@`M?@oWC?	46	3fffffffffff
N??CAA_S?W@`M?@oQC?	46	3fffffff0ffff
N??CAA_S?W@`M??wW_?	46	3fffffffffff
N??CAA_S?W@`M??wGo?	46	3fffffffffff
N??CAA_S?W@`M??wCo?	46	3faeffff75e937d2
N??CAA_S?W@`M??wAo?	46	3ffffffe97fff
N??CAA_S?W@`M??wOg?	46	3effffffffb7e
N??CAA_S?W@`M??wCg?	46	1ffffffffb7fe
N??CAA_S?W@`M??wOa?	46	3fffffffffff
N??CAA_S?W@`M??wGa?	46	37ffffbfefffb
N??CAA_S?W@`I_cOI_?	46	7ffffffffffd
N??CAA_S?W@`I_cOE_?	46	3ffffdefdefff
N??CAA_S?W@`I_cOAo?	46	3ffffdefdefff
N??CAA_S?W@`I_cOGc?	46	7ffffffeffff
N??CAA_S?W@`I_cOAc?	46	3fffffff0ffff
N??CAA_S?W@`I_cOGa?	46	7ffffffffeff
N??CAA_S?W@`I_KOI_?	46	3ffffef7ef7ff
N??CAA_S?W@`I_KOAo?	46	3fff7fefdfeff
N??CAA_S?W@`I_KOGa?	46	3ffffdefdefff
N??CAA_S?W@`I_DOU??	46	3ffffdefdefff
N??CAA_S?W@`I_DOKO?	46	7fffffffefff
N??CAA_S?W@`I_DOQO?	46	3ffffdefdefff
N??CAA_S?W@`I_DOEO?	46	3fff7fefdfeff
N??CAA_S?W@`I_DOWC?	46	7ffffffeffff
N??CAA_S?W@`I_DOQC?	46	3fffffff0ffff
N??CAA_S?WCPM?DOPC?	46	3fffffff0ffff
N??CAA_S?WCPM?DOOS?	46	3fffffff0ffff
N??CAA_S?WCPM?DO@S?	46	3ffffffe97fff
N??CAA_S?WCPM?DO?s?	46	3ffffffe97fff
N??CAA_S?WCPM?DO@Q?	46	3fffffffffff
N??CAA_S?WCPM?DO?U?	46	3fffffffffff
N??CAA_S?WCPM?BOAo?	46	3fff7fefdfeff
N??CAA_S?WCPM?BOIG?	46	3ffff7dfdf7ff
N??CAA_S?WCPM?BOAc?	46	3ffffffe97fff
N??CAA_S?WCPM?BOOS?	46	2ffdeff7fe70fccc
N??CAA_S?WCPM?BOGS?	46	3fffffffffff
N??CAA_S?WCPM?BOAS?	46	3ffffffe97fff
N??CAA_S?WCPM?BO?s?	46	3faeffff75e937d2
N??CAA_S?WCPM?BOGa?	46	3ffffdefdefff
N??CAA_S?WCPM?BOGQ?	46	3fffffffffff
N??CAA_S?WCPM?BOAQ?	46	3fffffffffff
N??CAA_S?WCPM?BOGE?	46	3fffffffffff
N??CAA_S?WCPM?@oY??	46	3fffffffffff
N??CAA_S?WCPM?@oIG?	46	3fffffffffff
N??CAA_S?WCPM?@oIC?	46	3fffffffffff
N??CAA_S?WCPM?@oWA?	46	3fffffffffff
N??CAA_S?WCPM?@oHA?	46	3fffffffffff
N??CAA_S?WCPM?@WX??	46	3fffffffffff
N??CAA_S?WCPM?@WH_?	46	3fffffffffff
N??CAA_S?WCPM?@WIO?	46	3fffffffffff
N??CAA_S?WCPM?@WIG?	46	3fffffffffff
N??CAA_S?WCPM?@WWA?	46	3fffffffffff
N??CAA_S?WCPM?@WHA?	46	3fffffffffff
N??CAA_S?WCPM?@WOa?	46	3fffffffffff
N??CAA_S?WCPM?@WGa?	46	3fffffffffff
N??CAA_S?WCPM?@WGQ?	46	3fffffffffff
N??CAA_S?WCPM?@WAI?	46	3fffffffffff
N??CAA_S?WCPM?@W?Y?	46	3fffffffffff
N??CAA_S?WCPM?@SH_?	46	3ffffdefdefff
N??CAA_S?WCPM?@SWO?	46	3fffffffffff
N??CAA_S?WCPM?@SBO?	46	3fffffffffff
N??CAA_S?WCPM?@SOW?	46	3fffffffffff
N??CAA_S?WCPM?@SGS?	46	3fffffffffff
N??CAA_S?WCPM?@SAS?	46	3fffffffffff
N??CAA_S?WCPJ?cOAS?	46	3fffffff0ffff
N??CAA_S?WCPJ?cOHA?	46	7fffffffefff
N??CAA_S?WCPJ?cOGQ?	46	3fffffffffff
N??CAA_S?WCPJ?EOAo?	46	3fff7fefdfeff
N??CAA_S?WCPJ?EOGS?	46	7ffffffeffff
N??CAA_S?WCPJ?EOAS?	46	3ffffffe97fff
N??CAA_S?WCPJ?EOWA?	46	7fffffffefff
N??CAA_S?WCPJ?EOGa?	46	3ffffdefdefff
N??CAA_S?WCPJ?EOGQ?	46	3fffffffffff
N??CAA_S?WCPJ?CoB_?	46	3fff7fefdfeff
N??CAA_S?WCPJ?CoQG?	46	3fffffffffff
N??CAA_S?WCPJ?CoQC?	46	3fffffff0ffff
N??CAA_S?WCPJ?CoIC?	46	3fffffffffff
N??CAA_S?WCPJ?CoAK?	46	3fffffffffff
N??CAA_S?WCPJ?CoWA?	46	3fffffffffff
N??CAA_S?WCPJ?CoHA?	46	3fffffffffff
N??CAA_S?WCPJ?CoGE?	46	3fffffffffff
N??CAA_S?WCPKOF?@S?	46	3ffffffe97fff
N??CAA_S?WCPKOF?OK?	46	3fffffffffff
N??CAA_S?WCPKOF??[?	46	3fffffffffff
N??CAA_S?WCPKOF??Y?	46	3fffffffffff
N?AA@?OAEG[?E_AWAI?	46	3fffffffff87f
N?AA@?OAEG[?E_?[F??	46	7ffffffdffff
N?AA@?OAEG[?E_?[E_?	46	fffffffdf7ff
N?AA@?OAEG[?E_?[B_?	46	fffffffcffff
N?AA@?OAEG[?E_?[BO?	46	ffffffffc87ff
N?AA@?OAEG[?E_?[BG?	46	3fffffffff87f
N?AA@?OAEG[?E_?[Ag?	46	3fffffffffff
N?AA@?OAEG[?E_?[?w?	46	3ffffffff7efc
N?AA@?OAEG[?E_?[DC?	46	3fffffffffff
N?AA@?OAEG[?E_?[Cc?	46	ffffffffff7e
N?AA@?OAEG[?E_?[Ac?	46	3fffffffffff
N?AA@?OAEG[?E_?[@c?	46	3fffffffffff
N?AA@?OAEG[?E_?[@S?	46	3ffff7dfdf7ff
N?AA@?OAEG[?E_?[AK?	46	7bffdffbf7ffd
N?AA@?OAEG[?E_?[@K?	46	3bfffffbf7ffd
N?AA@?OAEG[?E_?[?k?	46	fffffffff7fd
N?AA@?OAEG[?E_?[CE?	46	fffffffffff9
N?AA@?OAEG[?E_?[AE?	46	3defbfffdea94fcc
N?AA@?OAEG[?E_?[?e?	46	7ffffffff7ff
N?AA@?OAEG[?E_?[?U?	46	3fffffff0ffff
N?AA@?OAEG[?E_?[?M?	46	effefffffeefa
N?AA@?OAEG[?CoAKF??	46	7ffffffffffe
N?AA@?OAEG[?CoAKB_?	46	7ffffffffffe
N?AA@?OAEG[?CoAKBO?	46	3ffffffff87ff
N?AA@?OAEG[?CoAKBG?	46	3fffffffff87f
N?AA@?OAEG[?CoAK@g?	46	37fffbfffeffb
N?AA@?OAEG[?CoAKDC?	46	3fffffffe777f
N?AA@?OAEG[?CoAK@c?	46	3ffffffffe67f
N?AA@?OAEG[?CoAK@S?	46	3ffff7dfdf7ff
N?AA@?OAEG[?CoAK@K?	46	7bffdffbf7ffd
N?AA@?OAEG[?CoAK@a?	46	3ffffffffe67f
N?AA@?OAEG[?CoAK@I?	46	7bffdffbf7ffd
N?AA@?OAEG[?EGCS@W?	46	3fffffffff87f
N?AA@?OAEG[?CgASF??	46	7fbfbffbf7f7f
N?AA@?OAEG[?CgASB_?	46	2fffff7ff7ffb
N?AA@?OAEG[?CgASBO?	46	3ffe7fda37bf077b
N?AA@?OAEG[?CgASBG?	46	3ffdbf739b7ee87d
N?AA@?OAEG[?CgASBC?	46	3ffe7f8f6b7ef07b
N?AA@?OAEG[?CgASBA?	46	3ffe7f8f6b7ef07b
N?AA@?OAEG[?CWE_@I?	46	ffffffffd787f
N?AA@?OAEG[?CWEC@W?	46	7ff7ffffff87f
N?AA@?OAEGU?I_?[J??	46	7ffffffdffff
N?AA@?OAEGU?I_?[H_?	46	fffffffdefff
N?AA@?OAEGU?I_?[B_?	46	7ffffffdffff
N?AA@?OAEGU?I_?[IG?	46	3fffffffffff
N?AA@?OAEGU?I_?[HG?	46	3fffffffffff
N?AA@?OAEGU?I_?[@W?	46	3fffffffffff
N?AA@?OAEGU?I_?[?w?	46	3fffffffffff
N?AA@?OAEGU?I_?[HC?	46	3fffffffffff
N?AA@?OAEGU?I_?[Gc?	46	3fffffffffff
N?AA@?OAEGU?I_?[Ac?	46	3fffffffffff
N?AA@?OAEGU?I_?[@c?	46	3fffffffffff
N?AA@?OAEGU?I_?[GS?	46	3fffffffffff
N?AA@?OAEGU?I_?[?s?	46	3fffffffffff
N?AA@?OAEGU?I_?[GK?	46	3fffffffffff
N?AA@?OAEGU?I_?[AK?	46	3ffff7dfdf7ff
N?AA@?OAEGU?I_?[@K?	46	3ffff7dfdf7ff
N?AA@?OAEGU?I_?[?k?	46	3fffffffffff
N?AA@?OAEGU?I_?[?[?	46	3fffffffffff
N?AA@?OAEGU?I_?[IA?	46	3fffffffffff
N?AA@?OAEGU?I_?[HA?	46	3fffffffffff
N?AA@?OAEGU?I_?[Ga?	46	3fffffffffff
N?AA@?OAEGU?I_?[?q?	46	3fffffffffff
N?AA@?OAEGU?I_?[GI?	46	3fffffffffff
N?AA@?OAEGU?I_?[AI?	46	3ffff7dfdf7ff
N?AA@?OAEGU?I_?[@I?	46	3ffff7dfdf7ff
N?AA@?OAEGU?I_?[?Y?	46	3fffffffffff
N?AA@?OAEGU?I_?[GE?	46	3fffffffffff
N?AA@?OAEGU?I_?[@E?	46	3ffff7dfdf7ff
N?AA@?OAEGU?I_?[?e?	46	3fffffffffff
N?AA@?OAEGU?I_?[?U?	46	3fffffffffff
N?AA@?OAEGU?I_?[?M?	46	3fffffff0ffff
N?AA@?OAEGU?IOAgGE?	46	7ffffffffffd
N?AA@?OAEGU?IO?kJ??	46	7ffffffeffff
N?AA@?OAEGU?IO?kI_?	46	fffffdefce7ff
N?AA@?OAEGU?IO?kH_?	46	fffffffeefff
N?AA@?OAEGU?IO?kB_?	46	fffffffcffff
N?AA@?OAEGU?IO?kBO?	46	3fffffffffff
N?AA@?OAEGU?IO?kGo?	46	3fff7fefdfeff
N?AA@?OAEGU?IO?k@o?	46	3fffffffffff
N?AA@?OAEGU?IO?k@W?	46	3fffffffffff
N?AA@?OAEGU?IO?kHC?	46	7ffffffffffd
N?AA@?OAEGU?IO?kGc?	46	3ffffffe97fff
N?AA@?OAEGU?IO?kAc?	46	3ffffffe97fff
N?AA@?OAEGU?IO?k@c?	46	3fffffffffff
N?AA@?OAEGU?IO?kGS?	46	fffffffe97e7f
N?AA@?OAEGU?IO?k@S?	46	fffffffef7ff
N?AA@?OAEGU?IO?k?s?	46	3ffffffe67fff
N?AA@?OAEGU?IO?k?[?	46	3fffffffffff
N?AA@?OAEGU?IO?k?q?	46	3fffffffffff
N?AA@?OAEGU?IO?k?U?	46	3fffffffeeffc
N?AA@?OAEGU?EO?kL??	46	7ffffffeffff
N?AA@?OAEGU?EO?kH_?	46	7ffffffeffff
N?AA@?OAEGU?EO?kD_?	46	fffffffcffff
N?AA@?OAEGU?EO?kDO?	46	3fffffffffff
N?AA@?OAEGU?EO?kGo?	46	3fffffffffff
N?AA@?OAEGU?EO?k@o?	46	3fffffffffff
N?AA@?OAEGU?EO?kHG?	46	7ffffffdffff
N?AA@?OAEGU?EO?kGg?	46	fffffffdff7f
N?AA@?OAEGU?EO?kCg?	46	3fffffffcff7d
N?AA@?OAEGU?EO?kGW?	46	3fffffffffff
N?AA@?OAEGU?EO?k@W?	46	3fffffffffff
N?AA@?OAEGU?EO?k?w?	46	3fffffffffff
N?AA@?OAEGU?EO?kKC?	46	3fffffffffff
N?AA@?OAEGU?EO?kHC?	46	3fffffffffff
N?AA@?OAEGU?EO?kDC?	46	3ffffffff87ff
N?AA@?OAEGU?EO?k@S?	46	3fffffffffff
N?AA@?OAEGU?EO?k?s?	46	3fffffffffff
N?AA@?OAEGU?EO?kGK?	46	3fffffffffff
N?AA@?OAEGU?EO?kCK?	46	3ffff7dfdf7ff
N?AA@?OAEGU?EO?k?k?	46	3fffffffffff
N?AA@?OAEGU?EO?k?[?	46	3fffffffffff
N?AA@?OAEGU?EO?kKA?	46	3fffffffffff
N?AA@?OAEGU?EO?kHA?	46	3fffffffffff
N?AA@?OAEGU?EO?kGa?	46	3fffffffffff
N?AA@?OAEGU?EO?kCa?	46	3fffffffffff
N?AA@?OAEGU?EO?k@Q?	46	3fffffffffff
N?AA@?OAEGU?EO?k?q?	46	3fffffffffff
N?AA@?OAEGU?EO?kGI?	46	3fffffffffff
N?AA@?OAEGU?EO?k?i?	46	3fffffffffff
N?AA@?OAEGU?EO?k?Y?	46	3fffffffffff
N?AA@?OAEGU?EO?kGE?	46	3fffffffffff
N?AA@?OAEGU?EO?k@E?	46	3ffff7dfdf7ff
N?AA@?OAEGU?EO?k?U?	46	3fffffffffff
N?AA@?OAEGU?EO?k?M?	46	3fffffff0ffff
N?AA@?OAEGU?BO?kM??	46	fffffffef7ff
N?AA@?OAEGU?BO?kL??	46	fffffffeefff
N?AA@?OAEGU?BO?kJ??	46	7ffffffeffff
N?AA@?OAEGU?BO?kF??	46	fffffffcffff
N?AA@?OAEGU?BO?kEO?	46	3fffffffffff
N?AA@?OAEGU?BO?kDO?	46	3fffffffffff
N?AA@?OAEGU?BO?kBO?	46	3fffffffffff
N?AA@?OAEGU?BO?kKC?	46	3fffffffffff
N?AA@?OAEGU?BO?kHC?	46	3fffffffffff
N?AA@?OAEGU?BO?kDC?	46	3fffffffffff
N?AA@?OAEGU?BO?kCS?	46	3fffffffffff
N?AA@?OAEGU?BO?kAS?	46	3fffffffffff
N?AA@?OAEGU?BO?k@S?	46	3fffffffffff
N?AA@?OAEGU?BO?kGK?	46	3fffffffffff
N?AA@?OAEGU?BO?kAK?	46	3fffffffffff
N?AA@?OAEGU?BO?k@K?	46	3fffffffffff
N?AA@?OAEGU?BO?k?[?	46	3fffffffffff
N?AA@?OAEGU?BO?kGE?	46	3fffffffffff
N?AA@?OAEGU?BO?kCE?	46	3fffffffffff
N?AA@?OAEGU?BO?k?U?	46	7fffffffff7f
N?AA@?OAEGU?GoAKJ??	46	7ffffffffffe
N?AA@?OAEGU?GoAKH_?	46	6ffaffffffefb
N?AA@?OAEGU?GoAKB_?	46	3fffffffff87f
N?AA@?OAEGU?GoAK@o?	46	37fffbfffeffb
N?AA@?OAEGU?GoAKHC?	46	3ffffffffe7f9
N?AA@?OAEGU?GoAK@c?	46	7bffdffbf7ffd
N?AA@?OAEGU?GoAKHA?	46	3ffffffffe7f9
N?AA@?OAEGU?GoAK@a?	46	7bffdffbf7ffd
N?AA@?OAEGU?CoAKL??	46	3fffffffffff
N?AA@?OAEGU?CoAKH_?	46	3fffffffffff
N?AA@?OAEGU?CoAKD_?	46	3fffffffffff
N?AA@?OAEGU?CoAKDO?	46	3fffffffffff
N?AA@?OAEGU?CoAK@o?	46	3fffffffffff
N?AA@?OAEGU?CoAKHG?	46	3fffffffffff
N?AA@?OAEGU?CoAK@g?	46	3fffffffffff
N?AA@?OAEGU?CoAK@W?	46	3fffffffffff
N?AA@?OAEGU?CoAKHC?	46	7fffffffefff
N?AA@?OAEGU?CoAKDC?	46	3ffffffff87ff
N?AA@?OAEGU?CoAK@c?	46	3fffffffffff
N?AA@?OAEGU?CoAK@S?	46	3fffffffffff
N?AA@?OAEGU?CoAK@K?	46	3ffff7dfdf7ff
N?AA@?OAEGU?CoAK@Q?	46	3fffffffffff
N?AA@?OAEGU?CoAK@I?	46	3ffff7dfdf7ff
N?AA@?OAEGU?Ao?[M??	46	3fffffffffff
N?AA@?OAEGU?Ao?[L??	46	3fffffffffff
N?AA@?OAEGU?Ao?[J??	46	3fffffffffff
N?AA@?OAEGU?Ao?[I_?	46	7fffffffff7f
N?AA@?OAEGU?Ao?[H_?	46	3fffffffffff
N?AA@?OAEGU?Ao?[B_?	46	3fffffffffff
N?AA@?OAEGU?Ao?[BO?	46	3fffffffffff
N?AA@?OAEGU?Ao?[Co?	46	3fffffffffff
N?AA@?OAEGU?Ao?[KC?	46	3fffffffffff
N?AA@?OAEGU?Ao?[EC?	46	3ffff7dfdf7ff
N?AA@?OAEGU?Ao?[HC?	46	7ffffffffffe
N?AA@?OAEGU?Ao?[DC?	46	3ffff7dfdf7ff
N?AA@?OAEGU?Ao?[BC?	46	3ffff7dfdf7ff
N?AA@?OAEGU?Ao?[Gc?	46	3fffffffffff
N?AA@?OAEGU?Ao?[Cc?	46	3fffffffffff
N?AA@?OAEGU?Ao?[@c?	46	3fffffffffff
N?AA@?OAEGU?Ao?[CS?	46	3fffffffffff
N?AA@?OAEGU?Ao?[@S?	46	ffffffffe7ff
N?AA@?OAEGU?Ao?[?s?	46	3fffffffffff
N?AA@?OAEGU?Ao?[KA?	46	3fffffffffff
N?AA@?OAEGU?Ao?[IA?	46	3fffffffffff
N?AA@?OAEGU?Ao?[EA?	46	3ffff7dfdf7ff
N?AA@?OAEGU?Ao?[HA?	46	ffffffffff7e
N?AA@?OAEGU?Ao?[DA?	46	3ffff7dfdf7ff
N?AA@?OAEGU?Ao?[BA?	46	3ffff7dfdf7ff
N?AA@?OAEGU?Ao?[Ga?	46	3fffffffffff
N?AA@?OAEGU?Ao?[Aa?	46	3fffffffffff
N?AA@?OAEGU?Ao?[CQ?	46	3fffffffffff
N?AA@?OAEGU?Ao?[AQ?	46	3fffffffffff
N?AA@?OAEGU?Ao?[?q?	46	3fffffffffff
N?AA@?OAEGU?Ao?[CE?	46	3fffffff0ffff
N?AA@?OAEGU?@WAcL??	46	3fffffffffff
N?AA@?OAEGU?@WAcF??	46	3ffeff7ff7eff
N?AA@?OAEGU?@WAcDO?	46	3fffffffffff
N?AA@?OAEGU?@WAcBG?	46	2fffff7ff7ffb
N?AA@?OAEGU?IC?wJ??	46	7ffffffff7ff
N?AA@?OAEGU?IC?wH_?	46	ffffffffe7ff
N?AA@?OAEGU?IC?w@o?	46	3fffffffffff
N?AA@?OAEGU?IC?wHG?	46	3fffffffffff
N?AA@?OAEGU?IC?wBG?	46	3ffffffff87ff
N?AA@?OAEGU?IC?w@W?	46	3fffffffffff
N?AA@?OAEGU?IC?wHC?	46	3fffffffffff
N?AA@?OAEGU?IC?w@c?	46	3fffffffffff
N?AA@?OAEGU?IC?w@S?	46	3fffffffffff
N?AA@?OAEGU?IC?w@K?	46	3ffff7dfdf7ff
N?AA@?OAEGU?IC?w@a?	46	3fffffffcff7d
N?AA@?OAEGU?BC?wL??	46	ffffffffe7ff
N?AA@?OAEGU?BC?wF??	46	fffffffdf7ff
N?AA@?OAEGU?BC?wHO?	46	3fffffffcfefb
N?AA@?OAEGU?BC?wDO?	46	3fffffffffff
N?AA@?OAEGU?BC?wHG?	46	3fffffffffff
N?AA@?OAEGU?BC?wBG?	46	3fffffffffff
N?AA@?OAEGU?BC?w@W?	46	3fffffffffff
N?AA@?OAEGU?BC?w@K?	46	3fffffffffff
N?AA@?OAEGU?BC?w@Q?	46	3ffffffff7efc
N?AA@?OAEGU?AcAWM??	46	fffffffdff7f
N?AA@?OAEGU?AcAWK_?	46	3fffffffdef7e
N?AA@?OAEGU?AcAWE_?	46	fffeff7fd7e7f
N?AA@?OAEGU?AcAWCo?	46	fffffffdfeff
N?AA@?OAEGU?AcAWKG?	46	3fffffffffff
N?AA@?OAEGU?AcAWIG?	46	3fffffffffff
N?AA@?OAEGU?AcAWGg?	46	3fffffffffff
N?AA@?OAEGU?AcAWCg?	46	2fffff7ff7ffb
N?AA@?OAEGU?AcAWAg?	46	2fffff7ff7ffb
N?AA@?OAEGU?AcAW?w?	46	3fffffffffff
N?AA@?OAEGU?ASAgM??	46	fffffffefffd
N?AA@?OAEGU?ASAgK_?	46	3fffffffeeffc
N?AA@?OAEGU?ASAgI_?	46	efffff7fe7ff9
N?AA@?OAEGU?ASAgE_?	46	3fffffffcff7d
N?AA@?OAEGU?ASAgCo?	46	3fffffffffff
N?AA@?OAEGU?ASAgAo?	46	37ffffbfefffb
N?AA@?OAEGU?ASAgIG?	46	7ffffffdffff
N?AA@?OAEGU?ASAgGg?	46	fffffffdfeff
N?AA@?OAEGU?ASAgAg?	46	fffffffcffff
N?AA@?OAEGU?ASAgAW?	46	3fffffffffff
N?AA@?OAEGU?ASAg?w?	46	3fffffffffff
N?AA@?OAEGU?ASAgIC?	46	2ffeffffffefb
N?AA@?OAEGU?ASAgGc?	46	2ffeffffffefb
N?AA@?OAEGU?ASAgCc?	46	3fffffffffff
N?AA@?OAEGU?ASAgAc?	46	37fffbfffeffb
N?AA@?OAEGU?ASAg?k?	46	3fffffffffff
N?AA@?OAEGU?ASAgCa?	46	3fffffffffff
N?AA@?OAEGU?AS?wL??	46	3fffffffffff
N?AA@?OAEGU?AS?wJ??	46	3fffffffffff
N?AA@?OAEGU?AS?wF??	46	3ffffffff87ff
N?AA@?OAEGU?AS?wH_?	46	3fffffffffff
N?AA@?OAEGU?AS?wD_?	46	3fffffffffff
N?AA@?OAEGU?AS?wB_?	46	3fffffffffff
N?AA@?OAEGU?AS?wDO?	46	3fffffffffff
N?AA@?OAEGU?AS?wBO?	46	3fffffffffff
N?AA@?OAEGU?AS?w@o?	46	3fffffffffff
N?AA@?OAEGU?AS?wHC?	46	7ffffffffffe
N?AA@?OAEGU?AS?wDC?	46	3ffff7dfdf7ff
N?AA@?OAEGU?AS?w@c?	46	3fffffffffff
N?AA@?OAEGU?AS?wBA?	46	3ffff7dfdf7ff
N?AA@?OAEGU?AS?w@a?	46	3fffffffffff
N?AA@?OAEGU?AS?w@E?	46	ffffffff0e7ff
N?AA@?OAEGS_E_?[M??	46	fffffffdf7ff
N?AA@?OAEGS_E_?[J??	46	fffffffcffff
N?AA@?OAEGS_E_?[F??	46	7ffffffdffff
N?AA@?OAEGS_E_?[EO?	46	fffffffdff7f
N?AA@?OAEGS_E_?[BO?	46	ffffffffd787f
N?AA@?OAEGS_E_?[IG?	46	3fffffffffff
N?AA@?OAEGS_E_?[BG?	46	3ffffffff87ff
N?AA@?OAEGS_E_?[GW?	46	3ffffffff7efc
N?AA@?OAEGS_E_?[AW?	46	3fffffffffff
N?AA@?OAEGS_E_?[HC?	46	3fffffffffff
N?AA@?OAEGS_E_?[AS?	46	7fbfbffbf7f7f
N?AA@?OAEGS_E_?[@S?	46	3fffbffbf7f7f
N?AA@?OAEGS_EG?sM??	46	ffffffff0e7ff
N?AA@?OAEGS_EG?sJ??	46	3fffffffeeffc
N?AA@?OAEGS_EG?sEO?	46	3ffffffe97fff
N?AA@?OAEGS_EG?sBO?	46	7ff7ffffff87f
N?AA@?OAEGS_EG?sAW?	46	3ffffffe67fff
N?AA@?OAEGS_EG?sIA?	46	7fffffffff7f
N?AA@?OAEGS_EG?sAQ?	46	3fffbffbf7f7f
N?AA@?OAEGS_CgASJ??	46	2fffff7ff7ffb
N?AA@?OAEGS_CgASBO?	46	3ffe7f8f6b7ef07b
N?AA@?OAEGSOU??[E_?	46	fffffffdf7ff
N?AA@?OAEGSOU??[BG?	46	7ffffffffffe
N?AA@?OAEGSOU??[Ag?	46	3fffffffffff
N?AA@?OAEGSOU??[AW?	46	3fffffffffff
N?AA@?OAEGSOU??[?w?	46	3ffffffff7efc
N?AA@?OAEGSOU??[EC?	46	3fffffffffff
N?AA@?OAEGSOU??[DC?	46	3fffffffffff
N?AA@?OAEGSOU??[Cc?	46	3fffffffffff
N?AA@?OAEGSOU??[Ac?	46	3fffffffffff
N?AA@?OAEGSOU??[@c?	46	3fffffffffff
N?AA@?OAEGSOU??[AK?	46	7fffffffff7f
N?AA@?OAEGSOU??[@K?	46	7fffffffff7f
N?AA@?OAEGSOU??[?k?	46	3fffffffffff
N?AA@?OAEGSOU??[?[?	46	3fffffffffff
N?AA@?OAEGSOU??[CE?	46	7ffffffffffb
N?AA@?OAEGSOU??[?e?	46	3fffffffffff
N?AA@?OAEGSOU??[?U?	46	3fffffffffff
N?AA@?OAEGSOU??[?M?	46	ffffffff7ffe
N?AA@?OAEGSOM??[J??	46	7ffffffdffff
N?AA@?OAEGSOM??[I_?	46	fffffffdf7ff
N?AA@?OAEGSOM??[Ao?	46	fffffffdff7f
N?AA@?OAEGSOM??[IG?	46	3fffffffffff
N?AA@?OAEGSOM??[?w?	46	3ffffffff7efc
N?AA@?OAEGSOM??[IC?	46	3fffffffffff
N?AA@?OAEGSOM??[HC?	46	3fffffffffff
N?AA@?OAEGSOM??[Gc?	46	3fffffffffff
N?AA@?OAEGSOM??[@c?	46	3fffffffffff
N?AA@?OAEGSOM??[?s?	46	3fffffffffff
N?AA@?OAEGSOM??[GK?	46	3fffffffffff
N?AA@?OAEGSOM??[GE?	46	3fffffffffff
N?AA@?OAEGSOM??[?e?	46	3fffffffffff
N?AA@?OAEGSOF??[M??	46	fffffffdf7ff
N?AA@?OAEGSOF??[J??	46	fffffffcffff
N?AA@?OAEGSOF??[F??	46	7ffffffdffff
N?AA@?OAEGSOF??[EO?	46	fffffffdff7f
N?AA@?OAEGSOF??[BO?	46	fffffffd7fff
N?AA@?OAEGSOF??[KG?	46	3fffffffdef7e
N?AA@?OAEGSOF??[IG?	46	3fffffffffff
N?AA@?OAEGSOF??[BG?	46	3fffffffffff
N?AA@?OAEGSOF??[GW?	46	3ffffffff7efc
N?AA@?OAEGSOF??[AW?	46	3fffffffffff
N?AA@?OAEGSOF??[KC?	46	3fffffffffff
N?AA@?OAEGSOF??[HC?	46	3fffffffffff
N?AA@?OAEGSOF??[DC?	46	3fffffffffff
N?AA@?OAEGSOF??[CS?	46	3fffffffffff
N?AA@?OAEGSOF??[AS?	46	3fffffffffff
N?AA@?OAEGSOF??[@S?	46	3fffffffffff
N?AA@?OAEGSOF??[GK?	46	3fffffffffff
N?AA@?OAEGSOF??[@K?	46	3fffffffffff
N?AA@?OAEGSOF??[?[?	46	3fffffffffff
N?AA@?OAEGSOF??[GE?	46	3fffffffffff
N?AA@?OAEGSOF??[CE?	46	7fffffffefff
N?AA@?OAEGSOF??[AE?	46	3fdffffffb7fe
N?AA@?OAEGSOF??[?U?	46	3fffffffffff
N?AA@?OAEGSOF??[?M?	46	7ffffffff7ff
N?AA@?OAEGSOE_?[J??	46	fffffffcffff
N?AA@?OAEGSOE_?[F??	46	7ffffffdffff
N?AA@?OAEGSOE_?[E_?	46	fffffffdff7f
N?AA@?OAEGSOE_?[IG?	46	3fffffffffff
N?AA@?OAEGSOE_?[Gg?	46	3ffffffff7efc
N?AA@?OAEGSOE_?[HC?	46	3fffffffffff
N?AA@?OAEGSOE_?[Cc?	46	3fffffffffff
N?AA@?OAEGSOE_?[@c?	46	3fffffffffff
N?AA@?OAEGSOE_?[GK?	46	3fffffffffff
N?AA@?OAEGSOE_?[AK?	46	3fffffffffff
N?AA@?OAEGSOE_?[@K?	46	3fffffffffff
N?AA@?OAEGSOE_?[GE?	46	3fffffffffff
N?AA@?OAEGSOE_?[AE?	46	3fdffffffb7fe
N?AA@?OAEGSOE_?[?e?	46	3fffffffffff
N?AA@?OAEGSOE_?[?M?	46	7ffffffff7ff
N?AA@?OAEGSOSOECDC?	46	3fffffffffff
N?AA@?OAEGSOSOAKF??	46	3fffffffffff
N?AA@?OAEGSOSOAKD_?	46	2ffeffffffefb
N?AA@?OAEGSOSOAKB_?	46	3fffffffffff
N?AA@?OAEGSOSOAKBO?	46	3fffffffffff
N?AA@?OAEGSOSOAKBG?	46	7ffffffffffe
N?AA@?OAEGSOSOAK@g?	46	37fffbfffeffb
N?AA@?OAEGSOSOAK@W?	46	37fffbfffeffb
N?AA@?OAEGSOSOAKDC?	46	7fffffff7fff
N?AA@?OAEGSOSOAK@c?	46	3fffffffffff
N?AA@?OAEGSOSOAK@S?	46	3fffffffffff
N?AA@?OAEGSOSOAK@K?	46	7fffffffff7f
N?AA@?OAEGSOSOAKDA?	46	7fffffff7fff
N?AA@?OAEGSOSOAK@a?	46	3fffffffffff
N?AA@?OAEGSOSOAK@I?	46	7fffffffff7f
N?AA@?OAEGSOKOAKJ??	46	7ffffffffffe
N?AA@?OAEGSOKOAKH_?	46	3ff8ffe76cfdf6e1
N?AA@?OAEGSOKOAKB_?	46	3fffffffffff
N?AA@?OAEGSOKOAKBO?	46	3fffffffffff
N?AA@?OAEGSOKOAK@o?	46	3ff73fdb9cfdef61
N?AA@?OAEGSOKOAKHG?	46	2ffeffffffefb
N?AA@?OAEGSOKOAKHC?	46	ffffffff0e7ff
N?AA@?OAEGSOKOAK@c?	46	3ffffffe97fff
N?AA@?OAEGSOKOAKHA?	46	ffffffff0e7ff
N?AA@?OAEGSOKOAK@a?	46	3ffffffe97fff
N?AA@?OAEGSOEO?[M??	46	3fffffffffff
N?AA@?OAEGSOEO?[I_?	46	3fffffffffff
N?AA@?OAEGSOEO?[IO?	46	3fffffffffff
N?AA@?OAEGSOEO?[BO?	46	3fffffffffff
N?AA@?OAEGSOEO?[IC?	46	7fffffffff7f
N?AA@?OAEGSOEO?[HC?	46	7fffffffff7f
N?AA@?OAEGSOEO?[@c?	46	3fffffffffff
N?AA@?OAEGSOEO?[AS?	46	3fffffffffff
N?AA@?OAEGSOEO?[@S?	46	3fffffffffff
N?AA@?OAEGSODOAKL??	46	2ffeffffffefb
N?AA@?OAEGSODOAKJ??	46	3fffffffffff
N?AA@?OAEGSODOAKF??	46	3fffffffffff
N?AA@?OAEGSODOAKDO?	46	37fffbfffeffb
N?AA@?OAEGSODOAKBO?	46	3fffffffffff
N?AA@?OAEGSODOAKHG?	46	37fffbfffeffb
N?AA@?OAEGSODOAKBG?	46	3fffffffffff
N?AA@?OAEGSODOAK@W?	46	3fff7dfffeeff
N?AA@?OAEGSODOAKHC?	46	3fffffffffff
N?AA@?OAEGSODOAKDC?	46	7ffffffeffff
N?AA@?OAEGSODOAK@S?	46	3fffffffffff
N?AA@?OAEGSODOAK@K?	46	3fffffffffff
N?AA@?OAEGSODOAK@Q?	46	3fffffffffff
N?AA@?OAEGSOCoAKJ??	46	3fffffffffff
N?AA@?OAEGSOCoAKF??	46	3fffffffffff
N?AA@?OAEGSOCoAKD_?	46	37fffbfffeffb
N?AA@?OAEGSOCoAKB_?	46	3fffffffffff
N?AA@?OAEGSOCoAKHG?	46	37fffbfffeffb
N?AA@?OAEGSOCoAKBG?	46	3fffffffffff
N?AA@?OAEGSOCoAKHC?	46	3fffffffffff
N?AA@?OAEGSOCoAK@c?	46	3fffffffffff
N?AA@?OAEGSOCoAK@K?	46	3fffffffffff
N?AA@?OAEGSOCoAK@I?	46	3fffffffffff
N?AA@?OAEGSOSGEODA?	46	fffffffdfffd
N?AA@?OAEGSOSGASF??	46	7ffffffffffd
N?AA@?OAEGSOSGASB_?	46	2fffff7ff7ffb
N?AA@?OAEGSOSGASBG?	46	fbffbfffff77c
N?AA@?OAEGSOSGASBC?	46	effefffffeefa
N?AA@?OAEGSOSGASBA?	46	effefffffeefa
N?AA@?OAEGSOKGASJ??	46	7ffffffdffff
N?AA@?OAEGSOKGASB_?	46	7ffffffdffff
N?AA@?OAEGSOEGCSL??	46	7ffffffdffff
N?AA@?OAEGSOEGCSH_?	46	ffffffffc87ff
N?AA@?OAEGSOEGCSD_?	46	7ffffffdffff
N?AA@?OAEGSOEGCS@o?	46	ffffffffd787f
N?AA@?OAEGSOEGCS@g?	46	3fffffffffff
N?AA@?OAEGSOEGCS@W?	46	3fffffffffff
N?AA@?OAEGSOEGCS@S?	46	77ffebfffeffb
N?AA@?OAEGSOEGCS?s?	46	7fbfbffbf7f7f
N?AA@?OAEGSOEGCS?[?	46	3fffffffffff
N?AA@?OAEGSOEGCS?q?	46	7fbfbffbf7f7f
N?AA@?OAEGSODGASJ??	46	2fffff7ff7ffb
N?AA@?OAEGSODGASF??	46	3fffffffffff
N?AA@?OAEGSODGASBO?	46	37ffffbfefffb
N?AA@?OAEGSODGASBG?	46	5fffdeffff7fd
N?AA@?OAEGSOCgASJ??	46	2fffff7ff7ffb
N?AA@?OAEGSOCgASB_?	46	37ffffbfefffb
N?AA@?OAEGSOCgASBG?	46	5fffdeffff7fd
N?AA@?OAEGSOCgASBA?	46	77ffebfffeffb
N?AA@?OAEGSOCWASJ??	46	ffffffff7ffe
N?AA@?OAEGSOCWASB_?	46	7ffffffeffff
N?AA@?OAEGSOCWASBO?	46	7ffffffeffff
N?AA@?OAEGSGM??kI_?	46	fffffffef7ff
N?AA@?OAEGSGM??kBO?	46	3fffffffff87f
N?AA@?OAEGSGM??kIG?	46	fffffffdf7ff
N?AA@?OAEGSGM??kBG?	46	ffffffffc87ff
N?AA@?OAEGSGM??kAW?	46	3fffffffffff
N?AA@?OAEGSGM??k?w?	46	3ffffffff7efc
N?AA@?OAEGSGM??kIC?	46	3fffffffffff
N?AA@?OAEGSGM??kHC?	46	3fffffffffff
N?AA@?OAEGSGM??kGc?	46	ffffffffff7d
N?AA@?OAEGSGM??k@c?	46	3fffffffffff
N?AA@?OAEGSGM??kAS?	46	7bffdffbf7ffd
N?AA@?OAEGSGM??k@S?	46	3bfffffbf7ffd
N?AA@?OAEGSGM??kGK?	46	3fffffffffff
N?AA@?OAEGSGM??kAK?	46	3ffff7dfdf7ff
N?AA@?OAEGSGM??k@K?	46	3ffff7dfdf7ff
N?AA@?OAEGSGM??k?[?	46	3fffffffffff
N?AA@?OAEGSGM??kGE?	46	fffffffffff9
N?AA@?OAEGSGM??kAE?	46	3faeffff75e937d2
N?AA@?OAEGSGM??k?e?	46	7fffffffefff
N?AA@?OAEGSGM??k?U?	46	effefffffeefa
N?AA@?OAEGSGM??k?M?	46	3fffffff0ffff
N?AA@?OAEGSGK_QGBA?	46	7ffffffffffe
N?AA@?OAEGSGK_EGHA?	46	3fffffffef7fa
N?AA@?OAEGSGK_AKJ??	46	7ffffffffffe
N?AA@?OAEGSGK_AKH_?	46	effefffffeefa
N?AA@?OAEGSGK_AKB_?	46	7ffffffffffe
N?AA@?OAEGSGK_AKBO?	46	3fffffffff87f
N?AA@?OAEGSGK_AKHG?	46	2ffeffffffefb
N?AA@?OAEGSGK_AKBG?	46	3ffffffff87ff
N?AA@?OAEGSGK_AK@W?	46	37fffbfffeffb
N?AA@?OAEGSGK_AKHC?	46	3ffffffffe67f
N?AA@?OAEGSGK_AK@c?	46	3fffffffe777f
N?AA@?OAEGSGK_AK@S?	46	7bffdffbf7ffd
N?AA@?OAEGSGK_AK@K?	46	3ffff7dfdf7ff
N?AA@?OAEGSGK_AKHA?	46	3ffffffffe67f
N?AA@?OAEGSGK_AK@Q?	46	7bffdffbf7ffd
N?AA@?OAEGSGK_AK@I?	46	3ffff7dfdf7ff
N?AA@?OAEGSGKGQCBO?	46	fbfffffbe7ff9
N?AA@?OAEGSGKGECHO?	46	3ffdbfe5c7bf06fd
N?AA@?OAEGSGKGAcJ??	46	3bfffffbf7ffd
N?AA@?OAEGSGKGAcB_?	46	7fdeff7ff7eff
N?AA@?OAEGSGKGAcBO?	46	3ffdbf739b7ee87d
N?AA@?OAEGSGKGAcBG?	46	3ffe7fda37bf077b
N?AA@?OAEGSGKGAcBC?	46	3ffe7fda37bf077b
N?AA@?OAEGSGKGAcBA?	46	3ffe7fda37bf077b
N?AA@?OAEGSGEGCcL??	46	7ffffffeffff
N?AA@?OAEGSGEGCcD_?	46	ffffffffc87ff
N?AA@?OAEGSGEGCcDO?	46	3fffffffff87f
N?AA@?OAEGSGEGCcKC?	46	3fffffffffff
N?AA@?OAEGSGEGCcDC?	46	3ffe7fda37bf077b
N?AA@?OAEGSGEGCcCS?	46	3bfffffbf7ffd
N?AA@?OAEGSGEGCcCK?	46	3ffff7dfdf7ff
N?AA@?OAEGSGEGCcKA?	46	3fffffffffff
N?AA@?OAEGSGEGCcCa?	46	3ffff7dfdf7ff
N?AA@?OAEGSGEGCcCI?	46	3ffff7dfdf7ff
N?AA@?OAEGSGEGCcCE?	46	3faeffff75e937d2
N?AA@?OAEGSGDGAcF??	46	fffeff7fd7e7f
N?AA@?OAEGSGCgECL??	46	37fffbfffeffb
N?AA@?OAEGSGCgECD_?	46	3ffe7fda37bf077b
N?AA@?OAEGKGe??kF??	46	fffffffefffe
N?AA@?OAEGKGe??kE_?	46	fffffffef7ff
N?AA@?OAEGKGe??kCo?	46	3fffffffdef7e
N?AA@?OAEGKGe??kEG?	46	fffffffdf7ff
N?AA@?OAEGKGe??kEC?	46	7ffffffff7ff
N?AA@?OAEGKGe??kDC?	46	7ffffffff7ff
N?AA@?OAEGKGe??kCc?	46	3fffffffffff
N?AA@?OAEGKGe??kCK?	46	ffffffffff7e
N?AA@?OAEGKGe??kCE?	46	fffffffdfffe
N?AA@?OAEGKGE_?kU??	46	3fffffffffff
N?AA@?OAEGKGcGAcF??	46	3fffffffdef7e
N?AA@?OAEGKGCgECT??	46	f7fffbfffeefa
N?AA@ACS?cD?Q_`O?F?	46	37ff6fdff9f0fb52
