N????B?kEOE_Ao@oM??	46	ffffffffff74c
N????B?kEOE_Ao@oE_?	46	7ffffffff7ff
N????B?kEOE_Ao@oKO?	46	3fffffffffff
N????B?kEOE_Ao@oEO?	46	3fffffffffff
N????B?kEOE_Ao@oGo?	46	3fffffffffff
N????B?kEOE_Ao@o?w?	46	7ffffffff7ff
N????B?kEOE_Ao@oGS?	46	7ffffffffffd
N????B?kEOD_Co@oM??	46	7ffffffff7ff
N????B?kEOD_Co@oI_?	46	3fffffffffff
N????B?kEOD_Co@oD_?	46	7ffffffff7ff
N????B?kEOD_Co@oKO?	46	3fffffffffff
N????B?kEOD_Co@oEO?	46	3fffffffffff
N????B?kEOD_Co@oGo?	46	3fffffffffff
N????B?kEOD_Co@o?w?	46	7ffffffff7ff
N????B?kEOD_Co@oGc?	46	7ffffffeffff
N????B?kEOCoDOAoM??	46	7fffffffff7f
N????B?kEOCoDOAoIO?	46	3fffffffffff
N????B?kEOCoDOAoEO?	46	3fffffffffff
N????B?kEOCoDOAoGo?	46	3fffffffffff
N????B?kEOCoDOAoCo?	46	3fffffffffff
N????B?kEOCoDOAoGW?	46	3fffffffffff
N????B?kEOCoDOAoGS?	46	7ffffffeffff
N???C@?kEOE_B_?wM??	46	fffffffdfffe
N???C@?kEOE_B_?wE_?	46	fffffffdf7ff
N???C@?kEOE_B_?wKO?	46	3fffffffffff
N???C@?kEOE_B_?wGo?	46	3fffffffffff
N???C@?kEOE_B_?w@o?	46	3fffffffffff
N???C@?kEOE_B_?wDG?	46	3fffffffffff
N???C@?kEOE_B_?w@g?	46	3fffffffffff
N???C@?kEOE_B_?wCW?	46	3fffffffffff
N???C@?kEOE_B_?wEC?	46	7ffffffff7ff
N???C@?kEOE_B_?wHC?	46	7ffffffffffe
N???C@?kEOE_B_?wDC?	46	3fffffffffff
N???C@?kEOE_B_?wCS?	46	3fffffffffff
N???C@?kEOE_B_?w?k?	46	3fffffffffff
N???C@?kEOD_D_?wM??	46	7ffffffdffff
N???C@?kEOD_D_?wKO?	46	3fffffffffff
N???C@?kEOD_D_?wGo?	46	3fffffffffff
N???C@?kEOD_D_?wBG?	46	3fffffffffff
N???C@?kEOD_D_?w@g?	46	3fffffffffff
N???C@?kEOD_D_?wCW?	46	3fffffffffff
N???C@?kEOD_D_?w?w?	46	3fffffffffff
N???C@?kEOD_D_?wEC?	46	3fffffffffff
N???C@?kEOD_D_?wHC?	46	7ffffffff7ff
N???C@?kEOD_D_?wBC?	46	3fffffffffff
N???C@?kEOD_D_?wCS?	46	3fffffffffff
N???C@?kEOD_D_?wAK?	46	7ffffffff7ff
N???C@?kEOD_D_?w?k?	46	3fffffffffff
N???C@?kEOCoD_AWM??	46	7fffffff7fff
N???C@?kEOCoD_AWEC?	46	3fffffffffff
N???C@?kEOCoD_AW?k?	46	7fffffffefff
N???C@?kEOCoB_CWM??	46	7ffffffffffe
N???C@?kEOCoB_CWI_?	46	3fffffffffff
N???C@?kEOCoB_CWEG?	46	7ffffffff7ff
N???C@?kEOCoB_CWDG?	46	3fffffffffff
N???C@?kEOCoB_CWAg?	46	3fffffffffff
N???C@?kEOCoB_CW@g?	46	3fffffffffff
N???C@?kEOCoB_CWHC?	46	7fffffffff7f
N???C@?kEOCoB_CWDC?	46	3fffffffffff
N???C@?kEOCoB_CW?k?	46	3fffffffffff
N???C@?kEOEGB_@gDC?	46	3fffffffffff
N???C@?kEODGD_@gM??	46	7fffffffefff
N???C@?kEODGD_@gK_?	46	3fffffffffff
N???C@?kEODGD_@gEG?	46	fffffbbfce7ff
N???C@?kEODGD_@gHG?	46	fffffbbfce7ff
N???C@?kEODGD_@gDG?	46	fffffbbfce7ff
N???C@?kEODGD_@g@g?	46	3fffffffffff
N???C@?kEODGD_@g?w?	46	3fffffffffff
N???C@?kEODGD_@gEC?	46	3fffffffffff
N???C@?kEODGD_@gHC?	46	7ffffffff7ff
N???C@?kEODGD_@gBC?	46	3fffffffffff
N???C@?kEODGD_@gCc?	46	3fffffffffff
N???C@?kEODGD_@g?s?	46	7ffffffeffff
N???C@?kEODGD_@gGK?	46	7ffffffeffff
N???C@?kEOCgE_@gM??	46	7fffffffefff
N???C@?kEOCgE_@gEG?	46	fffffffdf7ff
N???C@?kEOCgE_@gGg?	46	7ffffffff7ff
N???C@?kEOCgE_@g@g?	46	3fffffffffff
N???C@?kEOCgE_@g@W?	46	3fffffffffff
N???C@?kEOCgE_@g?w?	46	3fffffffffff
N???C@?kEOCgE_@gEC?	46	3fffffffffff
N???C@?kEOCgE_@gHC?	46	7ffffffffeff
N???C@?kEOCgE_@gDC?	46	3fffffffffff
N???C@?kEOCgE_@gAc?	46	3fffffffffff
N???C@?kEOCgE_@gCS?	46	3fffffffffff
N???C@?kEOCgE_@g?s?	46	3fffffffffff
N???C@?kEOCgE_@gAK?	46	3fffffffffff
N???C@?kEOCgD_AgM??	46	7ffffffffeff
N???C@?kEOCgD_AgF??	46	3fffffffffff
N???C@?kEOCgD_AgKO?	46	3fffffffffff
N???C@?kEOCgD_AgGo?	46	3fffffffffff
N???C@?kEOCgD_AgEG?	46	3fffffffef7fa
N???C@?kEOCgD_AgBG?	46	3fffffffffff
N???C@?kEOCgD_AgGg?	46	7ffffffdffff
N???C@?kEOCgD_AgCg?	46	3fffffffdf6fe
N???C@?kEOCgD_Ag@g?	46	3fffffffffff
N???C@?kEOCgD_AgEC?	46	3fffffffffff
N???C@?kEOCgD_Ag@S?	46	fffffffeff7f
N???C@?kEOCgD_AgAK?	46	3fffffffffff
N???C@?kEOCgB_CgM??	46	7ffffffffffe
N???C@?kEOCgB_CgF??	46	3fffffffffff
N???C@?kEOCgB_CgI_?	46	3fffffffffff
N???C@?kEOCgB_CgEO?	46	3fffffffffff
N???C@?kEOCgB_CgGo?	46	3fffffffffff
N???C@?kEOCgB_Cg@o?	46	3fffffffffff
N???C@?kEOCgB_CgBG?	46	3fffffffffff
N???C@?kEOCgB_CgGg?	46	7ffffffeffff
N???C@?kEOCgB_CgCg?	46	fffffffef7ff
N???C@?kEOCgB_CgAW?	46	3fffffffffff
N???C@?kEOCgB_Cg@W?	46	3fffffffffff
N???C@?kEOCgB_CgHC?	46	7ffffffffeff
N???C@?kEOCgB_CgDC?	46	3fffffffffff
N???C@?kEOCgB_CgCS?	46	3fffffffffff
N???C@?kEOCgB_Cg?k?	46	3fffffffffff
N???C@?kEO@gK_@gEO?	46	7ffffffff7ff
N???C@?kEO@gK_@gHG?	46	fffffffdfffd
N???C@?kEO@gK_@g@g?	46	7ffffffff7ff
N???C@?kEO@gK_@gHC?	46	7ffffffffffd
N???C@?kEO@gK_@gDC?	46	3fffffffffff
N???C@?kEO@gK_@gCc?	46	3fffffffffff
N???C@?kEO@gK_@g?s?	46	3fffffffffff
N???C@?kEO@gK_@gGK?	46	7ffffffffffb
N???C@?kEO@gK_@gCK?	46	3fffffffffff
N???C@?kEO@gH_CgF??	46	3fffffffffff
N???C@?kEO@gH_CgGo?	46	3fffffffffff
N???C@?kEO@gH_CgHG?	46	fffffffeff7f
N???C@?kEO@gH_CgAW?	46	3fffffffffff
N???C@?kEO@gH_Cg@W?	46	3fffffffffff
N???C@?kEO@gH_CgEC?	46	7fffffffefff
N???C@?kEO@gH_CgHC?	46	7fffffffff7f
N???C@?kEO@gH_CgDC?	46	3fffffffffff
N???C@?kEO?wM?@gM??	46	ffffffff0e7ff
N???C@?kEO?wM?@gF??	46	ffffffff0e7ff
N???C@?kEO?wM?@gGg?	46	7ffffffffffe
N???C@?kEO?wM?@g@g?	46	3fffffffffff
N???C@?kEO?wM?@g?w?	46	7ffffffff7ff
N???C@?kEO?wM?@gHC?	46	7ffffffdffff
N???C@?kEO?wM?@gCc?	46	3fffffffffff
N???C@?kEO?wL?AgM??	46	fffffffff6ff
N???C@?kEO?wL?AgE_?	46	3ffffffffe7f9
N???C@?kEO?wL?AgKO?	46	3fffffffffff
N???C@?kEO?wL?AgDG?	46	3fffffffffff
N???C@?kEO?wL?Ag@g?	46	3fffffffffff
N???C@?kEO?wL?AgGW?	46	7ffffffffffd
N???C@?kEO?wL?Ag@S?	46	ffffffff77ff
N???C@?kEO?wL?AgGK?	46	7ffffffffffd
N???C@?kEO?wJ?CgI_?	46	3fffffffffff
N???C@?kEO?wJ?CgEO?	46	3fffffffffff
N???C@?kEO?wJ?CgBG?	46	3fffffffffff
N???C@?kEO?wJ?CgGg?	46	7ffffffeffff
N???C@?kEO?wJ?CgGW?	46	7fffffffff7f
N???C@?kEO?wJ?Cg@W?	46	3fffffffffff
N???C@?kEO?wJ?CgCS?	46	3fffffffffff
N???C@?kEO?wH_EGF??	46	7ffffffff7ff
N???C@?kEO?wH_EGI_?	46	3fffffffffff
N???C@?kEO?wH_EGGg?	46	7fffffffefff
N???C@?kEO?wH_EG@g?	46	3fffffffffff
N???C@?kEO?wH_EG?w?	46	3fffffffd77fd
N???C@?kEO?wH_EGBC?	46	fffffbbfce7ff
N???C@?kEO?wH_EGGK?	46	7fffffff7fff
N???C@?kEO?wB_KGF??	46	7ffffffff7ff
N???C@?kEO?wB_KGK_?	46	3fffffffffff
N???C@?kEO?wB_KGE_?	46	3fffffffffff
N???C@?kEO?wB_KGGg?	46	7ffffffffffb
N???C@?kEO?wB_KG?w?	46	ffffffff0e7ff
N???C@?kEO?wB_KGHC?	46	7ffffffdffff
N???C@?kEAF?B_@gF??	46	ffffffff0e7ff
N???C@?kEAF?B_@g@o?	46	ffffffff0e7ff
N???C@?kEAF?B_@gEG?	46	fffffbbfce7ff
N???C@?kEAF?B_@gCg?	46	3fffffffffff
N???C@?kEAF?B_@g@g?	46	3fffffffffff
N???C@?kEAD_E_@gM??	46	7fffffffefff
N???C@?kEAD_E_@gI_?	46	3fffffffffff
N???C@?kEAD_E_@gGo?	46	7ffffffffffd
N???C@?kEAD_E_@gAg?	46	3fffffffffff
N???C@?kEAD_E_@g@g?	46	3fffffffffff
N???C@?kEAD_E_@gEC?	46	3fffffffffff
N???C@?kEAD_E_@g?s?	46	ffffffffe7ff
N???C@?kEAD_B_CgM??	46	7ffffffffffe
N???C@?kEAD_B_CgEG?	46	7ffffffff7ff
N???C@?kEAD_B_CgBG?	46	3fffffffffff
N???C@?kEAD_B_Cg@W?	46	3fffffffffff
N???C@?kEAD_B_CgCS?	46	3fffffffffff
N???C@?kE@DGD_B_J??	46	3fffffffffff
N???C@?kE@DGD_B_K_?	46	3fffffffffff
N???C@?kE@DGD_B_HG?	46	7ffffffff7ff
N???C@?kE@DGD_B_HC?	46	7ffffffff7ff
N???C@?kE@DGD_B_Gc?	46	7ffffffffeff
N???C@?kE@@gK_B_L??	46	3fffffffffff
N???C@?kE@@gK_B_HG?	46	7ffffffffffd
N???C@?kE@@gK_B_HC?	46	7ffffffffffd
N???C@?kE@@gK_B_GS?	46	7ffffffdffff
N???C@?kE@@gI_D_J??	46	3fffffffffff
N???C@?kE@@gI_D_H_?	46	3fffffffffff
N???C@?kE@@gI_D_HC?	46	7ffffffff7ff
N???C@?MDGK_E_?wR??	46	fffffffdf7ff
N???C@?MDGK_E_?wW_?	46	fffffffdfffe
N???C@?MDGK_E_?wQ_?	46	fffffffdf7ff
N???C@?MDGK_E_?wWO?	46	3fffffffffff
N???C@?MDGK_E_?wIG?	46	3fffffffffff
N???C@?MDGK_E_?wGg?	46	7ffffffff7ff
N???C@?MDGK_E_?wOW?	46	3fffffffffff
N???C@?MDGK_E_?wGW?	46	3fffffffffff
N???C@?MDGK_E_?w?w?	46	3fffffffffff
N???C@?MDGK_E_?wAK?	46	3fffffffffff
N???C@?MDGK_E_?w?k?	46	7ffffffdffff
N???C@?MDGK_E_?w?[?	46	7ffffffffffb
N???C@?MDGK_CoAgW_?	46	ffffffffef7f
N???C@?MDGK_CoAgQ_?	46	ffffffffe7ff
N???C@?MDGK_CoAgI_?	46	7fffffffefff
N???C@?MDGK_CoAgWO?	46	3fffffffffff
N???C@?MDGK_CoAgIG?	46	7ffffffeffff
N???C@?MDGK_CoAgGg?	46	7ffffffdffff
N???C@?MDGK_CoAgGW?	46	3fffffffffff
N???C@?MDGK_CoAg?k?	46	3fffffffffff
N???C@?MDGK_CoAg?[?	46	3fffffffffff
N???C@?MDGKOF??wJ??	46	fffffffdefff
N???C@?MDGKOF??wW_?	46	7ffffffdffff
N???C@?MDGKOF??wWO?	46	7ffffffffffe
N???C@?MDGKOF??wBO?	46	3fffffffffff
N???C@?MDGKOF??wBG?	46	7ffffffeffff
N???C@?MDGKOF??wGW?	46	7ffffffff7ff
N???C@?MDGKOF??wAW?	46	3fffffffffff
N???C@?MDGKOF??w?w?	46	3fffffffffff
N???C@?MDGKOF??wQC?	46	3fffffffffff
N???C@?MDGKOF??wOc?	46	3fffffffffff
N???C@?MDGKOF??wGc?	46	3fffffffffff
N???C@?MDGKOF??wGS?	46	7ffffffff7ff
N???C@?MDGKOF??w?s?	46	3fffffffffff
N???C@?MDGKOF??wOK?	46	7ffffffff7ff
N???C@?MDGKOF??wAK?	46	3fffffffffff
N???C@?MDGKOF??w?k?	46	3fffffffffff
N???C@?MDGKOF??w?[?	46	7ffffffdffff
N???C@?MDGKOD_AWR??	46	3fffffffffff
N???C@?MDGKOD_AWW_?	46	7ffffffeffff
N???C@?MDGKOD_AWP_?	46	3fffffffffff
N???C@?MDGKOD_AWOo?	46	fffffffdf7ff
N???C@?MDGKOD_AWIG?	46	3fffffffffff
N???C@?MDGKOD_AWHG?	46	7ffffffff7ff
N???C@?MDGKOD_AWGg?	46	3fffffffffff
N???C@?MDGKOD_AWOW?	46	3fffffffffff
N???C@?MDGKOD_AWGW?	46	3fffffffffff
N???C@?MDGKOD_AW@W?	46	3fffffffffff
N???C@?MDGKOD_AWOK?	46	7ffffffeffff
N???C@?MDGKOD_AWAK?	46	3fffffffffff
N???C@?MDGKOD_AW@K?	46	7ffffffdffff
N???C@?MDGKOD_AW?k?	46	3fffffffffff
N???C@?MDGKOEO@gJ??	46	7fffffffefff
N???C@?MDGKOEO@gW_?	46	7ffffffffffd
N???C@?MDGKOEO@gWO?	46	7ffffffffffd
N???C@?MDGKOEO@gGg?	46	3fffffffffff
N???C@?MDGKOEO@gGW?	46	3fffffffffff
N???C@?MDGKOEO@gQC?	46	3fffffffffff
N???C@?MDGKOEO@gOc?	46	7fffffffefff
N???C@?MDGKOEO@gAc?	46	3fffffffffff
N???C@?MDGKOEO@gGS?	46	ffffffff0e7ff
N???C@?MDGKOEO@gGK?	46	3fffffffffff
N???C@?MDGKOEO@g?k?	46	3fffffffffff
N???C@?MDGKODOAgW_?	46	7fffffffefff
N???C@?MDGKODOAgIG?	46	7ffffffeffff
N???C@?MDGKODOAgHG?	46	3fffffffffff
N???C@?MDGKODOAgBG?	46	7ffffffeffff
N???C@?MDGKODOAgOg?	46	3fffffffd77fd
N???C@?MDGKODOAgOW?	46	3fffffffffff
N???C@?MDGKODOAgGW?	46	3fffffffffff
N???C@?MDGKOCoBGW_?	46	7fffffffff7f
N???C@?MDGKOCoBGHG?	46	3fffffffffff
N???C@?MDGKOCoBGGg?	46	3fffffffffff
N???C@?MDGKOCoBGGW?	46	7ffffffdffff
N???C@?MDGKOCoBG?k?	46	3fffffffffff
N???C@?MDGKGE_@gR??	46	ffffffffe7ff
N???C@?MDGKGE_@gJ??	46	7fffffffefff
N???C@?MDGKGE_@gW_?	46	7ffffffffffe
N???C@?MDGKGE_@gI_?	46	3fffffffffff
N???C@?MDGKGE_@gGo?	46	3fffffffffff
N???C@?MDGKGE_@gIG?	46	7ffffffdffff
N???C@?MDGKGE_@gBG?	46	fffffffdff7f
N???C@?MDGKGE_@gGW?	46	3fffffffffff
N???C@?MDGKGE_@g?w?	46	3fffffffffff
N???C@?MDGKGE_@gQC?	46	3fffffffffff
N???C@?MDGKGE_@gIC?	46	3fffffffffff
N???C@?MDGKGE_@gBC?	46	3fffffffffff
N???C@?MDGKGE_@gOc?	46	7ffffffff7ff
N???C@?MDGKGE_@gAc?	46	3fffffffffff
N???C@?MDGKGE_@gOS?	46	3fffffffffff
N???C@?MDGKGE_@gGS?	46	3fffffffffff
N???C@?MDGKGE_@gAK?	46	3fffffffffff
N???C@?MDGKGE_@g?[?	46	3fffffffffff
N???C@?MDGKGD_AgR??	46	3fffffffffff
N???C@?MDGKGD_AgW_?	46	7fffffffefff
N???C@?MDGKGD_AgH_?	46	3fffffffffff
N???C@?MDGKGD_AgWO?	46	3fffffffffff
N???C@?MDGKGD_AgOo?	46	3fffffffffff
N???C@?MDGKGD_AgGo?	46	3fffffffffff
N???C@?MDGKGD_AgAo?	46	3fffffffffff
N???C@?MDGKGD_AgHG?	46	7ffffffff7ff
N???C@?MDGKGD_AgGg?	46	7ffffffdffff
N???C@?MDGKGD_AgOW?	46	3fffffffffff
N???C@?MDGKGD_AgGW?	46	3fffffffffff
N???C@?MDGKGD_Ag@W?	46	3fffffffffff
N???C@?MDGKGD_AgQC?	46	3fffffffffff
N???C@?MDGKGD_AgIC?	46	3fffffffffff
N???C@?MDGKGD_AgPC?	46	7ffffffff7ff
N???C@?MDGKGD_AgBC?	46	3fffffffffff
N???C@?MDGKGD_AgOc?	46	3fffffffffff
N???C@?MDGKGD_AgOS?	46	3fffffffffff
N???C@?MDGKGD_AgGS?	46	3fffffffffff
N???C@?MDGKGD_Ag@S?	46	3fffffffffff
N???C@?MDGKGD_AgAK?	46	3fffffffffff
N???C@?MDGKGD_Ag@K?	46	7ffffffdffff
N???C@?MDGKGD_Ag?[?	46	3fffffffffff
N???C@?MDGCgS_AgY??	46	7ffffffffeff
N???C@?MDGCgS_AgR??	46	7ffffffffeff
N???C@?MDGCgS_AgW_?	46	ffffffffeffd
N???C@?MDGCgS_AgWO?	46	7ffffffffffb
N???C@?MDGCgE_OgY??	46	3fffffffffff
N???C@?MDGCgE_OgW_?	46	fffdf7ffff77c
N???C@?MDGCgE_OgWO?	46	7ffffffffffb
N???C@?MDGCgE_OgWC?	46	7ffffffffffd
N???C@?MDGCWU?@gR??	46	ffffffffe7ff
N???C@?MDGCWU?@gW_?	46	3fffffffffff
N???C@?MDGCWU?@gQC?	46	3fffffffffff
N???C@?MDGCWU?@gBC?	46	7ffffffff7ff
N???C@?MDGCWU?@gOc?	46	7ffffffffffe
N???C@?MDGCWU?@gAc?	46	3fffffffffff
N???C@?MDGCWT?AgR??	46	3fffffffffff
N???C@?MDGCWT?AgW_?	46	7fffffffefff
N???C@?MDGCWT?AgIG?	46	7ffffffeffff
N???C@?MDGCWT?AgHG?	46	3fffffffffff
N???C@?MDGCWT?AgGW?	46	3fffffffffff
N???C@?MDGCWT?AgGc?	46	3fffffffffff
N???C@?MDGCWF?OgY??	46	3fffffffffff
N???C@?MDGCWF?OgJ??	46	3fffffffffff
N???C@?MDGCWF?OgW_?	46	3fffffffffff
N???C@?MDGCWF?OgIO?	46	3fffffffffff
N???C@?MDGCWF?OgIG?	46	3fffffffffff
N???C@?MDGCWF?OgGW?	46	7ffffffff7ff
N???C@?MDGCWF?OgWC?	46	7ffffffffffe
N???C@?MDGCWF?OgGc?	46	3fffffffffff
N???C@?MDGCWD_QGX??	46	7ffffffffffe
N???C@?MDGCWD_QGW_?	46	3fffffffffff
N???C@?MDGCWD_QGWC?	46	7fffffffff7f
N???C@?MDGCWD_QGGc?	46	3fffffffffff
N???C@?MDGKCE_@oJ??	46	3ffffffffe7f9
N???C@?MDGKCE_@oW_?	46	7ffffffffffe
N???C@?MDGKCE_@oGW?	46	3fffffffffff
N???C@?MDGKCE_@oWC?	46	fffffffdfffd
N???C@?MDGKCD_AoW_?	46	7ffffffff7ff
N???C@?MDGKCD_AoWO?	46	3fffffffffff
N???C@?MDGKCD_AoGo?	46	3fffffffffff
N???C@?MDGKCD_AoIG?	46	3fffffffffff
N???C@?MDGKCD_AoHG?	46	7ffffffff7ff
N???C@?MDGKCD_AoGW?	46	3fffffffffff
N???C@?MDGKCD_AoWC?	46	fffffffeff7f
N???C@?MDGKCD_AoHC?	46	7ffffffff7ff
N???C@?MDGKCD_AoGc?	46	fffffffdf7ff
N???CB?KD_L?B_@oI_?	46	3fffffffffff
N???CB?KD_L?B_@oHC?	46	7ffffffff7ff
N???CB?KD_HAB_@o@o?	46	7fffffff7fff
N???CB?KD_HAB_@oHC?	46	7ffffffdffff
N???CB?K@WM?E_@oOc?	46	3fffffffffff
N???CB?K@WM?E_@oOK?	46	7fffffffff7f
N???CB?K@WM?E_@o@a?	46	2ffdeff7fe70fccc
N???CB?K@WM?E_@oGI?	46	3fffffffffff
N???CB?K@WM?E_@oOE?	46	7ffffffdffff
N???CB?K@WM?OoB_AK?	46	7ffffffff7ff
N???CB?K@WM?OoB_?[?	46	7fffffffff7f
N???CB?K@WM?OoB_OI?	46	7ffffffff7ff
N???CB?K@WM?OoB_AI?	46	7ffffffff7ff
N???CB?K@WM?OoB_?M?	46	7ffffffdffff
N???CB?K@WM?CoB_PC?	46	3fffffffffff
N???CB?K@WM?CoB_OS?	46	3fffffffffff
N???CB?K@WM?CoB_OK?	46	7ffffffff7ff
N???CB?K@WM?CoB_@K?	46	3fffffffffff
N???CB?K@WM?CoB_@a?	46	2ffdeff7fe70fccc
N???CB?K@WM?CoB_OI?	46	7ffffffff7ff
N???CB?K@WM?CoB_OE?	46	7ffffffff7ff
N???CB?K@WM??sB_R??	46	3fffffffffff
N???CB?K@WM??sB_B_?	46	2ffdeff7fe70fccc
N???CB?K@WM??sB_QO?	46	3fffffffffff
N???CB?K@WM??sB_WG?	46	7ffffffff7ff
N???CB?K@WM??sB_QG?	46	7ffffffff7ff
N???CB?K@WM??sB_QC?	46	7ffffffff7ff
N???CB?K@WM??sB_PC?	46	3fffffffffff
N???CB?K@WM??sB_OS?	46	3fffffffffff
N???CB?K@WM??sB_AS?	46	3fffffffffff
N???CB?K@WM??sB_GK?	46	7ffffffdffff
N???CB?K@WL?S_@oQ_?	46	3fffffffffff
N???CB?K@WL?S_@oBO?	46	3ffff7dfdf7ff
N???CB?K@WL?S_@oQG?	46	3fffffffffff
N???CB?K@WL?S_@oPG?	46	3fffffffffff
N???CB?K@WL?S_@oQC?	46	7ffffffff7ff
N???CB?K@WL?S_@o@S?	46	3fffffffffff
N???CB?K@WL?S_@oOK?	46	3fffffffffff
N???CB?K@WL?S_@oAK?	46	3fffffffffff
N???CB?K@WL?S_@o@K?	46	3fffffffffff
N???CB?K@WL?S_@o?[?	46	3fffffffffff
N???CB?K@WL?S_@oAQ?	46	3fffffff0ffff
N???CB?K@WL?S_@oOI?	46	3fffffffffff
N???CB?K@WL?S_@o?M?	46	3fffffffffff
N???CB?K@WL?E_@oWO?	46	3fffffffffff
N???CB?K@WL?E_@oWG?	46	7ffffffff7ff
N???CB?K@WL?E_@oOg?	46	3fffffffffff
N???CB?K@WL?E_@oAg?	46	3ffffffffffd2
N???CB?K@WL?E_@o?w?	46	3ffffffffffd2
N???CB?K@WL?E_@oQC?	46	7ffffffff7ff
N???CB?K@WL?E_@oOc?	46	3fffffffffff
N???CB?K@WL?E_@oOS?	46	3fffffffffff
N???CB?K@WL?E_@oGS?	46	3fffffffffff
N???CB?K@WL?E_@o?s?	46	3fffffffffff
N???CB?K@WL?E_@oGK?	46	7fffffffff7f
N???CB?K@WL?E_@oWA?	46	7ffffffff7ff
N???CB?K@WL?E_@oAa?	46	2ffdeff7fe70fccc
N???CB?K@WL?P_CoB_?	46	3ffff7dfdf7ff
N???CB?K@WL?P_Co@o?	46	3ffff7dfdf7ff
N???CB?K@WL?P_CoQG?	46	7ffffffdffff
N???CB?K@WL?P_CoPG?	46	3fffffffffff
N???CB?K@WL?P_CoAW?	46	3fffffffffff
N???CB?K@WL?P_CoQC?	46	3fffffffffff
N???CB?K@WL?P_CoBC?	46	3fffffffffff
N???CB?K@WL?P_CoOK?	46	3fffffffffff
N???CB?K@WL?P_CoAK?	46	3fffffffffff
N???CB?K@WL?P_Co@K?	46	3fffffffffff
N???CB?K@WL?P_CoBA?	46	3fffffff0ffff
N???CB?K@WL?P_CoOI?	46	3fffffffffff
N???CB?K@WL?P_CoOE?	46	7fffffff7fff
N???CB?K@WL?P_Co?M?	46	3fffffffffff
N???CB?K@WL?D_CoWG?	46	3fffffffffff
N???CB?K@WL?D_CoPC?	46	3fffffffffff
N???CB?K@WL?D_CoOc?	46	3fffffffffff
N???CB?K@WL?D_CoWA?	46	3fffffffffff
N???CB?K@WL?D_CoOE?	46	3fffffffffff
N???CB?K@WL?B_CoY??	46	3fffffffffff
N???CB?K@WL?B_CoAo?	46	3faeffff75e937d2
N???CB?K@WL?B_CoWG?	46	fffffffff77f
N???CB?K@WL?B_CoOg?	46	3fffffffffff
N???CB?K@WL?B_CoGg?	46	3fffffffffff
N???CB?K@WL?B_CoAg?	46	3ffffffffffd2
N???CB?K@WL?B_Co?w?	46	3ffffffffffd2
N???CB?K@WL?B_CoQC?	46	3fffffffffff
N???CB?K@WL?B_CoIC?	46	3fffffffffff
N???CB?K@WL?B_CoOc?	46	fffffffff77f
N???CB?K@WL?B_CoGK?	46	ffffffffff7d
N???CB?K@WL?B_CoWA?	46	7fffffffff7f
N???CB?K@WL?B_Co?i?	46	3ffffffffffcc
N???CB?K@WL?OoD_BG?	46	3fffffffffff
N???CB?K@WL?OoD_@g?	46	3fffffffffff
N???CB?K@WL?OoD_QC?	46	3fffffffffff
N???CB?K@WL?OoD_BC?	46	3fffffffffff
N???CB?K@WL?OoD_AK?	46	3fffffffffff
N???CB?K@WL?OoD_?[?	46	ffffffffff7d
N???CB?K@WL?OoD_BA?	46	3fffffff0ffff
N???CB?K@WL?AoD_Y??	46	3fffffffffff
N???CB?K@WL?AoD_IO?	46	3ffff7dfdf7ff
N???CB?K@WL?AoD_Og?	46	3fffffffffff
N???CB?K@WL?AoD_Ag?	46	3ffffffffffd2
N???CB?K@WL?AoD_GW?	46	3fffffffffff
N???CB?K@WL?AoD_QC?	46	3fffffffffff
N???CB?K@WL?AoD_IC?	46	3fffffffffff
N???CB?K@WL?AoD_Oc?	46	3fffffffffff
N???CB?K@WL?AoD_GS?	46	3fffffffffff
N???CB?K@WL?AoD_?s?	46	3fffffffffff
N???CB?K@WL?AoD_GK?	46	fffffffff77f
N???CB?K@WL?AoD_Aa?	46	2ffdeff7fe70fccc
N???CB?K@WL?AoD_?i?	46	3ffffffffffcc
N???CB?K@WL?@oD_WG?	46	3fffffffffff
N???CB?K@WL?@oD_PG?	46	3fffffffffff
N???CB?K@WL?@oD_QC?	46	3fffffffffff
N???CB?K@WL?@oD_PC?	46	3fffffffffff
N???CB?K@WL?@oD_OS?	46	3fffffffffff
N???CB?K@WL?@oD_@S?	46	3fffffffffff
N???CB?K@WL?@oD_BA?	46	2ffdeff7fe70fccc
N???CB?K@WL?@oD_OE?	46	3fffffffffff
N???CB?K@WL?@oD_?M?	46	3fffffffffff
N???CB?K@WL?@oCoY??	46	3fffffffffff
N???CB?K@WL?@oCoX??	46	3fffffffffff
N???CB?K@WL?@oCoW_?	46	3fffffffffff
N???CB?K@WL?@oCoP_?	46	3fffffffffff
N???CB?K@WL?@oCoB_?	46	3ffffffffffd2
N???CB?K@WL?@oCoWO?	46	3fffffffffff
N???CB?K@WL?@oCoIO?	46	3fffffffffff
N???CB?K@WL?@oCoAo?	46	3ffffffffffd2
N???CB?K@WL?@oCoQC?	46	3fffffffffff
N???CB?K@WL?@oCoIC?	46	3fffffffffff
N???CB?K@WL?@oCoHC?	46	fffffffffe7f
N???CB?K@WL?@oCoWA?	46	3fffffffffff
N???CB?K@WL?@oCoOE?	46	3fffffffffff
N???CB?K@WL??sD_Y??	46	3fffffffffff
N???CB?K@WL??sD_R??	46	3fffffffffff
N???CB?K@WL??sD_B_?	46	2ffdeff7fe70fccc
N???CB?K@WL??sD_QC?	46	3fffffffffff
N???CB?K@WL??sD_Oc?	46	3fffffffffff
N???CB?K@WL??sD_OS?	46	3fffffffffff
N???CB?K@WL??sD_AS?	46	3fffffffffff
N???CB?K@WL??sD_GK?	46	7ffffffeffff
N???CB?K@WL??sD_AK?	46	3fffffffffff
N???CB?K@WF?o_@oJ??	46	fffffffff7fe
N???CB?K@WF?o_@oI_?	46	7ffffffff7ff
N???CB?K@WF?o_@oH_?	46	7ffffffff7ff
N???CB?K@WF?o_@oIO?	46	3fffffffffff
N???CB?K@WF?o_@oHO?	46	3fffffffffff
N???CB?K@WF?o_@oIG?	46	3fffffffffff
N???CB?K@WF?o_@oHG?	46	3fffffffffff
N???CB?K@WF?o_@oAW?	46	3fffffffffff
N???CB?K@WF?o_@oIA?	46	fffffffdf7ff
N???CB?K@WF?o_@oGa?	46	7ffffffdffff
N???CB?K@WF?o_@oGQ?	46	3fffffffffff
N???CB?K@WF?o_@oAQ?	46	3fffffffffff
N???CB?K@WF?o_@oGI?	46	3fffffffffff
N???CB?K@WF?S_@oWG?	46	7ffffffff7ff
N???CB?K@WF?S_@oWC?	46	7ffffffff7ff
N???CB?K@WF?S_@oPC?	46	7ffffffff7ff
N???CB?K@WF?S_@oOc?	46	7fffffffff7f
N???CB?K@WF?S_@oOS?	46	3fffffffffff
N???CB?K@WF?S_@oOK?	46	7fffffffff7f
N???CB?K@WF?S_@oGK?	46	7fffffffff7f
N???CB?K@WF?S_@oPA?	46	7ffffffff7ff
N???CB?K@WF?S_@oOE?	46	7ffffffdffff
N???CB?K@WF?S_@o?M?	46	3fffffffffff
N???CB?K@WF?Q_@oY??	46	7ffffffffffe
N???CB?K@WF?Q_@oWG?	46	7ffffffff7ff
N???CB?K@WF?Q_@oQC?	46	7ffffffff7ff
N???CB?K@WF?Q_@oOc?	46	7fffffffff7f
N???CB?K@WF?Q_@oOS?	46	3fffffffffff
N???CB?K@WF?Q_@oOK?	46	7fffffffff7f
N???CB?K@WF?Q_@o?k?	46	7ffffffffffd
N???CB?K@WF?Q_@oQA?	46	7ffffffff7ff
N???CB?K@WF?Q_@oOE?	46	7ffffffdffff
N???CB?K@WF?D_OoPC?	46	7fffffffff7f
N???CB?K@WF?D_OoOc?	46	7fffffffff7f
N???CB?K@WF?D_OoOE?	46	7fffffff7fff
N???CB?K@WF?B_OoGo?	46	3ffff7dfdf7ff
N???CB?K@WF?B_OoQC?	46	7fffffffff7f
N???CB?K@WF?B_OoOc?	46	7fffffffff7f
N???CB?K@WF?B_OoOE?	46	7fffffff7fff
N???CB?K@WF?Oc@oR??	46	7ffffffff7ff
N???CB?K@WF?Oc@oQO?	46	3fffffffffff
N???CB?K@WF?Oc@oWG?	46	7ffffffdffff
N???CB?K@WF?Oc@oQC?	46	7ffffffdffff
N???CB?K@WF?Oc@oOc?	46	7fffffff7fff
N???CB?K@WF?Oc@oOS?	46	3fffffffffff
N???CB?K@WF?Oc@oAK?	46	3fffffffffff
N???CB?K@WF?@cOoQC?	46	7fffffff7fff
N???CB?K@WF?@cOoOc?	46	7fffffff7fff
N???CB?K@WD_o_CoH_?	46	fffffffff7fe
N???CB?K@WD_Q_CoQ_?	46	3fffffffffff
N???CB?K@WD_Q_CoAo?	46	3faeffff75e937d2
N???CB?K@WD_Q_Co?w?	46	3ffffffffffd2
N???CB?K@WD_Q_CoQC?	46	ffffffffff7e
N???CB?K@WD_Q_CoOc?	46	fffffffff77f
N???CB?K@WD_Q_CoGc?	46	3ffffffffe67f
N???CB?K@WD_Q_CoOE?	46	fffffffeff7f
N???CB?K@WD_E_OoGg?	46	3fffffffffff
N???CB?K@WD_E_OoOc?	46	7fffffffff7f
N???CB?K@WD_E_OoOE?	46	ffffffff77ff
N???CB?K@WD_OoS_@g?	46	3fffffffffff
N???CB?K@WB_Q_OoEO?	46	3ffff7dfdf7ff
N???CB?K@WB_Q_OoCc?	46	3fffffffffff
N???CB?K@WB_Q_@o[??	46	3fffffffffff
N???CB?K@WB_Q_@oU??	46	3fffffffffff
N???CB?K@WB_Q_@oM??	46	3ffff7dfdf7ff
N???CB?K@WB_Q_@oEO?	46	3faeffff75e937d2
N???CB?K@WB_Q_@oWG?	46	3ffffffffffcc
N???CB?K@WB_Q_@oSG?	46	3fffffffffff
N???CB?K@WB_Q_@oSC?	46	3fffffffffff
N???CB?K@WB_Q_@oOS?	46	1ffffffffb7fe
N???CB?K@WB_Q_@oSA?	46	3fffffffffff
N???CB?K@WB_Q_@oOE?	46	3fffffffffff
N???CB?K@WB_Q_?wU??	46	7fffffffff7f
N???CB?K@WB_Q_?wS_?	46	7fffffffff7f
N???CB?K@WB_Q_?wSA?	46	7fffffff7fff
N???CB?K@WB_Q_?sWG?	46	7ffffffffffe
N???CB?K@WB_Q_?sGW?	46	7ffffffff7ff
N???CB?K@WB_Q_?sSC?	46	3fffffffffff
N???CB?K@WB_Q_?sOc?	46	3fffffffffff
N???CB?K@WB_Q_?sOS?	46	7ffffffff7ff
N???CB?K@WB_Q_?sGK?	46	7ffffffff7ff
N???CB?K@WKOU?@oQ_?	46	3fffffffffff
N???CB?K@WKOU?@oB_?	46	3ffff7dfdf7ff
N???CB?K@WKOU?@oBO?	46	3ffff7dfdf7ff
N???CB?K@WKOU?@oAo?	46	3ffff7dfdf7ff
N???CB?K@WKOU?@oQG?	46	3fffffffffff
N???CB?K@WKOU?@oPG?	46	3fffffffffff
N???CB?K@WKOU?@o?w?	46	3fffffffffff
N???CB?K@WKOU?@oQC?	46	7ffffffff7ff
N???CB?K@WKOU?@oPC?	46	7ffffffff7ff
N???CB?K@WKOU?@oOK?	46	3fffffffffff
N???CB?K@WKOU?@oAK?	46	3fffffffffff
N???CB?K@WKOU?@o?[?	46	3fffffffffff
N???CB?K@WKOU?@oAQ?	46	3fffffff0ffff
N???CB?K@WKOU?@oOI?	46	3fffffffffff
N???CB?K@WKOU?@oOE?	46	7ffffffdffff
N???CB?K@WKOU?@o?M?	46	3fffffffffff
N???CB?K@WKOF?CoPC?	46	3fffffffffff
N???CB?K@WKOF?CoOE?	46	3fffffffffff
N???CB?K@WKOS_BOR??	46	3fffffffffff
N???CB?K@WKOS_BOB_?	46	3ffff7dfdf7ff
N???CB?K@WKOS_BOBO?	46	3ffff7dfdf7ff
N???CB?K@WKOS_BOQG?	46	3fffffffffff
N???CB?K@WKOS_BOOW?	46	3fffffffffff
N???CB?K@WKOS_BOAW?	46	3fffffffffff
N???CB?K@WKOS_BO@c?	46	3fffffffffff
N???CB?K@WKOS_BO@S?	46	3fffffffffff
N???CB?K@WKOS_BOOK?	46	3fffffffffff
N???CB?K@WKOS_BO?[?	46	3fffffffffff
N???CB?K@WKOS_BOOI?	46	3fffffffffff
N???CB?K@WKOS_BOOE?	46	7fffffffefff
N???CB?K@WKOS_BO?M?	46	3fffffffffff
N???CB?K@WKOE_DOWG?	46	3fffffffffff
N???CB?K@WKOE_DOPC?	46	3fffffffffff
N???CB?K@WKOE_DOOc?	46	3fffffffffff
N???CB?K@WKOE_DO@a?	46	2ffdeff7fe70fccc
N???CB?K@WKOE_DOOE?	46	3fffffffffff
N???CB?K@WKOB_EOAo?	46	3faeffff75e937d2
N???CB?K@WKOB_EOWG?	46	3fffffffffff
N???CB?K@WKOB_EO?w?	46	3ffffffffffd2
N???CB?K@WKOB_EOQC?	46	3fffffffffff
N???CB?K@WKOB_EOOc?	46	3fffffffffff
N???CB?K@WKOB_EOAc?	46	3fffffffffff
N???CB?K@WKOB_EOOK?	46	3fffffffffff
N???CB?K@WKOB_EO?k?	46	3fffffffffff
N???CB?K@WKOB_EOOE?	46	3fffffffffff
N???CB?K@WKOB_EO?e?	46	3fffffffffff
N???CB?K@WKOB_EO?M?	46	3fffffffffff
N???CB?K@WKOB_CoB_?	46	3faeffff75e937d2
N???CB?K@WKOB_CoWG?	46	3fffffffffff
N???CB?K@WKOB_CoIG?	46	3fffffffffff
N???CB?K@WKOB_CoQC?	46	3fffffffffff
N???CB?K@WKOB_CoOK?	46	3fffffffffff
N???CB?K@WKOB_CoGK?	46	3fffffffffff
N???CB?K@WKOB_CoWA?	46	3fffffffffff
N???CB?K@WKOB_CoOE?	46	3fffffffffff
N???CB?K@WKOB_Co?M?	46	3fffffffffff
N???CB?K@WKOSOB_R??	46	3fffffffffff
N???CB?K@WKOSOB_@o?	46	3ffff7dfdf7ff
N???CB?K@WKOSOB_PG?	46	3fffffffffff
N???CB?K@WKOSOB_OW?	46	3fffffffffff
N???CB?K@WKOSOB_QC?	46	7ffffffffffe
N???CB?K@WKOSOB_OK?	46	7ffffffff7ff
N???CB?K@WKOSOB_AK?	46	7ffffffff7ff
N???CB?K@WKOSOB_?[?	46	3fffffffffff
N???CB?K@WKOSOB_OI?	46	7ffffffff7ff
N???CB?K@WKOSOB_?Y?	46	3fffffffffff
N???CB?K@WKOSOB_OE?	46	7ffffffff7ff
N???CB?K@WKOSOB_AE?	46	7ffffffff7ff
N???CB?K@WKOSOB_?M?	46	7ffffffdffff
N???CB?K@WKOQOD_Ao?	46	3ffff7dfdf7ff
N???CB?K@WKOQOD_QC?	46	3fffffffffff
N???CB?K@WKOQOD_@c?	46	3fffffffffff
N???CB?K@WKOQOD_?s?	46	3fffffffffff
N???CB?K@WKOQOD_AK?	46	3fffffffffff
N???CB?K@WKOQOD_?[?	46	3fffffffffff
N???CB?K@WKOQOD_AQ?	46	3fffffff0ffff
N???CB?K@WKOQOD_?Y?	46	3fffffffffff
N???CB?K@WKOQOD_OE?	46	7fffffffff7f
N???CB?K@WKOBOE_Y??	46	3fffffffffff
N???CB?K@WKOBOE_W_?	46	3fffffffffff
N???CB?K@WKOBOE_WO?	46	3fffffffffff
N???CB?K@WKOBOE_?w?	46	3ffffffffffd2
N???CB?K@WKOBOE_QC?	46	3fffffffffff
N???CB?K@WKOBOE_Oc?	46	3fffffffffff
N???CB?K@WKOBOE_OS?	46	3fffffffffff
N???CB?K@WKOBOE_GS?	46	3fffffffffff
N???CB?K@WKOBOE_?s?	46	3fffffffffff
N???CB?K@WKOBOE_OE?	46	3fffffffffff
N???CB?K@WKOBOCoY??	46	3fffffffffff
N???CB?K@WKOBOCoH_?	46	3fffffffffff
N???CB?K@WKOBOCoWO?	46	3fffffffffff
N???CB?K@WKOBOCoQC?	46	3fffffffffff
N???CB?K@WKOBOCoIC?	46	3fffffffffff
N???CB?K@WKOBOCoOS?	46	3fffffffffff
N???CB?K@WKOBOCoGS?	46	3fffffffffff
N???CB?K@WKOBOCoWA?	46	3fffffffffff
N???CB?K@WKOBOCoOE?	46	3fffffffffff
N???CB?K@WKOOoF?P_?	46	7ffffffff7ff
N???CB?K@WKOOoF?@g?	46	3fffffffffff
N???CB?K@WKOOoF?AW?	46	3fffffffffff
N???CB?K@WKOOoF?QC?	46	3fffffffffff
N???CB?K@WKOOoF?@c?	46	3fffffffffff
N???CB?K@WKOOoF?AS?	46	3fffffffffff
N???CB?K@WKOOoF?OE?	46	7ffffffffffe
N???CB?K@WKOAoF?W_?	46	3fffffffffff
N???CB?K@WKOAoF?GW?	46	3fffffffffff
N???CB?K@WKOAoF?QC?	46	3fffffffffff
N???CB?K@WKOAoF?Oc?	46	3fffffffffff
N???CB?K@WKOAoF?Gc?	46	3fffffffffff
N???CB?K@WKOAoF??s?	46	3fffffffffff
N???CB?K@WKOAoF?Oa?	46	3fffffffffff
N???CB?K@WKOAoF?OE?	46	3fffffffffff
N???CB?K@WKOAoF??e?	46	3fffffffffff
N???CB?K@WKOAoF??M?	46	3fffffffffff
N???CB?K@WKOAoD_J??	46	3ffff7dfdf7ff
N???CB?K@WKOAoD_W_?	46	3fffffffffff
N???CB?K@WKOAoD_WG?	46	3fffffffffff
N???CB?K@WKOAoD_HG?	46	3fffffffffff
N???CB?K@WKOAoD_QC?	46	3fffffffffff
N???CB?K@WKOAoD_Oc?	46	3fffffffffff
N???CB?K@WKOAoD_@c?	46	3fffffffffff
N???CB?K@WKOAoD_GK?	46	3fffffffffff
N???CB?K@WKOAoD_WA?	46	3fffffffffff
N???CB?K@WKOAoD_OE?	46	3fffffffffff
N???CB?K@WKOAoD_?M?	46	3fffffffffff
N???CB?K@WKOAoDOY??	46	3fffffffffff
N???CB?K@WKOAoDOW_?	46	3fffffffffff
N???CB?K@WKOAoDOWO?	46	3fffffffffff
N???CB?K@WKOAoDOBO?	46	3ffffffffffd2
N???CB?K@WKOAoDOQC?	46	3fffffffffff
N???CB?K@WKOAoDOIC?	46	3fffffffffff
N???CB?K@WKOAoDOOc?	46	3fffffffffff
N???CB?K@WKOAoDOGS?	46	3fffffffffff
N???CB?K@WKOAoDOWA?	46	3fffffffffff
N???CB?K@WKOAoDOOE?	46	3fffffffffff
N???CB?K@WKOCWB_Y??	46	7ffffffffffe
N???CB?K@WKOCWB_R??	46	3fffffffffff
N???CB?K@WKOCWB_P_?	46	3fffffffffff
N???CB?K@WKOCWB_B_?	46	3fffffffffff
N???CB?K@WKOCWB_QO?	46	3fffffffffff
N???CB?K@WKOCWB_IO?	46	3fffffffffff
N???CB?K@WKOCWB_BG?	46	3fffffffffff
N???CB?K@WKOCWB_@g?	46	3fffffffffff
N???CB?K@WKOCWB_GW?	46	3fffffffffff
N???CB?K@WKOCWB_AW?	46	3fffffffffff
N???CB?K@WKOCWB_WA?	46	7ffffffff7ff
N???CB?K@WKOCWB_QA?	46	7ffffffff7ff
N???CB?K@WKOCWB_PA?	46	3fffffffffff
N???CB?K@WKOCWB_@a?	46	1ffffffffcffe
N???CB?K@WKOCWB_AQ?	46	3fffffffffff
N???CB?K@WKOCWB_OI?	46	7ffffffdffff
N???CB?K@WKOCWB_@I?	46	3fffffffffff
N???CB?K@WKOCWB_?Y?	46	3fffffffffff
N???CB?K@WKOAWD_Y??	46	3fffffffffff
N???CB?K@WKOAWD_R??	46	3fffffffffff
N???CB?K@WKOAWD_P_?	46	3fffffffffff
N???CB?K@WKOAWD_QO?	46	3fffffffffff
N???CB?K@WKOAWD_Go?	46	3fffffffffff
N???CB?K@WKOAWD_WA?	46	7fffffffff7f
N???CB?K@WKOAWD_QA?	46	3fffffffffff
N???CB?K@WKOAWD_PA?	46	7ffffffff7ff
N???CB?K@WKOAWD_Oa?	46	3fffffffffff
N???CB?K@WKO?wF?Y??	46	3fffffffffff
N???CB?K@WKO?wF?R??	46	7fffffffff7f
N???CB?K@WKO?wF?P_?	46	7fffffffff7f
N???CB?K@WKO?wF?H_?	46	3fffffffffff
N???CB?K@WKO?wF?IO?	46	3fffffffffff
N???CB?K@WKO?wF?WA?	46	7ffffffffffe
N???CB?K@WKO?wF?QA?	46	7fffffff7fff
N???CB?K@WKO?wF?PA?	46	7fffffff7fff
N???CB?K@WKO?wF?OQ?	46	7ffffffff7ff
N???CB?K@WKOCSB_Y??	46	7ffffffffffe
N???CB?K@WKOCSB_B_?	46	2ffdeff7fe70fccc
N???CB?K@WKOCSB_QO?	46	3fffffffffff
N???CB?K@WKOCSB_QC?	46	7ffffffff7ff
N???CB?K@WKOCSB_PC?	46	3fffffffffff
N???CB?K@WKOCSB_BC?	46	3fffffffffff
N???CB?K@WKOCSB_OS?	46	3fffffffffff
N???CB?K@WKOCSB_AS?	46	3fffffffffff
N???CB?K@WKOASD_B_?	46	2ffdeff7fe70fccc
N???CB?K@WKOASD_QO?	46	3fffffffffff
N???CB?K@WKOASD_QC?	46	3fffffffffff
N???CB?K@WKOASD_PC?	46	7ffffffff7ff
N???CB?K@WKOASD_BC?	46	3fffffffffff
N???CB?K@WKOASD_Oc?	46	3fffffffffff
N???CB?K@WKOASD_OS?	46	3fffffffffff
N???CB?K@WKOASD_GK?	46	7ffffffeffff
N???CB?K@WKOASD_AK?	46	3fffffffffff
N???CB?K@WKO?sF?WG?	46	7ffffffffffe
N???CB?K@WKO?sF?OW?	46	7ffffffff7ff
N???CB?K@WKO?sF?GW?	46	7ffffffff7ff
N???CB?K@WKO?sF?QC?	46	3fffffffffff
N???CB?K@WKO?sF?PC?	46	3fffffffffff
N???CB?K@WKO?sF?OS?	46	7ffffffff7ff
N???CB?K@WKO?sF?AK?	46	3fffffffffff
N???CB?K@WEOU?@oWG?	46	7ffffffff7ff
N???CB?K@WEOU?@oWC?	46	7ffffffff7ff
N???CB?K@WEOU?@oOc?	46	3fffffffffff
N???CB?K@WEOU?@oOS?	46	3fffffffffff
N???CB?K@WEOU?@oOK?	46	7fffffffff7f
N???CB?K@WEOU?@oGK?	46	7fffffffff7f
N???CB?K@WEOU?@o@a?	46	2ffdeff7fe70fccc
N???CB?K@WEOU?@oOE?	46	7ffffffdffff
N???CB?K@WEOF?OoGQ?	46	3fffffff0ffff
N???CB?K@WEOF?OoOE?	46	7fffffff7fff
N???CB?K@WEOo_BOJ??	46	3fffffffffff
N???CB?K@WEOo_BOH_?	46	3fffffffffff
N???CB?K@WEOo_BOB_?	46	1ffffffffb7fe
N???CB?K@WEOo_BOIG?	46	3fffffffffff
N???CB?K@WEOo_BOIC?	46	7ffffffffffd
N???CB?K@WEOo_BOBC?	46	3fffffffffff
N???CB?K@WEOo_BOAS?	46	7ffffffff7ff
N???CB?K@WEOo_BO@S?	46	3fffffffffff
N???CB?K@WEOo_BOAK?	46	3fffffffffff
N???CB?K@WEOo_BOHA?	46	3fffffffffff
N???CB?K@WEOo_BOGI?	46	3fffffffffff
N???CB?K@WEOo_BOAI?	46	3fffffffffff
N???CB?K@WEOo_BOAE?	46	7fffffffefff
N???CB?K@WEOo_BO@E?	46	3fffffffffff
N???CB?K@WEOo_BO?U?	46	7ffffffdffff
N???CB?K@WEOo_BO?M?	46	3fffffffffff
N???CB?K@WEOS_BOX??	46	3fffffffffff
N???CB?K@WEOS_BOWG?	46	7ffffffffffd
N???CB?K@WEOS_BOPC?	46	3fffffffffff
N???CB?K@WEOS_BOOK?	46	7ffffffffffe
N???CB?K@WEOS_BO@a?	46	2ffdeff7fe70fccc
N???CB?K@WEOS_BO?Y?	46	3ffffffffffcc
N???CB?K@WEOS_BOOE?	46	7fffffffefff
N???CB?K@WEOS_BO?M?	46	3fffffffffff
N???CB?K@WEOQ_@oY??	46	3fffffffffff
N???CB?K@WEOQ_@oWG?	46	7ffffffff7ff
N???CB?K@WEOQ_@oQC?	46	3fffffffffff
N???CB?K@WEOQ_@oPC?	46	3fffffffffff
N???CB?K@WEOQ_@oWA?	46	3fffffffffff
N???CB?K@WEOQ_@oOE?	46	3fffffffffff
N???CB?K@WEOB_QOQ_?	46	7fffffffff7f
N???CB?K@WEOB_QOI_?	46	3ffff7dfdf7ff
N???CB?K@WEOB_QOGo?	46	3ffff7dfdf7ff
N???CB?K@WEOB_QOQG?	46	3fffffffffff
N???CB?K@WEOB_QOIG?	46	3fffffffffff
N???CB?K@WEOB_QOGg?	46	3fffffffffff
N???CB?K@WEOB_QOQC?	46	3fffffffffff
N???CB?K@WEOB_QOOc?	46	3fffffffffff
N???CB?K@WEOB_QOOS?	46	3fffffffffff
N???CB?K@WEOB_QOOa?	46	7fffffff7fff
N???CB?K@WEOB_QOGa?	46	3fffffff0ffff
N???CB?K@WEOB_QOOE?	46	3fffffffffff
N???CB?K@WEOB_OoY??	46	3fffffffffff
N???CB?K@WEOB_OoQC?	46	3fffffffffff
N???CB?K@WEOB_OoPC?	46	3fffffffffff
N???CB?K@WEOB_OoOE?	46	3fffffffffff
N???CB?K@WEOSOB_X??	46	3fffffffffff
N???CB?K@WEOSOB_PC?	46	3fffffffffff
N???CB?K@WEOSOB_OS?	46	3fffffffffff
N???CB?K@WEOSOB_GI?	46	7ffffffff7ff
N???CB?K@WEOSOB_OE?	46	7ffffffff7ff
N???CB?K@WEOQC@oY??	46	7ffffffff7ff
N???CB?K@WEOQC@oB_?	46	2ffdeff7fe70fccc
N???CB?K@WEOQC@oWG?	46	7ffffffdffff
N???CB?K@WEOQC@oQC?	46	7ffffffdffff
N???CB?K@WEOQC@oPC?	46	7ffffffdffff
N???CB?K@WEOQC@oOc?	46	3fffffffffff
N???CB?K@WEOQC@oOS?	46	3fffffffffff
N???CB?K@WEOBCOoIO?	46	3fffffff0ffff
N???CB?K@WEOBCOoQC?	46	7fffffff7fff
N???CB?K@WEOBCOoPC?	46	7fffffff7fff
N???CB?K@WEOOcBOB_?	46	2ffdeff7fe70fccc
N???CB?K@WEOOcBOWG?	46	7fffffffefff
N???CB?K@WEOOcBOAW?	46	3ffffffffffcc
N???CB?K@WEOOcBOQC?	46	7fffffffefff
N???CB?K@WEOOcBOPC?	46	3fffffffffff
N???CB?K@WEOOcBOAK?	46	3fffffffffff
N???CB?K@WEOAcPOQC?	46	7ffffffffeff
N???CB?K@WEOAcPOPC?	46	7ffffffffeff
N???CB?K@WEOAcPOOS?	46	7fffffff7fff
N???CB?K@WEOOSB_IO?	46	3fffffff0ffff
N???CB?K@WEOOSB_QC?	46	7ffffffff7ff
N???CB?K@WEOOSB_PC?	46	3fffffffffff
N???CB?K@WEOOSB_OS?	46	3fffffffffff
N???CB?K@WHOBOS_U??	46	3fffffffffff
N???CB?K@WHOBOS_E_?	46	3ffff7dfdf7ff
N???CB?K@WHOBOS_EO?	46	3ffff7dfdf7ff
N???CB?K@WHOBOS_Cc?	46	3fffffffffff
N???CB?K@WHOBOS_AS?	46	3fffffffffff
N???CB?K@WHOBOS_?k?	46	1ffffffffb7fe
N???CB?K@WHOBOS_?[?	46	1ffffffffb7fe
N???CB?K@WHOBOS_?M?	46	3fffffffffff
N???CB?K@WHOBOK_Y??	46	3fffffffffff
N???CB?K@WHOBOK_Go?	46	3ffff7dfdf7ff
N???CB?K@WHOBOK_Og?	46	3fffffffffff
N???CB?K@WHOBOK_QC?	46	3fffffffffff
N???CB?K@WHOBOK_Oc?	46	3fffffffffff
N???CB?K@WHOBOK_Gc?	46	3fffffffffff
N???CB?K@WHOBOK_OS?	46	3fffffffffff
N???CB?K@WHOBOK_WA?	46	3fffffffffff
N???CB?K@WHOBOK_OE?	46	3fffffffffff
N???CB?K@WHOBOCoW_?	46	3ffffffffffcc
N???CB?K@WHOBOCoS_?	46	3fffffffffff
N???CB?K@WHOBOCoE_?	46	3ffffffffffd2
N???CB?K@WHOBOCoWO?	46	3ffffffffffcc
N???CB?K@WHOBOCoQO?	46	3fffffffffff
N???CB?K@WHOBOCoEO?	46	3ffffffffffd2
N???CB?K@WHOBOCoEC?	46	3fffffffffff
N???CB?K@WHOBOCoWA?	46	3fffffffffff
N???CB?K@WHOBOCoOE?	46	3fffffffffff
N???CB?K@WHOAoT?U??	46	3fffffffffff
N???CB?K@WHOAoT?E_?	46	3ffff7dfdf7ff
N???CB?K@WHOAoT?EO?	46	3ffff7dfdf7ff
N???CB?K@WHOAoT?EC?	46	3fffffffffff
N???CB?K@WHOAoT?Cc?	46	3fffffffffff
N???CB?K@WHOAoT?Ac?	46	3fffffffffff
N???CB?K@WHOAoT??[?	46	7ffffffffb77c
N???CB?K@WHOAoT??Y?	46	3fffffffffff
N???CB?K@WHOAoT?OE?	46	3fffffffffff
N???CB?K@WHOAoT??U?	46	3fffffffffff
N???CB?K@WHOAoT??M?	46	3fffffffffff
N???CB?K@WHOAoL?Y??	46	3fffffffffff
N???CB?K@WHOAoL?W_?	46	3fffffffffff
N???CB?K@WHOAoL?IO?	46	3ffff7dfdf7ff
N???CB?K@WHOAoL?Go?	46	3ffff7dfdf7ff
N???CB?K@WHOAoL?QC?	46	7fffffffff7f
N???CB?K@WHOAoL?Oc?	46	7fffffffff7f
N???CB?K@WHOAoL?WA?	46	3fffffffffff
N???CB?K@WHOAoL?OE?	46	7fffffff7fff
N???CB?K@WHOAoD_U??	46	3fffffffffff
N???CB?K@WHOAoD_M??	46	3ffff7dfdf7ff
N???CB?K@WHOAoD_K_?	46	3ffff7dfdf7ff
N???CB?K@WHOAoD_E_?	46	3faeffff75e937d2
N???CB?K@WHOAoD_WG?	46	ffffffffff74c
N???CB?K@WHOAoD_Oc?	46	1ffffffffb7fe
N???CB?K@WHOAoD_OI?	46	3fffffffffff
N???CB?K@WHOAoD_GI?	46	3fffffffffff
N???CB?K@WHOAoD_OE?	46	3fffffffffff
N???CB?K@WDOs?@oI_?	46	3fffffffffff
N???CB?K@WDOs?@oH_?	46	3fffffffffff
N???CB?K@WDOs?@oB_?	46	3fffffffffff
N???CB?K@WDOs?@o@o?	46	1ffffffffb7fe
N???CB?K@WDOs?@oBC?	46	7ffffffff7ff
N???CB?K@WDOs?@oAc?	46	3fffffffffff
N???CB?K@WDOs?@o@c?	46	3fffffffffff
N???CB?K@WDOs?@oGa?	46	3fffffffffff
N???CB?K@WDOs?@oAa?	46	3fffffffffff
N???CB?K@WDOs?@oGI?	46	7ffffffff7ff
N???CB?K@WDOs?@oAE?	46	fffffffdf7ff
N???CB?K@WDOs?@o?e?	46	3fffffffffff
N???CB?K@WDOs?@o?M?	46	7ffffffdffff
N???CB?K@WDOU?@oQ_?	46	3fffffffffff
N???CB?K@WDOU?@oGo?	46	3ffff7dfdf7ff
N???CB?K@WDOU?@oAo?	46	3faeffff75e937d2
N???CB?K@WDOU?@oQC?	46	7ffffffff7ff
N???CB?K@WDOU?@oOc?	46	3fffffffffff
N???CB?K@WDOU?@oAa?	46	2ffdeff7fe70fccc
N???CB?K@WDOU?@oOE?	46	7ffffffdffff
N???CB?K@WDOp?CoI_?	46	3fffffffffff
N???CB?K@WDOp?CoB_?	46	3fffffffffff
N???CB?K@WDOp?CoIG?	46	3fffffffffff
N???CB?K@WDOp?CoGW?	46	3fffffffffff
N???CB?K@WDOp?CoAW?	46	3fffffffffff
N???CB?K@WDOp?Co@W?	46	3fffffffffff
N???CB?K@WDOp?CoAc?	46	3fffffffffff
N???CB?K@WDOp?Co@c?	46	fffffffff77f
N???CB?K@WDOp?CoAS?	46	3fffffffffff
N???CB?K@WDOp?Co@S?	46	3fffffffffff
N???CB?K@WDOp?CoAK?	46	3fffffffffff
N???CB?K@WDOp?Co?[?	46	3fffffffffff
N???CB?K@WDOp?CoIA?	46	3fffffffffff
N???CB?K@WDOp?CoGQ?	46	3fffffffffff
N???CB?K@WDOp?CoGI?	46	3fffffffffff
N???CB?K@WDOp?CoAE?	46	3fffffffffff
N???CB?K@WDOp?Co?e?	46	7ffffffeffff
N???CB?K@WDOp?Co?U?	46	3fffffffffff
N???CB?K@WDOp?Co?M?	46	3fffffffffff
N???CB?K@WDOT?CoPC?	46	3fffffffffff
N???CB?K@WDOT?CoOc?	46	3fffffffffff
N???CB?K@WDOT?CoOE?	46	3fffffffffff
N???CB?K@WDOR?CoQ_?	46	3fffffffffff
N???CB?K@WDOR?CoI_?	46	3ffff7dfdf7ff
N???CB?K@WDOR?CoAo?	46	3faeffff75e937d2
N???CB?K@WDOR?CoGg?	46	3fffffffffff
N???CB?K@WDOR?CoOW?	46	3fffffffffff
N???CB?K@WDOR?CoAW?	46	3ffffffffffd2
N???CB?K@WDOR?Co?w?	46	3ffffffffffd2
N???CB?K@WDOR?CoQC?	46	3fffffffffff
N???CB?K@WDOR?CoOc?	46	fffffffff77f
N???CB?K@WDOR?CoOS?	46	3fffffffffff
N???CB?K@WDOR?CoAS?	46	3fffffffffff
N???CB?K@WDOR?CoAK?	46	3fffffffffff
N???CB?K@WDOR?Co?[?	46	3fffffffffff
N???CB?K@WDOR?CoAa?	46	2ffdeff7fe70fccc
N???CB?K@WDOR?CoAQ?	46	2ffdeff7fe70fccc
N???CB?K@WDOR?CoOE?	46	7ffffffeffff
N???CB?K@WDOF?OoW_?	46	3fffffffffff
N???CB?K@WDOF?OoGo?	46	3ffff7dfdf7ff
N???CB?K@WDOF?OoOg?	46	3fffffffffff
N???CB?K@WDOF?OoOc?	46	7fffffffff7f
N???CB?K@WDOF?OoOE?	46	7fffffff7fff
N???CB?K@WDOP_SOQG?	46	fffffffff7fe
N???CB?K@WDOP_SOQC?	46	fffffffff7fe
N???CB?K@WDOP_SOAK?	46	fffffffff77f
N???CB?K@WDOP_SOOE?	46	7ffffffff7ff
N???CB?K@WDOP_SO?M?	46	7ffffffdffff
N???CB?K@WDOP_DOBO?	46	3faeffff75e937d2
N???CB?K@WDOP_DOWG?	46	3fffffffffff
N???CB?K@WDOP_DOPG?	46	3fffffffffff
N???CB?K@WDOP_DOBG?	46	3ffffffffffd2
N???CB?K@WDOP_DO@W?	46	3ffffffffffd2
N???CB?K@WDOP_DOQC?	46	3fffffffffff
N???CB?K@WDOP_DOPC?	46	3fffffffffff
N???CB?K@WDOP_DOBC?	46	3fffffffffff
N???CB?K@WDOP_DOOK?	46	3fffffffffff
N???CB?K@WDOP_DO@K?	46	3fffffffffff
N???CB?K@WDOP_DOWA?	46	3fffffffffff
N???CB?K@WDOP_DOOE?	46	3fffffffffff
N???CB?K@WDOP_DO?M?	46	3fffffffffff
N???CB?K@WDOD_SOPC?	46	3fffffffffff
N???CB?K@WDOD_SOOc?	46	3fffffffffff
N???CB?K@WDOD_SOOE?	46	7ffffffff7ff
N???CB?K@WDOD_POR??	46	7fffffffff7f
N???CB?K@WDOD_POJ??	46	3ffff7dfdf7ff
N???CB?K@WDOD_POQC?	46	3fffffffffff
N???CB?K@WDOD_POPC?	46	3fffffffffff
N???CB?K@WDOD_POOS?	46	3fffffffffff
N???CB?K@WDOD_POOE?	46	3fffffffffff
N???CB?K@WDOB_SOOc?	46	7ffffffffb77c
N???CB?K@WDOQOD_Q_?	46	7fffffffff7f
N???CB?K@WDOQOD_I_?	46	3ffff7dfdf7ff
N???CB?K@WDOQOD_Go?	46	3ffff7dfdf7ff
N???CB?K@WDOQOD_Gg?	46	3fffffffffff
N???CB?K@WDOQOD_QC?	46	3fffffffffff
N???CB?K@WDOQOD_Oc?	46	3fffffffffff
N???CB?K@WDOQOD_OE?	46	7ffffffff7ff
N???CB?K@WDOPOS_B_?	46	3ffff7dfdf7ff
N???CB?K@WDOPOS_BO?	46	3ffff7dfdf7ff
N???CB?K@WDOPOS_AW?	46	3fffffffffff
N???CB?K@WDOPOS_QC?	46	3fffffffffff
N???CB?K@WDOPOS_OS?	46	3fffffffffff
N???CB?K@WDOPOS_@S?	46	3fffffffffff
N???CB?K@WDOPOS_OK?	46	fffffffff77f
N???CB?K@WDOPOS_AK?	46	3fffffffffff
N???CB?K@WDOPOS_?k?	46	ffffffffff7d
N???CB?K@WDOPOS_OE?	46	3fffffffffff
N???CB?K@WDOPOS_?M?	46	3fffffffffff
N???CB?K@WDOSC@oQ_?	46	3fffffffffff
N???CB?K@WDOSC@o@o?	46	2ffdeff7fe70fccc
N???CB?K@WDOSC@oWG?	46	fffffffdf7ff
N???CB?K@WDOSC@oIG?	46	7ffffffff7ff
N???CB?K@WDOSC@oQC?	46	fffffffdf7ff
N???CB?K@WDOSC@oOc?	46	3fffffffffff
N???CB?K@WDOPCCoY??	46	3fffffffffff
N???CB?K@WDOPCCoQ_?	46	3fffffffffff
N???CB?K@WDOPCCoWG?	46	7fffffff7fff
N???CB?K@WDOPCCoQC?	46	3fffffffffff
N???CB?K@WDOPCCoOc?	46	7ffffffeffff
N???CB?K@WDOPCCoOS?	46	3fffffffffff
N???CB?K@WDOPCCoAS?	46	3fffffffffff
N???CB?K@WDOPCCoAK?	46	3fffffffffff
N???CB?K@WDODCOoQC?	46	7fffffff7fff
N???CB?K@WDO@cSOOc?	46	7ffffffffffb
N???CB?K@WDOOSD_IG?	46	7ffffffff7ff
N???CB?K@WDOOSD_QC?	46	7ffffffff7ff
N???CB?K@WDOOSD_Oc?	46	3fffffffffff
N???CB?K@WBOR?OoE_?	46	3ffff7dfdf7ff
N???CB?K@WBOR?OoCc?	46	3fffffffffff
N???CB?K@WBOR?OoAS?	46	3fffffffffff
N???CB?K@WBOR?Oo?[?	46	1ffffffffb7fe
N???CB?K@WBOR?@oU??	46	3fffffffffff
N???CB?K@WBOR?@oM??	46	3ffff7dfdf7ff
N???CB?K@WBOR?@oKO?	46	3ffff7dfdf7ff
N???CB?K@WBOR?@oIO?	46	3ffff7dfdf7ff
N???CB?K@WBOR?@oEO?	46	3faeffff75e937d2
N???CB?K@WBOR?@oWG?	46	3ffffffffffcc
N???CB?K@WBOR?@oSG?	46	3fffffffffff
N???CB?K@WBOR?@oEG?	46	3ffffffffffd2
N???CB?K@WBOR?@oCW?	46	3ffffffffffd2
N???CB?K@WBOR?@oSC?	46	3fffffffffff
N???CB?K@WBOR?@oKC?	46	3fffffffffff
N???CB?K@WBOR?@oQC?	46	3fffffffffff
N???CB?K@WBOR?@oEC?	46	3fffffffffff
N???CB?K@WBOR?@oOS?	46	1ffffffffb7fe
N???CB?K@WBOR?@oGK?	46	1ffffffffb7fe
N???CB?K@WBOR?@oOE?	46	3fffffffffff
N???CB?K@WBOR??sWG?	46	3fffffffffff
N???CB?K@WBOR??sSC?	46	3fffffffffff
N???CB?K@WBOR??sQC?	46	3fffffffffff
N???CB?K@WBOR??sOc?	46	3fffffffffff
N???CB?K@WBOR??sOS?	46	3fffffffffff
N???CB?K@WBOR??sOK?	46	3fffffffffff
N???CB?K@WBOR??sGK?	46	3fffffffffff
N???CB?K@WKGS_B_R??	46	3fffffffffff
N???CB?K@WKGS_B_B_?	46	3ffff7dfdf7ff
N???CB?K@WKGS_B_QC?	46	7ffffffffffe
N???CB?K@WKGS_B_OK?	46	7ffffffff7ff
N???CB?K@WKGS_B_AK?	46	7ffffffff7ff
N???CB?K@WKGS_B_@K?	46	3fffffffffff
N???CB?K@WKGS_B_?[?	46	3fffffffffff
N???CB?K@WKGS_B_OI?	46	7ffffffff7ff
N???CB?K@WKGS_B_OE?	46	7ffffffff7ff
N???CB?K@WKGS_B_AE?	46	7ffffffff7ff
N???CB?K@WKGS_B_?M?	46	7ffffffdffff
N???CB?K@WKGQ_D_B_?	46	3ffff7dfdf7ff
N???CB?K@WKGQ_D_@W?	46	3fffffffffff
N???CB?K@WKGQ_D_QC?	46	3fffffffffff
N???CB?K@WKGQ_D_@c?	46	3fffffffffff
N???CB?K@WKGQ_D_OK?	46	fffffffff77f
N???CB?K@WKGQ_D_AK?	46	3fffffffffff
N???CB?K@WKGQ_D_?k?	46	3fffffffffff
N???CB?K@WKGQ_D_?[?	46	3fffffffffff
N???CB?K@WKGQ_D_OI?	46	7fffffffff7f
N???CB?K@WKGQ_D_?M?	46	7ffffffeffff
N???CB?KD@H_AoD_M??	46	7fffffffff7f
N???CB?KD@H_AoD_H_?	46	3ffffffffffcc
N???CB?KD@H_AoD_IG?	46	3fffffffffff
N???CB?KD@H_AoD_Gg?	46	3ffffffffffcc
N???CB?KD@H_AoD_BA?	46	7ffffffffffb
N???CB?KD@@oR?CoM??	46	7ffffffffffe
N???CB?KD@@oR?CoEG?	46	fbffbfffff77c
N???CB?KD@@oR?CoHG?	46	3ffffffffffcc
N???CB?KD@@oR?CoCW?	46	7fffffffff7f
N???CB?KD@@oQOD_M??	46	7ffffffffffe
N???CB?KD@@oQOD_@o?	46	7ffffffffb77c
N???CB?KD@@oQOD_IG?	46	7ffffffff7ff
N???CB?KD@@oQOD_Gg?	46	3ffffffffffcc
N???CB?K@Oy?@oB_E_?	46	3fffffffffff
N???CB?K@Oy?@oB_?w?	46	3ffdffdfdff7f
N???CB?K@Oy?@oB_EC?	46	fffffbbfce7ff
N???CB?K@Oy?@oB_DC?	46	7ffffffdffff
N???CB?K@Om?B_@oQ_?	46	3fffffffffff
N???CB?K@Om?B_@o@o?	46	2ffdeff7fe70fccc
N???CB?K@Om?B_@oQG?	46	7ffffffff7ff
N???CB?K@Om?B_@oIG?	46	7ffffffff7ff
N???CB?K@Om?B_@oBG?	46	3ffffffffffcc
N???CB?K@Om?B_@oQC?	46	fffffbbfce7ff
N???CB?K@Om?B_@oPC?	46	7ffffffdffff
N???CB?K@Om?B_@oOc?	46	3fffffffff87f
N???CB?K@Om?B_@o@K?	46	3fffffffffff
N???CB?K@Ow_D_AoM??	46	7fffffffff7f
N???CB?K@Ow_D_AoL??	46	7ffffffffffe
N???CB?K@Ow_D_AoJ??	46	3fffffffffff
N???CB?K@Ow_D_AoD_?	46	3fffffffffff
N???CB?K@Ow_D_AoAo?	46	3fffffffffff
N???CB?K@Ow_D_AoIG?	46	3fffffffffff
N???CB?K@Ow_@oE_M??	46	fffffffef7ff
N???CB?K@Ow_@oE_E_?	46	3fffffffffff
N???CB?K@Ow_@oE_IG?	46	3fffffffffff
N???CB?K@Ok_E_@oR??	46	7ffffffff7ff
N???CB?K@Ok_E_@oQ_?	46	3fffffffffff
N???CB?K@Ok_E_@oB_?	46	2ffdeff7fe70fccc
N???CB?K@Ok_E_@oQC?	46	7ffffffdffff
N???CB?K@Ok_E_@oAK?	46	3fffffffffff
N???CB?K@Ok_D_AoP_?	46	3fffffffffff
N???CB?K@Ok_D_AoAo?	46	2ffdeff7fe70fccc
N???CB?K@Ok_D_AoQC?	46	7ffffffeffff
N???CB?K@Ok_D_AoPC?	46	7ffffffff7ff
N???CB?K@Ok_D_Ao@S?	46	3fffffffffff
N???CB?K@Oi_OoB_E_?	46	3fffffff0ffff
N???CB?K@Oi_OoB_?[?	46	fffdffdfd7e7f
N???CB?K@Oi_CoB_[??	46	7ffffffffffe
N???CB?K@Oi_CoB_S_?	46	3fffffffffff
N???CB?K@Oi_CoB_SC?	46	7ffffffff7ff
N???CB?K@Oi_CoB_PC?	46	3fffffffffff
N???CB?K@Oi_CoB_Oc?	46	3fffffffffff
N???CB?K@Oe_P_AoX??	46	3fffffffffff
N???CB?K@Oe_P_AoQ_?	46	7ffffffff7ff
N???CB?K@Oe_P_AoQC?	46	fffffffeff7f
N???CB?K@Oe_P_AoPC?	46	ffffffff7f7f
N???CB?K@Oe_P_AoBC?	46	7ffffffff7ff
N???CB?K@Oe_P_Ao@S?	46	3fffffffffff
N???CB?K@Oe_B_OoQC?	46	ffffffff77ff
N???CB?K@Oe_B_OoPC?	46	7fffffff7fff
N???CB?K@Ob_S_@o[??	46	7ffffffff7ff
N???CB?K@Ob_S_@oT??	46	7ffffffff7ff
N???CB?K@Ob_S_@oSO?	46	3fffffffffff
N???CB?K@Ob_S_@oWG?	46	7ffffffdffff
N???CB?K@Ob_S_@oSC?	46	7ffffffdffff
N???CB?K@Ob_S_@oOc?	46	7fffffff7fff
N???CB?K@Ob_S_@oOS?	46	3fffffffffff
N???CB?K@Ob_S_@oCK?	46	3fffffffffff
N???CB?K@Ob_P_@oSC?	46	7fffffff7fff
N???CB?K@Ob_P_@oQC?	46	7fffffff7fff
N???CB?K@OgoSOB_OK?	46	ffffffffc87ff
N???CB?K@OgoSOB_AK?	46	ffffffffd787f
N???CB?K@OcoT?AoY??	46	7fffffffff7f
N???CB?K@OcoT?AoQC?	46	7ffffffeffff
N???CB?K@OcoF?OoQC?	46	7fffffff7fff
N???CB?K@OcoP_EOY??	46	3fffffffffff
N???CB?K@OcoP_EOJ??	46	3fffffff0ffff
N???CB?K@OcoP_EOQC?	46	7fffffffff7f
N???CB?K@OcoD_QOQC?	46	7ffffffffffb
N???CB?K@OaoU?@oCo?	46	2ffdeff7fe70fccc
N???CB?K@OaoU?@oWG?	46	7ffffffdffff
N???CB?K@OaoU?@oDG?	46	3ffffffffffcc
N???CB?K@OaoU?@oSC?	46	7ffffffdffff
N???CB?K@OaoU?@oOc?	46	3fffffffffff
N???CB?K@OaoU?@oCK?	46	3fffffffffff
N???CB?K@OaoT?Ao[??	46	7fffffffff7f
N???CB?K@OaoT?AoCo?	46	2ffdeff7fe70fccc
N???CB?K@OaoT?AoWG?	46	fffffffcffff
N???CB?K@OaoT?AoSC?	46	7ffffffeffff
N???CB?K@OaoT?AoPC?	46	3fffffffffff
N???CB?K@OaoT?AoOS?	46	3fffffffffff
N???CB?K@OaoP_BOWG?	46	3ffffffff87ff
N???CB?K@OaoP_BOSC?	46	3fffffffffff
N???CB?K@OaoP_BOQC?	46	3fffffffffff
N???CB?K@OaoP_BOPC?	46	3fffffffffff
N???CB?K@OaoP_BODC?	46	3fffffffffff
N???CB?K@OaoP_BOOS?	46	3ffdffdfdff7f
N???CB?K@OaoP_BOGK?	46	3ffdffdfdff7f
N???CB?K@OaoB_POQC?	46	3fffffffffff
N???CB?K@OaoB_POOS?	46	3ffdffdfdff7f
N???CB?K@OaoSOB_[??	46	7ffffffffffe
N???CB?K@OaoSOB_KG?	46	7ffffffff7ff
N???CB?K@OaoSOB_SC?	46	7ffffffff7ff
N???CB?K@OaoSOB_PC?	46	3fffffffffff
N???CB?K@OaoSOB_Oc?	46	3fffffffffff
N???CB?K@OkGD_B_QC?	46	7ffffffff7ff
N???C@_S?[P_M?GoY??	46	3fffffffffff
N???C@_S?[P_M?GoQ_?	46	3fffffff0ffff
N???C@_S?[P_M?GoAW?	46	3ffffffe97fff
N???C@_S?[P_M?GoQC?	46	3fffffffffff
N???C@_S?[P_M?GoIC?	46	fffffffdefff
N???C@_S?[P_M?GoOc?	46	3ffffffffffcc
N???C@_S?[P_M?GoAc?	46	3fffffffffff
N???C@_S?[P_M?GoAS?	46	3fffffffffff
N???C@_S?[P_M?GoGK?	46	3fffffffffff
N???C@_S?[P_M?GoAK?	46	3fffffffffff
N???C@_S?[P_M?Go?[?	46	1ffffffffb7fe
N???C@_S?[P_M?GoWA?	46	3fffffffffff
N???C@_S?[P_M?GoQA?	46	3fffffffffff
N???C@_S?[P_M?GoGa?	46	3fffffffffff
N???C@_S?[P_M?GoGQ?	46	3fffffffffff
N???C@_S?[P_M?GoGI?	46	3fffffffffff
N???C@_S?[P_M?GoAI?	46	3fffffffffff
N???C@_S?[P_M?GoAE?	46	fffffffef7ff
N???C@_S?[P_M??wY??	46	3fffffffffff
N???C@_S?[P_M??wU??	46	3fffffffffff
N???C@_S?[P_M??wM??	46	fffffffdefff
N???C@_S?[P_M??wI_?	46	3fffffffffff
N???C@_S?[P_M??wIO?	46	3fffffffffff
N???C@_S?[P_M??wEO?	46	3fffffffffff
N???C@_S?[P_M??wKG?	46	3fffffffffff
N???C@_S?[P_M??wIG?	46	3fffffffffff
N???C@_S?[P_M??wEG?	46	3fffffffffff
N???C@_S?[P_M??wWA?	46	3fffffffffff
N???C@_S?[P_M??wKA?	46	fffffffef7ff
N???C@_S?[P_M??wOa?	46	3fffffffffff
N???C@_S?[P_M??wAI?	46	3fffffffffff
N???C@_S?[P_M??w?Y?	46	3fffffffffff
N???C@_S?[P_IOc_M??	46	3fffffffffff
N???C@_S?[P_IOc_I_?	46	3fffffffffff
N???C@_S?[P_IOc_IC?	46	3fffffffffff
N???C@_S?[P_IOc_KA?	46	3fffffffffff
N???C@_S?[P_IOc_GE?	46	3fffffffffff
N???C@_S?[P_IOCoY??	46	3fffffffffff
N???C@_S?[P_IOCoM??	46	3fffffffffff
N???C@_S?[P_IOCoIC?	46	3fffffffffff
N???C@_S?[P_IOCoKA?	46	3fffffffffff
N???C@_S?[P_IOCoGE?	46	3fffffffffff
N???C@_S?[P_BOK_WO?	46	3fffffffdef7e
N???C@_S?[P_BOK_SO?	46	2ffdeff7fe70fccc
N???C@_S?[P_BOK_OS?	46	feffffffff37c
N???C@_S?[P_Aok?K_?	46	3fffffffffff
N???C@_S?[P_AoL?[??	46	3fffffffffff
N???C@_S?[P_AoL?U??	46	3fffffff0ffff
N???C@_S?[P_AoL?WO?	46	3fffffffdef7e
N???C@_S?[P_AoL?SO?	46	2ffdeff7fe70fccc
N???C@_S?[P_AoL?EO?	46	3ffffffe97fff
N???C@_S?[P_AoL?GW?	46	3ffffffff7efc
N???C@_S?[P_AoL?CW?	46	3faeffff75e937d2
N???C@_S?[P_AoL?WC?	46	7ffffffffffb
N???C@_S?[P_AoL?OS?	46	feffffffff37c
N???C@_S?[P_AoL??[?	46	dffffeffff77c
N???C@_S?[P_AoL?OE?	46	7ffffffffffe
N???C@_S?[D_e?Co[??	46	3fffffffffff
N???C@_S?[D_e?CoCo?	46	3ffffffe97fff
N???C@_S?[D_e?CoKG?	46	3fffffffffff
N???C@_S?[D_e?Co?w?	46	3defbfffdea94fcc
N???C@_S?[D_e?CoWC?	46	3fffffffffff
N???C@_S?[D_e?CoKC?	46	3fffffffffff
N???C@_S?[D_e?CoGS?	46	3fffffffffff
N???C@_S?[D_e?CoGK?	46	3fffffffffff
N???C@_S?[D_e?CoKA?	46	3fffffffffff
N???C@_S?[D_e?CoOa?	46	3ffffffffffcc
N???C@_S?[D_e?CoCa?	46	3fffffffffff
N???C@_S?[D_e?CoOE?	46	3fffffffffff
N???C@_S?[D_e?CoCE?	46	3fffffffffff
N???C@_S?[D_e??s[??	46	3fffffffffff
N???C@_S?[D_e??sM??	46	3fffffffffff
N???C@_S?[D_e??sK_?	46	3fffffffffff
N???C@_S?[D_e??sI_?	46	3fffffffffff
N???C@_S?[D_e??sGo?	46	3fffffffffff
N???C@_S?[D_e??sKG?	46	3fffffffffff
N???C@_S?[D_e??sGg?	46	3fffffffffff
N???C@_S?[D_e??sSC?	46	3fffffffffff
N???C@_S?[D_e??sGK?	46	3fffffffffff
N???C@_S?[D_e??sCK?	46	3fffffffffff
N???C@_S?[D_e??s?[?	46	3fffffffffff
N???C@_S?[D_b?Co[??	46	fffffffff7fe
N???C@_S?[D_b?CoY??	46	3fffffffffff
N???C@_S?[D_b?CoU??	46	3fffffff0ffff
N???C@_S?[D_b?CoM??	46	7ffffffffffe
N???C@_S?[D_b?CoEO?	46	3ffffffe97fff
N???C@_S?[D_b?CoGW?	46	3fffffffffff
N???C@_S?[D_b?CoAW?	46	3defbfffdea94fcc
N???C@_S?[D_b?CoKC?	46	3ffffffffe67f
N???C@_S?[D_b?CoIC?	46	3fffffffdef7e
N???C@_S?[D_b?CoEC?	46	7fffffffff7f
N???C@_S?[D_b?CoOS?	46	3effffffffb7e
N???C@_S?[D_b?CoGS?	46	3fffffffffff
N???C@_S?[D_b?CoWA?	46	7ffffffff7ff
N???C@_S?[D_b?CoKA?	46	3ffffffffe67f
N???C@_S?[D_b?CoIA?	46	3fffffffdef7e
N???C@_S?[D_b?CoEA?	46	7fffffffff7f
N???C@_S?[D_b?CoCQ?	46	3fffffffffff
N???C@_S?[D_b?CoGI?	46	ffffffffff7d
N???C@_S?[D_b?CoGE?	46	3fffffffd77fd
N???C@_S?[D_F?_o[??	46	3fffffffffff
N???C@_S?[D_F?_oU??	46	3fffffff0ffff
N???C@_S?[D_F?_oSO?	46	2ffdeff7fe70fccc
N???C@_S?[D_F?_oWC?	46	3ffffffff7f7a
N???C@_S?[D_F?_oSC?	46	3ffffffffffcc
N???C@_S?[D_a_cOM??	46	3fffffffffff
N???C@_S?[D_a_cOIC?	46	3bffbffffff7d
N???C@_S?[D_a_cOKA?	46	3fffffff0ffff
N???C@_S?[D_a_cOGE?	46	3ffeff7ff7eff
N???C@_S?[D_a_SOU??	46	3fffffffffff
N???C@_S?[D_a_SOE_?	46	3fffffffffff
N???C@_S?[D_a_SOQO?	46	3fffffffffff
N???C@_S?[D_a_SOQG?	46	2ffeffffffefb
N???C@_S?[D_a_SOEG?	46	3fffffffffff
N???C@_S?[D_a_SOCg?	46	3fffffffffff
N???C@_S?[D_a_SOAg?	46	3fffffffffff
N???C@_S?[D_a_SO?w?	46	7fbfbffbf7f7f
N???C@_S?[D_a_SOQC?	46	3fffffffffff
N???C@_S?[D_a_SOEC?	46	2ffeffffffefb
N???C@_S?[D_a_SOAc?	46	3fffffffffff
N???C@_S?[D_a_SOAS?	46	3fffffffffff
N???C@_S?[D_a_SOOK?	46	3fffffffffff
N???C@_S?[D_a_SOAK?	46	3ffffffffffcc
N???C@_S?[D_a_SO?k?	46	3fffffffffff
N???C@_S?[D_a_KOAo?	46	3ffffffe97fff
N???C@_S?[D_a_KO?w?	46	3faeffff75e937d2
N???C@_S?[D_a_KOIC?	46	2ffeffffffefb
N???C@_S?[D_a_KOAc?	46	3fffffffffff
N???C@_S?[D_a_KOAK?	46	3fffffffffff
N???C@_S?[D_a_KOWA?	46	3fffffffffff
N???C@_S?[D_a_KOIA?	46	2ffeffffffefb
N???C@_S?[D_a_KOGa?	46	3fffffffffff
N???C@_S?[D_a_KOGI?	46	3fffffffffff
N???C@_S?[D_a_KO?i?	46	3fffffffffff
N???C@_S?[D_a_KOGE?	46	3ffffffffffcc
N???C@_S?[D_a_KOAE?	46	3ffffffffffcc
N???C@_S?[D_a_DOM??	46	3fffffffffff
N???C@_S?[D_a_DOEO?	46	3ffffffe97fff
N???C@_S?[D_a_DOKG?	46	3fffffffffff
N???C@_S?[D_a_DOEG?	46	3ffffffe97fff
N???C@_S?[D_a_DOGW?	46	3fffffffffff
N???C@_S?[D_a_DOAW?	46	3defbfffdea94fcc
N???C@_S?[D_a_DOIC?	46	3fffffffffff
N???C@_S?[D_a_DOEC?	46	3fffffffffff
N???C@_S?[D_a_DOOS?	46	3effffffffb7e
N???C@_S?[D_a_DOKA?	46	3fffffffffff
N???C@_S?[D_a_DOIA?	46	3fffffffffff
N???C@_S?[D_a_DOEA?	46	3fffffffffff
N???C@_S?[D_a_DOCQ?	46	3fffffffffff
N???C@_S?[D_a_DOGI?	46	3fffffffffff
N???C@_S?[D_a_CoY??	46	3fffffffffff
N???C@_S?[D_a_CoE_?	46	3ffffffe97fff
N???C@_S?[D_a_CoIG?	46	3fffffffffff
N???C@_S?[D_a_CoGg?	46	3fffffffffff
N???C@_S?[D_a_CoWC?	46	3fffffffffff
N???C@_S?[D_a_CoIC?	46	3fffffffffff
N???C@_S?[D_a_CoOc?	46	3effffffffb7e
N???C@_S?[D_a_CoGK?	46	3fffffffffff
N???C@_S?[D_a_CoWA?	46	3fffffffffff
N???C@_S?[D_a_CoKA?	46	3fffffffffff
N???C@_S?[D_a_CoCa?	46	3fffffffffff
N???C@_S?[D_a_CoOE?	46	3fffffffffff
N???C@_S?[D_a_CoGE?	46	3fffffffffff
N???C@_S?[D_a_CWY??	46	3fffffffffff
N???C@_S?[D_a_CWM??	46	2ffeffffffefb
N???C@_S?[D_a_CWI_?	46	3fffffffffff
N???C@_S?[D_a_CWIO?	46	3fffffffffff
N???C@_S?[D_a_CWOo?	46	3effffffffb7e
N???C@_S?[D_a_CWCg?	46	1ffffffffb7fe
N???C@_S?[D_a_CWWA?	46	3fffffffffff
N???C@_S?[D_a_CWKA?	46	3ffffffffffcc
N???C@_S?[D_a_CWIA?	46	3ffffffffffcc
N???C@_S?[D_a_CWOQ?	46	3fffffffffff
N???C@_S?[D_a_CWGI?	46	3ffffffffffe1
N???C@_S?[D_a_CWAI?	46	3fffffffff87f
N???C@_S?[D_a_CS[??	46	3fffffffffff
N???C@_S?[D_a_CSM??	46	2ffeffffffefb
N???C@_S?[D_a_CSK_?	46	3ffffffffffd2
N???C@_S?[D_a_CSQO?	46	3ffffffffffcc
N???C@_S?[D_a_CSCo?	46	2ffdeff7fe70fccc
N???C@_S?[D_a_CSKG?	46	3fffffffffff
N???C@_S?[D_a_CSQG?	46	3ffffffffffcc
N???C@_S?[D_a_CSCg?	46	3fff7fefdfeff
N???C@_S?[D_a_CSWC?	46	3fffffffffff
N???C@_S?[D_a_CSOS?	46	2fffff7ff7ffb
N???C@_S?[D_a_CSGK?	46	3ffffffffffe1
N???C@_S?[D_a_CSCK?	46	3fffffffffff
N???C@_S?[D_E_gOOo?	46	2ffdeff7fe70fccc
N???C@_S?[D_E_gOOc?	46	3ffffffffffcc
N???C@_S?[D_E_gOWA?	46	7fffffff7fff
N???C@_S?[D_E_gOOa?	46	3fffffffffff
N???C@_S?[D_E_`O[??	46	3fffffffffff
N???C@_S?[D_E_`OSO?	46	2ffdeff7fe70fccc
N???C@_S?[D_E_`OQO?	46	37ff6fdff9f0fb52
N???C@_S?[D_E_`OWA?	46	fffffffef7ff
N???C@_S?[D_E_`OOQ?	46	3ffffffffffcc
N???C@_S?[D_E__W[??	46	3bffbffffff7d
N???C@_S?[D_E__WY??	46	3fffffffffff
N???C@_S?[D_E__WS_?	46	3ffffffffffcc
N???C@_S?[D_E__WQO?	46	fffffffff7fd
N???C@_S?[D_E__WOo?	46	feffffffff37c
N???C@_S?[D_E__WQA?	46	7ffffffffffb
N???C@_S?[D_aOc_M??	46	7ffffffffffe
N???C@_S?[D_aOc_KG?	46	3fffffffffff
N???C@_S?[D_aOc_IG?	46	3fffffffffff
N???C@_S?[D_aOc_IC?	46	fffffffdf7ff
N???C@_S?[D_aOc_KA?	46	fffffffff77f
N???C@_S?[D_aOc_GE?	46	fffffffcffff
N???C@_S?[D_aOc_?M?	46	3fffffffffff
N???C@_S?[@oi?cOAo?	46	37ff6fdff9f0fb52
N???C@_S?[@oi?SOS_?	46	3ffdffdfdff7f
N???C@_S?[@oi?SOE_?	46	3fffffffffff
N???C@_S?[@oi?SO?k?	46	7ffffffffffd
N???C@_S?[@oi?KOAo?	46	3ffffffe97fff
N???C@_S?[@oi?KO?w?	46	3faeffff75e937d2
N???C@_S?[@oi?DO[??	46	fffffffff7fe
N???C@_S?[@oi?DOM??	46	7ffffffffffe
N???C@_S?[@oi?DOQO?	46	37ff6fdff9f0fb52
N???C@_S?[@oi?DOEO?	46	3ffffffe97fff
N???C@_S?[@oi?DOIC?	46	3fffffffdef7e
N???C@_S?[@oi?DOOS?	46	3effffffffb7e
N???C@_S?[@oi?DOAS?	46	3fffffffffff
N???C@_S?[@oi?DOGK?	46	7ffffffffffd
N???C@_S?[@oi?DOGE?	46	3fffffffd77fd
N???C@_S?[@oi?DO?U?	46	3fffffffffff
N???C@_S?[@oi?CWOo?	46	3effffffffb7e
N???C@_S?[@oi?CWAo?	46	3fffffffffff
N???C@_S?[@oi?CW?q?	46	3fffffffffff
N???C@_S?[@oM?oOOo?	46	3fffffffdef7e
N???C@_S?[@oM?gOOo?	46	2ffdeff7fe70fccc
N???C@_S?[@oM?`OWO?	46	3fffffffdef7e
N???C@_S?[@oM?`OSO?	46	2ffdeff7fe70fccc
N???C@_S?[@oM?`OOS?	46	feffffffff37c
N???C@_S?[@oM?_WOo?	46	feffffffff37c
N???C@_S?[@ob?KOEO?	46	3ffffffe97fff
N???C@_S?[@ob?KO?U?	46	fffffffdf7ff
N???C@_S?[@oJ?cOQO?	46	37ff6fdff9f0fb52
N???C@_SA`D_a_@oQA?	46	fffffffdfffe
N???C@_SA`D_B__oQA?	46	fbffbfffff77c
N???C@_SA`@oi?@oU??	46	fbffbfffff77c
N???C@_SA`@oi?@oQA?	46	fffffbbfce7ff
N???C@_SA`@oi?@oAI?	46	fffffffdfffe
N???C@_EBG[?F?Co@W?	46	3ffffffffffd2
N???C@_EBG[?D_AoBO?	46	3faeffff75e937d2
N???C@_EBG[?D_AoBG?	46	3ffffffffffd2
N???C@_EBG[?D_AoAW?	46	3effffffffcfe
N???C@_EBG[?D_Ao@W?	46	7edfffffffcfe
N???C@_EBG[?D_AoBC?	46	3fffffffffff
N???C@_EBG[?D_Ao@c?	46	3fffffffffff
N???C@_EBG[?D_Ao?k?	46	7ffffffffb77c
N???C@_EBG[?D_AoBA?	46	2ffdeff7fe70fccc
N???C@_EBG[?D_Ao@Q?	46	37ff6fdff9f0fb52
N???C@_EBG[?D_AoAI?	46	3effffffffb7e
N???C@_EBG[?D_Ao@I?	46	feffffffff37c
N???C@_EBG[?D_Ao?Y?	46	3bffbffffff7d
N???C@_EBG[?D_AoAE?	46	fffffffef7ff
N???C@_EBG[?D_Ao@E?	46	7ffffffff7ff
N???C@_EBG[?D_Ao?e?	46	fffffffdf7ff
N???C@_EBG[?DOAoBO?	46	3ffffffffffd2
N???C@_EBG[?@oE_R??	46	3fffffffdef7e
N???C@_EBG[?@oE_B_?	46	3ffff7dfdf7ff
N???C@_EBG[?@oE_BG?	46	3ffffffffffd2
N???C@_EBG[?@oE_AW?	46	3effffffffcfe
N???C@_EBG[?@oE_BC?	46	3ffffffffe7f9
N???C@_EBG[?@oE_AS?	46	7fffffffff7f
N???C@_EBG[?@oE_AI?	46	3effffffffb7e
N???C@_EBG[?@oE_?Y?	46	3bffbffffff7d
N???C@_EBG[?@oE_AE?	46	3fffffffdf6fe
N???C@_EBG[?@oE_?U?	46	7fffffff7fff
N???C@_EBGY?E_HO@W?	46	3fffffffffff
N???C@_EBGY?E_@oT??	46	7ffffffffffe
N???C@_EBGY?E_@oD_?	46	3fffffffffff
N???C@_EBGY?E_@oSG?	46	3fffffffffff
N???C@_EBGY?E_@oDG?	46	3fffffffffff
N???C@_EBGY?E_@o@g?	46	3fffffffffff
N???C@_EBGY?E_@o?w?	46	3fffffffffff
N???C@_EBGY?E_@oSC?	46	7ffffffff7ff
N???C@_EBGY?E_@oPC?	46	7ffffffff7ff
N???C@_EBGY?E_@oDC?	46	ffffffffe7ff
N???C@_EBGY?E_@o@c?	46	3fffffffffff
N???C@_EBGY?E_@oOS?	46	3fffffffffff
N???C@_EBGY?E_@o@K?	46	3fffffffffff
N???C@_EBGY?E_@oOE?	46	7ffffffdffff
N???C@_EBGY?E_@o?M?	46	3fffffffffff
N???C@_EBGY??sB_U??	46	7ffffffffffe
N???C@_EBGY??sB_T??	46	3fffffffffff
N???C@_EBGY??sB_F??	46	3fffffffffff
N???C@_EBGY??sB_S_?	46	3fffffffffff
N???C@_EBGY??sB_SO?	46	3fffffffffff
N???C@_EBGY??sB_QO?	46	3fffffffffff
N???C@_EBGY??sB_EO?	46	3fffffffffff
N???C@_EBGY??sB_EG?	46	7ffffffff7ff
N???C@_EBGY??sB_DG?	46	3fffffffffff
N???C@_EBGY??sB_Cg?	46	3fffffffffff
N???C@_EBGY??sB_OW?	46	3fffffffffff
N???C@_EBGY??sB_CW?	46	3fffffffffff
N???C@_EBGY??sB_QC?	46	7ffffffff7ff
N???C@_EBGY??sB_PC?	46	3fffffffffff
N???C@_EBGY??sB_CS?	46	3fffffffffff
N???C@_EBGY??sB_AS?	46	3fffffffffff
N???C@_EBGY??sB_CK?	46	7ffffffdffff
N???C@_EBGY??sB_@K?	46	3fffffffffff
N???C@_EBGY??sB_?k?	46	3fffffffffff
N???C@_EBGY??sB_?[?	46	3fffffffffff
N???C@_EBGM?`_Ao@W?	46	3defbfffdea94fcc
N???C@_EBGM?`_AoBC?	46	3fffffffdef7e
N???C@_EBGM?`_AoOc?	46	ffffffffff74c
N???C@_EBGM?`_Ao@c?	46	7fffffffff7f
N???C@_EBGM?`_Ao@S?	46	3fffffffffff
N???C@_EBGM?`_Ao@K?	46	7fffffffff7f
N???C@_EBGM?`_Ao?[?	46	1ffffffffb7fe
N???C@_EBGM?`_AoPA?	46	3ffffffffffcc
N???C@_EBGM?`_Ao@Q?	46	3fdffffffb7fe
N???C@_EBGM?`_AoOI?	46	3effffffffb7e
N???C@_EBGM?`_Ao@I?	46	7ffffffffb77c
N???C@_EBGM?`_Ao?Y?	46	1ffffeffff7fd
N???C@_EBGM?B__oPC?	46	3fffffffffff
N???C@_EBGM?B__oOS?	46	ffffffffff74c
N???C@_EBGM?B__oPA?	46	3ffffffffffcc
N???C@_EBGM?B__oOQ?	46	feffffffff37c
N???C@_EBGJ?c_@oS_?	46	3fffffffffff
N???C@_EBGJ?c_@oP_?	46	3fffffffffff
N???C@_EBGJ?c_@oSO?	46	3fffffffffff
N???C@_EBGJ?c_@oSG?	46	3fffffffffff
N???C@_EBGJ?c_@oCg?	46	7fffffffff7f
N???C@_EBGJ?c_@o@g?	46	3fffffffffff
N???C@_EBGJ?c_@oCW?	46	3fffffffffff
N???C@_EBGJ?c_@oSC?	46	7ffffffff7ff
N???C@_EBGJ?c_@oPC?	46	7ffffffff7ff
N???C@_EBGJ?c_@oOc?	46	3fffffffffff
N???C@_EBGJ?c_@oOS?	46	3fffffffffff
N???C@_EBGJ?c_@o@K?	46	3fffffffffff
N???C@_EBGJ?c_@o?k?	46	7ffffffffffd
N???C@_EBGJ?c_@oSA?	46	7ffffffff7ff
N???C@_EBGJ?c_@oPA?	46	7ffffffff7ff
N???C@_EBGJ?c_@oDA?	46	3ffffffffe67f
N???C@_EBGJ?c_@oCQ?	46	3fffffffffff
N???C@_EBGJ?c_@oCI?	46	3fffffffffff
N???C@_EBGJ?c_@o?i?	46	3fffffffffff
N???C@_EBGJ?c_@o?M?	46	3fffffffffff
N???C@_EBGJ?_c@oR??	46	7ffffffff7ff
N???C@_EBGJ?_c@oF??	46	3ffffffffe67f
N???C@_EBGJ?_c@oS_?	46	3fffffffffff
N???C@_EBGJ?_c@oSO?	46	3fffffffffff
N???C@_EBGJ?_c@oSG?	46	3fffffffffff
N???C@_EBGJ?_c@oCg?	46	7fffffff7fff
N???C@_EBGJ?_c@oOW?	46	7ffffffff7ff
N???C@_EBGJ?_c@oCW?	46	3fffffffffff
N???C@_EBGJ?_c@oSC?	46	7ffffffdffff
N???C@_EBGJ?_c@oOc?	46	3fffffffffff
N???C@_EBGJ?_c@oOS?	46	3fffffffffff
N???C@_EBGJ?_c@oCS?	46	3fffffffffff
N???C@_EBGJ?_c@oAK?	46	3fffffffffff
N???C@_EBGJ?_c@o?k?	46	7ffffffffffb
N???C@_EBGW_D_AoR??	46	3fffffffffff
N???C@_EBGW_D_AoF??	46	3fffffffffff
N???C@_EBGW_D_AoBO?	46	2fffff7ff7ffb
N???C@_EBGW_D_AoEG?	46	3fffffffffff
N???C@_EBGW_D_AoBG?	46	3fffffffffff
N???C@_EBGW_D_AoAW?	46	3fffffffffff
N???C@_EBGW_D_AoDC?	46	3fffffffffff
N???C@_EBGW_D_AoBC?	46	3fffffffffff
N???C@_EBGW_D_AoCK?	46	7ffffffffb77c
N???C@_EBGW_D_AoQA?	46	7ffffffff7ff
N???C@_EBGW_D_AoPA?	46	7ffffffff7ff
N???C@_EBGW_D_AoBA?	46	3effffffffcfe
N???C@_EBGW_D_AoCE?	46	fffffffdf7ff
N???C@_EBGW_GoE_R??	46	7fffffffefff
N???C@_EBGW_GoE_B_?	46	3fffffffffff
N???C@_EBGW_GoE_QO?	46	3fffffffffff
N???C@_EBGW_GoE_BG?	46	3fffffffffff
N???C@_EBGW_GoE_BC?	46	3fffffffffff
N???C@_EBGW_GoE_QA?	46	7fffffffff7f
N???C@_EBGW_GoE_OQ?	46	3fffffffffff
N???C@_EBGW_GoE_AI?	46	3fffffffffff
N???C@_EBGW_GoE_?U?	46	3fffffffffff
N???C@_EBGW_CoE_T??	46	3fffffffffff
N???C@_EBGW_CoE_P_?	46	3fffffffffff
N???C@_EBGW_CoE_D_?	46	3ffff7dfdf7ff
N???C@_EBGW_CoE_SO?	46	3fffffffffff
N???C@_EBGW_CoE_PC?	46	3fffffffffff
N???C@_EBGW_CoE_DC?	46	3ffffef7ef7ff
N???C@_EBGW_CoE_@c?	46	3ffffef7ef7ff
N???C@_EBGW_CoE_@K?	46	3fffffffffff
N???C@_EBGW_CoE_?[?	46	3fffffffffff
N???C@_EBGW_CoE_OE?	46	3fffffffffff
N???C@_EBGW_@oE_R??	46	7fffffffefff
N???C@_EBGW_@oE_F??	46	3fffffffffff
N???C@_EBGW_@oE_QO?	46	3fffffffffff
N???C@_EBGW_@oE_BG?	46	3fffffffffff
N???C@_EBGW_@oE_AW?	46	3fffffffffff
N???C@_EBGW_@oE_BC?	46	3fffffffffff
N???C@_EBGW_@oE_QA?	46	7ffffffff7ff
N???C@_EBGW_@oE_?Y?	46	3fffffffffff
N???C@_EBGW_?wE_R??	46	7ffffffdffff
N???C@_EBGW_?wE_F??	46	3fffffffffff
N???C@_EBGW_?wE_B_?	46	3fffffffffff
N???C@_EBGW_?wE_BG?	46	3fffffffffff
N???C@_EBGW_?wE_CQ?	46	3fffffffffff
N???C@_EBGW_?wE_AI?	46	3fffffffffff
N???C@_EBGW_?sE_U??	46	3fffffffffff
N???C@_EBGW_?sE_F??	46	3effffffffcfe
N???C@_EBGW_?sE_SO?	46	3fffffffffff
N???C@_EBGW_?sE_EG?	46	3fffffffffff
N???C@_EBGW_?sE_CW?	46	3fffffffffff
N???C@_EBGW_?sE_QC?	46	3fffffffffff
N???C@_EBGW_?sE_CS?	46	3fffffff0ffff
N???C@_EBGW_?sE_AK?	46	3fffffffffff
N???C@_EBGW_?sE_?[?	46	3fffffffffff
N???C@_EBGWOe?@oF??	46	7ffffffffffe
N???C@_EBGWOe?@oEG?	46	3fffffffffff
N???C@_EBGWOe?@oAW?	46	3fffffffffff
N???C@_EBGWOe?@oCI?	46	3fffffffffff
N???C@_EBGWOe?@o?Y?	46	3fffffffffff
N???C@_EBGWOM?@oAS?	46	3fffffffffff
N???C@_EBGWOM?@o?U?	46	3fffffffffff
N???C@_EBGWOD_EOT??	46	3fffffffffff
N???C@_EBGWOD_EOP_?	46	3fffffffffff
N???C@_EBGWOD_EOSO?	46	3fffffffffff
N???C@_EBGWOD_EOPO?	46	3fffffffffff
N???C@_EBGWOD_EODO?	46	3fffffffffff
N???C@_EBGWOD_EO@o?	46	3fffffffffff
N???C@_EBGWOD_EOSG?	46	7ffffffff7ff
N???C@_EBGWOD_EODG?	46	3fffffffffff
N???C@_EBGWOD_EOCg?	46	3fffffffffff
N???C@_EBGWOD_EO?w?	46	3fffffffffff
N???C@_EBGWOD_EOPC?	46	3fffffffffff
N???C@_EBGWOD_EODC?	46	3fffffffffff
N???C@_EBGWOD_EOOS?	46	3fffffffffff
N???C@_EBGWOD_EO@S?	46	3fffffffffff
N???C@_EBGWOD_EOCK?	46	7fffffffff7f
N???C@_EBGWOD_EO@K?	46	3fffffffffff
N???C@_EBGWOD_EO?k?	46	3fffffffffff
N???C@_EBGWOD_EO?[?	46	3fffffffffff
N???C@_EBGWOD_EOSA?	46	3fffffffffff
N???C@_EBGWOD_EODA?	46	3fffffffffff
N???C@_EBGWOD_EOOQ?	46	3fffffffffff
N???C@_EBGWOD_EOCQ?	46	3fffffffffff
N???C@_EBGWOD_EOCI?	46	3fffffffffff
N???C@_EBGWOD_EOOE?	46	3fffffffffff
N???C@_EBGWOD_EOCE?	46	3fffffffffff
N???C@_EBGWOD_EO?U?	46	3fffffffffff
N???C@_EBGWOD_EO?M?	46	3fffffffffff
N???C@_EBGWOD_BOR??	46	3fffffffffff
N???C@_EBGWOD_BOF??	46	3fffffffffff
N???C@_EBGWOD_BOBO?	46	3fffffffffff
N???C@_EBGWOD_BOEG?	46	3fffffffffff
N???C@_EBGWOD_BOBG?	46	7ffffffffeff
N???C@_EBGWOD_BOAW?	46	3fffffffffff
N???C@_EBGWOD_BOBC?	46	3fffffffffff
N???C@_EBGWOD_BOAK?	46	3fffffffffff
N???C@_EBGWOD_BOSA?	46	3fffffffffff
N???C@_EBGWOD_BOCI?	46	3fffffffffff
N???C@_EBGWOD_BOAI?	46	7fffffffff7f
N???C@_EBGWOD_BO@I?	46	7fffffffff7f
N???C@_EBGWOD_BO?M?	46	3fffffffffff
N???C@_EBGWOD_AoR??	46	3fffffffffff
N???C@_EBGWOD_AoF??	46	3fffffffffff
N???C@_EBGWOD_AoB_?	46	3fffffffffff
N???C@_EBGWOD_AoSG?	46	3ffffffffffcc
N???C@_EBGWOD_AoPG?	46	3fffffffffff
N???C@_EBGWOD_AoDG?	46	3fffffffffff
N???C@_EBGWOD_AoBG?	46	3fffffffffff
N???C@_EBGWOD_AoAg?	46	3fffffffffff
N???C@_EBGWOD_AoQC?	46	3fffffffffff
N???C@_EBGWOD_AoPC?	46	3fffffffffff
N???C@_EBGWOD_AoBC?	46	3fffffffffff
N???C@_EBGWOD_AoAK?	46	3fffffffffff
N???C@_EBGWOD_AoQA?	46	3fffffffffff
N???C@_EBGWOD_AoEA?	46	3fffffffffff
N???C@_EBGWOD_AoPA?	46	3fffffffffff
N???C@_EBGWOD_AoDA?	46	3fffffffffff
N???C@_EBGWOD_AoCI?	46	3fffffffffff
N???C@_EBGWOD_Ao@I?	46	3fffffffffff
N???C@_EBGWOD_AoOE?	46	3fffffffffff
N???C@_EBGWOD_AoAE?	46	3fffffffffff
N???C@_EBGWOD_Ao@E?	46	3fffffffffff
N???C@_EBGWOKOB_R??	46	3fffffffffff
N???C@_EBGWOKOB_BO?	46	3fffffffffff
N???C@_EBGWOKOB_BC?	46	3fffffffffff
N???C@_EBGWOKOB_QA?	46	7ffffffffffe
N???C@_EBGWOKOB_PA?	46	3fffffffffff
N???C@_EBGWOKOB_BA?	46	3fffffffffff
N???C@_EBGWOKOB_@I?	46	3fffffffffff
N???C@_EBGWOKOB_?Y?	46	3fffffffffff
N???C@_EBGWOKOB_AE?	46	7ffffffff7ff
N???C@_EBGWOKOB_@E?	46	3fffffffffff
N???C@_EBGWOKOB_?e?	46	3fffffffffff
N???C@_EBGWODOE_T??	46	3fffffffffff
N???C@_EBGWODOE_S_?	46	3fffffffffff
N???C@_EBGWODOE_P_?	46	3fffffffffff
N???C@_EBGWODOE_D_?	46	3fffffffffff
N???C@_EBGWODOE_SO?	46	7ffffffff7ff
N???C@_EBGWODOE_PC?	46	3fffffffffff
N???C@_EBGWODOE_DC?	46	3fffffffffff
N???C@_EBGWODOE_@c?	46	3fffffffffff
N???C@_EBGWODOE_OS?	46	7fffffffff7f
N???C@_EBGWODOE_@K?	46	3fffffffffff
N???C@_EBGWODOE_OE?	46	3fffffffffff
N???C@_EBGWOGoF?R??	46	3fffffffffff
N???C@_EBGWOGoF?BO?	46	3fffffffffff
N???C@_EBGWOGoF?BC?	46	7fffffffff7f
N???C@_EBGWOGoF?Ac?	46	7fffffffff7f
N???C@_EBGWOGoF?QA?	46	3fffffffffff
N???C@_EBGWOGoF?AQ?	46	3fffffffffff
N???C@_EBGWOGoF??e?	46	7fffffff7fff
N???C@_EBGWOCoF?T??	46	3fffffffffff
N???C@_EBGWOCoF?S_?	46	7ffffffff7ff
N???C@_EBGWOCoF?P_?	46	3fffffffffff
N???C@_EBGWOCoF?SO?	46	3fffffffffff
N???C@_EBGWOCoF?PO?	46	3fffffffffff
N???C@_EBGWOCoF?DO?	46	3fffffffffff
N???C@_EBGWOCoF?SG?	46	3fffffffffff
N???C@_EBGWOCoF?PC?	46	3fffffffffff
N???C@_EBGWOCoF?DC?	46	7fffffffff7f
N???C@_EBGWOCoF?@c?	46	7fffffffff7f
N???C@_EBGWOCoF?OS?	46	3fffffffffff
N???C@_EBGWOCoF?@S?	46	3fffffffffff
N???C@_EBGWOCoF?CK?	46	3fffffffffff
N???C@_EBGWOCoF?@K?	46	3fffffffffff
N???C@_EBGWOCoF??k?	46	3fffffffffff
N???C@_EBGWOCoF??[?	46	3fffffffffff
N???C@_EBGWOCoF?OE?	46	3fffffffffff
N???C@_EBGWOCoF??U?	46	3fffffffffff
N???C@_EBGWO@oF?U??	46	3fffffffffff
N???C@_EBGWO@oF?R??	46	3fffffffffff
N???C@_EBGWO@oF?F??	46	7ffffffffffe
N???C@_EBGWO@oF?EG?	46	3fffffffffff
N???C@_EBGWO@oF?BG?	46	7ffffffffeff
N???C@_EBGWO@oF?AW?	46	3fffffffffff
N???C@_EBGWO@oF?BC?	46	7fffffffff7f
N???C@_EBGWO@oF?AK?	46	3fffffffffff
N???C@_EBGWO@oF?SA?	46	3fffffffffff
N???C@_EBGWO@oF?QA?	46	3fffffffffff
N???C@_EBGWO@oF?CI?	46	3fffffffffff
N???C@_EBGWO@oF??M?	46	3fffffffffff
N???C@_EBGWO@oE_U??	46	3fffffffffff
N???C@_EBGWO@oE_R??	46	3fffffffffff
N???C@_EBGWO@oE_F??	46	3fffffffffff
N???C@_EBGWO@oE_Q_?	46	3fffffffffff
N???C@_EBGWO@oE_B_?	46	3fffffffffff
N???C@_EBGWO@oE_QG?	46	3fffffffffff
N???C@_EBGWO@oE_EG?	46	3fffffffffff
N???C@_EBGWO@oE_BG?	46	3fffffffffff
N???C@_EBGWO@oE_QC?	46	3fffffffffff
N???C@_EBGWO@oE_BC?	46	3fffffffffff
N???C@_EBGWO@oE_SA?	46	3fffffffffff
N???C@_EBGWO@oE_EA?	46	3fffffffffff
N???C@_EBGWO@oE_OI?	46	3fffffffffff
N???C@_EBGWO@oE_CI?	46	3fffffffffff
N???C@_EBGWO@oE_OE?	46	3fffffffffff
N???C@_EBGWO@oE_CE?	46	3fffffffffff
N???C@_EBGWO@oEOU??	46	3fffffffffff
N???C@_EBGWO@oEOR??	46	7fffffffefff
N???C@_EBGWO@oEOF??	46	3fffffffffff
N???C@_EBGWO@oEOQO?	46	3fffffffffff
N???C@_EBGWO@oEOSA?	46	3fffffffffff
N???C@_EBGWO@oEOEA?	46	3fffffffffff
N???C@_EBGWO@oEOOQ?	46	3fffffffffff
N???C@_EBGWOEG@oR??	46	7ffffffff7ff
N???C@_EBGWOEG@oF??	46	3ffffffffe67f
N???C@_EBGWOEG@oE_?	46	7fffffffff7f
N???C@_EBGWOEG@oEO?	46	3fffffffffff
N???C@_EBGWOEG@oEG?	46	3fffffffffff
N???C@_EBGWOEG@oBG?	46	3fffffffffff
N???C@_EBGWOEG@oQA?	46	7ffffffdffff
N???C@_EBGWOEG@oCa?	46	7fffffff7fff
N???C@_EBGWOEG@oCQ?	46	3fffffffffff
N???C@_EBGWOEG@oCI?	46	3fffffffffff
N???C@_EBGWOCWB_R??	46	3fffffffffff
N???C@_EBGWOCWB_F??	46	3fffffffffff
N???C@_EBGWOCWB_S_?	46	3ffffffffffcc
N???C@_EBGWOCWB_E_?	46	3fffffffffff
N???C@_EBGWOCWB_SO?	46	3ffffffffffcc
N???C@_EBGWOCWB_BO?	46	3fffffffffff
N???C@_EBGWOCWB_EA?	46	7ffffffff7ff
N???C@_EBGWOCWB_PA?	46	3fffffffffff
N???C@_EBGWOCWB_DA?	46	3fffffffffff
N???C@_EBGWOCWB_BA?	46	3fffffffffff
N???C@_EBGWOCWB_Ca?	46	3fffffffffff
N???C@_EBGWOCWB_OQ?	46	3fffffffffff
N???C@_EBGWOCWB_AQ?	46	3fffffffffff
N???C@_EBGWOCWB_CI?	46	7ffffffdffff
N???C@_EBGWOCWB_@I?	46	3fffffffffff
N???C@_EBGWO@WE_R??	46	3fffffffffff
N???C@_EBGWO@WE_F??	46	3fffffffffff
N???C@_EBGWO@WE_B_?	46	3fffffffffff
N???C@_EBGWO@WE_QO?	46	3fffffffffff
N???C@_EBGWO@WE_BG?	46	7fffffff7fff
N???C@_EBGWO@WE_QA?	46	3fffffffffff
N???C@_EBGWO@WE_OQ?	46	3fffffffffff
N???C@_EBGWO@WE_CQ?	46	3fffffffffff
N???C@_EBGWO@WE_AI?	46	7ffffffffeff
N???C@_EBGWO?wF?R??	46	3fffffffffff
N???C@_EBGWO?wF?F??	46	7fffffffff7f
N???C@_EBGWO?wF?E_?	46	7fffffffff7f
N???C@_EBGWO?wF?BO?	46	3fffffffffff
N???C@_EBGWO?wF?BG?	46	3fffffffffff
N???C@_EBGWO?wF?Ca?	46	7fffffff7fff
N???C@_EBGWO?wF?AQ?	46	3fffffffffff
N???C@_EBGWO?wF?AI?	46	3fffffffffff
N???C@_EBGWOCSB_U??	46	7ffffffffffe
N???C@_EBGWOCSB_T??	46	3fffffffffff
N???C@_EBGWOCSB_F??	46	3fffffffffff
N???C@_EBGWOCSB_S_?	46	3ffffef7ef7ff
N???C@_EBGWOCSB_SO?	46	3ffffef7ef7ff
N???C@_EBGWOCSB_EO?	46	3fffffffffff
N???C@_EBGWOCSB_EG?	46	7ffffffff7ff
N???C@_EBGWOCSB_DG?	46	3fffffffffff
N???C@_EBGWOCSB_Cg?	46	3fffffffffff
N???C@_EBGWOCSB_OW?	46	3fffffffffff
N???C@_EBGWOCSB_CW?	46	3fffffffffff
N???C@_EBGWOCSB_PC?	46	3fffffffffff
N???C@_EBGWOCSB_OS?	46	3fff7fefdfeff
N???C@_EBGWOCSB_CS?	46	2ffdeff7fe70fccc
N???C@_EBGWOCSB_AS?	46	3fffffffffff
N???C@_EBGWOCSB_CK?	46	fffffffd7fff
N???C@_EBGWOCSB_AK?	46	7ffffffdffff
N???C@_EBGWOCSB_@K?	46	3fffffffffff
N???C@_EBGWOCSB_?k?	46	3fffffffffff
N???C@_EBGWO@SE_U??	46	3fffffffffff
N???C@_EBGWO@SE_F??	46	3fffffffffff
N???C@_EBGWO@SE_S_?	46	7ffffffffffe
N???C@_EBGWO@SE_SO?	46	7ffffffdffff
N???C@_EBGWO@SE_EG?	46	3fffffffffff
N???C@_EBGWO@SE_OW?	46	3fffffffffff
N???C@_EBGWO@SE_CW?	46	3fffffffffff
N???C@_EBGWO@SE_QC?	46	3fffffffffff
N???C@_EBGWO@SE_OS?	46	7fffffff7fff
N???C@_EBGWO@SE_CS?	46	7fffffff7fff
N???C@_EBGWO@SE_AK?	46	3fffffffffff
N???C@_EBGWO?sF?U??	46	3fffffffffff
N???C@_EBGWO?sF?R??	46	3fffffffffff
N???C@_EBGWO?sF?F??	46	7fffffffff7f
N???C@_EBGWO?sF?S_?	46	7ffffffdffff
N???C@_EBGWO?sF?SO?	46	7ffffffffffe
N???C@_EBGWO?sF?QO?	46	3fffffffffff
N???C@_EBGWO?sF?EO?	46	3fffffffffff
N???C@_EBGWO?sF?SG?	46	7ffffffffffe
N???C@_EBGWO?sF?EG?	46	3fffffffffff
N???C@_EBGWO?sF?BG?	46	7fffffffff7f
N???C@_EBGWO?sF?Cg?	46	3fffffffffff
N???C@_EBGWO?sF?OW?	46	7ffffffff7ff
N???C@_EBGWO?sF?CW?	46	7ffffffff7ff
N???C@_EBGWO?sF?BC?	46	7fffffff7fff
N???C@_EBGWO?sF?OS?	46	7ffffffff7ff
N???C@_EBGWO?sF?CK?	46	7ffffffff7ff
N???C@_EBGWO?sF?AK?	46	3fffffffffff
N???C@_EBGWO?sF??k?	46	3fffffffffff
N???C@_EBGWO?sF??[?	46	7ffffffdffff
N???C@_EBGKOd?EOPO?	46	3ffffffffffd2
N???C@_EBGKOd?AoR??	46	3ffffffffffd2
N???C@_EBGKOd?AoOc?	46	ffffffffff74c
N???C@_EBGKOd?AoAc?	46	3ffffffffe67f
N???C@_EBGKOd?AoPA?	46	1ffffffffb7fe
N???C@_EBGKOF?_oR??	46	37ff6fdff9f0fb52
N???C@_EBGKOF?_oQA?	46	3fefedefe76634fe
N???C@_EBGKOD_aOOc?	46	3defbfffdea94fcc
N???C@_EC`M?B_@o@o?	46	2ffeffffffefb
N???C@_EC`M?B_@o@g?	46	2ffeffffffefb
N???C@_EC`M?B_@oWA?	46	fffffbbfce7ff
N???C@_EC`M?B_@oOa?	46	3fffffffffff
N???C@_EC`X?@oH_IG?	46	7fffffffff7f
N???C@_EC`X?@oH_BG?	46	7ffffffff7ff
N???C@_EC`X?@oH_?w?	46	3ffdf7ffff77f
N???C@_EC`J?H_@oP_?	46	3fffffffffff
N???C@_EC`J?H_@oCo?	46	3fffffffffff
N???C@_EC`J?H_@o@o?	46	3fffffffffff
N???C@_EC`J?H_@oWG?	46	7fffffffff7f
N???C@_EC`J?H_@oPG?	46	7ffffffff7ff
N???C@_EC`J?H_@oHG?	46	7ffffffff7ff
N???C@_EC`J?H_@oDG?	46	3fffffffffff
N???C@_EC`J?H_@o@g?	46	3fffffffffff
N???C@_EC`J?H_@o?w?	46	3fffffffffff
N???C@_EC`J?H_@oPA?	46	fffffbbfce7ff
N???C@_EC`J?H_@oOa?	46	3fffffffffff
N???C@_EC`J?H_@o@a?	46	3fffffffffff
N???C@_EC`J?H_@oCI?	46	3fffffffffff
N???C@_EC`I_I_@oP_?	46	3fffffffffff
N???C@_EC`I_I_@oKO?	46	3fffffffffff
N???C@_EC`I_I_@oDO?	46	3fffffffffff
N???C@_EC`I_I_@oSG?	46	3fffffffffff
N???C@_EC`I_I_@oDG?	46	3fffffffffff
N???C@_EC`I_I_@oWA?	46	fffffffdfffd
N???C@_EC`I_I_@oSA?	46	7ffffffdffff
N???C@_EC`I_I_@oOQ?	46	3fffffffffff
N???C@_EC`I_H_AoL??	46	3fffffffffff
N???C@_EC`I_H_AoP_?	46	3fffffffffff
N???C@_EC`I_H_AoPO?	46	3fffffffffff
N???C@_EC`I_H_AoSG?	46	3fffffffffff
N???C@_EC`I_H_AoHG?	46	7ffffffff7ff
N???C@_EC`I_H_AoDG?	46	3fffffffffff
N???C@_EC`I_H_Ao@W?	46	3fffffffffff
N???C@_EC`I_H_AoWA?	46	fffffffeff7f
N???C@_EC`I_H_AoSA?	46	7ffffffeffff
N???C@_EC`I_H_AoOQ?	46	3fffffffffff
N???C@_EC`I_B_GoL??	46	3fffffffffff
N???C@_EC`I_B_GoP_?	46	7ffffffff7ff
N???C@_EC`I_B_GoKO?	46	3fffffffffff
N???C@_EC`I_B_GoOo?	46	3fffffffffff
N???C@_EC`I_B_Go@o?	46	3fffffffffff
N???C@_EC`I_B_GoDG?	46	3fffffffffff
N???C@_EC`I_B_GoOQ?	46	3fffffffffff
N???C@_EC`P_OoH_L??	46	3fffffffffff
N???C@_EC`P_OoH_B_?	46	7fffffffff7f
N???C@_EC`P_OoH_KG?	46	3ffffffffffcc
N???C@_EC`P_OoH_BG?	46	7ffffffff7ff
N???C@_EC`P_OoH_Aa?	46	7fffffff7fff
N???C@_EC`P_@oW_B_?	46	7ffffffffffe
N???C@_EC`P_@oW_KO?	46	3ffffffffffcc
N???C@_EC`P_@oW_KG?	46	3ffffffffffcc
N???C@_EC`P_@oW_BG?	46	7ffffffffffd
N???C@_EC`P_@oW_Aa?	46	7ffffffffffd
N???C@_EC`B_W_@o[??	46	7ffffffff7ff
N???C@_EC`B_W_@oL??	46	ffffffffe7ff
N???C@_EC`B_W_@oWG?	46	3fffffffffff
N???C@_EC`B_W_@oPG?	46	7ffffffffffd
N???C@_EC`B_W_@oHG?	46	3fffffffffff
N???C@_EC`B_W_@o@W?	46	3fffffffffff
N???C@_EC`B_W_@o?w?	46	3fffffffffff
N???C@_EC`B_W_@oWA?	46	7ffffffdffff
N???C@_EC`B_W_@oPA?	46	fffffffdfffd
N???C@_EC`B_W_@oOQ?	46	3fffffffffff
N???C@_EC`B_W_@o@Q?	46	3fffffffffff
N???C@_EC`B_W_@oGI?	46	3fffffffffff
N???C@_EC`B_P_GoL??	46	3fffffffffff
N???C@_EC`B_P_GoPO?	46	3fffffffffff
N???C@_EC`B_P_GoDO?	46	3fffffffffff
N???C@_EC`B_P_GoGo?	46	3fffffffffff
N???C@_EC`B_P_GoWG?	46	3fffffffffff
N???C@_EC`B_P_GoHG?	46	3fffffffffff
N???C@_EC`B_P_GoDG?	46	7ffffffff7ff
N???C@_EC`B_P_GoCW?	46	3fffffffffff
N???C@_EC`B_P_Go@W?	46	3fffffffffff
N???C@_EC`B_P_GoSA?	46	7fffffffff7f
N???C@_EC`B_P_GoPA?	46	fffffffeff7f
N???C@_EC`B_P_GoOQ?	46	3fffffffffff
N???C@_EC`B_P_GoCQ?	46	3fffffffffff
N???C@_EC`B_P_Go@Q?	46	3fffffffffff
N???C@_EC`B_P_GoGI?	46	3fffffffffff
N???C@_EC`B_P_GoCI?	46	7ffffffeffff
N???C@_EC`AoY?@oL??	46	ffffffff0e7ff
N???C@_EC`AoY?@oK_?	46	3fffffffffff
N???C@_EC`AoY?@oP_?	46	3fffffffffff
N???C@_EC`AoY?@oOo?	46	fffdf7ffff77c
N???C@_EC`AoY?@oWG?	46	3fffffffffff
N???C@_EC`AoY?@oWA?	46	7ffffffdffff
N???C@_EC`AoX?Ao[??	46	fffffffff77f
N???C@_EC`AoX?AoL??	46	3fffffffffff
N???C@_EC`AoX?AoP_?	46	3fffffffffff
N???C@_EC`AoX?AoPO?	46	7ffffffffffe
N???C@_EC`AoX?AoHO?	46	3fffffffffff
N???C@_EC`AoX?Ao@o?	46	3fffffffffff
N???C@_EC`AoX?AoWG?	46	3fffffffffff
N???C@_EC`AoX?AoHG?	46	3fffffffffff
N???C@_EC`AoX?Ao@g?	46	3fffffffffff
N???C@_EC`AoX?AoGW?	46	3fffffffffff
N???C@_EC`AoX?Ao@W?	46	7ffffffff7ff
N???C@_EC`AoX?Ao?w?	46	3fffffffffff
N???C@_EC`AoX?AoWA?	46	7ffffffeffff
N???C@_EC`AoX?AoKA?	46	fffffffef7ff
N???C@_EC`AoX?AoOa?	46	7ffffffdffff
N???C@_EC`AoX?Ao@a?	46	3fffffffffff
N???C@_EC`AoX?AoOQ?	46	7ffffffffffd
N???C@_EC`AoX?AoGI?	46	3fffffffffff
N???C@_EC`AoR?GoL??	46	3fffffffffff
N???C@_EC`AoR?GoK_?	46	3fffffffffff
N???C@_EC`AoR?GoP_?	46	7ffffffff7ff
N???C@_EC`AoR?GoH_?	46	ffffffffe7ff
N???C@_EC`AoR?GoKO?	46	3fffffffffff
N???C@_EC`AoR?GoPO?	46	3fffffffffff
N???C@_EC`AoR?GoDO?	46	3fffffffffff
N???C@_EC`AoR?GoWG?	46	3fffffffffff
N???C@_EC`AoR?GoHG?	46	3fffffffffff
N???C@_EC`AoR?GoDG?	46	3fffffffffff
N???C@_EC`AoR?GoSA?	46	7ffffffffffe
N???C@_EC`AoB_WOL??	46	3fffffffffff
N???C@_EC`AoB_WOK_?	46	3fffffffffff
N???C@_EC`IGH_B_L??	46	3fffffffffff
N???C@_EC`IGH_B_Co?	46	3fffffffffff
N???C@_EC`IGH_B_@o?	46	3fffffffffff
N???C@_EC`IGH_B_PG?	46	7ffffffff7ff
N???C@_EC`IGH_B_HG?	46	7ffffffff7ff
N???C@_EC`IGH_B_DG?	46	3fffffffffff
N???C@_EC`IGH_B_Og?	46	3fffffffffff
N???C@_EC`IGH_B_Gg?	46	3fffffffffff
N???C@_EC`IGH_B_@g?	46	3fffffffffff
N???C@_EC`IGH_B_?w?	46	3fffffffffff
N???C@_EC`IGH_B_WA?	46	ffffffffff74c
N???C@_EC`IGH_B_Oa?	46	3fffffffffff
N???C@_EC`IGH_B_Ga?	46	3fffffffffff
N???C@_EC`IGH_B_GI?	46	ffffffffc87ff
N???C@_EC`PGP_H_L??	46	7fffffff7fff
N???C@_EC`PGP_H_B_?	46	7ffffffffffe
N???C@_EC`BGP_H_L??	46	3fffffffffff
N???C@_EC`BGP_H_KG?	46	3fffffffffff
N???C@_EC`BGP_H_WA?	46	7fffffffff7f
N???C@_EC`BGP_H_Oa?	46	7ffffffffffd
N???C@_EC`AgW_B_L??	46	3fffffffffff
N???C@_EC`AgW_B_Oo?	46	3fffffffffff
N???C@_EC`AgW_B_@o?	46	3fffffffffff
N???C@_EC`AgW_B_PG?	46	7ffffffffffd
N???C@_EC`AgW_B_HG?	46	3fffffffffff
N???C@_EC`AgW_B_Og?	46	7ffffffffffd
N???C@_EC`AgW_B_Gg?	46	3fffffffffff
N???C@_EC`AgW_B_@W?	46	3fffffffffff
N???C@_EC`AgW_B_?w?	46	3fffffffffff
N???C@_EC`AgW_B_KA?	46	7ffffffff7ff
N???C@_EC`AgW_B_OQ?	46	3fffffffffff
N???C@_EC`AgP_I_L??	46	3fffffffffff
N???C@_EC`AgP_I_DO?	46	3fffffffffff
N???C@_EC`AgP_I_Go?	46	3fffffffffff
N???C@_EC`AgP_I_PG?	46	7fffffffff7f
N???C@_EC`AgP_I_HG?	46	3fffffffffff
N???C@_EC`AgP_I_DG?	46	7ffffffff7ff
N???C@_EC`AgP_I_Cg?	46	3fffffffffff
N???C@_EC`AgP_I_OW?	46	3fffffffffff
N???C@_EC`AgP_I_@W?	46	3fffffffffff
N???C@_EC`AgP_I_?w?	46	3fffffffffff
N???C@_EC`AgP_I_SA?	46	7fffffffff7f
N???C@_EC`AgP_I_Oa?	46	7ffffffff7ff
N???C@_EC`AgP_I_OQ?	46	3fffffffffff
N???C@_EC`GIH_B_M??	46	7ffffffff7ff
N???C@_EC`GIH_B_K_?	46	3fffffffffff
N???EA_S?WDOJ?c_IO?	46	3fffffffffff
N???EA_S?WDOJ?c_Ga?	46	3fffffffffff
N???EA_S?WDOJ?c_GQ?	46	3fffffffffff
N???EA_S?WDOJ?D_GK?	46	3ffffffffffd2
N???EA_S?WDOJ?D_OH?	46	3ffffffffffcc
N???EA_S?WDOJ?D_GB?	46	3fffffff0ffff
N???EA_S?WDOJ?CgY??	46	3fffffffffff
N???EA_S?WDOJ?CgQO?	46	3ffff7dfdf7ff
N???EA_S?WDOJ?CgIG?	46	3fffffffffff
N???EA_S?WDOJ?CgGg?	46	3fffffffffff
N???EA_S?WDOJ?CgWA?	46	3fffffffffff
N???EA_S?WDOJ?CgGQ?	46	3fffffffffff
N???EA_S?WDOJ?CgGI?	46	3fffffffffff
N???EA_S?WDOJ?CaOg?	46	3ffffffffffcc
N???EA_S?WDOJ?CaGa?	46	3fffffff0ffff
N???EA_S?WDOH_F?WG?	46	3effffffffcfe
N???EA_S?WDOH_F?WA?	46	3bfffffbf7ffd
N???EA_S?WDOH_E_Y??	46	3fffffffffff
N???EA_S?WDOH_E_WG?	46	3effffffffcfe
N???EA_S?WDOH_E_QG?	46	3fffffffffff
N???EA_S?WDOH_E_IG?	46	3ffff7dfdf7ff
N???EA_S?WDOH_E_Og?	46	3ffffffffffd2
N???EA_S?WDOH_E_Gg?	46	3fffffffffff
N???EA_S?WDOH_E_QC?	46	3ffff7dfdf7ff
N???EA_S?WDOH_E_Ac?	46	3ff73fdb9cfdef61
N???EA_S?WDOH_E_OK?	46	3ffffffffffd2
N???EA_S?WDOH_E_?k?	46	1ffffffffcffe
N???EA_S?WDOH_E_WA?	46	3bfffffbf7ffd
N???EA_S?WDOH_E_Ga?	46	3ffff7dfdf7ff
N???EA_S?WDOH_E_Aa?	46	3ff8ffe76cfdf6e1
N???EA_S?WDOH_E_?i?	46	3fffffffffff
N???EA_S?WDOH_CgY??	46	3ffffffffffcc
N???EA_S?WDOH_CgR??	46	3ffff7dfdf7ff
N???EA_S?WDOH_CgP_?	46	3faeffff75e937d2
N???EA_S?WDOH_CgH_?	46	3fffffffffff
N???EA_S?WDOH_CgIG?	46	1ffffffffb7fe
N???EA_S?WDOH_CgHG?	46	3fffffffffff
N???EA_S?WDOH_CgBG?	46	3fffffffffff
N???EA_S?WDOH_Cg@g?	46	1ffffffffcffe
N???EA_S?WDOH_CgGI?	46	3ffdf7ffff77f
N???EA_S?WDOH_CgP@?	46	2ffdeff7fe70fccc
N???EA_S?WDOB_L?WG?	46	3effffffffcfe
N???EA_S?WDOB_L?WA?	46	3bfffffbf7ffd
N???EA_S?WDOB_K_IG?	46	3ffff7dfdf7ff
N???EA_S?WDOB_K_Og?	46	3ffffffffffd2
N???EA_S?WDOB_K_QC?	46	3ffff7dfdf7ff
N???EA_S?WDOB_K_WA?	46	3bfffffbf7ffd
N???EA_S?WDOB_K_Ga?	46	3ffff7dfdf7ff
N???EA_S?WDOB_D_SG?	46	3faeffff75e937d2
N???EA_S?WDOB_D_E@?	46	3ff8ffe76cfdf6e1
N???EA_S?W@oJ?K_GH?	46	3fffffffffff
N???EA_S?W@oJ?K_?L?	46	1ffffffffb7fe
N???EA_S?W@oJ?CgY??	46	3ffffffffffcc
N???EA_S?W@oJ?CgIG?	46	1ffffffffb7fe
N???EA_S?W@oJ?CgGI?	46	1ffffeffff7fd
N???EA_S?W@oJ?CaEO?	46	3ff8ffe76cfdf6e1
N???EA_S?W@oJ?CaWG?	46	3ff8ffe76cfdf6e1
N???EA_S?W@oJ?CaSG?	46	2ffdeff7fe70fccc
N???EA_S?W@oJ?CaKG?	46	3fff7fefdfeff
N???EA_S?W@oJ?CaIG?	46	37ff6fdff9f0fb52
N???EA_S?W@oJ?CaWC?	46	3ff8ffe76cfdf6e1
N???EA_S?W@oJ?CaCK?	46	3fefedefe76634fe
N???EA_S?W@oJ?CaWA?	46	3ff73fdb9cfdef61
N???EA_S?W@oJ?CaOI?	46	3defbfffdea94fcc
N???EA_S?W@oJ?CaGI?	46	3defbfffdea94fcc
N???EA_S?W@oB_K_W@?	46	3fffffffffff
N???EA_S?W@oB_K_E@?	46	3ff8ffe76cfdf6e1
N???EA_S?W@oB_K_?F?	46	3ffffffffffcc
N???EA_S?WSGS_B_D_?	46	1ffffffffb7fe
N???EA_S?WSGS_B_DC?	46	3fffffffffff
N???EA_S?WSGK_B_H_?	46	3fffffffdef7e
N???EA_S?WSGK_B_B_?	46	3ffff7dfdf7ff
N???EA_S?WSGK_B_HC?	46	3fffffffffff
N???EA_S?WSGK_B_@c?	46	3ffffffffffd2
N???EA_S?WSGQ_D_D_?	46	3fffffffffff
N???EA_S?WSGQ_D_EC?	46	ffffffffff74c
N???EA_S?WSGQ_D_DC?	46	3fffffffdef7e
N???EA_S?WSGQ_D_Cc?	46	3fffffffffff
N???EA_S?WSGI_D_J??	46	3fffffffffff
N???EA_S?WSGI_D_B_?	46	3ffff7dfdf7ff
N???EA_S?WSGI_D_IC?	46	ffffffffff74c
N???EA_S?WSGI_D_Gc?	46	3fffffffffff
N???EA_S?WSGI_D_Ac?	46	3fffffffffff
N???EA_S?WSGI_D_@c?	46	3ffffffffffd2
N???EA_S?WSGI_D_AD?	46	3fffffffffff
N???EA_S?WSGE_D_D_?	46	3ffff7dfdf7ff
N???EA_S?WSGE_D_DC?	46	3fffffffffff
N???EA_S?WSGE_B_K_?	46	3effffffffcfe
N???EA_S?WSGE_B_E_?	46	3ffff7dfdf7ff
N???EA_S?WSGE_B_Cc?	46	3ffffffffffd2
N???EA_S?WSGE_B_CP?	46	2ffdeff7fe70fccc
N???EA_S?WSGCcB_D_?	46	3ffe7f8f6b7ef07b
N???EA_S?WQCK_B_D_?	46	3ffff7dfdf7ff
N???EA_S?WQCK_B_@g?	46	3fffffffffff
N???EA_S?WQCK_B_DA?	46	3fffffffffff
N???EA_S?WQCK_B_@a?	46	3fffffffffff
N???EA_S?WQCK_B_@I?	46	3fffffffffff
N???EA_S?WQCK_B_?J?	46	7ffffffdffff
N???EA_S?WQCI_H_B_?	46	3ffff7dfdf7ff
N???EA_S?WQCI_H_GQ?	46	1ffffffffb7fe
N???EA_S?WQCI_H_GH?	46	7ffffffff7ff
N???EA_S?WQCI_H_AH?	46	7ffffffff7ff
N???EA_S?WQCI_H_GB?	46	7ffffffff7ff
N???EA_S?WQCI_B_E_?	46	3ffff7dfdf7ff
N???EA_S?WQCI_B_Gg?	46	3fffffffffff
N???EA_S?WQCI_B_Ag?	46	3fffffffffff
N???EA_S?WQCI_B_Ga?	46	7ffffffffffd
N???EA_S?WQCI_B_GQ?	46	7ffffffffffd
N???EA_S?WQCI_B_AH?	46	3fffffffffff
N???EA_S?WQCI_B_GB?	46	7ffffffffffb
N???EA_S?WQCE_H_D_?	46	3ffff7dfdf7ff
N???EA_S?WQCE_H_@o?	46	3ffff7dfdf7ff
N???EA_S?WQCE_H_@g?	46	3fffffffffff
N???EA_S?WQCE_H_@W?	46	3fffffffffff
N???EA_S?WQCE_H_KA?	46	ffffffffff74c
N???EA_S?WQCE_H_@a?	46	3fffffffffff
N???EA_S?WQCE_H_CI?	46	7ffffffffb77c
N???EA_S?WQCE_H_?i?	46	3fffffffffff
N???EA_S?WQCE_H_?Y?	46	3ffdf7ffff77f
N???EA_S?WQCE_H_@P?	46	3fffffff0ffff
N???EA_S?WQCE_H_CH?	46	3fffffffffff
N???EA_S?WQCE_H_?h?	46	3fffffffffff
N???EA_S?WQCE_H_?J?	46	7ffffffeffff
N???EA_S?WQCAaH_HA?	46	ffffffffff7b
N???EA_S?WQCAaH_Ga?	46	7ffffffffffb
N???EA_S?WECI_B_W_?	46	3fffffffffff
N???EA_S?WECI_B_Q_?	46	3ffff7dfdf7ff
N???EA_S?WECI_B_QO?	46	3ffff7dfdf7ff
N???EA_S?WECI_B_Og?	46	3ffffffffffd2
N???EA_S?WECI_B_Gg?	46	7ffffffffffd
N???EA_S?WECI_B_OW?	46	3ffffffffffd2
N???EA_S?WECI_B_GW?	46	7ffffffffffd
N???EA_S?WECI_B_W@?	46	3fffffffffff
N???EA_S?WASIOB_[??	46	3fffffffffff
N???EA_S?WASIOB_Y??	46	3fffffffffff
N???EA_S?WASIOB_M??	46	3fffffffffff
N???EA_S?WASIOB_W_?	46	3fffffffffff
N???EA_S?WASIOB_S_?	46	3ffffffffffd2
N???EA_S?WASIOB_I_?	46	3fffffffffff
N???EA_S?WASIOB_IO?	46	3fffffffffff
N???EA_S?WASIOB_I@?	46	3fffffffffff
N???EA_S?WASIO@cP_?	46	3fffffffffff
N???EA_S?WASIO@cD_?	46	3fffffffffff
N???EA_S?WE@I_D_WG?	46	3fffffffffff
N???EA_S?WE@I_D_GK?	46	3fffffffffff
N???EA_S?WE@I_D_OE?	46	3fffffffffff
N???EA_S?WE@I_D_?M?	46	3fffffffffff
N???EA_S?WD@E_D_Co?	46	3ff8ffe76cfdf6e1
N???EA_S?WD@E_D_?q?	46	37ff6fdff9f0fb52
N???EA_S?WD@H_E_IG?	46	3fffffff0ffff
N???EA_S?WD@H_E_Og?	46	3ffffffffffcc
N???EA_S?WD@H_E_GK?	46	3ffffffffffcc
N???EA_S?WD@H_E_WA?	46	2ffeffffffefb
N???EA_S?WD@H_E_Ga?	46	3fffffff0ffff
N???EA_S?WD@H_E_OI?	46	3ffffbbfeefff
N???EA_S?WD@H_E_?M?	46	3fffffffffff
N???EA_S?WD@H_D_PG?	46	3ffffffffffcc
N???EA_S?WD@H_D_WA?	46	2ffeffffffefb
N???EA_S?WD@H_D_HA?	46	3fffffff0ffff
N???EA_S?WD@H_CgY??	46	3fffffffffff
N???EA_S?WD@H_CgX??	46	3fffffffffff
N???EA_S?WD@H_CgJ??	46	3fffffffffff
N???EA_S?WD@H_CgIG?	46	3fffffffffff
N???EA_S?WD@H_CgWA?	46	3fffffffffff
N???EA_S?WD@H_CgGI?	46	3fffffffffff
N???EA_S?WD@B_K_IG?	46	3fffffff0ffff
N???EA_S?WD@B_K_Gg?	46	3fffffffffff
N???EA_S?WD@B_K_IC?	46	3fffffffffff
N???EA_S?WD@B_K_GK?	46	3ffffffffffcc
N???EA_S?WD@B_K_WA?	46	6ffaffffffefb
N???EA_S?WD@B_K_OI?	46	7ff7fbbfeefff
N???EA_S?WD@B_K_GI?	46	7ff7fbbfeefff
N???EA_S?WD@B_K_?M?	46	3fffffffffff
N???EA_S?WD@B_D_EO?	46	3ff8ffe76cfdf6e1
N???EA_S?WD@B_D_WG?	46	3ff8ffe76cfdf6e1
N???EA_S?WD@B_D_SG?	46	2ffdeff7fe70fccc
N???EA_S?WD@B_D_KG?	46	3fff7fefdfeff
N???EA_S?WD@B_D_WC?	46	3ff8ffe76cfdf6e1
N???EA_S?WD@B_D_WA?	46	3ff73fdb9cfdef61
N???EA_S?WD@B_D_AQ?	46	37ff6fdff9f0fb52
N???EA_S?WD@B_D_GI?	46	3defbfffdea94fcc
N???EA_S?W@`I_K_Og?	46	3ffffffffffcc
N???EA_S?W@`I_K_Ga?	46	3fffffff0ffff
N???EA_S?W@`I_D_EO?	46	3ff8ffe76cfdf6e1
N???EA_S?W@`I_D_WG?	46	3ff8ffe76cfdf6e1
N???EA_S?W@`I_D_SG?	46	2ffdeff7fe70fccc
N???EA_S?W@`I_D_WC?	46	3ff8ffe76cfdf6e1
N???EA_S?W@`I_D_QC?	46	3fffffff0ffff
N???EA_S?W@`I_D_IC?	46	3fffffffffff
N???EA_S?W@`I_D_?M?	46	3ffdf7ffff77f
N???EA_S?W@`I_CgW_?	46	3fffffffffff
N???EA_S?W@`I_CgQ_?	46	3fffffff0ffff
N???EA_S?W@`I_Cg?i?	46	3fffffffffff
N???EA_S?WCPM?B_WG?	46	3bffbffffff7d
N???EA_S?WCPM?B_QG?	46	3fffffffffff
N???EA_S?WCPM?B_IG?	46	3fffffff0ffff
N???EA_S?WCPJ?c_HA?	46	3fffffffffff
N???EA_S?WCPJ?c_GQ?	46	3fffffffffff
N???EA_S?WCPJ?E_Og?	46	3ffffffffffcc
N???EA_S?WCPJ?E_WA?	46	2ffeffffffefb
N???EA_S?WCPJ?E_Ga?	46	3fffffff0ffff
N???EA_S?WCPJ?CgY??	46	3fffffffffff
N???EA_S?WCPJ?CgQO?	46	3fffffff0ffff
N???EA_S?WCPJ?CgIG?	46	3fffffffffff
N???EA_S?WCPJ?CgGW?	46	3fffffffffff
N???EA_S?WCPJ?CgWA?	46	3fffffffffff
N???EA_S?WCPJ?CgGQ?	46	3fffffffffff
N???EA_S?WCPJ?CgOI?	46	3fffffffffff
N???EA_S?WCPJ?CgGI?	46	3fffffffffff
N???EA_S?WCPK_B_IG?	46	3fffffff0ffff
N???EA_S?WCPK_B_QC?	46	3fffffff0ffff
N???EA_S?WCPK_B_WA?	46	2ffeffffffefb
N???EA_S?WCPI_F?GW?	46	3fffffffffff
N???EA_S?WCPI_F??[?	46	1ffffffffb7fe
N???EA_S?WCPI_F?WA?	46	2ffeffffffefb
N???EA_S?WCPI_D_B_?	46	3ff8ffe76cfdf6e1
N???EA_S?WCPI_D_WG?	46	3bffbffffff7d
N???EA_S?WCPI_D_IG?	46	3fffffff0ffff
N???EA_S?WCPI_D_HG?	46	3fffffffffff
N???EA_S?WCPI_D_GK?	46	3ffffffffffcc
N???EA_S?WCPI_D_@K?	46	1ffffffffb7fe
N???EA_S?WCPI_D_WA?	46	2ffeffffffefb
N???EA_S?WCPI_D_OI?	46	3ffffbbfeefff
N???EA_S?WCPI_D_@I?	46	3fffffffffff
N???EA_S?WCPI_DGWO?	46	3fffffffffff
N???EA_S?WCPI_DGIO?	46	3fffffffffff
N???EA_S?WCPI_DGIG?	46	3fffffffffff
N???EA_S?WCPI_DGWA?	46	3fffffffffff
N???EA_S?WCPI_DGGI?	46	3fffffffffff
N???EA_S?WCPB_E_E_?	46	3ff8ffe76cfdf6e1
N???EA_S?WCPB_E_IG?	46	37ff6fdff9f0fb52
N???EA_S?W@PJ?K_Gg?	46	3fffffffffff
N???EA_S?W@PJ?K_?k?	46	1ffffffffb7fe
N???EA_S?W@PJ?D_EO?	46	3ff8ffe76cfdf6e1
N???EA_S?W@PJ?D_WG?	46	3ff8ffe76cfdf6e1
N???EA_S?W@PJ?D_SG?	46	2ffdeff7fe70fccc
N???EA_S?W@PJ?D_KG?	46	3fff7fefdfeff
N???EA_S?W@PJ?D_IG?	46	37ff6fdff9f0fb52
N???EA_S?W@PJ?D_WC?	46	3ff8ffe76cfdf6e1
N???EA_S?W@PJ?D_CK?	46	3fefedefe76634fe
N???EA_S?W@PJ?D_WA?	46	3ff73fdb9cfdef61
N???EA_S?W@PJ?CgY??	46	3fffffffff87f
N???EA_S?W@PJ?CgWO?	46	3fffffffffff
N???EA_S?W@PJ?CgIO?	46	3fffffffffff
N???EA_S?W@PJ?CgIG?	46	1ffffff7efffd
N???EA_S?W@PJ?CgWA?	46	7bffdffbf7ffd
N???EA_S?W@PH_D_F??	46	3ff8ffe76cfdf6e1
N???EA_S?W@PH_D_SG?	46	2ffdeff7fe70fccc
N???EA_S?W@PH_D_PG?	46	7ebfffffffb7e
N???EA_S?W@PH_D_PC?	46	37ff6fdff9f0fb52
N???EA_S?W@PB_L?WO?	46	3fffffffffff
N???EA_S?W@PB_L?EO?	46	3ff8ffe76cfdf6e1
N???EA_S?W@PB_L??U?	46	3ffffffffffcc
N??CA?_cAoM?B_@WCg?	46	3ffffdefdefff
N??CA?_cAoM?B_@WOW?	46	3fffffffffff
N??CA?_cAoM?B_@WOc?	46	3fffffffffff
N??CA?_cAoM?B_@W@c?	46	3ffffdefdefff
N??CA?_cAoM?B_@WOS?	46	3fffffffffff
N??CA?_cAoM?B_@W@S?	46	3fffffffffff
N??CA?_cAoM?B_@W@a?	46	3fffffffffff
N??CA?_cAoM?B_@WCQ?	46	7ffffffdffff
N??CA?_cAoM?B_@W@Q?	46	fffffffdff7f
N??CA?_cAoM?B_@W?q?	46	3fffffffffff
N??CA?_cAoM?B_@W?Y?	46	3fffffffffff
N??CA?_cAoM?B_@W@E?	46	3fffffffffff
N??CA?_cAoM?B_@W?U?	46	3fffffffffff
N??CA?_cAoM?BO@gOo?	46	3fffffffffff
N??CA?_cAoM?BO@gDG?	46	fffffdefce7ff
N??CA?_cAoM?BO@g@g?	46	3ffffdefdefff
N??CA?_cAoM?BO@gOW?	46	3fffffffffff
N??CA?_cAoM?BO@g@W?	46	3fffffffffff
N??CA?_cAoM?BO@gOc?	46	3fffffffffff
N??CA?_cAoM?BO@gOS?	46	fffffffff6ff
N??CA?_cAoM?BO@g?s?	46	3fffffffffff
N??CA?_cAoM?BO@gCK?	46	3fffffff0ffff
N??CA?_cAoM?BO@gCQ?	46	7ffffffff7ff
N??CA?_cAoM?BO@g@Q?	46	3fffffffffff
N??CA?_cAoM?BO@g?Y?	46	3fffffffffff
N??CA?_cAoM?BO@g@E?	46	3fffffffffff
N??CA?_cAoM?BO@g?U?	46	7ffffffdffff
N??CA?_cAoM?@oBGCW?	46	7ffffffff7ff
N??CA?_cAoM?@oBGOc?	46	3fffffffffff
N??CA?_cAoM?@oBG@c?	46	3ffffdefdefff
N??CA?_cAoM?@oBGOS?	46	3fffffffffff
N??CA?_cAoM?@oBGCK?	46	3fffffff0ffff
N??CA?_cAoM?@oBG@a?	46	3fffffffffff
N??CA?_cAoM?@oBGCQ?	46	7fffffffefff
N??CA?_cAoM?@oBG@Q?	46	3fffffffffff
N??CA?_cAoM?@oBG?q?	46	3fffffffffff
N??CA?_cAoM?@oBG?i?	46	3fffffffffff
N??CA?_cAoM?@oBG?Y?	46	fffffffdff7f
N??CA?_cAoM?@oBG?U?	46	3fffffffffff
N??CA?_cAoL?B_@WAo?	46	3fffffffffff
N??CA?_cAoL?B_@WQC?	46	3fffffffffff
N??CA?_cAoL?B_@WAc?	46	3ffffdefdefff
N??CA?_cAoL?B_@WCK?	46	2ffdeff7fe70fccc
N??CA?_cAoL?B_@WSA?	46	7ffffffeffff
N??CA?_cAoL?B_@WOa?	46	3fffffffffff
N??CA?_cAoL?B_@WAa?	46	3fffffffffff
N??CA?_cAoL?B_@WAQ?	46	fffffffdff7f
N??CA?_cAoL?B_@WOI?	46	3fffffffffff
N??CA?_cAoL?B_@WOE?	46	3fffffffffff
N??CA?_cAoL?B_@WAE?	46	3fffffffffff
N??CA?_cAoL?BO@gU??	46	7ffffffffffd
N??CA?_cAoL?BO@gQO?	46	fffffffeefff
N??CA?_cAoL?BO@gCW?	46	3ffffffffffcc
N??CA?_cAoL?BO@gAW?	46	3fffffffffff
N??CA?_cAoL?BO@g?w?	46	3effffffffb7e
N??CA?_cAoL?BO@gQC?	46	3fffffffffff
N??CA?_cAoL?BO@g?k?	46	37ff6fdff9f0fb52
N??CA?_cAoL?BO@gSA?	46	7fffffffefff
N??CA?_cAoL?BO@gOQ?	46	ffffffffe7ff
N??CA?_cAoL?BO@gAQ?	46	fffffffffe7f
N??CA?_cAoL?BO@gOI?	46	fffffffdf7ff
N??CA?_cAoL?BO@gOE?	46	3fffffffffff
N??CA?_cAoL?BO@gAE?	46	3fffffffffff
N??CA?_cAoL?BO@g?U?	46	3fffffffffff
N??CA?_cAoL?@o@gU??	46	3fffffffffff
N??CA?_cAoL?@o@gR??	46	3fffffffffff
N??CA?_cAoL?@o@gQ_?	46	3fffffffffff
N??CA?_cAoL?@o@gQG?	46	3fffffffffff
N??CA?_cAoL?@o@gQC?	46	3fffffffffff
N??CA?_cAoL?@o@g@K?	46	3effffffffb7e
N??CA?_cAoL?@o@gSA?	46	3fffffffffff
N??CA?_cAoL?@o@gEA?	46	3fffffffffff
N??CA?_cAoL?@o@gPA?	46	3fffffffffff
N??CA?_cAoL?@o@gOE?	46	3fffffffffff
N??CA?_cAoL?@o@WU??	46	3fffffffffff
N??CA?_cAoL?@o@WQO?	46	3fffffffffff
N??CA?_cAoL?@o@WOo?	46	3fffffffffff
N??CA?_cAoL?@o@WQC?	46	3fffffffffff
N??CA?_cAoL?@o@WSA?	46	3fffffffffff
N??CA?_cAoL?@o@WPA?	46	3fffffffffff
N??CA?_cAoL?`G@oF??	46	fffffffdfffe
N??CA?_cAoL?`G@oE_?	46	3fffffffffff
N??CA?_cAoL?`G@oEG?	46	3fffffffffff
N??CA?_cAoL?`G@oBC?	46	7ffffffff7ff
N??CA?_cAoL?`G@oAc?	46	3fffffffffff
N??CA?_cAoL?`G@o@c?	46	3fffffffffff
N??CA?_cAoL?`G@oAS?	46	3fffffffffff
N??CA?_cAoL?`G@oAK?	46	3fffffffffff
N??CA?_cAoL?`G@o@E?	46	7ffffffdffff
N??CA?_cAoL?`G@o?e?	46	3fffffffffff
N??CA?_cAoL?`G@o?M?	46	3fffffffffff
N??CA?_cAoL?BG@oU??	46	7ffffffffffe
N??CA?_cAoL?BG@oQO?	46	7fffffffefff
N??CA?_cAoL?BG@oSA?	46	7ffffffff7ff
N??CA?_cAoL?BG@oOa?	46	3fffffffffff
N??CA?_cAoL?BG@oAa?	46	3fffffffffff
N??CA?_cAoL?BG@oOQ?	46	7ffffffff7ff
N??CA?_cAoL?BG@oAQ?	46	7fffffffff7f
N??CA?_cAoL?BG@o?q?	46	3fffffffffff
N??CA?_cAoL?BG@oOI?	46	3fffffffffff
N??CA?_cAoL?BG@oOE?	46	7ffffffdffff
N??CA?_cAoL?@W@gSA?	46	3fffffffffff
N??CA?_cAoF?B_@WK_?	46	3ffffbbfeefff
N??CA?_cAoF?B_@WKO?	46	7ffffffff7ff
N??CA?_cAoF?B_@WSG?	46	3fffffffffff
N??CA?_cAoF?B_@WCg?	46	3ffffdefdefff
N??CA?_cAoF?B_@WOW?	46	3fffffffffff
N??CA?_cAoF?B_@W?w?	46	3fffffffffff
N??CA?_cAoF?B_@WOK?	46	3fffffffffff
N??CA?_cAoF?B_@W?k?	46	3fffffff0ffff
N??CA?_cAoF?B_@WWA?	46	fffffffef7ff
N??CA?_cAoF?B_@WKA?	46	7ffffffeffff
N??CA?_cAoF?B_@WGQ?	46	fffffffdff7f
N??CA?_cAoF?B_@W?q?	46	3fffffffffff
N??CA?_cAoF?B_@WOI?	46	3fffffffffff
N??CA?_cAoF?B_@WCI?	46	3fffffffffff
N??CA?_cAoF?B_@W?Y?	46	3fffffffffff
N??CA?_cAoF?B_@W?M?	46	3fffffffffff
N??CA?_cAoF?`O@gK_?	46	3fffffffffff
N??CA?_cAoF?`O@gKO?	46	3fffffffffff
N??CA?_cAoF?`O@gDG?	46	7ffffffff7ff
N??CA?_cAoF?`O@gCg?	46	3fffffffffff
N??CA?_cAoF?`O@g@g?	46	3fffffffffff
N??CA?_cAoF?`O@gCW?	46	3fffffffffff
N??CA?_cAoF?`O@gHC?	46	3fffffffffff
N??CA?_cAoF?`O@gDC?	46	3fffffffffff
N??CA?_cAoF?`O@gGS?	46	3fffffffffff
N??CA?_cAoF?`O@g?k?	46	3fffffffffff
N??CA?_cAoF?`O@g@a?	46	3fffffffffff
N??CA?_cAoF?`O@gCI?	46	7ffffffdffff
N??CA?_cAoF?`O@gGE?	46	3fffffffffff
N??CA?_cAoF?`O@g@E?	46	3fffffffffff
N??CA?_cAoF?`O@g?M?	46	3fffffffffff
N??CA?_cAoF?HO@gH_?	46	3ffffbbfeefff
N??CA?_cAoF?HO@gWO?	46	3fffffffffff
N??CA?_cAoF?HO@gHO?	46	3fffffffffff
N??CA?_cAoF?HO@gOW?	46	3fffffffffff
N??CA?_cAoF?HO@g@a?	46	3fffffffffff
N??CA?_cAoF?HO@g@Q?	46	3fffffffffff
N??CA?_cAoF?HO@g?q?	46	3fffffffffff
N??CA?_cAoF?HO@gOI?	46	7ffffffdffff
N??CA?_cAoF?HO@g?Y?	46	3fffffffffff
N??CA?_cAoF?HO@g?U?	46	3fffffffffff
N??CA?_cAoF?BO@g[??	46	7ffffffffffd
N??CA?_cAoF?BO@gK_?	46	3ffffbbfeefff
N??CA?_cAoF?BO@gKO?	46	3fffffffffff
N??CA?_cAoF?BO@gGo?	46	3fffffffffff
N??CA?_cAoF?BO@gKG?	46	fffffdefce7ff
N??CA?_cAoF?BO@gCg?	46	3ffffdefdefff
N??CA?_cAoF?BO@gOW?	46	3fffffffffff
N??CA?_cAoF?BO@gGW?	46	3fffffffffff
N??CA?_cAoF?BO@gWC?	46	3fffffffffff
N??CA?_cAoF?BO@gGc?	46	3ffffdefdefff
N??CA?_cAoF?BO@gOS?	46	7fffffffefff
N??CA?_cAoF?BO@gGS?	46	3fffffffffff
N??CA?_cAoF?BO@gWA?	46	ffffffffe7ff
N??CA?_cAoF?BO@gSA?	46	7fffffffefff
N??CA?_cAoF?BO@gKA?	46	fffffffeefff
N??CA?_cAoF?BO@gGQ?	46	3fffffffffff
N??CA?_cAoF?BO@gCQ?	46	3fffffffffff
N??CA?_cAoF?BO@g?q?	46	3fffffffffff
N??CA?_cAoF?BO@g?Y?	46	3fffffffffff
N??CA?_cAoF?BO@gOE?	46	3fffffffffff
N??CA?_cAoF?BO@gGE?	46	3fffffffffff
N??CA?_cAoF?BO@g?U?	46	3fffffffffff
N??CA?_cAoF?@o@g[??	46	3fffffffffff
N??CA?_cAoF?@o@gL??	46	fffffffdf7ff
N??CA?_cAoF?@o@gW_?	46	3fffffffffff
N??CA?_cAoF?@o@gK_?	46	3fffffffffff
N??CA?_cAoF?@o@gSG?	46	3fffffffffff
N??CA?_cAoF?@o@gPG?	46	3fffffffffff
N??CA?_cAoF?@o@gHG?	46	3fffffffffff
N??CA?_cAoF?@o@gDG?	46	3fffffffffff
N??CA?_cAoF?@o@gOg?	46	ffffffff7eff
N??CA?_cAoF?@c@W[??	46	7ffffffeffff
N??CA?_cAoF?@c@WX??	46	fffffffef7ff
N??CA?_cAoF?@c@WL??	46	7ffffffeffff
N??CA?_cAoF?@c@WW_?	46	3fffffffffff
N??CA?_cAoF?@c@WK_?	46	3fffffffffff
N??CA?_cAoF?@c@WWO?	46	fffffffdf7ff
N??CA?_cAoF?@c@WHO?	46	fffffffdff7f
N??CA?_cAoF?@c@WSG?	46	3fffffffffff
N??CA?_cAoF?@c@WPG?	46	3fffffffffff
N??CA?_cAoF?@c@WDG?	46	3fffffffffff
N??CA?_cAoF?@c@WCg?	46	3fffffffffff
N??CA?_cAoF?@c@WCW?	46	3fffffffffff
N??CA?_cAoF?@c@W@W?	46	3fffffffffff
N??CA?_cAoF?@c@WOK?	46	3fffffffffff
N??CA?_cAoF?@c@W@K?	46	3fffffffffff
N??CA?_cAoF?@c@W?k?	46	7ffffffff7ff
N??CA?_cAoF?@c@W?[?	46	3fffffffffff
N??CA?_cAoF?@S@g[??	46	7fffffffefff
N??CA?_cAoF?@S@gX??	46	ffffffffe7ff
N??CA?_cAoF?@S@gT??	46	7fffffffefff
N??CA?_cAoF?@S@gL??	46	fffffffeefff
N??CA?_cAoF?@S@gS_?	46	3fffffffffff
N??CA?_cAoF?@S@gHO?	46	3fffffffffff
N??CA?_cAoF?@S@gDO?	46	3fffffffffff
N??CA?_cAoF?@S@gGo?	46	3fffffffffff
N??CA?_cAoF?@S@gCo?	46	3fffffffffff
N??CA?_cAoF?@S@gSG?	46	7ffffffdffff
N??CA?_cAoF?@S@gDG?	46	fffffffdefff
N??CA?_cAoF?@S@gOg?	46	3fffffffffff
N??CA?_cAoF?@S@gGg?	46	3fffffffffff
N??CA?_cAoF?@S@gCg?	46	3fffffffffff
N??CA?_cAoF?@S@gCW?	46	3fffffffffff
N??CA?_cAoF?@S@g@W?	46	3fffffffffff
N??CA?_cAoF?@S@g?w?	46	3fffffffffff
N??CA?_cAoF?@S@gWC?	46	3fffffffffff
N??CA?_cAoF?@S@gPC?	46	3fffffffffff
N??CA?_cAoF?@S@gHC?	46	3fffffffffff
N??CA?_cAoF?@S@gOc?	46	3fffffffffff
N??CA?_cAoF?@S@gGc?	46	3fffffffffff
N??CA?_cAoF?@S@gGS?	46	3fffffffffff
N??CA?_cAoF?@S@g@S?	46	3fffffffffff
N??CA?_cAoF?@S@g?s?	46	3fffffffffff
N??CA?_cAoF?@S@gOK?	46	3fffffffffff
N??CA?_cAoF?@S@gGK?	46	3fffffffffff
N??CA?_cAoF?@S@gCK?	46	3fffffffffff
N??CA?_cAoF?@S@g?k?	46	3fffffffffff
N??CA?_cAoF?@S@g?[?	46	3fffffffffff
N??CA?_cAoK_I_@WOa?	46	3fffffffffff
N??CA?_cAoK_I_@WOI?	46	3fffffffffff
N??CA?_cAoK_H_AWQO?	46	7fffffffff7f
N??CA?_cAoK_H_AWQC?	46	3fffffffffff
N??CA?_cAoK_H_AW@K?	46	2ffdeff7fe70fccc
N??CA?_cAoK_H_AW?k?	46	2ffdeff7fe70fccc
N??CA?_cAoK_H_AWPA?	46	3fffffffffff
N??CA?_cAoK_H_AWOa?	46	7ffffffeffff
N??CA?_cAoK_H_AWOQ?	46	7ffffffeffff
N??CA?_cAoK_H_AWAQ?	46	7ffffffeffff
N??CA?_cAoK_H_AWOI?	46	3fffffffffff
N??CA?_cAoK_H_AW?i?	46	3fffffffffff
N??CA?_cAoK_H_AWOE?	46	3fffffffffff
N??CA?_cAoK_H_AW?e?	46	3fffffffffff
N??CA?_cAoK_B_@WBO?	46	3fffffffffff
N??CA?_cAoK_B_@WSG?	46	3fffffffffff
N??CA?_cAoK_B_@WSA?	46	3fffffffffff
N??CA?_cAoK_B_@WPA?	46	3fffffffffff
N??CA?_cAoK_B_@WBA?	46	3fffffffffff
N??CA?_cAoK_B_@WCQ?	46	3fffffffffff
N??CA?_cAoK_B_@WAQ?	46	3fffffffffff
N??CA?_cAoK_B_@WOI?	46	3fffffffffff
N??CA?_cAoK_B_@WCI?	46	3fffffffffff
N??CA?_cAoK_B_@WOE?	46	3fffffffffff
N??CA?_cAoK_B_?wU??	46	3fffffffffff
N??CA?_cAoK_B_?wT??	46	3fffffffffff
N??CA?_cAoK_B_?wF??	46	3fffffffffff
N??CA?_cAoK_B_?wQG?	46	3fffffffffff
N??CA?_cAoK_B_?wPG?	46	3fffffffffff
N??CA?_cAoK_B_?wDG?	46	3ffffffffffcc
N??CA?_cAoK_B_?wQC?	46	3fffffffffff
N??CA?_cAoK_B_?w@c?	46	3effffffffb7e
N??CA?_cAoK_B_?wCK?	46	3ffffffffffcc
N??CA?_cAoK_B_?w@K?	46	3effffffffb7e
N??CA?_cAoK_B_?wSA?	46	3fffffffffff
N??CA?_cAoK_B_?wEA?	46	3fffffffffff
N??CA?_cAoK_B_?wBA?	46	3fffffffffff
N??CA?_cAoK_B_?wOE?	46	3fffffffffff
N??CA?_cAoK_BOAgQO?	46	3fffffffffff
N??CA?_cAoK_BOAgAW?	46	3fffffffffff
N??CA?_cAoK_BOAg?w?	46	3effffffffb7e
N??CA?_cAoK_BOAgQC?	46	3fffffffffff
N??CA?_cAoK_BOAgAS?	46	3fffffffffff
N??CA?_cAoK_BOAg?k?	46	37ff6fdff9f0fb52
N??CA?_cAoK_BOAgSA?	46	3fffffffffff
N??CA?_cAoK_BOAgQA?	46	3fffffffffff
N??CA?_cAoK_BOAgOQ?	46	3fffffffffff
N??CA?_cAoK_BOAgCQ?	46	3fffffffffff
N??CA?_cAoK_BOAgAQ?	46	3fffffffffff
N??CA?_cAoK_BOAgOI?	46	3fffffffffff
N??CA?_cAoK_BOAgOE?	46	3fffffffffff
N??CA?_cAoK_BO@gQO?	46	3fffffffffff
N??CA?_cAoK_BO@g@W?	46	3effffffffb7e
N??CA?_cAoK_BO@g@K?	46	37ff6fdff9f0fb52
N??CA?_cAoK_BO@gSA?	46	3fffffffffff
N??CA?_cAoK_BO@gOQ?	46	3fffffffffff
N??CA?_cAoK_BO@gCQ?	46	3fffffffffff
N??CA?_cAoK_BO@gOI?	46	3fffffffffff
N??CA?_cAoK_BO@g?Y?	46	3fffffffffff
N??CA?_cAoK_BO@gOE?	46	3fffffffffff
N??CA?_cAoK_BO@gAE?	46	3fffffffffff
N??CA?_cAoK_BO?wU??	46	3fffffffffff
N??CA?_cAoK_BO?wQO?	46	3fffffffffff
N??CA?_cAoK_BO?wBO?	46	3fffffffffff
N??CA?_cAoK_BO?w@o?	46	3effffffffb7e
N??CA?_cAoK_BO?wQC?	46	3fffffffffff
N??CA?_cAoK_BO?w@c?	46	37ff6fdff9f0fb52
N??CA?_cAoK_BO?wSA?	46	3fffffffffff
N??CA?_cAoK_BO?wQA?	46	3fffffffffff
N??CA?_cAoK_BO?wPA?	46	3fffffffffff
N??CA?_cAoK_BO?wOa?	46	3fffffffffff
N??CA?_cAoK_BO?wCQ?	46	3fffffffffff
N??CA?_cAoK_BO?wAQ?	46	3fffffffffff
N??CA?_cAoK_BO?w?q?	46	3fffffffffff
N??CA?_cAoK_BO?wOE?	46	3fffffffffff
N??CA?_cAoK_BO?wCE?	46	3fffffffffff
N??CA?_cAoK_BO?w?U?	46	3fffffffffff
N??CA?_cAoK_GoBG?k?	46	2ffdeff7fe70fccc
N??CA?_cAoK_GoBGPA?	46	3fffffffffff
N??CA?_cAoK_GoBGOa?	46	3fffffffffff
N??CA?_cAoK_GoBGAQ?	46	7fffffffefff
N??CA?_cAoK_GoBGOI?	46	7fffffffefff
N??CA?_cAoK_GoBG?i?	46	3fffffffffff
N??CA?_cAoK_GoBGOE?	46	3fffffffffff
N??CA?_cAoK_GoBG?M?	46	3fffffffffff
N??CA?_cAoK_Ao@gU??	46	3fffffffffff
N??CA?_cAoK_Ao@gR??	46	7ffffffffffd
N??CA?_cAoK_Ao@gQ_?	46	3fffffffffff
N??CA?_cAoK_Ao@gQG?	46	7fffffffff7f
N??CA?_cAoK_Ao@gQC?	46	3fffffffffff
N??CA?_cAoK_Ao@gBC?	46	3fffffffffff
N??CA?_cAoK_Ao@gCc?	46	3ffffffffffcc
N??CA?_cAoK_Ao@gAc?	46	3fffffffffff
N??CA?_cAoK_Ao@gAK?	46	3fffffffffff
N??CA?_cAoK_Ao@g@K?	46	3effffffffb7e
N??CA?_cAoK_Ao@gSA?	46	3fffffffffff
N??CA?_cAoK_Ao@gEA?	46	3fffffffffff
N??CA?_cAoK_Ao@gCI?	46	3fffffffffff
N??CA?_cAoK_Ao@gOE?	46	3fffffffffff
N??CA?_cAoK_Ao@g?M?	46	3fffffffffff
N??CA?_cAoK_Ao@WU??	46	3fffffffffff
N??CA?_cAoK_Ao@WT??	46	3fffffffffff
N??CA?_cAoK_Ao@WF??	46	3ffffdefdefff
N??CA?_cAoK_Ao@WS_?	46	3fffffffffff
N??CA?_cAoK_Ao@WQO?	46	7fffffffff7f
N??CA?_cAoK_Ao@WDO?	46	3ffffffffffcc
N??CA?_cAoK_Ao@WBO?	46	7ffffffff7ff
N??CA?_cAoK_Ao@WQC?	46	3fffffffffff
N??CA?_cAoK_Ao@WOc?	46	3fffffffffff
N??CA?_cAoK_Ao@WSA?	46	3fffffffffff
N??CA?_cAoK_Ao@WPA?	46	7ffffffffeff
N??CA?_cAoK_Ao@WOa?	46	3fffffffffff
N??CA?_cAoK_@oBGU??	46	3fffffffffff
N??CA?_cAoK_@oBGQO?	46	3fffffffffff
N??CA?_cAoK_@oBGQG?	46	3fffffffffff
N??CA?_cAoK_@oBGSA?	46	3fffffffffff
N??CA?_cAoK_@oBGPA?	46	3fffffffffff
N??CA?_cAoK_@oBGBA?	46	3fffffffffff
N??CA?_cAoK_@oBGAQ?	46	3fffffffffff
N??CA?_cAoK_@oBG@Q?	46	3fffffffffff
N??CA?_cAoK_@oBGOI?	46	3fffffffffff
N??CA?_cAoK_@oBGOE?	46	3fffffffffff
N??CA?_cAoK_@oAgU??	46	3fffffffffff
N??CA?_cAoK_@oAgR??	46	3fffffffffff
N??CA?_cAoK_@oAgQ_?	46	3fffffffffff
N??CA?_cAoK_@oAgQG?	46	3fffffffffff
N??CA?_cAoK_@oAgDG?	46	3ffffffffffcc
N??CA?_cAoK_@oAgQC?	46	3fffffffffff
N??CA?_cAoK_@oAgSA?	46	3fffffffffff
N??CA?_cAoK_@oAgEA?	46	3fffffffffff
N??CA?_cAoK_@oAgPA?	46	3fffffffffff
N??CA?_cAoK_@oAgCI?	46	3fffffffffff
N??CA?_cAoK_@oAgOE?	46	3fffffffffff
N??CA?_cAoK_@oAg?M?	46	3fffffffffff
N??CA?_cAoK_@oAWU??	46	3fffffffffff
N??CA?_cAoK_@oAWQ_?	46	3fffffffffff
N??CA?_cAoK_@oAWQO?	46	3fffffffffff
N??CA?_cAoK_@oAWQC?	46	3fffffffffff
N??CA?_cAoK_@oAWSA?	46	3fffffffffff
N??CA?_cAoK_@oAWPA?	46	3fffffffffff
N??CA?_cAoK_aG@oE_?	46	3fffffffffff
N??CA?_cAoK_aG@oEO?	46	3fffffffffff
N??CA?_cAoK_aG@oEG?	46	3fffffffffff
N??CA?_cAoK_aG@oAg?	46	3fffffffffff
N??CA?_cAoK_aG@oEC?	46	7ffffffff7ff
N??CA?_cAoK_aG@oAc?	46	3fffffffffff
N??CA?_cAoK_aG@o@c?	46	3fffffffffff
N??CA?_cAoK_aG@oAS?	46	3fffffffffff
N??CA?_cAoK_aG@o@S?	46	3fffffffffff
N??CA?_cAoK_aG@oAK?	46	3fffffffffff
N??CA?_cAoK_aG@o?[?	46	3fffffffffff
N??CA?_cAoK_aG@oEA?	46	7ffffffff7ff
N??CA?_cAoK_aG@oDA?	46	7ffffffff7ff
N??CA?_cAoK_aG@oCa?	46	3fffffffffff
N??CA?_cAoK_aG@oCQ?	46	3fffffffffff
N??CA?_cAoK_aG@o@Q?	46	3fffffffffff
N??CA?_cAoK_aG@oCI?	46	3fffffffffff
N??CA?_cAoK_aG@o@E?	46	7ffffffdffff
N??CA?_cAoK_aG@o?e?	46	3fffffffffff
N??CA?_cAoK_aG@o?M?	46	3fffffffffff
N??CA?_cAoK_`GAoF??	46	3fffffffffff
N??CA?_cAoK_`GAoEO?	46	3fffffffffff
N??CA?_cAoK_`GAoEG?	46	3fffffffffff
N??CA?_cAoK_`GAoDG?	46	3fffffffffff
N??CA?_cAoK_`GAoBG?	46	7ffffffffffd
N??CA?_cAoK_`GAoCW?	46	3fffffffffff
N??CA?_cAoK_`GAoBC?	46	3fffffffffff
N??CA?_cAoK_`GAoCc?	46	7ffffffff7ff
N??CA?_cAoK_`GAoAc?	46	7ffffffff7ff
N??CA?_cAoK_`GAo@c?	46	3fffffffffff
N??CA?_cAoK_`GAoAS?	46	3fffffffffff
N??CA?_cAoK_`GAo@S?	46	3fffffffffff
N??CA?_cAoK_`GAo?s?	46	3fffffffffff
N??CA?_cAoK_`GAoAK?	46	3fffffffffff
N??CA?_cAoK_`GAo@K?	46	3fffffffffff
N??CA?_cAoK_`GAo?[?	46	3fffffffffff
N??CA?_cAoK_`GAoDA?	46	3fffffffffff
N??CA?_cAoK_`GAoCa?	46	7ffffffff7ff
N??CA?_cAoK_`GAo@a?	46	3fffffffffff
N??CA?_cAoK_`GAoCQ?	46	3fffffffffff
N??CA?_cAoK_`GAo?q?	46	3fffffffffff
N??CA?_cAoK_`GAoCI?	46	3fffffffffff
N??CA?_cAoK_`GAo?i?	46	3fffffffffff
N??CA?_cAoK_`GAoCE?	46	7ffffffeffff
N??CA?_cAoK_`GAo@E?	46	3fffffffffff
N??CA?_cAoK_`GAo?U?	46	3fffffffffff
N??CA?_cAoK_`GAo?M?	46	3fffffffffff
N??CA?_cAoK_BG?wD_?	46	3defbfffdea94fcc
N??CA?_cAoK_BG?wQG?	46	3fffffffffff
N??CA?_cAoK_BG?wSA?	46	3fffffffffff
N??CA?_cAoK_BG?wOa?	46	3fffffffffff
N??CA?_cAoK_BG?wCQ?	46	3fffffffffff
N??CA?_cAoK_BG?wAQ?	46	3fffffffffff
N??CA?_cAoK_BG?wOI?	46	3fffffffffff
N??CA?_cAoK_BG?wCI?	46	3fffffffffff
N??CA?_cAoK__gBOEO?	46	7ffffffffffe
N??CA?_cAoK__gBOEG?	46	3ffffffe67fff
N??CA?_cAoK__gBOBC?	46	3fffffffffff
N??CA?_cAoK__gBOAc?	46	3fffffffffff
N??CA?_cAoK__gBO@S?	46	3fffffffffff
N??CA?_cAoK__gBO?s?	46	3fffffffffff
N??CA?_cAoK__gBOAK?	46	3fffffffffff
N??CA?_cAoK__gBO@K?	46	1ffffeffff7fd
N??CA?_cAoK__gBO@E?	46	3fffffffffff
N??CA?_cAoK__gBO?U?	46	7ffffffdffff
N??CA?_cAoK__gBO?M?	46	3fffffffffff
N??CA?_cAoK_GgBOQO?	46	7ffffffffffe
N??CA?_cAoK_GgBO@g?	46	3defbfffdea94fcc
N??CA?_cAoK_GgBO?k?	46	2ffdeff7fe70fccc
N??CA?_cAoK_GgBOPA?	46	3fffffffffff
N??CA?_cAoK_GgBOOa?	46	3fffffffffff
N??CA?_cAoK_GgBOOQ?	46	7ffffffff7ff
N??CA?_cAoK_GgBOAQ?	46	7ffffffff7ff
N??CA?_cAoK_GgBOOI?	46	3fffffffffff
N??CA?_cAoK_GgBO?Y?	46	3fffffffffff
N??CA?_cAoK_GgBO?e?	46	3fffffffffff
N??CA?_cAoK_GgBO?M?	46	3fffffffffff
N??CA?_cAoK_CgBOSO?	46	7ffffffffffe
N??CA?_cAoK_CgBOOo?	46	3fffffffffff
N??CA?_cAoK_CgBO@g?	46	3ffffdefdefff
N??CA?_cAoK_CgBOOW?	46	3fffffffffff
N??CA?_cAoK_CgBO@W?	46	3fffffffffff
N??CA?_cAoK_CgBOOc?	46	3fffffffffff
N??CA?_cAoK_CgBOOS?	46	7ffffffff7ff
N??CA?_cAoK_CgBO?s?	46	3fffffffffff
N??CA?_cAoK_CgBO@K?	46	3fffffff0ffff
N??CA?_cAoK_CgBOSA?	46	7ffffffffffd
N??CA?_cAoK_CgBOCQ?	46	7ffffffff7ff
N??CA?_cAoK_CgBO@Q?	46	3fffffffffff
N??CA?_cAoK_CgBO?Y?	46	3fffffffffff
N??CA?_cAoK_CgBOOE?	46	7fffffffefff
N??CA?_cAoK_CgBO?e?	46	3fffffffffff
N??CA?_cAoK_CgBO?U?	46	7ffffffdffff
N??CA?_cAoK_AW@gU??	46	3fffffffffff
N??CA?_cAoK_AW@gQG?	46	3fffffffffff
N??CA?_cAoK_AW@gSA?	46	3fffffffffff
N??CA?_cAoK_AW@gPA?	46	3fffffffffff
N??CA?_cAoK_@WAgSA?	46	3fffffffffff
N??CA?_cAoK_@WAgOa?	46	3fffffffffff
N??CA?_cAoK_Ac@WU??	46	7ffffffeffff
N??CA?_cAoK_Ac@WF??	46	7ffffffeffff
N??CA?_cAoK_Ac@WS_?	46	7ffffffffffe
N??CA?_cAoK_Ac@WSG?	46	7ffffffffffd
N??CA?_cAoK_Ac@WOg?	46	7ffffffff7ff
N??CA?_cAoK_Ac@WSC?	46	7ffffffffffd
N??CA?_cAoK_Ac@WQC?	46	3fffffffffff
N??CA?_cAoK_Ac@WBC?	46	3fffffffffff
N??CA?_cAoK_Ac@WOc?	46	7ffffffff7ff
N??CA?_cAoK_Ac@WOK?	46	7fffffffefff
N??CA?_cAoK_?kBOU??	46	7ffffffffffd
N??CA?_cAoK_?kBOT??	46	3fffffffffff
N??CA?_cAoK_?kBOR??	46	3fffffffffff
N??CA?_cAoK_?kBOF??	46	3fffffffffff
N??CA?_cAoK_?kBOS_?	46	3fffffffffff
N??CA?_cAoK_?kBOEO?	46	7ffffffff7ff
N??CA?_cAoK_?kBODO?	46	3fffffffffff
N??CA?_cAoK_?kBOCo?	46	3fffffffffff
N??CA?_cAoK_?kBOSG?	46	3fffffffffff
N??CA?_cAoK_?kBOQG?	46	3fffffffffff
N??CA?_cAoK_?kBOBG?	46	3fff7fefdfeff
N??CA?_cAoK_?kBOOg?	46	3fffffffffff
N??CA?_cAoK_?kBOCg?	46	37ffffbfefffb
N??CA?_cAoK_?kBO@g?	46	3fff7fefdfeff
N??CA?_cAoK_?kBOOW?	46	3fffffffffff
N??CA?_cAoK_?kBOCW?	46	3fffffffffff
N??CA?_cAoK_?kBO?w?	46	3fffffffffff
N??CA?_cAoK_?kBOQC?	46	7fffffffefff
N??CA?_cAoK_?kBOPC?	46	3fffffffffff
N??CA?_cAoK_?kBOBC?	46	3fffffffffff
N??CA?_cAoK_?kBOOc?	46	3fffffffffff
N??CA?_cAoK_?kBOCc?	46	3fffffffffff
N??CA?_cAoK_?kBOAc?	46	3fffffffffff
N??CA?_cAoK_?kBO@S?	46	3fffffffffff
N??CA?_cAoK_?kBO?s?	46	3fffffffffff
N??CA?_cAoK_?kBOOK?	46	3fffffffffff
N??CA?_cAoK_?kBOCK?	46	3fffffffffff
N??CA?_cAoK_?kBOAK?	46	3fffffffffff
N??CA?_cAoE_B_AWK_?	46	3ffffbbfeefff
N??CA?_cAoE_B_AWKO?	46	3fffffffffff
N??CA?_cAoE_B_AWOo?	46	3fffffffffff
N??CA?_cAoE_B_AWSG?	46	3fffffffffff
N??CA?_cAoE_B_AWCg?	46	3ffffdefdefff
N??CA?_cAoE_B_AWOW?	46	3fffffffffff
N??CA?_cAoE_B_AW?w?	46	3fffffffffff
N??CA?_cAoE_B_AWWC?	46	3fffffffffff
N??CA?_cAoE_B_AWKC?	46	3ffffdefdefff
N??CA?_cAoE_B_AWGc?	46	3ffffdefdefff
N??CA?_cAoE_B_AWOS?	46	3fffffffffff
N??CA?_cAoE_B_AWGS?	46	3fffffffffff
N??CA?_cAoE_B_AW?s?	46	3fffffffffff
N??CA?_cAoE_B_AW?k?	46	3fffffff0ffff
N??CA?_cAoE_B_AWWA?	46	3fffffffffff
N??CA?_cAoE_B_AWSA?	46	3fffffffffff
N??CA?_cAoE_B_AWKA?	46	3fffffffffff
N??CA?_cAoE_B_AWGQ?	46	3fffffffffff
N??CA?_cAoE_B_AWCQ?	46	3fffffffffff
N??CA?_cAoE_B_AW?q?	46	3fffffffffff
N??CA?_cAoE_B_AWOI?	46	3fffffffffff
N??CA?_cAoE_B_AW?Y?	46	3fffffffffff
N??CA?_cAoE_B_AWOE?	46	3fffffffffff
N??CA?_cAoE_B_AWGE?	46	3fffffffffff
N??CA?_cAoE_B_AW?U?	46	3fffffffffff
N??CA?_cAoE_B_?w[??	46	3fffffffffff
N??CA?_cAoE_B_?wL??	46	3fffffffffff
N??CA?_cAoE_B_?wP_?	46	3fffffffffff
N??CA?_cAoE_B_?wWG?	46	3fffffffffff
N??CA?_cAoE_B_?wSG?	46	3fffffffffff
N??CA?_cAoE_B_?wPG?	46	3fffffffffff
N??CA?_cAoE_B_?wDG?	46	3fffffffffff
N??CA?_cAoE_B_?wOg?	46	3fffffffffff
N??CA?_cAoE_B_?wCg?	46	3fffffffffff
N??CA?_cAoE_B_?w@g?	46	3fffffffffff
N??CA?_cAoE_B_?wOK?	46	3fffffffffff
N??CA?_cAoE_B_?wWA?	46	3fffffffffff
N??CA?_cAoE_B_?wKA?	46	3fffffffffff
N??CA?_cAoE_B_?wHA?	46	3fffffffffff
N??CA?_cAoE_B_?wCI?	46	3fffffffffff
N??CA?_cAoE_B_?w@I?	46	3fffffffffff
N??CA?_cAoE_B_?w?i?	46	3fffffffffff
N??CA?_cAoE_aO@gL??	46	7ffffffffffd
N??CA?_cAoE_aO@gK_?	46	3fffffffffff
N??CA?_cAoE_aO@gKO?	46	3fffffffffff
N??CA?_cAoE_aO@gHG?	46	3ffffffffe7f9
N??CA?_cAoE_aO@gDG?	46	7ffffffff7ff
N??CA?_cAoE_aO@gCg?	46	3fffffffffff
N??CA?_cAoE_aO@g@g?	46	3fffffffffff
N??CA?_cAoE_aO@gCW?	46	3fffffffffff
N??CA?_cAoE_aO@g?w?	46	3fffffffffff
N??CA?_cAoE_aO@gKC?	46	3fffffffffff
N??CA?_cAoE_aO@gHC?	46	3fffffffffff
N??CA?_cAoE_aO@gGS?	46	3fffffffffff
N??CA?_cAoE_aO@gCK?	46	3fffffffffff
N??CA?_cAoE_aO@g@K?	46	3fffffffffff
N??CA?_cAoE_aO@g?k?	46	3fffffffffff
N??CA?_cAoE_aO@g?[?	46	3fffffffffff
N??CA?_cAoE_aO@gKA?	46	7fffffffefff
N??CA?_cAoE_aO@gHA?	46	3ffffffffe7f9
N??CA?_cAoE_aO@gDA?	46	7fffffffefff
N??CA?_cAoE_aO@gGa?	46	3fffffffffff
N??CA?_cAoE_aO@g@a?	46	3fffffffffff
N??CA?_cAoE_aO@gCI?	46	7ffffffdffff
N??CA?_cAoE_aO@g?Y?	46	7ffffffeffff
N??CA?_cAoE_aO@gGE?	46	3fffffffffff
N??CA?_cAoE_aO@g?M?	46	3fffffffffff
N??CA?_cAoE_IO@gH_?	46	3ffffbbfeefff
N??CA?_cAoE_IO@gWO?	46	3fffffffffff
N??CA?_cAoE_IO@gPO?	46	3fffffffffff
N??CA?_cAoE_IO@gGo?	46	3fffffffffff
N??CA?_cAoE_IO@gOW?	46	3fffffffffff
N??CA?_cAoE_IO@gWC?	46	3fffffffffff
N??CA?_cAoE_IO@gGc?	46	3ffffdefdefff
N??CA?_cAoE_IO@gGS?	46	3fffffffffff
N??CA?_cAoE_IO@g?k?	46	3fffffff0ffff
N??CA?_cAoE_IO@g?q?	46	7ffffffff7ff
N??CA?_cAoE_IO@gOI?	46	7ffffffdffff
N??CA?_cAoE_IO@g?Y?	46	3fffffffffff
N??CA?_cAoE_IO@g?U?	46	7fffffffefff
N??CA?_cAoE_`OAgKO?	46	3fffffffffff
N??CA?_cAoE_`OAgKG?	46	7fffffffff7f
N??CA?_cAoE_`OAgDG?	46	3fffffffffff
N??CA?_cAoE_`OAgCg?	46	7ffffffff7ff
N??CA?_cAoE_`OAg@g?	46	3fffffffffff
N??CA?_cAoE_`OAgCW?	46	3fffffffffff
N??CA?_cAoE_`OAgKC?	46	3fffffffffff
N??CA?_cAoE_`OAgHC?	46	3fffffffffff
N??CA?_cAoE_`OAgGc?	46	3fffffffffff
N??CA?_cAoE_`OAgCc?	46	3fffffffffff
N??CA?_cAoE_`OAgCK?	46	3fffffffffff
N??CA?_cAoE_`OAg@K?	46	3fffffffffff
N??CA?_cAoE_`OAg?k?	46	3fffffffffff
N??CA?_cAoE_`OAg?[?	46	3fffffffffff
N??CA?_cAoE_`OAgKA?	46	7ffffffffeff
N??CA?_cAoE_`OAgDA?	46	3fffffffffff
N??CA?_cAoE_`OAg@a?	46	3fffffffffff
N??CA?_cAoE_`OAgCI?	46	7ffffffeffff
N??CA?_cAoE_`OAgGE?	46	3fffffffffff
N??CA?_cAoE_`OAg?e?	46	3fffffffffff
N??CA?_cAoE_`OAg?M?	46	3fffffffffff
N??CA?_cAoE_HOAgH_?	46	3ffffbbfeefff
N??CA?_cAoE_HOAgWO?	46	3fffffffffff
N??CA?_cAoE_HOAgOW?	46	3fffffffffff
N??CA?_cAoE_HOAgWC?	46	3fffffffffff
N??CA?_cAoE_HOAg@a?	46	3fffffffffff
N??CA?_cAoE_HOAg@Q?	46	3fffffffffff
N??CA?_cAoE_HOAg?q?	46	3fffffffffff
N??CA?_cAoE_HOAgOI?	46	7ffffffeffff
N??CA?_cAoE_HOAg?Y?	46	3fffffffffff
N??CA?_cAoE_HOAg?U?	46	3fffffffffff
N??CA?_cAoE_BOAg[??	46	3fffffffffff
N??CA?_cAoE_BOAgK_?	46	3ffffbbfeefff
N??CA?_cAoE_BOAgSO?	46	3fffffffffff
N??CA?_cAoE_BOAgKO?	46	3fffffffffff
N??CA?_cAoE_BOAgGo?	46	3fffffffffff
N??CA?_cAoE_BOAgCg?	46	3ffffdefdefff
N??CA?_cAoE_BOAgOW?	46	3fffffffffff
N??CA?_cAoE_BOAgWC?	46	3fffffffffff
N??CA?_cAoE_BOAgGc?	46	3ffffdefdefff
N??CA?_cAoE_BOAgOS?	46	3fffffffffff
N??CA?_cAoE_BOAgGS?	46	3fffffffffff
N??CA?_cAoE_BOAgGK?	46	3fffffff0ffff
N??CA?_cAoE_BOAg?k?	46	3fffffff0ffff
N??CA?_cAoE_BOAgWA?	46	3fffffffffff
N??CA?_cAoE_BOAgSA?	46	3fffffffffff
N??CA?_cAoE_BOAgKA?	46	3fffffffffff
N??CA?_cAoE_BOAgGQ?	46	3fffffffffff
N??CA?_cAoE_BOAgCQ?	46	3fffffffffff
N??CA?_cAoE_BOAg?q?	46	3fffffffffff
N??CA?_cAoE_BOAg?Y?	46	3fffffffffff
N??CA?_cAoE_BOAgOE?	46	3fffffffffff
N??CA?_cAoE_BOAgGE?	46	3fffffffffff
N??CA?_cAoE_BOAg?U?	46	3fffffffffff
N??CA?_cAoE_BO@gL??	46	3ffffbbfeefff
N??CA?_cAoE_BO@gWO?	46	3fffffffffff
N??CA?_cAoE_BO@gKO?	46	3fffffffffff
N??CA?_cAoE_BO@gSG?	46	3fffffffffff
N??CA?_cAoE_BO@gHG?	46	3ffffdefdefff
N??CA?_cAoE_BO@gDG?	46	3ffffdefdefff
N??CA?_cAoE_BO@gOW?	46	3fffffffffff
N??CA?_cAoE_BO@g@W?	46	3fffffffffff
N??CA?_cAoE_BO@gKC?	46	3ffffdefdefff
N??CA?_cAoE_BO@gOS?	46	7fffffffff7f
N??CA?_cAoE_BO@gGS?	46	3fffffffffff
N??CA?_cAoE_BO@g@K?	46	3fffffff0ffff
N??CA?_cAoE_BO@gWA?	46	3fffffffffff
N??CA?_cAoE_BO@gSA?	46	7ffffffffffd
N??CA?_cAoE_BO@gKA?	46	3fffffffffff
N??CA?_cAoE_BO@gHA?	46	3fffffffffff
N??CA?_cAoE_BO@gGQ?	46	3fffffffffff
N??CA?_cAoE_BO@gCQ?	46	7ffffffff7ff
N??CA?_cAoE_BO@g@Q?	46	3fffffffffff
N??CA?_cAoE_BO@gOI?	46	3fffffffffff
N??CA?_cAoE_BO@gCI?	46	3fffffffffff
N??CA?_cAoE_BO@g?Y?	46	3fffffffffff
N??CA?_cAoE_BO@gGE?	46	3fffffffffff
N??CA?_cAoE_BO@g?U?	46	7ffffffeffff
N??CA?_cAoE_BO?wH_?	46	3ffffdefdefff
N??CA?_cAoE_BO?wWO?	46	3fffffffffff
N??CA?_cAoE_BO?wCo?	46	3fffffffffff
N??CA?_cAoE_BO?wWC?	46	3fffffffffff
N??CA?_cAoE_BO?wHC?	46	3fffffff0ffff
N??CA?_cAoE_BO?w@c?	46	3fffffff0ffff
N??CA?_cAoE_BO?wWA?	46	3fffffffffff
N??CA?_cAoE_BO?wSA?	46	3fffffffffff
N??CA?_cAoE_BO?wGQ?	46	3fffffffffff
N??CA?_cAoE_BO?wCQ?	46	3fffffffffff
N??CA?_cAoE_BO?w@Q?	46	3fffffffffff
N??CA?_cAoE_BO?w?q?	46	3fffffffffff
N??CA?_cAoE_BO?wOE?	46	3fffffffffff
N??CA?_cAoE__oBGL??	46	3fff7fefdfeff
N??CA?_cAoE__oBGK_?	46	3fff7fefdfeff
N??CA?_cAoE__oBGDG?	46	3fffffffffff
N??CA?_cAoE__oBGCg?	46	3fffffffffff
N??CA?_cAoE__oBG@g?	46	3fffffffffff
N??CA?_cAoE__oBGHC?	46	3ffffffe67fff
N??CA?_cAoE__oBG@c?	46	3fefedefe76634fe
N??CA?_cAoE__oBGCK?	46	3fffffffffff
N??CA?_cAoE__oBG?k?	46	3fffffffffff
N??CA?_cAoE__oBG?[?	46	3fffffffffff
N??CA?_cAoE__oBGDA?	46	3effffffffcfe
N??CA?_cAoE__oBGGa?	46	3fffffffffff
N??CA?_cAoE__oBGCQ?	46	7fffffffefff
N??CA?_cAoE__oBGCI?	46	7fffffffefff
N??CA?_cAoE__oBG@I?	46	7fffffffefff
N??CA?_cAoE__oBG?i?	46	3fffffffffff
N??CA?_cAoE__oBGGE?	46	3fffffffffff
N??CA?_cAoE__oBG@E?	46	3bffbffffff7d
N??CA?_cAoE__oBG?M?	46	3fffffffffff
N??CA?_cAoE_GoBGPO?	46	3fffffffffff
N??CA?_cAoE_GoBGOW?	46	7ffffffff7ff
N??CA?_cAoE_GoBGWC?	46	3fffffffffff
N??CA?_cAoE_GoBGOS?	46	3fffffffffff
N??CA?_cAoE_GoBG?k?	46	3fffffff0ffff
N??CA?_cAoE_GoBGGa?	46	3fffffffffff
N??CA?_cAoE_GoBG?q?	46	3fffffffffff
N??CA?_cAoE_GoBGOI?	46	7fffffffefff
N??CA?_cAoE_GoBG?U?	46	3fffffffffff
N??CA?_cAoE_Ao@g[??	46	3fffffffffff
N??CA?_cAoE_Ao@gX??	46	7ffffffffffd
N??CA?_cAoE_Ao@gT??	46	3fffffffffff
N??CA?_cAoE_Ao@gL??	46	3fffffffffff
N??CA?_cAoE_Ao@gSG?	46	3fffffffffff
N??CA?_cAoE_Ao@gKG?	46	3fffffffffff
N??CA?_cAoE_Ao@gPG?	46	7ffffffff7ff
N??CA?_cAoE_Ao@gDG?	46	3fffffffffff
N??CA?_cAoE_Ao@gOg?	46	3fffffffffff
N??CA?_cAoE_Ao@gOK?	46	3fffffffffff
N??CA?_cAoE_@oAg[??	46	3fffffffffff
N??CA?_cAoE_@oAgT??	46	3fffffffffff
N??CA?_cAoE_@oAgL??	46	3fffffffffff
N??CA?_cAoE_@oAgSG?	46	3fffffffffff
N??CA?_cAoE_@oAgPG?	46	3fffffffffff
N??CA?_cAoE_@oAgDG?	46	3fffffffffff
N??CA?_cAoE_@oAgOg?	46	3fffffffffff
N??CA?_cAoE_@oAgCg?	46	3fffffffffff
N??CA?_cAoE_@oAgOK?	46	3fffffffffff
N??CA?_cAoE__WB_L??	46	3fffffffffff
N??CA?_cAoE__WB_KO?	46	3fffffffffff
N??CA?_cAoE__WB_HG?	46	3fffffffffff
N??CA?_cAoE__WB_DG?	46	3fffffffffff
N??CA?_cAoE__WB_Cg?	46	3fffffffffff
N??CA?_cAoE__WB_CW?	46	3fffffffffff
N??CA?_cAoE__WB_@K?	46	3fffffffffff
N??CA?_cAoE__WB_HA?	46	3fffffffffff
N??CA?_cAoE__WB_DA?	46	3fffffffffff
N??CA?_cAoE__WB_GQ?	46	3fffffffffff
N??CA?_cAoE__WB_CI?	46	7ffffffff7ff
N??CA?_cAoE__WB_@I?	46	3fffffffffff
N??CA?_cAoE__WB_?i?	46	3fffffffffff
N??CA?_cAoE_OWB_SO?	46	3fffffffffff
N??CA?_cAoE_OWB_@o?	46	1ffffffffcffe
N??CA?_cAoE_OWB_OW?	46	3fffffffffff
N??CA?_cAoE_OWB_@c?	46	3ffffdefdefff
N??CA?_cAoE_OWB_OS?	46	3fffffffffff
N??CA?_cAoE_OWB_@Q?	46	1ffffeffff7fd
N??CA?_cAoE_OWB_?q?	46	1ffffeffff7fd
N??CA?_cAoE_OWB_?Y?	46	3fffffffffff
N??CA?_cAoE_OWB_OE?	46	7ffffffff7ff
N??CA?_cAoE_OWB_@E?	46	3fffffffffff
N??CA?_cAoE_OWB_?U?	46	3fffffffffff
N??CA?_cAoE_Ac@W[??	46	7ffffffeffff
N??CA?_cAoE_Ac@WT??	46	fffffffeefff
N??CA?_cAoE_Ac@WL??	46	7ffffffeffff
N??CA?_cAoE_Ac@WW_?	46	3fffffffffff
N??CA?_cAoE_Ac@WS_?	46	3fffffffffff
N??CA?_cAoE_Ac@WK_?	46	3fffffffffff
N??CA?_cAoE_Ac@WSO?	46	fffffffdefff
N??CA?_cAoE_Ac@WDO?	46	fffffffdfeff
N??CA?_cAoE_Ac@WCo?	46	3fffffffffff
N??CA?_cAoE_Ac@WSG?	46	3fffffffffff
N??CA?_cAoE_Ac@WOg?	46	3fffffffffff
N??CA?_cAoE_Ac@WCg?	46	3fffffffffff
N??CA?_cAoE_Ac@WOW?	46	7ffffffeffff
N??CA?_cAoE_Ac@WCW?	46	3fffffffffff
N??CA?_cAoE_Ac@W?w?	46	3fffffffffff
N??CA?_cAoE_Ac@WWC?	46	3fffffffffff
N??CA?_cAoE_Ac@WHC?	46	3fffffffffff
N??CA?_cAoE_Ac@WOc?	46	3fffffffffff
N??CA?_cAoE_Ac@WGS?	46	3fffffffffff
N??CA?_cAoE_Ac@W?s?	46	3fffffffffff
N??CA?_cAoE_Ac@WOK?	46	3fffffffffff
N??CA?_cAoE_Ac@WGK?	46	3fffffffffff
N??CA?_cAoE_Ac@W@K?	46	3fffffffffff
N??CA?_cAoE_Ac@W?k?	46	3fffffffffff
N??CA?_cAoE_Ac@W?[?	46	3fffffffffff
N??CA?_cAoE_AS@g[??	46	7fffffffefff
N??CA?_cAoE_AS@gX??	46	3ffffffffe7f9
N??CA?_cAoE_AS@gT??	46	7fffffffefff
N??CA?_cAoE_AS@gL??	46	fffffffeefff
N??CA?_cAoE_AS@gW_?	46	3fffffffffff
N??CA?_cAoE_AS@gS_?	46	7ffffffffffd
N??CA?_cAoE_AS@gK_?	46	3fffffffffff
N??CA?_cAoE_AS@gKO?	46	3fffffffffff
N??CA?_cAoE_AS@gHO?	46	7fffffffefff
N??CA?_cAoE_AS@gDO?	46	3fffffffffff
N??CA?_cAoE_AS@gGo?	46	3fffffffffff
N??CA?_cAoE_AS@gCo?	46	7ffffffff7ff
N??CA?_cAoE_AS@gSG?	46	7ffffffdffff
N??CA?_cAoE_AS@gPG?	46	3fffffffdef7e
N??CA?_cAoE_AS@gHG?	46	3fffffffdef7e
N??CA?_cAoE_AS@gDG?	46	fffffffdefff
N??CA?_cAoE_AS@gOg?	46	3fffffffffff
N??CA?_cAoE_AS@gCg?	46	3fffffffffff
N??CA?_cAoE_AS@gOW?	46	7ffffffeffff
N??CA?_cAoE_AS@gCW?	46	3fffffffffff
N??CA?_cAoE_AS@g?w?	46	3fffffffffff
N??CA?_cAoE_AS@gWC?	46	3fffffffffff
N??CA?_cAoE_AS@gPC?	46	3fffffffffff
N??CA?_cAoE_AS@gHC?	46	3fffffffffff
N??CA?_cAoE_AS@gOc?	46	7ffffffffeff
N??CA?_cAoE_AS@gGc?	46	3fffffffffff
N??CA?_cAoE_AS@gOS?	46	7ffffffffeff
N??CA?_cAoE_AS@gGS?	46	3fffffffffff
N??CA?_cAoE_AS@g@S?	46	3fffffffffff
N??CA?_cAoE_AS@g?s?	46	7ffffffeffff
N??CA?_cAoE_AS@gOK?	46	3fffffffffff
N??CA?_cAoE_AS@gCK?	46	3fffffffffff
N??CA?_cAoE_AS@g@K?	46	3fffffffffff
N??CA?_cAoE_AS@g?k?	46	3fffffffffff
N??CA?_cAoE_AS@g?[?	46	3fffffffffff
N??CA?_cAoE_@SAg[??	46	7ffffffffeff
N??CA?_cAoE_@SAgX??	46	3fffffffffff
N??CA?_cAoE_@SAgT??	46	3fffffffffff
N??CA?_cAoE_@SAgL??	46	3fffffffffff
N??CA?_cAoE_@SAgS_?	46	7fffffffefff
N??CA?_cAoE_@SAgK_?	46	fffffffeefff
N??CA?_cAoE_@SAgH_?	46	3fffffffffff
N??CA?_cAoE_@SAgKO?	46	3fffffffffff
N??CA?_cAoE_@SAgHO?	46	3fffffffffff
N??CA?_cAoE_@SAgDO?	46	3fffffffffff
N??CA?_cAoE_@SAgGo?	46	3fffffffffff
N??CA?_cAoE_@SAgCo?	46	3fffffffffff
N??CA?_cAoE_@SAgSG?	46	7ffffffeffff
N??CA?_cAoE_@SAgOg?	46	fffffffdff7f
N??CA?_cAoE_@SAgCg?	46	fffffffdefff
N??CA?_cAoE_@SAgCW?	46	3fffffffffff
N??CA?_cAoE_@SAg@W?	46	3fffffffffff
N??CA?_cAoE_@SAg?w?	46	3fffffffffff
N??CA?_cAoE_@SAgWC?	46	3fffffffffff
N??CA?_cAoE_@SAgPC?	46	3fffffffffff
N??CA?_cAoE_@SAgHC?	46	3fffffffffff
N??CA?_cAoE_@SAgOc?	46	3fffffffffff
N??CA?_cAoE_@SAgGS?	46	3fffffffffff
N??CA?_cAoE_@SAg@S?	46	3fffffffffff
N??CA?_cAoE_@SAg?s?	46	3fffffffffff
N??CA?_cAoE_@SAgOK?	46	3fffffffffff
N??CA?_cAoE_@SAg@K?	46	3fffffffffff
N??CA?_cAoE_@SAg?k?	46	3fffffffffff
N??CA?_cAoE_@SAg?[?	46	3fffffffffff
N??CA?_cAoE_?sBG[??	46	7ffffffffffb
N??CA?_cAoE_?sBGX??	46	7ffffffffffb
N??CA?_cAoE_?sBGT??	46	3fffffffffff
N??CA?_cAoE_?sBGL??	46	3fffffffffff
N??CA?_cAoE_?sBGW_?	46	3fffffffffff
N??CA?_cAoE_?sBGS_?	46	3fffffffffff
N??CA?_cAoE_?sBGK_?	46	3fffffffffff
N??CA?_cAoE_?sBGSO?	46	7fffffffefff
N??CA?_cAoE_?sBGKO?	46	7fffffffefff
N??CA?_cAoE_?sBGHO?	46	7fffffffefff
N??CA?_cAoE_?sBGDO?	46	3fffffffffff
N??CA?_cAoE_?sBGGo?	46	3fffffffffff
N??CA?_cAoE_?sBGCo?	46	3fffffffffff
N??CA?_cAoE_?sBGSG?	46	7fffffffefff
N??CA?_cAoE_?sBGDG?	46	3fffffffffff
N??CA?_cAoE_?sBGCg?	46	3fffffffffff
N??CA?_cAoE_?sBGCW?	46	7ffffffdffff
N??CA?_cAoE_?sBGWC?	46	3fffffffffff
N??CA?_cAoE_?sBGSC?	46	3fffffffffff
N??CA?_cAoE_?sBGPC?	46	3fffffffffff
N??CA?_cAoE_?sBGHC?	46	3fffffffffff
N??CA?_cAoE_?sBGCc?	46	3fff7fefdfeff
N??CA?_cAoE_?sBGGS?	46	3fffffffffff
N??CA?_cAoE_?sBG@S?	46	3fffffffffff
N??CA?_cAoE_?sBGOK?	46	3fffffffffff
N??CA?_cAoE_?sBGCK?	46	3fffffffffff
N??CA?_cAoE_?sBG@K?	46	3fffffffffff
N??CA?_cAoE_?sBG?[?	46	3fffffffffff
N??CA?_cAoE_?[B_[??	46	7ffffffffffe
N??CA?_cAoE_?[B_X??	46	3fffffffffff
N??CA?_cAoE_?[B_T??	46	3fffffffffff
N??CA?_cAoE_?[B_L??	46	3fffffffffff
N??CA?_cAoE_?[B_WO?	46	3fffffffffff
N??CA?_cAoE_?[B_KO?	46	3fffffffffff
N??CA?_cAoE_?[B_HO?	46	3fffffffffff
N??CA?_cAoE_?[B_WG?	46	7ffffffff7ff
N??CA?_cAoE_?[B_SG?	46	7ffffffff7ff
N??CA?_cAoE_?[B_PG?	46	3fffffffffff
N??CA?_cAoE_?[B_DG?	46	3fffffffffff
N??CA?_cAoE_?[B_Og?	46	3fffffffffff
N??CA?_cAoE_?[B_Cg?	46	3fffffffffff
N??CA?_cAoE_?[B_CW?	46	3fffffffffff
N??CA?_cAoE_?[B_?w?	46	3fffffffffff
N??CA?_cAoE_?[B_OK?	46	7ffffffdffff
N??CA?_cAoE_?[B_@K?	46	3fffffffffff
N??CA?_cAoE_?[B_?[?	46	3fffffffffff
N??CA?_cAoKO@gBOU??	46	7ffffffffffe
N??CA?_cAoKO@gBOR??	46	3fffffffffff
N??CA?_cAoKO@gBOQ_?	46	3fffffffffff
N??CA?_cAoKO@gBOQG?	46	3fffffffffff
N??CA?_cAoKO@gBOBG?	46	3fffffffffff
N??CA?_cAoKO@gBOQC?	46	7ffffffff7ff
N??CA?_cAoKO@gBOCc?	46	3ffffffffffcc
N??CA?_cAoKO@gBOAc?	46	3fffffffffff
N??CA?_cAoKO@gBOCK?	46	3ffffffffffcc
N??CA?_cAoKO@gBO@K?	46	3effffffffb7e
N??CA?_cAoKO@gBOPA?	46	3fffffffffff
N??CA?_cAoKO@gBOOa?	46	3fffffffffff
N??CA?_cAoKO@gBOAE?	46	7ffffffdffff
N??CA?_cAoKO@gBO@E?	46	3fffffffffff
N??CA?_cAoKO@gBO?M?	46	3fffffffffff
N??CA?_cAoIOJ?@WD_?	46	3ffffbbfeefff
N??CA?_cAoIOJ?@WDO?	46	7ffffffff7ff
N??CA?_cAoIOJ?@WCo?	46	3fffffffffff
N??CA?_cAoIOJ?@W@o?	46	3fffffffffff
N??CA?_cAoIOJ?@W?s?	46	3fffffffffff
N??CA?_cAoIOJ?@WCQ?	46	7ffffffdffff
N??CA?_cAoIOJ?@W@Q?	46	3fffffffdef7e
N??CA?_cAoIOBOHGS_?	46	fffffffeff7f
N??CA?_cAoIOBOHGDG?	46	3ffffdefdefff
N??CA?_cAoIOBOHGCQ?	46	fffffffff7fd
N??CA?_cAoEO`OBGK_?	46	3fffffffffff
N??CA?_cAoEO`OBGKO?	46	7ffffffffffd
N??CA?_cAoEO`OBGKG?	46	7ffffffffffd
N??CA?_cAoEO`OBGDG?	46	3fffffffffff
N??CA?_cAoEO`OBGCg?	46	3fffffffffff
N??CA?_cAoEO`OBG@g?	46	3fffffffffff
N??CA?_cAoEO`OBGHC?	46	3fffffffffff
N??CA?_cAoEO`OBG@c?	46	3fffffffffff
N??CA?_cAoEO`OBGGS?	46	3fffffffffff
N??CA?_cAoEO`OBG@K?	46	3fffffffffff
N??CA?_cAoEO`OBG?k?	46	3fffffffffff
N??CA?_cAoEO`OBGKA?	46	7ffffffffffb
N??CA?_cAoEO`OBG@a?	46	3fffffffffff
N??CA?_cAoEO`OBGGQ?	46	ffffffffe7ff
N??CA?_cAoEO`OBGCI?	46	7fffffffefff
N??CA?_cAoEO`OBGGE?	46	3fffffffffff
N??CA?_cAoEO`OBG@E?	46	3fffffffffff
N??CA?_cAoEO`OBG?e?	46	3fffffffffff
N??CA?_cAoEO`OBG?U?	46	3fffffffffff
N??CA?_cAoEO`OBG?M?	46	3fffffffffff
N??CA?_cAoEO@oBG[??	46	7ffffffffffd
N??CA?_cAoEO@oBGL??	46	3fffffffffff
N??CA?_cAoEO@oBGW_?	46	3fffffffffff
N??CA?_cAoEO@oBGK_?	46	3fffffffffff
N??CA?_cAoEO@oBGSG?	46	7ffffffff7ff
N??CA?_cAoEO@oBGPG?	46	3fffffffffff
N??CA?_cAoEO@oBGHG?	46	3fffffffffff
N??CA?_cAoEO@oBGOg?	46	3fffffffffff
N??CA?_cAoEO@oBGWC?	46	3fffffffffff
N??CA?_cAoEO@oBGKC?	46	3fffffffffff
N??CA?_cAoEO@oBGHC?	46	3fffffffffff
N??CA?_cAoEO@oBGGc?	46	3fffffffffff
N??CA?_cAoEO@oBG@c?	46	3fffffffffff
N??CA?_cAoEO@oBGWA?	46	ffffffffe7ff
N??CA?_cAoEO@oBGOE?	46	3fffffffffff
N??CA?_cAoEO`GBOK_?	46	3fffffffffff
N??CA?_cAoEO`GBOKO?	46	7ffffffffffe
N??CA?_cAoEO`GBOKG?	46	3fffffffffff
N??CA?_cAoEO`GBO@g?	46	3fffffffffff
N??CA?_cAoEO`GBOCW?	46	3fffffffffff
N??CA?_cAoEO`GBOKC?	46	7ffffffffffd
N??CA?_cAoEO`GBOHC?	46	3fffffffffff
N??CA?_cAoEO`GBOGc?	46	3fffffffffff
N??CA?_cAoEO`GBO@c?	46	3fffffffffff
N??CA?_cAoEO`GBOGK?	46	3fffffffffff
N??CA?_cAoEO`GBO@K?	46	3fffffffffff
N??CA?_cAoEO`GBO?k?	46	3fffffffffff
N??CA?_cAoEO`GBOKA?	46	7ffffffffffd
N??CA?_cAoEO`GBOGa?	46	3fffffffffff
N??CA?_cAoEO`GBOGQ?	46	7ffffffff7ff
N??CA?_cAoEO`GBOCI?	46	3fffffffffff
N??CA?_cAoEO`GBO?i?	46	3fffffffffff
N??CA?_cAoEO`GBOGE?	46	7fffffffefff
N??CA?_cAoEO`GBO@E?	46	3fffffffffff
N??CA?_cAoEO`GBO?M?	46	3fffffffffff
N??CA?_cAoHOL?@WD_?	46	3ffffbbfeefff
N??CA?_cAoHOL?@WDO?	46	7ffffffff7ff
N??CA?_cAoHOL?@WCo?	46	3fffffffffff
N??CA?_cAoHOL?@W@o?	46	3fffffffffff
N??CA?_cAoHOL?@WSG?	46	3fffffffffff
N??CA?_cAoHOL?@WDG?	46	3ffffdefdefff
N??CA?_cAoHOL?@WCg?	46	3ffffdefdefff
N??CA?_cAoHOL?@W@K?	46	3fffffff0ffff
N??CA?_cAoHOL?@WPA?	46	3fffffffef7fa
N??CA?_cAoHOL?@W@Q?	46	3fffffffdef7e
N??CA?_cAoHOL?@W?Y?	46	7ffffffeffff
N??CA?_cAoHOL?@WOE?	46	3fffffffffff
N??CA?_cAoHOL?@W?U?	46	3fffffffffff
N??CA?_cAoHOJ?@WQO?	46	3ffffffffe7f9
N??CA?_cAoHOJ?@WEO?	46	7ffffffff7ff
N??CA?_cAoHOJ?@WAo?	46	3fffffffffff
N??CA?_cAoHOJ?@WAW?	46	7ffffffff7ff
N??CA?_cAoHOJ?@WAS?	46	3fffffffffff
N??CA?_cAoHOJ?@WAK?	46	3fffffff0ffff
N??CA?_cAoHOJ?@WSA?	46	7ffffffeffff
N??CA?_cAoHOJ?@WQA?	46	3fffffffef7fa
N??CA?_cAoHOJ?@WOa?	46	3fffffffffff
N??CA?_cAoHOJ?@WOI?	46	7ffffffffeff
N??CA?_cAoHOJ?@WOE?	46	3fffffffffff
N??CA?_cAoHOHO@WU??	46	3fffffffffff
N??CA?_cAoHOHO@WT??	46	3fffffffffff
N??CA?_cAoHOHO@WF??	46	3ffffdefdefff
N??CA?_cAoHOHO@WS_?	46	fffffffdf7ff
N??CA?_cAoHOHO@WQ_?	46	3fffffffffff
N??CA?_cAoHOHO@WD_?	46	3defbfffdea94fcc
N??CA?_cAoHOHO@WB_?	46	3ffffdefdefff
N??CA?_cAoHOHO@WSA?	46	7ffffffffffd
N??CA?_cAoHOHO@WOa?	46	7ffffffff7ff
N??CA?_cAoHOBOHGEO?	46	3fffffffffff
N??CA?_cAoHOBOHGEG?	46	3ffffdefdefff
N??CA?_cAoHOBOHGCg?	46	3defbfffdea94fcc
N??CA?_cAoHOBOHGSA?	46	fffffffffe7f
N??CA?_cAoGoM?@WD_?	46	3ffffbbfeefff
N??CA?_cAoGoM?@WCo?	46	3fffffffffff
N??CA?_cAoGoM?@W@o?	46	3fffffffffff
N??CA?_cAoGoM?@WCg?	46	3ffffdefdefff
N??CA?_cAoGoM?@WDC?	46	3ffffdefdefff
N??CA?_cAoGoM?@W?s?	46	3fffffffffff
N??CA?_cAoGoM?@WOK?	46	3fffffffffff
N??CA?_cAoGoM?@W?k?	46	3fffffff0ffff
N??CA?_cAoGoM?@W@Q?	46	fffffffdff7f
N??CA?_cAoGoM?@W?Y?	46	3fffffffffff
N??CA?_cAoGoM?@WOE?	46	3fffffffffff
N??CA?_cAoGoM?@W?e?	46	3fffffffffff
N??CA?_cAoGoM?@W?U?	46	3fffffffffff
N??CA?_cAoGoh?AWF??	46	3fffffffffff
N??CA?_cAoGoh?AWE_?	46	7fffffffff7f
N??CA?_cAoGoh?AWDO?	46	3fffffffffff
N??CA?_cAoGoh?AW@o?	46	3fffffffffff
N??CA?_cAoGoh?AWEG?	46	3fffffffffff
N??CA?_cAoGoh?AWEC?	46	3fffffffffff
N??CA?_cAoGoh?AWAc?	46	3fffffffffff
N??CA?_cAoGoh?AW@S?	46	3fffffffffff
N??CA?_cAoGoh?AWAK?	46	3fffffffffff
N??CA?_cAoGoh?AWDA?	46	3fffffffffff
N??CA?_cAoGoh?AW@a?	46	3fffffffffff
N??CA?_cAoGoh?AW@Q?	46	3fffffffffff
N??CA?_cAoGoh?AWCI?	46	3fffffffffff
N??CA?_cAoGoh?AW@E?	46	3fffffffffff
N??CA?_cAoGoh?AW?U?	46	3fffffffffff
N??CA?_cAoGoh?AW?M?	46	3fffffffffff
N??CA?_cAoGoL?AWD_?	46	3ffffbbfeefff
N??CA?_cAoGoL?AWDO?	46	3fffffffffff
N??CA?_cAoGoL?AW@o?	46	3fffffffffff
N??CA?_cAoGoL?AWSG?	46	3fffffffffff
N??CA?_cAoGoL?AWCg?	46	3ffffdefdefff
N??CA?_cAoGoL?AW@c?	46	3ffffdefdefff
N??CA?_cAoGoL?AW@S?	46	3fffffffffff
N??CA?_cAoGoL?AWOK?	46	3fffffffffff
N??CA?_cAoGoL?AW?k?	46	3fffffff0ffff
N??CA?_cAoGoL?AW@Q?	46	3fffffffffff
N??CA?_cAoGoL?AW?Y?	46	3fffffffffff
N??CA?_cAoGoL?AWOE?	46	3fffffffffff
N??CA?_cAoGoL?AW?U?	46	3fffffffffff
N??CA?_cAoGoJ?AWU??	46	3fffffffffff
N??CA?_cAoGoJ?AWSO?	46	3fffffffffff
N??CA?_cAoGoJ?AWAo?	46	3fffffffffff
N??CA?_cAoGoJ?AWOS?	46	3fffffffffff
N??CA?_cAoGoJ?AWAS?	46	3fffffffffff
N??CA?_cAoGoJ?AWSA?	46	3fffffffffff
N??CA?_cAoGoJ?AWOa?	46	3fffffffffff
N??CA?_cAoGoJ?AWOQ?	46	3fffffffffff
N??CA?_cAoGoJ?AWCQ?	46	3fffffffffff
N??CA?_cAoGoJ?AWAQ?	46	3fffffffffff
N??CA?_cAoGoJ?AWOI?	46	3fffffffffff
N??CA?_cAoGoJ?AWOE?	46	3fffffffffff
N??CA?_cAoGoJ?AW?U?	46	3fffffffffff
N??CA?_cAoGoKOBGS_?	46	3fffffffffff
N??CA?_cAoGoKOBGD_?	46	3ffffbbfeefff
N??CA?_cAoGoKOBGDO?	46	3fffffffffff
N??CA?_cAoGoKOBGCo?	46	3fffffffffff
N??CA?_cAoGoKOBG@o?	46	3fffffffffff
N??CA?_cAoGoKOBGCg?	46	3ffffdefdefff
N??CA?_cAoGoKOBG@c?	46	3ffffdefdefff
N??CA?_cAoGoKOBG@S?	46	3fffffffffff
N??CA?_cAoGoKOBG?s?	46	3fffffffffff
N??CA?_cAoGoKOBGOK?	46	3fffffffffff
N??CA?_cAoGoKOBGCK?	46	3fffffff0ffff
N??CA?_cAoGoKOBG?k?	46	3fffffff0ffff
N??CA?_cAoGoKOBG@Q?	46	3fffffffffff
N??CA?_cAoGoKOBG?i?	46	3fffffffffff
N??CA?_cAoGoKOBG?Y?	46	fffffffdff7f
N??CA?_cAoGoKOBGOE?	46	3fffffffffff
N??CA?_cAoGoKOBG?e?	46	3fffffffffff
N??CA?_cAoGoKOBG?U?	46	3fffffffffff
N??CA?_cAoGoIO@WU??	46	3fffffffffff
N??CA?_cAoGoIO@WQO?	46	3fffffffffff
N??CA?_cAoGoIO@WQC?	46	3fffffffffff
N??CA?_cAoGoIO@WSA?	46	3fffffffffff
N??CA?_cAoGoIO@WPA?	46	3fffffffffff
N??CA?_cAoGoBOIGU??	46	3fffffffffff
N??CA?_cAoGoBOIGCS?	46	3ffffffffffcc
N??CA?_cAoGoBOIGSA?	46	7ffffffffeff
N??CA?_cAoGoBOIGCQ?	46	3fffffffffff
N??CA?_cAoGoBOGWU??	46	3fffffffffff
N??CA?_cAoGoBOGWD_?	46	3defbfffdea94fcc
N??CA?_cAoGoBOGWSA?	46	7fffffff7fff
N??CA?_cAoGogGBOF??	46	7ffffffeffff
N??CA?_cAoGogGBOE_?	46	7ffffffeffff
N??CA?_cAoGogGBOEO?	46	7ffffffffffe
N??CA?_cAoGogGBOCo?	46	3fffffffffff
N??CA?_cAoGogGBOEG?	46	7ffffffdffff
N??CA?_cAoGogGBODG?	46	fffffffdf7ff
N??CA?_cAoGogGBOCW?	46	3fffffffffff
N??CA?_cAoGogGBOEC?	46	7ffffffffffd
N??CA?_cAoGogGBODA?	46	3fffffffffff
N??CA?_cAoGogGBOCa?	46	3fffffffffff
N??CA?_cAoGogGBOCQ?	46	7ffffffff7ff
N??CA?_cAoGogGBOCI?	46	3fffffffffff
N??CA?_cAoGogGBOCE?	46	7fffffffefff
N??CA?_cAoGoKGBOS_?	46	3fffffffffff
N??CA?_cAoGoKGBOD_?	46	3ffffbbfeefff
N??CA?_cAoGoKGBOSO?	46	7ffffffffffe
N??CA?_cAoGoKGBOSG?	46	3fffffffffff
N??CA?_cAoGoKGBODG?	46	3ffffdefdefff
N??CA?_cAoGoKGBOCg?	46	3ffffdefdefff
N??CA?_cAoGoKGBODC?	46	3ffffdefdefff
N??CA?_cAoGoKGBOCS?	46	7ffffffff7ff
N??CA?_cAoGoKGBOCK?	46	3fffffff0ffff
N??CA?_cAoGoKGBOCQ?	46	7ffffffff7ff
N??CA?_cAoKGH_BGQO?	46	fffffffffefd
N??CA?_cAoKGH_BGPA?	46	3fffffffffff
N??CA?_cAoKGH_BGOa?	46	7ffffffffffd
N??CA?_cAoKGH_BGOQ?	46	ffffffffeffd
N??CA?_cAoKGH_BGAQ?	46	ffffffffeffd
N??CA?_cAoKGH_BG@Q?	46	3fffffffffff
N??CA?_cAoKGH_BGOI?	46	7fffffffefff
N??CA?_cAoKGH_BGOE?	46	7ffffffffffb
N??CA?_cAoKGB_@gU??	46	3fffffffffff
N??CA?_cAoKGB_@gD_?	46	3ffffffffffcc
N??CA?_cAoKGB_@gB_?	46	3ffdffdfdff7f
N??CA?_cAoKGB_@gQG?	46	3fffffffffff
N??CA?_cAoKGB_@gDG?	46	3ffffffffffcc
N??CA?_cAoKGB_@gQC?	46	3fffffffffff
N??CA?_cAoKGB_@g@c?	46	3effffffffb7e
N??CA?_cAoKGB_@g@K?	46	3effffffffb7e
N??CA?_cAoKGB_@gSA?	46	7ffffffffffd
N??CA?_cAoKGB_@gEA?	46	3fffffffffff
N??CA?_cAoKGB_@gBA?	46	3ffffffe97fff
N??CA?_cAoKGB_@gOa?	46	ffffffff0e7ff
N??CA?_cAoKGB_@gOE?	46	ffffffffe7ff
N??CA?_cAoKG@oBGU??	46	7ffffffffffd
N??CA?_cAoKG@oBGQ_?	46	3fffffffffff
N??CA?_cAoKG@oBGQO?	46	ffffffffe7ff
N??CA?_cAoKG@oBGEO?	46	7ffffffff7ff
N??CA?_cAoKG@oBGSA?	46	7fffffffefff
N??CA?_cAoKG@oBGPA?	46	3fffffffffff
N??CA?_cAoKG@oBGOE?	46	3fffffffffff
N??CA?_cAoKGBG@gCg?	46	2ffdeff7fe70fccc
N??CA?_cAoKGBG@gSA?	46	7ffffffffffb
N??CA?_cAoKGBG@gOa?	46	ffffffffe7ff
N??CA?_cAoKGBG@gCQ?	46	7fffffffefff
N??CA?_cAoKGBG@gOI?	46	3fffffffffff
N??CA?_cAoKG@WB_U??	46	7ffffffffffe
N??CA?_cAoKG@WB_S_?	46	3fffffffffff
N??CA?_cAoKG@WB_QO?	46	7fffffffefff
N??CA?_cAoKG@WB_SC?	46	7ffffffff7ff
N??CA?_cAoKG@WB_SA?	46	7ffffffff7ff
N??CA?_cAoKG@WB_PA?	46	3fffffffffff
N??CA?_cAoKG@WB_Oa?	46	7ffffffff7ff
N??CA?_cAoKG@WB_Ca?	46	3fffffffffff
N??CA?_cAoKG@WB_CQ?	46	3fffffffffff
N??CA?_cAoKG@WB_AQ?	46	7fffffffff7f
N??CA?_cAoKG@WB_OE?	46	7ffffffdffff
N??CA?_cAoKG@WB_?e?	46	3fffffffffff
N??CA?_cAoEG@oBGKO?	46	7ffffffff7ff
N??CA?_cAoEG@oBGWC?	46	3fffffffffff
N??CA?_cAoEG@oBGGc?	46	3fffffff0ffff
N??CA?_cAoEG@oBGOS?	46	3fffffffffff
N??CA?_cAoEG@oBGSA?	46	7fffffffefff
N??CA?_cAoEG@oBGOa?	46	3fffffffffff
N??CA?_cAoEG@oBGGQ?	46	fffffffdff7f
N??CA?_cAoEG@oBGCQ?	46	7ffffffdffff
N??CA?_cAoEG@oBG@Q?	46	3fffffffffff
N??CA?_cAoEG@oBG?q?	46	3fffffffffff
N??CA?_cAoEG@oBGOE?	46	3fffffffffff
N??CA?_cAoEG@oBG?U?	46	3fffffffffff
N??CA?_cAoEGPGB_S_?	46	3fffffffffff
N??CA?_cAoEGPGB_D_?	46	3ffffbbfeefff
N??CA?_cAoEGPGB_SO?	46	3fffffffffff
N??CA?_cAoEGPGB_@o?	46	3fffffffffff
N??CA?_cAoEGPGB_OW?	46	3fffffffffff
N??CA?_cAoEGPGB_OS?	46	3fffffffffff
N??CA?_cAoEGPGB_@S?	46	3fffffffffff
N??CA?_cAoEGPGB_@a?	46	3fffffffffff
N??CA?_cAoEGPGB_@Q?	46	3fffffffffff
N??CA?_cAoEGPGB_?q?	46	3fffffffffff
N??CA?_cAoEGPGB_?Y?	46	3fffffffffff
N??CA?_cAoEGPGB_OE?	46	7ffffffff7ff
N??CA?_cAoEGPGB_?U?	46	3fffffffffff
N??CA?_cAoEG@WB_K_?	46	3ffffdefdefff
N??CA?_cAoEG@WB_WO?	46	3fffffffffff
N??CA?_cAoEG@WB_PC?	46	3fffffffffff
N??CA?_cAoEG@WB_Cc?	46	3fffffff0ffff
N??CA?_cAoEG@WB_OS?	46	3fffffffffff
N??CA?_cAoEG@WB_WA?	46	7ffffffff7ff
N??CA?_cAoEG@WB_SA?	46	7ffffffff7ff
N??CA?_cAoEG@WB_OQ?	46	3fffffffffff
N??CA?_cAoEG@WB_GQ?	46	3fffffffffff
N??CA?_cAoEG@WB_CQ?	46	3fffffffffff
N??CA?_cAoEG@WB_?q?	46	3fffffffffff
N??CA?_cAoEG@WB_OE?	46	7ffffffdffff
N??CA?_cAoEG@WB_?U?	46	3fffffffffff
N??CA?_cAoBGh?@gL??	46	7ffffffffffd
N??CA?_cAoBGh?@gK_?	46	3fffffffffff
N??CA?_cAoBGh?@gD_?	46	3fffffffffff
N??CA?_cAoBGh?@gKO?	46	3fffffffffff
N??CA?_cAoBGh?@gDO?	46	3fffffffffff
N??CA?_cAoBGh?@gKG?	46	7ffffffff7ff
N??CA?_cAoBGh?@gKC?	46	3fffffffffff
N??CA?_cAoBGh?@gGS?	46	3fffffffffff
N??CA?_cAoBGh?@gKA?	46	7fffffffefff
N??CA?_cAoBGh?@gDA?	46	7fffffffefff
N??CA?_cAoBGh?@gGa?	46	3fffffffffff
N??CA?_cAoBGh?@gGQ?	46	7ffffffffeff
N??CA?_cAoBGh?@gGE?	46	3fffffffffff
N??CA?_cAoBGh?@g@E?	46	3fffffffffff
N??CA?_cAoBGX?@gSO?	46	3fffffffffff
N??CA?_cAoBGX?@gOo?	46	3fffffffffff
N??CA?_cAoBGX?@g@W?	46	7ffffffff7ff
N??CA?_cAoBGX?@gOS?	46	7ffffffffeff
N??CA?_cAoBGX?@g@S?	46	3fffffffffff
N??CA?_cAoBGX?@g?s?	46	3ffffbbfeefff
N??CA?_cAoBGX?@g?[?	46	3fffffffffff
N??CA?_cAoBGX?@gSA?	46	7fffffffefff
N??CA?_cAoBGX?@gCQ?	46	3fffffffffff
N??CA?_cAoBGX?@g@Q?	46	7fffffffefff
N??CA?_cAoBGX?@gOE?	46	7fffffffff7f
N??CA?_cAoBGX?@g?e?	46	3fffffffffff
N??CA?_cAoBGX?@g?U?	46	7ffffffffffd
N??CA?_cAoBGJ?@g[??	46	7ffffffffffd
N??CA?_cAoBGJ?@gK_?	46	3ffffbbfeefff
N??CA?_cAoBGJ?@gSO?	46	3fffffffffff
N??CA?_cAoBGJ?@gGW?	46	7ffffffff7ff
N??CA?_cAoBGJ?@gGc?	46	3ffffdefdefff
N??CA?_cAoBGJ?@gOS?	46	7fffffffefff
N??CA?_cAoBGJ?@gGS?	46	3fffffffffff
N??CA?_cAoBGJ?@gWA?	46	3ffffffffe7f9
N??CA?_cAoBGJ?@gSA?	46	7fffffffefff
N??CA?_cAoBGJ?@gGQ?	46	7fffffffefff
N??CA?_cAoBGJ?@gCQ?	46	3fffffffffff
N??CA?_cAoBGJ?@g?q?	46	3fffffffffff
N??CA?_cAoBGJ?@gOE?	46	7ffffffff7ff
N??CA?_cAoBGJ?@gGE?	46	3fffffffffff
N??CA?_cAoBGJ?@g?U?	46	7fffffffff7f
N??CA?_cAoBGP_HGCg?	46	3ffffdefdefff
N??CA?_cAoBGP_HGSA?	46	7fffffffefff
N??CA?_cAoBGP_HGCQ?	46	3fffffffffff
N??CA?_cAoBGH_@g[??	46	3fffffffffff
N??CA?_cAoBGH_@gT??	46	3fffffffffff
N??CA?_cAoBGH_@gL??	46	3effffffffb7e
N??CA?_cAoBGH_@gW_?	46	3fffffffffff
N??CA?_cAoBGH_@gKG?	46	3ffffffffffcc
N??CA?_cAoBGB_HGK_?	46	3ffffbbfeefff
N??CA?_cAoBGB_HGSO?	46	3fffffffffff
N??CA?_cAoBGB_HGCo?	46	3fffffff0ffff
N??CA?_cAoBGB_HGSA?	46	7fffffffefff
N??CA?_cAoBGB_HGKA?	46	3fffffffffff
N??CA?_cAoBGB_HGCa?	46	7ffffffffeff
N??CA?_cAoBGB_HGCQ?	46	3fffffffffff
N??CA?_cAoBGHC@g[??	46	7fffffffefff
N??CA?_cAoBGHC@gX??	46	3ffffffffe7f9
N??CA?_cAoBGHC@gT??	46	7fffffffefff
N??CA?_cAoBGHC@gL??	46	fffffffeefff
N??CA?_cAoBGHC@gW_?	46	3fffffffffff
N??CA?_cAoBGHC@gK_?	46	3fffffffffff
N??CA?_cAoBGHC@gWO?	46	7ffffffffeff
N??CA?_cAoBGHC@gKO?	46	3fffffffffff
N??CA?_cAoBGHC@gHO?	46	7fffffffefff
N??CA?_cAoBGHC@gDO?	46	3fffffffffff
N??CA?_cAoBGHC@gGo?	46	3fffffffffff
N??CA?_cAoBGHC@gWC?	46	3fffffffffff
N??CA?_cAoBGHC@gKC?	46	3fffffffffff
N??CA?_cAoBGHC@gPC?	46	3fffffffffff
N??CA?_cAoBGHC@gHC?	46	3fffffffffff
N??CA?_cAoBGHC@gGc?	46	3fffffffffff
N??CA?_cAoBGHC@gGS?	46	3fffffffffff
N??CA?_cAoBGHC@g@S?	46	3fffffffffff
N??CA?_cAoBG@cHG[??	46	3fffffffffff
N??CA?_cAoBG@cHGT??	46	3fffffffffff
N??CA?_cAoBG@cHGL??	46	5fffdeffff7fd
N??CA?_cAoBG@cHGK_?	46	3fffffffffff
N??CA?_cAoBG@cHGKO?	46	3fffffffffff
N??CA?_cAoBG@cHGDO?	46	3fffffffffff
N??CA?_cAoBG@cHGKC?	46	3fffffffffff
N??CA?_cAoAgi?@gL??	46	7ffffffffffd
N??CA?_cAoAgi?@gK_?	46	3fffffffffff
N??CA?_cAoAgi?@gD_?	46	3fffffffffff
N??CA?_cAoAgi?@gKO?	46	3fffffffffff
N??CA?_cAoAgi?@gGo?	46	3fffffffffff
N??CA?_cAoAgi?@gKG?	46	7ffffffff7ff
N??CA?_cAoAgi?@gDG?	46	7ffffffff7ff
N??CA?_cAoAgi?@gCg?	46	3fffffffffff
N??CA?_cAoAgi?@gCW?	46	3fffffffffff
N??CA?_cAoAgi?@g@W?	46	3fffffffffff
N??CA?_cAoAgi?@gKC?	46	3fffffffffff
N??CA?_cAoAgi?@gGc?	46	3fffffffffff
N??CA?_cAoAgi?@gGS?	46	3fffffffffff
N??CA?_cAoAgi?@gCK?	46	3fffffffffff
N??CA?_cAoAgi?@g@K?	46	3fffffffffff
N??CA?_cAoAgi?@g?k?	46	3fffffffffff
N??CA?_cAoAgi?@gKA?	46	7fffffffefff
N??CA?_cAoAgi?@gGQ?	46	3fffffffffff
N??CA?_cAoAgi?@gCI?	46	7ffffffdffff
N??CA?_cAoAgi?@g?Y?	46	3fffffffffff
N??CA?_cAoAgi?@gGE?	46	3fffffffffff
N??CA?_cAoAgi?@g@E?	46	3fffffffffff
N??CA?_cAoAgi?@g?M?	46	3fffffffffff
N??CA?_cAoAgY?@gSO?	46	3fffffffffff
N??CA?_cAoAgY?@gDC?	46	3ffffdefdefff
N??CA?_cAoAgY?@gOS?	46	7ffffffffeff
N??CA?_cAoAgY?@g@K?	46	3fffffff0ffff
N??CA?_cAoAgY?@g?k?	46	3fffffff0ffff
N??CA?_cAoAgY?@gSA?	46	7fffffffefff
N??CA?_cAoAgY?@gCQ?	46	3fffffffffff
N??CA?_cAoAgY?@g@Q?	46	3fffffffffff
N??CA?_cAoAgY?@gOE?	46	3fffffffffff
N??CA?_cAoAgY?@g@E?	46	3fffffffffff
N??CA?_cAoAgY?@g?U?	46	3fffffffffff
N??CA?_cAoAgX?AgSO?	46	3fffffffffff
N??CA?_cAoAgX?Ag@S?	46	3fffffffffff
N??CA?_cAoAgX?Ag@K?	46	3fffffff0ffff
N??CA?_cAoAgX?AgSA?	46	7ffffffffeff
N??CA?_cAoAgX?AgPA?	46	3fffffffffff
N??CA?_cAoAgX?AgCQ?	46	3fffffffffff
N??CA?_cAoAgX?Ag@Q?	46	3fffffffffff
N??CA?_cAoAgX?Ag?i?	46	3fffffffdef7e
N??CA?_cAoAgX?AgOE?	46	3fffffffffff
N??CA?_cAoAgX?Ag?U?	46	3fffffffffff
N??CA?_cAoAgR?GgCW?	46	3fffffff0ffff
N??CA?_cAoAgJ?Ag[??	46	3fffffffffff
N??CA?_cAoAgJ?AgK_?	46	3ffffbbfeefff
N??CA?_cAoAgJ?AgCg?	46	3ffffdefdefff
N??CA?_cAoAgJ?AgOW?	46	3fffffffffff
N??CA?_cAoAgJ?AgWC?	46	3fffffffffff
N??CA?_cAoAgJ?AgGc?	46	3ffffdefdefff
N??CA?_cAoAgJ?AgOS?	46	3fffffffffff
N??CA?_cAoAgJ?AgGS?	46	3fffffffffff
N??CA?_cAoAgJ?AgOK?	46	3fffffffffff
N??CA?_cAoAgJ?Ag?[?	46	3fffffffffff
N??CA?_cAoAgJ?AgWA?	46	3fffffffffff
N??CA?_cAoAgJ?AgSA?	46	3fffffffffff
N??CA?_cAoAgJ?AgKA?	46	3fffffffffff
N??CA?_cAoAgJ?AgGQ?	46	3fffffffffff
N??CA?_cAoAgJ?AgCQ?	46	3fffffffffff
N??CA?_cAoAgJ?Ag?q?	46	3fffffffffff
N??CA?_cAoAgJ?Ag?Y?	46	3fffffffffff
N??CA?_cAoAgJ?AgOE?	46	3fffffffffff
N??CA?_cAoAgJ?AgGE?	46	3fffffffffff
N??CA?_cAoAgJ?Ag?U?	46	3fffffffffff
N??CA?_cAoAgg_BGL??	46	3fffffffffff
N??CA?_cAoAgg_BGK_?	46	3fffffffffff
N??CA?_cAoAgg_BGGo?	46	3fffffffffff
N??CA?_cAoAgg_BGKG?	46	7ffffffffffd
N??CA?_cAoAgg_BGKC?	46	3fffffffffff
N??CA?_cAoAgg_BGHC?	46	2fffff7ff7ffb
N??CA?_cAoAgg_BG@c?	46	37ffffbfefffb
N??CA?_cAoAgg_BGKA?	46	7ffffffffffb
N??CA?_cAoAgg_BGDA?	46	3fffffffffff
N??CA?_cAoAgg_BGGQ?	46	ffffffffe7ff
N??CA?_cAoAgg_BGGE?	46	3fffffffffff
N??CA?_cAoAgg_BG@E?	46	3fffffffffff
N??CA?_cAoAgg_BG?U?	46	7ffffffff7ff
N??CA?_cAoAgW_BGSO?	46	7ffffffffffd
N??CA?_cAoAgW_BGSA?	46	7ffffffffffb
N??CA?_cAoAgW_BGPA?	46	3fffffffffff
N??CA?_cAoAgW_BG@Q?	46	3fffffffffff
N??CA?_cAoAgW_BGOE?	46	3fffffffffff
N??CA?_cAoAgW_BG?U?	46	3fffffffffff
N??CA?_cAoAgQ_HGDO?	46	3fffffffffff
N??CA?_cAoAgQ_HGCg?	46	3ffffdefdefff
N??CA?_cAoAgQ_HGSA?	46	3fffffffffff
N??CA?_cAoAgQ_HGCQ?	46	3fffffffffff
N??CA?_cAoAgI_@g[??	46	3fffffffffff
N??CA?_cAoAgI_@gT??	46	3fffffffffff
N??CA?_cAoAgI_@gL??	46	3fffffffffff
N??CA?_cAoAgI_@gW_?	46	3fffffffffff
N??CA?_cAoAgI_@gK_?	46	3fffffffffff
N??CA?_cAoAgI_@gSG?	46	3fffffffffff
N??CA?_cAoAgI_@gHG?	46	3fffffffffff
N??CA?_cAoAgI_@gDG?	46	3fffffffffff
N??CA?_cAoAgI_@gWA?	46	3fffffffffff
N??CA?_cAoAgP_IGD_?	46	3ffffbbfeefff
N??CA?_cAoAgP_IGDG?	46	3ffffdefdefff
N??CA?_cAoAgP_IGCg?	46	3ffffdefdefff
N??CA?_cAoAgP_IGSA?	46	3fffffffffff
N??CA?_cAoAgP_IGCQ?	46	3fffffffffff
N??CA?_cAoAgB_IG[??	46	3fffffffffff
N??CA?_cAoAgB_IGK_?	46	3ffffbbfeefff
N??CA?_cAoAgB_IGSO?	46	3fffffffffff
N??CA?_cAoAgB_IGSG?	46	3fffffffffff
N??CA?_cAoAgB_IGKG?	46	3ffffdefdefff
N??CA?_cAoAgB_IGCg?	46	3ffffdefdefff
N??CA?_cAoAgB_IGSA?	46	3fffffffffff
N??CA?_cAoAgB_IGKA?	46	3fffffffffff
N??CA?_cAoAgB_IGCQ?	46	3fffffffffff
N??CA?_cAoAgB_Gg[??	46	3fffffffffff
N??CA?_cAoAgB_GgL??	46	3fffffffffff
N??CA?_cAoAgB_GgK_?	46	3fffffffffff
N??CA?_cAoAgB_GgD_?	46	3fffffffffff
N??CA?_cAoAgB_GgKG?	46	3fffffffffff
N??CA?_cAoAgB_GgSC?	46	7fffffffefff
N??CA?_cAoAgB_GgKC?	46	3fffffffffff
N??CA?_cAoAgB_GgSA?	46	7fffffffefff
N??CA?_cAoAgB_GgKA?	46	3fffffffffff
N??CA?_cAoAgB_GgDA?	46	3fffffffffff
N??CA?_cAoAggGB_L??	46	7ffffffeffff
N??CA?_cAoAggGB_K_?	46	7ffffffeffff
N??CA?_cAoAggGB_D_?	46	7ffffffeffff
N??CA?_cAoAggGB_KO?	46	3fffffffffff
N??CA?_cAoAggGB_KC?	46	7ffffffffffe
N??CA?_cAoAggGB_KA?	46	7ffffffffffe
N??CA?_cAoAggGB_CQ?	46	7fffffffefff
N??CA?_cAoAgWGB_SO?	46	3fffffffffff
N??CA?_cAoAgWGB_DG?	46	3ffffdefdefff
N??CA?_cAoAgWGB_DC?	46	3ffffdefdefff
N??CA?_cAoAgWGB_SA?	46	7ffffffffffe
N??CA?_cAoAgWGB_CQ?	46	3fffffffffff
N??CA?_cAoAgIC@g[??	46	7fffffffefff
N??CA?_cAoAgIC@gX??	46	ffffffffe7ff
N??CA?_cAoAgIC@gT??	46	7fffffffefff
N??CA?_cAoAgIC@gL??	46	fffffffeefff
N??CA?_cAoAgIC@gWO?	46	3fffffffffff
N??CA?_cAoAgIC@gKO?	46	3fffffffffff
N??CA?_cAoAgIC@gHO?	46	3fffffffffff
N??CA?_cAoAgIC@gDO?	46	3fffffffffff
N??CA?_cAoAgIC@gCo?	46	3fffffffffff
N??CA?_cAoAgIC@gSG?	46	7ffffffdffff
N??CA?_cAoAgIC@gOg?	46	3fffffffffff
N??CA?_cAoAgIC@gCg?	46	3fffffffffff
N??CA?_cAoAgIC@gOW?	46	3fffffffffff
N??CA?_cAoAgIC@gCW?	46	3fffffffffff
N??CA?_cAoAgIC@g?w?	46	3fffffffffff
N??CA?_cAoAgIC@gWC?	46	3fffffffffff
N??CA?_cAoAgIC@gPC?	46	3fffffffffff
N??CA?_cAoAgIC@gHC?	46	3fffffffffff
N??CA?_cAoAgIC@gOc?	46	3fffffffffff
N??CA?_cAoAgIC@gCc?	46	3fffffffffff
N??CA?_cAoAgIC@gGS?	46	3fffffffffff
N??CA?_cAoAgIC@g@S?	46	3fffffffffff
N??CA?_cAoAgIC@g?s?	46	3fffffffffff
N??CA?_cAoAgIC@gOK?	46	3fffffffffff
N??CA?_cAoAgIC@gCK?	46	3fffffffffff
N??CA?_cAoAgIC@g?k?	46	3fffffffffff
N??CA?_cAoAgIC@g?[?	46	3fffffffffff
N??CA?_cAoAgGcBG[??	46	7ffffffffffb
N??CA?_cAoAgGcBGX??	46	3fffffffffff
N??CA?_cAoAgGcBGL??	46	3fffffffffff
N??CA?_cAoAgGcBGWO?	46	ffffffffe7ff
N??CA?_cAoAgGcBGKO?	46	7fffffffefff
N??CA?_cAoAgGcBGHO?	46	3fffffffffff
N??CA?_cAoAgGcBGWC?	46	3fffffffffff
N??CA?_cAoAgGcBGPC?	46	3fffffffffff
N??CA?_cAoAgGcBGHC?	46	3fffffffffff
N??CA?_cAoAgGcBGOS?	46	7ffffffff7ff
N??CA?_cAoAgGcBGGS?	46	3fffffffffff
N??CA?_cAoAgGcBG@S?	46	3fffffffffff
N??CA?_cAoAgAcHG[??	46	3fffffffffff
N??CA?_cAoAgAcHGL??	46	3fffffffffff
N??CA?_cAoAgAcHGS_?	46	3fffffffffff
N??CA?_cAoAgAcHGSO?	46	3fffffffffff
N??CA?_cAoAgAcHGKO?	46	3fffffffffff
N??CA?_cAoAgAcHGCo?	46	3fffffffffff
N??CA?_cAoAgAcHGSG?	46	3fffffffffff
N??CA?_cAoAgAcHGCg?	46	3fffffffffff
N??CA?_cAoAgAcHGCW?	46	3fffffffffff
N??CA?_cAoAgAcHGKC?	46	3fffffffffff
N??CA?_cAoAgAcHGCS?	46	3fffffffffff
N??CA?_cAoAgGKB_[??	46	7ffffffffffe
N??CA?_cAoAgGKB_L??	46	3fffffffffff
N??CA?_cAoAgGKB_K_?	46	3fffffffffff
N??CA?_cAoAgGKB_D_?	46	3fffffffffff
N??CA?_cAoAgGKB_KO?	46	3fffffffffff
N??CA?_cAoAgGKB_DO?	46	3fffffffffff
N??CA?_cAoAgGKB_KC?	46	ffffffffe7ff
N??CA?_cAoAgGKB_CS?	46	7fffffffff7f
N??CA?_cAoAWh?BGL??	46	3fffffffffff
N??CA?_cAoAWh?BGK_?	46	3fffffffffff
N??CA?_cAoAWh?BGDO?	46	3fffffffffff
N??CA?_cAoAWh?BGKG?	46	7ffffffffffd
N??CA?_cAoAWh?BGDG?	46	3fffffffffff
N??CA?_cAoAWh?BGCg?	46	3fffffffffff
N??CA?_cAoAWh?BGKC?	46	3fffffffffff
N??CA?_cAoAWh?BGHC?	46	3fffffffffff
N??CA?_cAoAWh?BGGc?	46	3fffffffffff
N??CA?_cAoAWh?BGCK?	46	3fffffffffff
N??CA?_cAoAWh?BG@K?	46	3fffffffffff
N??CA?_cAoAWh?BG?[?	46	3fffffffffff
N??CA?_cAoAWh?BGKA?	46	7ffffffffffb
N??CA?_cAoAWh?BGGa?	46	3fffffffffff
N??CA?_cAoAWh?BG@a?	46	3fffffffffff
N??CA?_cAoAWh?BGCQ?	46	7fffffffefff
N??CA?_cAoAWh?BGCI?	46	7fffffffefff
N??CA?_cAoAWh?BGGE?	46	3fffffffffff
N??CA?_cAoAWh?BG@E?	46	3fffffffffff
N??CA?_cAoAWh?BG?M?	46	3fffffffffff
N??CA?_cAoAWX?BGDO?	46	3fffffffffff
N??CA?_cAoAWX?BG@c?	46	3ffffdefdefff
N??CA?_cAoAWX?BG@S?	46	3fffffffffff
N??CA?_cAoAWX?BG@K?	46	3fffffff0ffff
N??CA?_cAoAWX?BGSA?	46	7ffffffffffb
N??CA?_cAoAWX?BG@a?	46	3fffffffffff
N??CA?_cAoAWX?BGCQ?	46	7fffffffefff
N??CA?_cAoAWX?BG?i?	46	3fffffffffff
N??CA?_cAoAWX?BG?Y?	46	3fffffffcff7d
N??CA?_cAoAWX?BGOE?	46	3fffffffffff
N??CA?_cAoAWH_BG[??	46	7ffffffffffd
N??CA?_cAoAWH_BGL??	46	3fffffffffff
N??CA?_cAoAWH_BGW_?	46	3fffffffffff
N??CA?_cAoAWH_BGS_?	46	3fffffffffff
N??CA?_cAoAWH_BGK_?	46	3fffffffffff
N??CA?_cAoAWH_BGH_?	46	3fffffffffff
N??CA?_cAoAWH_BGWG?	46	3ffffffffe67f
N??CA?_cAoAWH_BGSG?	46	7ffffffff7ff
N??CA?_cAoAWH_BGKG?	46	7ffffffff7ff
N??CA?_cAoAWH_BGDG?	46	3fffffffffff
N??CA?_cAoAWH_BGGg?	46	3fffffffffff
N??CA?_cAoAWH_BGCg?	46	3fffffffffff
N??CA?_cAoAWH_BGWC?	46	3fffffffffff
N??CA?_cAoAWH_BGKC?	46	3fffffffffff
N??CA?_cAoAWH_BGPC?	46	3fffffffffff
N??CA?_cAoAWH_BGHC?	46	3fffffffffff
N??CA?_cAoAWH_BGGc?	46	3fffffffffff
N??CA?_cAoAWH_BGOK?	46	3fffffffffff
N??CA?_cAoAWH_BGSA?	46	7fffffffefff
N??CA?_cAoAWH_BGKA?	46	7fffffffefff
N??CA?_cAoAWH_BGDA?	46	3fffffffffff
N??CA?_cAoAWH_BGCI?	46	7ffffffdffff
N??CA?_cAoAWH_BGCE?	46	3fffffffffff
N??CA?_cAoAWH_BG@E?	46	3fffffffffff
N??CA?_cAoAWH_BG?e?	46	3fffffffffff
N??CA?_cAoAWH_BG?M?	46	3fffffffffff
N??CA?_cAoAWHOBGOS?	46	3fffffffffff
N??CA?_cAoAWHOBGSA?	46	7fffffffefff
N??CA?_cAoAWHOBGKA?	46	7fffffffefff
N??CA?_cAoAWHOBGOQ?	46	3fffffffcff7d
N??CA?_cAoAWHOBGGQ?	46	3fffffffcff7d
N??CA?_cAoAWHOBGCQ?	46	7ffffffdffff
N??CA?_cAoAWHOBG@Q?	46	7ffffffdffff
N??CA?_cAoAWHOBG?q?	46	3fffffffffff
N??CA?_cAoAWHOBGOE?	46	3fffffffffff
N??CA?_cAoAWHOBG?U?	46	3fffffffffff
N??CA?_cAoECHOB_W_?	46	3fffffffffff
N??CA?_cAoECHOB_WO?	46	7ffffffff7ff
N??CA?_cAoECHOB_PG?	46	3fffffffffff
N??CA?_cAoECHOB_OW?	46	3fffffffffff
N??CA?_cAoECHOB_WC?	46	7ffffffffffe
N??CA?_cAoECHOB_GS?	46	3fffffffffff
N??CA?_cAoECHOB_?[?	46	3fffffffffff
N??CA?_cAoECHOB_OI?	46	7ffffffff7ff
N??CA?_cAoECHOB_?Y?	46	3fffffffffff
N??CA?_cAoECHOB_?U?	46	3fffffffffff
N??CA?_c?sM?HOBGPG?	46	3fffffffffff
N??CA?_c?sM?HOBGGg?	46	3ffffdefdefff
N??CA?_c?sM?HOBGOW?	46	7ffffffff7ff
N??CA?_c?sM?HOBG@W?	46	3fffffffffff
N??CA?_c?sM?HOBGGS?	46	3fffffffffff
N??CA?_c?sM?HOBGGK?	46	3fffffff0ffff
N??CA?_c?sM?HOBGPA?	46	7fffffffefff
N??CA?_c?sM?HOBGOa?	46	3fffffffffff
N??CA?_c?sM?HOBGGQ?	46	7fffffffefff
N??CA?_c?sM?HOBG@Q?	46	7ffffffffeff
N??CA?_c?sM?HOBGOI?	46	7fffffffefff
N??CA?_c?sM?HOBG?Y?	46	7ffffffdffff
N??CA?_c?sM?HOBG?U?	46	3fffffffffff
N??CA?_c?sJ?h?@WK_?	46	7ffffffffffb
N??CA?_c?sJ?h?@WDG?	46	3fffffffffff
N??CA?_c?sJ?h?@WCg?	46	fffffffdefff
N??CA?_c?sJ?h?@WKC?	46	7ffffffffeff
N??CA?_c?sJ?h?@WGc?	46	7fffffffefff
N??CA?_c?sJ?h?@WCc?	46	fffffffdefff
N??CA?_c?sJ?h?@WGK?	46	7ffffffeffff
N??CA?_c?sJ?h?@W@K?	46	3fffffffffff
N??CA?_c?sJ?h?@W?k?	46	fffffffcffff
N??CA?_c?sJ?h?@W?[?	46	3fffffffffff
N??CA?_c?sJ?h?@WKA?	46	7ffffffeffff
N??CA?_c?sJ?h?@WGa?	46	3fffffffffff
N??CA?_c?sJ?h?@WCQ?	46	fffffffdefff
N??CA?_c?sJ?h?@W?q?	46	3fffffffffff
N??CA?_c?sJ?h?@WCI?	46	3fffffffffff
N??CA?_c?sJ?h?@W?i?	46	3fffffffffff
N??CA?_c?sJ?h?@W?Y?	46	7ffffffeffff
N??CA?_c?sJ?h?@WGE?	46	3fffffffffff
N??CA?_c?sJ?h?@W?e?	46	3fffffffffff
N??CA?_c?sJ?h?@W?M?	46	3fffffffffff
N??CA?_c?sJ?X?@WDO?	46	7ffffffff7ff
N??CA?_c?sJ?X?@WDG?	46	3ffffdefdefff
N??CA?_c?sJ?X?@W@S?	46	3fffffffffff
N??CA?_c?sJ?X?@W@K?	46	3fffffff0ffff
N??CA?_c?sJ?X?@WSA?	46	7ffffffeffff
N??CA?_c?sJ?X?@WDA?	46	7ffffffeffff
N??CA?_c?sJ?X?@WOE?	46	3fffffffffff
N??CA?_c?sJ?X?@W@E?	46	3fffffffffff
N??CA?_c?sJ?J?@WK_?	46	3ffffbbfeefff
N??CA?_c?sJ?J?@WWO?	46	3ffffffffe7f9
N??CA?_c?sJ?J?@WSO?	46	fffffffef7ff
N??CA?_c?sJ?J?@WKO?	46	7ffffffff7ff
N??CA?_c?sJ?J?@WCg?	46	3ffffdefdefff
N??CA?_c?sJ?J?@WOW?	46	7ffffffff7ff
N??CA?_c?sJ?J?@W?w?	46	3fffffffffff
N??CA?_c?sJ?J?@WGc?	46	3ffffdefdefff
N??CA?_c?sJ?J?@WOS?	46	3fffffffffff
N??CA?_c?sJ?J?@WGS?	46	3fffffffffff
N??CA?_c?sJ?J?@W?s?	46	3fffffffffff
N??CA?_c?sJ?J?@WOK?	46	3fffffffffff
N??CA?_c?sJ?J?@WGK?	46	3fffffff0ffff
N??CA?_c?sJ?J?@W?k?	46	3fffffff0ffff
N??CA?_c?sJ?J?@W?[?	46	3fffffffffff
N??CA?_c?sJ?J?@WWA?	46	3fffffffef7fa
N??CA?_c?sJ?J?@WSA?	46	fffffffeefff
N??CA?_c?sJ?J?@WKA?	46	7ffffffeffff
N??CA?_c?sJ?J?@WOQ?	46	3fffffffdef7e
N??CA?_c?sJ?J?@WGQ?	46	3fffffffdef7e
N??CA?_c?sJ?J?@WCQ?	46	fffffffdfeff
N??CA?_c?sJ?J?@W?q?	46	3fffffffffff
N??CA?_c?sJ?J?@WCI?	46	3fffffffffff
N??CA?_c?sJ?J?@W?Y?	46	7ffffffdffff
N??CA?_c?sJ?J?@WOE?	46	3fffffffffff
N??CA?_c?sJ?J?@WGE?	46	3fffffffffff
N??CA?_c?sJ?J?@W?U?	46	3fffffffffff
N??CA?_c?sJ?J?@W?M?	46	3fffffffffff
N??CA?_c?sJ?`OHGK_?	46	7ffffffffffb
N??CA?_c?sJ?`OHGDG?	46	3fffffffffff
N??CA?_c?sJ?`OHGCg?	46	fffffffdefff
N??CA?_c?sJ?`OHGKC?	46	7ffffffffeff
N??CA?_c?sJ?`OHGKA?	46	3fffffffffff
N??CA?_c?sJ?`OHGCa?	46	3fffffffffff
N??CA?_c?sJ?`OHGCQ?	46	3fffffffffff
N??CA?_c?sJ?`OHGCI?	46	3fffffffffff
N??CA?_c?sJ?HO@WL??	46	3ffffdefdefff
N??CA?_c?sJ?HO@WSO?	46	3fffffffffff
N??CA?_c?sJ?HO@WSA?	46	3fffffffffff
N??CA?_c?sJ?HO@WOa?	46	3fffffffffff
N??CA?_c?sJ?HO@WCQ?	46	3fffffffffff
N??CA?_c?sJ?BOHGK_?	46	3ffffbbfeefff
N??CA?_c?sJ?BOHGSO?	46	3fffffffffff
N??CA?_c?sJ?BOHGKO?	46	3fffffffffff
N??CA?_c?sJ?BOHGCo?	46	3fffffffffff
N??CA?_c?sJ?BOHGCg?	46	3ffffdefdefff
N??CA?_c?sJ?BOHGSA?	46	3fffffffffff
N??CA?_c?sJ?BOHGKA?	46	3fffffffffff
N??CA?_c?sJ?BOHGCa?	46	3fffffffffff
N??CA?_c?sJ?BOHGCQ?	46	3fffffffffff
N??CA?_c?sJ?HC@W[??	46	7ffffffeffff
N??CA?_c?sJ?HC@WX??	46	3fffffffef7fa
N??CA?_c?sJ?HC@WT??	46	fffffffeefff
N??CA?_c?sJ?HC@WL??	46	7ffffffeffff
N??CA?_c?sJ?HC@WW_?	46	3fffffffffff
N??CA?_c?sJ?HC@WS_?	46	3fffffffffff
N??CA?_c?sJ?HC@WK_?	46	3fffffffffff
N??CA?_c?sJ?HC@WSO?	46	fffffffdefff
N??CA?_c?sJ?HC@WHO?	46	3fffffffdef7e
N??CA?_c?sJ?HC@WDO?	46	fffffffdfeff
N??CA?_c?sJ?HC@WSG?	46	3fffffffffff
N??CA?_c?sJ?HC@WKG?	46	3fffffffffff
N??CA?_c?sJ?HC@WDG?	46	3fffffffffff
N??CA?_c?sJ?HC@WOg?	46	3fffffffffff
N??CA?_c?sJ?HC@WCg?	46	3fffffffffff
N??CA?_c?sJ?HC@WOW?	46	7ffffffeffff
N??CA?_c?sJ?HC@WCW?	46	3fffffffffff
N??CA?_c?sJ?HC@W@W?	46	7ffffffdffff
N??CA?_c?sJ?HC@WWC?	46	3fffffffffff
N??CA?_c?sJ?HC@WKC?	46	3fffffffffff
N??CA?_c?sJ?HC@WPC?	46	3fffffffffff
N??CA?_c?sJ?HC@WHC?	46	3fffffffffff
N??CA?_c?sJ?HC@WDC?	46	3fffffffffff
N??CA?_c?sJ?HC@WOc?	46	3fffffffffff
N??CA?_c?sJ?HC@W@S?	46	3fffffffffff
N??CA?_c?sJ?HC@W?s?	46	3fffffffffff
N??CA?_c?sJ?HC@WOK?	46	3fffffffffff
N??CA?_c?sJ?HC@WGK?	46	3fffffffffff
N??CA?_c?sJ?HC@W@K?	46	3fffffffffff
N??CA?_c?sJ?HC@W?k?	46	3fffffffffff
N??CA?_c?sJ?HC@W?[?	46	3fffffffffff
N??CA?_c?sJ?@SHG[??	46	3fffffffffff
N??CA?_c?sJ?@SHGT??	46	3fffffffffff
N??CA?_c?sJ?@SHGL??	46	3fffffffffff
N??CA?_c?sJ?@SHGS_?	46	3fffffffffff
N??CA?_c?sJ?@SHGSO?	46	3fffffffffff
N??CA?_c?sJ?@SHGDO?	46	3fffffffffff
N??CA?_c?sJ?@SHGCo?	46	3fffffffffff
N??CA?_c?sJ?@SHGSG?	46	3fffffffffff
N??CA?_c?sJ?@SHGKG?	46	3fffffffffff
N??CA?_c?sJ?@SHGDG?	46	3fffffffffff
N??CA?_c?sJ?@SHGCg?	46	3fffffffffff
N??CA?_c?sJ?@SHGCW?	46	3fffffffffff
N??CA?_c?sJ?@SHGKC?	46	3fffffffffff
N??CA?_c?sI_i?@WL??	46	7fffffffff7f
N??CA?_c?sI_i?@WK_?	46	3fffffffffff
N??CA?_c?sI_i?@WKG?	46	3fffffffffff
N??CA?_c?sI_i?@WDG?	46	3fffffffffff
N??CA?_c?sI_i?@WGg?	46	3fffffffffff
N??CA?_c?sI_i?@WCg?	46	3fffffffffff
N??CA?_c?sI_i?@W@g?	46	3fffffffffff
N??CA?_c?sI_i?@WKC?	46	3fffffffffff
N??CA?_c?sI_i?@WHC?	46	3fffffffffff
N??CA?_c?sI_i?@WGc?	46	3fffffffffff
N??CA?_c?sI_i?@WGK?	46	3fffffffffff
N??CA?_c?sI_i?@WCK?	46	3fffffffffff
N??CA?_c?sI_i?@W?k?	46	3fffffffffff
N??CA?_c?sI_i?@W?[?	46	3fffffffffff
N??CA?_c?sI_i?@WKA?	46	7ffffffeffff
N??CA?_c?sI_i?@WGa?	46	3fffffffffff
N??CA?_c?sI_i?@WCa?	46	3fffffffffff
N??CA?_c?sI_i?@W@Q?	46	3fffffffdef7e
N??CA?_c?sI_i?@W?q?	46	3fffffffffff
N??CA?_c?sI_i?@WCI?	46	3fffffffffff
N??CA?_c?sI_i?@W?i?	46	3fffffffffff
N??CA?_c?sI_i?@WGE?	46	3fffffffffff
N??CA?_c?sI_i?@W?e?	46	3fffffffffff
N??CA?_c?sI_i?@W?U?	46	7fffffff7fff
N??CA?_c?sI_i?@W?M?	46	3fffffffffff
N??CA?_c?sI_Y?@WCo?	46	3fffffffffff
N??CA?_c?sI_Y?@W?w?	46	3fffffffffff
N??CA?_c?sI_Y?@W@S?	46	3fffffffffff
N??CA?_c?sI_Y?@WOK?	46	3fffffffffff
N??CA?_c?sI_Y?@WSA?	46	7ffffffeffff
N??CA?_c?sI_Y?@WOE?	46	3fffffffffff
N??CA?_c?sI_Y?@W@E?	46	3fffffffffff
N??CA?_c?sI_h?AWL??	46	3fffffffffff
N??CA?_c?sI_h?AWK_?	46	7fffffffff7f
N??CA?_c?sI_h?AWKO?	46	7fffffffff7f
N??CA?_c?sI_h?AWKG?	46	3fffffffffff
N??CA?_c?sI_h?AWGg?	46	3fffffffffff
N??CA?_c?sI_h?AWCg?	46	3fffffffffff
N??CA?_c?sI_h?AW@g?	46	3fffffffffff
N??CA?_c?sI_h?AWKC?	46	3fffffffffff
N??CA?_c?sI_h?AWHC?	46	3fffffffffff
N??CA?_c?sI_h?AWCK?	46	3fffffffffff
N??CA?_c?sI_h?AW@K?	46	3fffffffffff
N??CA?_c?sI_h?AW?k?	46	3fffffffffff
N??CA?_c?sI_h?AWKA?	46	7fffffff7fff
N??CA?_c?sI_h?AWCQ?	46	fffffffeefff
N??CA?_c?sI_h?AWCI?	46	3fffffffffff
N??CA?_c?sI_h?AW?i?	46	3fffffffffff
N??CA?_c?sI_h?AWGE?	46	3fffffffffff
N??CA?_c?sI_h?AW?e?	46	3fffffffffff
N??CA?_c?sI_h?AW?M?	46	3fffffffffff
N??CA?_c?sI_X?AWSO?	46	7fffffffff7f
N??CA?_c?sI_X?AWDO?	46	3fffffffffff
N??CA?_c?sI_X?AWCc?	46	3ffffdefdefff
N??CA?_c?sI_X?AW@S?	46	3fffffffffff
N??CA?_c?sI_X?AW?s?	46	3fffffffffff
N??CA?_c?sI_X?AW?[?	46	3fffffffffff
N??CA?_c?sI_X?AWSA?	46	7fffffff7fff
N??CA?_c?sI_X?AWCQ?	46	7ffffffeffff
N??CA?_c?sI_X?AWOE?	46	3fffffffffff
N??CA?_c?sI_X?AW?e?	46	3fffffffffff
N??CA?_c?sI_J?AW[??	46	3fffffffffff
N??CA?_c?sI_J?AWK_?	46	3ffffbbfeefff
N??CA?_c?sI_J?AWWO?	46	3fffffffffff
N??CA?_c?sI_J?AWSO?	46	3fffffffffff
N??CA?_c?sI_J?AWKO?	46	3fffffffffff
N??CA?_c?sI_J?AWOg?	46	3fffffffffff
N??CA?_c?sI_J?AWCg?	46	3ffffdefdefff
N??CA?_c?sI_J?AWOW?	46	3fffffffffff
N??CA?_c?sI_J?AWCW?	46	3fffffffffff
N??CA?_c?sI_J?AW?w?	46	3fffffffffff
N??CA?_c?sI_J?AWWC?	46	3fffffffffff
N??CA?_c?sI_J?AWOS?	46	3fffffffffff
N??CA?_c?sI_J?AWGS?	46	3fffffffffff
N??CA?_c?sI_J?AW?s?	46	3fffffffffff
N??CA?_c?sI_J?AW?k?	46	3fffffff0ffff
N??CA?_c?sI_J?AW?[?	46	3fffffffffff
N??CA?_c?sI_J?AWWA?	46	3fffffffffff
N??CA?_c?sI_J?AWKA?	46	3fffffffffff
N??CA?_c?sI_J?AWGQ?	46	3fffffffffff
N??CA?_c?sI_J?AWCQ?	46	3fffffffffff
N??CA?_c?sI_J?AW?q?	46	3fffffffffff
N??CA?_c?sI_J?AWOI?	46	3fffffffffff
N??CA?_c?sI_J?AWCI?	46	3fffffffffff
N??CA?_c?sI_J?AW?Y?	46	3fffffffffff
N??CA?_c?sI_J?AWOE?	46	3fffffffffff
N??CA?_c?sI_J?AWGE?	46	3fffffffffff
N??CA?_c?sI_J?AW?e?	46	3fffffffffff
N??CA?_c?sI_J?AW?U?	46	3fffffffffff
N??CA?_c?sI_J?AW?M?	46	3fffffffffff
N??CA?_c?sI_J?@W[??	46	3fffffffffff
N??CA?_c?sI_J?@WL??	46	3ffffbbfeefff
N??CA?_c?sI_J?@WKO?	46	3fffffffffff
N??CA?_c?sI_J?@WPG?	46	3fffffffffff
N??CA?_c?sI_J?@WOW?	46	3fffffffffff
N??CA?_c?sI_J?@WGW?	46	3fffffffffff
N??CA?_c?sI_J?@WWC?	46	3fffffffffff
N??CA?_c?sI_J?@WHC?	46	3ffffdefdefff
N??CA?_c?sI_J?@WGS?	46	3fffffffffff
N??CA?_c?sI_J?@W@S?	46	3fffffffffff
N??CA?_c?sI_J?@WWA?	46	3fffffffffff
N??CA?_c?sI_J?@WSA?	46	3fffffffffff
N??CA?_c?sI_J?@WKA?	46	3fffffffffff
N??CA?_c?sI_J?@WOQ?	46	3fffffffffff
N??CA?_c?sI_J?@WGQ?	46	3fffffffffff
N??CA?_c?sI_J?@WCQ?	46	3fffffffffff
N??CA?_c?sI_J?@W@Q?	46	3fffffffffff
N??CA?_c?sI_J?@WOI?	46	3fffffffffff
N??CA?_c?sI_J?@W?Y?	46	3fffffffffff
N??CA?_c?sI_J?@WOE?	46	3fffffffffff
N??CA?_c?sI_J?@WGE?	46	3fffffffffff
N??CA?_c?sI_J?@W@E?	46	3fffffffffff
N??CA?_c?sI_J?@W?U?	46	3fffffffffff
N??CA?_c?sI_I_@W[??	46	7ffffffff7ff
N??CA?_c?sI_I_@WX??	46	ffffffffe7ff
N??CA?_c?sI_I_@WT??	46	3fffffffef7fa
N??CA?_c?sI_I_@WL??	46	7ffffffff7ff
N??CA?_c?sI_I_@WK_?	46	3fffffffffff
N??CA?_c?sI_I_@WKG?	46	3fffffffffff
N??CA?_c?sI_I_@WPG?	46	3fffffffffff
N??CA?_c?sI_I_@WHG?	46	3fffffffffff
N??CA?_c?sI_I_@WDG?	46	3fffffffffff
N??CA?_c?sI_I_@WOg?	46	3fffffffffff
N??CA?_c?sI_I_@WCg?	46	3fffffffffff
N??CA?_c?sI_I_@WWC?	46	3fffffffffff
N??CA?_c?sI_I_@WKC?	46	3fffffffffff
N??CA?_c?sI_I_@WPC?	46	7fffffffff7f
N??CA?_c?sI_I_@WHC?	46	3fffffffffff
N??CA?_c?sI_I_@WGc?	46	3fffffffffff
N??CA?_c?sI_I_@W@c?	46	3fffffffffff
N??CA?_c?sI_I_@WOK?	46	3fffffffffff
N??CA?_c?sI_I_@WCK?	46	3fffffffffff
N??CA?_c?sI_I_@W@K?	46	3fffffffffff
N??CA?_c?sI_I_@W?k?	46	3fffffffffff
N??CA?_c?sI_I_@WKA?	46	7ffffffdffff
N??CA?_c?sI_I_@WDA?	46	3fffffffdf6fe
N??CA?_c?sI_I_@WOa?	46	3fffffffffff
N??CA?_c?sI_I_@WCI?	46	3fffffffffff
N??CA?_c?sI_I_@W@I?	46	3fffffffffff
N??CA?_c?sI_I_@WOE?	46	7fffffff7fff
N??CA?_c?sI_I_@W@E?	46	7ffffffeffff
N??CA?_c?sI_I_@W?M?	46	3fffffffffff
N??CA?_c?sI_H_AW[??	46	7fffffffff7f
N??CA?_c?sI_H_AWX??	46	3fffffffffff
N??CA?_c?sI_H_AWL??	46	3fffffffffff
N??CA?_c?sI_H_AWK_?	46	7ffffffff7ff
N??CA?_c?sI_H_AWPG?	46	3fffffffffff
N??CA?_c?sI_H_AWHG?	46	3fffffffffff
N??CA?_c?sI_H_AWDG?	46	3fffffffffff
N??CA?_c?sI_H_AWOg?	46	3fffffffffff
N??CA?_c?sI_H_AWCg?	46	3fffffffffff
N??CA?_c?sI_H_AWWC?	46	3fffffffffff
N??CA?_c?sI_H_AWPC?	46	3fffffffffff
N??CA?_c?sI_H_AWOK?	46	3fffffffffff
N??CA?_c?sI_H_AWGK?	46	3fffffffffff
N??CA?_c?sI_H_AW@K?	46	3fffffffffff
N??CA?_c?sI_H_AW?k?	46	3fffffffffff
N??CA?_c?sI_gOBGL??	46	3fffffffffff
N??CA?_c?sI_gOBGK_?	46	3fffffffffff
N??CA?_c?sI_gOBGKO?	46	7ffffffffffd
N??CA?_c?sI_gOBGDG?	46	3fffffffffff
N??CA?_c?sI_gOBGGg?	46	3fffffffffff
N??CA?_c?sI_gOBGCg?	46	3fffffffffff
N??CA?_c?sI_gOBG@g?	46	3fffffffffff
N??CA?_c?sI_gOBGHC?	46	3fffffffffff
N??CA?_c?sI_gOBGGc?	46	3fffffffffff
N??CA?_c?sI_gOBG@S?	46	3fffffffffff
N??CA?_c?sI_gOBGCK?	46	3fffffffffff
N??CA?_c?sI_gOBGKA?	46	7ffffffffffb
N??CA?_c?sI_gOBGGa?	46	3fffffffffff
N??CA?_c?sI_gOBGCa?	46	3fffffffffff
N??CA?_c?sI_gOBGCQ?	46	7fffffffefff
N??CA?_c?sI_gOBG?q?	46	3fffffffffff
N??CA?_c?sI_gOBG?i?	46	3fffffffffff
N??CA?_c?sI_gOBG?Y?	46	fffffffdff7f
N??CA?_c?sI_gOBGGE?	46	3fffffffffff
N??CA?_c?sI_gOBGCE?	46	3fffffffffff
N??CA?_c?sI_gOBG?e?	46	3fffffffffff
N??CA?_c?sI_gOBG?U?	46	3fffffffffff
N??CA?_c?sI_gOBG?M?	46	3fffffffffff
N??CA?_c?sI_WOBGD_?	46	3ffffbbfeefff
N??CA?_c?sI_WOBGDO?	46	3fffffffffff
N??CA?_c?sI_WOBGCo?	46	3fffffffffff
N??CA?_c?sI_WOBG?w?	46	3fffffffffff
N??CA?_c?sI_WOBG@S?	46	3fffffffffff
N??CA?_c?sI_WOBG?s?	46	3fffffffffff
N??CA?_c?sI_WOBGCK?	46	3fffffff0ffff
N??CA?_c?sI_WOBGSA?	46	7ffffffffffb
N??CA?_c?sI_WOBGCa?	46	3fffffffffff
N??CA?_c?sI_WOBG@I?	46	3fffffffffff
N??CA?_c?sI_WOBGOE?	46	3fffffffffff
N??CA?_c?sI_WOBG@E?	46	3fffffffffff
N??CA?_c?sI_aOHGK_?	46	3fffffffffff
N??CA?_c?sI_aOHGDG?	46	3fffffffffff
N??CA?_c?sI_aOHGCg?	46	3fffffffffff
N??CA?_c?sI_aOHGKC?	46	3fffffffffff
N??CA?_c?sI_aOHGCK?	46	3fffffffffff
N??CA?_c?sI_aOHGKA?	46	3fffffffffff
N??CA?_c?sI_aOHGCa?	46	3fffffffffff
N??CA?_c?sI_aOHGCQ?	46	3fffffffffff
N??CA?_c?sI_aOHGCI?	46	3fffffffffff
N??CA?_c?sI_IO@WKO?	46	3fffffffffff
N??CA?_c?sI_IO@WGo?	46	3fffffffffff
N??CA?_c?sI_IO@WWC?	46	3fffffffffff
N??CA?_c?sI_IO@WOS?	46	3fffffffffff
N??CA?_c?sI_IO@W@S?	46	3fffffffffff
N??CA?_c?sI_IO@WSA?	46	3fffffffffff
N??CA?_c?sI_IO@WCQ?	46	3fffffffffff
N??CA?_c?sI_IO@W@Q?	46	7ffffffffffd
N??CA?_c?sI_IO@WOE?	46	3fffffffffff
N??CA?_c?sI_IO@W@E?	46	3fffffffffff
N??CA?_c?sI_IO@W?U?	46	3fffffffffff
N??CA?_c?sI_`OIGL??	46	3fffffffffff
N??CA?_c?sI_`OIGDO?	46	7ffffffffffe
N??CA?_c?sI_`OIGDG?	46	3fffffffffff
N??CA?_c?sI_`OIGCg?	46	3fffffffffff
N??CA?_c?sI_`OIGKC?	46	3fffffffffff
N??CA?_c?sI_`OIGCK?	46	3fffffffffff
N??CA?_c?sI_`OIGKA?	46	3fffffffffff
N??CA?_c?sI_`OIGCQ?	46	7fffffffff7f
N??CA?_c?sI_`OIGCI?	46	3fffffffffff
N??CA?_c?sI_BOIG[??	46	3fffffffffff
N??CA?_c?sI_BOIGSO?	46	7ffffffffffe
N??CA?_c?sI_BOIGKO?	46	3fffffffffff
N??CA?_c?sI_BOIGCo?	46	3fffffffffff
N??CA?_c?sI_BOIGCg?	46	3ffffdefdefff
N??CA?_c?sI_BOIGCW?	46	3fffffffffff
N??CA?_c?sI_BOIGKC?	46	3ffffdefdefff
N??CA?_c?sI_BOIGKA?	46	3fffffffffff
N??CA?_c?sI_BOIGCQ?	46	7ffffffff7ff
N??CA?_c?sI_BOIGCI?	46	3fffffffffff
N??CA?_c?sI_BOHG[??	46	3fffffffffff
N??CA?_c?sI_BOHGL??	46	3ffffbbfeefff
N??CA?_c?sI_BOHGSO?	46	3fffffffffff
N??CA?_c?sI_BOHGKO?	46	3fffffffffff
N??CA?_c?sI_BOHGCS?	46	3fffffffffff
N??CA?_c?sI_BOHGSA?	46	3fffffffffff
N??CA?_c?sI_BOHGKA?	46	3fffffffffff
N??CA?_c?sI_BOHGCQ?	46	3fffffffffff
N??CA?_c?sI_BOGWSO?	46	3fffffffffff
N??CA?_c?sI_BOGWDO?	46	3fffffffffff
N??CA?_c?sI_BOGWSA?	46	3fffffffffff
N??CA?_c?sI_BOGWDA?	46	3fffffffffff
N??CA?_c?sI_BOGWCQ?	46	3fffffffffff
N??CA?_c?sI_GoBGX??	46	3fffffffffff
N??CA?_c?sI_GoBGT??	46	3fffffffffff
N??CA?_c?sI_GoBGL??	46	3fffffffffff
N??CA?_c?sI_GoBGK_?	46	3fffffffffff
N??CA?_c?sI_GoBGSG?	46	7ffffffff7ff
N??CA?_c?sI_GoBGPG?	46	3fffffffffff
N??CA?_c?sI_GoBGHG?	46	3fffffffffff
N??CA?_c?sI_GoBGOg?	46	3fffffffffff
N??CA?_c?sI_GoBGCg?	46	3fffffffffff
N??CA?_c?sI_GoBGWC?	46	3fffffffffff
N??CA?_c?sI_GoBGPC?	46	3fffffffffff
N??CA?_c?sI_GoBGHC?	46	3fffffffffff
N??CA?_c?sI_GoBGGc?	46	3fffffffffff
N??CA?_c?sI_GoBG@K?	46	3fffffffffff
N??CA?_c?sI_GoBG?k?	46	3fffffffffff
N??CA?_c?sI_GoBGSA?	46	7fffffffefff
N??CA?_c?sI_GoBGHA?	46	3fffffffffff
N??CA?_c?sI_GoBGDA?	46	3fffffffffff
N??CA?_c?sI_GoBGOa?	46	3fffffffffff
N??CA?_c?sI_GoBGOI?	46	fffffffdff7f
N??CA?_c?sI_GoBGCI?	46	7ffffffdffff
N??CA?_c?sI_GoBG@I?	46	3fffffffffff
N??CA?_c?sI_GoBGOE?	46	3fffffffffff
N??CA?_c?sI_GoBG@E?	46	3fffffffffff
N??CA?_c?sI_GoBG?M?	46	3fffffffffff
N??CA?_c?sI_AoHG[??	46	3fffffffffff
N??CA?_c?sI_AoHGT??	46	3fffffffffff
N??CA?_c?sI_AoHGL??	46	3fffffffffff
N??CA?_c?sI_AoHGS_?	46	3fffffffffff
N??CA?_c?sI_AoHGK_?	46	3fffffffffff
N??CA?_c?sI_AoHGDG?	46	3fffffffffff
N??CA?_c?sI_AoHGCg?	46	3fffffffffff
N??CA?_c?sI_AoHGCK?	46	3fffffffffff
N??CA?_c?sI_AoHGSA?	46	3fffffffffff
N??CA?_c?sI_AoHGDA?	46	3fffffffffff
N??CA?_c?sI_AoHGCa?	46	3fffffffffff
N??CA?_c?sI_AoHGCI?	46	3fffffffffff
N??CA?_c?sI_@oIG[??	46	3fffffffffff
N??CA?_c?sI_@oIGT??	46	7ffffffffffe
N??CA?_c?sI_@oIGL??	46	3fffffffffff
N??CA?_c?sI_@oIGK_?	46	3fffffffffff
N??CA?_c?sI_@oIGD_?	46	3fffffffffff
N??CA?_c?sI_@oIGKG?	46	3fffffffffff
N??CA?_c?sI_@oIGKC?	46	3fffffffffff
N??CA?_c?sI_@oIGSA?	46	7fffffffff7f
N??CA?_c?sI_gGBOL??	46	7ffffffeffff
N??CA?_c?sI_gGBOK_?	46	7ffffffeffff
N??CA?_c?sI_gGBOKO?	46	7ffffffffffe
N??CA?_c?sI_gGBOKC?	46	7ffffffffffd
N??CA?_c?sI_gGBOCK?	46	3fffffffffff
N??CA?_c?sI_gGBOKA?	46	7ffffffffffd
N??CA?_c?sI_gGBOCQ?	46	3ffffffffe67f
N??CA?_c?sI_gGBOCI?	46	3fffffffffff
N??CA?_c?sI_gGBOCE?	46	3ffffffffe67f
N??CA?_c?sI_WGBOT??	46	3fffffffffff
N??CA?_c?sI_WGBOSO?	46	7ffffffffffe
N??CA?_c?sI_WGBODO?	46	3fffffffffff
N??CA?_c?sI_WGBOCg?	46	3ffffdefdefff
N??CA?_c?sI_WGBOCc?	46	3ffffdefdefff
N??CA?_c?sI_WGBOSA?	46	7ffffffffffd
N??CA?_c?sI_WGBODA?	46	3fffffffffff
N??CA?_c?sI_GgBO[??	46	7ffffffffffe
N??CA?_c?sI_GgBOL??	46	3fffffffffff
N??CA?_c?sI_GgBOK_?	46	3fffffffffff
N??CA?_c?sI_GgBOD_?	46	3fffffffffff
N??CA?_c?sI_GgBOKG?	46	3fffffffffff
N??CA?_c?sI_GgBODG?	46	3fffffffffff
N??CA?_c?sI_GgBOCg?	46	3fffffffffff
N??CA?_c?sI_GgBOKC?	46	7ffffffff7ff
N??CA?_c?sI_GgBOCK?	46	3fffffffffff
N??CA?_c?sI_GgBODA?	46	7ffffffff7ff
N??CA?_c?sI_GgBOCa?	46	3fffffffffff
N??CA?_c?sI_GgBOCI?	46	3fffffffffff
N??CA?_c?sI_IC@W[??	46	7ffffffeffff
N??CA?_c?sI_IC@WX??	46	fffffffef7ff
N??CA?_c?sI_IC@WT??	46	3fffffffeeffc
N??CA?_c?sI_IC@WL??	46	7ffffffeffff
N??CA?_c?sI_IC@WW_?	46	3fffffffffff
N??CA?_c?sI_IC@WS_?	46	3fffffffffff
N??CA?_c?sI_IC@WK_?	46	3fffffffffff
N??CA?_c?sI_IC@WSG?	46	3fffffffffff
N??CA?_c?sI_IC@WKG?	46	3fffffffffff
N??CA?_c?sI_IC@WPG?	46	3fffffffffff
N??CA?_c?sI_IC@WDG?	46	3fffffffffff
N??CA?_c?sI_IC@WOg?	46	3fffffffffff
N??CA?_c?sI_IC@WCW?	46	3fffffffffff
N??CA?_c?sI_IC@W@W?	46	3fffffffffff
N??CA?_c?sI_IC@WWC?	46	3fffffffffff
N??CA?_c?sI_IC@WKC?	46	3fffffffffff
N??CA?_c?sI_IC@WHC?	46	3fffffffffff
N??CA?_c?sI_IC@WOc?	46	3fffffffffff
N??CA?_c?sI_IC@WGc?	46	3fffffffffff
N??CA?_c?sI_IC@WOS?	46	7fffffff7fff
N??CA?_c?sI_IC@W@S?	46	7ffffffeffff
N??CA?_c?sI_IC@WOK?	46	3fffffffffff
N??CA?_c?sI_IC@WCK?	46	3fffffffffff
N??CA?_c?sI_IC@W@K?	46	3fffffffffff
N??CA?_c?sI_IC@W?k?	46	3fffffffffff
N??CA?_c?sI_IC@W?[?	46	3fffffffffff
N??CA?_c?sI_HCAW[??	46	7fffffff7fff
N??CA?_c?sI_HCAWX??	46	3fffffffffff
N??CA?_c?sI_HCAWT??	46	3fffffffffff
N??CA?_c?sI_HCAWL??	46	3fffffffffff
N??CA?_c?sI_HCAWW_?	46	fffffffef7ff
N??CA?_c?sI_HCAWS_?	46	fffffffeefff
N??CA?_c?sI_HCAWK_?	46	7ffffffeffff
N??CA?_c?sI_HCAWSO?	46	fffffffeefff
N??CA?_c?sI_HCAWDO?	46	3fffffffffff
N??CA?_c?sI_HCAWSG?	46	3fffffffffff
N??CA?_c?sI_HCAWPG?	46	3fffffffffff
N??CA?_c?sI_HCAWDG?	46	3fffffffffff
N??CA?_c?sI_HCAWOg?	46	3fffffffffff
N??CA?_c?sI_HCAWCg?	46	3fffffffffff
N??CA?_c?sI_HCAWCW?	46	3fffffffffff
N??CA?_c?sI_HCAW@W?	46	3fffffffffff
N??CA?_c?sI_HCAWWC?	46	3fffffffffff
N??CA?_c?sI_HCAWPC?	46	3fffffffffff
N??CA?_c?sI_HCAWHC?	46	3fffffffffff
N??CA?_c?sI_HCAWDC?	46	3fffffffffff
N??CA?_c?sI_HCAWOc?	46	3fffffffffff
N??CA?_c?sI_HCAWGc?	46	3fffffffffff
N??CA?_c?sI_HCAW@S?	46	3fffffffffff
N??CA?_c?sI_HCAW?s?	46	3fffffffffff
N??CA?_c?sI_HCAWOK?	46	3fffffffffff
N??CA?_c?sI_HCAW@K?	46	3fffffffffff
N??CA?_c?sI_HCAW?k?	46	3fffffffffff
N??CA?_c?sI_HCAW?[?	46	3fffffffffff
N??CA?_c?sI_GSBG[??	46	7ffffffffffb
N??CA?_c?sI_GSBGX??	46	3fffffffffff
N??CA?_c?sI_GSBGT??	46	3fffffffffff
N??CA?_c?sI_GSBGL??	46	3fffffffffff
N??CA?_c?sI_GSBGW_?	46	3fffffffffff
N??CA?_c?sI_GSBGS_?	46	3fffffffffff
N??CA?_c?sI_GSBGK_?	46	3fffffffffff
N??CA?_c?sI_GSBGSO?	46	7fffffffefff
N??CA?_c?sI_GSBGKO?	46	7fffffffefff
N??CA?_c?sI_GSBGHO?	46	3fffffffffff
N??CA?_c?sI_GSBGDO?	46	3fffffffffff
N??CA?_c?sI_GSBGSG?	46	7fffffffefff
N??CA?_c?sI_GSBGPG?	46	3fffffffffff
N??CA?_c?sI_GSBGOg?	46	3fffffffffff
N??CA?_c?sI_GSBGCg?	46	3fffffffffff
N??CA?_c?sI_GSBGOW?	46	fffffffdff7f
N??CA?_c?sI_GSBG@W?	46	3fffffffffff
N??CA?_c?sI_GSBGWC?	46	3fffffffffff
N??CA?_c?sI_GSBGPC?	46	3fffffffffff
N??CA?_c?sI_GSBGHC?	46	3fffffffffff
N??CA?_c?sI_GSBGOc?	46	3fffffffffff
N??CA?_c?sI_GSBGGc?	46	3fffffffffff
N??CA?_c?sI_GSBGOS?	46	3fffffffffff
N??CA?_c?sI_GSBG@S?	46	3fffffffffff
N??CA?_c?sI_GSBGOK?	46	3fffffffffff
N??CA?_c?sI_GSBG@K?	46	3fffffffffff
N??CA?_c?sI_GSBG?k?	46	3fffffffffff
N??CA?_c?sI_GSBG?[?	46	3fffffffffff
N??CA?_c?sI_ASHG[??	46	3fffffffffff
N??CA?_c?sI_ASHGT??	46	3fffffffffff
N??CA?_c?sI_ASHGL??	46	3fffffffffff
N??CA?_c?sI_ASHGS_?	46	3fffffffffff
N??CA?_c?sI_ASHGK_?	46	3fffffffffff
N??CA?_c?sI_ASHGSO?	46	3fffffffffff
N??CA?_c?sI_ASHGDO?	46	3fffffffffff
N??CA?_c?sI_ASHGCo?	46	3fffffffffff
N??CA?_c?sI_ASHGSG?	46	3fffffffffff
N??CA?_c?sI_ASHGKG?	46	3fffffffffff
N??CA?_c?sI_ASHGDG?	46	3fffffffffff
N??CA?_c?sI_ASHGCW?	46	3fffffffffff
N??CA?_c?sI_ASHGCK?	46	3fffffffffff
N??CA?_c?sI_@SIG[??	46	3fffffffffff
N??CA?_c?sI_@SIGT??	46	7ffffffffffd
N??CA?_c?sI_@SIGL??	46	3fffffffffff
N??CA?_c?sI_@SIGS_?	46	3fffffffffff
N??CA?_c?sI_@SIGK_?	46	3fffffffffff
N??CA?_c?sI_@SIGSO?	46	7fffffffff7f
N??CA?_c?sI_@SIGDO?	46	7ffffffff7ff
N??CA?_c?sI_@SIGSG?	46	3fffffffffff
N??CA?_c?sI_@SIGDG?	46	3fffffffffff
N??CA?_c?sI_@SIGCg?	46	3fffffffffff
N??CA?_c?sI_@SIGCW?	46	3fffffffffff
N??CA?_c?sI_@SIGKC?	46	3fffffffffff
N??CA?_c?sI_@SIGCK?	46	3fffffffffff
N??CA?_c?sI_GKBO[??	46	7ffffffffffd
N??CA?_c?sI_GKBOT??	46	7ffffffffffd
N??CA?_c?sI_GKBOL??	46	3fffffffffff
N??CA?_c?sI_GKBOS_?	46	3fffffffffff
N??CA?_c?sI_GKBOK_?	46	3fffffffffff
N??CA?_c?sI_GKBOD_?	46	3fffffffffff
N??CA?_c?sI_GKBOSO?	46	3ffffffffe67f
N??CA?_c?sI_GKBOKO?	46	7ffffffff7ff
N??CA?_c?sI_GKBODO?	46	7ffffffff7ff
N??CA?_c?sI_GKBOCo?	46	3fffffffffff
N??CA?_c?sI_GKBOSG?	46	3fffffffffff
N??CA?_c?sI_GKBOKG?	46	3fffffffffff
N??CA?_c?sI_GKBODG?	46	3fffffffffff
N??CA?_c?sI_GKBOCg?	46	3fffffffffff
N??CA?_c?sI_GKBOCW?	46	3fffffffffff
N??CA?_c?sI_GKBOKC?	46	7fffffffefff
N??CA?_c?sIOJ?@W[??	46	7ffffffff7ff
N??CA?_c?sIOJ?@WT??	46	fffffffef7ff
N??CA?_c?sIOJ?@WL??	46	7ffffffff7ff
N??CA?_c?sIOJ?@WK_?	46	3fffffffffff
N??CA?_c?sIOJ?@WKG?	46	3fffffffffff
N??CA?_c?sIOJ?@WDG?	46	3fffffffffff
N??CA?_c?sIOJ?@WCg?	46	1ffffffffcffe
N??CA?_c?sIOJ?@W@g?	46	3fffffffffff
N??CA?_c?sIOJ?@WWC?	46	7ffffffffffe
N??CA?_c?sIOJ?@WPC?	46	3fffffffffff
N??CA?_c?sIOJ?@WHC?	46	3fffffffffff
N??CA?_c?sIOJ?@WGc?	46	3fffffffffff
N??CA?_c?sIOJ?@W@c?	46	1ffffffffcffe
N??CA?_c?sIOJ?@WOK?	46	7ffffffff7ff
N??CA?_c?sIOJ?@WGK?	46	7ffffffff7ff
N??CA?_c?sIOJ?@W@K?	46	3fffffffffff
N??CA?_c?sIOJ?@W?k?	46	1ffffff7efffd
N??CA?_c?sIOJ?@WWA?	46	3fffffffdf6fe
N??CA?_c?sIOJ?@WSA?	46	fffffffdefff
N??CA?_c?sIOJ?@WOE?	46	7ffffffff7ff
N??CA?_c?sIOBOHG[??	46	fffffffffefe
N??CA?_c?sIOBOHGT??	46	3fffffffffff
N??CA?_c?sIOBOHGL??	46	3fffffffffff
N??CA?_c?sIOBOHGS_?	46	fffffffef7ff
N??CA?_c?sIOBOHGK_?	46	7ffffffff7ff
N??CA?_c?sIOBOHGKG?	46	3fffffffffff
N??CA?_c?sIOBOHGDG?	46	3fffffffffff
N??CA?_c?sIOBOHGCg?	46	1ffffffffcffe
N??CA?_c?sIOBOHGSA?	46	3ffffffffe7f9
N??CA?_c?sIGX?BGT??	46	3fffffffffff
N??CA?_c?sIGX?BGSO?	46	7ffffffffffd
N??CA?_c?sIGX?BGDO?	46	3fffffffffff
N??CA?_c?sIGX?BGCW?	46	7ffffffff7ff
N??CA?_c?sIGX?BGOK?	46	3fffffffffff
N??CA?_c?sIGX?BGCK?	46	3fffffff0ffff
N??CA?_c?sIGX?BG?[?	46	3fffffffffff
N??CA?_c?sIGX?BGSA?	46	7ffffffffffb
N??CA?_c?sIGX?BGCQ?	46	7fffffffefff
N??CA?_c?sIGX?BG?Y?	46	3fffffffcff7d
N??CA?_c?sIGX?BGOE?	46	7ffffffffeff
N??CA?_c?sIGX?BG@E?	46	7fffffffefff
N??CA?_EF?KODOBGBG?	46	3fffffffffff
N??CA?_EF?KODOBGOK?	46	ffffffffff74c
N??CA?_EF?KODOBG@I?	46	3fffffffffff
N??CA?_EF?KO@WF?BG?	46	3fffffffffff
N??CA?_EF?KO@WF?AI?	46	3fffffffffff
N??CA?_ECK[?U?@WBG?	46	3fffffffe6eff
N??CA?_ECK[?U?@W?Y?	46	3fffffffffff
N??CA?_ECK[?U?@WAE?	46	3fffffffffff
N??CA?_ECK[?T?AWB_?	46	3fffffffffff
N??CA?_ECK[?T?AWBO?	46	3fffffffffff
N??CA?_ECK[?T?AWBG?	46	3fffffffffff
N??CA?_ECK[?T?AWBC?	46	3fffffffffff
N??CA?_ECK[?T?AWAc?	46	3fffffffffff
N??CA?_ECK[?T?AW?s?	46	1ffffffffb7fe
N??CA?_ECK[?T?AWCK?	46	3ffffffffffcc
N??CA?_ECK[?T?AW@K?	46	3fffffffffff
N??CA?_ECK[?T?AW@Q?	46	3fffffffffff
N??CA?_ECK[?T?AW@I?	46	3fffffffffff
N??CA?_ECK[?T?AW@E?	46	7ffffffffffb
N??CA?_ECK[?F?CWL??	46	3fffffffffff
N??CA?_ECK[?F?CWKO?	46	7ffffffff7ff
N??CA?_ECK[?F?CWHO?	46	3fffffffffff
N??CA?_ECK[?F?CWHG?	46	3fffffffffff
N??CA?_ECK[?F?CWDG?	46	3fffffffffff
N??CA?_ECK[?F?CWCg?	46	3fffffffffff
N??CA?_ECK[?F?CWCW?	46	3fffffffffff
N??CA?_ECK[?F?CW@W?	46	3fffffffffff
N??CA?_ECK[?F?CWGK?	46	7edfffffffcfe
N??CA?_ECK[?F?CW@K?	46	fffffffffff9
N??CA?_ECK[?F?CW?[?	46	3fffffffffff
N??CA?_ECK[?F?CWHA?	46	3fffffffffff
N??CA?_ECK[?F?CWGQ?	46	3fffffffffff
N??CA?_ECK[?F?CWGI?	46	3fffffffffff
N??CA?_ECK[?F?CWCI?	46	3fffffffffff
N??CA?_ECK[?F?CW?Y?	46	3fffffffffff
N??CA?_ECK[?F?CW?M?	46	fffffffffffa
N??CA?_ECK[?SOBGB_?	46	ffffffffeffe
N??CA?_ECK[?SOBGBO?	46	3fffffffffff
N??CA?_ECK[?SOBGBG?	46	3fffffffe6eff
N??CA?_ECK[?SOBGCW?	46	ffffffffff74c
N??CA?_ECK[?SOBGBC?	46	ffffffff7f7f
N??CA?_ECK[?SOBG@c?	46	fffffffe97e7f
N??CA?_ECK[?SOBG?s?	46	3faeffff75e937d2
N??CA?_ECK[?SOBGCK?	46	3ffffffffffcc
N??CA?_ECK[?SOBGAK?	46	3fffffffffff
N??CA?_ECK[?SOBG@K?	46	3fffffffffff
N??CA?_ECK[?SOBGAI?	46	3ffffffffe7f9
N??CA?_ECK[?SOBG@I?	46	3ffffffffe7f9
N??CA?_ECK[?SOBGAE?	46	ffffffff7ffb
N??CA?_ECK[?KOBGJ??	46	3fffffffffff
N??CA?_ECK[?KOBGBO?	46	3fffffffffff
N??CA?_ECK[?KOBG?w?	46	1ffffffffb7fe
N??CA?_ECK[?KOBGBC?	46	3fffffffffff
N??CA?_ECK[?KOBGGS?	46	3ffffffffffcc
N??CA?_ECK[?KOBG?s?	46	3fdffffffb7fe
N??CA?_ECK[?KOBGGK?	46	3ffffffffffcc
N??CA?_ECK[?KOBG@K?	46	3fffffffffff
N??CA?_ECK[?KOBGBA?	46	3fffffffffff
N??CA?_ECK[?KOBG@Q?	46	3fffffffffff
N??CA?_ECK[?KOBG@I?	46	3fffffffffff
N??CA?_ECK[?KOBG?i?	46	3fffffffffff
N??CA?_ECK[?KOBGAE?	46	3fffffffffff
N??CA?_ECK[?KOBG?U?	46	3fffffffffff
N??CA?_ECK[?POEGBO?	46	6ffaffffffefb
N??CA?_ECK[?POEGAQ?	46	3ffffffffffcc
N??CA?_ECK[?HOEGB_?	46	3fffffffffff
N??CA?_ECK[?HOEGBO?	46	3fffffffffff
N??CA?_ECK[?HOEGBG?	46	3fffffffffff
N??CA?_ECK[?HOEGAI?	46	3fffffffffff
N??CA?_ECK[?DOEGD_?	46	3fffffffffff
N??CA?_ECK[?DOEGKO?	46	7ffffffff7ff
N??CA?_ECK[?DOEGHO?	46	3fffffffffff
N??CA?_ECK[?DOEGDO?	46	3fffffffffff
N??CA?_ECK[?DOEGGo?	46	3ffff7dfdf7ff
N??CA?_ECK[?DOEG@o?	46	3fffffffffff
N??CA?_ECK[?DOEGHG?	46	3fffffffffff
N??CA?_ECK[?DOEGDG?	46	3fffffffffff
N??CA?_ECK[?DOEGCg?	46	3fffffffffff
N??CA?_ECK[?DOEG@g?	46	fffffffffefe
N??CA?_ECK[?DOEG@W?	46	3fffffffffff
N??CA?_ECK[?DOEGHC?	46	3fffffffffff
N??CA?_ECK[?DOEGGc?	46	3fffffffffff
N??CA?_ECK[?DOEGGS?	46	7fffffffff7f
N??CA?_ECK[?DOEGGK?	46	3fffffffffff
N??CA?_ECK[?DOEG@K?	46	fffffffffff9
N??CA?_ECK[?DOEG?k?	46	7ffffffffffd
N??CA?_ECK[?DOEG?[?	46	3fffffffffff
N??CA?_ECK[?DOEGKA?	46	3fffffffffff
N??CA?_ECK[?DOEGHA?	46	3fffffffffff
N??CA?_ECK[?DOEGDA?	46	3fffffffe6eff
N??CA?_ECK[?DOEGCa?	46	3fffffffffff
N??CA?_ECK[?DOEGGQ?	46	3fffffffffff
N??CA?_ECK[?DOEGCQ?	46	3fffffffffff
N??CA?_ECK[?DOEGCI?	46	3fffffffffff
N??CA?_ECK[?DOEG@I?	46	3fffffffffe79
N??CA?_ECK[?DOEG?i?	46	ffffffffff7d
N??CA?_ECK[?DOEG?Y?	46	3fffffffffff
N??CA?_ECK[?DOEGGE?	46	3fffffffffff
N??CA?_ECK[?DOEG@E?	46	3ffffffffe7f9
N??CA?_ECK[?DOEG?U?	46	3fffffffffff
N??CA?_ECK[?DOEG?M?	46	fffffffffffa
N??CA?_ECK[?DOAWJ??	46	3fffffffffff
N??CA?_ECK[?DOAWF??	46	3fffffffffff
N??CA?_ECK[?DOAWB_?	46	fffffffffefe
N??CA?_ECK[?DOAWBO?	46	3fffffffffff
N??CA?_ECK[?DOAWCo?	46	1ffffffffb7fe
N??CA?_ECK[?DOAWKC?	46	3ffffffffffcc
N??CA?_ECK[?DOAWIC?	46	3fffffffffff
N??CA?_ECK[?DOAWHC?	46	3fffffffffff
N??CA?_ECK[?DOAW?s?	46	3ffdf7ffff77f
N??CA?_ECK[?DOAWEA?	46	3fffffffffff
N??CA?_ECK[?DOAWHA?	46	3fffffffffff
N??CA?_ECK[?DOAWDA?	46	3fffffffffff
N??CA?_ECK[?DOAWGQ?	46	3fffffffffff
N??CA?_ECK[?DOAWAE?	46	fffffffffffa
N??CA?_ECK[?DOAW?U?	46	3fffffffffff
N??CA?_ECK[?OWF?F??	46	7fbffbbfeefff
N??CA?_ECK[?OWF?BG?	46	3fff7fefdfeff
N??CA?_ECK[?OWF?BC?	46	ffff7fefd7e7f
N??CA?_ECK[?OWF?AI?	46	5ff7fff7efffd
N??CA?_ECK[?OWF?AE?	46	dffffff7e7ff9
N??CA?_ECK[?@WEOF??	46	3fffffffffff
N??CA?_ECK[?@WEOIO?	46	3fffffffffff
N??CA?_ECK[?@WEOBC?	46	fffffffffff9
N??CA?_ECK[?@WEOAS?	46	3fffffffffff
N??CA?_ECK[?@WEOGQ?	46	3fffffffffff
N??CA?_ECK[?@WEOAE?	46	fffffffffffa
N??CA?_ECK[?@WEO?U?	46	3fffffffffff
N??CA?_ECK[??wF?J??	46	3fffffffffff
N??CA?_ECK[??wF?EG?	46	3fffffffffff
N??CA?_ECK[??wF?IA?	46	3fffffffffff
N??CA?_ECK[??wF?CI?	46	7ffffffff7ff
N??CA?_ECK[??[F?J??	46	3fffffffffff
N??CA?_ECK[??[F?KO?	46	fffffffdfffe
N??CA?_ECK[??[F?EG?	46	3fffffffffff
N??CA?_ECK[??[F?Cg?	46	3fffffffffff
N??CA?_ECK[??[F?CW?	46	7ffffffff7ff
N??CA?_ECK[??[F?AW?	46	3fffffffffff
N??CA?_ECK[??[F?GK?	46	fbffbfffff77c
N??CA?_ECK[??[F??[?	46	7ffffffdffff
N??CA?_ECKY?Y?@WCo?	46	3ffffffffffcc
N??CA?_ECKY?Y?@WEG?	46	3fffffffffff
N??CA?_ECKY?Y?@WDG?	46	3fffffffffff
N??CA?_ECKY?Y?@WBG?	46	3fffffffffff
N??CA?_ECKY?Y?@WCW?	46	3ffffffffffcc
N??CA?_ECKY?Y?@W?w?	46	3fdffffffb7fe
N??CA?_ECKY?Y?@WBC?	46	3fffffffffff
N??CA?_ECKY?Y?@W@S?	46	3fffffffffff
N??CA?_ECKY?Y?@W?s?	46	1ffffffffb7fe
N??CA?_ECKY?Y?@WEA?	46	fffffffe7fff
N??CA?_ECKY?Y?@W@a?	46	3fffffffffff
N??CA?_ECKY?Y?@W@I?	46	3fffffffffff
N??CA?_ECKY?Y?@WAE?	46	3fffffffffff
N??CA?_ECKY?Y?@W@E?	46	3fffffffffff
N??CA?_ECKY?Y?@W?M?	46	3fffffffffff
N??CA?_ECKY?M?@WL??	46	fffffffdff7f
N??CA?_ECKY?M?@WKO?	46	7ffffffff7ff
N??CA?_ECKY?M?@WHO?	46	ffffffffe7ff
N??CA?_ECKY?M?@W@o?	46	3fffffffffff
N??CA?_ECKY?M?@WKG?	46	3fffffffffff
N??CA?_ECKY?M?@WDG?	46	3fffffffffff
N??CA?_ECKY?M?@W@g?	46	3fffffffffff
N??CA?_ECKY?M?@WGW?	46	3effffffffcfe
N??CA?_ECKY?M?@W@W?	46	3fffffffffff
N??CA?_ECKY?M?@W?w?	46	3ffffffffffd2
N??CA?_ECKY?M?@W@c?	46	3fffffffffff
N??CA?_ECKY?M?@WGS?	46	3fffffffffff
N??CA?_ECKY?M?@W@S?	46	3fffffffffff
N??CA?_ECKY?M?@WGK?	46	3fffffffffff
N??CA?_ECKY?M?@W@K?	46	3fffffffffff
N??CA?_ECKY?M?@W?k?	46	7ffffffffffd
N??CA?_ECKY?M?@WKA?	46	fffffffe7fff
N??CA?_ECKY?M?@WDA?	46	3fffffffe6eff
N??CA?_ECKY?M?@WGQ?	46	fffffffdf7ff
N??CA?_ECKY?M?@WCQ?	46	fffffffdefff
N??CA?_ECKY?M?@W@I?	46	3fffffffffff
N??CA?_ECKY?M?@WGE?	46	3fffffffffff
N??CA?_ECKY?M?@W@E?	46	3ffffffffe7f9
N??CA?_ECKY?M?@W?e?	46	3fffffffffff
N??CA?_ECKY?M?@W?U?	46	3fffffffffff
N??CA?_ECKY?M?@W?M?	46	3fffffffffff
N??CA?_ECKY?X?AWF??	46	3fffffffffff
N??CA?_ECKY?X?AWEO?	46	fffffffff77f
N??CA?_ECKY?X?AWDO?	46	3fffffffffff
N??CA?_ECKY?X?AWBG?	46	3fffffffffff
N??CA?_ECKY?X?AW?w?	46	1ffffffffb7fe
N??CA?_ECKY?X?AWBC?	46	3fffffffffff
N??CA?_ECKY?X?AW@S?	46	3fffffffffff
N??CA?_ECKY?X?AW?s?	46	1ffffffffb7fe
N??CA?_ECKY?X?AWAK?	46	3fffffffffff
N??CA?_ECKY?X?AW@K?	46	3fffffffffff
N??CA?_ECKY?X?AW?[?	46	1ffffffffb7fe
N??CA?_ECKY?X?AWDA?	46	3fffffffffff
N??CA?_ECKY?X?AW@a?	46	3fffffffffff
N??CA?_ECKY?X?AW@I?	46	3fffffffffff
N??CA?_ECKY?L?AWKO?	46	fffffffff77f
N??CA?_ECKY?L?AWDO?	46	3fffffffffff
N??CA?_ECKY?L?AW@o?	46	3fffffffffff
N??CA?_ECKY?L?AWKG?	46	3fffffffffff
N??CA?_ECKY?L?AWDG?	46	3fffffffffff
N??CA?_ECKY?L?AWCg?	46	3fffffffffff
N??CA?_ECKY?L?AW@g?	46	3fffffffffff
N??CA?_ECKY?L?AWGW?	46	3fffffffffff
N??CA?_ECKY?L?AW@W?	46	3fffffffffff
N??CA?_ECKY?L?AWHC?	46	3fffffffffff
N??CA?_ECKY?L?AWDC?	46	3fffffffffff
N??CA?_ECKY?L?AWGS?	46	3fffffffffff
N??CA?_ECKY?L?AW@S?	46	3fffffffffff
N??CA?_ECKY?L?AWGK?	46	3fffffffffff
N??CA?_ECKY?L?AWCK?	46	3fffffffffff
N??CA?_ECKY?L?AW@K?	46	7ffffffffffb
N??CA?_ECKY?L?AWKA?	46	7fffffff7fff
N??CA?_ECKY?L?AWDA?	46	3fffffffffff
N??CA?_ECKY?L?AWCa?	46	fffffffeefff
N??CA?_ECKY?L?AWGQ?	46	fffffffef7ff
N??CA?_ECKY?L?AWCQ?	46	fffffffeefff
N??CA?_ECKY?L?AWCI?	46	3fffffffffff
N??CA?_ECKY?L?AW@I?	46	3fffffffffff
N??CA?_ECKY?L?AW?Y?	46	3fffffffffff
N??CA?_ECKY?L?AWGE?	46	3fffffffffff
N??CA?_ECKY?L?AW@E?	46	3fffffffffff
N??CA?_ECKY?L?AW?U?	46	3fffffffffff
N??CA?_ECKY?L?AW?M?	46	3fffffffffff
N??CA?_ECKY?R?GWCo?	46	3ffffffffffcc
N??CA?_ECKY?R?GWDG?	46	3fffffffffff
N??CA?_ECKY?R?GWCg?	46	3ffffffffffcc
N??CA?_ECKY?R?GWCW?	46	3ffffffffffcc
N??CA?_ECKY?J?AWK_?	46	3fffffffffff
N??CA?_ECKY?J?AWE_?	46	3fffffffffff
N??CA?_ECKY?J?AWKO?	46	3fffffffffff
N??CA?_ECKY?J?AWIO?	46	7fffffffefff
N??CA?_ECKY?J?AWEO?	46	3fffffffffff
N??CA?_ECKY?J?AWAo?	46	3fffffffffff
N??CA?_ECKY?J?AWEG?	46	3fffffffffff
N??CA?_ECKY?J?AWCg?	46	ffffffffff7e
N??CA?_ECKY?J?AWAg?	46	3fffffffffff
N??CA?_ECKY?J?AWCW?	46	3fffffffffff
N??CA?_ECKY?J?AWAW?	46	3fffffffffff
N??CA?_ECKY?J?AWIC?	46	3fffffffffff
N??CA?_ECKY?J?AWEC?	46	3fffffffffff
N??CA?_ECKY?J?AWGc?	46	3fffffffffff
N??CA?_ECKY?J?AWGS?	46	3fffffffffff
N??CA?_ECKY?J?AWAS?	46	3fffffffffff
N??CA?_ECKY?J?AW?s?	46	3fffffffffff
N??CA?_ECKY?J?AWGK?	46	3fffffffffff
N??CA?_ECKY?J?AWCK?	46	3fffffffffe79
N??CA?_ECKY?J?AW?[?	46	3fffffffffff
N??CA?_ECKY?J?AWKA?	46	3fffffffffff
N??CA?_ECKY?J?AWEA?	46	3fffffffffff
N??CA?_ECKY?J?AWGa?	46	3fffffffffff
N??CA?_ECKY?J?AWCa?	46	ffffffffeffe
N??CA?_ECKY?J?AWGQ?	46	3fffffffffff
N??CA?_ECKY?J?AWCQ?	46	3fffffffffff
N??CA?_ECKY?J?AWGI?	46	3fffffffffff
N??CA?_ECKY?J?AWCI?	46	fffffffffff9
N??CA?_ECKY?J?AWAI?	46	3fffffffffff
N??CA?_ECKY?J?AW?i?	46	7fffffffff7f
N??CA?_ECKY?J?AW?Y?	46	3fffffffffff
N??CA?_ECKY?J?AWGE?	46	3fffffffffff
N??CA?_ECKY?J?AWAE?	46	3fffffffffff
N??CA?_ECKY?J?AW?U?	46	3fffffffffff
N??CA?_ECKY?J?AW?M?	46	fffffffffefe
N??CA?_ECKY?J?@WL??	46	3fffffffffff
N??CA?_ECKY?J?@WJ??	46	3fffffffffff
N??CA?_ECKY?J?@WF??	46	3fffffffffff
N??CA?_ECKY?J?@WKO?	46	3ffffffffffcc
N??CA?_ECKY?J?@WBO?	46	3fffffffffff
N??CA?_ECKY?J?@WBG?	46	3fffffffffff
N??CA?_ECKY?J?@WCW?	46	1ffffffffb7fe
N??CA?_ECKY?J?@WAW?	46	3fffffffffff
N??CA?_ECKY?J?@WBC?	46	3fffffffffff
N??CA?_ECKY?J?@WGS?	46	1ffffffffb7fe
N??CA?_ECKY?J?@W@S?	46	3fffffffffff
N??CA?_ECKY?J?@W?[?	46	3ffdf7ffff77f
N??CA?_ECKY?J?@WKA?	46	3fffffffffff
N??CA?_ECKY?J?@WHA?	46	3fffffffffff
N??CA?_ECKY?J?@WDA?	46	ffffffffeffe
N??CA?_ECKY?J?@W@I?	46	7fffffffff7f
N??CA?_ECKY?J?@WAE?	46	3fffffffffff
N??CA?_ECKY?F?GWL??	46	3fffffffffff
N??CA?_ECKY?F?GWKO?	46	3fffffffffff
N??CA?_ECKY?F?GWDO?	46	3bfffffbf7ffd
N??CA?_ECKY?F?GWDG?	46	3fffffffffff
N??CA?_ECKY?F?GWCg?	46	7fffffffff7f
N??CA?_ECKY?F?GWCW?	46	3fffffffffff
N??CA?_ECKY?F?GWDC?	46	3fffffffffff
N??CA?_ECKY?F?GWKA?	46	3fffffffffff
N??CA?_ECKY?F?GWDA?	46	6ffaffffffefb
N??CA?_ECKY?F?GWCQ?	46	2ffeffffffefb
N??CA?_ECKY?F?GWCI?	46	3fffffffffff
N??CA?_ECKY?F?GWCE?	46	3fffffffffff
N??CA?_ECKY?I_@WM??	46	7ffffffff7ff
N??CA?_ECKY?I_@WJ??	46	ffffffffe7ff
N??CA?_ECKY?I_@WK_?	46	3ffffffffffcc
N??CA?_ECKY?I_@WB_?	46	3fffffffffff
N??CA?_ECKY?I_@WKG?	46	3ffffffffffcc
N??CA?_ECKY?I_@WDG?	46	3fffffffffff
N??CA?_ECKY?I_@WBG?	46	3fffffffffff
N??CA?_ECKY?I_@WCg?	46	1ffffffffb7fe
N??CA?_ECKY?I_@WAg?	46	3fffffffffff
N??CA?_ECKY?I_@W?k?	46	3ffdf7ffff77f
N??CA?_ECKY?I_@WKA?	46	7ffffffdffff
N??CA?_ECKY?I_@WIA?	46	fffffffdf7ff
N??CA?_ECKY?I_@WEA?	46	fffffffdefff
N??CA?_ECKY?I_@W@I?	46	3fffffffffff
N??CA?_ECKY?I_@W?M?	46	3fffffffffff
N??CA?_ECKY?WOBGF??	46	3fffffffffff
N??CA?_ECKY?WOBGCo?	46	3ffffffffffcc
N??CA?_ECKY?WOBGBG?	46	3fffffffffff
N??CA?_ECKY?WOBGAW?	46	3ffffffffe67f
N??CA?_ECKY?WOBG?w?	46	1ffffffffb7fe
N??CA?_ECKY?WOBG?s?	46	3fdffffffb7fe
N??CA?_ECKY?WOBGCK?	46	3ffffffffffcc
N??CA?_ECKY?WOBG?[?	46	1ffffffffb7fe
N??CA?_ECKY?WOBGEA?	46	ffffffff7ffb
N??CA?_ECKY?WOBGDA?	46	ffffffff7f7f
N??CA?_ECKY?WOBG@a?	46	ffffffff0e7ff
N??CA?_ECKY?WOBGAQ?	46	ffffffff0e7ff
N??CA?_ECKY?WOBG@I?	46	3fffffffffff
N??CA?_ECKY?WOBG@E?	46	3fffffffef7fa
N??CA?_ECKY?KOBGL??	46	3fffffffffff
N??CA?_ECKY?KOBGKO?	46	fffffffff7fd
N??CA?_ECKY?KOBGHO?	46	3fffffffffff
N??CA?_ECKY?KOBGDO?	46	3fffffffffff
N??CA?_ECKY?KOBG@o?	46	3fffffffffff
N??CA?_ECKY?KOBGKG?	46	3fffffffd77fd
N??CA?_ECKY?KOBGDG?	46	3fffffffffff
N??CA?_ECKY?KOBGCg?	46	3fffffffffff
N??CA?_ECKY?KOBG@g?	46	3fffffffffff
N??CA?_ECKY?KOBG@W?	46	3fffffffffff
N??CA?_ECKY?KOBG@c?	46	7fffffffefff
N??CA?_ECKY?KOBGGS?	46	3fffffffffff
N??CA?_ECKY?KOBG@S?	46	3fffffffffff
N??CA?_ECKY?KOBGCK?	46	3fffffffffff
N??CA?_ECKY?KOBG@K?	46	3fffffffffff
N??CA?_ECKY?KOBG?k?	46	3fffffffffff
N??CA?_ECKY?KOBG?[?	46	3fffffffffff
N??CA?_ECKY?KOBGKA?	46	ffffffff7ffb
N??CA?_ECKY?KOBGDA?	46	3fffffffffff
N??CA?_ECKY?KOBGCa?	46	3fffffffffff
N??CA?_ECKY?KOBGGQ?	46	ffffffffe7ff
N??CA?_ECKY?KOBGCQ?	46	7fffffffefff
N??CA?_ECKY?KOBGCI?	46	ffffffffeffb
N??CA?_ECKY?KOBG@I?	46	3fffffffffff
N??CA?_ECKY?KOBG?Y?	46	fffffffdff7f
N??CA?_ECKY?KOBGGE?	46	3fffffffffff
N??CA?_ECKY?KOBGCE?	46	3fffffffffff
N??CA?_ECKY?KOBG@E?	46	3fffffffffff
N??CA?_ECKY?KOBG?U?	46	3fffffffffff
N??CA?_ECKY?QOHGF??	46	3ffffef7ef7ff
N??CA?_ECKY?QOHGDO?	46	7ffffffffeff
N??CA?_ECKY?QOHGEG?	46	3ffdffdfdff7f
N??CA?_ECKY?QOHGDG?	46	3ffdffdfdff7f
N??CA?_ECKY?EOHGL??	46	3ffffef7ef7ff
N??CA?_ECKY?EOHGKO?	46	3fffffffffff
N??CA?_ECKY?EOHGDO?	46	3fffffffffff
N??CA?_ECKY?EOHGCW?	46	3fffffffffff
N??CA?_ECKY?EOHGCK?	46	7fffffffff7f
N??CA?_ECKY?EOHGKA?	46	3fff7fefdfeff
N??CA?_ECKY?EOHGDA?	46	3fff7fefdfeff
N??CA?_ECKY?EOHGCQ?	46	3fffffffffff
N??CA?_ECKY?EOHGCE?	46	3fffffffffff
N??CA?_ECKY?POIGDO?	46	7bf7bffffff7d
N??CA?_ECKY?HOAWJ??	46	3fffffffffff
N??CA?_ECKY?HOAWF??	46	3fffffffffff
N??CA?_ECKY?HOAWB_?	46	3fffffffffff
N??CA?_ECKY?HOAWDO?	46	3fffffffffff
N??CA?_ECKY?HOAWBO?	46	3fffffffffff
N??CA?_ECKY?HOAWGo?	46	1ffffffffb7fe
N??CA?_ECKY?HOAWIC?	46	3fffffffffff
N??CA?_ECKY?HOAWGS?	46	1ffffffffb7fe
N??CA?_ECKY?HOAW?s?	46	3ffdf7ffff77f
N??CA?_ECKY?HOAWKA?	46	3fffffffffff
N??CA?_ECKY?HOAWHA?	46	3fffffffffff
N??CA?_ECKY?HOAWDA?	46	fffffffffff9
N??CA?_ECKY?HOAWCQ?	46	3fffffffffff
N??CA?_ECKY?HOAW@E?	46	fffffffffefe
N??CA?_ECKY?HOAW?U?	46	3fffffffffff
N??CA?_ECKY?DOIGD_?	46	3fffffffffff
N??CA?_ECKY?DOIGKO?	46	3fffffff0ffff
N??CA?_ECKY?DOIGDO?	46	3fffffffffff
N??CA?_ECKY?DOIGKG?	46	3fffffff0ffff
N??CA?_ECKY?DOIGDG?	46	3fffffffffff
N??CA?_ECKY?DOIGCg?	46	3ffffffe97fff
N??CA?_ECKY?DOIGCK?	46	3fffffffffff
N??CA?_ECKY?DOIGKA?	46	3fffffffffff
N??CA?_ECKY?DOIGCa?	46	3fffffffffff
N??CA?_ECKY?DOIGCQ?	46	3fffffffffff
N??CA?_ECKY?BOIGK_?	46	3fffffffffff
N??CA?_ECKY?BOIGE_?	46	3fffffffffff
N??CA?_ECKY?BOIGKO?	46	3fffffffffff
N??CA?_ECKY?BOIGEO?	46	3fffffffffff
N??CA?_ECKY?BOIGCo?	46	3fffffffffff
N??CA?_ECKY?BOIGKG?	46	3fffffffffff
N??CA?_ECKY?BOIGEG?	46	3fffffffffff
N??CA?_ECKY?BOIGCg?	46	ffffffffff7e
N??CA?_ECKY?BOIGCW?	46	3fffffffffff
N??CA?_ECKY?BOIGKC?	46	3fffffffffff
N??CA?_ECKY?BOIGEC?	46	3fffffffe6eff
N??CA?_ECKY?BOIGCK?	46	3fffffffffe79
N??CA?_ECKY?BOIGKA?	46	3fffffffffff
N??CA?_ECKY?BOIGEA?	46	3fffffffe6eff
N??CA?_ECKY?BOIGCa?	46	ffffffffeffe
N??CA?_ECKY?BOIGCI?	46	fffffffffff9
N??CA?_ECKY?BOIGCE?	46	3ffffffffe7f9
N??CA?_ECKY?BOHGF??	46	3fffffffffff
N??CA?_ECKY?BOHGKO?	46	3ffffffffffcc
N??CA?_ECKY?BOHGEO?	46	3fffffffffff
N??CA?_ECKY?BOHGDO?	46	3fffffffffff
N??CA?_ECKY?BOHGCW?	46	1ffffffffb7fe
N??CA?_ECKY?BOGWF??	46	3fffffffffff
N??CA?_ECKY?BOGWK_?	46	3ffffffffffcc
N??CA?_ECKY?BOGWE_?	46	3fffffffffff
N??CA?_ECKY?BOGWKO?	46	3ffffffffffcc
N??CA?_ECKY?BOGWDO?	46	3fffffffffff
N??CA?_ECKY?BOGWCo?	46	1ffffffffb7fe
N??CA?_ECKY?GoBGM??	46	fffffffff7fd
N??CA?_ECKY?GoBGL??	46	3fffffffffff
N??CA?_ECKY?GoBGJ??	46	3fffffffffff
N??CA?_ECKY?GoBGF??	46	3fffffffffff
N??CA?_ECKY?GoBGK_?	46	3ffffffffffcc
N??CA?_ECKY?GoBGD_?	46	3fffffffffff
N??CA?_ECKY?GoBGB_?	46	3fffffffffff
N??CA?_ECKY?GoBGHG?	46	3fffffffffff
N??CA?_ECKY?GoBGBG?	46	3fffffffffff
N??CA?_ECKY?GoBGGg?	46	1ffffffffb7fe
N??CA?_ECKY?GoBGAg?	46	3fffffffffff
N??CA?_ECKY?GoBGIC?	46	3fffffffffff
N??CA?_ECKY?GoBGHC?	46	3fffffffffff
N??CA?_ECKY?GoBGBC?	46	3fffffffffff
N??CA?_ECKY?GoBGGc?	46	1ffffffffb7fe
N??CA?_ECKY?GoBGCc?	46	1ffffffffb7fe
N??CA?_ECKY?GoBGAK?	46	3fffffffffff
N??CA?_ECKY?GoBG?k?	46	3ffdf7ffff77f
N??CA?_ECKY?GoBGKA?	46	7fffffffefff
N??CA?_ECKY?GoBGIA?	46	ffffffffe7ff
N??CA?_ECKY?GoBGEA?	46	7fffffffefff
N??CA?_ECKY?GoBGHA?	46	3fffffffffff
N??CA?_ECKY?GoBGDA?	46	3fffffffffff
N??CA?_ECKY?GoBGBA?	46	3fffffffffff
N??CA?_ECKY?GoBGAI?	46	fffffffdff7f
N??CA?_ECKY?GoBG@I?	46	3fffffffffff
N??CA?_ECKY?GoBGCE?	46	3fffffffffff
N??CA?_ECKY?GoBGAE?	46	3fffffffffff
N??CA?_ECKY?GoBG@E?	46	7ffffffff7ff
N??CA?_ECKY?GoBG?M?	46	3fffffffffff
N??CA?_ECKY?AoHGM??	46	3fffffffffff
N??CA?_ECKY?AoHGL??	46	3fffffffffff
N??CA?_ECKY?AoHGF??	46	3fffffffffff
N??CA?_ECKY?AoHGK_?	46	3ffffffffffcc
N??CA?_ECKY?AoHGE_?	46	3fffffffffff
N??CA?_ECKY?AoHGKA?	46	3fffffffffff
N??CA?_ECKY?AoHGEA?	46	3fffffffffff
N??CA?_ECKY?WGBOF??	46	3fffffffffff
N??CA?_ECKY?WGBOCo?	46	3ffffffffffcc
N??CA?_ECKY?WGBODG?	46	3fffffffffff
N??CA?_ECKY?WGBOCg?	46	3ffffffffffcc
N??CA?_ECKY?WGBOCW?	46	3ffffffffffcc
N??CA?_ECKY?WGBODA?	46	3fffffffffff
N??CA?_ECKY?WGBOCa?	46	3fffffffffff
N??CA?_ECKY?KGBOK_?	46	3fffffffffff
N??CA?_ECKY?KGBOD_?	46	3fffffffffff
N??CA?_ECKY?KGBOKO?	46	fffffffff7fe
N??CA?_ECKY?KGBODO?	46	3fffffffffff
N??CA?_ECKY?KGBOCo?	46	3fffffffffff
N??CA?_ECKY?KGBOKG?	46	3fffffffffff
N??CA?_ECKY?KGBODG?	46	3fffffffffff
N??CA?_ECKY?KGBOCg?	46	3fffffffffff
N??CA?_ECKY?KGBOCW?	46	3fffffffffff
N??CA?_ECKY?KGBOCK?	46	3fffffffffff
N??CA?_ECKY?KGBOKA?	46	ffffffff7ffd
N??CA?_ECKY?KGBODA?	46	3fffffffe6eff
N??CA?_ECKY?KGBOCa?	46	3fffffffffff
N??CA?_ECKY?KGBOCQ?	46	ffffffffe7ff
N??CA?_ECKY?KGBOCE?	46	3ffffffffe7f9
N??CA?_ECKY?HGIOJ??	46	3ffffef7ef7ff
N??CA?_ECKY?HGIOHO?	46	3fffffffffff
N??CA?_ECKY?HGIOBO?	46	3fffffffffff
N??CA?_ECKY?HGIO@Q?	46	3fffffffffff
N??CA?_ECKY?HGIO?Y?	46	3fffffffffff
N??CA?_ECKY?GgBOF??	46	3fffffffffff
N??CA?_ECKY?GgBOK_?	46	3ffffffffffcc
N??CA?_ECKY?GgBOE_?	46	3fffffffffff
N??CA?_ECKY?GgBOD_?	46	3fffffffffff
N??CA?_ECKY?GgBOEG?	46	3fffffffffff
N??CA?_ECKY?GgBOCg?	46	1ffffffffb7fe
N??CA?_ECKY?GgBOKC?	46	ffffffffff74c
N??CA?_ECKY?GgBOEC?	46	3ffffffffe67f
N??CA?_ECKY?GgBOKA?	46	7ffffffff7ff
N??CA?_ECKY?GgBOEA?	46	ffffffffe7ff
N??CA?_ECKY?GgBODA?	46	3fffffffffff
N??CA?_ECKY?IC@WL??	46	fffffffe7fff
N??CA?_ECKY?IC@WK_?	46	3fffffffffff
N??CA?_ECKY?IC@WKO?	46	7ffffffdffff
N??CA?_ECKY?IC@WGo?	46	3ff73fdb9cfdef61
N??CA?_ECKY?IC@WCo?	46	3fffffffffff
N??CA?_ECKY?IC@WBG?	46	3fffffffffff
N??CA?_ECKY?IC@WCg?	46	ffffffff7ffd
N??CA?_ECKY?IC@WCW?	46	3fffffffffff
N??CA?_ECKY?IC@WKC?	46	3fffffffffff
N??CA?_ECKY?IC@WBC?	46	3ffffffffe7f9
N??CA?_ECKY?IC@WAS?	46	3fffffffffff
N??CA?_ECKY?IC@WGK?	46	3ffffffffffe1
N??CA?_ECKY?IC@W?k?	46	7ffffffffcefa
N??CA?_ECKY?IC@W?[?	46	1ffffffffcffe
N??CA?_ECKY?HCAWM??	46	7fffffff7fff
N??CA?_ECKY?HCAWL??	46	3fffffffffff
N??CA?_ECKY?HCAWF??	46	3fffffffffff
N??CA?_ECKY?HCAWK_?	46	7ffffffeffff
N??CA?_ECKY?HCAWEO?	46	fffffffeefff
N??CA?_ECKY?HCAWBO?	46	3fffffffffff
N??CA?_ECKY?HCAWGo?	46	fffffffdf7ff
N??CA?_ECKY?HCAWEG?	46	3fffffffffff
N??CA?_ECKY?HCAWDG?	46	fffffffffff9
N??CA?_ECKY?HCAWBG?	46	3fffffffffff
N??CA?_ECKY?HCAWCg?	46	7ffffffffffd
N??CA?_ECKY?HCAWCW?	46	3fffffffffff
N??CA?_ECKY?HCAWKC?	46	3fffffffffff
N??CA?_ECKY?HCAWBC?	46	3fffffffffff
N??CA?_ECKY?HCAWGc?	46	3fffffffffff
N??CA?_ECKY?HCAWGS?	46	3fffffffffff
N??CA?_ECKY?HCAWAS?	46	3fffffffffff
N??CA?_ECKY?HCAW@K?	46	fffffffffefe
N??CA?_ECKY?HCAW?[?	46	3fffffffffff
N??CA?_ECKY?GSBGM??	46	ffffffff7ffb
N??CA?_ECKY?GSBGL??	46	3fffffffffff
N??CA?_ECKY?GSBGF??	46	3fffffffffff
N??CA?_ECKY?GSBGK_?	46	3fffffffffff
N??CA?_ECKY?GSBGKO?	46	7fffffffefff
N??CA?_ECKY?GSBGEO?	46	7fffffffefff
N??CA?_ECKY?GSBGDO?	46	3fffffffffff
N??CA?_ECKY?GSBGBO?	46	3fffffffffff
N??CA?_ECKY?GSBGGo?	46	3fffffffffff
N??CA?_ECKY?GSBGBG?	46	3fffffffffff
N??CA?_ECKY?GSBGCg?	46	7ffffffffffd
N??CA?_ECKY?GSBGCW?	46	7ffffffdffff
N??CA?_ECKY?GSBG@W?	46	3fffffffffff
N??CA?_ECKY?GSBGHC?	46	3fffffffffff
N??CA?_ECKY?GSBGBC?	46	3fffffffffff
N??CA?_ECKY?GSBGGc?	46	3fffffffffff
N??CA?_ECKY?GSBGGS?	46	3fffffffffff
N??CA?_ECKY?GSBGCS?	46	3fffffffffff
N??CA?_ECKY?GSBG?s?	46	3fffffffffff
N??CA?_ECKY?GSBGAK?	46	3fffffffffff
N??CA?_ECKY?GSBG?k?	46	7ffffffffeff
N??CA?_ECKY?GSBG?[?	46	3fffffffffff
N??CA?_ECKY?ASHGM??	46	3fff7fefdfeff
N??CA?_ECKY?ASHGF??	46	3fff7fefdfeff
N??CA?_ECKY?ASHGKO?	46	3fffbffbf7f7f
N??CA?_ECKY?ASHGEO?	46	3ffffffffffd2
N??CA?_ECKY?ASHGDO?	46	7ffffffffffd
N??CA?_ECKY?ASHGDG?	46	fffffffe67ff9
N??CA?_ECKY?ASHGCg?	46	3ffffffff7efc
N??CA?_ECKY?ASHGCW?	46	7ffffffffffe
N??CA?_ECKY?ASHGKC?	46	7ffedf7ff7eff
N??CA?_ECKY?ASHGCK?	46	3ffffffff7f7a
N??CA?_ECKY?@SIGM??	46	3fffffffffff
N??CA?_ECKY?@SIGL??	46	3fffffffffff
N??CA?_ECKY?@SIGKO?	46	3fffffffffff
N??CA?_ECKY?@SIGEO?	46	3fffffffffff
N??CA?_ECKY?@SIGEG?	46	3fffffffffff
N??CA?_ECKY?@SIGDG?	46	fffffffffff9
N??CA?_ECKY?@SIGCg?	46	7ffffffffffd
N??CA?_ECKY?@SIGCW?	46	3fffffffffff
N??CA?_ECKY?@SIGKC?	46	3fffffffffff
N??CA?_ECKY?@SIGCK?	46	fffffffffffa
N??CA?_ECKY?GKBOL??	46	3fffffffffff
N??CA?_ECKY?GKBOF??	46	3fffffffe6eff
N??CA?_ECKY?GKBOK_?	46	7ffffffffffb
N??CA?_ECKY?GKBOKO?	46	fffffffff7fb
N??CA?_ECKY?GKBOCo?	46	7fffffffefff
N??CA?_ECKY?GKBOEG?	46	3fffffffffff
N??CA?_ECKY?GKBOCg?	46	ffffffffeffd
N??CA?_ECKY?GKBOCW?	46	7fffffffefff
N??CA?_ECKY?GKBOKC?	46	ffffffffeffb
N??CA?_ECKY?GKBOCK?	46	fffffffffffa
N??CA?_ECKR?[?@WL??	46	fffffffdff7f
N??CA?_ECKR?[?@WK_?	46	3fffffffffff
N??CA?_ECKR?[?@WHO?	46	ffffffffe7ff
N??CA?_ECKR?[?@WKG?	46	3ffdffdfdff7f
N??CA?_ECKR?[?@WDG?	46	3fffffffffff
N??CA?_ECKR?[?@WCW?	46	3fffffffffff
N??CA?_ECKR?[?@W@W?	46	3fffffffffff
N??CA?_ECKR?[?@W@K?	46	3fffffffffff
N??CA?_ECKR?[?@W?k?	46	7ffffffffffd
N??CA?_ECKR?[?@W?[?	46	7ffffffffffd
N??CA?_ECKR?[?@WKA?	46	fffffffe7fff
N??CA?_ECKR?[?@WHA?	46	3fffffffe777f
N??CA?_ECKR?[?@WGa?	46	3fffffffffff
N??CA?_ECKR?[?@WGQ?	46	fffffffdf7ff
N??CA?_ECKR?[?@W@Q?	46	3fffffffdef7e
N??CA?_ECKR?[?@W?i?	46	3fffffffffff
N??CA?_ECKR?[?@W?M?	46	3fffffffffff
N??CA?_ECKR?X?@WIA?	46	3fffffffffff
N??CA?_ECKR?T?GWL??	46	3fffffffffff
N??CA?_ECKR?T?GWK_?	46	3fffffffffff
N??CA?_ECKR?T?GWKO?	46	3fffffffffff
N??CA?_ECKR?T?GWDO?	46	3bfffffbf7ffd
N??CA?_ECKR?T?GWDG?	46	3fffffffffff
N??CA?_ECKR?T?GWCg?	46	3fffffffffff
N??CA?_ECKR?T?GWCW?	46	7fffffffff7f
N??CA?_ECKR?T?GWCa?	46	2ffeffffffefb
N??CA?_ECKR?T?GWCQ?	46	2ffeffffffefb
N??CA?_ECKR?T?GWCI?	46	3fffffffffff
N??CA?_ECKR?W_@WM??	46	7ffffffff7ff
N??CA?_ECKR?W_@WJ??	46	ffffffffe7ff
N??CA?_ECKR?W_@WIG?	46	3fffffffffff
N??CA?_ECKR?W_@WEG?	46	3fffffffffff
N??CA?_ECKR?W_@WBG?	46	3fffffffffff
N??CA?_ECKR?W_@WAK?	46	3fffffffffff
N??CA?_ECKR?W_@WKA?	46	7ffffffdffff
N??CA?_ECKR?W_@WIA?	46	fffffffdf7ff
N??CA?_ECKR?W_@WGI?	46	3fffffffffff
N??CA?_ECKR?W_@WCI?	46	3fffffffffff
N??CA?_ECKR?W_@W?M?	46	3fffffffffff
N??CA?_ECKR?SOHGK_?	46	1ffffffffcffe
N??CA?_ECKR?SOHGKO?	46	3fffffffffff
N??CA?_ECKR?SOHGKG?	46	3ffdffdfdff7f
N??CA?_ECKR?SOHGKC?	46	3ffdffdfdff7f
N??CA?_ECKR?POWGF??	46	3ffdbfe5c7bf06fd
N??CA?_ECKR?OoHGM??	46	7ffffffff7ff
N??CA?_ECKR?OoHGKA?	46	7ffffffdffff
N??CA?_ECKR?WC@WJ??	46	3fffffffe777f
N??CA?_ECKR?WC@WK_?	46	7ffffffffffe
N??CA?_ECKR?WC@WBO?	46	3fffffffdef7e
N??CA?_ECKR?WC@WKG?	46	fffffffe67ff9
N??CA?_ECKR?WC@WGW?	46	3fffffffffff
N??CA?_ECKR?WC@WCW?	46	3fffffffffff
N??CA?_ECKR?WC@WAK?	46	3fffffffffff
N??CA?_ECKR?WC@W?k?	46	fffffffdfffb
N??CA?_ECKR?WC@W?[?	46	7ffffffffffb
N??CA?_ECKR?PCGWK_?	46	7ffffffffffe
N??CA?_ECKR?PCGWKO?	46	3fffffffffff
N??CA?_ECKR?PCGWCg?	46	7ffffffff7ff
N??CA?_ECKR?PCGWCW?	46	7fffffff7fff
N??CA?_ECKR?PCGWCS?	46	7fffffff7fff
N??CA?_ECKR?OSHGK_?	46	fffdf7ffff77c
N??CA?_ECKR?OSHGKO?	46	7ffffffffffd
N??CA?_ECKR?OSHGKG?	46	fffffffe67ff9
N??CA?_ECKR?OSHGKC?	46	fffffffe67ff9
N??CA?_ECKW_[?AWB_?	46	3fffffffffff
N??CA?_ECKW_[?AWBO?	46	3fffffffffff
N??CA?_ECKW_[?AWCo?	46	ffffffffff74c
N??CA?_ECKW_[?AW?s?	46	1ffffffffb7fe
N??CA?_ECKW_M?CWH_?	46	3fffffffffff
N??CA?_ECKW_M?CW@o?	46	3fffffffffff
N??CA?_ECKW_M?CWCW?	46	3fffffffffff
N??CA?_ECKW_M?CW@W?	46	3fffffffffff
N??CA?_ECKW_M?CW@c?	46	3ffff7dfdf7ff
N??CA?_ECKW_M?CW@S?	46	3ffff7dfdf7ff
N??CA?_ECKW_M?CW?[?	46	3fffffffffff
N??CA?_ECKW_M?CWCQ?	46	3ffff7dfdf7ff
N??CA?_ECKW_M?CW?Y?	46	3fffffffffff
N??CA?_ECKW_M?CW?e?	46	3fffffff0ffff
N??CA?_ECKW_M?CW?U?	46	3fffffff0ffff
N??CA?_ECKW_L?AWJ??	46	3fffffffffff
N??CA?_ECKW_L?AWF??	46	3ffffffff87ff
N??CA?_ECKW_L?AWKO?	46	ffffffffff74c
N??CA?_ECKW_L?AWBO?	46	3fffffffffff
N??CA?_ECKW_L?AWBG?	46	3fffffffffff
N??CA?_ECKW_L?AWCW?	46	1ffffffffb7fe
N??CA?_ECKW_L?AWAW?	46	3fffffffffff
N??CA?_ECKW_L?AWBC?	46	3ffff7dfdf7ff
N??CA?_ECKW_L?AWGS?	46	1ffffffffb7fe
N??CA?_ECKW_L?AWAS?	46	3fffffffffff
N??CA?_ECKW_L?AW?[?	46	3ffdf7ffff77f
N??CA?_ECKW_L?AWEA?	46	fffff7dfce7ff
N??CA?_ECKW_L?AWCQ?	46	fffffffdefff
N??CA?_ECKW_L?AW@E?	46	ffffffff0e7ff
N??CA?_ECKW_F?GWF??	46	3ffdbfe5c7bf06fd
N??CA?_ECKW_F?GWEG?	46	3ffff7dfdf7ff
N??CA?_ECKW_F?GWCI?	46	ffffffff0e7ff
N??CA?_ECKW_K_AWJ??	46	3fffffffffff
N??CA?_ECKW_K_AWF??	46	3ffffffff87ff
N??CA?_ECKW_K_AWK_?	46	ffffffffff74c
N??CA?_ECKW_K_AWB_?	46	3fffffffffff
N??CA?_ECKW_K_AWEG?	46	3fffffffffff
N??CA?_ECKW_K_AWDG?	46	3fffffffffff
N??CA?_ECKW_K_AWBG?	46	3fffffffffff
N??CA?_ECKW_K_AWCg?	46	1ffffffffb7fe
N??CA?_ECKW_K_AWAg?	46	3fffffffffff
N??CA?_ECKW_K_AWBC?	46	3ffff7dfdf7ff
N??CA?_ECKW_K_AWGc?	46	1ffffffffb7fe
N??CA?_ECKW_K_AWCc?	46	1ffffffffb7fe
N??CA?_ECKW_K_AWCK?	46	3fdffffffb7fe
N??CA?_ECKW_K_AW@K?	46	3ffffffffe7f9
N??CA?_ECKW_K_AW?k?	46	3ffdf7ffff77f
N??CA?_ECKW_K_AWEA?	46	fffff7dfce7ff
N??CA?_ECKW_K_AWDA?	46	3ffff7dfdf7ff
N??CA?_ECKW_K_AWBA?	46	3ffff7dfdf7ff
N??CA?_ECKW_K_AWAI?	46	3fffffffffff
N??CA?_ECKW_K_AW@I?	46	3ffffffffe67f
N??CA?_ECKW_K_AWAE?	46	3fffffff0ffff
N??CA?_ECKW_K_AW@E?	46	ffffffff0e7ff
N??CA?_ECKW_K_AW?M?	46	ffffffffe7ff
N??CA?_ECKW_E_GWF??	46	3ffdbfe5c7bf06fd
N??CA?_ECKW_E_GWEG?	46	3ffff7dfdf7ff
N??CA?_ECKW_E_GWEC?	46	3ffff7dfdf7ff
N??CA?_ECKW_E_GWEA?	46	3ff8ffe76cfdf6e1
N??CA?_ECKW_E_GWCI?	46	ffffffff0e7ff
N??CA?_ECKW_E_GWCE?	46	ffffffff0e7ff
N??CA?_ECKW_WOEGB_?	46	3ff8ffe76cfdf6e1
N??CA?_ECKW_WOEGBO?	46	3ff8ffe76cfdf6e1
N??CA?_ECKW_SOIGCo?	46	3defbfffdea94fcc
N??CA?_ECKW_KOAWDO?	46	3fffffffffff
N??CA?_ECKW_KOAWBO?	46	3fffffffffff
N??CA?_ECKW_KOAWCQ?	46	3fffffffffff
N??CA?_ECKW_KOAWAQ?	46	3fffffffffff
N??CA?_ECKW_EOKGD_?	46	3ffffffff87ff
N??CA?_ECKW_EOKGDO?	46	3ffffffff87ff
N??CA?_ECKW_EOKGCo?	46	3ffff7dfdf7ff
N??CA?_ECKW_EOKGCW?	46	3fffffffffff
N??CA?_ECKW_EOKGCa?	46	3ffff7dfdf7ff
N??CA?_ECKW_HOEGJ??	46	effefffffeefa
N??CA?_ECKW_HOEGBO?	46	77ffebfffeffb
N??CA?_ECKW_HOEGBG?	46	77ffebfffeffb
N??CA?_ECKW_HOEG?Y?	46	fffeff7fd7e7f
N??CA?_ECKW_DOIGKO?	46	3defbfffdea94fcc
N??CA?_ECKW_DOIGDO?	46	5fffdeffff7fd
N??CA?_ECKW_DOIGCW?	46	3fefedefe76634fe
N??CA?_ECKW_DOIGCS?	46	3fdffffffb7fe
N??CA?_ECKW_GoEGJ??	46	effefffffeefa
N??CA?_ECKW_GoEGB_?	46	77ffebfffeffb
N??CA?_ECKW_GoEGBG?	46	77ffebfffeffb
N??CA?_ECKW_GoEGAK?	46	3fffffffffff
N??CA?_ECKW_GoEGAI?	46	3fdffffffb7fe
N??CA?_ECKW_GoEG?i?	46	fffeff7fd7e7f
N??CA?_ECKW_GoEG?M?	46	3fffffffffff
N??CA?_ECKW_CoIGK_?	46	3defbfffdea94fcc
N??CA?_ECKW_CoIGD_?	46	5fffdeffff7fd
N??CA?_ECKW_CoIGEG?	46	3ffffffe97fff
N??CA?_ECKW_CoIGDG?	46	5fffdeffff7fd
N??CA?_ECKW_CoIGCg?	46	3fefedefe76634fe
N??CA?_ECKW_CoIGCc?	46	3fdffffffb7fe
N??CA?_ECKW_CoIGCK?	46	3fdffffffb7fe
N??CA?_ECKW_KGIOB_?	46	3ffffffff87ff
N??CA?_ECKW_KGIOBO?	46	3ffffffff87ff
N??CA?_ECKW_KGIO?[?	46	1ffffffffb7fe
N??CA?_ECKW_KGIO?Y?	46	7fffffffefff
N??CA?_ECKW_HGEOF??	46	3ffe7fda37bf077b
N??CA?_ECKW_HGEOEO?	46	3ffff7dfdf7ff
N??CA?_ECKW_HGEOCQ?	46	ffffffff0e7ff
N??CA?_ECKW_GgEOF??	46	3ffe7fda37bf077b
N??CA?_ECKW_GgEOE_?	46	3ffff7dfdf7ff
N??CA?_ECKW_GgEOEA?	46	3faeffff75e937d2
N??CA?_ECKW_GWM??U?	46	3fffffff0ffff
N??CA?_ECKW_KCAWKO?	46	3fffffffcfefb
N??CA?_ECKW_KCAWBO?	46	3ffff7dfdf7ff
N??CA?_ECKW_KCAWCo?	46	3fffffffd6ffb
N??CA?_ECKW_KCAWCW?	46	7fffffffefff
N??CA?_ECKW_KCAWAW?	46	7fffffffefff
N??CA?_ECKW_KCAW?[?	46	1ffffff7efffd
N??CA?_ECKW_GSEGEO?	46	3ffff7dfdf7ff
N??CA?_ECKW_GSEGBO?	46	3ffff7dfdf7ff
N??CA?_ECKW_GSEGCW?	46	7fffffffefff
N??CA?_ECKW_GSEGCS?	46	3fffffff0ffff
N??CA?_ECKW_GSEG?[?	46	3fffffffffff
N??CA?_ECKW_CSIGEO?	46	3ffff7dfdf7ff
N??CA?_ECKW_CSIGCW?	46	37ffffbfefffb
N??CA?_ECKW_GKEOCo?	46	ffffffff0e7ff
N??CA?_ECKW_GKEOCW?	46	7fffffffefff
N??CA?_ECKQ_[?AWK_?	46	fffffffff77f
N??CA?_ECKQ_[?AWKO?	46	fffffffff77f
N??CA?_ECKQ_[?AW@o?	46	3fffffffcfefb
N??CA?_ECKQ_[?AWCg?	46	3fffffffffff
N??CA?_ECKQ_[?AW?k?	46	3fffffffffff
N??CA?_ECKQ_[?AW?[?	46	3fffffffffff
N??CA?_ECKQ_[?AWGa?	46	fffffffef7ff
N??CA?_ECKQ_[?AWGQ?	46	fffffffef7ff
N??CA?_ECKQ_[?AW?i?	46	3fffffffffff
N??CA?_ECKQ_[?AW?Y?	46	3fffffffffff
N??CA?_ECKQ_Y?AWK_?	46	3ffffbbfeefff
N??CA?_ECKQ_Y?AWKO?	46	3ffffbbfeefff
N??CA?_ECKQ_Y?AWCg?	46	3fff7fefdfeff
N??CA?_ECKQ_Y?AWCW?	46	3fff7fefdfeff
N??CA?_ECKQ_Y?AWGQ?	46	3fffffffffff
N??CA?_ECKQ_U?GWK_?	46	3fffffffffff
N??CA?_ECKQ_U?GWKO?	46	3fffffffffff
N??CA?_ECKQ_U?GWCg?	46	3effffffffcfe
N??CA?_ECKQ_U?GWCa?	46	2ffeffffffefb
N??CA?_ECKQ_U?GWCQ?	46	2ffeffffffefb
N??CA?_ECKQ_X?AWJ??	46	3fffffffffff
N??CA?_ECKQ_X?AWBO?	46	3fffffffcfefb
N??CA?_ECKQ_X?AWBG?	46	fffffffffefe
N??CA?_ECKQ_X?AWGW?	46	1ffffffffb7fe
N??CA?_ECKQ_X?AWCW?	46	1ffffffffb7fe
N??CA?_ECKQ_X?AWAK?	46	7ffffffffffd
N??CA?_ECKQ_X?AW@K?	46	fffffffe67ff9
N??CA?_ECKQ_X?AW?[?	46	3ffdf7ffff77f
N??CA?_ECKQ_X?AWIA?	46	fffffffef7ff
N??CA?_ECKQ_X?AWGQ?	46	fffffffdf7ff
N??CA?_ECKQ_X?AWAI?	46	ffffffffff7d
N??CA?_ECKQ_X?AW?M?	46	fffffffffff9
N??CA?_ECKQ_R?GWM??	46	7ffffffffffb
N??CA?_ECKQ_R?GWL??	46	3ffffbbfeefff
N??CA?_ECKQ_R?GWF??	46	3bfffffbf7ffd
N??CA?_ECKQ_R?GWKO?	46	3ffffffffffcc
N??CA?_ECKQ_R?GWEG?	46	3fffffffdef7e
N??CA?_ECKQ_R?GWDG?	46	3fff7fefdfeff
N??CA?_ECKQ_R?GWCW?	46	3fdffffffb7fe
N??CA?_ECKQ_R?GWCS?	46	3fdffffffb7fe
N??CA?_ECKQ_R?GWEA?	46	effefffffeefa
N??CA?_ECKQ_R?GWCI?	46	3ffffffffe67f
N??CA?_ECKQ_W_AWJ??	46	3fffffffffff
N??CA?_ECKQ_W_AWK_?	46	ffffffffff74c
N??CA?_ECKQ_W_AWB_?	46	3fffffffcfefb
N??CA?_ECKQ_W_AWDG?	46	3fff7fefdfeff
N??CA?_ECKQ_W_AWBG?	46	fffffffffefe
N??CA?_ECKQ_W_AWCg?	46	1ffffffffb7fe
N??CA?_ECKQ_W_AWAK?	46	7ffffffffffd
N??CA?_ECKQ_W_AW@K?	46	fffffffe67ff9
N??CA?_ECKQ_W_AW?k?	46	3ffdf7ffff77f
N??CA?_ECKQ_W_AWIA?	46	fffffffef7ff
N??CA?_ECKQ_W_AWHA?	46	3fffffffffff
N??CA?_ECKQ_W_AWGa?	46	fffffffdf7ff
N??CA?_ECKQ_W_AWCI?	46	3fffffffffff
N??CA?_ECKQ_W_AWAI?	46	ffffffffff7d
N??CA?_ECKQ_W_AW@I?	46	3fffffffffe79
N??CA?_ECKQ_W_AW?M?	46	fffffffffff9
N??CA?_ECKQ_Q_GWM??	46	7ffffffffffb
N??CA?_ECKQ_Q_GWL??	46	3ffffbbfeefff
N??CA?_ECKQ_Q_GWF??	46	3bfffffbf7ffd
N??CA?_ECKQ_Q_GWK_?	46	3ffffffffffcc
N??CA?_ECKQ_Q_GWDG?	46	3fff7fefdfeff
N??CA?_ECKQ_Q_GWCg?	46	3fdffffffb7fe
N??CA?_ECKQ_Q_GWKA?	46	7ffffffffffe
N??CA?_ECKQ_Q_GWEA?	46	effefffffeefa
N??CA?_ECKQ_Q_GWDA?	46	6ffaffffffefb
N??CA?_ECKQ_Q_GWCI?	46	3ffffffffe67f
N??CA?_ECKQ_Q_GWCE?	46	3ffffffffe67f
N??CA?_ECKQ_WOQGD_?	46	3ffffbbfeefff
N??CA?_ECKQ_WOQGDO?	46	3ffffbbfeefff
N??CA?_ECKQ_WOQGCo?	46	ffffffffff74c
N??CA?_ECKQ_WOQG?s?	46	1ffffffffb7fe
N??CA?_ECKQ_WOQG?[?	46	3faeffff75e937d2
N??CA?_ECKQ_WOQG?Y?	46	3fffffffffff
N??CA?_ECKQ_WOQG?U?	46	3fffffffffff
N??CA?_ECKQ_SOIGK_?	46	ffffffff0e7ff
N??CA?_ECKQ_QOWGD_?	46	7ff7fbbfeefff
N??CA?_ECKQ_QOWGDO?	46	7ff7fbbfeefff
N??CA?_ECKQ_QOWGCo?	46	2ffdeff7fe70fccc
N??CA?_ECKQ_QOWGCg?	46	3defbfffdea94fcc
N??CA?_ECKQ_QOWGCW?	46	3defbfffdea94fcc
N??CA?_ECKQ_QOIGK_?	46	fffffbbfce7ff
N??CA?_ECKQ_QOIGKO?	46	fffffbbfce7ff
N??CA?_ECKQ_POIGL??	46	3ffdbf739b7ee87d
N??CA?_ECKQ_POIGKO?	46	3defbfffdea94fcc
N??CA?_ECKQ_OoIGL??	46	3ffdbf739b7ee87d
N??CA?_ECKQ_OoIGK_?	46	3defbfffdea94fcc
N??CA?_ECKQ_OoIGKG?	46	3defbfffdea94fcc
N??CA?_ECKQ_WCAWK_?	46	7ffffffeffff
N??CA?_ECKQ_WCAWKO?	46	7ffffffeffff
N??CA?_ECKQ_WCAWHO?	46	3fffffffffff
N??CA?_ECKQ_WCAWGo?	46	fffffffdf7ff
N??CA?_ECKQ_WCAWGW?	46	3fffffffffff
N??CA?_ECKQ_WCAWCW?	46	3fffffffffff
N??CA?_ECKQ_WCAW?w?	46	3fffffffffff
N??CA?_ECKQ_WCAW?k?	46	3fffffffffff
N??CA?_ECKQ_WCAW?[?	46	3fffffffffff
N??CA?_ECKQ_QCGWK_?	46	7fffdffff87ff
N??CA?_ECKQ_QCGWKO?	46	7fffdffff87ff
N??CA?_ECKQ_QCGWDO?	46	2ffeffffffefb
N??CA?_ECKQ_QCGWCo?	46	3ff8ffe76cfdf6e1
N??CA?_ECKQ_QCGWCg?	46	3ff73fdb9cfdef61
N??CA?_ECKQ_QCGWCW?	46	3ff73fdb9cfdef61
N??CA?_ECKQ_QCGWCS?	46	3ff73fdb9cfdef61
N??CA?_ECKQ_OSIGK_?	46	3fffffffcff7d
N??CA?_ECKQ_OSIGKO?	46	3fffffffcff7d
N??CA?_ECKWOL?AWM??	46	fffffffff77f
N??CA?_ECKWOL?AWL??	46	3fffffffffff
N??CA?_ECKWOL?AWJ??	46	3fffffffffff
N??CA?_ECKWOL?AWF??	46	3ffffffff87ff
N??CA?_ECKWOL?AWK_?	46	ffffffffff74c
N??CA?_ECKWOL?AWB_?	46	3fffffffffff
N??CA?_ECKWOL?AWHG?	46	3fffffffdef7e
N??CA?_ECKWOL?AWDG?	46	3fffffffffff
N??CA?_ECKWOL?AWBG?	46	3fffffffffff
N??CA?_ECKWOL?AWCg?	46	1ffffffffb7fe
N??CA?_ECKWOL?AWAg?	46	3fffffffffff
N??CA?_ECKWOL?AWKC?	46	3ffffffffffcc
N??CA?_ECKWOL?AWIC?	46	3fffffffffff
N??CA?_ECKWOL?AWHC?	46	ffffffffff7e
N??CA?_ECKWOL?AWBC?	46	3ffff7dfdf7ff
N??CA?_ECKWOL?AWGc?	46	1ffffffffb7fe
N??CA?_ECKWOL?AWCc?	46	1ffffffffb7fe
N??CA?_ECKWOL?AWGK?	46	7ffffffffb77c
N??CA?_ECKWOL?AW?k?	46	3ffdf7ffff77f
N??CA?_ECKWOL?AWKA?	46	7ffffffeffff
N??CA?_ECKWOL?AWIA?	46	fffffffef7ff
N??CA?_ECKWOL?AWEA?	46	fffff7dfce7ff
N??CA?_ECKWOL?AWHA?	46	fffffffff7fe
N??CA?_ECKWOL?AWDA?	46	3ffff7dfdf7ff
N??CA?_ECKWOL?AWBA?	46	3ffff7dfdf7ff
N??CA?_ECKWOL?AWAI?	46	3fffffffffff
N??CA?_ECKWOL?AW@I?	46	3ffffffffe67f
N??CA?_ECKWOL?AWGE?	46	7ffffffffffd
N??CA?_ECKWOL?AWAE?	46	3fffffff0ffff
N??CA?_ECKWOL?AW@E?	46	ffffffff0e7ff
N??CA?_ECKWOL?AW?M?	46	ffffffffe7ff
N??CA?_ECKWOF?GWM??	46	3fffffffffff
N??CA?_ECKWOF?GWF??	46	3ffdbfe5c7bf06fd
N??CA?_ECKWOF?GWEG?	46	3ffff7dfdf7ff
N??CA?_ECKWOF?GWKA?	46	7ffffffffffe
N??CA?_ECKWOF?GWEA?	46	3ff8ffe76cfdf6e1
N??CA?_ECKWOF?GWCI?	46	ffffffff0e7ff
N??CA?_ECKWOHOEGM??	46	3fffffffffff
N??CA?_ECKWOHOEGJ??	46	effefffffeefa
N??CA?_ECKWOHOEGB_?	46	77ffebfffeffb
N??CA?_ECKWOHOEGBG?	46	77ffebfffeffb
N??CA?_ECKWOHOEGIC?	46	7fffffffff7f
N??CA?_ECKWOHOEGKA?	46	7ffffffffffb
N??CA?_ECKWOHOEGIA?	46	ffffffffff74c
N??CA?_ECKWOHOEG?i?	46	fffeff7fd7e7f
N??CA?_ECKWOHOEGGE?	46	7fffffff7fff
N??CA?_ECKWODOIGM??	46	3fffffff0ffff
N??CA?_ECKWODOIGL??	46	fbffbfffff77c
N??CA?_ECKWODOIGK_?	46	3defbfffdea94fcc
N??CA?_ECKWODOIGD_?	46	5fffdeffff7fd
N??CA?_ECKWODOIGKG?	46	3defbfffdea94fcc
N??CA?_ECKWODOIGDG?	46	5fffdeffff7fd
N??CA?_ECKWODOIGCg?	46	3fefedefe76634fe
N??CA?_ECKWODOIGKC?	46	ffffffffff74c
N??CA?_ECKWODOIGCc?	46	3fdffffffb7fe
N??CA?_ECKWODOIGKA?	46	7fffffffff7f
N??CA?_ECKWOHGEOM??	46	3fffffffffff
N??CA?_ECKWOHGEOF??	46	3ffe7fda37bf077b
N??CA?_ECKWOHGEOE_?	46	3ffff7dfdf7ff
N??CA?_ECKWOHGEOKA?	46	7ffffffffffd
N??CA?_ECKWOHGEOEA?	46	3faeffff75e937d2
N??CA?_ECKQOX?AWM??	46	fffffffff77f
N??CA?_ECKQOX?AWL??	46	3ffffbbfeefff
N??CA?_ECKQOX?AWJ??	46	3fffffffffff
N??CA?_ECKQOX?AWK_?	46	ffffffffff74c
N??CA?_ECKQOX?AWB_?	46	3fffffffcfefb
N??CA?_ECKQOX?AWEG?	46	3fffffffffff
N??CA?_ECKQOX?AWHG?	46	3fff7fefdfeff
N??CA?_ECKQOX?AWDG?	46	3fff7fefdfeff
N??CA?_ECKQOX?AWBG?	46	fffffffffefe
N??CA?_ECKQOX?AWCg?	46	1ffffffffb7fe
N??CA?_ECKQOX?AWGK?	46	3faeffff75e937d2
N??CA?_ECKQOX?AWAK?	46	7ffffffffffd
N??CA?_ECKQOX?AW@K?	46	fffffffe67ff9
N??CA?_ECKQOX?AW?k?	46	3ffdf7ffff77f
N??CA?_ECKQOX?AWKA?	46	7ffffffeffff
N??CA?_ECKQOX?AWIA?	46	fffffffef7ff
N??CA?_ECKQOX?AWGa?	46	fffffffdf7ff
N??CA?_ECKQOX?AWAI?	46	ffffffffff7d
N??CA?_ECKQOX?AW@I?	46	3fffffffffe79
N??CA?_ECKQOX?AW?M?	46	fffffffffff9
N??CA?_ECKQOR?GWM??	46	7ffffffffffb
N??CA?_ECKQOR?GWL??	46	3ffffbbfeefff
N??CA?_ECKQOR?GWF??	46	3bfffffbf7ffd
N??CA?_ECKQOR?GWK_?	46	3ffffffffffcc
N??CA?_ECKQOR?GWEG?	46	3fffffffdef7e
N??CA?_ECKQOR?GWDG?	46	3fff7fefdfeff
N??CA?_ECKQOR?GWCg?	46	3fdffffffb7fe
N??CA?_ECKQOR?GWDC?	46	3fff7fefdfeff
N??CA?_ECKQOR?GWEA?	46	effefffffeefa
N??CA?_ECKQOR?GWDA?	46	6ffaffffffefb
N??CA?_ECKQOPOIGM??	46	3fffffff0ffff
N??CA?_ECKQOPOIGL??	46	3ffdbf739b7ee87d
N??CA?_ECKQOPOIGK_?	46	3defbfffdea94fcc
N??CA?_ECKWG[?BGF??	46	3fffffffff87f
N??CA?_ECKWG[?BGB_?	46	3fffffffffff
N??CA?_ECKWG[?BGBO?	46	3fffffffffff
N??CA?_ECKWG[?BGBG?	46	3fffffffffff
N??CA?_ECKWG[?BGCW?	46	ffffffffff74c
N??CA?_ECKWG[?BGAW?	46	3ffffffffe67f
N??CA?_ECKWG[?BGBC?	46	1ffffff7efffd
N??CA?_ECKWG[?BGCK?	46	3ffffffffffcc
N??CA?_ECKWG[?BG@K?	46	3fffffffffff
N??CA?_ECKWG[?BGEA?	46	dffffff7e7ff9
N??CA?_ECKWG[?BGDA?	46	1ffffff7efffd
N??CA?_ECKWG[?BGBA?	46	5ff7fff7efffd
N??CA?_ECKWG[?BGAE?	46	3fff7dfffeeff
N??CA?_ECKWGU?HGEG?	46	3ffdffdfdff7f
N??CA?_ECKWGU?HGCI?	46	3ffffffe67fff
N??CA?_ECKWGX?EGB_?	46	6ffaffffffefb
N??CA?_ECKWGX?EGBO?	46	effefffffeefa
N??CA?_ECKWGX?EGBG?	46	2ffeffffffefb
N??CA?_ECKWGT?IGDG?	46	3bffbffffff7d
N??CA?_ECKWGT?IGCW?	46	3defbfffdea94fcc
N??CA?_ECKWGT?IGCK?	46	3ffffffffffcc
N??CA?_ECKWGT?IGCI?	46	3fffffffffff
N??CA?_ECKWGL?EGL??	46	3fffffffff87f
N??CA?_ECKWGL?EGK_?	46	3fffffffffff
N??CA?_ECKWGL?EGH_?	46	3fffffffffff
N??CA?_ECKWGL?EGHO?	46	3fffffffffff
N??CA?_ECKWGL?EGKG?	46	3fffffffffff
N??CA?_ECKWGL?EGHG?	46	3fffffffffff
N??CA?_ECKWGL?EGGc?	46	3fffffffffff
N??CA?_ECKWGL?EGGS?	46	7fffffffff7f
N??CA?_ECKWGL?EGGK?	46	7fffffffff7f
N??CA?_ECKWGL?EGKA?	46	1ffffff7efffd
N??CA?_ECKWGL?EGHA?	46	1ffffff7efffd
N??CA?_ECKWGL?EGGa?	46	3fffffffffff
N??CA?_ECKWGL?EGGE?	46	3fff7dfffeeff
N??CA?_ECKWGF?KGL??	46	3fffffffff87f
N??CA?_ECKWGF?KGK_?	46	3fffffffffff
N??CA?_ECKWGF?KGKO?	46	1ffffff7efffd
N??CA?_ECKWGF?KGKG?	46	1ffffff7efffd
N??CA?_ECKWGF?KGKC?	46	1ffffff7efffd
N??CA?_ECKWGF?KGKA?	46	1ffffff7efffd
N??CA?_ECKWGWGF?F??	46	3ffdbf739b7ee87d
N??CA?_ECKWGWGF?E_?	46	1ffffff7efffd
N??CA?_ECKWGWGF?EA?	46	3ffdbf739b7ee87d
N??CA?_ECKWGWGF?Ca?	46	3fff7dfffeeff
N??CA?_ECKWGGgF?M??	46	7ffffffff7ff
N??CA?_ECKWGGgF?KA?	46	fffffffdfffe
N??CA?_ECKWGGKF?M??	46	1ffffff7efffd
N??CA?_ECKWGGKF?K_?	46	7ffffffffffb
N??CA?_ECKWGGKF?KO?	46	ffff7dfffeefa
N??CA?_ECKWGGKF?KG?	46	ffff7dfffeefa
N??CA?_ECKWGGKF?KC?	46	ffff7dfffeefa
N??CA?oICGY?R?@oDC?	46	3fffffffffff
N??CA?oICGY?R?@oEA?	46	3fffffffffff
N??CA?oICGY?R?@oCI?	46	3fffffffffff
N??CA?oICGY?R?@oCE?	46	3fffffffffff
N??CA?oICGY?R?@oCB?	46	3fffffffffff
N??CA?oICGY?F?AoGo?	46	3ffff7dfdf7ff
N??CA?oICGY?F?Ao?w?	46	3ffdffdfdff7f
N??CA?oICGY?F?AoKC?	46	3fffffffffff
N??CA?oICGY?F?AoGc?	46	3fffffffffff
N??CA?oICGY?F?AoCS?	46	3fffffffffff
N??CA?oICGY?F?Ao?s?	46	3fffffffffff
N??CA?oICGY?F?AoCK?	46	3fffffffffff
N??CA?oICGY?F?Ao?k?	46	3fffffffffff
N??CA?oICGY?F?AoGa?	46	3fffffffffff
N??CA?oICGY?F?AoCQ?	46	3fffffffffff
N??CA?oICGY?F?AoGI?	46	3fffffffffff
N??CA?oICGY?F?AoCI?	46	3fffffffffff
N??CA?oICGY?F?Ao?i?	46	3fffffffffff
N??CA?oICGY?F?Ao?Y?	46	3fffffffffff
N??CA?oICGY?F?AoGE?	46	3fffffffffff
N??CA?oICGY?F?Ao?e?	46	3fffffffffff
N??CA?oICGY?F?Ao?U?	46	3fffffffffff
N??CA?oICGY?F?Ao?M?	46	3fffffffffff
N??CA?oICGY?F?AoGP?	46	3fffffff0ffff
N??CA?oICGY?F?AoGH?	46	3fffffff0ffff
N??CA?oICGY?F?AoCH?	46	3fffffffffff
N??CA?oICGY?F?Ao?h?	46	3ffffffe97fff
N??CA?oICGY?F?AoCD?	46	3fffffffffff
N??CA?oICGY?F?Ao?L?	46	3fffffffffff
N??CA?oICGY?F?AoCB?	46	3fffffffffff
N??CA?oICGY?F?Ao?J?	46	3fffffffffff
N??CA?oICGY?F?Ao?F?	46	3fffffffffff
N??CA?oICGY?F?@oHC?	46	3fffffffffff
N??CA?oICGY?F?@oDC?	46	3fffffffffff
N??CA?oICGY?F?@oKA?	46	3fffffffffff
N??CA?oICGY?F?@oHA?	46	3fffffffffff
N??CA?oICGY?F?@oCQ?	46	3fffffffffff
N??CA?oICGY?F?@oCI?	46	3fffffffffff
N??CA?oICGY?F?@oCE?	46	3fffffffffff
N??CA?oICGY?F?@o@E?	46	3fffffffffff
N??CA?oICGY?F?@o@D?	46	3fffffffffff
N??CA?oICGY?F?@oCB?	46	3fffffffffff
N??CA?oICGY?F??qDO?	46	3fffffffffff
N??CA?oICGY?F??qDG?	46	3fffffffffff
N??CA?oICGY?F??qDC?	46	3fffffffffff
N??CA?oICGY?F??qCc?	46	3fffffffffff
N??CA?oICGY?F??q@c?	46	3fffffffffff
N??CA?oICGY?F??qDA?	46	3fffffffffff
N??CA?oICGY?F??qCa?	46	3fffffffffff
N??CA?oICGY?F??qGQ?	46	3fffffffffff
N??CA?oICGY?F??qCQ?	46	3fffffffffff
N??CA?oICGY?F??q?q?	46	3fffffffffff
N??CA?oICGY?F??qCI?	46	3fffffffffff
N??CA?oICGY?F??q@I?	46	3fffffffffff
N??CA?oICGY?F??qCE?	46	3fffffffffff
N??CA?oICGY?F??q@E?	46	3fffffffffff
N??CA?oICGY?F??q?U?	46	3fffffffffff
N??CA?oICGY?EOP_D_?	46	3fffffffffff
N??CA?oICGY?EOP_@g?	46	3ffff7dfdf7ff
N??CA?oICGY?EOP_DC?	46	7ffffffffffb
N??CA?oICGY?EOP_@K?	46	7fffffffefff
N??CA?oICGY?EOP_?k?	46	3ffffffffffd2
N??CA?oICGY?EOP_Ca?	46	3fffffffffff
N??CA?oICGY?EOP_CQ?	46	3fffffffffff
N??CA?oICGY?EOP_CI?	46	7fffffffefff
N??CA?oICGY?EOP_CE?	46	7fffffffefff
N??CA?oICGY?EOP_@E?	46	7fffffffefff
N??CA?oICGY?EOP_?e?	46	3fffffffffff
N??CA?oICGY?EOP_?U?	46	3fffffffffff
N??CA?oICGY?EOP_?p?	46	2ffdeff7fe70fccc
N??CA?oICGY?EOP_@H?	46	3fffffff0ffff
N??CA?oICGY?EOP_?L?	46	3ffffffffffcc
N??CA?oICGY?EOP_CB?	46	3fffffffffff
N??CA?oICGY?EOP_?J?	46	3fffffffffff
N??CA?oICGY?EOP_?F?	46	3fffffffffff
N??CA?oICGY?EOB_Gg?	46	3ffff7dfdf7ff
N??CA?oICGY?EOB_?w?	46	3ffdffdfdff7f
N??CA?oICGY?EOB_KC?	46	7ffffffffffb
N??CA?oICGY?EOB_Gc?	46	3fffffffffff
N??CA?oICGY?EOB_Cc?	46	3fffffffffff
N??CA?oICGY?EOB_CS?	46	3fffffffffff
N??CA?oICGY?EOB_?s?	46	3fffffffffff
N??CA?oICGY?EOB_?k?	46	3fffffffffff
N??CA?oICGY?EOB_Ca?	46	3fffffffffff
N??CA?oICGY?EOB_CQ?	46	3fffffffffff
N??CA?oICGY?EOB_?q?	46	3fffffffffff
N??CA?oICGY?EOB_?i?	46	3fffffffffff
N??CA?oICGY?EOB_?Y?	46	3fffffffffff
N??CA?oICGY?EOB_GE?	46	7fffffffefff
N??CA?oICGY?EOB_?e?	46	3fffffffffff
N??CA?oICGY?EOB_?U?	46	3fffffffffff
N??CA?oICGY?EOB_?M?	46	7ffffffdffff
N??CA?oICGY?EOB_GP?	46	3fffffff0ffff
N??CA?oICGY?EOB_CP?	46	3fffffffffff
N??CA?oICGY?EOB_CD?	46	3fffffffffff
N??CA?oICGY?EOB_?L?	46	3fffffffffff
N??CA?oICGY?EOB_CB?	46	3fffffffffff
N??CA?oICGY?EOB_?J?	46	3fffffffffff
N??CA?oICGY?EOB_?F?	46	3fffffffffff
N??CA?oICGY?EO@oK_?	46	3fffffffffff
N??CA?oICGY?EO@oH_?	46	3ffff7dfdf7ff
N??CA?oICGY?EO@oHC?	46	7fffffffefff
N??CA?oICGY?EO@oGc?	46	3ffffffffffd2
N??CA?oICGY?EO@oKA?	46	7fffffffefff
N??CA?oICGY?EO@oCa?	46	3fffffffffff
N??CA?oICGY?EO@o@a?	46	3fffffffffff
N??CA?oICGY?EO@oCQ?	46	3fffffffffff
N??CA?oICGY?DOB_DC?	46	3fffffffffff
N??CA?oICGY?DOB_KA?	46	3fffffffffff
N??CA?oICGY?DOB_CQ?	46	3fffffffffff
N??CA?oICGY?DOB_CI?	46	3fffffffffff
N??CA?oICGY?DOB_GE?	46	3fffffffffff
N??CA?oICGY?DOB_CE?	46	3fffffffffff
N??CA?oICGY?DOB_GP?	46	2ffdeff7fe70fccc
N??CA?oICGY?DOB_@P?	46	3ffffffe97fff
N??CA?oICGY?DOB_CB?	46	3fffffffffff
N??CA?oICGY?DOB_?J?	46	3fffffffffff
N??CA?oICGY?DOAQCQ?	46	7ffffffeffff
N??CA?oICGY?BG?qL??	46	3fffffffffff
N??CA?oICGY?BG?qK_?	46	3fffffffffff
N??CA?oICGY?BG?qEO?	46	3fffffffffff
N??CA?oICGY?BG?qDO?	46	3fffffffffff
N??CA?oICGY?BG?qCo?	46	3fffffffffff
N??CA?oICGY?BG?qDG?	46	3fffffffffff
N??CA?oICGY?BG?qBG?	46	3fffffffffff
N??CA?oICGY?BG?qKA?	46	3fffffffffff
N??CA?oICGY?AWP_D_?	46	3fffffffffff
N??CA?oICGY?AWP_B_?	46	3fffffffffff
N??CA?oICGY?AWP_DO?	46	3fffffffffff
N??CA?oICGY?AWP_Ag?	46	3ffffffffffd2
N??CA?oICGY?AWP_EA?	46	7fffffffefff
N??CA?oICGY?AWP_@a?	46	3fffffffffff
N??CA?oICGY?QA@oCK?	46	3fffffffffff
N??CA?oICGY?QA@oCE?	46	7ffffffdffff
N??CA?oICGY?CQB_@o?	46	3ffffffe97fff
N??CA?oICGY?CQB_Gg?	46	2ffdeff7fe70fccc
N??CA?oICGY?CQB_DC?	46	7fffffffefff
N??CA?oICGY?CQB_KA?	46	7ffffffffffe
N??CA?oICGY?CQB_DA?	46	7fffffffefff
N??CA?oICGY?CQB_Ca?	46	3fffffffffff
N??CA?oICGY?CQB_GQ?	46	3fffffffffff
N??CA?oICGY?CQB_CE?	46	7ffffffff7ff
N??CA?oICGY?CQB_@E?	46	7ffffffff7ff
N??CA?oICGY?CQB_?e?	46	3fffffffffff
N??CA?oICGM?F?Ao?U?	46	3effffffffb7e
N??CA?oICGM?F?Ao?M?	46	37ff6fdff9f0fb52
N??CA?oICGM?F?AoW@?	46	3fffffffffff
N??CA?oICGM?F?AoOP?	46	3fffffffffff
N??CA?oICGM?F?AoGP?	46	3fffffffffff
N??CA?oICGM?F?AoOH?	46	3fffffffffff
N??CA?oICGM?F?AoOD?	46	3fffffffffff
N??CA?oICGM?F?AoOB?	46	3fffffffffff
N??CA?oICGM?F?Ao?J?	46	3fffffffffff
N??CA?oICGM?F?@oWO?	46	3fffffffffff
N??CA?oICGM?F?@o@W?	46	3fffffffffff
N??CA?oICGM?F?@oWC?	46	3fffffffffff
N??CA?oICGM?F?@oHC?	46	7fbffbbfeefff
N??CA?oICGM?F?@o@S?	46	3fffffffffff
N??CA?oICGM?F?@o@K?	46	3ffffdefdefff
N??CA?oICGM?F?@oOQ?	46	3fffffffffff
N??CA?oICGM?F?@oOI?	46	3fffffffffff
N??CA?oICGM?F?@o?Y?	46	3fffffffffff
N??CA?oICGM?F?@oOE?	46	3fffffffffff
N??CA?oICGM?F?@oGE?	46	3ffffdefdefff
N??CA?oICGM?F?@o@E?	46	3ffffdefdefff
N??CA?oICGM?F?@o?M?	46	3fffffff0ffff
N??CA?oICGM?F?@oW@?	46	3fffffffffff
N??CA?oICGM?F?@oP@?	46	3fffffffffff
N??CA?oICGM?F?@oGP?	46	3fffffffffff
N??CA?oICGM?F?@o@P?	46	3fffffffffff
N??CA?oICGM?F?@oOH?	46	3fffffffffff
N??CA?oICGM?F?@oGH?	46	3fffffffffff
N??CA?oICGM?F?@o@H?	46	3fffffffffff
N??CA?oICGM?F?@o?X?	46	3fffffffffff
N??CA?oICGM?F?@o?T?	46	3fffffffffff
N??CA?oICGM?F?@o?L?	46	3fffffffffff
N??CA?oICGM?F?@oOB?	46	3fffffffffff
N??CA?oICGM?F?@o?R?	46	3fffffffffff
N??CA?oICGM?F?@o?J?	46	3fffffffffff
N??CA?oICGM?F??wX??	46	3fffffffffff
N??CA?oICGM?F??wW_?	46	3fffffffffff
N??CA?oICGM?F??wWO?	46	3fffffffffff
N??CA?oICGM?F??wPO?	46	3fffffffffff
N??CA?oICGM?F??wHO?	46	3ffffffffffcc
N??CA?oICGM?F??wOo?	46	3fffffffffff
N??CA?oICGM?F??w@o?	46	3fffffffffff
N??CA?oICGM?F??wPG?	46	3fffffffffff
N??CA?oICGM?F??wHG?	46	3defbfffdea94fcc
N??CA?oICGM?F??wOg?	46	3fffffffffff
N??CA?oICGM?F??wGg?	46	3ffffdefdefff
N??CA?oICGM?F??w@g?	46	3ffffdefdefff
N??CA?oICGM?F??wWA?	46	3fffffffffff
N??CA?oICGM?F??wOa?	46	3fffffffffff
N??CA?oICGM?F??wGa?	46	3ffffdefdefff
N??CA?oICGM?F??wW@?	46	3fffffffffff
N??CA?oICGM?F??wP@?	46	3fffffffffff
N??CA?oICGM?F??sOo?	46	3fffffffffff
N??CA?oICGM?F??sOg?	46	3fffffffffff
N??CA?oICGM?F??s@S?	46	3effffffffb7e
N??CA?oICGM?F??sGK?	46	37ff6fdff9f0fb52
N??CA?oICGM?F??s@K?	46	37ff6fdff9f0fb52
N??CA?oICGM?F??sW@?	46	3fffffffffff
N??CA?oICGM?F??sP@?	46	3fffffffffff
N??CA?oICGM?F??sOP?	46	3fffffffffff
N??CA?oICGM?F??sOH?	46	3fffffffffff
N??CA?oICGM?F??s@H?	46	3fffffffffff
N??CA?oICGM?F??sOD?	46	3fffffffffff
N??CA?oICGM?F??s?T?	46	3fffffffffff
N??CA?oICGM?F??qX??	46	3fffffffffff
N??CA?oICGM?F??qW_?	46	3fffffffffff
N??CA?oICGM?F??qP_?	46	3fffffffffff
N??CA?oICGM?F??qPO?	46	3fffffffffff
N??CA?oICGM?F??qHO?	46	3fffffffffff
N??CA?oICGM?F??qGo?	46	3fffffffffff
N??CA?oICGM?F??qWG?	46	3fffffffffff
N??CA?oICGM?F??qPG?	46	3fffffffffff
N??CA?oICGM?F??qHG?	46	3fffffffffff
N??CA?oICGM?F??qOg?	46	3fffffffffff
N??CA?oICGM?F??q@g?	46	3fffffffffff
N??CA?oICGM?F??q@W?	46	3fffffffffff
N??CA?oICGM?F??qWC?	46	3fffffffffff
N??CA?oICGM?F??qPC?	46	3fffffffffff
N??CA?oICGM?F??qOS?	46	3fffffffffff
N??CA?oICGM?F??qGS?	46	3fffffffffff
N??CA?oICGM?F??q@S?	46	3fffffffffff
N??CA?oICGM?F??qOK?	46	3fffffffffff
N??CA?oICGM?F??q@K?	46	3fffffffffff
N??CA?oICGM?F??q?[?	46	3fffffffffff
N??CA?oICGM?F??qWA?	46	3fffffffffff
N??CA?oICGM?F??qOa?	46	3fffffffffff
N??CA?oICGM?F??qOQ?	46	3fffffffffff
N??CA?oICGM?F??q?q?	46	3fffffffffff
N??CA?oICGM?F??qOI?	46	3fffffffffff
N??CA?oICGM?F??q@I?	46	3fffffffffff
N??CA?oICGM?F??q?i?	46	3fffffffffff
N??CA?oICGM?F??q?Y?	46	3fffffffffff
N??CA?oICGM?F??qOE?	46	3fffffffffff
N??CA?oICGM?F??qGE?	46	3fff7fefdfeff
N??CA?oICGM?F??q@E?	46	3fff7fefdfeff
N??CA?oICGM?F??q?U?	46	3fffffffffff
N??CA?oICGM?F??q?M?	46	3fffffffffff
N??CA?oICGM?D_aOH_?	46	3fffffffffff
N??CA?oICGM?D_aOHO?	46	3fffffffffff
N??CA?oICGM?D_aOHG?	46	7ffffffffffb
N??CA?oICGM?D_aO@g?	46	3fffffffffff
N??CA?oICGM?D_aOGW?	46	3fffffffffff
N??CA?oICGM?D_aO@W?	46	3fffffffffff
N??CA?oICGM?D_aO?w?	46	3fffffffffff
N??CA?oICGM?D_aOHC?	46	7ffffffffffb
N??CA?oICGM?D_aOGc?	46	3fffffffffff
N??CA?oICGM?D_aO@c?	46	3fffffffffff
N??CA?oICGM?D_aO?i?	46	3fffffffffff
N??CA?oICGM?D_aO?Y?	46	3fffffffffff
N??CA?oICGM?D_aOGE?	46	7fffffffefff
N??CA?oICGM?D_aO?e?	46	3fffffffffff
N??CA?oICGM?D_aO?M?	46	7ffffffdffff
N??CA?oICGM?D_aOH@?	46	3fffffffffff
N??CA?oICGM?D_aOGP?	46	3fffffffffff
N??CA?oICGM?D_aO@P?	46	3fffffffffff
N??CA?oICGM?D_aO?p?	46	3fffffffffff
N??CA?oICGM?D_aOGH?	46	3fffffffffff
N??CA?oICGM?D_aO@H?	46	3fffffffffff
N??CA?oICGM?D_aO?X?	46	3fffffffffff
N??CA?oICGM?D_aOGD?	46	3fffffffffff
N??CA?oICGM?D_aO@D?	46	3fffffffffff
N??CA?oICGM?D_aO?L?	46	3fffffffffff
N??CA?oICGM?D_aOGB?	46	3fffffffffff
N??CA?oICGM?D_aO@B?	46	3fffffffffff
N??CA?oICGM?D_aO?R?	46	3fffffffffff
N??CA?oICGM?D_aO?J?	46	3fffffffffff
N??CA?oICGM?D_aO?F?	46	3fffffffffff
N??CA?oICGM?D_BOX??	46	3fffffffffff
N??CA?oICGM?D_BOHO?	46	3fffffffffff
N??CA?oICGM?D_BOOW?	46	3fffffffffff
N??CA?oICGM?D_BOGW?	46	3fffffffffff
N??CA?oICGM?D_BO@W?	46	3fffffffffff
N??CA?oICGM?D_BOHC?	46	3ffffbbfeefff
N??CA?oICGM?D_BO@S?	46	3fffffffffff
N??CA?oICGM?D_BO?[?	46	3fffffffffff
N??CA?oICGM?D_BOOI?	46	3fffffffffff
N??CA?oICGM?D_BO?Y?	46	3fffffffffff
N??CA?oICGM?D_BOGE?	46	3ffffdefdefff
N??CA?oICGM?D_BO?M?	46	3fffffff0ffff
N??CA?oICGM?D_BOW@?	46	3fffffffffff
N??CA?oICGM?D_BOP@?	46	3fffffffffff
N??CA?oICGM?D_BOH@?	46	3fffffffffff
N??CA?oICGM?D_BOOP?	46	3fffffffffff
N??CA?oICGM?D_BOGP?	46	3fffffffffff
N??CA?oICGM?D_BO@P?	46	3fffffffffff
N??CA?oICGM?D_BOOH?	46	3fffffffffff
N??CA?oICGM?D_BO?X?	46	3fffffffffff
N??CA?oICGM?D_BO@D?	46	3fffffffffff
N??CA?oICGM?D_BO?T?	46	3fffffffffff
N??CA?oICGM?D_BO?L?	46	3fffffffffff
N??CA?oICGM?D_BOOB?	46	3fffffffffff
N??CA?oICGM?D_BO?R?	46	3fffffffffff
N??CA?oICGM?D_BO?J?	46	3fffffffffff
N??CA?oICGM?EOP_P_?	46	3fffffffffff
N??CA?oICGM?EOP_Oc?	46	3fffffffffff
N??CA?oICGM?EOP_?s?	46	3fffffffffff
N??CA?oICGM?EOP_?k?	46	3ffffdefdefff
N??CA?oICGM?EOP_P@?	46	3fffffffffff
N??CA?oICGM?EOP_OH?	46	3fffffffffff
N??CA?oICGM?EOP_OD?	46	3fffffffffff
N??CA?oICGM?EOP_OB?	46	3fffffffffff
N??CA?oICGM?EOB_Oa?	46	3fffffffffff
N??CA?oICGM?EOB_W@?	46	3fffffffffff
N??CA?oICGM?EOB_OH?	46	3fffffffffff
N??CA?oICGM?EOB_OD?	46	3fffffffffff
N??CA?oICGM?EOB_OB?	46	3fffffffffff
N??CA?oICGM?EO@oW_?	46	3fffffffffff
N??CA?oICGM?EO@oGo?	46	3fffffffffff
N??CA?oICGM?EO@oOa?	46	3fffffffffff
N??CA?oICGM?EO@oOQ?	46	3fffffffffff
N??CA?oICGM?EO@oW@?	46	3fffffffffff
N??CA?oICGM?EO@oP@?	46	3fffffffffff
N??CA?oICGM?EO@oOD?	46	3fffffffffff
N??CA?oICGM?EO@oOB?	46	3fffffffffff
N??CA?oICGM?EO@gX??	46	7ffffffffffb
N??CA?oICGM?EO@gW_?	46	3fffffffffff
N??CA?oICGM?EO@gH_?	46	3ffffbbfeefff
N??CA?oICGM?EO@gPO?	46	3fffffffffff
N??CA?oICGM?EO@g@o?	46	3fffffffffff
N??CA?oICGM?EO@gPG?	46	7fffffffefff
N??CA?oICGM?EO@gOg?	46	3fffffffffff
N??CA?oICGM?EO@g@g?	46	3ffffdefdefff
N??CA?oICGM?EO@gOW?	46	3fffffffffff
N??CA?oICGM?EO@g?w?	46	3fffffffffff
N??CA?oICGM?EO@gWA?	46	7fffffffefff
N??CA?oICGM?EO@gOa?	46	3fffffffffff
N??CA?oICGM?EO@gGa?	46	3ffffdefdefff
N??CA?oICGM?EO@gOI?	46	7ffffffdffff
N??CA?oICGM?EO@g?i?	46	3fffffff0ffff
N??CA?oICGM?EO@gW@?	46	3fffffffffff
N??CA?oICGM?EO@gP@?	46	3fffffffffff
N??CA?oICGM?EO@gOH?	46	3fffffffffff
N??CA?oICGM?EO@gOB?	46	3fffffffffff
N??CA?oICGM?EO@cOg?	46	3fffffffffff
N??CA?oICGM?EO@cOW?	46	3fffffffffff
N??CA?oICGM?EO@c?w?	46	3fffffffffff
N??CA?oICGM?EO@cOc?	46	3fffffffffff
N??CA?oICGM?EO@c?s?	46	3fffffffffff
N??CA?oICGM?EO@cW@?	46	3fffffffffff
N??CA?oICGM?EO@cP@?	46	3fffffffffff
N??CA?oICGM?EO@cOH?	46	3fffffffffff
N??CA?oICGM?EO@cOD?	46	3fffffffffff
N??CA?oICGM?DOQ_P_?	46	3fffffffffff
N??CA?oICGM?DOQ_Oo?	46	3fffffffffff
N??CA?oICGM?DOQ_?w?	46	3fffffffffff
N??CA?oICGM?DOQ_@K?	46	3defbfffdea94fcc
N??CA?oICGM?DOQ_?[?	46	3effffffffb7e
N??CA?oICGM?DOQ_P@?	46	3fffffffffff
N??CA?oICGM?DOQ_?p?	46	3fffffffffff
N??CA?oICGM?DOQ_OH?	46	3fffffffffff
N??CA?oICGM?DOQ_OD?	46	3fffffffffff
N??CA?oICGM?DOQ_?T?	46	3fffffffffff
N??CA?oICGM?DOQ_OB?	46	3fffffffffff
N??CA?oICGM?DOB_WO?	46	3fffffffffff
N??CA?oICGM?DOB_HG?	46	3ffffbbfeefff
N??CA?oICGM?DOB_GW?	46	3fffffffffff
N??CA?oICGM?DOB_WC?	46	3fffffffffff
N??CA?oICGM?DOB_HC?	46	3ffffbbfeefff
N??CA?oICGM?DOB_GK?	46	3ffffdefdefff
N??CA?oICGM?DOB_@K?	46	3ffffdefdefff
N??CA?oICGM?DOB_OQ?	46	3fffffffffff
N??CA?oICGM?DOB_OE?	46	3fffffffffff
N??CA?oICGM?DOB_GE?	46	3ffffdefdefff
N??CA?oICGM?DOB_?M?	46	3fffffff0ffff
N??CA?oICGM?DOB_P@?	46	3fffffffffff
N??CA?oICGM?DOB_GP?	46	3fffffffffff
N??CA?oICGM?DOB_@P?	46	3fffffffffff
N??CA?oICGM?DOB_?X?	46	3fffffffffff
N??CA?oICGM?DOB_@D?	46	3fffffffffff
N??CA?oICGM?DOB_?T?	46	3fffffffffff
N??CA?oICGM?DOB_OB?	46	3fffffffffff
N??CA?oICGM?DOB_?R?	46	3fffffffffff
N??CA?oICGM?DOAoX??	46	3fffffffffff
N??CA?oICGM?DOAoGo?	46	3fffffffffff
N??CA?oICGM?DOAoHC?	46	3defbfffdea94fcc
N??CA?oICGM?DOAoGS?	46	3effffffffb7e
N??CA?oICGM?DOAoW@?	46	3fffffffffff
N??CA?oICGM?DOAoP@?	46	3fffffffffff
N??CA?oICGM?DOAoOP?	46	3fffffffffff
N??CA?oICGM?DOAo?p?	46	3fffffffffff
N??CA?oICGM?DOAoOB?	46	3fffffffffff
N??CA?oICGM?DOAo?R?	46	3fffffffffff
N??CA?oICGM?DOAgW_?	46	3fffffffffff
N??CA?oICGM?DOAgH_?	46	3ffffbbfeefff
N??CA?oICGM?DOAgOo?	46	3fffffffffff
N??CA?oICGM?DOAg@o?	46	3fffffffffff
N??CA?oICGM?DOAgPG?	46	3fffffffffff
N??CA?oICGM?DOAgHG?	46	3defbfffdea94fcc
N??CA?oICGM?DOAg@g?	46	3ffffdefdefff
N??CA?oICGM?DOAgOW?	46	3fffffffffff
N??CA?oICGM?DOAgGW?	46	3effffffffb7e
N??CA?oICGM?DOAgWA?	46	3fffffffffff
N??CA?oICGM?DOAgOa?	46	3fffffffffff
N??CA?oICGM?DOAgGa?	46	3ffffdefdefff
N??CA?oICGM?DOAgOI?	46	3fffffffffff
N??CA?oICGM?DOAgW@?	46	3fffffffffff
N??CA?oICGM?DOAgP@?	46	3fffffffffff
N??CA?oICGM?DOAaX??	46	3fffffffffff
N??CA?oICGM?DOAaP_?	46	3fffffffffff
N??CA?oICGM?DOAaHO?	46	3fffffffffff
N??CA?oICGM?DOAaGo?	46	3fffffffffff
N??CA?oICGM?DOAaWG?	46	3fffffffffff
N??CA?oICGM?DOAaPG?	46	3fffffffffff
N??CA?oICGM?DOAaGg?	46	5fffdeffff7fd
N??CA?oICGM?DOAaOW?	46	3fffffffffff
N??CA?oICGM?DOAa@W?	46	3fffffffffff
N??CA?oICGM?DOAa?w?	46	3fffffffffff
N??CA?oICGM?DOAaWC?	46	3fffffffffff
N??CA?oICGM?DOAaPC?	46	3fffffffffff
N??CA?oICGM?DOAaHC?	46	3fffffffffff
N??CA?oICGM?DOAaOS?	46	3fffffffffff
N??CA?oICGM?DOAaGS?	46	3fffffffffff
N??CA?oICGM?DOAa@S?	46	3fffffffffff
N??CA?oICGM?DOAaGK?	46	3fdffffffb7fe
N??CA?oICGM?DOAa@K?	46	3fffffffffff
N??CA?oICGM?DOAaWA?	46	3fffffffffff
N??CA?oICGM?DOAaPA?	46	3fffffffffff
N??CA?oICGM?DOAaOa?	46	3fffffffffff
N??CA?oICGM?DOAaOQ?	46	3fffffffffff
N??CA?oICGM?DOAa?q?	46	3fffffffffff
N??CA?oICGM?DOAaOI?	46	3fffffffffff
N??CA?oICGM?DOAa@I?	46	3fffffffffff
N??CA?oICGM?DOAa?Y?	46	3fffffffffff
N??CA?oICGM?DOAaOE?	46	3fffffffffff
N??CA?oICGM?DOAaGE?	46	3fdffffffb7fe
N??CA?oICGM?DOAa?U?	46	3fffffffffff
N??CA?oICGM?QG@oQ_?	46	3fffffffffff
N??CA?oICGM?QG@oQ@?	46	7ffffffff7ff
N??CA?oICGM?QG@oP@?	46	7ffffffff7ff
N??CA?oICGM?QG@oOB?	46	7ffffffdffff
N??CA?oICGM?EG@oP_?	46	3ffff7dfdf7ff
N??CA?oICGM?EG@o@o?	46	3ffdffdfdff7f
N??CA?oICGM?EG@oPG?	46	7fffffffefff
N??CA?oICGM?EG@o@g?	46	3ffffdefdefff
N??CA?oICGM?EG@oWA?	46	3ffffffffe67f
N??CA?oICGM?EG@oOa?	46	3ffffef7ef7ff
N??CA?oICGM?EG@oGa?	46	3ffffdefdefff
N??CA?oICGM?EG@o?q?	46	3ffdffdfdff7f
N??CA?oICGM?EG@oP@?	46	ffffffff0e7ff
N??CA?oICGM?EG@oOB?	46	fffffbbfce7ff
N??CA?oICGM?DGAoX??	46	3fffffffffff
N??CA?oICGM?DGAoW_?	46	ffffffffeffe
N??CA?oICGM?DGAoP_?	46	3fffffffffff
N??CA?oICGM?DGAoPO?	46	3fffffffcff7d
N??CA?oICGM?DGAoHO?	46	3ffffffffffcc
N??CA?oICGM?DGAoOo?	46	3fffffffe6eff
N??CA?oICGM?DGAo@o?	46	3fffffffffff
N??CA?oICGM?DGAoPG?	46	ffffffffff7d
N??CA?oICGM?DGAoHG?	46	3defbfffdea94fcc
N??CA?oICGM?DGAo@g?	46	3ffffdefdefff
N??CA?oICGM?DGAoGW?	46	3effffffffb7e
N??CA?oICGM?DGAo@W?	46	feffffffff37c
N??CA?oICGM?DGAoWA?	46	7fffffffff7f
N??CA?oICGM?DGAoGa?	46	fffffdefce7ff
N??CA?oICGM?DGAoGQ?	46	3effffffffb7e
N??CA?oICGM?DGAoW@?	46	fffffffff77f
N??CA?oICGM?DGAoP@?	46	ffffffffeffb
N??CA?oICGM?DGAoGP?	46	3fffffffffff
N??CA?oICGM?DGAo?p?	46	3fffffffffe79
N??CA?oICGM?DGAo@H?	46	7fffffffefff
N??CA?oICGM?DGAoGB?	46	fffffffeefff
N??CA?oICGR?T?@oDC?	46	7ffffffeffff
N??CA?oICGR?T?@o@K?	46	3fffffffffff
N??CA?oICGR?T?@oKA?	46	3fffffffffff
N??CA?oICGR?T?@oCQ?	46	3fffffffffff
N??CA?oICGR?T?@oCI?	46	3fffffffffff
N??CA?oICGR?T?@o@I?	46	3fffffffffff
N??CA?oICGR?T?@oCE?	46	7fffffffefff
N??CA?oICGR?T?@o@E?	46	7fffffffefff
N??CA?oICGR?T?@o@D?	46	3fffffffffff
N??CA?oICGR?T?@oCB?	46	3fffffffffff
N??CA?oICGR?T??qKO?	46	3fffffffffff
N??CA?oICGR?T??qKC?	46	3fffffffffff
N??CA?oICGR?T??qHC?	46	3fffffffffff
N??CA?oICGR?T??q@c?	46	3fffffffffff
N??CA?oICGR?T??q@S?	46	3fffffffffff
N??CA?oICGR?T??qCK?	46	3fffffffffff
N??CA?oICGR?T??qKA?	46	3fffffffffff
N??CA?oICGR?T??qCa?	46	3fffffffffff
N??CA?oICGR?T??q@a?	46	3fffffffffff
N??CA?oICGR?T??qCQ?	46	3fffffffffff
N??CA?oICGR?T??q?q?	46	3fffffffffff
N??CA?oICGR?T??qCI?	46	3fffffffffff
N??CA?oICGR?T??qCE?	46	fffffffff7fe
N??CA?oICGR?T??q@E?	46	fffffffff7fe
N??CA?oICGR?S_POD_?	46	3fffffffffff
N??CA?oICGR?S_PO@o?	46	3ffff7dfdf7ff
N??CA?oICGR?S_POCW?	46	3fffffffffff
N??CA?oICGR?S_PODC?	46	fffffdefce7ff
N??CA?oICGR?S_PO@c?	46	3fffffffffff
N??CA?oICGR?S_PO@S?	46	3fff7fefdfeff
N??CA?oICGR?S_PO?s?	46	3ffffffffffd2
N??CA?oICGR?S_POCK?	46	3fffffffffff
N??CA?oICGR?S_PO@K?	46	3fffffffffff
N??CA?oICGR?S_PODA?	46	fffffdefce7ff
N??CA?oICGR?S_POCa?	46	3fffffffffff
N??CA?oICGR?S_PO@a?	46	3fffffffffff
N??CA?oICGR?S_POCQ?	46	3fff7fefdfeff
N??CA?oICGR?S_PO?q?	46	3fffffffffff
N??CA?oICGR?S_POCI?	46	3fffffffffff
N??CA?oICGR?S_POCD?	46	3fffffffffff
N??CA?oICGR?S_PO@D?	46	3fffffffffff
N??CA?oICGR?S_PO?T?	46	3ffffffffffcc
N??CA?oICGR?S_POCB?	46	3fffffffffff
N??CA?oICGR?S_PO@B?	46	3fffffffffff
N??CA?oICGR?S_HOH_?	46	3fffffffffff
N??CA?oICGR?S_HOHO?	46	3fffffffffff
N??CA?oICGR?S_HOGo?	46	3fffffffffff
N??CA?oICGR?S_HO@g?	46	3fffffffffff
N??CA?oICGR?S_HOGW?	46	3fffffffffff
N??CA?oICGR?S_HO@W?	46	3fffffffffff
N??CA?oICGR?S_HO?w?	46	3fffffffffff
N??CA?oICGR?S_HOHC?	46	3fffffffffff
N??CA?oICGR?S_HOGc?	46	3fffffffffff
N??CA?oICGR?S_HO@c?	46	3fffffffffff
N??CA?oICGR?S_HO@K?	46	3fffffffffff
N??CA?oICGR?S_HOGa?	46	3fffffffffff
N??CA?oICGR?S_HO?q?	46	3fffffffffff
N??CA?oICGR?S_HOGI?	46	3fffffffffff
N??CA?oICGR?S_HO?i?	46	3fffffffffff
N??CA?oICGR?S_HO?Y?	46	3fffffffffff
N??CA?oICGR?S_HO?e?	46	3fffffffffff
N??CA?oICGR?S_HO?U?	46	3fffffffffff
N??CA?oICGR?S_HO?M?	46	3fffffffffff
N??CA?oICGR?S_HOH@?	46	3fffffffffff
N??CA?oICGR?S_HOGP?	46	3fffffffffff
N??CA?oICGR?S_HO@P?	46	3fffffffffff
N??CA?oICGR?S_HO@H?	46	3fffffffffff
N??CA?oICGR?S_HO?X?	46	3fffffffffff
N??CA?oICGR?S_HOGD?	46	3fffffffffff
N??CA?oICGR?S_HO@D?	46	3fffffffffff
N??CA?oICGR?S_HO?d?	46	3fffffffffff
N??CA?oICGR?S_HO?L?	46	3fffffffffff
N??CA?oICGR?S_HOGB?	46	3fffffffffff
N??CA?oICGR?S_HO?b?	46	3fffffffffff
N??CA?oICGR?S_HO?J?	46	3fffffffffff
N??CA?oICGR?S_HO?F?	46	3fffffffffff
N??CA?oICGR?S_BOGo?	46	3ffff7dfdf7ff
N??CA?oICGR?S_BO?w?	46	3ffdffdfdff7f
N??CA?oICGR?S_BOKC?	46	3fffffffffff
N??CA?oICGR?S_BOGc?	46	3fffffffffff
N??CA?oICGR?S_BOCc?	46	3fffffffffff
N??CA?oICGR?S_BO?s?	46	3fffffffffff
N??CA?oICGR?S_BOGK?	46	3fffffffffff
N??CA?oICGR?S_BOCK?	46	3fffffffffff
N??CA?oICGR?S_BO?k?	46	3fffffffffff
N??CA?oICGR?S_BO?[?	46	3fffffffffff
N??CA?oICGR?S_BOKA?	46	3fffffffffff
N??CA?oICGR?S_BOGa?	46	3fffffffffff
N??CA?oICGR?S_BOCa?	46	3fffffffffff
N??CA?oICGR?S_BO?q?	46	3fffffffffff
N??CA?oICGR?S_BOCI?	46	3fffffffffff
N??CA?oICGR?S_BO?i?	46	3fffffffffff
N??CA?oICGR?S_BO?Y?	46	3fffffffffff
N??CA?oICGR?S_BOGE?	46	3fffffffffff
N??CA?oICGR?S_BO?e?	46	3fffffffffff
N??CA?oICGR?S_BO?U?	46	3fffffffffff
N??CA?oICGR?S_BO?M?	46	3fffffffffff
N??CA?oICGR?S_BOG`?	46	3fffffff0ffff
N??CA?oICGR?S_BOGP?	46	3fffffff0ffff
N??CA?oICGR?S_BO?X?	46	3ffffffe97fff
N??CA?oICGR?S_BOGD?	46	3fffffffffff
N??CA?oICGR?S_BOCD?	46	3fffffffffff
N??CA?oICGR?S_BO?d?	46	3fffffffffff
N??CA?oICGR?S_BO?L?	46	3fffffffffff
N??CA?oICGR?S_BOGB?	46	3fffffffffff
N??CA?oICGR?S_BO?J?	46	3fffffffffff
N??CA?oICGR?S_BO?F?	46	3fffffffffff
N??CA?oICGR?S_@oH_?	46	3ffff7dfdf7ff
N??CA?oICGR?S_@oDG?	46	3fffffffffff
N??CA?oICGR?S_@oDC?	46	3fffffffffff
N??CA?oICGR?S_@o@c?	46	3fffffffffff
N??CA?oICGR?S_@oCK?	46	3fffffffffff
N??CA?oICGR?S_@oKA?	46	3fffffffffff
N??CA?oICGR?S_@oDA?	46	3fffffffffff
N??CA?oICGR?S_@oGa?	46	3fffffffffff
N??CA?oICGR?S_@oCa?	46	3fffffffffff
N??CA?oICGR?S_@oGE?	46	3fffffffffff
N??CA?oICGR?S_@oK@?	46	3fffffffffff
N??CA?oICGR?S_@oH@?	46	3fffffff0ffff
N??CA?oICGR?D_WOH_?	46	7ffffffff7ff
N??CA?oICGR?D_WOHO?	46	7ffffffff7ff
N??CA?oICGR?D_WOGo?	46	ffffffffe7ff
N??CA?oICGR?D_WOGg?	46	3fffffffffff
N??CA?oICGR?D_WOHC?	46	7ffffffffffb
N??CA?oICGR?D_WOGc?	46	3fffffffffff
N??CA?oICGR?D_WOGS?	46	3fffffffffff
N??CA?oICGR?D_WOGa?	46	3fffffffffff
N??CA?oICGR?D_WOGQ?	46	3fffffffffff
N??CA?oICGR?D_WOGI?	46	7fffffffefff
N??CA?oICGR?D_WOGE?	46	7fffffffefff
N??CA?oICGR?D_WOH@?	46	7ffffffdffff
N??CA?oICGR?D_WOG`?	46	fffffffdf7ff
N??CA?oICGR?D_WOGP?	46	fffffffdf7ff
N??CA?oICGR?D_WOGH?	46	3fffffffffff
N??CA?oICGR?D_WOGD?	46	3fffffffffff
N??CA?oICGR?D_WOGB?	46	3fffffffffff
N??CA?oICGR?D_QOGo?	46	3ffff7dfdf7ff
N??CA?oICGR?D_QOGg?	46	3ffff7dfdf7ff
N??CA?oICGR?D_QOKC?	46	7ffffffffffb
N??CA?oICGR?D_QOGc?	46	3fffffffffff
N??CA?oICGR?D_QOGS?	46	3fffffffffff
N??CA?oICGR?D_QOKA?	46	7ffffffffffb
N??CA?oICGR?D_QOGa?	46	3fffffffffff
N??CA?oICGR?D_QOGI?	46	7fffffffefff
N??CA?oICGR?D_QOGE?	46	7fffffffefff
N??CA?oICGR?D_QOG`?	46	3fffffff0ffff
N??CA?oICGR?D_QOGP?	46	3fffffff0ffff
N??CA?oICGR?D_QOGD?	46	3fffffffffff
N??CA?oICGR?D_QOGB?	46	3fffffffffff
N??CA?oICGR?D_POKC?	46	3fffffffffff
N??CA?oICGR?D_POHC?	46	3fffffffffff
N??CA?oICGR?D_POKA?	46	7fffffffff7f
N??CA?oICGR?D_POHA?	46	3fffffffffff
N??CA?oICGR?D_POGP?	46	2ffdeff7fe70fccc
N??CA?oICGR?D_OoL??	46	3fffffffffff
N??CA?oICGR?D_OoH_?	46	3ffff7dfdf7ff
N??CA?oICGR?D_OoHC?	46	3fffffffffff
N??CA?oICGR?D_OoKA?	46	7fffffffff7f
N??CA?oICGR?D_OoGa?	46	3fffffffffff
N??CA?oICGR?D_OoG`?	46	2ffdeff7fe70fccc
N??CA?oICGR?SOP_@g?	46	3ffff7dfdf7ff
N??CA?oICGR?SOP_DC?	46	3fffffffef7fa
N??CA?oICGR?SOP_@K?	46	7fffffffefff
N??CA?oICGR?SOP_?k?	46	3ffffffffffd2
N??CA?oICGR?SOP_Ca?	46	3fffffffffff
N??CA?oICGR?SOP_@a?	46	3fffffffffff
N??CA?oICGR?SOP_CQ?	46	3fffffffffff
N??CA?oICGR?SOP_CI?	46	7fffffffefff
N??CA?oICGR?SOP_CP?	46	3fffffffffff
N??CA?oICGR?SOP_CH?	46	3fffffffffff
N??CA?oICGR?SOP_CD?	46	7ffffffff7ff
N??CA?oICGR?SOP_@D?	46	7ffffffff7ff
N??CA?oICGR?SOP_?L?	46	3ffffffffffcc
N??CA?oICGR?SOP_CB?	46	7ffffffff7ff
N??CA?oICGR?SOP_?J?	46	3fffffffffff
N??CA?oICGR?PG@oL??	46	3fffffffffff
N??CA?oICGR?PG@oF??	46	7ffffffeffff
N??CA?oICGR?PG@oDO?	46	3fffffffffff
N??CA?oICGR?PG@oEG?	46	3fffffffffff
N??CA?oICGR?PG@oDG?	46	3fffffffffff
N??CA?oICGR?PG@oBG?	46	3fffffffffff
N??CA?oICGR?PG@oHA?	46	3fffffffffff
N??CA?oICGR?PG@o@I?	46	3fffffffffff
N??CA?oICGR?PG@oD@?	46	3fffffffffff
N??CA?oICGR?PG@oB@?	46	3fffffffffff
N??CA?oICGR?PG@oCP?	46	3fffffffffff
N??CA?oICGR?PG@oGB?	46	3fffffffffff
N??CA?oICGR?PG?qM??	46	3fffffffffff
N??CA?oICGR?PG?qL??	46	3fffffffffff
N??CA?oICGR?PG?qD_?	46	3fffffffffff
N??CA?oICGR?PG?qB_?	46	3fffffffffff
N??CA?oICGR?PG?qKO?	46	3fffffffffff
N??CA?oICGR?PG?qIO?	46	3ffffffffffcc
N??CA?oICGR?PG?qDO?	46	3fffffffffff
N??CA?oICGR?PG?qEG?	46	3fffffffffff
N??CA?oICGR?PG?qDG?	46	3fffffffffff
N??CA?oICGR?PG?qEA?	46	fffffffff7fe
N??CA?oICGR?PG?qHA?	46	3fffffffffff
N??CA?oICGR?PG?qGa?	46	3fffffffffff
N??CA?oICGR?PG?qGQ?	46	3fffffffffff
N??CA?oICGR?PG?q@I?	46	3fffffffffff
N??CA?oICGR?OgPOE_?	46	3fffffffffff
N??CA?oICGR?OgPOD_?	46	3fffffffffff
N??CA?oICGR?OgPOB_?	46	3fffffffffff
N??CA?oICGR?OgPOEO?	46	3fff7fefdfeff
N??CA?oICGR?OgPODO?	46	3fff7fefdfeff
N??CA?oICGR?OgPOAo?	46	3ffffffffffd2
N??CA?oICGR?OgPO@o?	46	3fffffffffff
N??CA?oICGR?OgPODG?	46	3fffffffffff
N??CA?oICGR?OgPOBA?	46	fffffffe97e7f
N??CA?oICGR?OgPOCa?	46	3fffffffffff
N??CA?oICGR?OgPO@a?	46	3fffffffffff
N??CA?oICGR?OgPO?q?	46	3fffffffffff
N??CA?oICGR?OgPO?i?	46	3fffffffffff
N??CA?oICGR?OgPOE@?	46	3fffffffffff
N??CA?oICGR?OgPOD@?	46	3fffffffffff
N??CA?oICGR?OgPOB@?	46	3fffffffffff
N??CA?oICGR?OgPO@B?	46	3fffffffffff
N??CA?oICGR?OgHOJ??	46	3fffffffffff
N??CA?oICGR?OgHOI_?	46	3fffffffffff
N??CA?oICGR?OgHOH_?	46	3fffffffffff
N??CA?oICGR?OgHOB_?	46	3fffffffffff
N??CA?oICGR?OgHOHO?	46	3fffffffffff
N??CA?oICGR?OgHOGo?	46	3fffffffffff
N??CA?oICGR?OgHO@o?	46	3fffffffffff
N??CA?oICGR?OgHOHG?	46	3fffffffffff
N??CA?oICGR?OgHOBG?	46	3fffffffffff
N??CA?oICGR?OgHO@g?	46	3fffffffffff
N??CA?oICGR?OgHOGW?	46	3fffffffffff
N??CA?oICGR?OgHO@W?	46	3fffffffffff
N??CA?oICGR?OgHO?w?	46	3fffffffffff
N??CA?oICGR?OgHOIA?	46	3fffffffffff
N??CA?oICGR?OgHOGa?	46	3fffffffffff
N??CA?oICGR?OgHOAa?	46	3fffffffffff
N??CA?oICGR?OgHOAI?	46	3fffffffffff
N??CA?oICGR?OgHO?i?	46	3fffffffffff
N??CA?oICGR?OgHO?Y?	46	3fffffffffff
N??CA?oICGR?OgHOI@?	46	3fffffffffff
N??CA?oICGR?OgHOH@?	46	3fffffffffff
N??CA?oICGR?OgHOB@?	46	3fffffffffff
N??CA?oICGR?OgHOA`?	46	3fffffffffff
N??CA?oICGR?OgHO@`?	46	3fffffffffff
N??CA?oICGR?OgHOGP?	46	3fffffffffff
N??CA?oICGR?OgHOAH?	46	3fffffffffff
N??CA?oICGR?OgHO@H?	46	3fffffffffff
N??CA?oICGR?OgHO?X?	46	3fffffffffff
N??CA?oICGR?OgHOGB?	46	3fffffffffff
N??CA?oICGR?OgHOAB?	46	3fffffffffff
N??CA?oICGR?OgHO?R?	46	3fffffffffff
N??CA?oICGR?OgHO?J?	46	3fffffffffff
N??CA?oICGR?OgDOL??	46	3fffffffffff
N??CA?oICGR?OgDOK_?	46	3fffffffffff
N??CA?oICGR?OgDOH_?	46	3fffffffffff
N??CA?oICGR?OgDOD_?	46	3fffffffffff
N??CA?oICGR?OgDODO?	46	3fffffffffff
N??CA?oICGR?OgDOGo?	46	3ffffffffffd2
N??CA?oICGR?OgDOCo?	46	3fffffffffff
N??CA?oICGR?OgDO@o?	46	3fffffffffff
N??CA?oICGR?OgDOCg?	46	3fffffffffff
N??CA?oICGR?OgDOKA?	46	3fffffffffff
N??CA?oICGR?OgDOHA?	46	3fffffffffff
N??CA?oICGR?OgDOCa?	46	3fffffffffff
N??CA?oICGR?OgDO@a?	46	3fffffffffff
N??CA?oICGR?OgDOK@?	46	3fffffffffff
N??CA?oICGR?OgDOG`?	46	3ffffffffffcc
N??CA?oICGR?OgDOGP?	46	3ffffffffffcc
N??CA?oICGR?OgDOGB?	46	3fffffffffff
N??CA?oICGR?Og@oL??	46	3fffffffffff
N??CA?oICGR?Og@oF??	46	3fffffffffff
N??CA?oICGR?Og@oH_?	46	3fffffffffff
N??CA?oICGR?Og@oD_?	46	3fffffffffff
N??CA?oICGR?Og@oB_?	46	3fffffffffff
N??CA?oICGR?Og@oHG?	46	3fffffffffff
N??CA?oICGR?Og@oHA?	46	3fffffffffff
N??CA?oICGR?Og@oGa?	46	3fffffffffff
N??CA?oICGR?Og@o@a?	46	3fffffffffff
N??CA?oICGR?Og@oI@?	46	3ffffffffffcc
N??CA?oICGR?Og@oGB?	46	3fffffffffff
N??CA?oICGR?Og@SM??	46	3fffffffffff
N??CA?oICGR?Og@SI_?	46	3fffffffffff
N??CA?oICGR?Og@SGo?	46	3fffffffffff
N??CA?oICGR?Og@SAg?	46	3fffffffffff
N??CA?oICGR?Og@SI@?	46	3fffffffffff
N??CA?oICGR?Og@SG`?	46	3fffffffffff
N??CA?oICGR?Og@SGP?	46	3fffffffffff
N??CA?oICGR?@gWOJ??	46	7ffffffffffb
N??CA?oICGR?@gWOI_?	46	3fffffffffff
N??CA?oICGR?@gWOH_?	46	3fffffffffff
N??CA?oICGR?@gWOIO?	46	3fffffffffff
N??CA?oICGR?@gWOHO?	46	3fffffffffff
N??CA?oICGR?@gWOGo?	46	3fffffffffff
N??CA?oICGR?@gWOHG?	46	7fffffffefff
N??CA?oICGR?@gWOGg?	46	3fffffffffff
N??CA?oICGR?@gWOIA?	46	7fffffffefff
N??CA?oICGR?@gWOGa?	46	3fffffffffff
N??CA?oICGR?@gWOI@?	46	3fffffffffff
N??CA?oICGR?@gWOH@?	46	3fffffffffff
N??CA?oICGR?@gWOG`?	46	3fffffffffff
N??CA?oICGR?@gWOGP?	46	3fffffffffff
N??CA?oICGR?@gWOGH?	46	3fffffffffff
N??CA?oICGR?@gWOGB?	46	3fffffffffff
N??CA?oICGR?@gSOL??	46	7ffffffffffb
N??CA?oICGR?@gSOK_?	46	3fffffffffff
N??CA?oICGR?@gSOH_?	46	3fffffffffff
N??CA?oICGR?@gSOGo?	46	3ffffffffffd2
N??CA?oICGR?@gSOGg?	46	3ffffffffffd2
N??CA?oICGR?@gPOM??	46	3fffffffffff
N??CA?oICGR?@gPOL??	46	3fffffffffff
N??CA?oICGR?@gPOJ??	46	3fffffffffff
N??CA?oICGR?@gPOGP?	46	feffffffff37c
N??CA?oICGR?@gOoL??	46	3fffffffffff
N??CA?oICGR?@gOoH_?	46	3fffffffffff
N??CA?oICGR?@gOoKG?	46	3fffffffffff
N??CA?oICGR?@gOoKA?	46	3fffffffffff
N??CA?oICGR?@gOoGa?	46	3fffffffffff
N??CA?oICGR?@gOoG`?	46	feffffffff37c
N??CA?oICGR?@gOSL??	46	7fffffffefff
N??CA?oICGR?@gOSI_?	46	7ffffffffffd
N??CA?oICGR?@gOSGo?	46	7fffffffff7f
N??CA?oICGR?@gOSGg?	46	3fffffffffff
N??CA?oICGR?@gOSG`?	46	7ffffffffeff
N??CA?oICGR?OWP_D_?	46	3fffffffffff
N??CA?oICGR?OWP_B_?	46	3fffffffffff
N??CA?oICGR?OWP_DO?	46	3fffffffffff
N??CA?oICGR?OWP_DG?	46	7fffffffefff
N??CA?oICGR?OWP_Ag?	46	3ffffffffffd2
N??CA?oICGR?OWP_@W?	46	3fffffffffff
N??CA?oICGR?OWP_?i?	46	3fffffffffff
N??CA?oICGR?OWP_E@?	46	7ffffffff7ff
N??CA?oICGR?OWP_D@?	46	7ffffffff7ff
N??CA?oICGR?OWP_B@?	46	7ffffffff7ff
N??CA?oICGR?OWP_CH?	46	3fffffffffff
N??CA?oICGR?OWP_AH?	46	3ffffffffffcc
N??CA?oICGR?OWP_@H?	46	3fffffffffff
N??CA?oICGR?OWP_CB?	46	7ffffffdffff
N??CA?oICGR?OWP_@B?	46	fffffffdfffb
N??CA?oICGR?OWP_?J?	46	3fffffffffff
N??CA?oICGR?SAHO?Y?	46	3fffffffffff
N??CA?oICGR?SA@o@c?	46	3fffffffffff
N??CA?oICGR?SA@oCS?	46	3fffffffffff
N??CA?oICGR?SA@o@S?	46	3fffffffffff
N??CA?oICGR?SA@oCK?	46	3fffffffffff
N??CA?oICGR?SA@o@K?	46	3fffffffffff
N??CA?oICGR?SA@oKA?	46	7ffffffff7ff
N??CA?oICGR?SA@oCa?	46	3fffffffffff
N??CA?oICGR?SA@o@a?	46	3fffffffffff
N??CA?oICGR?SA@oCQ?	46	3fffffffffff
N??CA?oICGR?SA@o?q?	46	3fffffffffff
N??CA?oICGR?SA@oCI?	46	3fffffffffff
N??CA?oICGR?SA@o@I?	46	3fffffffffff
N??CA?oICGR?SA@oCE?	46	fffffffdf7ff
N??CA?oICGR?SA@o@E?	46	fffffffdf7ff
N??CA?oICGR?SA@SCW?	46	3fffffffffff
N??CA?oICGJ?F?_oCW?	46	3fffffffffff
N??CA?oICGJ?F?_oGc?	46	3fff7fefdfeff
N??CA?oICGJ?F?_oGS?	46	3fffffffffff
N??CA?oICGJ?F?_oCS?	46	3fffffffffff
N??CA?oICGJ?F?_oCK?	46	1ffffffffb7fe
N??CA?oICGJ?F?_o?k?	46	3fffffffffff
N??CA?oICGJ?F?_oGE?	46	3fefedefe76634fe
N??CA?oICGJ?F?_o?U?	46	3fffffffffff
N??CA?oICGJ?F?_o?M?	46	3ffdf7ffff77f
N??CA?oICGJ?F?_oGH?	46	3fffffff0ffff
N??CA?oICGJ?F?_oCH?	46	3fffffffffff
N??CA?oICGJ?F?_o?X?	46	3ffffffe97fff
N??CA?oICGJ?F?_o?L?	46	3fffffffffff
N??CA?oICGJ?F?OoOE?	46	3fffffffffff
N??CA?oICGJ?F?Oo?e?	46	3defbfffdea94fcc
N??CA?oICGJ?F?Oo?U?	46	3effffffffb7e
N??CA?oICGJ?F?Oo?M?	46	37ff6fdff9f0fb52
N??CA?oICGJ?F?Oo?p?	46	3ffffffe97fff
N??CA?oICGJ?F?OoOH?	46	3fffffff0ffff
N??CA?oICGJ?F?OoOD?	46	3fffffffffff
N??CA?oICGJ?F?Oo?d?	46	3bfffffbf7ffd
N??CA?oICGJ?F?Go?U?	46	3effffffffb7e
N??CA?oICGJ?F?Go?M?	46	37ff6fdff9f0fb52
N??CA?oICGJ?F?GoOP?	46	3fffffffffff
N??CA?oICGJ?F?GoOH?	46	3fffffffffff
N??CA?oICGJ?F?GoOD?	46	3fffffffffff
N??CA?oICGJ?F?@oOW?	46	3ffdffdfdff7f
N??CA?oICGJ?F?@oKC?	46	7fbffbbfeefff
N??CA?oICGJ?F?@oOS?	46	3fffffffffff
N??CA?oICGJ?F?@oGS?	46	3fffffffffff
N??CA?oICGJ?F?@oCK?	46	3ffffdefdefff
N??CA?oICGJ?F?@oOE?	46	3fffffffffff
N??CA?oICGJ?F?@oGE?	46	3ffffdefdefff
N??CA?oICGJ?F?@o?U?	46	3fffffffffff
N??CA?oICGJ?F?@o?M?	46	3fffffff0ffff
N??CA?oICGJ?F?@oW@?	46	3fffffff0ffff
N??CA?oICGJ?F?@oGP?	46	3ffffffe97fff
N??CA?oICGJ?F?@oOH?	46	3ffffffe97fff
N??CA?oICGJ?F?@o?X?	46	3ffffffe67fff
N??CA?oICGJ?F?@o?T?	46	3fffffffffff
N??CA?oICGJ?F?@o?L?	46	3fffffffffff
N??CA?oICGJ?F?@o?F?	46	3fffffffffff
N??CA?oICGJ?F??wW_?	46	3fffffffffff
N??CA?oICGJ?F??wSO?	46	3fffffffffff
N??CA?oICGJ?F??wKO?	46	3ffffffffffcc
N??CA?oICGJ?F??wOo?	46	3fffffffffff
N??CA?oICGJ?F??wGo?	46	3fffffffffff
N??CA?oICGJ?F??wCo?	46	3fffffffffff
N??CA?oICGJ?F??wSG?	46	3fffffffffff
N??CA?oICGJ?F??wOg?	46	3fffffffffff
N??CA?oICGJ?F??wCg?	46	3ffffdefdefff
N??CA?oICGJ?F??wGW?	46	3effffffffb7e
N??CA?oICGJ?F??wCW?	46	3effffffffb7e
N??CA?oICGJ?F??w?w?	46	3fffffffffff
N??CA?oICGJ?F??wWA?	46	3fffffffffff
N??CA?oICGJ?F??wOa?	46	3fffffffffff
N??CA?oICGJ?F??wGa?	46	3ffffdefdefff
N??CA?oICGJ?F??wGQ?	46	3effffffffb7e
N??CA?oICGJ?F??wCQ?	46	3effffffffb7e
N??CA?oICGJ?F??w?q?	46	3fffffffffff
N??CA?oICGJ?F??wOI?	46	3fffffffffff
N??CA?oICGJ?F??wGI?	46	37ff6fdff9f0fb52
N??CA?oICGJ?F??wCI?	46	37ff6fdff9f0fb52
N??CA?oICGJ?F??w?Y?	46	3bffbffffff7d
N??CA?oICGJ?F??wW@?	46	3fffffffffff
N??CA?oICGJ?F??wS@?	46	3fffffffffff
N??CA?oICGJ?F??wK@?	46	3fffffffffff
N??CA?oICGJ?F??wGP?	46	3fffffffffff
N??CA?oICGJ?F??wCP?	46	3fffffffffff
N??CA?oICGJ?F??w?p?	46	3fffffffffff
N??CA?oICGJ?F??wOH?	46	3fffffffffff
N??CA?oICGJ?F??wCH?	46	3fffffffffff
N??CA?oICGJ?F??w?X?	46	3fffffffffff
N??CA?oICGJ?F??wOB?	46	3fffffffffff
N??CA?oICGJ?F??w?R?	46	3fffffffffff
N??CA?oICGJ?F??qW_?	46	3fffffff0ffff
N??CA?oICGJ?F??qGo?	46	3ffffffe97fff
N??CA?oICGJ?F??qWG?	46	3fffffff0ffff
N??CA?oICGJ?F??qSG?	46	3fffffffffff
N??CA?oICGJ?F??qGW?	46	3ffffffe97fff
N??CA?oICGJ?F??qCW?	46	3fffffffffff
N??CA?oICGJ?F??qWC?	46	3fffffffffff
N??CA?oICGJ?F??qSC?	46	3fffffffffff
N??CA?oICGJ?F??qKC?	46	1ffffeffff7fd
N??CA?oICGJ?F??qGS?	46	3fffffffffff
N??CA?oICGJ?F??qCS?	46	3fffffffffff
N??CA?oICGJ?F??q?s?	46	3fffffffffff
N??CA?oICGJ?F??qOK?	46	3fffffffffff
N??CA?oICGJ?F??qCK?	46	3fffffffffff
N??CA?oICGJ?F??qOE?	46	3fffffffffff
N??CA?oICGJ?F??qGE?	46	3fff7fefdfeff
N??CA?oICGJ?F??q?e?	46	3fff7fefdfeff
N??CA?oICGJ?F??q?U?	46	3fffffffffff
N??CA?oICGJ?F??q?M?	46	3fffffffffff
N??CA?oICGJ?DOOoOo?	46	3faeffff75e937d2
N??CA?oICGJ?DOOoCo?	46	3fffffffffff
N??CA?oICGJ?DOOoPC?	46	3fffffffffff
N??CA?oICGJ?DOOoDC?	46	3defbfffdea94fcc
N??CA?oICGJ?DOOoCc?	46	3ffffdefdefff
N??CA?oICGJ?DOOo@c?	46	3ffffdefdefff
N??CA?oICGJ?DOOo@S?	46	3effffffffb7e
N??CA?oICGJ?DOOoSA?	46	3fffffffffff
N??CA?oICGJ?DOOoCa?	46	3ffffdefdefff
N??CA?oICGJ?DOOo@a?	46	3ffffdefdefff
N??CA?oICGJ?DOOoCQ?	46	3effffffffb7e
N??CA?oICGJ?DOOo?q?	46	3fffffffffff
N??CA?oICGJ?DOOo@E?	46	37ff6fdff9f0fb52
N??CA?oICGJ?DOOoS@?	46	3fffffffffff
N??CA?oICGJ?DOOoP@?	46	3fffffff0ffff
N??CA?oICGJ?DOOo?p?	46	3faeffff75e937d2
N??CA?oICGJ?DOOoOD?	46	3ffffffffffcc
N??CA?oICGJ?DOOo@D?	46	3fffffffffff
N??CA?oICGJ?DOOoCB?	46	3fffffffffff
N??CA?oICGJ?DOAoWA?	46	3fffffffffff
N??CA?oICGJ?DOAoGE?	46	37ff6fdff9f0fb52
N??CA?oICGJ?DOAoW@?	46	3fffffff0ffff
N??CA?oICGJ?DOAoS@?	46	3fffffffffff
N??CA?oICGJ?DOAoOD?	46	3fffffffffff
N??CA?oICGF?T?AoOE?	46	3fffffffffff
N??CA?oICGF?T?AoW@?	46	7ffffffffffe
N??CA?oICGF?T?AoOD?	46	3fffffffffff
N??CA?oICGF?T?@o@W?	46	3fffffffffff
N??CA?oICGF?T?@oGS?	46	3fffffffffff
N??CA?oICGF?T?@o@K?	46	3ffffdefdefff
N??CA?oICGF?T?@oOQ?	46	3fffffffffff
N??CA?oICGF?T?@oGQ?	46	3fffffffffff
N??CA?oICGF?T?@oOI?	46	3fffffffffff
N??CA?oICGF?T?@o?Y?	46	3fffffffffff
N??CA?oICGF?T?@o?M?	46	3fffffff0ffff
N??CA?oICGF?T?@oP@?	46	3fffffffffff
N??CA?oICGF?T?@o@P?	46	3fffffffffff
N??CA?oICGF?T?@o@H?	46	3fffffffffff
N??CA?oICGF?T?@o?T?	46	3fffffffffff
N??CA?oICGF?T?@oOB?	46	3fffffffffff
N??CA?oICGF?T?@o?R?	46	3fffffffffff
N??CA?oICGF?T?@o?J?	46	3fffffffffff
N??CA?oICGF?T??wW_?	46	7fffffffefff
N??CA?oICGF?T??wHO?	46	3ffffffffffcc
N??CA?oICGF?T??wOo?	46	7ffffffffeff
N??CA?oICGF?T??wPG?	46	3fffffffffff
N??CA?oICGF?T??wOg?	46	3fffffffffff
N??CA?oICGF?T??w@g?	46	3ffffdefdefff
N??CA?oICGF?T??wPA?	46	3fffffffffff
N??CA?oICGF?T??wOI?	46	3fffffffffff
N??CA?oICGF?T??wW@?	46	7ffffffff7ff
N??CA?oICGF?T??wP@?	46	3fffffffffff
N??CA?oICGF?T??sOo?	46	7ffffffffeff
N??CA?oICGF?T??sOg?	46	3fffffffffff
N??CA?oICGF?T??sPC?	46	3fffffffffff
N??CA?oICGF?T??sW@?	46	7ffffffff7ff
N??CA?oICGF?T??sP@?	46	3fffffffffff
N??CA?oICGF?T??sO`?	46	7fffffffff7f
N??CA?oICGF?T??qX??	46	3fffffffffff
N??CA?oICGF?T??qP_?	46	3fffffffffff
N??CA?oICGF?T??qH_?	46	3fffffffffff
N??CA?oICGF?T??qHO?	46	3fffffffffff
N??CA?oICGF?T??qPG?	46	7ffffffffffe
N??CA?oICGF?T??q@g?	46	3fffffffffff
N??CA?oICGF?T??q@W?	46	7ffffffffffe
N??CA?oICGF?T??qWC?	46	3fffffffffff
N??CA?oICGF?T??qPC?	46	ffffffffeffb
N??CA?oICGF?T??qHC?	46	1ffffeffff7fd
N??CA?oICGF?T??qGS?	46	3fffffffffff
N??CA?oICGF?T??qOK?	46	7fffffffff7f
N??CA?oICGF?T??qWA?	46	3fffffffffff
N??CA?oICGF?T??qOa?	46	3fffffffffff
N??CA?oICGF?T??qGa?	46	3fffffffffff
N??CA?oICGF?T??qOQ?	46	7fffffffff7f
N??CA?oICGF?T??qGQ?	46	3fffffffffff
N??CA?oICGF?T??q?q?	46	3fffffffffff
N??CA?oICGF?T??qOI?	46	7fffffffff7f
N??CA?oICGF?T??q?i?	46	3fffffffffff
N??CA?oICGF?T??q?Y?	46	7ffffffffffd
N??CA?oICGF?T??qOE?	46	fffffffff7fe
N??CA?oICGF?T??qGE?	46	3fff7fefdfeff
N??CA?oICGF?D_oOH_?	46	7ffffffffffb
N??CA?oICGF?D_oOHO?	46	3fffffffffff
N??CA?oICGF?D_oOHC?	46	3ffffffffe7f9
N??CA?oICGF?D_oOGc?	46	7fffffffefff
N??CA?oICGF?D_oOGS?	46	3fffffffffff
N??CA?oICGF?D_oOGa?	46	7fffffffefff
N??CA?oICGF?D_oOGQ?	46	3fffffffffff
N??CA?oICGF?D_oOGI?	46	7fffffffefff
N??CA?oICGF?D_oOGE?	46	3fffffffdef7e
N??CA?oICGF?D_oOH@?	46	7ffffffffffe
N??CA?oICGF?D_oOGD?	46	7ffffffff7ff
N??CA?oICGF?D_oOGB?	46	7ffffffff7ff
N??CA?oICGF?D_QOW@?	46	7ffffffffffe
N??CA?oICGF?D_POHO?	46	3fffffffffff
N??CA?oICGF?D_POWC?	46	3fffffffffff
N??CA?oICGF?D_POHC?	46	7ff7fbbfeefff
N??CA?oICGF?D_POGS?	46	3fffffffffff
N??CA?oICGF?D_POWA?	46	3fffffffffff
N??CA?oICGF?D_POGQ?	46	3fffffffffff
N??CA?oICGF?D_POGI?	46	3ffffdefdefff
N??CA?oICGF?D_POGE?	46	3ffffdefdefff
N??CA?oICGF?D_POH@?	46	3fffffffffff
N??CA?oICGF?D_POGB?	46	3fffffffffff
N??CA?oICGF?D_OSW_?	46	3fffffffffff
N??CA?oICGF?D_OSWO?	46	3fffffffffff
N??CA?oICGF?D_OSGo?	46	3fffffffffff
N??CA?oICGF?D_OSW@?	46	7ffffffff7ff
N??CA?oICGF?SOP_Oa?	46	3fffffffffff
N??CA?oICGF?SOP_OQ?	46	3fffffffffff
N??CA?oICGF?SOP_OI?	46	7fffffffefff
N??CA?oICGF?SOP_?i?	46	3ffffdefdefff
N??CA?oICGF?SOP_P@?	46	7ffffffffffe
N??CA?oICGF?SOP_OD?	46	7ffffffff7ff
N??CA?oICGF?SOP_OB?	46	7ffffffff7ff
N??CA?oICGF?SO@gX??	46	7ffffffffffb
N??CA?oICGF?SO@gW_?	46	3fffffffffff
N??CA?oICGF?SO@gH_?	46	3ffffbbfeefff
N??CA?oICGF?SO@gGo?	46	3fffffffffff
N??CA?oICGF?SO@gWA?	46	7fffffffefff
N??CA?oICGF?SO@gGa?	46	3ffffdefdefff
N??CA?oICGF?SO@gW@?	46	7ffffffff7ff
N??CA?oICGF?SG@oP@?	46	ffffffff0e7ff
N??CA?oICGF?QG@oQ@?	46	ffffffff0e7ff
N??CA?oICGF?DGOoHO?	46	3defbfffdea94fcc
N??CA?oICGW_F?CoDC?	46	fffffffef7ff
N??CA?oICGW_F?CoKA?	46	3fffffffffff
N??CA?oICGW_F?CoCQ?	46	3fffffffffff
N??CA?oICGW_F?CoCI?	46	3fffffffffff
N??CA?oICGW_F?Co?Y?	46	3fffffffffff
N??CA?oICGW_F?CoCE?	46	ffffffffe7ff
N??CA?oICGW_F?Co@E?	46	ffffffffe7ff
N??CA?oICGW_F?CoCH?	46	3fffffffffff
N??CA?oICGW_F?Co@D?	46	3fffffffffff
N??CA?oICGW_F?CoCB?	46	3fffffffffff
N??CA?oICGW_F??wL??	46	3fffffffffff
N??CA?oICGW_F??wF??	46	fffffffef7ff
N??CA?oICGW_F??wDO?	46	3fffffffffff
N??CA?oICGW_F??wDG?	46	3fffffffffff
N??CA?oICGW_F??wEA?	46	ffffffffe7ff
N??CA?oICGW_F??wCI?	46	3fffffffffff
N??CA?oICGW_F??w@I?	46	3fffffffffff
N??CA?oICGW_F??wD@?	46	3fffffffffff
N??CA?oICGW_F??wCH?	46	3fffffffffff
N??CA?oICGW_F??wAH?	46	1ffffffffb7fe
N??CA?oICGW_F??w?J?	46	3fffffffffff
N??CA?oICGW_D_QOF??	46	3fffffffffff
N??CA?oICGW_D_QOEG?	46	3fffffffffff
N??CA?oICGW_D_QODC?	46	3effffffffcfe
N??CA?oICGW_D_QOEA?	46	3ffff7dfdf7ff
N??CA?oICGW_D_QOCE?	46	3fffbffbf7f7f
N??CA?oICGW_D_QOCH?	46	3fffffffffff
N??CA?oICGW_D_QO?L?	46	3effffffffb7e
N??CA?oICGW_D_EOL??	46	3fffffffffff
N??CA?oICGW_D_EODC?	46	3bfffffbf7ffd
N??CA?oICGW_D_EOCK?	46	3fffffffffff
N??CA?oICGW_D_EO@K?	46	3fffffffffff
N??CA?oICGW_D_EOKA?	46	3fffffffffff
N??CA?oICGW_D_EODA?	46	3bfffffbf7ffd
N??CA?oICGW_D_EOCI?	46	3fffffffffff
N??CA?oICGW_D_EO?X?	46	3faeffff75e937d2
N??CA?oICGW_D_EOCB?	46	3fffffffffff
N??CA?oICGW_D_AoF??	46	3fffffffffff
N??CA?oICGW_D_AoDC?	46	3fffffffffff
N??CA?oICGW_D_AoEA?	46	3fffffffffff
N??CA?oICGW_D_AoB@?	46	3ffffffe97fff
N??CA?oICGW_D_AoCH?	46	3fffffffffff
N??CA?oICGW_D_AoGD?	46	3effffffffb7e
N??CA?oICGW_D_AoAB?	46	3fffffffffff
N??CA?oICGW_D_AWL??	46	3fffffffffff
N??CA?oICGW_D_AWF??	46	3bfffffbf7ffd
N??CA?oICGW_D_AWDO?	46	3fffffffffff
N??CA?oICGW_D_AWEG?	46	3fffffffffff
N??CA?oICGW_D_AWDG?	46	3ffffffffffd2
N??CA?oICGW_D_AWKA?	46	3fffffffffff
N??CA?oICGW_D_AWCI?	46	3ffffffffffe1
N??CA?oICGW_D_AW@I?	46	3fffffffff87f
N??CA?oICGW_D_AWD@?	46	3fffffffffff
N??CA?oICGW_D_AWGP?	46	3effffffffb7e
N??CA?oICGW_D_AWGH?	46	3effffffffb7e
N??CA?oICGW_D_AWCH?	46	3fffffffffff
N??CA?oICGW_D_AW@H?	46	3fffffffffff
N??CA?oICGW_D_ASM??	46	3fffffffffff
N??CA?oICGW_D_ASF??	46	3bfffffbf7ffd
N??CA?oICGW_D_ASEG?	46	3fffffffffff
N??CA?oICGW_D_ASHG?	46	3ffffffffffd2
N??CA?oICGW_D_ASBG?	46	3fffffffffff
N??CA?oICGW_D_ASCW?	46	3fffffffffff
N??CA?oICGW_D_ASDC?	46	3ffffffffffd2
N??CA?oICGW_D_ASCK?	46	3ffffffffffe1
N??CA?oICGW_D_ASAK?	46	3fffffffffff
N??CA?oICGW_D_ASE@?	46	3ffffffffffd2
N??CA?oICGW_D_ASD@?	46	3fffffffffff
N??CA?oICGW_D_ASAP?	46	2ffdeff7fe70fccc
N??CA?oICGW_D_ASCH?	46	3fffffffffff
N??CA?oICGW_D_AS@H?	46	1ffffffffb7fe
N??CA?oICGW_D_AQL??	46	3fffffffffff
N??CA?oICGW_D_AQF??	46	3fffffffffff
N??CA?oICGW_D_AQBO?	46	3ffffffe97fff
N??CA?oICGW_D_AQCW?	46	3fffffffffff
N??CA?oICGW_D_AQ@W?	46	3defbfffdea94fcc
N??CA?oICGW_D_AQDC?	46	3fffffffffff
N??CA?oICGW_D_AQGS?	46	3effffffffb7e
N??CA?oICGW_D_AQCK?	46	3fffffffffff
N??CA?oICGW_D_AQEA?	46	3fffffffffff
N??CA?oICGW_D_AQDA?	46	3fffffffffff
N??CA?oICGW_D_AQAQ?	46	3fffffffffff
N??CA?oICGW_D_AQCI?	46	3fffffffffff
N??CA?oICGW_D_AQCE?	46	3fffffffffff
N??CA?oICGW_D_AQ@E?	46	3fffffffffff
N??CA?oICGW_DOE_DC?	46	3fffffffffff
N??CA?oICGW_DOE_KA?	46	3fffffffffff
N??CA?oICGW_DOE_DA?	46	3fffffffffff
N??CA?oICGW_DOE_CQ?	46	3fffffffffff
N??CA?oICGW_DOE_CI?	46	3fffffffffff
N??CA?oICGW_DOE_CE?	46	3fffffffffff
N??CA?oICGW_DOE_D@?	46	3fffffffffff
N??CA?oICGW_DOE_CB?	46	3fffffffffff
N??CA?oICGW_DOE_?J?	46	3fffffffffff
N??CA?oICGW_DOAoL??	46	3fffffffffff
N??CA?oICGW_DOAoKC?	46	3fffffffffff
N??CA?oICGW_DOAoDC?	46	3fffffffffff
N??CA?oICGW_DOAoKA?	46	3fffffffffff
N??CA?oICGW_DOAoEA?	46	3fffffffffff
N??CA?oICGW_DOAoCE?	46	3fffffffffff
N??CA?oICGW_@oE_K@?	46	3fffffffdef7e
N??CA?oICGW_@oE_I@?	46	2ffdeff7fe70fccc
N??CA?oICGW_@oE_CH?	46	3ffffffff7efc
N??CA?oICGW_@oE_AH?	46	3faeffff75e937d2
N??CA?oICGW_@oE_GD?	46	feffffffff37c
N??CA?oICGW_@oE_?L?	46	dffffeffff77c
N??CA?oICGW_@oEAKO?	46	3fffffffdef7e
N??CA?oICGW_@oEAIO?	46	2ffdeff7fe70fccc
N??CA?oICGW_@oEABO?	46	3ffffffe97fff
N??CA?oICGW_@oEACW?	46	3ffffffff7efc
N??CA?oICGW_@oEAAW?	46	3faeffff75e937d2
N??CA?oICGW_@oEAGS?	46	feffffffff37c
N??CA?oICGW_@oEA?[?	46	dffffeffff77c
N??CA?oICGW_SAAoDC?	46	fffffffdf7ff
N??CA?oICGW_SAAoEA?	46	fffffffff77f
N??CA?oICGW_SAAoCE?	46	fffffffcffff
N??CA?oICGW_CQAoDC?	46	3fffffffffff
N??CA?oICGW_CQAoEA?	46	3fffffffffff
N??CA?oICGW_CQAoCQ?	46	3fffffffffff
N??CA?oICGW_CQAoCE?	46	3fffffffffff
N??CA?oICGW_@QE_KO?	46	3fffffffdef7e
N??CA?oICGW_@QE_IO?	46	2ffdeff7fe70fccc
N??CA?oICGW_@QE_EG?	46	3fffffffffff
N??CA?oICGW_@QE_CW?	46	3ffffffff7efc
N??CA?oICGW_@QE_AW?	46	3faeffff75e937d2
N??CA?oICGW_@QE_GS?	46	feffffffff37c
N??CA?oICGW_@QE_CK?	46	3ffffffffe7f9
N??CA?oICGW_@QE_?[?	46	dffffeffff77c
N??CA?oICGW_@QE_?M?	46	fffffffdf7ff
N??CA?oICGW_?qF?KO?	46	3fffffffdef7e
N??CA?oICGW_?qF?IO?	46	2ffdeff7fe70fccc
N??CA?oICGW_?qF?BO?	46	3ffffffe97fff
N??CA?oICGW_?qF?CW?	46	3ffffffff7efc
N??CA?oICGW_?qF?AW?	46	3faeffff75e937d2
N??CA?oICGW_?qF?GS?	46	feffffffff37c
N??CA?oICGW_?qF??[?	46	dffffeffff77c
N??CA?oICGK_QGCoAW?	46	3effffffffb7e
N??CA?oICGK_QGCoQA?	46	3fffffffffff
N??CA?oICGK_QGCoBA?	46	3defbfffdea94fcc
N??CA?oICGK_QGCo@I?	46	37ff6fdff9f0fb52
N??CA?oICGK_QGCoQ@?	46	3fffffffffff
N??CA?oICGK_QGCoO`?	46	7fffffffff7f
N??CA?oICGK_QGCoOP?	46	7fffffffff7f
N??CA?oICGK_QGCoAP?	46	3fffffffffff
N??CA?oICGK_QGCo?p?	46	7ffffffffffd
N??CA?oICGK_QGCoOH?	46	3fffffffffff
N??CA?oICGK_QGCoAH?	46	3fffffffffff
N??CA?oICGK_QGCo?X?	46	3fffffffffff
N??CA?oICGK_QGCoOB?	46	7fffffff7fff
N??CA?oICGK_AWCoOo?	46	3fffffffffff
N??CA?oICGK_AWCoQA?	46	3fffffffffff
N??CA?oICGK_AWCoHA?	46	37ff6fdff9f0fb52
N??CA?oICGK_AWCoW@?	46	3fffffffffff
N??CA?oICGK_AWCoQ@?	46	3fffffffffff
N??CA?oICGK_AWCoI@?	46	3fffffffffff
N??CA?oICGK_AWCoP@?	46	3fffffffffff
N??CA?oICGK_AWCoO`?	46	3fffffffffff
N??CA?oICGK_AWCoGP?	46	3fffffffffff
N??CA?oICGK_AWCo?p?	46	3fffffffffff
N??CA?oICGK_AWCoOB?	46	3fffffffffff
N??CA?oICGK_AWCoAB?	46	3fffffffffff
N??CA?oICGK_AWCo?R?	46	3fffffffffff
N??CA?oICGK_EACoW_?	46	3fffffffffff
N??CA?oICGK_EACoH_?	46	3fffffffffff
N??CA?oICGK_EACoHO?	46	3fffffffffff
N??CA?oICGK_EACoGo?	46	3fffffffffff
N??CA?oICGK_EACoOg?	46	3fffffffffff
N??CA?oICGK_EACo@W?	46	3fffffffffff
N??CA?oICGK_EACoWC?	46	3fffffffffff
N??CA?oICGK_EACoHC?	46	3fffffffffff
N??CA?oICGK_EACoOS?	46	3fffffffffff
N??CA?oICGK_EACoGS?	46	3fffffffffff
N??CA?oICGK_EACo@S?	46	3fffffffffff
N??CA?oICGK_EACoOK?	46	3fffffffffff
N??CA?oICGK_EACoGK?	46	3fffffffffff
N??CA?oICGK_EACo@K?	46	3fffffffffff
N??CA?oICGK_EACo?[?	46	3fffffffffff
N??CA?oICGK_EACoWA?	46	3fffffffffff
N??CA?oICGK_EACoOa?	46	3fffffffffff
N??CA?oICGK_EACoGa?	46	3fffffffffff
N??CA?oICGK_EACoOQ?	46	3fffffffffff
N??CA?oICGK_EACoGQ?	46	3fffffffffff
N??CA?oICGK_EACo?q?	46	3fffffffffff
N??CA?oICGK_EACoOI?	46	3fffffffffff
N??CA?oICGK_EACoGI?	46	3fffffffffff
N??CA?oICGK_EACo?i?	46	3fffffffffff
N??CA?oICGK_EACo?Y?	46	3fffffffffff
N??CA?oICGK_EACoOE?	46	3fffffffffff
N??CA?oICGK_EACo?U?	46	3fffffffffff
N??CA?oICGK_EACo?M?	46	3fffffffffff
N??CA?oICGK_CaaOJ??	46	3fffffffffff
N??CA?oICGK_CaaOH_?	46	3fffffffffff
N??CA?oICGK_CaaOBG?	46	3fffffffffff
N??CA?oICGK_CaaOGg?	46	3fffffffffff
N??CA?oICGK_CaaO?w?	46	3fffffffffff
N??CA?oICGK_CaaOHC?	46	3fffffffffff
N??CA?oICGK_CaaOGc?	46	3fffffffffff
N??CA?oICGK_CaaO@c?	46	3fffffffffff
N??CA?oICGK_CaaOGS?	46	3fffffffffff
N??CA?oICGK_CaaOAS?	46	3fffffffffff
N??CA?oICGK_CaaO@S?	46	3fffffffffff
N??CA?oICGK_CaaO?s?	46	3fffffffffff
N??CA?oICGK_CaaO?k?	46	3fffffffffff
N??CA?oICGK_CaaO?[?	46	3fffffffffff
N??CA?oICGK_CaaOIA?	46	3fffffffffff
N??CA?oICGK_CaaOHA?	46	3fffffffffff
N??CA?oICGK_CaaOBA?	46	3fffffffffff
N??CA?oICGK_CaaOGa?	46	3fffffffffff
N??CA?oICGK_CaaO@a?	46	3fffffffffff
N??CA?oICGK_CaaOGQ?	46	3fffffffffff
N??CA?oICGK_CaaOAQ?	46	3fffffffffff
N??CA?oICGK_CaaO@Q?	46	3fffffffffff
N??CA?oICGK_CaaOAI?	46	3fffffffffff
N??CA?oICGK_CaaO?i?	46	3fffffffffff
N??CA?oICGK_CaaO?Y?	46	3fffffffffff
N??CA?oICGK_CaaO@E?	46	3fffffffffff
N??CA?oICGK_CaaO?e?	46	3fffffffffff
N??CA?oICGK_CaaO?U?	46	3fffffffffff
N??CA?oICGK_CaaO?M?	46	3fffffffffff
N??CA?oICGK_CaEOX??	46	3fffffffffff
N??CA?oICGK_CaEOH_?	46	3fffffffffff
N??CA?oICGK_CaEOHO?	46	3fffffffffff
N??CA?oICGK_CaEOOg?	46	3fffffffffff
N??CA?oICGK_CaEO@W?	46	3fffffffffff
N??CA?oICGK_CaEOWC?	46	3fffffffffff
N??CA?oICGK_CaEOPC?	46	3fffffffffff
N??CA?oICGK_CaEOHC?	46	3fffffffffff
N??CA?oICGK_CaEO@c?	46	3fffffffffff
N??CA?oICGK_CaEOGS?	46	3fffffffffff
N??CA?oICGK_CaEO@S?	46	3fffffffffff
N??CA?oICGK_CaEOOK?	46	3fffffffffff
N??CA?oICGK_CaEOGK?	46	3fffffffffff
N??CA?oICGK_CaEO@K?	46	3fffffffffff
N??CA?oICGK_CaEO?[?	46	3fffffffffff
N??CA?oICGK_CaEOWA?	46	3fffffffffff
N??CA?oICGK_CaEOPA?	46	3fffffffffff
N??CA?oICGK_CaEOGa?	46	3fffffffffff
N??CA?oICGK_CaEOGQ?	46	3fffffffffff
N??CA?oICGK_CaEOOI?	46	3fffffffffff
N??CA?oICGK_CaEOGI?	46	3fffffffffff
N??CA?oICGK_CaEO?i?	46	3fffffffffff
N??CA?oICGK_CaEO?Y?	46	3fffffffffff
N??CA?oICGK_CaEOOE?	46	3fffffffffff
N??CA?oICGK_CaEO?U?	46	3fffffffffff
N??CA?oICGK_CaEO?M?	46	3fffffffffff
N??CA?oICGK_CaAWY??	46	3fffffffffff
N??CA?oICGK_CaAWX??	46	3fffffffffff
N??CA?oICGK_CaAWR??	46	3fffffffffff
N??CA?oICGK_CaAWJ??	46	3fffffffffff
N??CA?oICGK_CaAWW_?	46	3fffffffffff
N??CA?oICGK_CaAWP_?	46	3fffffffffff
N??CA?oICGK_CaAWIO?	46	3fffffffffff
N??CA?oICGK_CaAWPO?	46	3fffffffffff
N??CA?oICGK_CaAWHO?	46	3fffffffffff
N??CA?oICGK_CaAWBO?	46	3fffffffffff
N??CA?oICGK_CaAWGo?	46	3fffffffffff
N??CA?oICGK_CaAW@o?	46	3fffffffffff
N??CA?oICGK_CaAWQG?	46	3fffffffffff
N??CA?oICGK_CaAWIG?	46	3fffffffffff
N??CA?oICGK_CaAWPG?	46	3fffffffffff
N??CA?oICGK_CaAWOg?	46	3fffffffffff
N??CA?oICGK_CaAWGW?	46	3fffffffffff
N??CA?oICGK_CaAWAW?	46	3fffffffffff
N??CA?oICGK_CaAW?w?	46	3fffffffffff
N??CA?oICGK_CaAWQA?	46	3fffffffffff
N??CA?oICGK_CaAWPA?	46	3fffffffffff
N??CA?oICGK_CaAWOa?	46	3fffffffffff
N??CA?oICGK_CaAWGa?	46	3fffffffffff
N??CA?oICGK_CaAW@a?	46	3fffffffffff
N??CA?oICGK_CaAWAQ?	46	3fffffffffff
N??CA?oICGK_CaAW?q?	46	3fffffffffff
N??CA?oICGK_CaAWOI?	46	3fffffffffff
N??CA?oICGK_CaAWAI?	46	3fffffffffff
N??CA?oICGK_CaAW?Y?	46	3fffffffffff
N??CA?oICGK_CQQ_R??	46	3fffffffffff
N??CA?oICGK_CQQ_Q_?	46	3fffffffffff
N??CA?oICGK_CQQ_P_?	46	3fffffffffff
N??CA?oICGK_CQQ_B_?	46	3fffffffffff
N??CA?oICGK_CQQ_Oo?	46	3fffffffffff
N??CA?oICGK_CQQ_Ao?	46	3fffffffffff
N??CA?oICGK_CQQ_BG?	46	3fffffffffff
N??CA?oICGK_CQQ_AW?	46	3fffffffffff
N??CA?oICGK_CQQ_?w?	46	3fffffffffff
N??CA?oICGK_CQQ_PC?	46	3fffffffffff
N??CA?oICGK_CQQ_@c?	46	3fffffffffff
N??CA?oICGK_CQQ_@S?	46	3fffffffffff
N??CA?oICGK_CQQ_?s?	46	3fffffffffff
N??CA?oICGK_CQQ_@K?	46	3fffffffffff
N??CA?oICGK_CQQ_PA?	46	3fffffffffff
N??CA?oICGK_CQQ_@a?	46	3fffffffffff
N??CA?oICGK_CQE_X??	46	3fffffffffff
N??CA?oICGK_CQE_W_?	46	3fffffffffff
N??CA?oICGK_CQE_P_?	46	3fffffffffff
N??CA?oICGK_CQE_H_?	46	3fffffffffff
N??CA?oICGK_CQE_HO?	46	3fffffffffff
N??CA?oICGK_CQE_Go?	46	3fffffffffff
N??CA?oICGK_CQE_HG?	46	3fffffffffff
N??CA?oICGK_CQE_Og?	46	3fffffffffff
N??CA?oICGK_CQE_@g?	46	3fffffffffff
N??CA?oICGK_CQE_GW?	46	3fffffffffff
N??CA?oICGK_CQE_@W?	46	3fffffffffff
N??CA?oICGK_CQE_WC?	46	3fffffffffff
N??CA?oICGK_CQE_PC?	46	3fffffffffff
N??CA?oICGK_CQE_HC?	46	3fffffffffff
N??CA?oICGK_CQE_@c?	46	3fffffffffff
N??CA?oICGK_CQE_GS?	46	3fffffffffff
N??CA?oICGK_CQE_@S?	46	3fffffffffff
N??CA?oICGK_CQE_OK?	46	3fffffffffff
N??CA?oICGK_CQE_@K?	46	3fffffffffff
N??CA?oICGK_CQE_?k?	46	3fffffffffff
N??CA?oICGK_CQE_?[?	46	3fffffffffff
N??CA?oICGK_CQE_WA?	46	3fffffffffff
N??CA?oICGK_CQE_Oa?	46	3fffffffffff
N??CA?oICGK_CQE_GQ?	46	3fffffffffff
N??CA?oICGK_CQE_?q?	46	3fffffffffff
N??CA?oICGK_CQE_GI?	46	3fffffffffff
N??CA?oICGK_CQE_?Y?	46	3fffffffffff
N??CA?oICGK_CQE_OE?	46	3fffffffffff
N??CA?oICGK_CQE_?U?	46	3fffffffffff
N??CA?oICGK_CQE_?M?	46	3fffffffffff
N??CA?oICGK_CQAgY??	46	3fffffffffff
N??CA?oICGK_CQAgX??	46	3fffffffffff
N??CA?oICGK_CQAgJ??	46	3fffffffffff
N??CA?oICGK_CQAgW_?	46	3fffffffffff
N??CA?oICGK_CQAgP_?	46	3fffffffffff
N??CA?oICGK_CQAgH_?	46	3fffffffffff
N??CA?oICGK_CQAgIO?	46	3fffffffffff
N??CA?oICGK_CQAgGo?	46	3fffffffffff
N??CA?oICGK_CQAgQG?	46	3fffffffffff
N??CA?oICGK_CQAgPG?	46	3fffffffffff
N??CA?oICGK_CQAgHG?	46	3fffffffffff
N??CA?oICGK_CQAgBG?	46	3fffffffffff
N??CA?oICGK_CQAgAg?	46	3fffffffffff
N??CA?oICGK_CQAg@g?	46	3fffffffffff
N??CA?oICGK_CQAgOW?	46	3fffffffffff
N??CA?oICGK_CQAgGW?	46	3fffffffffff
N??CA?oICGK_CQAgAW?	46	3fffffffffff
N??CA?oICGK_CQAg?w?	46	3fffffffffff
N??CA?oICGK_CQAgQA?	46	3fffffffffff
N??CA?oICGK_CQAgOa?	46	3fffffffffff
N??CA?oICGK_CQAg@a?	46	3fffffffffff
N??CA?oICGK_CQAgGQ?	46	3fffffffffff
N??CA?oICGK_CQAgAQ?	46	3fffffffffff
N??CA?oICGK_CQAg?q?	46	3fffffffffff
N??CA?oICGK_CQAgOI?	46	3fffffffffff
N??CA?oICGK_CQAgAI?	46	3fffffffffff
N??CA?oICGK_CQAg?Y?	46	3fffffffffff
N??CA?oICGK_?qe?I_?	46	3fffffffffff
N??CA?oICGK_?qe?IO?	46	3fffffffffff
N??CA?oICGK_?qe?BG?	46	3fffffffffff
N??CA?oICGK_?qe?IC?	46	3fffffffffff
N??CA?oICGK_?qe?HC?	46	3fffffffffff
N??CA?oICGK_?qe?Gc?	46	3fffffffffff
N??CA?oICGK_?qe?Ac?	46	3fffffffffff
N??CA?oICGK_?qe?@c?	46	3fffffffffff
N??CA?oICGK_?qe?GS?	46	3fffffffffff
N??CA?oICGK_?qe?@S?	46	3fffffffffff
N??CA?oICGK_?qe?AK?	46	3fffffffffff
N??CA?oICGK_?qe?@K?	46	3fffffffffff
N??CA?oICGK_?qe?AE?	46	fffffffff7fe
N??CA?oICGK_?qe??e?	46	3fffffffffff
N??CA?oICGK_?qe??U?	46	3fffffffffff
N??CA?oICGK_?qe??M?	46	3fffffffffff
N??CA?oICGK_?qU?R??	46	3fffffffffff
N??CA?oICGK_?qU?Q_?	46	3fffffffffff
N??CA?oICGK_?qU?Ao?	46	3fffffffffff
N??CA?oICGK_?qU?QG?	46	3fffffffffff
N??CA?oICGK_?qU?AW?	46	3fffffffffff
N??CA?oICGK_?qU?QC?	46	3fffffffffff
N??CA?oICGK_?qU?PC?	46	3fffffffffff
N??CA?oICGK_?qU?Ac?	46	3fffffffffff
N??CA?oICGK_?qU?@c?	46	3fffffffffff
N??CA?oICGQ_U?AoGo?	46	3ffff7dfdf7ff
N??CA?oICGQ_U?AoGc?	46	3fffffffffff
N??CA?oICGQ_U?AoCc?	46	3fffffffffff
N??CA?oICGQ_U?AoCS?	46	3fffffffffff
N??CA?oICGQ_U?AoCK?	46	3fffffffffff
N??CA?oICGQ_U?Ao?k?	46	3fffffffffff
N??CA?oICGQ_U?AoGa?	46	3fffffffffff
N??CA?oICGQ_U?AoCQ?	46	3fffffffffff
N??CA?oICGQ_U?AoGI?	46	3fffffffffff
N??CA?oICGQ_U?AoCI?	46	3fffffffffff
N??CA?oICGQ_U?AoGE?	46	3fffffffffff
N??CA?oICGQ_U?Ao?e?	46	3fffffffffff
N??CA?oICGQ_U?Ao?U?	46	3fffffffffff
N??CA?oICGQ_U?Ao?M?	46	3fffffffffff
N??CA?oICGQ_U?AoGH?	46	3fffffff0ffff
N??CA?oICGQ_U?AoCH?	46	3fffffffffff
N??CA?oICGQ_U?Ao?h?	46	3ffffffe97fff
N??CA?oICGQ_U?AoGD?	46	3fffffffffff
N??CA?oICGQ_U?AoCD?	46	3fffffffffff
N??CA?oICGQ_U?Ao?L?	46	3fffffffffff
N??CA?oICGQ_U?AoGB?	46	3fffffffffff
N??CA?oICGQ_U?AoCB?	46	3fffffffffff
N??CA?oICGQ_U?Ao?J?	46	3fffffffffff
N??CA?oICGQ_U?Ao?F?	46	3fffffffffff
N??CA?oICGQ_R?OoDC?	46	3fffffffffff
N??CA?oICGQ_R?OoCK?	46	3fffffffffff
N??CA?oICGQ_R?OoEA?	46	3fffffffffff
N??CA?oICGQ_R?OoCE?	46	3fffffffffff
N??CA?oICGQ_R?OoCD?	46	3fffffffffff
N??CA?oICGQ_R?OoCB?	46	3fffffffffff
N??CA?oICGQ_R?AoKC?	46	3fffffffffff
N??CA?oICGQ_R?AoEC?	46	3fffffffffff
N??CA?oICGQ_R?AoCS?	46	3fffffffffff
N??CA?oICGQ_R?AoCK?	46	3fffffffffff
N??CA?oICGQ_R?AoEA?	46	3fffffffffff
N??CA?oICGQ_R?AoCE?	46	3fffffffffff
N??CA?oICGQ_R?AoAE?	46	3fffffffffff
N??CA?oICGQ_R?AoAP?	46	3ffffffe97fff
N??CA?oICGQ_R?AoAH?	46	3ffffffe97fff
N??CA?oICGQ_R?Ao?X?	46	3defbfffdea94fcc
N??CA?oICGQ_R?AoCD?	46	3fffffffffff
N??CA?oICGQ_R?AoAD?	46	3fffffffffff
N??CA?oICGQ_R?AoAB?	46	3fffffffffff
N??CA?oICGQ_R??sM??	46	3fffffffffff
N??CA?oICGQ_R??sF??	46	3fffffffffff
N??CA?oICGQ_R??sEG?	46	3fffffffffff
N??CA?oICGQ_R??sIC?	46	3fffffffffff
N??CA?oICGQ_R??sBC?	46	3fffffffffff
N??CA?oICGQ_R??sCK?	46	3fffffffffff
N??CA?oICGQ_R??sAK?	46	3fffffffffff
N??CA?oICGQ_R??sK@?	46	3fffffffffff
N??CA?oICGQ_R??sE@?	46	3fffffffffff
N??CA?oICGQ_R??sCP?	46	3fffffffffff
N??CA?oICGQ_R??sCH?	46	3fffffffffff
N??CA?oICGQ_R??s@H?	46	1ffffffffb7fe
N??CA?oICGQ_P_QOF??	46	3fffffffffff
N??CA?oICGQ_P_QODC?	46	3effffffffcfe
N??CA?oICGQ_P_QOCK?	46	3fffffffffff
N??CA?oICGQ_P_QOEA?	46	3ffff7dfdf7ff
N??CA?oICGQ_P_QOCE?	46	3fffbffbf7f7f
N??CA?oICGQ_P_IOJ??	46	3fffffffffff
N??CA?oICGQ_P_IOBG?	46	3fffffffffff
N??CA?oICGQ_P_IOIC?	46	3fffffffffff
N??CA?oICGQ_P_IOHC?	46	3fffffffffff
N??CA?oICGQ_P_IOBC?	46	3bfffffbf7ffd
N??CA?oICGQ_P_IO@S?	46	3fffffffffff
N??CA?oICGQ_P_IOGK?	46	3fffffffffff
N??CA?oICGQ_P_IOAK?	46	3fffffffffff
N??CA?oICGQ_P_IOIA?	46	3fffffffffff
N??CA?oICGQ_P_IOGQ?	46	3fffffffffff
N??CA?oICGQ_P_IOAI?	46	3fffffffffff
N??CA?oICGQ_P_IO@I?	46	3ffffffffffd2
N??CA?oICGQ_P_IO?Y?	46	3fffffffffff
N??CA?oICGQ_P_IOGE?	46	3fffffffffff
N??CA?oICGQ_P_IOAE?	46	3ffffffffffd2
N??CA?oICGQ_P_IO@E?	46	3ffffffffffd2
N??CA?oICGQ_P_IO?U?	46	3fffffffffff
N??CA?oICGQ_P_IOH@?	46	3fffffffffff
N??CA?oICGQ_P_IO@H?	46	3fffffffffff
N??CA?oICGQ_P_IO?X?	46	7fbfbffbf7f7f
N??CA?oICGQ_P_IOAD?	46	3ffff7dfdf7ff
N??CA?oICGQ_P_IO@D?	46	3fffffffffff
N??CA?oICGQ_P_IO?T?	46	7ffbfef7ef7ff
N??CA?oICGQ_P_IO?L?	46	3fffffffffff
N??CA?oICGQ_P_IOGB?	46	3fffffffffff
N??CA?oICGQ_P_IOAB?	46	3fffffffffff
N??CA?oICGQ_P_IO@B?	46	3fffffffffff
N??CA?oICGQ_P_IO?J?	46	3fffffffffff
N??CA?oICGQ_P_IO?F?	46	3fffffffffff
N??CA?oICGQ_P_EODC?	46	3bfffffbf7ffd
N??CA?oICGQ_P_EO@K?	46	3fffffffffff
N??CA?oICGQ_P_EOKA?	46	3fffffffffff
N??CA?oICGQ_P_EOCI?	46	3fffffffffff
N??CA?oICGQ_P_EO@I?	46	3fffffffffff
N??CA?oICGQ_P_EOGE?	46	3fffffffffff
N??CA?oICGQ_P_EOCE?	46	3ffffffffffd2
N??CA?oICGQ_P_EO@E?	46	3ffffffffffd2
N??CA?oICGQ_P_EOH@?	46	3fffffff0ffff
N??CA?oICGQ_P_EO@P?	46	3ffffffe97fff
N??CA?oICGQ_P_EO?X?	46	3faeffff75e937d2
N??CA?oICGQ_P_EO@D?	46	3fffffffffff
N??CA?oICGQ_P_EOCB?	46	3fffffffffff
N??CA?oICGQ_P_EO?J?	46	3fffffffffff
N??CA?oICGQ_P_AoDC?	46	3fffffffffff
N??CA?oICGQ_P_AoKA?	46	3fffffffffff
N??CA?oICGQ_P_AoCE?	46	3fffffffffff
N??CA?oICGQ_P_AoB@?	46	3ffffffe97fff
N??CA?oICGQ_P_AoCH?	46	3fffffffffff
N??CA?oICGQ_P_AoGD?	46	3effffffffb7e
N??CA?oICGQ_P_AoAB?	46	3fffffffffff
N??CA?oICGQ_P_AWL??	46	3fffffffffff
N??CA?oICGQ_P_AWF??	46	3bfffffbf7ffd
N??CA?oICGQ_P_AWDO?	46	3fffffffffff
N??CA?oICGQ_P_AWDG?	46	3ffffffffffd2
N??CA?oICGQ_P_AWEA?	46	3ffffffffffd2
N??CA?oICGQ_P_AW@I?	46	3fffffffff87f
N??CA?oICGQ_P_AWD@?	46	3fffffffffff
N??CA?oICGQ_P_AWB@?	46	3fffffffffff
N??CA?oICGQ_P_AWGP?	46	3effffffffb7e
N??CA?oICGQ_P_AWAH?	46	1ffffffffb7fe
N??CA?oICGQ_P_ASM??	46	3fffffffffff
N??CA?oICGQ_P_ASF??	46	3bfffffbf7ffd
N??CA?oICGQ_P_ASEG?	46	3fffffffffff
N??CA?oICGQ_P_ASKC?	46	3fffffffffff
N??CA?oICGQ_P_ASIC?	46	3fffbffbf7f7f
N??CA?oICGQ_P_ASDC?	46	3ffffffffffd2
N??CA?oICGQ_P_ASBC?	46	3ffffffffffd2
N??CA?oICGQ_P_ASAK?	46	3fffffffffff
N??CA?oICGQ_P_ASE@?	46	3ffffffffffd2
N??CA?oICGQ_P_ASAP?	46	2ffdeff7fe70fccc
N??CA?oICGQ_P_ASAH?	46	3fff7fefdfeff
N??CA?oICGQ_P_AQBO?	46	3ffffffe97fff
N??CA?oICGQ_P_AQBG?	46	3ffffffe97fff
N??CA?oICGQ_P_AQCW?	46	3fffffffffff
N??CA?oICGQ_P_AQ@W?	46	3defbfffdea94fcc
N??CA?oICGQ_P_AQDC?	46	3fffffffffff
N??CA?oICGQ_P_AQBC?	46	3fffffffffff
N??CA?oICGQ_P_AQGS?	46	3effffffffb7e
N??CA?oICGQ_P_AQCK?	46	3fffffffffff
N??CA?oICGQ_P_AQKA?	46	3fffffffffff
N??CA?oICGQ_P_AQEA?	46	3fffffffffff
N??CA?oICGQ_P_AQBA?	46	3fffffffffff
N??CA?oICGQ_P_AQAQ?	46	3fffffffffff
N??CA?oICGQ_P_AQCI?	46	3fffffffffff
N??CA?oICGQ_P_AQCE?	46	3fffffffffff
N??CA?oICGQ_B_WOJ??	46	7ffffffff7ff
N??CA?oICGQ_B_WOHG?	46	3bfffffbf7ffd
N??CA?oICGQ_B_WOIC?	46	3effffffffcfe
N??CA?oICGQ_B_WOHC?	46	3fffffffffff
N??CA?oICGQ_B_WOGS?	46	3fffffffffff
N??CA?oICGQ_B_WOGK?	46	3ffffffffffd2
N??CA?oICGQ_B_WOIA?	46	3fffffffffff
N??CA?oICGQ_B_WOGI?	46	3ffffffffffd2
N??CA?oICGQ_B_WOGE?	46	3ffffffffffd2
N??CA?oICGQ_B_WOI@?	46	fffffffdf7ff
N??CA?oICGQ_B_WOH@?	46	fffffffdefff
N??CA?oICGQ_B_WOGP?	46	3fffffffdef7e
N??CA?oICGQ_B_WOGD?	46	3fffffffffff
N??CA?oICGQ_B_WOGB?	46	3fffffffffff
N??CA?oICGQ_B_SOKA?	46	7fffffffff7f
N??CA?oICGQ_B_SOGE?	46	3fffffffffff
N??CA?oICGQ_B_SOH@?	46	3fffffff0ffff
N??CA?oICGQ_B_SOGP?	46	2ffdeff7fe70fccc
N??CA?oICGQ_B_SOGD?	46	3ffffffffffcc
N??CA?oICGQ_B_SOGB?	46	3fffffffffff
N??CA?oICGQ_B_QOKC?	46	7fffffffff7f
N??CA?oICGQ_B_QOGS?	46	3fffffffffff
N??CA?oICGQ_B_QOGQ?	46	3ffffffffffd2
N??CA?oICGQ_B_QOI@?	46	3fffffff0ffff
N??CA?oICGQ_B_QOGP?	46	37ff6fdff9f0fb52
N??CA?oICGQ_B_OoI@?	46	2ffdeff7fe70fccc
N??CA?oICGQ_B_OoH@?	46	37ff6fdff9f0fb52
N??CA?oICGQ_B_OoGD?	46	3effffffffb7e
N??CA?oICGQ_B_OWM??	46	3effffffffcfe
N??CA?oICGQ_B_OWL??	46	3fffffffffff
N??CA?oICGQ_B_OWKO?	46	3fffffffffff
N??CA?oICGQ_B_OWHO?	46	ffffffffeffe
N??CA?oICGQ_B_OWHA?	46	7ffffffffffd
N??CA?oICGQ_B_OWI@?	46	3ffffffffffcc
N??CA?oICGQ_B_OWGP?	46	feffffffff37c
N??CA?oICGQ_B_OSM??	46	3fffffffffff
N??CA?oICGQ_B_OSHO?	46	3ffffffffffd2
N??CA?oICGQ_B_OSKC?	46	3ffffffffffd2
N??CA?oICGQ_B_OSIC?	46	7ffffffffffd
N??CA?oICGQ_B_OSI@?	46	fffffffff7fd
N??CA?oICGQ_B_OSH@?	46	3ffffffffffcc
N??CA?oICGQ_B_OSGP?	46	ffffffffff74c
N??CA?oICGQ_B_OQM??	46	3fffffffffff
N??CA?oICGQ_B_OQIO?	46	2ffdeff7fe70fccc
N??CA?oICGQ_B_OQHO?	46	37ff6fdff9f0fb52
N??CA?oICGQ_B_OQKC?	46	ffffffff7f7f
N??CA?oICGQ_B_OQKA?	46	fffffffef7ff
N??CA?oICGQ_POQ_DG?	46	3fffffffffff
N??CA?oICGQ_POQ_DC?	46	ffffffffe7ff
N??CA?oICGQ_POQ_CK?	46	3fffffffffff
N??CA?oICGQ_POQ_EA?	46	ffffffffeffe
N??CA?oICGQ_POQ_CI?	46	3fffffffffff
N??CA?oICGQ_POQ_CE?	46	fffffffdf7ff
N??CA?oICGQ_QGAoK_?	46	3fffffffffff
N??CA?oICGQ_QGAoI_?	46	3fffffffffff
N??CA?oICGQ_QGAoE_?	46	3fffffffffff
N??CA?oICGQ_QGAoCo?	46	3fffffffffff
N??CA?oICGQ_QGAoIG?	46	3fffffffffff
N??CA?oICGQ_QGAoEG?	46	3fffffffffff
N??CA?oICGQ_QGAoGg?	46	3fffffffffff
N??CA?oICGQ_QGAoCg?	46	3fffffffffff
N??CA?oICGQ_QGAoAg?	46	3fffffffffff
N??CA?oICGQ_QGAo?w?	46	3fffffffffff
N??CA?oICGQ_QGAoGa?	46	3fffffffffff
N??CA?oICGQ_QGAoAa?	46	3fffffffffff
N??CA?oICGQ_QGAo?q?	46	3fffffffffff
N??CA?oICGQ_QGAoC`?	46	3fffffffffff
N??CA?oICGQ_SAAoH_?	46	3fffffff0ffff
N??CA?oICGQ_SAAoDG?	46	3fffffffffff
N??CA?oICGQ_SAAoGg?	46	2ffdeff7fe70fccc
N??CA?oICGQ_SAAoDC?	46	fffffffdefff
N??CA?oICGQ_SAAo@c?	46	3fffffffffff
N??CA?oICGQ_SAAoDA?	46	fffffffdefff
N??CA?oICGQ_SAAoCa?	46	ffffffffe7ff
N??CA?oICGQ_SAAo@a?	46	3fffffffffff
N??CA?oICGQ_SAAoCI?	46	3fffffffffff
N??CA?oICGQ_SAAo@I?	46	ffffffffff7d
N??CA?oICGQ_QAAoEG?	46	3fffffffffff
N??CA?oICGQ_QAAoGW?	46	37ff6fdff9f0fb52
N??CA?oICGQ_QAAoCc?	46	3fffffffffff
N??CA?oICGQ_QAAoAc?	46	3fffffffffff
N??CA?oICGQ_QAAoCS?	46	3fffffffffff
N??CA?oICGQ_QAAoCK?	46	3fffffffffff
N??CA?oICGQ_QAAoAK?	46	3fffffffffff
N??CA?oICGQ_QAAo?[?	46	3fffffffffff
N??CA?oICGQ_QAAoEA?	46	3fffffffffff
N??CA?oICGQ_QAAoAa?	46	3fffffffffff
N??CA?oICGQ_QAAoCQ?	46	3fffffffffff
N??CA?oICGQ_QAAoCE?	46	3fffffffffff
N??CA?oICGQ_EAOoH_?	46	3fffffff0ffff
N??CA?oICGQ_EAOoGo?	46	2ffdeff7fe70fccc
N??CA?oICGQ_EAOoKA?	46	ffffffff7ffb
N??CA?oICGQ_PAAoL??	46	3fffffffffff
N??CA?oICGQ_PAAoJ??	46	3fffffff0ffff
N??CA?oICGQ_PAAoBO?	46	3ffffffe97fff
N??CA?oICGQ_PAAoCW?	46	3fffffffffff
N??CA?oICGQ_PAAoKC?	46	fffffffff77f
N??CA?oICGQ_PAAoEC?	46	3ffffffffe67f
N??CA?oICGQ_PAAoDC?	46	3fffffffdef7e
N??CA?oICGQ_PAAoBC?	46	7fffffffff7f
N??CA?oICGQ_PAAoGS?	46	3effffffffb7e
N??CA?oICGQ_PAAoCK?	46	7ffffffffffd
N??CA?oICGQ_PAAoKA?	46	7ffffffff7ff
N??CA?oICGQ_PAAoEA?	46	3ffffffffe67f
N??CA?oICGQ_PAAoBA?	46	7fffffffff7f
N??CA?oICGQ_PAAoAQ?	46	3fffffffffff
N??CA?oICGQ_PAAoCI?	46	ffffffffff7d
N??CA?oICGQ_PAAoCE?	46	3fffffffd77fd
N??CA?oICGQ_BAOoM??	46	3fffffffffff
N??CA?oICGQ_BAOoL??	46	3fffffffffff
N??CA?oICGQ_BAOoJ??	46	3fffffff0ffff
N??CA?oICGQ_BAOoIO?	46	2ffdeff7fe70fccc
N??CA?oICGQ_BAOoHO?	46	37ff6fdff9f0fb52
N??CA?oICGQ_BAOoKC?	46	3ffffffff7f7a
N??CA?oICGQ_BAOoIC?	46	3ffffffffffcc
N??CA?oICGQ_OaU?CI?	46	7fffffff7fff
N??CA?oICGQ_OaIOJ??	46	3fffffffffff
N??CA?oICGQ_OaIOHO?	46	3fffffffffff
N??CA?oICGQ_OaIOIG?	46	3fffffffffff
N??CA?oICGQ_OaIOBG?	46	3fffffffffff
N??CA?oICGQ_OaIO@g?	46	3fffffffffff
N??CA?oICGQ_OaIOGW?	46	3ffff7dfdf7ff
N??CA?oICGQ_OaIO@W?	46	3fffffffffff
N??CA?oICGQ_OaIO?w?	46	7fbfbffbf7f7f
N??CA?oICGQ_OaIOHC?	46	3fffffffffff
N??CA?oICGQ_OaIO@c?	46	3fffffffffff
N??CA?oICGQ_OaIO@S?	46	3fffffffffff
N??CA?oICGQ_OaIO@K?	46	3ffffffffffcc
N??CA?oICGQ_OaIO?k?	46	3fffffffffff
N??CA?oICGQ_OaIOHA?	46	3bffbffffff7d
N??CA?oICGQ_OaIO@a?	46	3fffffffffff
N??CA?oICGQ_OaIO@I?	46	3ffffffffffcc
N??CA?oICGQ_OaEOL??	46	3fffffffffff
N??CA?oICGQ_OaEO@o?	46	3ffffffe97fff
N??CA?oICGQ_OaEO?w?	46	3faeffff75e937d2
N??CA?oICGQ_OaEOKC?	46	3fffffffffff
N??CA?oICGQ_OaEODC?	46	2ffeffffffefb
N??CA?oICGQ_OaEO@c?	46	3fffffffffff
N??CA?oICGQ_OaEOKA?	46	3fffffffffff
N??CA?oICGQ_OaEOHA?	46	3fffffffffff
N??CA?oICGQ_OaEODA?	46	2ffeffffffefb
N??CA?oICGQ_OaEOCa?	46	3fffffffffff
N??CA?oICGQ_OaEOCI?	46	3fffffffffff
N??CA?oICGQ_OaEO?i?	46	3fffffffffff
N??CA?oICGQ_OaEOGE?	46	3fffffffffff
N??CA?oICGQ_OaBOBO?	46	3ffffffe97fff
N??CA?oICGQ_OaBOBG?	46	3ffffffe97fff
N??CA?oICGQ_OaBOCW?	46	3fffffffffff
N??CA?oICGQ_OaBODC?	46	3fffffffffff
N??CA?oICGQ_OaBOBC?	46	3fffffffffff
N??CA?oICGQ_OaBOGS?	46	3effffffffb7e
N??CA?oICGQ_OaBOCK?	46	3fffffffffff
N??CA?oICGQ_OaBO?[?	46	1ffffeffff7fd
N??CA?oICGQ_OaBOEA?	46	3fffffffffff
N??CA?oICGQ_OaBOBA?	46	3fffffffffff
N??CA?oICGQ_OaBOAQ?	46	3fffffffffff
N??CA?oICGQ_OaBOCI?	46	3fffffffffff
N??CA?oICGQ_OaBOCE?	46	3fffffffffff
N??CA?oICGQ_OaBO?U?	46	3fffffffffff
N??CA?oICGQ_OaAoL??	46	3fffffffffff
N??CA?oICGQ_OaAoB_?	46	3ffffffe97fff
N??CA?oICGQ_OaAoCg?	46	3fffffffffff
N??CA?oICGQ_OaAo@g?	46	3defbfffdea94fcc
N??CA?oICGQ_OaAoDC?	46	3fffffffffff
N??CA?oICGQ_OaAoGc?	46	3effffffffb7e
N??CA?oICGQ_OaAoCK?	46	3fffffffffff
N??CA?oICGQ_OaAo?k?	46	1ffffeffff7fd
N??CA?oICGQ_OaAoEA?	46	3fffffffffff
N??CA?oICGQ_OaAoDA?	46	3fffffffffff
N??CA?oICGQ_OaAoAa?	46	3fffffffffff
N??CA?oICGQ_OaAoCI?	46	3fffffffffff
N??CA?oICGQ_OaAoCE?	46	3fffffffffff
N??CA?oICGQ_OaAo?e?	46	3fffffffffff
N??CA?oICGQ_OaAWM??	46	3fffffffffff
N??CA?oICGQ_OaAWL??	46	3fffffffffff
N??CA?oICGQ_OaAWJ??	46	3fffffffffff
N??CA?oICGQ_OaAWF??	46	2ffeffffffefb
N??CA?oICGQ_OaAWD_?	46	3fffffffffff
N??CA?oICGQ_OaAWB_?	46	3fffffffffff
N??CA?oICGQ_OaAWDO?	46	3fffffffffff
N??CA?oICGQ_OaAWAg?	46	1ffffffffb7fe
N??CA?oICGQ_OaAWGW?	46	3effffffffb7e
N??CA?oICGQ_OaAWCW?	46	3fffffffffff
N??CA?oICGQ_OaAW@W?	46	3fffffffffff
N??CA?oICGQ_OaAW?w?	46	5fffdeffff7fd
N??CA?oICGQ_OaAWHA?	46	3fffffffffff
N??CA?oICGQ_OaAW?q?	46	3fffffffffff
N??CA?oICGQ_OaAWCI?	46	3ffffffffffe1
N??CA?oICGQ_OaAW@I?	46	3fffffffff87f
N??CA?oICGQ_AaSOL??	46	7ffffffdffff
N??CA?oICGQ_AaSOGo?	46	2ffdeff7fe70fccc
N??CA?oICGQ_AaSOHG?	46	3fffffff0ffff
N??CA?oICGQ_AaSOGg?	46	2ffdeff7fe70fccc
N??CA?oICGQ_AaSOKA?	46	7fffffff7fff
N??CA?oICGQ_AaSOGa?	46	3fffffffffff
N??CA?oICGQ_AaPOM??	46	3fffffffffff
N??CA?oICGQ_AaPOIO?	46	2ffdeff7fe70fccc
N??CA?oICGQ_AaPOHO?	46	37ff6fdff9f0fb52
N??CA?oICGQ_AaPOKC?	46	ffffffff7f7f
N??CA?oICGQ_AaPOKA?	46	fffffffef7ff
N??CA?oICGQ_AaPOGQ?	46	3ffffffffffcc
N??CA?oICGQ_AaOWM??	46	3bffbffffff7d
N??CA?oICGQ_AaOWL??	46	3fffffffffff
N??CA?oICGQ_AaOWI_?	46	3ffffffffffcc
N??CA?oICGQ_AaOWHO?	46	fffffffff7fd
N??CA?oICGQ_AaOWGo?	46	feffffffff37c
N??CA?oICGQ_AaOWHA?	46	7ffffffffffb
N??CA?oICGQ_AaOWGI?	46	3ffffffff87ff
N??CA?oICGQ_OQQ_F??	46	7ffffffffffe
N??CA?oICGQ_OQQ_DC?	46	fffffffdf7ff
N??CA?oICGQ_OQQ_CS?	46	3fffffffffff
N??CA?oICGQ_OQQ_EA?	46	fffffffff77f
N??CA?oICGQ_OQQ_CQ?	46	3fffffffffff
N??CA?oICGQ_OQQ_CE?	46	fffffffcffff
N??CA?oICGI_R?_oDC?	46	3fff7fefdfeff
N??CA?oICGI_R?_oCK?	46	3fffffffffff
N??CA?oICGI_R?_oCE?	46	3ffffffe67fff
N??CA?oICGI_R?CoDG?	46	3ffffbbfeefff
N??CA?oICGI_R?CoOW?	46	3faeffff75e937d2
N??CA?oICGI_R?CoCW?	46	3fffffffffff
N??CA?oICGI_R?Co@W?	46	3ffdffdfdff7f
N??CA?oICGI_R?CoDC?	46	3ffffbbfeefff
N??CA?oICGI_R?CoCI?	46	3ffffdefdefff
N??CA?oICGI_R?CoCE?	46	3ffffdefdefff
N??CA?oICGI_R?Co@E?	46	3ffffdefdefff
N??CA?oICGI_R?CoCP?	46	3fffffffffff
N??CA?oICGI_R?Co@P?	46	3ffffffe97fff
N??CA?oICGI_R?Co?X?	46	3faeffff75e937d2
N??CA?oICGI_R?Co@D?	46	3fffffffffff
N??CA?oICGI_R?Co?T?	46	1ffffffffb7fe
N??CA?oICGI_R?Co?L?	46	1ffffffffb7fe
N??CA?oICGI_R?CoCB?	46	3fffffffffff
N??CA?oICGI_R?Co@B?	46	3fffffffffff
N??CA?oICGI_R?Co?R?	46	3fffffffffff
N??CA?oICGI_R?Co?J?	46	3fffffffffff
N??CA?oICGI_R??wF??	46	3ffffbbfeefff
N??CA?oICGI_R??wDG?	46	3ffffdefdefff
N??CA?oICGI_R??wOW?	46	3effffffffcfe
N??CA?oICGI_R??wD@?	46	3fffffffffff
N??CA?oICGI_R??wB@?	46	3fffffffffff
N??CA?oICGI_R??qU??	46	3fffffffffff
N??CA?oICGI_R??qR??	46	3fffffff0ffff
N??CA?oICGI_R??qEO?	46	3fffffffffff
N??CA?oICGI_R??qBO?	46	3ffffffe97fff
N??CA?oICGI_R??qBG?	46	3ffffffe97fff
N??CA?oICGI_R??qSC?	46	3fffffffffff
N??CA?oICGI_R??qDC?	46	3fffffffffff
N??CA?oICGI_R??qBC?	46	3fffffffffff
N??CA?oICGI_F?_oDC?	46	3ff8ffe76cfdf6e1
N??CA?oICGI_F?_oKA?	46	3fff7fefdfeff
N??CA?oICGI_F?_oCQ?	46	3fffffffffff
N??CA?oICGI_F?_oCI?	46	3fffffffffff
N??CA?oICGI_F?_oCE?	46	3fefedefe76634fe
N??CA?oICGI_F?_o@E?	46	3fefedefe76634fe
N??CA?oICGI_F?_oH@?	46	3fffffff0ffff
N??CA?oICGI_F?_oCH?	46	3fffffffffff
N??CA?oICGI_F?_o@H?	46	3ffffffe97fff
N??CA?oICGI_F?_o?X?	46	3faeffff75e937d2
N??CA?oICGI_F?_oGD?	46	3ffffffffffcc
N??CA?oICGI_F?_o@D?	46	3effffffffcfe
N??CA?oICGI_F?_o?L?	46	1ffffffffb7fe
N??CA?oICGI_F?_oCB?	46	3effffffffcfe
N??CA?oICGI_F?OoOW?	46	3faeffff75e937d2
N??CA?oICGI_F?OoDC?	46	3ffdbf739b7ee87d
N??CA?oICGI_F?OoCI?	46	3ffffdefdefff
N??CA?oICGI_F?Oo@E?	46	3defbfffdea94fcc
N??CA?oICGI_F?Oo@P?	46	3ffffffe97fff
N??CA?oICGI_F?Oo?X?	46	3faeffff75e937d2
N??CA?oICGI_F?OoOD?	46	3ffffffffffcc
N??CA?oICGI_F?OoCD?	46	3bfffffbf7ffd
N??CA?oICGI_F?Oo@D?	46	3bfffffbf7ffd
N??CA?oICGI_F?Oo?T?	46	1ffffffffb7fe
N??CA?oICGI_F?OoCB?	46	3bfffffbf7ffd
N??CA?oICGI_F?Oo@B?	46	3bfffffbf7ffd
N??CA?oICGI_F?GoOW?	46	3fffffffffff
N??CA?oICGI_F?Go@W?	46	3fffffffffff
N??CA?oICGI_F?GoHC?	46	3ffffbbfeefff
N??CA?oICGI_F?Go@S?	46	3fffffffffff
N??CA?oICGI_F?Go@K?	46	3ffffdefdefff
N??CA?oICGI_F?GoOQ?	46	3fffffffffff
N??CA?oICGI_F?GoGQ?	46	3fffffffffff
N??CA?oICGI_F?GoOI?	46	3fffffffffff
N??CA?oICGI_F?GoGE?	46	3ffffdefdefff
N??CA?oICGI_F?Go@E?	46	3ffffdefdefff
N??CA?oICGI_F?GoW@?	46	3fffffffffff
N??CA?oICGI_F?GoP@?	46	3fffffffffff
N??CA?oICGI_F?GoGP?	46	3fffffffffff
N??CA?oICGI_F?Go@P?	46	3fffffffffff
N??CA?oICGI_F?GoOH?	46	3fffffffffff
N??CA?oICGI_F?Go@H?	46	3fffffffffff
N??CA?oICGI_F?Go?X?	46	3fffffffffff
N??CA?oICGI_F?Go@D?	46	3fffffffffff
N??CA?oICGI_F?Go?T?	46	3fffffffffff
N??CA?oICGI_F?GoOB?	46	3fffffffffff
N??CA?oICGI_F?Go?R?	46	3fffffffffff
N??CA?oICGI_F?AoWO?	46	3ffff7dfdf7ff
N??CA?oICGI_F?AoOW?	46	3ffdffdfdff7f
N??CA?oICGI_F?AoKC?	46	3ffffbbfeefff
N??CA?oICGI_F?AoOS?	46	3fffffffffff
N??CA?oICGI_F?AoGS?	46	3fffffffffff
N??CA?oICGI_F?AoCS?	46	3fffffffffff
N??CA?oICGI_F?AoCK?	46	3ffffdefdefff
N??CA?oICGI_F?AoKA?	46	3ffffbbfeefff
N??CA?oICGI_F?AoCI?	46	3ffffdefdefff
N??CA?oICGI_F?Ao?Y?	46	3fffffffffff
N??CA?oICGI_F?AoOE?	46	3fffffffffff
N??CA?oICGI_F?AoGE?	46	3ffffdefdefff
N??CA?oICGI_F?AoCE?	46	3ffffdefdefff
N??CA?oICGI_F?Ao?U?	46	3fffffffffff
N??CA?oICGI_F?Ao?M?	46	3fffffff0ffff
N??CA?oICGI_F?AoW@?	46	3fffffff0ffff
N??CA?oICGI_F?AoGP?	46	3ffffffe97fff
N??CA?oICGI_F?AoOH?	46	3ffffffe97fff
N??CA?oICGI_F?Ao?X?	46	3ffffffe67fff
N??CA?oICGI_F?AoCD?	46	3fffffffffff
N??CA?oICGI_F?Ao?T?	46	3fffffffffff
N??CA?oICGI_F?Ao?L?	46	3fffffffffff
N??CA?oICGI_F?Ao?R?	46	3fffffffffff
N??CA?oICGI_F?Ao?J?	46	3fffffffffff
N??CA?oICGI_F?Ao?F?	46	3fffffffffff
N??CA?oICGI_F??wT??	46	3fffffffffff
N??CA?oICGI_F??wL??	46	3ffffbbfeefff
N??CA?oICGI_F??wSO?	46	3fffffffffff
N??CA?oICGI_F??wHO?	46	3fffffffffff
N??CA?oICGI_F??wDO?	46	3fffffffffff
N??CA?oICGI_F??wDG?	46	3ffffdefdefff
N??CA?oICGI_F??wOW?	46	1ffffffffcffe
N??CA?oICGI_F??wCW?	46	3fffffffffff
N??CA?oICGI_F??w@W?	46	3fffffffffff
N??CA?oICGI_F??wKA?	46	3ffffdefdefff
N??CA?oICGI_F??wHA?	46	3ffffdefdefff
N??CA?oICGI_F??wDA?	46	3ffffdefdefff
N??CA?oICGI_F??w@Q?	46	3fffffffffff
N??CA?oICGI_F??w@I?	46	3fffffff0ffff
N??CA?oICGI_F??wW@?	46	3ffffffffffcc
N??CA?oICGI_F??wD@?	46	3fffffffffff
N??CA?oICGI_F??wGP?	46	1ffffffffb7fe
N??CA?oICGI_F??wCP?	46	3fffffffffff
N??CA?oICGI_F??w@P?	46	3fffffffffff
N??CA?oICGI_F??wOH?	46	1ffffffffb7fe
N??CA?oICGI_F??wCH?	46	3fffffffffff
N??CA?oICGI_F??w@H?	46	3fffffffffff
N??CA?oICGI_F??w?X?	46	3ffdf7ffff77f
N??CA?oICGI_F??sL??	46	3ffffbbfeefff
N??CA?oICGI_F??sSO?	46	3fffffffffff
N??CA?oICGI_F??sKO?	46	3fffffffffff
N??CA?oICGI_F??sSG?	46	3fffffffffff
N??CA?oICGI_F??sDG?	46	3ffffdefdefff
N??CA?oICGI_F??sOW?	46	3fffffffffff
N??CA?oICGI_F??sCW?	46	3fffffffffff
N??CA?oICGI_F??sHC?	46	3ffffdefdefff
N??CA?oICGI_F??sDC?	46	3ffffdefdefff
N??CA?oICGI_F??sOS?	46	3fffffffffff
N??CA?oICGI_F??s@S?	46	3fffffffffff
N??CA?oICGI_F??s@K?	46	3fffffff0ffff
N??CA?oICGI_F??sW@?	46	3fffffffffff
N??CA?oICGI_F??sS@?	46	3fffffffffff
N??CA?oICGI_F??sOP?	46	3fffffffffff
N??CA?oICGI_F??sGP?	46	3fffffffffff
N??CA?oICGI_F??sCP?	46	3fffffffffff
N??CA?oICGI_F??s@P?	46	3fffffffffff
N??CA?oICGI_F??sOH?	46	3fffffffffff
N??CA?oICGI_F??s?X?	46	3fffffffffff
N??CA?oICGI_F??sOD?	46	3fffffffffff
N??CA?oICGI_F??s@D?	46	3fffffffffff
N??CA?oICGI_F??s?T?	46	3fffffffffff
N??CA?oICGI_F??q[??	46	3fffffffffff
N??CA?oICGI_F??qX??	46	3fffffff0ffff
N??CA?oICGI_F??qT??	46	3fffffffffff
N??CA?oICGI_F??qKO?	46	3fffffffffff
N??CA?oICGI_F??qHO?	46	3ffffffe97fff
N??CA?oICGI_F??qSG?	46	3fffffffffff
N??CA?oICGI_F??qDG?	46	3fffffffffff
N??CA?oICGI_F??qWC?	46	3ffffffffffcc
N??CA?oICGI_F??qDC?	46	3ffffffe97fff
N??CA?oICGI_F??qGS?	46	1ffffffffb7fe
N??CA?oICGI_F??q@S?	46	3fffffffffff
N??CA?oICGI_F??qOK?	46	1ffffffffb7fe
N??CA?oICGI_F??q@K?	46	3fffffffffff
N??CA?oICGI_F??qWA?	46	3fffffffffff
N??CA?oICGI_F??qSA?	46	3fffffffffff
N??CA?oICGI_F??qKA?	46	3fffffffffff
N??CA?oICGI_F??qCQ?	46	3fffffffffff
N??CA?oICGI_F??q@Q?	46	3fffffffffff
N??CA?oICGI_F??qOI?	46	3fffffffffff
N??CA?oICGI_F??qCI?	46	3fffffffffff
N??CA?oICGI_F??qOE?	46	3fffffffffff
N??CA?oICGI_F??q@E?	46	3fff7fefdfeff
N??CA?oICGI_CoQ_DG?	46	3ffffffffffcc
N??CA?oICGI_CoQ_Og?	46	3faeffff75e937d2
N??CA?oICGI_CoQ_Cg?	46	3fffffffffff
N??CA?oICGI_CoQ_@g?	46	3ffdffdfdff7f
N??CA?oICGI_CoQ_SA?	46	3fffffffffff
N??CA?oICGI_CoQ_DA?	46	3ffffffffffcc
N??CA?oICGI_CoQ_CI?	46	3effffffffb7e
N??CA?oICGI_CoQ_OH?	46	2ffdeff7fe70fccc
N??CA?oICGI_CoQ_CB?	46	3fffffffffff
N??CA?oICGI_CoB_WG?	46	3faeffff75e937d2
N??CA?oICGI_CoB_SG?	46	3fffffffffff
N??CA?oICGI_CoB_PG?	46	3ffdffdfdff7f
N??CA?oICGI_CoB_KC?	46	3fffffffffff
N??CA?oICGI_CoB_PC?	46	3fffffffffff
N??CA?oICGI_CoB_DC?	46	3fffffffffff
N??CA?oICGI_CoB_GK?	46	1ffffffffcffe
N??CA?oICGI_CoB_SA?	46	3fffffffffff
N??CA?oICGI_CoB_DA?	46	3fffffffffff
N??CA?oICGI_CoQOOo?	46	3faeffff75e937d2
N??CA?oICGI_CoQOCo?	46	3fffffffffff
N??CA?oICGI_CoQO@o?	46	3ffdffdfdff7f
N??CA?oICGI_CoQOPC?	46	3fffffffffff
N??CA?oICGI_CoQODC?	46	3defbfffdea94fcc
N??CA?oICGI_CoQOCc?	46	3ffffdefdefff
N??CA?oICGI_CoQO@c?	46	3ffffdefdefff
N??CA?oICGI_CoQO?s?	46	1ffffffffcffe
N??CA?oICGI_CoQOSA?	46	3fffffffffff
N??CA?oICGI_CoQODA?	46	3defbfffdea94fcc
N??CA?oICGI_CoQOCa?	46	3ffffdefdefff
N??CA?oICGI_CoQO?q?	46	3fffffffffff
N??CA?oICGI_CoQO@E?	46	37ff6fdff9f0fb52
N??CA?oICGI_CoQOS@?	46	3fffffffffff
N??CA?oICGI_CoQOP@?	46	3fffffff0ffff
N??CA?oICGI_CoQOO`?	46	2ffdeff7fe70fccc
N??CA?oICGI_CoQOOD?	46	3ffffffffffcc
N??CA?oICGE_U?AoOK?	46	3fffffffffff
N??CA?oICGE_U?Ao?U?	46	3effffffffb7e
N??CA?oICGE_U?Ao?M?	46	37ff6fdff9f0fb52
N??CA?oICGE_U?AoW@?	46	3fffffffffff
N??CA?oICGE_U?AoOP?	46	3fffffffffff
N??CA?oICGE_U?Ao?p?	46	3fffffffffff
N??CA?oICGE_U?AoOH?	46	3fffffffffff
N??CA?oICGE_U?AoOD?	46	3fffffffffff
N??CA?oICGE_U?AoOB?	46	3fffffffffff
N??CA?oICGE_U??wW_?	46	3fffffffffff
N??CA?oICGE_U??wP_?	46	3fffffffffff
N??CA?oICGE_U??wWO?	46	3fffffffffff
N??CA?oICGE_U??wPO?	46	3fffffffffff
N??CA?oICGE_U??wHO?	46	3ffffffffffcc
N??CA?oICGE_U??wOo?	46	3fffffffffff
N??CA?oICGE_U??wGo?	46	3fffffffffff
N??CA?oICGE_U??w@o?	46	3fffffffffff
N??CA?oICGE_U??wPG?	46	3fffffffffff
N??CA?oICGE_U??wOg?	46	3fffffffffff
N??CA?oICGE_U??w@g?	46	3ffffdefdefff
N??CA?oICGE_U??w@W?	46	3effffffffb7e
N??CA?oICGE_U??wWA?	46	3fffffffffff
N??CA?oICGE_U??wOa?	46	3fffffffffff
N??CA?oICGE_U??wGa?	46	3ffffdefdefff
N??CA?oICGE_U??wGQ?	46	3effffffffb7e
N??CA?oICGE_U??w@Q?	46	3effffffffb7e
N??CA?oICGE_U??wOI?	46	3fffffffffff
N??CA?oICGE_U??w@I?	46	37ff6fdff9f0fb52
N??CA?oICGE_U??w?i?	46	3fffffff0ffff
N??CA?oICGE_U??w?Y?	46	3bffbffffff7d
N??CA?oICGE_U??wW@?	46	3fffffffffff
N??CA?oICGE_U??wP@?	46	3fffffffffff
N??CA?oICGE_U??wGP?	46	3fffffffffff
N??CA?oICGE_U??w@P?	46	3fffffffffff
N??CA?oICGE_U??w?p?	46	3fffffffffff
N??CA?oICGE_U??wOH?	46	3fffffffffff
N??CA?oICGE_U??wGH?	46	3fffffffffff
N??CA?oICGE_U??w@H?	46	3fffffffffff
N??CA?oICGE_U??wOB?	46	3fffffffffff
N??CA?oICGE_U??wGB?	46	3fffffffffff
N??CA?oICGE_U??sWO?	46	3fffffffffff
N??CA?oICGE_U??sOS?	46	3fffffffffff
N??CA?oICGE_U??sGS?	46	3effffffffb7e
N??CA?oICGE_U??s@S?	46	3effffffffb7e
N??CA?oICGE_U??sOK?	46	3fffffffffff
N??CA?oICGE_U??s@K?	46	37ff6fdff9f0fb52
N??CA?oICGE_U??sW@?	46	3fffffffffff
N??CA?oICGE_U??sP@?	46	3fffffffffff
N??CA?oICGE_U??sOP?	46	3fffffffffff
N??CA?oICGE_U??sGP?	46	3fffffffffff
N??CA?oICGE_U??s?p?	46	3fffffffffff
N??CA?oICGE_U??sOH?	46	3fffffffffff
N??CA?oICGE_U??sOD?	46	3fffffffffff
N??CA?oICGE_S_aOH_?	46	3fffffffffff
N??CA?oICGE_S_aOHO?	46	3fffffffffff
N??CA?oICGE_S_aO@g?	46	3fffffffffff
N??CA?oICGE_S_aOGW?	46	3fffffffffff
N??CA?oICGE_S_aO@W?	46	3fffffffffff
N??CA?oICGE_S_aO?w?	46	3fffffffffff
N??CA?oICGE_S_aOHC?	46	3fffffffffff
N??CA?oICGE_S_aOGc?	46	3fffffffffff
N??CA?oICGE_S_aO@c?	46	3fffffffffff
N??CA?oICGE_S_aO@K?	46	3fffffffffff
N??CA?oICGE_S_aO?k?	46	3fffffffffff
N??CA?oICGE_S_aOHA?	46	3fffffffffff
N??CA?oICGE_S_aO?Y?	46	3fffffffffff
N??CA?oICGE_S_aOGE?	46	3fffffffffff
N??CA?oICGE_S_aO?e?	46	3fffffffffff
N??CA?oICGE_S_aO?M?	46	3fffffffffff
N??CA?oICGE_S_aOH@?	46	3fffffffffff
N??CA?oICGE_S_aOG`?	46	3fffffffffff
N??CA?oICGE_S_aOGP?	46	3fffffffffff
N??CA?oICGE_S_aO@P?	46	3fffffffffff
N??CA?oICGE_S_aOGH?	46	3fffffffffff
N??CA?oICGE_S_aO@H?	46	3fffffffffff
N??CA?oICGE_S_aO?h?	46	3fffffffffff
N??CA?oICGE_S_aO?X?	46	3fffffffffff
N??CA?oICGE_S_aO@D?	46	3fffffffffff
N??CA?oICGE_S_aO?d?	46	3fffffffffff
N??CA?oICGE_S_aO?T?	46	3fffffffffff
N??CA?oICGE_S_aO?L?	46	3fffffffffff
N??CA?oICGE_S_aOGB?	46	3fffffffffff
N??CA?oICGE_S_aO?R?	46	3fffffffffff
N??CA?oICGE_S_aO?J?	46	3fffffffffff
N??CA?oICGE_S_QOP_?	46	3fffffffffff
N??CA?oICGE_S_QO?w?	46	3fffffffffff
N??CA?oICGE_S_QO@c?	46	3ffffbbfeefff
N??CA?oICGE_S_QOOS?	46	3ffff7dfdf7ff
N??CA?oICGE_S_QO@S?	46	3ffffffffffcc
N??CA?oICGE_S_QO?s?	46	3ffdffdfdff7f
N??CA?oICGE_S_QO?Y?	46	3effffffffb7e
N??CA?oICGE_S_QOP@?	46	3fffffffffff
N??CA?oICGE_S_QOOH?	46	3fffffffffff
N??CA?oICGE_S_QOOD?	46	3fffffff0ffff
N??CA?oICGE_S_QO@D?	46	3fffffffffff
N??CA?oICGE_S_QO?L?	46	3fffffffffff
N??CA?oICGE_S_QOOB?	46	3fffffffffff
N??CA?oICGE_S_QO?J?	46	3fffffffffff
N??CA?oICGE_S_BOHO?	46	3fffffffffff
N??CA?oICGE_S_BOHG?	46	3ffffbbfeefff
N??CA?oICGE_S_BOOW?	46	3fffffffffff
N??CA?oICGE_S_BOGW?	46	3fffffffffff
N??CA?oICGE_S_BO@W?	46	3fffffffffff
N??CA?oICGE_S_BOHC?	46	3ffffbbfeefff
N??CA?oICGE_S_BOOK?	46	3fffffffffff
N??CA?oICGE_S_BO@K?	46	3ffffdefdefff
N??CA?oICGE_S_BOGE?	46	3ffffdefdefff
N??CA?oICGE_S_BO?M?	46	3fffffff0ffff
N??CA?oICGE_S_BOW@?	46	3fffffffffff
N??CA?oICGE_S_BOP@?	46	3fffffffffff
N??CA?oICGE_S_BOH@?	46	3fffffffffff
N??CA?oICGE_S_BO@P?	46	3fffffffffff
N??CA?oICGE_S_BOOH?	46	3fffffffffff
N??CA?oICGE_S_BO?X?	46	3fffffffffff
N??CA?oICGE_S_BO?T?	46	3fffffffffff
N??CA?oICGE_S_BO?R?	46	3fffffffffff
N??CA?oICGE_S_AoX??	46	3fffffffffff
N??CA?oICGE_S_AoW_?	46	3fffffffffff
N??CA?oICGE_S_AoP_?	46	3fffffffffff
N??CA?oICGE_S_AoH_?	46	3fffffffffff
N??CA?oICGE_S_AoHG?	46	3ffffffffffcc
N??CA?oICGE_S_AoOg?	46	3fffffffffff
N??CA?oICGE_S_AoGg?	46	3fffffffffff
N??CA?oICGE_S_AoPC?	46	3fffffffffff
N??CA?oICGE_S_AoHC?	46	3ffffffffffcc
N??CA?oICGE_S_AoOc?	46	3fffffffffff
N??CA?oICGE_S_Ao@c?	46	3fffffffffff
N??CA?oICGE_S_AoOK?	46	3fffffffffff
N??CA?oICGE_S_Ao?k?	46	3fffffffffff
N??CA?oICGE_S_AoOI?	46	3fffffffffff
N??CA?oICGE_S_AoGI?	46	3effffffffb7e
N??CA?oICGE_S_Ao@I?	46	3effffffffb7e
N??CA?oICGE_S_AoGE?	46	3effffffffb7e
N??CA?oICGE_S_Ao?M?	46	3bffbffffff7d
N??CA?oICGE_S_AoW@?	46	3fffffffffff
N??CA?oICGE_S_AoP@?	46	3fffffffffff
N??CA?oICGE_S_AoO`?	46	3fffffffffff
N??CA?oICGE_S_Ao@`?	46	3fffffffffff
N??CA?oICGE_S_AoOH?	46	3fffffffffff
N??CA?oICGE_S_Ao?h?	46	3fffffffffff
N??CA?oICGE_S_AoOD?	46	3fffffffffff
N??CA?oICGE_S_Ao@D?	46	3fffffffffff
N??CA?oICGE_S_Ao?d?	46	3fffffffffff
N??CA?oICGE_S_AoOB?	46	3fffffffffff
N??CA?oICGE_S_Ao?J?	46	3fffffffffff
N??CA?oICGE_E_oOH_?	46	7ffffffffffb
N??CA?oICGE_E_oOHO?	46	3fffffffffff
N??CA?oICGE_E_oOHG?	46	3fffffffffff
N??CA?oICGE_E_oOHC?	46	ffffffffe7ff
N??CA?oICGE_E_oOGc?	46	7fffffffefff
N??CA?oICGE_E_oOGS?	46	3fffffffffff
N??CA?oICGE_E_oOHA?	46	ffffffffe7ff
N??CA?oICGE_E_oOGa?	46	7fffffffefff
N??CA?oICGE_E_oOGQ?	46	3fffffffffff
N??CA?oICGE_E_oOGI?	46	3fffffffffff
N??CA?oICGE_E_oOGE?	46	fffffffdff7f
N??CA?oICGE_E_oOH@?	46	3fffffffffff
N??CA?oICGE_E_oOGP?	46	3fffffffffff
N??CA?oICGE_E_oOGD?	46	3fffffffffff
N??CA?oICGE_E_oOGB?	46	3fffffffffff
N??CA?oICGE_E_QOGc?	46	3ffffbbfeefff
N??CA?oICGE_E_QOW@?	46	7ffffffffffe
N??CA?oICGE_E_QOGB?	46	3fffffffffff
N??CA?oICGE_E_POHO?	46	3fffffffffff
N??CA?oICGE_E_POHG?	46	3ffffbbfeefff
N??CA?oICGE_E_POHC?	46	3ffffbbfeefff
N??CA?oICGE_E_POGS?	46	3fffffffffff
N??CA?oICGE_E_POGK?	46	3ffffdefdefff
N??CA?oICGE_E_POGE?	46	3ffffdefdefff
N??CA?oICGE_E_POW@?	46	3fffffffffff
N??CA?oICGE_E_POH@?	46	3fffffffffff
N??CA?oICGE_E_POGP?	46	3fffffffffff
N??CA?oICGE_E_POGD?	46	3fffffffffff
N??CA?oICGE_E_OoX??	46	3fffffffffff
N??CA?oICGE_E_OoW_?	46	3fffffffffff
N??CA?oICGE_E_OoH_?	46	3fffffffffff
N??CA?oICGE_E_OoHC?	46	3ffffffffffcc
N??CA?oICGE_E_OoGc?	46	3fffffffffff
N??CA?oICGE_E_OoWA?	46	3fffffffffff
N??CA?oICGE_E_OoHA?	46	3ffffffffffcc
N??CA?oICGE_E_OoGI?	46	3effffffffb7e
N??CA?oICGE_E_OoGE?	46	3effffffffb7e
N??CA?oICGE_E_OoW@?	46	3fffffffffff
N??CA?oICGE_E_OoG`?	46	3fffffffffff
N??CA?oICGE_E_OoGB?	46	3fffffffffff
N??CA?oICGE_E_OSWO?	46	3fffffffffff
N??CA?oICGE_E_OSGc?	46	3ffffdefdefff
N??CA?oICGE_E_OSGK?	46	37ff6fdff9f0fb52
N??CA?oICGE_E_OSW@?	46	7ffffffff7ff
N??CA?oICGE_E_OSGP?	46	3fffffffffff
N??CA?oICGE_SOQ_Oo?	46	ffffffffeffb
N??CA?oICGE_SOQ_?w?	46	3fffffffffff
N??CA?oICGE_SOQ_PC?	46	3fffffffffff
N??CA?oICGE_SOQ_@K?	46	3defbfffdea94fcc
N??CA?oICGE_SOQ_?[?	46	3effffffffb7e
N??CA?oICGE_SOQ_?Y?	46	3effffffffb7e
N??CA?oICGE_SOQ_P@?	46	3fffffffffff
N??CA?oICGE_SOQ_O`?	46	fffffffff7fe
N??CA?oICGE_SOQ_@`?	46	3fffffffffff
N??CA?oICGE_SOQ_OP?	46	fffffffff7fe
N??CA?oICGE_SOQ_?p?	46	ffffffffff7e
N??CA?oICGE_SOQ_OH?	46	3fffffffffff
N??CA?oICGE_SOQ_OB?	46	7fffffffff7f
N??CA?oICGE_SOQ_?R?	46	3fffffffffff
N??CA?oICGE_SOAgX??	46	3fffffffffff
N??CA?oICGE_SOAgW_?	46	3fffffffffff
N??CA?oICGE_SOAgH_?	46	3ffffbbfeefff
N??CA?oICGE_SOAgHO?	46	3ffffffffffcc
N??CA?oICGE_SOAgGo?	46	3fffffffffff
N??CA?oICGE_SOAgGW?	46	3effffffffb7e
N??CA?oICGE_SOAgWA?	46	3fffffffffff
N??CA?oICGE_SOAgGa?	46	3ffffdefdefff
N??CA?oICGE_SOAgGQ?	46	3effffffffb7e
N??CA?oICGE_SOAgW@?	46	7ffffffff7ff
N??CA?oICGE_SOAgH@?	46	3fffffffffff
N??CA?oICGE_SOAgG`?	46	3fffffffffff
N??CA?oICGE_SOAgGB?	46	3fffffffffff
N??CA?oICGE_QGOoQ_?	46	3fffffffffff
N??CA?oICGE_QGOoOo?	46	3fffffffffff
N??CA?oICGE_QGOoOg?	46	3fffffffffff
N??CA?oICGE_QGOoQA?	46	3fffffffffff
N??CA?oICGE_QGOoBA?	46	3defbfffdea94fcc
N??CA?oICGE_QGOo@I?	46	37ff6fdff9f0fb52
N??CA?oICGE_QGOoQ@?	46	3fffffffffff
N??CA?oICGE_QGOoP@?	46	3fffffffffff
N??CA?oICGE_QGOoO`?	46	3fffffffffff
N??CA?oICGE_QGOo?p?	46	3fffffffffff
N??CA?oICGE_QGOoOH?	46	3fffffffffff
N??CA?oICGE_QGOoAH?	46	3fffffffffff
N??CA?oICGE_QGOoOB?	46	3fffffffffff
N??CA?oICGE_QGCoW_?	46	3fffffffffff
N??CA?oICGE_QGCoP_?	46	3fffffffffff
N??CA?oICGE_QGCoWO?	46	3fffffffffff
N??CA?oICGE_QGCoPO?	46	3fffffffffff
N??CA?oICGE_QGCoHO?	46	3ffffffffffcc
N??CA?oICGE_QGCoOo?	46	3fffffffffff
N??CA?oICGE_QGCoGo?	46	3fffffffffff
N??CA?oICGE_QGCo@o?	46	3fffffffffff
N??CA?oICGE_QGCoOg?	46	3fffffffffff
N??CA?oICGE_QGCoWA?	46	3fffffffffff
N??CA?oICGE_QGCoOa?	46	3fffffffffff
N??CA?oICGE_QGCoGa?	46	3ffffdefdefff
N??CA?oICGE_QGCoGQ?	46	3effffffffb7e
N??CA?oICGE_QGCo@Q?	46	3effffffffb7e
N??CA?oICGE_QGCoOI?	46	3fffffffffff
N??CA?oICGE_QGCo@I?	46	37ff6fdff9f0fb52
N??CA?oICGE_QGCo?i?	46	3fffffff0ffff
N??CA?oICGE_QGCo?Y?	46	3bffbffffff7d
N??CA?oICGE_QGCoW@?	46	3fffffffffff
N??CA?oICGE_QGCoP@?	46	3fffffffffff
N??CA?oICGE_QGCoOP?	46	3fffffffffff
N??CA?oICGE_QGCoGP?	46	3fffffffffff
N??CA?oICGE_QGCo@P?	46	3fffffffffff
N??CA?oICGE_QGCo?p?	46	3fffffffffff
N??CA?oICGE_QGCoOH?	46	3fffffffffff
N??CA?oICGE_QGCoGH?	46	3fffffffffff
N??CA?oICGE_QGCo@H?	46	3fffffffffff
N??CA?oICGE_QGCoOB?	46	3fffffffffff
N??CA?oICGE_QGCoGB?	46	3fffffffffff
N??CA?oICGE_QGAoOo?	46	3fffffffffff
N??CA?oICGE_QGAoOg?	46	3fffffffffff
N??CA?oICGE_QGAoAQ?	46	3effffffffb7e
N??CA?oICGE_QGAoGI?	46	37ff6fdff9f0fb52
N??CA?oICGE_QGAoAI?	46	37ff6fdff9f0fb52
N??CA?oICGE_QGAoW@?	46	3fffffffffff
N??CA?oICGE_QGAoQ@?	46	3fffffffffff
N??CA?oICGE_QGAoOP?	46	3fffffffffff
N??CA?oICGE_QGAoOH?	46	3fffffffffff
N??CA?oICGE_QGAoOB?	46	3fffffffffff
N??CA?oICGE_QGAo?R?	46	3fffffffffff
N??CA?oICGE_QGAo?J?	46	3fffffffffff
N??CA?oICGE_QG?sPO?	46	3fffffffffff
N??CA?oICGE_QG?sBO?	46	3effffffffb7e
N??CA?oICGE_QG?sQG?	46	3fffffffffff
N??CA?oICGE_QG?sHG?	46	37ff6fdff9f0fb52
N??CA?oICGE_QG?sBG?	46	37ff6fdff9f0fb52
N??CA?oICGE_QG?s@W?	46	3bffbffffff7d
N??CA?oICGE_QG?sW@?	46	3fffffffffff
N??CA?oICGE_QG?sQ@?	46	3fffffffffff
N??CA?oICGE_QG?sP@?	46	3fffffffffff
N??CA?oICGE_QG?sGP?	46	3fffffffffff
N??CA?oICGE_QG?s@P?	46	3fffffffffff
N??CA?oICGE_QG?sOH?	46	3fffffffffff
N??CA?oICGE_QG?s@H?	46	3fffffffffff
N??CA?oICGE_QG?qY??	46	3fffffffffff
N??CA?oICGE_QG?qX??	46	3fffffffffff
N??CA?oICGE_QG?qR??	46	3fffffffffff
N??CA?oICGE_QG?qJ??	46	1ffffeffff7fd
N??CA?oICGE_QG?qW_?	46	3fffffffffff
N??CA?oICGE_QG?qP_?	46	3fffffffffff
N??CA?oICGE_QG?qB_?	46	3ffffffe97fff
N??CA?oICGE_QG?qWO?	46	3fffffffffff
N??CA?oICGE_QG?qIO?	46	3fffffffffff
N??CA?oICGE_QG?qPO?	46	3fffffffffff
N??CA?oICGE_QG?qHO?	46	3fffffffffff
N??CA?oICGE_QG?qBO?	46	3fffffffffff
N??CA?oICGE_QG?qAo?	46	3fffffffffff
N??CA?oICGE_QG?qWG?	46	3fffffffffff
N??CA?oICGE_QG?qQG?	46	3fffffffffff
N??CA?oICGE_QG?qIG?	46	3fffffffffff
N??CA?oICGE_QG?qPG?	46	3fffffffffff
N??CA?oICGE_QG?qBG?	46	3fffffffffff
N??CA?oICGE_QG?q@g?	46	3fffffffffff
N??CA?oICGE_QG?qGW?	46	3fffffffffff
N??CA?oICGE_QG?qAW?	46	3fffffffffff
N??CA?oICGE_QG?q@W?	46	3fffffffffff
N??CA?oICGE_QG?qWA?	46	3fffffffffff
N??CA?oICGE_QG?qIA?	46	3fff7fefdfeff
N??CA?oICGE_QG?qPA?	46	3fffffffffff
N??CA?oICGE_QG?qBA?	46	3fff7fefdfeff
N??CA?oICGE_QG?qGQ?	46	3fffffffffff
N??CA?oICGE_QG?q@Q?	46	3fffffffffff
N??CA?oICGE_QG?qOI?	46	3fffffffffff
N??CA?oICGE_QG?q@I?	46	3fffffffffff
N??CA?oICGE_QG?q?Y?	46	3fffffffffff
N??CA?oICGE_OgaOJ??	46	3fffffffffff
N??CA?oICGE_OgaOI_?	46	3fffffffffff
N??CA?oICGE_OgaOH_?	46	3fffffffffff
N??CA?oICGE_OgaOB_?	46	3fffffffffff
N??CA?oICGE_OgaOHO?	46	3fffffffffff
N??CA?oICGE_OgaO@o?	46	3fffffffffff
N??CA?oICGE_OgaOHG?	46	3fffffffffff
N??CA?oICGE_OgaOBG?	46	3fffffffffff
N??CA?oICGE_OgaOGg?	46	3fffffffffff
N??CA?oICGE_OgaOAg?	46	3fffffffffff
N??CA?oICGE_OgaO@g?	46	3fffffffffff
N??CA?oICGE_OgaOGW?	46	3fffffffffff
N??CA?oICGE_OgaO@W?	46	3fffffffffff
N??CA?oICGE_OgaO?w?	46	3fffffffffff
N??CA?oICGE_OgaOIA?	46	3fffffffffff
N??CA?oICGE_OgaOAa?	46	3fffffffffff
N??CA?oICGE_OgaOGQ?	46	3fffffffffff
N??CA?oICGE_OgaO@Q?	46	3fffffffffff
N??CA?oICGE_OgaOAI?	46	3fffffffffff
N??CA?oICGE_OgaO?Y?	46	3fffffffffff
N??CA?oICGE_OgaOI@?	46	3fffffffffff
N??CA?oICGE_OgaOH@?	46	3fffffffffff
N??CA?oICGE_OgaOB@?	46	3fffffffffff
N??CA?oICGE_OgaOGP?	46	3fffffffffff
N??CA?oICGE_OgaO@P?	46	3fffffffffff
N??CA?oICGE_OgaOGH?	46	3fffffffffff
N??CA?oICGE_OgaOAH?	46	3fffffffffff
N??CA?oICGE_OgaO@H?	46	3fffffffffff
N??CA?oICGE_OgaO?h?	46	3fffffffffff
N??CA?oICGE_OgaO?X?	46	3fffffffffff
N??CA?oICGE_OgaOGB?	46	3fffffffffff
N??CA?oICGE_OgaO@B?	46	3fffffffffff
N??CA?oICGE_OgaO?R?	46	3fffffffffff
N??CA?oICGE_OgaO?J?	46	3fffffffffff
N??CA?oICGE_OgQOP_?	46	3fffffffffff
N??CA?oICGE_OgQOB_?	46	3ffffbbfeefff
N??CA?oICGE_OgQOQO?	46	3ffff7dfdf7ff
N??CA?oICGE_OgQOBO?	46	3ffffffffffcc
N??CA?oICGE_OgQOOo?	46	3ffdffdfdff7f
N??CA?oICGE_OgQOAo?	46	3ffdffdfdff7f
N??CA?oICGE_OgQOBG?	46	3defbfffdea94fcc
N??CA?oICGE_OgQOOg?	46	3fffffffffff
N??CA?oICGE_OgQO@g?	46	3ffffdefdefff
N??CA?oICGE_OgQOOW?	46	3fffffffffff
N??CA?oICGE_OgQO@I?	46	37ff6fdff9f0fb52
N??CA?oICGE_OgQOQ@?	46	3fffffff0ffff
N??CA?oICGE_OgQOP@?	46	3fffffffffff
N??CA?oICGE_OgQOB@?	46	3fffffffffff
N??CA?oICGE_OgQOO`?	46	3ffffffe97fff
N??CA?oICGE_OgQO@`?	46	3fffffffffff
N??CA?oICGE_OgQOOH?	46	3fffffffffff
N??CA?oICGE_OgQOAH?	46	3fffffffffff
N??CA?oICGE_OgQOOB?	46	3fffffffffff
N??CA?oICGE_OgBOY??	46	3fffffffffff
N??CA?oICGE_OgBOX??	46	3fffffffffff
N??CA?oICGE_OgBOJ??	46	3ffffbbfeefff
N??CA?oICGE_OgBOPO?	46	3fffffffffff
N??CA?oICGE_OgBOHO?	46	3fffffffffff
N??CA?oICGE_OgBOQG?	46	3fffffffffff
N??CA?oICGE_OgBOBG?	46	3ffffdefdefff
N??CA?oICGE_OgBOIA?	46	3ffffdefdefff
N??CA?oICGE_OgBOBA?	46	3ffffdefdefff
N??CA?oICGE_OgBOAI?	46	3fffffff0ffff
N??CA?oICGE_OgBOW@?	46	3fffffffffff
N??CA?oICGE_OgBOP@?	46	3fffffffffff
N??CA?oICGE_OgBOGP?	46	3fffffffffff
N??CA?oICGE_OgBOAP?	46	3fffffffffff
N??CA?oICGE_OgBO@P?	46	3fffffffffff
N??CA?oICGE_OgBOOH?	46	3fffffffffff
N??CA?oICGE_OgBO?X?	46	3fffffffffff
N??CA?oICGE_OgBO?R?	46	3fffffffffff
N??CA?oICGE_OgAoX??	46	3fffffffffff
N??CA?oICGE_OgAoR??	46	3fffffffffff
N??CA?oICGE_OgAoJ??	46	3ffffffffffcc
N??CA?oICGE_OgAoW_?	46	3fffffffffff
N??CA?oICGE_OgAoQ_?	46	3fffffffffff
N??CA?oICGE_OgAoP_?	46	3fffffffffff
N??CA?oICGE_OgAoH_?	46	3fffffffffff
N??CA?oICGE_OgAoB_?	46	3fffffffffff
N??CA?oICGE_OgAoQG?	46	3fffffffffff
N??CA?oICGE_OgAoHG?	46	3effffffffb7e
N??CA?oICGE_OgAoOg?	46	3fffffffffff
N??CA?oICGE_OgAoAg?	46	3fffffffffff
N??CA?oICGE_OgAo@g?	46	3fffffffffff
N??CA?oICGE_OgAoIA?	46	3effffffffb7e
N??CA?oICGE_OgAoOI?	46	3fffffffffff
N??CA?oICGE_OgAoAI?	46	3bffbffffff7d
N??CA?oICGE_OgAo@I?	46	3bffbffffff7d
N??CA?oICGE_OgAoW@?	46	3fffffffffff
N??CA?oICGE_OgAoP@?	46	3fffffffffff
N??CA?oICGE_OgAoB@?	46	3fffffffffff
N??CA?oICGE_OgAoA`?	46	3fffffffffff
N??CA?oICGE_OgAoOH?	46	3fffffffffff
N??CA?oICGE_OgAoAH?	46	3fffffffffff
N??CA?oICGE_OgAoOB?	46	3fffffffffff
N??CA?oICGE_OgAQY??	46	3fffffffffff
N??CA?oICGE_OgAQX??	46	3fffffffffff
N??CA?oICGE_OgAQR??	46	3fffffffffff
N??CA?oICGE_OgAQJ??	46	3fffffffffff
N??CA?oICGE_OgAQW_?	46	3fffffffffff
N??CA?oICGE_OgAQP_?	46	3fffffffffff
N??CA?oICGE_OgAQH_?	46	3fffffffffff
N??CA?oICGE_OgAQB_?	46	3fffffffffff
N??CA?oICGE_OgAQIO?	46	3fffffffffff
N??CA?oICGE_OgAQPO?	46	3fffffffffff
N??CA?oICGE_OgAQHO?	46	3fffffffffff
N??CA?oICGE_OgAQBO?	46	3fffffffffff
N??CA?oICGE_OgAQAo?	46	3fffffffffff
N??CA?oICGE_OgAQQG?	46	3fffffffffff
N??CA?oICGE_OgAQIG?	46	3fffffffffff
N??CA?oICGE_OgAQHG?	46	3fffffffffff
N??CA?oICGE_OgAQBG?	46	3fffffffffff
N??CA?oICGE_OgAQOg?	46	3fffffffffff
N??CA?oICGE_OgAQ@g?	46	3fffffffffff
N??CA?oICGE_OgAQOW?	46	3fffffffffff
N??CA?oICGE_OgAQAW?	46	3fffffffffff
N??CA?oICGE_OgAQ@W?	46	3fffffffffff
N??CA?oICGE_OgAQ?w?	46	3fffffffffff
N??CA?oICGE_OgAQWA?	46	3fffffffffff
N??CA?oICGE_OgAQPA?	46	3fffffffffff
N??CA?oICGE_OgAQHA?	46	3fffffffffff
N??CA?oICGE_OgAQBA?	46	3fffffffffff
N??CA?oICGE_OgAQOI?	46	3fffffffffff
N??CA?oICGE_OgAQAI?	46	3fffffffffff
N??CA?oICGE_OgAQ@I?	46	3fffffffffff
N??CA?oICGE_OgAQ?Y?	46	3fffffffffff
N??CA?oICGE_CgQOX??	46	3ffffffffe7f9
N??CA?oICGE_CgQOW_?	46	3ffff7dfdf7ff
N??CA?oICGE_CgQOH_?	46	7ff7fbbfeefff
N??CA?oICGE_CgQOHO?	46	3ffffffffffcc
N??CA?oICGE_CgQOWA?	46	7fffffffefff
N??CA?oICGE_CgQOGa?	46	3ffffdefdefff
N??CA?oICGE_CgQOGQ?	46	3effffffffb7e
N??CA?oICGE_CgQOW@?	46	ffffffff0e7ff
N??CA?oICGE_CgQOH@?	46	3fffffffeeffc
N??CA?oICGE_CgQOGP?	46	3ffffffe97fff
N??CA?oICGE_CgQOGH?	46	3fffffffdef7e
N??CA?oICGE_CgQOGB?	46	7fffffffff7f
N??CA?oICGE_AgoOJ??	46	ffffffffe7ff
N??CA?oICGE_AgoOI_?	46	7fffffffefff
N??CA?oICGE_AgoOH_?	46	7fffffffefff
N??CA?oICGE_AgoOIO?	46	3fffffffffff
N??CA?oICGE_AgoOHO?	46	3fffffffffff
N??CA?oICGE_AgoOGo?	46	3fffffffffff
N??CA?oICGE_AgoOHG?	46	3fffffffffff
N??CA?oICGE_AgoOGg?	46	3fffffffffff
N??CA?oICGE_AgoOIA?	46	fffffffdff7f
N??CA?oICGE_AgoOGa?	46	7ffffffdffff
N??CA?oICGE_AgoOGQ?	46	3fffffffffff
N??CA?oICGE_AgoOI@?	46	3fffffffffff
N??CA?oICGE_AgoOH@?	46	3fffffffffff
N??CA?oICGE_AgoOGP?	46	3fffffffffff
N??CA?oICGE_AgoOGB?	46	3fffffffffff
N??CA?oICGE_AgQOW_?	46	3fffffffffff
N??CA?oICGE_AgQOI_?	46	3ffffbbfeefff
N??CA?oICGE_AgQOW@?	46	7ffffffff7ff
N??CA?oICGE_AgQOG`?	46	3fffffffffff
N??CA?oICGE_AgQOGB?	46	3fffffffffff
N??CA?oICGE_AgPOX??	46	3fffffffffff
N??CA?oICGE_AgPOJ??	46	3ffffbbfeefff
N??CA?oICGE_AgPOWO?	46	3fffffffffff
N??CA?oICGE_AgPOIO?	46	3fffffffffff
N??CA?oICGE_AgPOHO?	46	3fffffffffff
N??CA?oICGE_AgPOIG?	46	3ffffdefdefff
N??CA?oICGE_AgPOHG?	46	3ffffdefdefff
N??CA?oICGE_AgPOIA?	46	3ffffdefdefff
N??CA?oICGE_AgPOGP?	46	3fffffffffff
N??CA?oICGE_AgOoX??	46	3fffffffffff
N??CA?oICGE_AgOoJ??	46	3ffffffffffcc
N??CA?oICGE_AgOoW_?	46	3fffffffffff
N??CA?oICGE_AgOoI_?	46	3fffffffffff
N??CA?oICGE_AgOoH_?	46	3fffffffffff
N??CA?oICGE_AgOoWA?	46	3fffffffffff
N??CA?oICGE_AgOoIA?	46	3effffffffb7e
N??CA?oICGE_AgOoHA?	46	3effffffffb7e
N??CA?oICGE_AgOoW@?	46	3fffffffffff
N??CA?oICGE_AgOoG`?	46	3fffffffffff
N??CA?oICGE_AgOSJ??	46	3defbfffdea94fcc
N??CA?oICGE_AgOSI_?	46	3ffffdefdefff
N??CA?oICGE_AgOSIG?	46	37ff6fdff9f0fb52
N??CA?oICGE_AgOSW@?	46	7ffffffdffff
N??CA?oICGE_AgOQY??	46	3fffffffffff
N??CA?oICGE_AgOQX??	46	3fffffffffff
N??CA?oICGE_AgOQJ??	46	fffffffefffd
N??CA?oICGE_AgOQW_?	46	3fffffffffff
N??CA?oICGE_AgOQI_?	46	3fffffffffff
N??CA?oICGE_AgOQH_?	46	3fffffffffff
N??CA?oICGE_AgOQIO?	46	7fffffffff7f
N??CA?oICGE_AgOQHO?	46	7fffffffff7f
N??CA?oICGE_AgOQWG?	46	3fffffffffff
N??CA?oICGE_AgOQHG?	46	3fffffffffff
N??CA?oICGE_AgOQGW?	46	3fffffffffff
N??CA?oICGE_AgOQWA?	46	3fffffffffff
N??CA?oICGE_AgOQIA?	46	ffffffffeeff
N??CA?oICGE_AgOQHA?	46	ffffffffeeff
N??CA?oICGE_AgOQGQ?	46	7fffffff7fff
N??CA?oICGE_OWQ_P_?	46	3fffffffffff
N??CA?oICGE_OWQ_Oo?	46	ffffffffeeff
N??CA?oICGE_OWQ_BG?	46	3defbfffdea94fcc
N??CA?oICGE_OWQ_AW?	46	3effffffffb7e
N??CA?oICGE_OWQ_@W?	46	3effffffffb7e
N??CA?oICGE_OWQ_@I?	46	37ff6fdff9f0fb52
N??CA?oICGE_OWQ_Q@?	46	fffffffff77f
N??CA?oICGE_OWQ_P@?	46	3fffffffffff
N??CA?oICGE_OWQ_O`?	46	fffffffff77f
N??CA?oICGE_OWQ_OP?	46	fffffffff77f
N??CA?oICGE_OWQ_?p?	46	ffffffffff7d
N??CA?oICGE_OWQ_OH?	46	3fffffffffff
N??CA?oICGE_OWQ_@H?	46	3fffffffffff
N??CA?oICGE_OWQ_OB?	46	7ffffffeffff
N??CA?oICGE_OWQ_?R?	46	3fffffffffff
N??CA?oICGE_OWE_W_?	46	3fffffffffff
N??CA?oICGE_OWE_Go?	46	3fffffffffff
N??CA?oICGE_OWE_HG?	46	3defbfffdea94fcc
N??CA?oICGE_OWE_WA?	46	3fffffffffff
N??CA?oICGE_OWE_Ga?	46	3ffffdefdefff
N??CA?oICGE_OWE_GQ?	46	3effffffffb7e
N??CA?oICGE_OWE_W@?	46	7ffffffff7ff
N??CA?oICGE_OWE_H@?	46	3fffffffffff
N??CA?oICGE_OWE_G`?	46	3fffffffffff
N??CA?oICGE_OWE_GP?	46	3fffffffffff
N??CA?oICGE_OWE_GB?	46	3fffffffffff
N??CA?oICGE_OWAaY??	46	3fffffffffff
N??CA?oICGE_OWAaX??	46	3fffffffffff
N??CA?oICGE_OWAaJ??	46	3fffffffffff
N??CA?oICGE_OWAaW_?	46	3fffffffffff
N??CA?oICGE_OWAaH_?	46	3fffffffffff
N??CA?oICGE_OWAaIO?	46	3fffffffffff
N??CA?oICGE_OWAaHO?	46	3fffffffffff
N??CA?oICGE_OWAaGo?	46	3fffffffffff
N??CA?oICGE_OWAaWG?	46	3fffffffffff
N??CA?oICGE_OWAaHG?	46	3fffffffffff
N??CA?oICGE_OWAaGW?	46	3fffffffffff
N??CA?oICGE_OWAaWA?	46	3fffffffffff
N??CA?oICGE_OWAaIA?	46	3fdffffffb7fe
N??CA?oICGE_OWAaGQ?	46	3fffffffffff
N??CA?oICGE_SCAoOW?	46	fffffffffff9
N??CA?oICGE_SCAoOS?	46	3fffffffffff
N??CA?oICGE_SCAo@S?	46	3effffffffb7e
N??CA?oICGE_SCAo?s?	46	3fffffffffff
N??CA?oICGE_SCAoOK?	46	3fffffffffff
N??CA?oICGE_SCAoGK?	46	37ff6fdff9f0fb52
N??CA?oICGE_SCAo@K?	46	37ff6fdff9f0fb52
N??CA?oICGE_SCAo?k?	46	3fffffff0ffff
N??CA?oICGE_SCAo?[?	46	3bffbffffff7d
N??CA?oICGE_SCAoW@?	46	7fffffffff7f
N??CA?oICGE_SCAoP@?	46	3fffffffffff
N??CA?oICGE_SCAoOP?	46	ffffffffe7ff
N??CA?oICGE_SCAo?p?	46	fffffffffe7f
N??CA?oICGE_SCAoOH?	46	3fffffffffff
N??CA?oICGE_SCAo?X?	46	3fffffffffff
N??CA?oICGE_SCAoOD?	46	fffffffef7ff
N??CA?oICGE_CcoOH@?	46	3fffffffffff
N??CA?oICGE_CcQOGS?	46	3effffffffb7e
N??CA?oICGE_CcQOW@?	46	ffffffffe7ff
N??CA?oICGE_OaaOJ??	46	3fffffffffff
N??CA?oICGE_OaaOB_?	46	3fffffffffff
N??CA?oICGE_OaaOHO?	46	37ffffbfefffb
N??CA?oICGE_OaaOBO?	46	3fffffffffff
N??CA?oICGE_OaaOBG?	46	3fffffffffff
N??CA?oICGE_OaaOAg?	46	3fffffffffff
N??CA?oICGE_OaaOGW?	46	3fff7fefdfeff
N??CA?oICGE_OaaOAW?	46	3fffffffffff
N??CA?oICGE_OaaO?w?	46	2fffff7ff7ffb
N??CA?oICGE_OaaOHC?	46	3fffffffffff
N??CA?oICGE_OaaOBC?	46	3fffffffffff
N??CA?oICGE_OaaO@c?	46	3fffffffffff
N??CA?oICGE_OaaO@S?	46	3fffffffffff
N??CA?oICGE_OaaO?s?	46	3fffffffffff
N??CA?oICGE_OaaO?k?	46	3fffffffffff
N??CA?oICGE_OaaO?[?	46	3fffffffffff
N??CA?oICGE_OaaOIA?	46	3fffffffffff
N??CA?oICGE_OaaOHA?	46	3fffffffffff
N??CA?oICGE_OaaOBA?	46	3fffffffffff
N??CA?oICGE_OaaOAa?	46	3fffffffffff
N??CA?oICGE_OaaOAQ?	46	3fffffffffff
N??CA?oICGE_OaaO@Q?	46	3fffffffffff
N??CA?oICGE_OaaOAI?	46	3fffffffffff
N??CA?oICGE_OaaO?i?	46	3fffffffffff
N??CA?oICGE_OaaO?Y?	46	3fffffffffff
N??CA?oICGE_OaaOGE?	46	3fffffffffff
N??CA?oICGE_OaaO@E?	46	3fffffffffff
N??CA?oICGE_OaaO?U?	46	3fffffffffff
N??CA?oICGE_OaaO?M?	46	3fffffffffff
N??CA?oICGE_AaoOJ??	46	3fffffffffff
N??CA?oICGE_AaoOI_?	46	3fffffffffff
N??CA?oICGE_AaoOHO?	46	37ffffbfefffb
N??CA?oICGE_AaoOIG?	46	3fffffffffff
N??CA?oICGE_AaoOGg?	46	3fff7fefdfeff
N??CA?oICGE_AaoOIC?	46	fffffffef7ff
N??CA?oICGE_AaoOHC?	46	3fffffffffff
N??CA?oICGE_AaoOGc?	46	3fffffffffff
N??CA?oICGE_AaoOIA?	46	3fffffffffff
N??CA?oICGE_AaoOGa?	46	3fffffffffff
N??CA?oICGE_AaoOGQ?	46	3fffffffffff
N??CA?oICGE_AaoOGE?	46	3fffffffffff
N??CA?oICGE_AaQOY??	46	3fffffffffff
N??CA?oICGE_AaQOI_?	46	7ffffffdffff
N??CA?oICGE_AaQOIO?	46	3fffffffffff
N??CA?oICGE_AaQOWG?	46	37ffffbfefffb
N??CA?oICGE_AaQOIG?	46	3fffffffffff
N??CA?oICGE_AaQOGg?	46	3fffffffffff
N??CA?oICGE_AaQOWC?	46	3fffffffffff
N??CA?oICGE_AaQOGc?	46	7ffffffeffff
N??CA?oICGE_AaQOGS?	46	3fffffffffff
N??CA?oICGE_AaQOWA?	46	3fffffffffff
N??CA?oICGE_AaQOIA?	46	3fffffffffff
N??CA?oICGE_AaQOGQ?	46	3fffffffffff
N??CA?oICGE_AaQOGE?	46	3fffffffffff
N??CA?oICGB_E_oOGo?	46	3ffff7dfdf7ff
N??CA?oICGB_E_oOKC?	46	ffffffffe7ff
N??CA?oICGB_E_oOGc?	46	7fffffffefff
N??CA?oICGB_E_oOGS?	46	3fffffffffff
N??CA?oICGB_E_oOGE?	46	fffffffdff7f
N??CA?oICGB_E_oOK@?	46	3fffffffffff
N??CA?oICGB_E_oOGP?	46	3fffffff0ffff
N??CA?oICGB_E_oOGH?	46	3fffffff0ffff
N??CA?oICGB_E_oOGD?	46	3fffffffffff
N??CA?oICGB_E_WOGE?	46	3defbfffdea94fcc
N??CA?oICGB_E_WOW@?	46	fffffffdfffe
N??CA?oICGB_E_POWO?	46	3ffff7dfdf7ff
N??CA?oICGB_E_POKC?	46	3ffffbbfeefff
N??CA?oICGB_E_POGS?	46	3fffffffffff
N??CA?oICGB_E_POGE?	46	3ffffdefdefff
N??CA?oICGB_E_POW@?	46	3fffffff0ffff
N??CA?oICGB_E_POGP?	46	3ffffffe97fff
N??CA?oICGB_E_POGD?	46	3fffffffffff
N??CA?oICGB_E_OWW_?	46	3fffffffffff
N??CA?oICGB_E_OWWO?	46	3fffffffffff
N??CA?oICGB_E_OWGo?	46	3fffffffffff
N??CA?oICGB_E_OWKG?	46	3defbfffdea94fcc
N??CA?oICGB_E_OWGg?	46	3ffffdefdefff
N??CA?oICGB_E_OWKA?	46	3defbfffdea94fcc
N??CA?oICGB_E_OWGa?	46	3ffffdefdefff
N??CA?oICGB_E_OWW@?	46	7ffffffff7ff
N??CA?oICGWOM?DOH_?	46	3fffffffffff
N??CA?oICGWOM?DOHO?	46	7ffffffffffb
N??CA?oICGWOM?DO@g?	46	3ffeff7ff7eff
N??CA?oICGWOM?DOHC?	46	ffffffffff74c
N??CA?oICGWOM?DOGc?	46	3fffffffffff
N??CA?oICGWOM?DO?k?	46	2fffff7ff7ffb
N??CA?oICGWOM?DOGa?	46	3fffffffffff
N??CA?oICGWOM?DOGQ?	46	7fffffffefff
N??CA?oICGWOM?DO?q?	46	3fffffffffff
N??CA?oICGWOM?DOGI?	46	1ffffffffb7fe
N??CA?oICGWOM?DO?i?	46	2fffff7ff7ffb
N??CA?oICGWOM?DOGE?	46	7ffffffffb77c
N??CA?oICGWOM?DOH@?	46	7ffffffffffe
N??CA?oICGWOM?DOGD?	46	7ffffffff7ff
N??CA?oICGWOM?DOGB?	46	7ffffffff7ff
N??CA?oICGWOT?BODC?	46	3fffffffffff
N??CA?oICGWOT?BOEA?	46	3fffffffffff
N??CA?oICGWOT?BOCI?	46	3fffffffffff
N??CA?oICGWOT?BOCE?	46	3fffffffffff
N??CA?oICGWOT?BOCB?	46	3fffffffffff
N??CA?oICGWOT?AQF??	46	3fffffffffff
N??CA?oICGWOT?AQDC?	46	3fffffffffff
N??CA?oICGWOT?AQCK?	46	3fffffffffff
N??CA?oICGWOT?AQCE?	46	3fffffffffff
N??CA?oICGWOL?EOH_?	46	3fffffffffff
N??CA?oICGWOL?EOHO?	46	3fffffffffff
N??CA?oICGWOL?EO@o?	46	3fffffffffff
N??CA?oICGWOL?EO@g?	46	3ffeff7ff7eff
N??CA?oICGWOL?EO?w?	46	3fffffffffff
N??CA?oICGWOL?EOHC?	46	3ffffffffffcc
N??CA?oICGWOL?EOGc?	46	3fffffffffff
N??CA?oICGWOL?EO@c?	46	3ffdbfe5c7bf06fd
N??CA?oICGWOL?EO@S?	46	3fffffffffff
N??CA?oICGWOL?EO?s?	46	3fffffffffff
N??CA?oICGWOL?EO@K?	46	3faeffff75e937d2
N??CA?oICGWOL?EO?k?	46	2fffff7ff7ffb
N??CA?oICGWOL?EOGa?	46	3fffffffffff
N??CA?oICGWOL?EOGQ?	46	3fffffffffff
N??CA?oICGWOL?EOGI?	46	1ffffffffb7fe
N??CA?oICGWOL?EO?Y?	46	3fffffffffff
N??CA?oICGWOL?EOGE?	46	1ffffffffb7fe
N??CA?oICGWOL?EO?e?	46	3faeffff75e937d2
N??CA?oICGWOL?EO?M?	46	3ffe7f8f6b7ef07b
N??CA?oICGWOL?EOH@?	46	3fffffffffff
N??CA?oICGWOL?EO@`?	46	3ffffffff87ff
N??CA?oICGWOL?EOGP?	46	3fffffffffff
N??CA?oICGWOL?EO@P?	46	3fffffffffff
N??CA?oICGWOL?EO?p?	46	3fffffffffff
N??CA?oICGWOL?EOGH?	46	3fffffffffff
N??CA?oICGWOL?EO@H?	46	3fffffffffff
N??CA?oICGWOL?EO?X?	46	3fffffffffff
N??CA?oICGWOL?EOGD?	46	3fffffffffff
N??CA?oICGWOL?EO@D?	46	3ffff7dfdf7ff
N??CA?oICGWOL?EO?d?	46	3ffff7dfdf7ff
N??CA?oICGWOL?EO?L?	46	3fffffffffff
N??CA?oICGWOL?EOGB?	46	3fffffffffff
N??CA?oICGWOL?EO?R?	46	3fffffffffff
N??CA?oICGWOL?EO?J?	46	3fffffffffff
N??CA?oICGWOL?AWI_?	46	3fffffffffff
N??CA?oICGWOL?AWH_?	46	3fffffffffff
N??CA?oICGWOL?AWB_?	46	3ffdbfe5c7bf06fd
N??CA?oICGWOL?AWHO?	46	3fffffffffff
N??CA?oICGWOL?AWAo?	46	3fffffffffff
N??CA?oICGWOL?AW@o?	46	3fffffffffff
N??CA?oICGWOL?AWGg?	46	3fffffffffff
N??CA?oICGWOL?AWAg?	46	2fffff7ff7ffb
N??CA?oICGWOL?AW@g?	46	2fffff7ff7ffb
N??CA?oICGWOL?AWIA?	46	1ffffffffb7fe
N??CA?oICGWOL?AWGa?	46	3fffffffffff
N??CA?oICGWOL?AWAa?	46	3faeffff75e937d2
N??CA?oICGWOL?AWGQ?	46	3fffffffffff
N??CA?oICGWOL?AW@Q?	46	3fffffffffff
N??CA?oICGWOL?AWAI?	46	3ffe7f8f6b7ef07b
N??CA?oICGWOL?AW?Y?	46	3fffffffffff
N??CA?oICGWOL?AWI@?	46	3fffffffffff
N??CA?oICGWOL?AWH@?	46	3fffffffffff
N??CA?oICGWOL?AWB@?	46	3ffff7dfdf7ff
N??CA?oICGWOL?AWGP?	46	3fffffffffff
N??CA?oICGWOL?AW@P?	46	3fffffffffff
N??CA?oICGWOL?AWGH?	46	3fffffffffff
N??CA?oICGWOL?AWAH?	46	3fffffffffff
N??CA?oICGWOL?AW@H?	46	3fffffffffff
N??CA?oICGWOL?AW?h?	46	3fffffffffff
N??CA?oICGWOL?AW?X?	46	3fffffffffff
N??CA?oICGWOL?AWGB?	46	3fffffffffff
N??CA?oICGWOL?AW@B?	46	3fffffff0ffff
N??CA?oICGWOL?AW?R?	46	3fffffffffff
N??CA?oICGWOL?AW?J?	46	3fffffffffff
N??CA?oICGWOL?AQJ??	46	3fffffffffff
N??CA?oICGWOL?AQI_?	46	3fffffffffff
N??CA?oICGWOL?AQB_?	46	3ffffffff87ff
N??CA?oICGWOL?AQIO?	46	3fffffffffff
N??CA?oICGWOL?AQHO?	46	37ffffbfefffb
N??CA?oICGWOL?AQBO?	46	3fffffffffff
N??CA?oICGWOL?AQAg?	46	3fffffffffff
N??CA?oICGWOL?AQGW?	46	3fff7fefdfeff
N??CA?oICGWOL?AQ?w?	46	2fffff7ff7ffb
N??CA?oICGWOL?AQHC?	46	3fffffffffff
N??CA?oICGWOL?AQBC?	46	3ffff7dfdf7ff
N??CA?oICGWOL?AQGc?	46	3fffffffffff
N??CA?oICGWOL?AQ@c?	46	3ffff7dfdf7ff
N??CA?oICGWOL?AQGS?	46	3fffffffffff
N??CA?oICGWOL?AQ@S?	46	3fffffffffff
N??CA?oICGWOL?AQ?s?	46	3fffffffffff
N??CA?oICGWOL?AQGK?	46	3fffffffffff
N??CA?oICGWOL?AQ?k?	46	3fffffffffff
N??CA?oICGWOL?AQ?[?	46	3fffffffffff
N??CA?oICGWOL?AQIA?	46	3fffffffffff
N??CA?oICGWOL?AQBA?	46	3ffff7dfdf7ff
N??CA?oICGWOL?AQGa?	46	3fffffffffff
N??CA?oICGWOL?AQAa?	46	3ffff7dfdf7ff
N??CA?oICGWOL?AQGQ?	46	3fffffffffff
N??CA?oICGWOL?AQAQ?	46	3fffffffffff
N??CA?oICGWOL?AQ@Q?	46	3fffffffffff
N??CA?oICGWOL?AQAI?	46	3fffffffffff
N??CA?oICGWOL?AQ?i?	46	3fffffffffff
N??CA?oICGWOL?AQ?Y?	46	3fffffffffff
N??CA?oICGWOL?AQGE?	46	3fffffffffff
N??CA?oICGWOL?AQ@E?	46	3fffffff0ffff
N??CA?oICGWOL?AQ?U?	46	3fffffffffff
N??CA?oICGWOL?AQ?M?	46	3fffffffffff
N??CA?oICGWOE_HOJ??	46	3fffffffffff
N??CA?oICGWOE_HOI_?	46	3fffffffffff
N??CA?oICGWOE_HOB_?	46	3fffffffffff
N??CA?oICGWOE_HOAg?	46	3fffffffffff
N??CA?oICGWOE_HOHC?	46	3fffffffffff
N??CA?oICGWOE_HOGc?	46	3fffffffffff
N??CA?oICGWOE_HO@c?	46	3fffffffffff
N??CA?oICGWOE_HO?k?	46	3fffffffffff
N??CA?oICGWOE_HOGE?	46	3fffffffffff
N??CA?oICGWOE_HO?e?	46	3fffffffffff
N??CA?oICGWOE_HOI@?	46	3fffffffffff
N??CA?oICGWOE_HOGD?	46	3fffffffffff
N??CA?oICGWOE_DOH_?	46	3ffff7dfdf7ff
N??CA?oICGWOE_DODC?	46	3fffffffe777f
N??CA?oICGWOE_DOGc?	46	3ffffffffffd2
N??CA?oICGWOE_DO@c?	46	3fffffffffff
N??CA?oICGWOE_DOKA?	46	3fffffffffff
N??CA?oICGWOE_DOCa?	46	3fffffffffff
N??CA?oICGWOE_DO@a?	46	3fffffffffff
N??CA?oICGWOE_DO@E?	46	3ffffffffe7f9
N??CA?oICGWOE_DOK@?	46	3fffffffffff
N??CA?oICGWOE_DOH@?	46	3fffffff0ffff
N??CA?oICGWOE_DOGD?	46	3ffffffffffcc
N??CA?oICGWOE_DOGB?	46	3fffffffffff
N??CA?oICGWOE_@WL??	46	3fffffffffff
N??CA?oICGWOE_@WF??	46	3fffffffe777f
N??CA?oICGWOE_@WI_?	46	3ffffffffffd2
N??CA?oICGWOE_@WD_?	46	3fffffffffff
N??CA?oICGWOE_@WB_?	46	3fffffffffff
N??CA?oICGWOE_@WGa?	46	3fffffffffff
N??CA?oICGWOE_@WK@?	46	3fffffffffff
N??CA?oICGWOE_@WI@?	46	3ffffffffffcc
N??CA?oICGWOE_@WH@?	46	3fffffffffff
N??CA?oICGWOE_@WGB?	46	3fffffffffff
N??CA?oICGWOD_IOJ??	46	3fffffffffff
N??CA?oICGWOD_IOI_?	46	1ffffffffb7fe
N??CA?oICGWOD_IOH_?	46	3fffffffffff
N??CA?oICGWOD_IOB_?	46	3fffffffffff
N??CA?oICGWOD_IOBG?	46	3fffffffffff
N??CA?oICGWOD_IOGg?	46	3ffffdefdefff
N??CA?oICGWOD_IOAg?	46	3fffffffffff
N??CA?oICGWOD_IO@g?	46	3fffffffffff
N??CA?oICGWOD_IOHC?	46	3fffffffffff
N??CA?oICGWOD_IOBC?	46	7bffdffbf7ffd
N??CA?oICGWOD_IOGc?	46	3fffffffffff
N??CA?oICGWOD_IO@c?	46	3fffffffffff
N??CA?oICGWOD_IOIA?	46	3fffffffffff
N??CA?oICGWOD_IOBA?	46	7bffdffbf7ffd
N??CA?oICGWOD_IOGa?	46	3fffffffffff
N??CA?oICGWOD_IOAa?	46	3fffffffffff
N??CA?oICGWOD_IOGI?	46	3ffffffffffd2
N??CA?oICGWOD_IOAI?	46	3fffffffffff
N??CA?oICGWOD_IO@I?	46	3ffffffffffd2
N??CA?oICGWOD_IO?i?	46	3fffffffffff
N??CA?oICGWOD_IOGE?	46	3fffffffffff
N??CA?oICGWOD_IO?e?	46	3fffffffffff
N??CA?oICGWOD_IO?M?	46	3ffffffffffe1
N??CA?oICGWOD_IOI@?	46	3ffdffdfdff7f
N??CA?oICGWOD_IOH@?	46	3fffffffffff
N??CA?oICGWOD_IOB@?	46	3fffffffffff
N??CA?oICGWOD_IOAH?	46	3fffffffffff
N??CA?oICGWOD_IO@H?	46	3fffffffffff
N??CA?oICGWOD_IO?h?	46	7fbfbffbf7f7f
N??CA?oICGWOD_IOGD?	46	3fffffffffff
N??CA?oICGWOD_IO@D?	46	3fffffffffff
N??CA?oICGWOD_IO?d?	46	7ffbfef7ef7ff
N??CA?oICGWOD_IO?L?	46	3fffffffffff
N??CA?oICGWOD_IOGB?	46	3fffffffffff
N??CA?oICGWOD_IOAB?	46	3fffffffffff
N??CA?oICGWOD_IO?J?	46	3fffffffffff
N??CA?oICGWOD_IO?F?	46	3fffffffffff
N??CA?oICGWOD_EOL??	46	3fffffffffff
N??CA?oICGWOD_EOH_?	46	3ffff7dfdf7ff
N??CA?oICGWOD_EOCg?	46	3fffffffffff
N??CA?oICGWOD_EODC?	46	7bffdffbf7ffd
N??CA?oICGWOD_EO@c?	46	3fffffffffff
N??CA?oICGWOD_EO@K?	46	3fffffffffff
N??CA?oICGWOD_EOKA?	46	3fffffffffff
N??CA?oICGWOD_EODA?	46	7bffdffbf7ffd
N??CA?oICGWOD_EOCa?	46	3fffffffffff
N??CA?oICGWOD_EO@a?	46	3fffffffffff
N??CA?oICGWOD_EOCI?	46	3fffffffffff
N??CA?oICGWOD_EO@I?	46	3fffffffffff
N??CA?oICGWOD_EOGE?	46	3fffffffffff
N??CA?oICGWOD_EO@E?	46	3ffffffffffd2
N??CA?oICGWOD_EO?e?	46	3fffffffffff
N??CA?oICGWOD_EOK@?	46	3fffffffffff
N??CA?oICGWOD_EOH@?	46	3fffffff0ffff
N??CA?oICGWOD_EOD@?	46	3fffffffffff
N??CA?oICGWOD_EOCH?	46	3fffffffffff
N??CA?oICGWOD_EO?h?	46	3faeffff75e937d2
N??CA?oICGWOD_EOGD?	46	3ffffffffffcc
N??CA?oICGWOD_EOGB?	46	3fffffffffff
N??CA?oICGWOD_EOCB?	46	3fffffffffff
N??CA?oICGWOD_BOM??	46	3fffffffffff
N??CA?oICGWOD_BOF??	46	3fffffffffff
N??CA?oICGWOD_BODC?	46	3fffffffffff
N??CA?oICGWOD_BOKA?	46	3fffffffffff
N??CA?oICGWOD_BOEA?	46	3fffffffffff
N??CA?oICGWOD_BOB@?	46	3ffffffe97fff
N??CA?oICGWOD_BOCH?	46	3fffffffffff
N??CA?oICGWOD_BOGD?	46	3effffffffb7e
N??CA?oICGWOD_BOAB?	46	3fffffffffff
N??CA?oICGWOD_AWL??	46	3fffffffffff
N??CA?oICGWOD_AWF??	46	7bffdffbf7ffd
N??CA?oICGWOD_AWD_?	46	3fffffffffff
N??CA?oICGWOD_AWB_?	46	3fffffffffff
N??CA?oICGWOD_AWKG?	46	3fffffffffff
N??CA?oICGWOD_AWDG?	46	3ffffffffffd2
N??CA?oICGWOD_AWKA?	46	3fffffffffff
N??CA?oICGWOD_AWDA?	46	3ffffffffffd2
N??CA?oICGWOD_AWCI?	46	3ffffffffffe1
N??CA?oICGWOD_AW@I?	46	7ffbffffff87f
N??CA?oICGWOD_AWK@?	46	3fffffffffff
N??CA?oICGWOD_AWI@?	46	3ffffffffffcc
N??CA?oICGWOD_AWE@?	46	3fffffffffff
N??CA?oICGWOD_AWH@?	46	3fffffffffff
N??CA?oICGWOD_AWD@?	46	3fffffffffff
N??CA?oICGWOD_AWB@?	46	3fffffffffff
N??CA?oICGWOD_AWG`?	46	3effffffffb7e
N??CA?oICGWOD_AWGB?	46	3fffffffffff
N??CA?oICGWOD_AW@B?	46	3fffffffffff
N??CA?oICGWOD_AQM??	46	3fffffffffff
N??CA?oICGWOD_AQL??	46	3fffffffffff
N??CA?oICGWOD_AQF??	46	3fffffffffff
N??CA?oICGWOD_AQB_?	46	3ffffffe97fff
N??CA?oICGWOD_AQCg?	46	3fffffffffff
N??CA?oICGWOD_AQKC?	46	3fffffffffff
N??CA?oICGWOD_AQDC?	46	3fffffffffff
N??CA?oICGWOD_AQGc?	46	3effffffffb7e
N??CA?oICGWOD_AQKA?	46	3fffffffffff
N??CA?oICGWOD_AQEA?	46	3fffffffffff
N??CA?oICGWOD_AQDA?	46	3fffffffffff
N??CA?oICGWOD_AQAa?	46	3fffffffffff
N??CA?oICGWOD_AQCI?	46	3fffffffffff
N??CA?oICGWOD_AQGE?	46	3fffffffffff
N??CA?oICGWOD_AQCE?	46	3fffffffffff
N??CA?oICGWOD_AQ@E?	46	3fffffffffff
N??CA?oICGWOPOF?EG?	46	3fffffffffff
N??CA?oICGWOPOE_E_?	46	3fffffffffff
N??CA?oICGWOPOE_BG?	46	3ffff7dfdf7ff
N??CA?oICGWOPOE_Cg?	46	3fffffffcfefb
N??CA?oICGWOPOE_Ag?	46	3faeffff75e937d2
N??CA?oICGWOPOE_Cc?	46	7ffffffffffd
N??CA?oICGWOPOE_?k?	46	fefffffffecfa
N??CA?oICGWOPOE_E@?	46	3fffffffffff
N??CA?oICGWOPOE_B@?	46	3fffffff0ffff
N??CA?oICGWOPOE_CH?	46	3fffffffdef7e
N??CA?oICGWOPOE_AH?	46	2ffdeff7fe70fccc
N??CA?oICGWOPOE_CD?	46	7ffffffffffb
N??CA?oICGWOPOE_AD?	46	3ffffffffffcc
N??CA?oICGWOPOE_?L?	46	feffffffff37c
N??CA?oICGWOPOE_?F?	46	7ffffffffffe
N??CA?oICGWOHOU?Ag?	46	3fffffffffff
N??CA?oICGWOHOU?Ac?	46	3fffffffffff
N??CA?oICGWOHOU?@c?	46	3fffffffffff
N??CA?oICGWOHOU?AS?	46	3fffffffffff
N??CA?oICGWOHOU?@S?	46	3fffffffffff
N??CA?oICGWOHOU?@K?	46	1ffffffffb7fe
N??CA?oICGWOHOU??k?	46	3fffffffffff
N??CA?oICGWOHOU?AE?	46	7ffffffffb77c
N??CA?oICGWOHOU??U?	46	3fffffffffff
N??CA?oICGWOHOU??M?	46	3ffdf7ffff77f
N??CA?oICGWOHOU?B@?	46	3fffffffffff
N??CA?oICGWOHOU?A`?	46	3fffffffffff
N??CA?oICGWOHOU?AP?	46	3fffffffffff
N??CA?oICGWOHOU?AH?	46	3fffffffffff
N??CA?oICGWOHOU?AD?	46	3fffffffffff
N??CA?oICGWOHOU?@D?	46	3fffffffffff
N??CA?oICGWOHOU??d?	46	3fffffffffff
N??CA?oICGWOHOU??T?	46	3fffffffffff
N??CA?oICGWOHOU??L?	46	3fffffffffff
N??CA?oICGWOHOU??F?	46	3fffffffffff
N??CA?oICGWO@oU?BG?	46	3ffff7dfdf7ff
N??CA?oICGWO@oU?Cg?	46	3fffffffcfefb
N??CA?oICGWO@oU?Ag?	46	3faeffff75e937d2
N??CA?oICGWO@oU??k?	46	fefffffffecfa
N??CA?oICGWO@oU?E@?	46	3fffffffffff
N??CA?oICGWO@oU?B@?	46	3fffffff0ffff
N??CA?oICGWO@oU?CH?	46	3fffffffdef7e
N??CA?oICGWO@oU?AH?	46	2ffdeff7fe70fccc
N??CA?oICGWO@oU?CD?	46	7ffffffffffb
N??CA?oICGWO@oU??L?	46	feffffffff37c
N??CA?oICGWO@oU??F?	46	7ffffffffffe
N??CA?oICGWO@oF?K@?	46	3fffffffdef7e
N??CA?oICGWO@oF?I@?	46	2ffdeff7fe70fccc
N??CA?oICGWO@oF?CH?	46	3ffffffff7efc
N??CA?oICGWO@oF?AH?	46	3faeffff75e937d2
N??CA?oICGWO@oF?GD?	46	feffffffff37c
N??CA?oICGWO@oF??L?	46	dffffeffff77c
N??CA?oICGWOBGCSL??	46	1ffffffffb7fe
N??CA?oICGWOBGCSK_?	46	3fffffffffff
N??CA?oICGWOBGCSH_?	46	3fffffffffff
N??CA?oICGWOBGCSEO?	46	3fffffffffff
N??CA?oICGWOBGCS@o?	46	3fffffffffff
N??CA?oICGWOBGCSGg?	46	3fffffffffff
N??CA?oICGWOBGCSCg?	46	2ffeffffffefb
N??CA?oICGWOBGCSAg?	46	2ffeffffffefb
N??CA?oICGWOBGCSGW?	46	3fffffffffff
N??CA?oICGWOBGCS?w?	46	3fffffffffff
N??CA?oICGWOBGCSK@?	46	3fffffffffff
N??CA?oICGWOBGCSI@?	46	3fffffffffff
N??CA?oICGWOBGCSGP?	46	3fffffffffff
N??CA?oICGWOSABODC?	46	fffffffef7ff
N??CA?oICGWOSABOCa?	46	3fffffffffff
N??CA?oICGWOSABOCE?	46	fffffffdefff
N??CA?oICGOo[?BOIO?	46	ffffffffeffb
N??CA?oICGOo[?BOBO?	46	3fffffffffff
N??CA?oICGOo[?BOGQ?	46	7fffffffefff
N??CA?oICGOo[?BOB@?	46	3fffffffffff
N??CA?oICGOo[?BOAH?	46	3fffffffffff
N??CA?oICGOo[?BO@H?	46	2fffff7ff7ffb
N??CA?oICGOo[?BOGD?	46	fffffffff77f
N??CA?oICGOo[?BOGB?	46	7ffffffff7ff
N??CA?oICGOoT?QO@P?	46	37ff6fdff9f0fb52
N??CA?oICGOoT?EO@P?	46	3ffffffe97fff
N??CA?oICGOoT?EO?X?	46	3faeffff75e937d2
N??CA?oICGOoT?EOCB?	46	7fffffffefff
N??CA?oICGOoT?AoF??	46	7ffffffffffb
N??CA?oICGOoT?AoDC?	46	3fffffffcfefb
N??CA?oICGOoT?AoCK?	46	7ffffffffffb
N??CA?oICGOoT?AoKA?	46	7fffffffefff
N??CA?oICGOoT?AoEA?	46	3fffffffe6eff
N??CA?oICGOoT?AoCE?	46	3fffffffd6ffb
N??CA?oICGOoT?AoH@?	46	37ff6fdff9f0fb52
N??CA?oICGOoT?AoB@?	46	3ffffffe97fff
N??CA?oICGOoT?AoAH?	46	3faeffff75e937d2
N??CA?oICGOoT?AoGD?	46	3effffffffb7e
N??CA?oICGOoT?Ao@D?	46	3fffffffffff
N??CA?oICGOoT?AoAB?	46	3fffffffffff
N??CA?oICGOoT?Ao?J?	46	1ffffffffb7fe
N??CA?oICGOoT?Ao?F?	46	3fffffffffff
N??CA?oICGOoT?AWD@?	46	ffffffffeffe
N??CA?oICGOoT?AWGP?	46	3effffffffb7e
N??CA?oICGOoT?AW@P?	46	3fffffffffff
N??CA?oICGOoT?AW?R?	46	3fffffffffff
N??CA?oICGOoT?AW?J?	46	7ffffffffeff
N??CA?oICGOoT?AQM??	46	fffffffff7fe
N??CA?oICGOoT?AQF??	46	7ffffffffffe
N??CA?oICGOoT?AQHO?	46	37ff6fdff9f0fb52
N??CA?oICGOoT?AQBO?	46	3ffffffe97fff
N??CA?oICGOoT?AQDC?	46	3fffffffdef7e
N??CA?oICGOoT?AQGS?	46	3effffffffb7e
N??CA?oICGOoT?AQ@S?	46	3fffffffffff
N??CA?oICGOoT?AQCK?	46	7ffffffffffd
N??CA?oICGOoT?AQCE?	46	3fffffffd77fd
N??CA?oICGOoT?AQ?U?	46	3fffffffffff
N??CA?oICGOoF?SOGP?	46	2ffdeff7fe70fccc
N??CA?oICGOoF?OoK@?	46	3fffffffdef7e
N??CA?oICGOoF?OoI@?	46	2ffdeff7fe70fccc
N??CA?oICGOoF?OoGD?	46	feffffffff37c
N??CA?oICGOoF?OWGP?	46	feffffffff37c
N??CA?oICGOoF?OQKO?	46	3fffffffdef7e
N??CA?oICGOoF?OQIO?	46	2ffdeff7fe70fccc
N??CA?oICGOoF?OQGS?	46	feffffffff37c
N??CA?oICGOoS_QOCa?	46	3fffffffe6eff
N??CA?oICGOoS_QO@`?	46	37ff6fdff9f0fb52
N??CA?oICGOoS_IOI_?	46	1ffffffffb7fe
N??CA?oICGOoS_IOH_?	46	3fffffffffff
N??CA?oICGOoS_IOB_?	46	3fffffffffff
N??CA?oICGOoS_IOAg?	46	3fffffffffff
N??CA?oICGOoS_IO@g?	46	ffffffff7ffb
N??CA?oICGOoS_IO@c?	46	fffffffefffb
N??CA?oICGOoS_IO?k?	46	7ffffffffffb
N??CA?oICGOoS_EOH_?	46	3ffff7dfdf7ff
N??CA?oICGOoS_EOD_?	46	3fffffffffff
N??CA?oICGOoS_EOCa?	46	7ffffffeffff
N??CA?oICGOoS_EO@`?	46	3ffffffe97fff
N??CA?oICGOoS_EO?h?	46	3faeffff75e937d2
N??CA?oICGOoS_AWD_?	46	fffffffefffb
N??CA?oICGOoS_AWCg?	46	7ffffffffffb
N??CA?oICGOoS_AW?i?	46	7ffffffffeff
N??CA?oICGOoS_AWG`?	46	3effffffffb7e
N??CA?oICGOoS_AW@`?	46	3fffffffffff
N??CA?oICGOoS_AW?b?	46	3fffffffffff
N??CA?oICGOoE_WOI_?	46	ffffffffe7ff
N??CA?oICGOoE_WOGc?	46	fffffffffefb
N??CA?oICGOoE_WOG`?	46	3fffffffdef7e
N??CA?oICGOoE_SOH_?	46	3ffff7dfdf7ff
N??CA?oICGOoE_SOGc?	46	3ffffffffffd2
N??CA?oICGOoE_SOG`?	46	2ffdeff7fe70fccc
N??CA?oICGOoE_POM??	46	3fffffffffff
N??CA?oICGOoE_POKC?	46	3fffffffffe79
N??CA?oICGOoE_POK@?	46	3fffffffdef7e
N??CA?oICGOoE_POI@?	46	2ffdeff7fe70fccc
N??CA?oICGOoE_POGD?	46	feffffffff37c
N??CA?oICGOoE_OWI_?	46	3ffffffffffd2
N??CA?oICGOoE_OWGa?	46	ffffffffeffd
N??CA?oICGOoE_OWG`?	46	feffffffff37c
N??CA?oICGOoP_EOB@?	46	3ffffffe97fff
N??CA?oICGOoP_EO?F?	46	fffffffdf7ff
N??CA?oICGOoD_QOH@?	46	37ff6fdff9f0fb52
N??CA?oICGOoWOF?I@?	46	fffffffdf7ff
N??CA?oICGOoWOF?GP?	46	3fffffffdef7e
N??CA?oICGOoWOF?GD?	46	ffffffffff7e
N??CA?oICGOoPAEOBO?	46	3ffffffe97fff
N??CA?oICGOoPAEO?U?	46	fffffffdf7ff
N??CA?oICGOoDAQOHO?	46	37ff6fdff9f0fb52
N??CA?oICGGoT?aODC?	46	3fffffffffff
N??CA?oICGGoT?aOCE?	46	3fffffffffff
N??CA?oICGGoT?EODC?	46	3ffffbbfeefff
N??CA?oICGGoT?EOCS?	46	3fffffffffff
N??CA?oICGGoT?EOCQ?	46	3fffffffffff
N??CA?oICGGoT?EOCI?	46	3ffffdefdefff
N??CA?oICGGoT?EOCE?	46	3ffffdefdefff
N??CA?oICGGoT?EO@E?	46	3ffffdefdefff
N??CA?oICGGoT?EOOP?	46	2ffdeff7fe70fccc
N??CA?oICGGoT?EO@P?	46	3ffffffe97fff
N??CA?oICGGoT?EO?X?	46	3faeffff75e937d2
N??CA?oICGGoT?EO?T?	46	1ffffffffb7fe
N??CA?oICGGoT?EOCB?	46	3fffffffffff
N??CA?oICGGoT?EO?R?	46	3fffffffffff
N??CA?oICGGoT?AoBG?	46	3ffdffdfdff7f
N??CA?oICGGoT?AoSC?	46	3fffffffffff
N??CA?oICGGoT?AoEC?	46	3fffffffffff
N??CA?oICGGoT?AoDC?	46	3fffffffffff
N??CA?oICGGoT?AoOK?	46	3effffffffcfe
N??CA?oICGGoT?AoCK?	46	3fffffffffff
N??CA?oICGGoT?AoEA?	46	3fffffffffff
N??CA?oICGGoT?AoCI?	46	3fffffffffff
N??CA?oICGGoT?AoCE?	46	3fffffffffff
N??CA?oICGGoT?AoCD?	46	3fffffffffff
N??CA?oICGGoT?AoCB?	46	3fffffffffff
N??CA?oICGGoT?Ao?J?	46	1ffffffffb7fe
N??CA?oICGGoT?AWT??	46	3fffffffffff
N??CA?oICGGoT?AWEO?	46	3fffffffffff
N??CA?oICGGoT?AWDO?	46	3fffffffffff
N??CA?oICGGoT?AWEA?	46	3ffffdefdefff
N??CA?oICGGoT?AWCP?	46	3fffffffffff
N??CA?oICGGoT?AWAP?	46	1ffffffffb7fe
N??CA?oICGGoT?AQU??	46	3fffffffffff
N??CA?oICGGoT?AQQG?	46	2ffdeff7fe70fccc
N??CA?oICGGoT?AQBG?	46	3ffffffe97fff
N??CA?oICGGoT?AQDC?	46	3fffffffffff
N??CA?oICGGoT?AQCS?	46	3fffffffffff
N??CA?oICGGoT?AQSA?	46	3fffffffffff
N??CA?oICGGoT?AQEA?	46	3fffffffffff
N??CA?oICGGoT?AQCQ?	46	3fffffffffff
N??CA?oICGGoT?AQCI?	46	3fffffffffff
N??CA?oICGGoT?AQCE?	46	3fffffffffff
N??CA?oICGGoD_aOM??	46	3fffffffffff
N??CA?oICGGoD_aOF??	46	3fffffffffff
N??CA?oICGGoD_aODC?	46	3fffffffffff
N??CA?oICGGoD_aOKA?	46	3fffffffffff
N??CA?oICGGoD_aOEA?	46	3fffffffffff
N??CA?oICGGoD_aOB@?	46	3ffffffe97fff
N??CA?oICGGoD_aOCH?	46	3fffffffffff
N??CA?oICGGoD_aO@H?	46	3defbfffdea94fcc
N??CA?oICGGoD_aOGD?	46	3effffffffb7e
N??CA?oICGGoD_aOCD?	46	3fffffffffff
N??CA?oICGGoD_aOAB?	46	3fffffffffff
N??CA?oICGGoD_QOF??	46	3fffffffffff
N??CA?oICGGoD_QOQG?	46	3faeffff75e937d2
N??CA?oICGGoD_QOBG?	46	3ffdffdfdff7f
N??CA?oICGGoD_QOSC?	46	3ffdffdfdff7f
N??CA?oICGGoD_QODC?	46	1ffffffffcffe
N??CA?oICGGoD_QOCK?	46	3fffffffffff
N??CA?oICGGoD_QOEA?	46	3ffdffdfdff7f
N??CA?oICGGoD_QO@I?	46	1ffffffffcffe
N??CA?oICGGoD_QOCE?	46	1ffffff7efffd
N??CA?oICGGoD_IOY??	46	1ffffffffb7fe
N??CA?oICGGoD_IOX??	46	3fffffffffff
N??CA?oICGGoD_IOR??	46	3fffffffffff
N??CA?oICGGoD_IOJ??	46	3fffffffffff
N??CA?oICGGoD_IOQG?	46	3fffffffffff
N??CA?oICGGoD_IOPG?	46	3fffffffffff
N??CA?oICGGoD_IOBG?	46	3fffffffffff
N??CA?oICGGoD_IOPC?	46	3fffffffffff
N??CA?oICGGoD_IOHC?	46	3fffffffffff
N??CA?oICGGoD_IOBC?	46	1ffffff7efffd
N??CA?oICGGoD_IOGK?	46	3fffffffffff
N??CA?oICGGoD_IOOH?	46	7fbfbffbf7f7f
N??CA?oICGGoD_EOX??	46	3ffff7dfdf7ff
N??CA?oICGGoD_EOL??	46	3fffffffffff
N??CA?oICGGoD_EOSG?	46	3fffffffffff
N??CA?oICGGoD_EOPC?	46	3fffffffffff
N??CA?oICGGoD_EODC?	46	1ffffff7efffd
N??CA?oICGGoD_EOCK?	46	3fffffffffff
N??CA?oICGGoD_EO@K?	46	3fffffffffff
N??CA?oICGGoD_EOSA?	46	3fffffffffff
N??CA?oICGGoD_EOKA?	46	3fffffffffff
N??CA?oICGGoD_EOPA?	46	3fffffffffff
N??CA?oICGGoD_EOCI?	46	3fffffffffff
N??CA?oICGGoD_EO@I?	46	3fffffffffff
N??CA?oICGGoD_EOOE?	46	3fffffffffff
N??CA?oICGGoD_EOGE?	46	3fffffffffff
N??CA?oICGGoD_EO@E?	46	1ffffffffcffe
N??CA?oICGGoD_EOOH?	46	3faeffff75e937d2
N??CA?oICGGoD_AWX??	46	3fffffffffff
N??CA?oICGGoD_AWT??	46	3fffffffffff
N??CA?oICGGoD_AWL??	46	3fffffffffff
N??CA?oICGGoD_AWR??	46	3fffffffffff
N??CA?oICGGoD_AWF??	46	1ffffff7efffd
N??CA?oICGGoD_AWEG?	46	3fffffffffff
N??CA?oICGGoD_AWDG?	46	1ffffffffcffe
N??CA?oICGGoD_AWKA?	46	3fffffffffff
N??CA?oICGGoD_AWCI?	46	1ffffffffcffe
N??CA?oICGGoD_AW@I?	46	1ffffff7efffd
N??CA?oICGGoD_AWW@?	46	3effffffffb7e
N??CA?oICGGoD_AWP@?	46	3fffffffffff
N??CA?oICGGoD_ASU??	46	3ffffffffffe1
N??CA?oICGGoD_ASM??	46	3fffffffffff
N??CA?oICGGoD_AST??	46	3fffffffffff
N??CA?oICGGoD_ASF??	46	1ffffff7efffd
N??CA?oICGGoD_ASSG?	46	3fffffffffff
N??CA?oICGGoD_ASEG?	46	3fffffffffff
N??CA?oICGGoD_ASDG?	46	1ffffffffcffe
N??CA?oICGGoD_ASSC?	46	3effffffffcfe
N??CA?oICGGoD_ASQC?	46	2ffdeff7fe70fccc
N??CA?oICGGoD_ASIC?	46	1ffffff7efffd
N??CA?oICGGoD_ASDC?	46	1ffffffffcffe
N??CA?oICGGoD_ASBC?	46	1ffffffffcffe
N??CA?oICGGoD_ASAK?	46	3fffffffffff
N??CA?oICGGoD_ASQ@?	46	2ffdeff7fe70fccc
N??CA?oICGGoDOU?SA?	46	3fffffffffff
N??CA?oICGGoDOU?CQ?	46	3fffffffffff
N??CA?oICGGoDOU?CI?	46	3ffffdefdefff
N??CA?oICGGoDOU?CP?	46	3fffffffffff
N??CA?oICGGoDOU??X?	46	3faeffff75e937d2
N??CA?oICGGoDOE_[??	46	3fffffffffff
N??CA?oICGGoDOE_L??	46	3fffffffffff
N??CA?oICGGoDOE_KC?	46	3fffffffffff
N??CA?oICGGoDOE_PC?	46	3fffffffffff
N??CA?oICGGoDOE_HC?	46	3fffffffffff
N??CA?oICGGoDOE_DC?	46	3fffffffffff
N??CA?oICGGoDOE_CK?	46	3fffffffffff
N??CA?oICGGoDOE_WA?	46	3fffffffffff
N??CA?oICGGoDOE_SA?	46	3fffffffffff
N??CA?oICGGoDOE_KA?	46	3fffffffffff
N??CA?oICGGoDOQOF??	46	3ffffbbfeefff
N??CA?oICGGoDOQOBO?	46	3ffdffdfdff7f
N??CA?oICGGoDOQOSC?	46	3fffffffffff
N??CA?oICGGoDOQODC?	46	3ffffdefdefff
N??CA?oICGGoDOQOCS?	46	3fffffffffff
N??CA?oICGGoDOQOAS?	46	1ffffffffcffe
N??CA?oICGGoDOQOEA?	46	3ffffdefdefff
N??CA?oICGGoDOQOCQ?	46	3fffffffffff
N??CA?oICGGoDOQOCE?	46	3fffffff0ffff
N??CA?oICGGoDOQOP@?	46	37ff6fdff9f0fb52
N??CA?oICGGoDOQOB@?	46	3ffffffe97fff
N??CA?oICGGoDOQOCP?	46	3fffffffffff
N??CA?oICGGoDOQOAP?	46	3faeffff75e937d2
N??CA?oICGGoDOQO@P?	46	3defbfffdea94fcc
N??CA?oICGGoDOQOAD?	46	1ffffffffb7fe
N??CA?oICGGoDOQO@D?	46	3fffffffffff
N??CA?oICGGoDOQO?T?	46	1ffffeffff7fd
N??CA?oICGGoDOQO?R?	46	1ffffffffb7fe
N??CA?oICGGo@oe?K@?	46	3fffffffdef7e
N??CA?oICGGo@oe?I@?	46	2ffdeff7fe70fccc
N??CA?oICGGo@oe?B@?	46	3ffffffe97fff
N??CA?oICGGo@oe?GD?	46	feffffffff37c
N??CA?oICGCos?EOH_?	46	3fffffffffff
N??CA?oICGCos?EO@o?	46	3fffffffffff
N??CA?oICGCos?EOGg?	46	3fffffffffff
N??CA?oICGCos?EO@g?	46	3fffffffffff
N??CA?oICGCos?EO?w?	46	3fffffffffff
N??CA?oICGCos?EOHC?	46	7ffffffffffb
N??CA?oICGCos?EOGc?	46	3fffffffffff
N??CA?oICGCos?EO@c?	46	3fffffffffff
N??CA?oICGCos?EO@S?	46	3fffffffffff
N??CA?oICGCos?EO@K?	46	7fffffffefff
N??CA?oICGCos?EO?k?	46	3fffffffffff
N??CA?oICGCos?EOGa?	46	3fffffffffff
N??CA?oICGCos?EO@a?	46	3fffffffffff
N??CA?oICGCos?EOGI?	46	7fffffffefff
N??CA?oICGCos?EO?i?	46	3fffffffffff
N??CA?oICGCos?EO?Y?	46	3fffffffffff
N??CA?oICGCos?EOGE?	46	7fffffffefff
N??CA?oICGCos?EO?e?	46	3fffffffffff
N??CA?oICGCos?EOH@?	46	3fffffffffff
N??CA?oICGCos?EO@`?	46	3fffffffffff
N??CA?oICGCos?EO@P?	46	3fffffffffff
N??CA?oICGCos?EO?p?	46	3fffffffffff
N??CA?oICGCos?EO?h?	46	3fffffffffff
N??CA?oICGCos?EO?X?	46	3fffffffffff
N??CA?oICGCos?EO@D?	46	3fffffffffff
N??CA?oICGCos?EO?L?	46	3fffffffffff
N??CA?oICGCos?EO@B?	46	3fffffffffff
N??CA?oICGCos?EO?R?	46	3fffffffffff
N??CA?oICGCos?EO?J?	46	3fffffffffff
N??CA?oICGCos?EO?F?	46	3fffffffffff
N??CA?oICGCos?BOJ??	46	3fffffffffff
N??CA?oICGCos?BOHO?	46	3fffffffffff
N??CA?oICGCos?BOBO?	46	3fffffffffff
N??CA?oICGCos?BOIG?	46	3fffffffffff
N??CA?oICGCos?BOAW?	46	3fffffffffff
N??CA?oICGCos?BOHC?	46	3fffffffffff
N??CA?oICGCos?BOBC?	46	3fffffffffff
N??CA?oICGCos?BOGS?	46	3fffffffffff
N??CA?oICGCos?BOGK?	46	3fffffffffff
N??CA?oICGCos?BO@K?	46	3fffffffffff
N??CA?oICGCos?BO?[?	46	3fffffffffff
N??CA?oICGCos?BOHA?	46	3fffffffffff
N??CA?oICGCos?BOGQ?	46	3fffffffffff
N??CA?oICGCos?BO?Y?	46	3fffffffffff
N??CA?oICGCos?BO?U?	46	3fffffffffff
N??CA?oICGCoe?SOH_?	46	3fffffffffff
N??CA?oICGCoe?SOGo?	46	3fffffffffff
N??CA?oICGCoe?SOGg?	46	3fffffffffff
N??CA?oICGCoe?SOGW?	46	3fffffffffff
N??CA?oICGCoe?SOHC?	46	7ffffffffffb
N??CA?oICGCoe?SOGc?	46	3fffffffffff
N??CA?oICGCoe?SOGa?	46	3fffffffffff
N??CA?oICGCoe?SOGQ?	46	3fffffffffff
N??CA?oICGCoe?SOGI?	46	7fffffffefff
N??CA?oICGCoe?SOGP?	46	3fffffffffff
N??CA?oICGCoe?SOGH?	46	3fffffffffff
N??CA?oICGCoe?SOGD?	46	3fffffffffff
N??CA?oICGCoe?SOGB?	46	3fffffffffff
N??CA?oICGCoe?POJ??	46	3fffffffffff
N??CA?oICGCoe?POIO?	46	3fffffffffff
N??CA?oICGCoe?POIC?	46	3fffffffffff
N??CA?oICGCoe?POHC?	46	3fffffffffff
N??CA?oICGCoe?POGS?	46	3fffffffffff
N??CA?oICGCoe?POGP?	46	3fffffffdef7e
N??CA?oICGCoT?EOPO?	46	3fffffffffff
N??CA?oICGCoT?EOHO?	46	3fffffffffff
N??CA?oICGCoT?EOOW?	46	3fffffffffff
N??CA?oICGCoT?EOPC?	46	3fffffffffff
N??CA?oICGCoT?EOHC?	46	3ffffbbfeefff
N??CA?oICGCoT?EOOK?	46	3fffffffffff
N??CA?oICGCoT?EO@K?	46	3ffffdefdefff
N??CA?oICGCoT?EO?[?	46	3fffffffffff
N??CA?oICGCoT?EOOI?	46	3fffffffffff
N??CA?oICGCoT?EOGI?	46	3ffffdefdefff
N??CA?oICGCoT?EO?Y?	46	3fffffffffff
N??CA?oICGCoT?EOGE?	46	3ffffdefdefff
N??CA?oICGCoT?EOP@?	46	3fffffffffff
N??CA?oICGCoT?EOH@?	46	3fffffffffff
N??CA?oICGCoT?EOOP?	46	3fffffffffff
N??CA?oICGCoT?EOGP?	46	3fffffffffff
N??CA?oICGCoT?EO@P?	46	3fffffffffff
N??CA?oICGCoT?EOOH?	46	3fffffffffff
N??CA?oICGCoT?EO?X?	46	3fffffffffff
N??CA?oICGCoT?EO@D?	46	3fffffffffff
N??CA?oICGCoT?EO?T?	46	3fffffffffff
N??CA?oICGCoT?EOOB?	46	3fffffffffff
N??CA?oICGCoT?EO?R?	46	3fffffffffff
N??CA?oICGCoT?EO?J?	46	3fffffffffff
N??CA?oICGCoT?AoY??	46	3fffffffffff
N??CA?oICGCoT?AoX??	46	3fffffffffff
N??CA?oICGCoT?AoR??	46	3fffffffffff
N??CA?oICGCoT?AoJ??	46	3fffffffffff
N??CA?oICGCoT?AoQG?	46	3fffffffffff
N??CA?oICGCoT?AoPG?	46	3fffffffffff
N??CA?oICGCoT?AoWC?	46	3fffffffffff
N??CA?oICGCoT?AoQC?	46	3fffffffffff
N??CA?oICGCoT?AoPC?	46	3fffffffffff
N??CA?oICGCoT?AoHC?	46	3fffffffffff
N??CA?oICGCoT?AoOK?	46	3fffffffffff
N??CA?oICGCoT?AoGK?	46	3fffffffffff
N??CA?oICGCoT?Ao@K?	46	3fffffffffff
N??CA?oICGCoT?AoWA?	46	3fffffffffff
N??CA?oICGCoT?AoQA?	46	3fffffffffff
N??CA?oICGCoT?AoOI?	46	3fffffffffff
N??CA?oICGCoT?AoOE?	46	3fffffffffff
N??CA?oICGCoT?AoGE?	46	3fffffffffff
N??CA?oICGCoF?SOWO?	46	3fffffffffff
N??CA?oICGCoF?SOHC?	46	3ffffbbfeefff
N??CA?oICGCoF?SOWA?	46	3fffffffffff
N??CA?oICGCoF?SOGQ?	46	3fffffffffff
N??CA?oICGCoF?SOGI?	46	3ffffdefdefff
N??CA?oICGCoF?SOW@?	46	3fffffffffff
N??CA?oICGCoF?SOGP?	46	3fffffffffff
N??CA?oICGCoF?SOGH?	46	3fffffffffff
N??CA?oICGCoF?SOGD?	46	3fffffffffff
N??CA?oICGCoF?SOGB?	46	3fffffffffff
N??CA?oICGCoF?OoY??	46	3fffffffffff
N??CA?oICGCoF?OoJ??	46	3fffffffffff
N??CA?oICGCoF?OoWG?	46	3fffffffcfefb
N??CA?oICGCoF?OoWC?	46	3fffffffffff
N??CA?oICGCoF?OoIC?	46	3fffffffffff
N??CA?oICGCoF?OoHC?	46	3fffffffffff
N??CA?oICGCoF?OoGE?	46	3fffffffffff
N??CA?oICGCoF?OoW@?	46	3fffffffdef7e
N??CA?oICGCoF?OoI@?	46	3fffffffffff
N??CA?oICGCoF?OoGD?	46	3fffffffffff
N??CA?oICGCooOU?Ao?	46	3fffffffffff
N??CA?oICGCooOU?BG?	46	7ffffffffffb
N??CA?oICGCooOU?Ag?	46	3fffffffffff
N??CA?oICGCooOU?Ac?	46	7fffffffefff
N??CA?oICGCooOU?@c?	46	7fffffffefff
N??CA?oICGCooOU?@S?	46	3fffffffffff
N??CA?oICGCooOU??s?	46	fffffffffefe
N??CA?oICGCooOU?@K?	46	7fffffffefff
N??CA?oICGCooOU??k?	46	3fffffffffff
N??CA?oICGCooOU??e?	46	fffffffdfffd
N??CA?oICGCooOU??U?	46	7ffffffffffd
N??CA?oICGCooOU?B@?	46	3fffffffffff
N??CA?oICGCooOU?A`?	46	3fffffffffff
N??CA?oICGCooOU?AH?	46	3fffffffffff
N??CA?oICGCooOU?AD?	46	3fffffffffff
N??CA?oICGCooOU?@D?	46	3fffffffffff
N??CA?oICGCooOU??d?	46	ffffffffff7d
N??CA?oICGCooOU??L?	46	3fffffffffff
N??CA?oICGCooOU??F?	46	7ffffffffffb
N??CA?oICGCooOF?J??	46	7ffffffffffb
N??CA?oICGCooOF?IO?	46	3fffffffffff
N??CA?oICGCooOF?IG?	46	3fffffffffff
N??CA?oICGCooOF?IC?	46	7fffffffefff
N??CA?oICGCooOF?HC?	46	7fffffffefff
N??CA?oICGCooOF?GS?	46	3fffffffffff
N??CA?oICGCooOF?GP?	46	3fffffffdef7e
N??CA?oICGCoPOU?QO?	46	3fffffffffff
N??CA?oICGCoPOU?BG?	46	3ffffbbfeefff
N??CA?oICGCoPOU?QC?	46	3fffffffffff
N??CA?oICGCoPOU?PC?	46	3fffffffffff
N??CA?oICGCoPOU?OS?	46	fffffffffefe
N??CA?oICGCoPOU?@S?	46	3fffffffffff
N??CA?oICGCoPOU?@K?	46	3ffffdefdefff
N??CA?oICGCoPOU?AP?	46	3fffffffffff
N??CA?oICGCoPOU??X?	46	3ffffffff7efc
N??CA?oICGCoPOU?@D?	46	3fffffffffff
N??CA?oICGCoPOU??T?	46	fffffffff7fd
N??CA?oICGCoPOU??F?	46	7fffffffefff
N??CA?oICGCoPOEAY??	46	3fffffffffff
N??CA?oICGCoPOEAJ??	46	3fffffffffff
N??CA?oICGCoPOEAWO?	46	3fffffffdef7e
N??CA?oICGCoPOEAIO?	46	3fffffffffff
N??CA?oICGCoPOEAHC?	46	3fffffffffff
N??CA?oICGCoPGEOR??	46	3fffffffffff
N??CA?oICGCoPGEOJ??	46	3ffffbbfeefff
N??CA?oICGCoPGEOPO?	46	3fffffffffff
N??CA?oICGCoPGEOHO?	46	3fffffffffff
N??CA?oICGCoPGEOPG?	46	3fffffffffff
N??CA?oICGCoPGEOHG?	46	3ffffdefdefff
N??CA?oICGCoPGEOOW?	46	3fffffffffff
N??CA?oICGCoPGEOGW?	46	3fffffffffff
N??CA?oICGCoPGEO@W?	46	3fffffffffff
N??CA?oICGCoPGEOIA?	46	3ffffdefdefff
N??CA?oICGCoPGEOGQ?	46	7ffffffff7ff
N??CA?oICGCoPGEO?Y?	46	3fffffffffff
N??CA?oICGCoPGEOGP?	46	fffffffff7fd
N??CA?oICGCoPGEOAP?	46	3fffffffffff
N??CA?oICGCoPGEO@P?	46	3fffffffffff
N??CA?oICGCoBGSOJ??	46	3ffffbbfeefff
N??CA?oICGCoBGSOWO?	46	3fffffffffff
N??CA?oICGCoBGSOIO?	46	3fffffffffff
N??CA?oICGCoBGSOGP?	46	3fffffffffff
N??CA?oICGAoF?oOKA?	46	ffffffffef7f
N??CA?oICGAoF?oOGP?	46	2ffdeff7fe70fccc
N??CA?oICGAoF?WOWO?	46	ffffffffe7ff
N??CA?oICGAoF?WOHO?	46	7ffffffff7ff
N??CA?oICGAoF?WOHC?	46	3ffffbbfeefff
N??CA?oICGAoF?WOGS?	46	3fffffffffff
N??CA?oICGAoF?WOWA?	46	3fffffffffff
N??CA?oICGAoF?WOGQ?	46	3fffffffffff
N??CA?oICGAoF?WOGI?	46	3ffffdefdefff
N??CA?oICGAoF?WOGE?	46	3ffffdefdefff
N??CA?oICGAoF?WOW@?	46	fffffffdf7ff
N??CA?oICGAoF?WOH@?	46	7ffffffdffff
N??CA?oICGAoF?WOGP?	46	fffffffdff7f
N??CA?oICGAoF?WOGD?	46	3fffffffffff
N??CA?oICGAoF?WOGB?	46	3fffffffffff
N??CA?oICGAoF?QOWO?	46	3ffff7dfdf7ff
N??CA?oICGAoF?QOKC?	46	3ffffbbfeefff
N??CA?oICGAoF?QOGS?	46	3fffffffffff
N??CA?oICGAoF?QOKA?	46	3ffffbbfeefff
N??CA?oICGAoF?QOGQ?	46	3fffffffffff
N??CA?oICGAoF?QOGE?	46	3ffffdefdefff
N??CA?oICGAoF?QOW@?	46	3fffffff0ffff
N??CA?oICGAoF?QOGP?	46	3ffffffe97fff
N??CA?oICGAoF?QOGD?	46	3fffffffffff
N??CA?oICGAoF?QOGB?	46	3fffffffffff
N??CA?oICGAoF?OoX??	46	3ffff7dfdf7ff
N??CA?oICGAoF?OoL??	46	3fffffffffff
N??CA?oICGAoF?OoWG?	46	3faeffff75e937d2
N??CA?oICGAoF?OoKC?	46	3fffffffffff
N??CA?oICGAoF?OoHC?	46	3fffffffffff
N??CA?oICGAoF?OoKA?	46	7ffffffff7ff
N??CA?oICGAoF?OoHA?	46	3fffffffffff
N??CA?oICGAoF?OoGE?	46	3fffffffffff
N??CA?oICGAoF?OoW@?	46	2ffdeff7fe70fccc
N??CA?oICGAoF?OoH@?	46	3ffffffe97fff
N??CA?oICGAoF?OoGD?	46	1ffffffffb7fe
N??CA?oICGAoB_oOM??	46	3fffffffffff
N??CA?oICGAoB_oOI@?	46	2ffdeff7fe70fccc
N??CA?oICGAoB_SO[??	46	3fffffffffff
N??CA?oICGAoB_SOX??	46	3ffff7dfdf7ff
N??CA?oICGAoB_SOL??	46	7ffffffff7ff
N??CA?oICGAoB_SOWG?	46	3faeffff75e937d2
N??CA?oICGAoB_SOWC?	46	3ffffffffffd2
N??CA?oICGAoB_SOKC?	46	1ffffffffcffe
N??CA?oICGAoB_SOHC?	46	3fffffffffff
N??CA?oICGAoB_SOGK?	46	1ffffffffcffe
N??CA?oICGAoB_SOWA?	46	3fffffffffff
N??CA?oICGAoB_SOKA?	46	7ffffffff7ff
N??CA?oICGAoB_SOHA?	46	7ffffffff7ff
N??CA?oICGAoB_SOW@?	46	2ffdeff7fe70fccc
N??CA?oICGAoB_OWY??	46	3ffffffffffd2
N??CA?oICGAoB_OWM??	46	1ffffffffcffe
N??CA?oICGAoB_OWX??	46	ffffffffeffe
N??CA?oICGAoB_OWL??	46	3fffffffffff
N??CA?oICGAoB_OWJ??	46	3fffffffffff
N??CA?oICGAoB_OWKA?	46	1ffffffffcffe
N??CA?oICGAoB_OWHA?	46	7ffffffff7ff
N??CA?oICGAoB_OWGI?	46	3ffdffdfdff7f
N??CA?oICGAoB_OWW@?	46	feffffffff37c
N??CA?oICGWGT?B_DG?	46	3fffffffffff
N??CA?oICGWGT?B_DC?	46	7fffffffefff
N??CA?oICGWGT?B_CK?	46	3fffffffffff
N??CA?oICGWGT?B_EA?	46	7fffffffefff
N??CA?oICGWGT?B_CI?	46	3fffffffffff
N??CA?oICGWGT?B_CE?	46	7ffffffdffff
N??CA?oICGWGT?B_CD?	46	3fffffffffff
N??CA?oICGWGT?B_CB?	46	3fffffffffff
N??CA?oICGWGP_E_E_?	46	3fffffffffff
N??CA?oICGWGP_E_Cg?	46	3fffffffcfefb
N??CA?oICGWGP_E_Ag?	46	3faeffff75e937d2
N??CA?oICGWGP_E_Cc?	46	7ffffffffffd
N??CA?oICGWGP_E_?k?	46	fefffffffecfa
N??CA?oICGWGP_EOE_?	46	3fffffffffff
N??CA?oICGWGP_EOB_?	46	3ffff7dfdf7ff
N??CA?oICGWGP_EOBO?	46	3ffff7dfdf7ff
N??CA?oICGWGP_EOCo?	46	3fffffffcfefb
N??CA?oICGWGP_EOAo?	46	3faeffff75e937d2
N??CA?oICGWGP_EOCc?	46	7ffffffffffd
N??CA?oICGWGP_EOAc?	46	3ffffffffffd2
N??CA?oICGWGP_EO?s?	46	fefffffffecfa
N??CA?oICGWGP_EO?e?	46	7ffffffffffe
N??CA?oICGWGSAB_DC?	46	ffffffffe7ff
N??CA?oICGWGSAB_CK?	46	fffffffff77f
N??CA?oICGWGSAB_EA?	46	fffffffff7fe
N??CA?oICGWGSAB_Ca?	46	3fffffffffff
N??CA?oICGWGSAB_CE?	46	fffffffdf7ff
N??CA?oICGWGSAB_@E?	46	fffffffdff7f
N??CA?oICGWGPAE_E_?	46	3fffffffffff
N??CA?oICGWGPAE_Cc?	46	3ffffffff7f7a
N??CA?oICGKGU?D_Og?	46	3fffffffffff
N??CA?oICGKGU?D_?w?	46	3fffffffffff
N??CA?oICGKGU?D_?s?	46	7ffffffff7ff
N??CA?oICGKGU?D_Oa?	46	3fffffffffff
N??CA?oICGKGU?D_OQ?	46	3fffffffffff
N??CA?oICGKGU?D_?q?	46	3fffffffffff
N??CA?oICGKGU?D_OH?	46	3fffffffffff
N??CA?oICGKGU?D_OD?	46	7fffffff7fff
N??CA?oICGKGU?D_OB?	46	3fffffffffff
N??CA?oICGKGU?@oR??	46	7ffffffffffb
N??CA?oICGKGU?@oQ_?	46	3fffffffffff
N??CA?oICGKGU?@oB_?	46	3ffffbbfeefff
N??CA?oICGKGU?@oPC?	46	7fffffffefff
N??CA?oICGKGU?@oAc?	46	3ffffdefdefff
N??CA?oICGKGU?@o@c?	46	3ffffdefdefff
N??CA?oICGKGU?@oQ@?	46	3fffffffffff
N??CA?oICGKGQGD_Og?	46	3fffffffffff
N??CA?oICGKGQGD_?w?	46	3fffffffffff
N??CA?oICGKGQGD_P@?	46	7ffffffffffe
N??CA?oICGKGQGD_OH?	46	7fffffffff7f
N??CA?oICGIGU?H_Og?	46	7fffffffff7f
N??CA?oICGIGU?H_?w?	46	7ffffffff7ff
N??CA?oICGIGU?H_Oc?	46	3ffff7dfdf7ff
N??CA?oICGIGU?H_?k?	46	3ffffdefdefff
N??CA?oICGIGU?H_Oa?	46	3bfffffbf7ffd
N??CA?oICGIGU?H_OQ?	46	3bfffffbf7ffd
N??CA?oICGIGU?H_?q?	46	1ffffff7efffd
N??CA?oICGIGU?H_P@?	46	7ffffffdffff
N??CA?oICGIGU?H_OH?	46	7fffffff7fff
N??CA?oICGIGU?H_OD?	46	3fffffff0ffff
N??CA?oICGIGU?H_OB?	46	2ffeffffffefb
N??CA?oICGIGU?B_Og?	46	3ffff7dfdf7ff
N??CA?oICGIGU?B_Oc?	46	7fffffffff7f
N??CA?oICGIGU?B_?k?	46	3ffffdefdefff
N??CA?oICGIGU?B_OI?	46	7fffffffefff
N??CA?oICGIGU?B_?i?	46	3ffffdefdefff
N??CA?oICGIGU?B_OH?	46	3fffffff0ffff
N??CA?oICGIGU?B_OD?	46	7fffffff7fff
N??CA?oICGIGU?B_OB?	46	3bffbffffff7d
N??CA?oICGIGU?@oP_?	46	3ffff7dfdf7ff
N??CA?oICGIGU?@oSC?	46	7fffffffefff
N??CA?oICGIGU?@oPC?	46	7fffffffefff
N??CA?oICGIGU?@oCc?	46	3ffffdefdefff
N??CA?oICGIGU?@o@c?	46	3ffffdefdefff
N??CA?oICGIGU?@oSA?	46	7fffffffefff
N??CA?oICGIGU?@oCa?	46	3ffffdefdefff
N??CA?oICGIGU?@oS@?	46	7fffffff7fff
N??CA?oICGIGU?@oP@?	46	3fffffff0ffff
N??CA?oICGIGT?I_PG?	46	3fffffffffff
N??CA?oICGIGT?I_?w?	46	3fffffffffff
N??CA?oICGIGT?I_?[?	46	3effffffffb7e
N??CA?oICGIGT?I_OQ?	46	2ffdeff7fe70fccc
N??CA?oICGIGT?I_?Y?	46	3effffffffb7e
N??CA?oICGIGT?I_P@?	46	3bfffffbf7ffd
N??CA?oICGIGT?I_OP?	46	1ffffff7efffd
N??CA?oICGIGT?I_@P?	46	1ffffff7efffd
N??CA?oICGIGT?I_?p?	46	3bfffffbf7ffd
N??CA?oICGIGT?I_OH?	46	3ffdffdfdff7f
N??CA?oICGIGT?I_OB?	46	37fffbfffeffb
N??CA?oICGIGT?I_?R?	46	3fff7dfffeeff
N??CA?oICGIGT?B_DG?	46	3ffffbbfeefff
N??CA?oICGIGT?B_OW?	46	3faeffff75e937d2
N??CA?oICGIGT?B_CW?	46	3fffffffffff
N??CA?oICGIGT?B_DC?	46	7ff7fbbfeefff
N??CA?oICGIGT?B_?[?	46	1ffffffffcffe
N??CA?oICGIGT?B_CQ?	46	3fffffffffff
N??CA?oICGIGT?B_CI?	46	3ffffdefdefff
N??CA?oICGIGT?B_?Y?	46	3fffffffffff
N??CA?oICGIGT?B_CP?	46	3fffffffffff
N??CA?oICGIGT?B_@P?	46	3defbfffdea94fcc
N??CA?oICGIGT?B_?X?	46	3faeffff75e937d2
N??CA?oICGIGT?B_?T?	46	1ffffffffb7fe
N??CA?oICGIGT?B_?R?	46	1ffffeffff7fd
N??CA?oICGIGT?B_?J?	46	3fffffffffff
N??CA?oICGIGT?AoOo?	46	3faeffff75e937d2
N??CA?oICGIGT?AoCo?	46	3fffffffffff
N??CA?oICGIGT?Ao@o?	46	3ffdffdfdff7f
N??CA?oICGIGT?AoSC?	46	3fffffffffff
N??CA?oICGIGT?AoDC?	46	3defbfffdea94fcc
N??CA?oICGIGT?AoSA?	46	3fffffffffff
N??CA?oICGIGT?AoPA?	46	3fffffffffff
N??CA?oICGIGT?AoCa?	46	3ffffdefdefff
N??CA?oICGIGT?AoCQ?	46	3effffffffb7e
N??CA?oICGIGT?AoS@?	46	3fffffffffff
N??CA?oICGIGF?Q_Oo?	46	3ffff7dfdf7ff
N??CA?oICGIGF?Q_CK?	46	3defbfffdea94fcc
N??CA?oICGIGF?Q_OI?	46	3fffffffffff
N??CA?oICGIGF?Q_OE?	46	3fffffffffff
N??CA?oICGIGF?Q_?M?	46	37ff6fdff9f0fb52
N??CA?oICGIGF?Q_S@?	46	3fffffffffff
N??CA?oICGIGF?Q_O`?	46	3fffffff0ffff
N??CA?oICGIGF?Q_OH?	46	3fffffff0ffff
N??CA?oICGIGF?Q_OD?	46	3fffffffffff
N??CA?oICGIGF?Q_OB?	46	3fffffffffff
N??CA?oICGIGF?Q_?b?	46	3fffffffffff
N??CA?oICGIGD_R?CW?	46	3fffffffffff
N??CA?oICGIGD_R?SA?	46	3fffffffffff
N??CA?oICGIGD_R?CQ?	46	3fffffffffff
N??CA?oICGIGD_R?CI?	46	3ffffdefdefff
N??CA?oICGIGD_R?CP?	46	3fffffffffff
N??CA?oICGIGD_R?@P?	46	3ffffffe97fff
N??CA?oICGIGD_R??X?	46	3faeffff75e937d2
N??CA?oICGIGQOH_R??	46	7ffffffffffb
N??CA?oICGIGQOH_Q_?	46	7fffffffff7f
N??CA?oICGIGQOH_B_?	46	3ffffbbfeefff
N??CA?oICGIGQOH_PC?	46	7fffffffefff
N??CA?oICGIGQOH_Oc?	46	3fffbffbf7f7f
N??CA?oICGIGQOH_Ac?	46	3ffffdefdefff
N??CA?oICGIGQOH_@c?	46	3ffffdefdefff
N??CA?oICGIGQOH_OS?	46	3fffbffbf7f7f
N??CA?oICGIGQOH_?s?	46	1ffffff7efffd
N??CA?oICGIGQOH_OE?	46	7ffffffdffff
N??CA?oICGIGQOH_?e?	46	3fffffff0ffff
N??CA?oICGIGQOH_Q@?	46	7fffffff7fff
N??CA?oICGIGQOH_OD?	46	3ffeff7ff7eff
N??CA?oICGIGQOD_P_?	46	3ffff7dfdf7ff
N??CA?oICGIGQOD_Co?	46	7ffffffff7ff
N??CA?oICGIGQOD_@o?	46	3ffdffdfdff7f
N??CA?oICGIGQOD_SC?	46	7fffffffefff
N??CA?oICGIGQOD_PC?	46	7fffffffefff
N??CA?oICGIGQOD_Cc?	46	3ffffdefdefff
N??CA?oICGIGQOD_@c?	46	3ffffdefdefff
N??CA?oICGIGQOD_OS?	46	3ffffffffffd2
N??CA?oICGIGQOD_?s?	46	1ffffffffcffe
N??CA?oICGIGQOD_SA?	46	7fffffffefff
N??CA?oICGIGQOD_Oa?	46	7ffffffffffd
N??CA?oICGIGQOD_Ca?	46	3ffffdefdefff
N??CA?oICGIGQOD_@a?	46	3ffffdefdefff
N??CA?oICGIGQOD_S@?	46	7fffffff7fff
N??CA?oICGIGQOD_P@?	46	3fffffff0ffff
N??CA?oICGIGQOD_OD?	46	3ffffffffffcc
N??CA?oICGIGQOD_OB?	46	7ffffffffffb
N??CA?oICGIGQO@gU??	46	7fffffffefff
N??CA?oICGIGQO@gT??	46	7fffffffefff
N??CA?oICGIGQO@gQ_?	46	3ffffffffffd2
N??CA?oICGIGQO@gE_?	46	3ffffdefdefff
N??CA?oICGIGQO@gP_?	46	7ffffffffffd
N??CA?oICGIGQO@gD_?	46	3ffffdefdefff
N??CA?oICGIGQO@gB_?	46	3ffffdefdefff
N??CA?oICGIGQO@g@o?	46	7ffffffff7ff
N??CA?oICGIGQO@g@a?	46	3fffffff0ffff
N??CA?oICGIGQO@gS@?	46	3ffeff7ff7eff
N??CA?oICGIGQO@gQ@?	46	3ffffffffffcc
N??CA?oICGIGQO@gP@?	46	7ffffffffffb
N??CA?oICGIGQO@gOB?	46	7ffffffffffe
N??CA?oICGIGPOI_R??	46	3fffffffffff
N??CA?oICGIGPOI_Q_?	46	1ffffffffb7fe
N??CA?oICGIGPOI_P_?	46	3fffffffffff
N??CA?oICGIGPOI_B_?	46	3ffffbbfeefff
N??CA?oICGIGPOI_BO?	46	3ffffffffffcc
N??CA?oICGIGPOI_Oo?	46	3ffffdefdefff
N??CA?oICGIGPOI_PC?	46	3ffeff7ff7eff
N??CA?oICGIGPOI_BC?	46	3defbfffdea94fcc
N??CA?oICGIGPOI_Oc?	46	3fffffffffff
N??CA?oICGIGPOI_@c?	46	3ffffdefdefff
N??CA?oICGIGPOI_OS?	46	2fffff7ff7ffb
N??CA?oICGIGPOI_AS?	46	3effffffffb7e
N??CA?oICGIGPOI_?s?	46	3fffffffffff
N??CA?oICGIGPOI_QA?	46	3fffffffffff
N??CA?oICGIGPOI_PA?	46	3fefedefe76634fe
N??CA?oICGIGPOI_Oa?	46	3fffffffffff
N??CA?oICGIGPOI_Aa?	46	3ffffdefdefff
N??CA?oICGIGPOI_OQ?	46	3faeffff75e937d2
N??CA?oICGIGPOI_AQ?	46	3effffffffb7e
N??CA?oICGIGPOI_?q?	46	3fffffffffff
N??CA?oICGIGPOI_OE?	46	2fffff7ff7ffb
N??CA?oICGIGPOI_Q@?	46	3ffdffdfdff7f
N??CA?oICGIGPOI_P@?	46	3ffffef7ef7ff
N??CA?oICGIGPOI_B@?	46	3fffffffffff
N??CA?oICGIGPOI_AP?	46	3fffffffffff
N??CA?oICGIGPOI_?p?	46	7fbfbffbf7f7f
N??CA?oICGIGPOI_OD?	46	3fffffffffff
N??CA?oICGIGPOI_@D?	46	3fffffffffff
N??CA?oICGIGPOI_?T?	46	3fffffffffff
N??CA?oICGIGPOI_OB?	46	3ffffdefdefff
N??CA?oICGIGPOI_AB?	46	3fffffffffff
N??CA?oICGIGPOI_?R?	46	3ffffffe97fff
N??CA?oICGIGPOE_P_?	46	3ffff7dfdf7ff
N??CA?oICGIGPOE_Oo?	46	3faeffff75e937d2
N??CA?oICGIGPOE_SC?	46	3fffffffffff
N??CA?oICGIGPOE_DC?	46	3defbfffdea94fcc
N??CA?oICGIGPOE_@S?	46	3effffffffb7e
N??CA?oICGIGPOE_SA?	46	3fffffffffff
N??CA?oICGIGPOE_Ca?	46	3ffffdefdefff
N??CA?oICGIGPOE_CQ?	46	3effffffffb7e
N??CA?oICGIGPOE_@E?	46	37ff6fdff9f0fb52
N??CA?oICGIGPOE_S@?	46	3fffffffffff
N??CA?oICGIGPOE_P@?	46	3fffffff0ffff
N??CA?oICGIGPOE_OP?	46	2ffdeff7fe70fccc
N??CA?oICGIGPOE_?p?	46	3faeffff75e937d2
N??CA?oICGIGPOE_OD?	46	3ffffffffffcc
N??CA?oICGIGPOE_@D?	46	3fffffffffff
N??CA?oICGIGPOE_OB?	46	3fffffffffff
N??CA?oICGIGPOE_CB?	46	3fffffffffff
N??CA?oICGIGPOE_?R?	46	3fffffffffff
N??CA?oICGIGPOB_F??	46	3ffffbbfeefff
N??CA?oICGIGPOB_PO?	46	3ff8ffe76cfdf6e1
N??CA?oICGIGPOB_BO?	46	3ffdffdfdff7f
N??CA?oICGIGPOB_DC?	46	3ffffdefdefff
N??CA?oICGIGPOB_CS?	46	3fffffffffff
N??CA?oICGIGPOB_AS?	46	1ffffffffcffe
N??CA?oICGIGPOB_EA?	46	3ffffdefdefff
N??CA?oICGIGPOB_CQ?	46	3fffffffffff
N??CA?oICGIGPOB_@Q?	46	1ffffffffcffe
N??CA?oICGIGPOB_CE?	46	3fffffff0ffff
N??CA?oICGIGPOB_B@?	46	3ffffffe97fff
N??CA?oICGIGPOB_CP?	46	3fffffffffff
N??CA?oICGIGPOB_AP?	46	3faeffff75e937d2
N??CA?oICGIGPOB_@P?	46	3defbfffdea94fcc
N??CA?oICGIGPOB_OD?	46	3effffffffb7e
N??CA?oICGIGPOB_?T?	46	1ffffeffff7fd
N??CA?oICGIGPOB_AB?	46	3fffffffffff
N??CA?oICGIGPOB_@B?	46	1ffffffffb7fe
N??CA?oICGIGPOAgU??	46	3fffffffffff
N??CA?oICGIGPOAgT??	46	3ffeff7ff7eff
N??CA?oICGIGPOAgF??	46	3defbfffdea94fcc
N??CA?oICGIGPOAgD_?	46	3ffffdefdefff
N??CA?oICGIGPOAgB_?	46	3ffffdefdefff
N??CA?oICGIGPOAgPO?	46	37ffffbfefffb
N??CA?oICGIGPOAgDO?	46	37ff6fdff9f0fb52
N??CA?oICGIGPOAgOo?	46	3effffffffcfe
N??CA?oICGIGPOAg@o?	46	3fffffffffff
N??CA?oICGIGPOAgOa?	46	3fffffffffff
N??CA?oICGIGPOAg@Q?	46	3ffdbf739b7ee87d
N??CA?oICGIGPOAgQ@?	46	3ffffffffffcc
N??CA?oICGIGPOAgD@?	46	3fffffffffff
N??CA?oICGIGPOAgO`?	46	3effffffffb7e
N??CA?oICGIGPOAg@`?	46	3fffffffffff
N??CA?oICGIGPOAgAP?	46	1ffffffffb7fe
N??CA?oICGIGPOAg?p?	46	5fffdeffff7fd
N??CA?oICGIGPOAgOB?	46	3fffffffffff
N??CA?oICGIGPOAcU??	46	3fffffffffff
N??CA?oICGIGPOAcF??	46	3defbfffdea94fcc
N??CA?oICGIGPOAcE_?	46	3ff73fdb9cfdef61
N??CA?oICGIGPOAcQO?	46	7ffbfef7ef7ff
N??CA?oICGIGPOAcEO?	46	3effffffffb7e
N??CA?oICGIGPOAcBO?	46	3effffffffb7e
N??CA?oICGIGPOAcOo?	46	3faeffff75e937d2
N??CA?oICGIGPOAcCo?	46	3fffffffffff
N??CA?oICGIGPOAcBC?	46	37ff6fdff9f0fb52
N??CA?oICGIGPOAcOc?	46	3bfffffbf7ffd
N??CA?oICGIGPOAcS@?	46	3ffffdefdefff
N??CA?oICGIGPOAcQ@?	46	3fefebfbbba64b7e
N??CA?oICGIGPOAcE@?	46	3ffffffffffd2
N??CA?oICGIGPOAcP@?	46	2ffdeff7fe70fccc
N??CA?oICGIGPOAcA`?	46	2ffdeff7fe70fccc
N??CA?oICGIGPOAcOP?	46	3defbfffdea94fcc
N??CA?oICGIGPOAcAP?	46	3fff7fefdfeff
N??CA?oICGIGPOAc?p?	46	3faeffff75e937d2
N??CA?oICGIGPOAcOD?	46	2fffff7ff7ffb
N??CA?oICGIGPOAaU??	46	3fffffffffff
N??CA?oICGIGPOAaT??	46	3ffffef7ef7ff
N??CA?oICGIGPOAaR??	46	3fffffff0ffff
N??CA?oICGIGPOAaF??	46	3fffffffffff
N??CA?oICGIGPOAaB_?	46	3ffffffe97fff
N??CA?oICGIGPOAaEO?	46	3fffffffffff
N??CA?oICGIGPOAaDO?	46	3ffdffdfdff7f
N??CA?oICGIGPOAaBO?	46	3ffffffe97fff
N??CA?oICGIGPOAaDC?	46	3fff7fefdfeff
N??CA?oICGIGPOAaBC?	46	3fffffffffff
N??CA?oICGIGPOAa@c?	46	3fffffffffff
N??CA?oICGIGPOAaSA?	46	3ffffdefdefff
N??CA?oICGIGPOAaEA?	46	3fdffffffb7fe
N??CA?oICGIGPOAaPA?	46	2ffdeff7fe70fccc
N??CA?oICGIGPOAaDA?	46	3fff7fefdfeff
N??CA?oICGIGPOAaBA?	46	3fffffffffff
N??CA?oICGIGPOAaCQ?	46	3ffffffe97fff
N??CA?oICGIGPOAaAQ?	46	3fffffffffff
N??CA?oICGIGPOAaCE?	46	3ffdffdfdff7f
N??CA?oICGGgT?a_DG?	46	3fffffffffff
N??CA?oICGGgT?a_DC?	46	3faeffff75e937d2
N??CA?oICGGgT?a_CS?	46	6fffef7ff7ffb
N??CA?oICGGgT?a_CK?	46	37ff6fdff9f0fb52
N??CA?oICGGgT?a_EA?	46	3fefedefe76634fe
N??CA?oICGGgT?a_CI?	46	77fbffbfefffb
N??CA?oICGGgT?a_CE?	46	3ffe7f8f6b7ef07b
N??CA?oICGGgT?E_DG?	46	3ffffbbfeefff
N??CA?oICGGgT?E_DC?	46	3fefebfbbba64b7e
N??CA?oICGGgT?E_CI?	46	3ffffdefdefff
N??CA?oICGGgT?E_?Y?	46	3fffffffffff
N??CA?oICGGgT?E_@E?	46	3ff73fdb9cfdef61
N??CA?oICGGgT?E_CP?	46	3fffffffffff
N??CA?oICGGgT?E_?X?	46	3faeffff75e937d2
N??CA?oICGGgT?AoF??	46	3ffffbbfeefff
N??CA?oICGGgT?AoBO?	46	3ffdffdfdff7f
N??CA?oICGGgT?AoSC?	46	3fffffffffff
N??CA?oICGGgT?AoDC?	46	3ffffdefdefff
N??CA?oICGGgT?AoOS?	46	3effffffffcfe
N??CA?oICGGgT?AoCS?	46	3fffffffffff
N??CA?oICGGgT?AoSA?	46	3fffffffffff
N??CA?oICGGgT?AoEA?	46	3ffffdefdefff
N??CA?oICGGgT?AoCQ?	46	3fffffffffff
N??CA?oICGGgT?AoCE?	46	3fffffff0ffff
N??CA?oICGGgT?AoB@?	46	3ffffffe97fff
N??CA?oICGGgT?AoCP?	46	3fffffffffff
N??CA?oICGGgT?AoAP?	46	3faeffff75e937d2
N??CA?oICGGgT?Ao@P?	46	3defbfffdea94fcc
N??CA?oICGGgT?AoOD?	46	3effffffffb7e
N??CA?oICGGgT?Ao@D?	46	3fffffffffff
N??CA?oICGGgT?Ao?T?	46	1ffffeffff7fd
N??CA?oICGGgT?AoAB?	46	3fffffffffff
N??CA?oICGGgT?Ao?R?	46	1ffffffffb7fe
N??CA?oICGGgT?AgT??	46	2fffff7ff7ffb
N??CA?oICGGgT?AgF??	46	3fefebfbbba64b7e
N??CA?oICGGgT?AgSO?	46	2fffff7ff7ffb
N??CA?oICGGgT?AgDO?	46	37ff6fdff9f0fb52
N??CA?oICGGgT?AgDG?	46	3ffffdefdefff
N??CA?oICGGgT?AgOW?	46	3effffffffcfe
N??CA?oICGGgT?Ag@H?	46	3fffffffffff
N??CA?oICGGgT?Ag?X?	46	5fffdeffff7fd
N??CA?oICGGgT?AcPO?	46	37ff6fdff9f0fb52
N??CA?oICGGgT?AcDO?	46	37ff6fdff9f0fb52
N??CA?oICGGgT?AcEG?	46	3ff73fdb9cfdef61
N??CA?oICGGgT?AcAH?	46	2ffdeff7fe70fccc
N??CA?oICGGgT?AaBG?	46	3ffffffe97fff
N??CA?oICGGgT?AaCW?	46	3fffffffffff
N??CA?oICGGgT?AaDC?	46	3ffffffe97fff
N??CA?oICGGgT?AaOK?	46	3effffffffb7e
N??CA?oICGGgT?Aa@K?	46	3fffffffffff
N??CA?oICGGgT?AaSA?	46	3fffffff0ffff
N??CA?oICGGgT?AaEA?	46	5fffdeffff7fd
N??CA?oICGGgT?Aa?Y?	46	1ffffffffb7fe
N??CA?oICGGgS_F?DC?	46	fffffbbfce7ff
N??CA?oICGGgS_F?SA?	46	3fffffffffff
N??CA?oICGGgS_F?DA?	46	fffffbbfce7ff
N??CA?oICGGgS_F?CQ?	46	3fffffffffff
N??CA?oICGGgS_F?CI?	46	3ffffdefdefff
N??CA?oICGGgS_F??X?	46	3faeffff75e937d2
N??CA?oICGGgS_AoR??	46	3ffff7dfdf7ff
N??CA?oICGGgS_AoF??	46	3ffffffffffcc
N??CA?oICGGgS_AoS_?	46	3fffffffffff
N??CA?oICGGgS_AoQ_?	46	3faeffff75e937d2
N??CA?oICGGgS_AoB_?	46	3ffdffdfdff7f
N??CA?oICGGgS_AoQC?	46	3ffffffffffd2
N??CA?oICGGgS_AoPC?	46	3fffffffffff
N??CA?oICGGgS_AoDC?	46	3effffffffb7e
N??CA?oICGGgS_AoOc?	46	3effffffffcfe
N??CA?oICGGgS_AoCc?	46	3fffffffffff
N??CA?oICGGgS_AoCE?	46	3bffbffffff7d
N??CA?oICGGgS_AoQ@?	46	2ffdeff7fe70fccc
N??CA?oICGGgP_E_SG?	46	3fffffffcfefb
N??CA?oICGGgP_E_QG?	46	3faeffff75e937d2
N??CA?oICGGgP_E_OK?	46	fefffffffecfa
N??CA?oICGGgP_E_@K?	46	3fffffffffff
N??CA?oICGGgP_EOSO?	46	3fffffffcfefb
N??CA?oICGGgP_EOQO?	46	3faeffff75e937d2
N??CA?oICGGgP_EOBO?	46	3ffdffdfdff7f
N??CA?oICGGgP_EOOS?	46	fefffffffecfa
N??CA?oICGGgP_EOCP?	46	3ffffffff7efc
N??CA?oICGGgP_EOAP?	46	3faeffff75e937d2
N??CA?oICGGgP_EO?T?	46	dffffeffff77c
N??CA?oICGGgD_U?CS?	46	3fffffffffff
N??CA?oICGGgD_U?SA?	46	3fffffffffff
N??CA?oICGGgD_U?CQ?	46	3fffffffffff
N??CA?oICGGgD_U?CI?	46	3ffffdefdefff
N??CA?oICGGgD_U?@E?	46	3ffffdefdefff
N??CA?oICGGgD_U?CP?	46	3fffffffffff
N??CA?oICGGgD_U??X?	46	3faeffff75e937d2
N??CA?oICGGgD_U?CB?	46	3fffffffffff
N??CA?oICGGgD_U??R?	46	3fffffffffff
N??CA?oICGGgOoe?E_?	46	3fffffffffff
N??CA?oICGGgOoe?B_?	46	3ffff7dfdf7ff
N??CA?oICGGgOoe?Cc?	46	7ffffffffffd
N??CA?oICGGgOoe?Ac?	46	3ffffffffffd2
N??CA?oICGGgOoe??e?	46	7ffffffffffe
N??CA?oICGGgOoe?CP?	46	3fffffffdef7e
N??CA?oICGGgOoe?AP?	46	2ffdeff7fe70fccc
N??CA?oICGGgOoe??T?	46	feffffffff37c
N??CA?oICGGgOoF?BO?	46	3ffdffdfdff7f
N??CA?oICGGgOoF??U?	46	7ffffffff7ff
N??CA?oICGGgOoF?S@?	46	3fffffffdef7e
N??CA?oICGGgOoF?Q@?	46	2ffdeff7fe70fccc
N??CA?oICGGgOoF?B@?	46	3ffffffe97fff
N??CA?oICGGgOoF?CP?	46	3ffffffff7efc
N??CA?oICGGgOoF?AP?	46	3faeffff75e937d2
N??CA?oICGGgOoF?OD?	46	feffffffff37c
N??CA?oICGGgOoF??T?	46	dffffeffff77c
N??CA?oICGGgOoF??F?	46	7ffffffff7ff
N??CA?oICGKCe?@oI_?	46	3fffffffffff
N??CA?oICGKCe?@oB_?	46	3fffffffffff
N??CA?oICGKCe?@oBO?	46	3fffffffffff
N??CA?oICGKCe?@o@o?	46	fffffffefffd
N??CA?oICGKCe?@oGg?	46	7ffffffffffd
N??CA?oICGKCe?@oAg?	46	3fffffffffff
N??CA?oICGKCe?@o@g?	46	7ffffffffffd
N??CA?oICGKCe?@o@W?	46	7ffffffffffd
N??CA?oICGKCe?@o?w?	46	3ffffffffe7f9
N??CA?oICGKCe?@oIA?	46	3ffffffffe67f
N??CA?oICGKCe?@oGa?	46	3fffffffffff
N??CA?oICGKCe?@oAa?	46	3fffffffffff
N??CA?oICGKCe?@oAI?	46	7ffffffdffff
N??CA?oICGKCe?@oI@?	46	7ffffffff7ff
N??CA?oICGKCe?@oB@?	46	ffffffffe7ff
N??CA?oICGKCe?@oA`?	46	3fffffffffff
N??CA?oICGKCe?@o@`?	46	ffffffffeffb
N??CA?oICGKCe?@oGP?	46	7ffffffffffb
N??CA?oICGKCe?@o@P?	46	ffffffffeffb
N??CA?oICGKCe?@o?p?	46	3ffffffffe7f9
N??CA?oICGKCe?@oGH?	46	7ffffffffffb
N??CA?oICGKCe?@oAH?	46	3fffffffffff
N??CA?oICGKCe?@o@H?	46	7ffffffffffb
N??CA?oICGKCe?@o?X?	46	3ffffffffe7f9
N??CA?oICGKCe?@oGB?	46	7ffffffdffff
N??CA?oICGKCe?@oAB?	46	fffffffdf7ff
N??CA?oICGKCe?@o?R?	46	3fffffffffff
N??CA?oICGKCe?@o?J?	46	3fffffffffff
N??CA?oICGKCU?@oQ_?	46	3fffffffffff
N??CA?oICGKCU?@oQO?	46	3fffffffffff
N??CA?oICGKCU?@oAg?	46	3ffffdefdefff
N??CA?oICGKCU?@oQ@?	46	7ffffffff7ff
N??CA?oICGKCU?@oOB?	46	7ffffffdffff
N??CA?oICGKCd?AoJ??	46	3fffffffffff
N??CA?oICGKCd?AoI_?	46	ffffffffeffe
N??CA?oICGKCd?AoB_?	46	3fffffffffff
N??CA?oICGKCd?AoGo?	46	3fffffffffff
N??CA?oICGKCd?Ao@o?	46	fffffffefffd
N??CA?oICGKCd?Ao@g?	46	7ffffffffffd
N??CA?oICGKCd?AoGW?	46	3fffffffffff
N??CA?oICGKCd?Ao@W?	46	7ffffffffffd
N??CA?oICGKCd?AoIA?	46	7fffffffff7f
N??CA?oICGKCd?AoGa?	46	7ffffffff7ff
N??CA?oICGKCd?AoGQ?	46	3fffffffffff
N??CA?oICGKCd?AoI@?	46	fffffffff77f
N??CA?oICGKCd?AoH@?	46	3fffffffffff
N??CA?oICGKCd?AoB@?	46	3fffffffffff
N??CA?oICGKCd?Ao@`?	46	ffffffffeffb
N??CA?oICGKCd?AoGP?	46	3fffffffffff
N??CA?oICGKCd?Ao@P?	46	ffffffffeffb
N??CA?oICGKCd?AoGH?	46	3fffffffffff
N??CA?oICGKCd?Ao@H?	46	7ffffffffffb
N??CA?oICGKCd?AoGB?	46	7ffffffeffff
N??CA?oICGKCT?AoOo?	46	ffffffffeeff
N??CA?oICGKCT?AoAo?	46	3fffffffffff
N??CA?oICGKCT?AoBG?	46	3defbfffdea94fcc
N??CA?oICGKCT?AoAW?	46	3effffffffb7e
N??CA?oICGKCT?AoQ@?	46	fffffffff77f
N??CA?oICGKCT?AoP@?	46	3fffffffffff
N??CA?oICGKCT?AoA`?	46	3fffffffe777f
N??CA?oICGKCT?Ao?p?	46	ffffffffff7d
N??CA?oICGKCT?AoOH?	46	3fffffffffff
N??CA?oICGKCT?AoOB?	46	7ffffffeffff
N??CA?oICGKCb?CoJ??	46	3fffffffffff
N??CA?oICGKCb?CoI_?	46	3fffffffffff
N??CA?oICGKCb?CoH_?	46	7ffffffffffe
N??CA?oICGKCb?CoB_?	46	3fffffffffff
N??CA?oICGKCb?CoBO?	46	3fffffffffff
N??CA?oICGKCb?CoIG?	46	3effffffffcfe
N??CA?oICGKCb?CoAg?	46	3fffffffffff
N??CA?oICGKCb?Co@g?	46	7ffffffffffd
N??CA?oICGKCb?CoAW?	46	3ffffffffffd2
N??CA?oICGKCb?Co@W?	46	7ffffffffffd
N??CA?oICGKCb?Co?w?	46	fffffffffff9
N??CA?oICGKCb?CoIA?	46	3effffffffcfe
N??CA?oICGKCb?CoGa?	46	7fffffffff7f
N??CA?oICGKCb?CoAa?	46	3fffffffffff
N??CA?oICGKCb?Co@a?	46	3ffffffffe7f9
N??CA?oICGKCb?Co?q?	46	7ffffffffffd
N??CA?oICGKCb?CoI@?	46	3fffffffffff
N??CA?oICGKCb?CoH@?	46	7fffffffff7f
N??CA?oICGKCb?CoB@?	46	3fffffffffff
N??CA?oICGKCb?CoA`?	46	3fffffffffff
N??CA?oICGKCb?CoGP?	46	3fffffffffff
N??CA?oICGKCb?Co@P?	46	3ffffffffe7f9
N??CA?oICGKCb?CoGH?	46	3fffffffffff
N??CA?oICGKCb?CoAH?	46	3fffffffffff
N??CA?oICGKCb?Co@H?	46	7ffffffffffb
N??CA?oICGKCb?Co?h?	46	fffffffffff9
N??CA?oICGKCb?Co?X?	46	fffffffffff9
N??CA?oICGKCb?CoGB?	46	7fffffff7fff
N??CA?oICGKCb?CoAB?	46	3fffffffffff
N??CA?oICGKCb?Co@B?	46	3fffffffef7fa
N??CA?oICGKCb?Co?R?	46	7ffffffffffb
N??CA?oICGKCb?Co?J?	46	3fffffffffff
N??CA?oICGKCR?CoQ_?	46	3fffffffffff
N??CA?oICGKCR?CoBG?	46	3defbfffdea94fcc
N??CA?oICGKCR?CoAg?	46	3ffffdefdefff
N??CA?oICGKCR?CoOa?	46	7fffffffff7f
N??CA?oICGKCR?CoQ@?	46	3fffffffffff
N??CA?oICGKCR?CoP@?	46	7fffffffff7f
N??CA?oICGKCR?CoOH?	46	3fffffffffff
N??CA?oICGKCR?CoOB?	46	7fffffff7fff
N??CA?oICGKCF?CoX??	46	3fffffffffff
N??CA?oICGKCF?CoW_?	46	3fffffffffff
N??CA?oICGKCF?CoPO?	46	3fffffffffff
N??CA?oICGKCF?CoHO?	46	3ffffffffffcc
N??CA?oICGKCF?CoOo?	46	3fffffffffff
N??CA?oICGKCF?Co@o?	46	3fffffffffff
N??CA?oICGKCF?CoHG?	46	3defbfffdea94fcc
N??CA?oICGKCF?CoOg?	46	3fffffffffff
N??CA?oICGKCF?CoGg?	46	3ffffdefdefff
N??CA?oICGKCF?CoWA?	46	3fffffffffff
N??CA?oICGKCF?CoOa?	46	3fffffffffff
N??CA?oICGKCF?CoGa?	46	3ffffdefdefff
N??CA?oICGKCF?CoW@?	46	3fffffffffff
N??CA?oICGKCF?CoP@?	46	3fffffffffff
N??CA?oICGKCF?AoOo?	46	fffffffefffd
N??CA?oICGKCF?AoOg?	46	7ffffffffffd
N??CA?oICGKCF?AoAQ?	46	3effffffffb7e
N??CA?oICGKCF?AoAI?	46	37ff6fdff9f0fb52
N??CA?oICGKCF?AoW@?	46	3fffffffffff
N??CA?oICGKCF?AoQ@?	46	3fffffffffff
N??CA?oICGKCF?AoOP?	46	ffffffffeffb
N??CA?oICGKCF?AoOH?	46	7ffffffffffb
N??CA?oICGKCF?AoOB?	46	3fffffffffff
N??CA?oICGKCF?@oY??	46	3fffffffffff
N??CA?oICGKCF?@oWO?	46	7ffffffffffd
N??CA?oICGKCF?@oPO?	46	fffffffefffd
N??CA?oICGKCF?@oBO?	46	3fffffffffff
N??CA?oICGKCF?@oPG?	46	7ffffffffffd
N??CA?oICGKCF?@o@W?	46	7ffffffff7ff
N??CA?oICGKCF?@oQA?	46	3fffffffffff
N??CA?oICGKCF?@oIA?	46	3ffffdefdefff
N??CA?oICGKCF?@oAI?	46	3fffffff0ffff
N??CA?oICGKCF?@oW@?	46	7ffffffffffb
N??CA?oICGKCF?@oP@?	46	ffffffffeffb
N??CA?oICGKCF?@oOP?	46	3ffffffffe7f9
N??CA?oICGKCF?@oGP?	46	7fffffffefff
N??CA?oICGKCF?@oAP?	46	3fffffffffff
N??CA?oICGKCF?@o@P?	46	ffffffffeeff
N??CA?oICGKCF?@oOH?	46	3ffffffffe7f9
N??CA?oICGKCF?@oAH?	46	3fffffffffff
N??CA?oICGKCF?@o@H?	46	7fffffffefff
N??CA?oICGKCF?@o?X?	46	3fffffffdef7e
N??CA?oICGKCF?@oOB?	46	3fffffffffff
N??CA?oICGKCF?@oAB?	46	3fffffffffff
N??CA?oICGKCF?@o?R?	46	3fffffffffff
N??CA?oICGKCa_DOI_?	46	3fefedefe76634fe
N??CA?oICGKCa_DOB_?	46	3fffffffffff
N??CA?oICGKCa_DOBO?	46	3fffffffffff
N??CA?oICGKCa_DO@o?	46	3fffffffeeffc
N??CA?oICGKCa_DOAg?	46	37ff6fdff9f0fb52
N??CA?oICGKCa_DO@g?	46	7ffffffffffd
N??CA?oICGKCa_DOGW?	46	3fffffffffff
N??CA?oICGKCa_DO@W?	46	7ffffffffffd
N??CA?oICGKCa_DO?w?	46	fffffffffff9
N??CA?oICGKCa_DOIA?	46	3faeffff75e937d2
N??CA?oICGKCa_DOGa?	46	37ffffbfefffb
N??CA?oICGKCa_DOAa?	46	37ffffbfefffb
N??CA?oICGKCa_DOAQ?	46	3fffffffffff
N??CA?oICGKCa_DO@Q?	46	3ffffffffe7f9
N??CA?oICGKCa_DO?q?	46	7ffffffffffd
N??CA?oICGKCa_DOAI?	46	3ffe7fda37bf077b
N??CA?oICGKCa_DOI@?	46	3ffffdefdefff
N??CA?oICGKCa_DOB@?	46	3fffffffffff
N??CA?oICGKCa_DO@`?	46	3ffffffffe7f9
N??CA?oICGKCa_DOGP?	46	7fffffffff7f
N??CA?oICGKCa_DO@P?	46	3ffffffffe7f9
N??CA?oICGKCa_DO?p?	46	3ffffffffe7f9
N??CA?oICGKCa_DOGH?	46	3ffffffe97fff
N??CA?oICGKCa_DOAH?	46	3ffffffe97fff
N??CA?oICGKCa_DO@H?	46	7ffffffffffb
N??CA?oICGKCa_DO?h?	46	fffffffe67ff9
N??CA?oICGKCa_DO?X?	46	fffffffffff9
N??CA?oICGKCa_DOGB?	46	7ffffffffeff
N??CA?oICGKCa_DOAB?	46	3fffffffffff
N??CA?oICGKCa_DO?J?	46	3fffffffffff
N??CA?oICGKCP_EOQ_?	46	3fffffffffff
N??CA?oICGKCP_EOAo?	46	3fffffffffff
N??CA?oICGKCP_EOAg?	46	3ffffdefdefff
N??CA?oICGKCP_EOQ@?	46	3fffffffffff
N??CA?oICGKCP_EOP@?	46	3fffffffffff
N??CA?oICGKCP_EOOH?	46	7ffffffffffb
N??CA?oICGKCP_EOOB?	46	7ffffffffffb
N??CA?oICGKCD_BOJ??	46	3ffffbbfeefff
N??CA?oICGKCD_BOBO?	46	3fffffffffff
N??CA?oICGKCD_BO@W?	46	7ffffffff7ff
N??CA?oICGKCD_BOIA?	46	3ffffdefdefff
N??CA?oICGKCD_BOGQ?	46	3fffffffffff
N??CA?oICGKCD_BOW@?	46	3fffffffffff
N??CA?oICGKCD_BOQ@?	46	3ffffffffe67f
N??CA?oICGKCD_BOP@?	46	ffffffffeffb
N??CA?oICGKCD_BOB@?	46	3fffffffffff
N??CA?oICGKCD_BOGP?	46	3fffffffffff
N??CA?oICGKCD_BOAP?	46	3fffffffffe79
N??CA?oICGKCD_BO@P?	46	ffffffffeeff
N??CA?oICGKCSOB_Q@?	46	fbffbfffff77c
N??CA?oICGKCSOB_OH?	46	ffffffffff74c
N??CA?oICGKCaOD_J??	46	7ffffffffffb
N??CA?oICGKCaOD_I_?	46	3fffffffffff
N??CA?oICGKCaOD_B_?	46	3fffffffffff
N??CA?oICGKCaOD_BO?	46	3fffffffffff
N??CA?oICGKCaOD_@o?	46	fffffffefffd
N??CA?oICGKCaOD_Gg?	46	3fffffffffff
N??CA?oICGKCaOD_@g?	46	7ffffffffffd
N??CA?oICGKCaOD_GW?	46	3fffffffffff
N??CA?oICGKCaOD_@W?	46	7ffffffffffd
N??CA?oICGKCaOD_IA?	46	7fffffffefff
N??CA?oICGKCaOD_Ga?	46	3fffffffffff
N??CA?oICGKCaOD_GQ?	46	3fffffffffff
N??CA?oICGKCaOD_I@?	46	3fffffffffff
N??CA?oICGKCaOD_B@?	46	3fffffffffff
N??CA?oICGKCaOD_@`?	46	ffffffffeffb
N??CA?oICGKCaOD_GP?	46	3fffffffffff
N??CA?oICGKCaOD_AP?	46	3ffffffffe67f
N??CA?oICGKCaOD_@P?	46	ffffffffeffb
N??CA?oICGKCaOD_GH?	46	7fffffffff7f
N??CA?oICGKCaOD_@H?	46	fffffffff7fb
N??CA?oICGKCaOD_GB?	46	7fffffffff7f
N??CA?oICGKCQOD_Og?	46	3fffffffffff
N??CA?oICGKCQOD_Ag?	46	3ffffdefdefff
N??CA?oICGKCQOD_OW?	46	3fffffffffff
N??CA?oICGKCQOD_Aa?	46	3ffffdefdefff
N??CA?oICGKCQOD_OH?	46	7fffffffff7f
N??CA?oICGKCQOD_OB?	46	7fffffffff7f
N??CA?oICGKCEOD_X??	46	7ffffffffffb
N??CA?oICGKCEOD_W_?	46	3fffffffffff
N??CA?oICGKCEOD_P_?	46	3fffffffffff
N??CA?oICGKCEOD_H_?	46	3ffffbbfeefff
N??CA?oICGKCEOD_PO?	46	3fffffffffff
N??CA?oICGKCEOD_@o?	46	3fffffffffff
N??CA?oICGKCEOD_WA?	46	7fffffffefff
N??CA?oICGKCEOD_Ga?	46	3ffffdefdefff
N??CA?oICGKCEOD_W@?	46	3fffffffffff
N??CA?oICGKCEOD_P@?	46	3fffffffffff
N??CA?oICGKCEOB_Og?	46	7ffffffffffd
N??CA?oICGKCEOB_OW?	46	7ffffffffffd
N??CA?oICGKCEOB_?w?	46	7ffffffff7ff
N??CA?oICGKCEOB_?q?	46	7ffffffff7ff
N??CA?oICGKCEOB_W@?	46	3fffffffffff
N??CA?oICGKCEOB_Q@?	46	3fffffffffff
N??CA?oICGKCEOB_OH?	46	7ffffffffffb
N??CA?oICGKCEOB_OB?	46	7ffffffffffb
N??CA?oICGKCPOE_Q_?	46	3fffffffffff
N??CA?oICGKCPOE_BG?	46	3defbfffdea94fcc
N??CA?oICGKCPOE_AW?	46	3effffffffb7e
N??CA?oICGKCPOE_?w?	46	7ffffffff7ff
N??CA?oICGKCPOE_BA?	46	3defbfffdea94fcc
N??CA?oICGKCPOE_Q@?	46	3fffffffffff
N??CA?oICGKCPOE_P@?	46	ffffffff7eff
N??CA?oICGKCPOE_AP?	46	3fffffffffff
N??CA?oICGKCPOE_?p?	46	3fffffffeeffc
N??CA?oICGKCPOE_OH?	46	3fffffffffe79
N??CA?oICGKCPOE_OB?	46	7ffffffffffd
N??CA?oICGKCBOAoQ@?	46	fffffffff7fb
N??CA?oICGICT?AoT??	46	3fffffffffff
N??CA?oICGICT?AoD_?	46	3ffffbbfeefff
N??CA?oICGICT?AoDO?	46	3ffffffffffcc
N??CA?oICGICT?AoOo?	46	fffffffffeed2
N??CA?oICGICT?AoCo?	46	3fffffffffff
N??CA?oICGICT?AoSG?	46	3fffffffffff
N??CA?oICGICT?AoDG?	46	3defbfffdea94fcc
N??CA?oICGICT?AoS@?	46	fffffffff77f
N??CA?oICGICT?AoP@?	46	fffffffff7fd
N??CA?oICGICT?AoD@?	46	3fffffffffff
N??CA?oICGICT?AoO`?	46	ffffffffff74c
N??CA?oICGICT?AoC`?	46	3fffffffe777f
N??CA?oICGICT?Ao@`?	46	3fffffffffff
N??CA?oICGICT?AoOP?	46	ffffffffff74c
N??CA?oICGICT?Ao@P?	46	fffffffff77f
N??CA?oICGICT?Ao?p?	46	7ffffffffb77c
N??CA?oICGICT?AoOH?	46	3ffffffffffcc
N??CA?oICGICT?Ao?X?	46	1ffffffffb7fe
N??CA?oICGICT?AoOB?	46	fffffffefeff
N??CA?oICGICL?AoX??	46	3fffffffffff
N??CA?oICGICL?AoW_?	46	ffffffffeffe
N??CA?oICGICL?AoH_?	46	3ffffbbfeefff
N??CA?oICGICL?AoPO?	46	3fffffffcff7d
N??CA?oICGICL?AoHO?	46	3ffffffffffcc
N??CA?oICGICL?AoOo?	46	3fffffffe6eff
N??CA?oICGICL?Ao@o?	46	3fffffffffff
N??CA?oICGICL?AoPG?	46	ffffffffff7d
N??CA?oICGICL?AoHG?	46	3defbfffdea94fcc
N??CA?oICGICL?AoOg?	46	3fffffffffff
N??CA?oICGICL?AoOW?	46	3fffffffffe79
N??CA?oICGICL?AoGW?	46	3effffffffb7e
N??CA?oICGICL?Ao?w?	46	3fffffffffff
N??CA?oICGICL?AoWA?	46	7fffffffff7f
N??CA?oICGICL?AoOa?	46	ffffffffe7ff
N??CA?oICGICL?AoGa?	46	fffffdefce7ff
N??CA?oICGICL?AoGQ?	46	3effffffffb7e
N??CA?oICGICL?Ao@Q?	46	7ebfffffffb7e
N??CA?oICGICL?AoOI?	46	3fffffffffff
N??CA?oICGICL?Ao@I?	46	37ff6fdff9f0fb52
N??CA?oICGICL?Ao?i?	46	3fffffff0ffff
N??CA?oICGICL?Ao?Y?	46	3bffbffffff7d
N??CA?oICGICL?AoW@?	46	fffffffff77f
N??CA?oICGICL?AoP@?	46	ffffffffeffb
N??CA?oICGICL?AoH@?	46	3fffffffffff
N??CA?oICGICL?Ao@`?	46	3fffffffffff
N??CA?oICGICL?AoOP?	46	3ffffffffe67f
N??CA?oICGICL?AoGP?	46	3fffffffffff
N??CA?oICGICL?Ao@P?	46	ffffffffeeff
N??CA?oICGICL?Ao?p?	46	3fffffffffe79
N??CA?oICGICL?AoOH?	46	fffffffffe7f
N??CA?oICGICL?Ao@H?	46	7fffffffefff
N??CA?oICGICL?Ao?h?	46	3fffffffffff
N??CA?oICGICL?AoOB?	46	fffffffef7ff
N??CA?oICGICb??qL??	46	3fffffffffff
N??CA?oICGICb??qJ??	46	3fffffffffff
N??CA?oICGICb??qF??	46	3fffffff0ffff
N??CA?oICGICb??qH_?	46	3ffffbbfeefff
N??CA?oICGICb??qD_?	46	3ffffef7ef7ff
N??CA?oICGICb??qKO?	46	3fffffffffff
N??CA?oICGICb??qIO?	46	3ffffffffffcc
N??CA?oICGICb??qEO?	46	3fffffffffff
N??CA?oICGICb??qEG?	46	3ffffffffffcc
N??CA?oICGICb??qDG?	46	3fffffffffff
N??CA?oICGICb??qBG?	46	3fffffffffff
N??CA?oICGICb??qKA?	46	3ffffbbfeefff
N??CA?oICGICb??qEA?	46	3ffffbbfeefff
N??CA?oICGICb??q?q?	46	3ff73fdb9cfdef61
N??CA?oICGICb??q@I?	46	3ffffffffffe1
N??CA?oICGICR??qU??	46	3fffffffffff
N??CA?oICGICR??qT??	46	3fffffffffff
N??CA?oICGICR??qR??	46	3fffffffffff
N??CA?oICGICR??qF??	46	1ffffeffff7fd
N??CA?oICGICR??qQ_?	46	3ffffffffffcc
N??CA?oICGICR??qD_?	46	3fffffffffff
N??CA?oICGICR??qDO?	46	3fffffffffff
N??CA?oICGICR??qBO?	46	3fffffffffff
N??CA?oICGICR??qAo?	46	1ffffffffb7fe
N??CA?oICGICR??qQG?	46	3ffffffffffcc
N??CA?oICGICR??qEG?	46	3fffffffffff
N??CA?oICGICR??qDG?	46	3fffffffffff
N??CA?oICGICR??qSA?	46	3fffffffffff
N??CA?oICGICJ?CoX??	46	3fffffffffff
N??CA?oICGICJ?CoW_?	46	3fffffffffff
N??CA?oICGICJ?CoWO?	46	1ffffffffb7fe
N??CA?oICGICJ?CoHO?	46	3ffffffffffcc
N??CA?oICGICJ?CoOo?	46	3fffffffffff
N??CA?oICGICJ?CoGo?	46	3fffffffffff
N??CA?oICGICJ?CoHG?	46	3defbfffdea94fcc
N??CA?oICGICJ?CoGg?	46	3ffffdefdefff
N??CA?oICGICJ?Co?w?	46	3fffffffffff
N??CA?oICGICJ?CoWA?	46	3fffffffffff
N??CA?oICGICJ?CoGQ?	46	3effffffffb7e
N??CA?oICGICJ?Co@Q?	46	3effffffffb7e
N??CA?oICGICJ?Co@I?	46	37ff6fdff9f0fb52
N??CA?oICGICJ?Co?i?	46	3fffffff0ffff
N??CA?oICGICJ?Co?Y?	46	3bffbffffff7d
N??CA?oICGICJ?CoW@?	46	3fffffffffff
N??CA?oICGICJ?CoP@?	46	3fffffffffff
N??CA?oICGICJ?CoH@?	46	3fffffffffff
N??CA?oICGICJ?CoGP?	46	3fffffffffff
N??CA?oICGICJ?Co@P?	46	3fffffffffff
N??CA?oICGICJ?Co?p?	46	3fffffffffff
N??CA?oICGICJ?CoOH?	46	3fffffffffff
N??CA?oICGICJ?Co@H?	46	3fffffffffff
N??CA?oICGICJ?CoOB?	46	3fffffffffff
N??CA?oICGICJ?CoGB?	46	3fffffffffff
N??CA?oICGICJ?Co?R?	46	3fffffffffff
N??CA?oICGICJ?Co?J?	46	3fffffffffff
N??CA?oICGICJ?AoWO?	46	3fffffffffff
N??CA?oICGICJ?AoWA?	46	3fffffffffff
N??CA?oICGICJ?AoGQ?	46	3effffffffb7e
N??CA?oICGICJ?AoAQ?	46	3effffffffb7e
N??CA?oICGICJ?Ao?q?	46	3ffdffdfdff7f
N??CA?oICGICJ?AoOI?	46	3fffffffffff
N??CA?oICGICJ?AoAI?	46	37ff6fdff9f0fb52
N??CA?oICGICJ?AoW@?	46	3fffffffffff
N??CA?oICGICJ?AoQ@?	46	3fffffffffff
N??CA?oICGICJ?AoOP?	46	3ffffef7ef7ff
N??CA?oICGICJ?AoGP?	46	3fffffffffff
N??CA?oICGICJ?Ao?p?	46	3ffdffdfdff7f
N??CA?oICGICJ?AoOH?	46	3fffffffffff
N??CA?oICGICJ?AoOB?	46	3ffffbbfeefff
N??CA?oICGICJ?@oWO?	46	3fffffffffff
N??CA?oICGICJ?@oQO?	46	3fffffffffff
N??CA?oICGICJ?@oBA?	46	3ffffdefdefff
N??CA?oICGICJ?@o@Q?	46	3ffdffdfdff7f
N??CA?oICGICJ?@o@I?	46	3fffffff0ffff
N??CA?oICGICJ?@oW@?	46	3fffffffffff
N??CA?oICGICJ?@oOP?	46	7ffbfef7ef7ff
N??CA?oICGICJ?@oGP?	46	3fffffffffff
N??CA?oICGICJ?@oAP?	46	3fffffffffff
N??CA?oICGICJ?@o@P?	46	3ffdffdfdff7f
N??CA?oICGICJ?@oOH?	46	7ffbfef7ef7ff
N??CA?oICGICJ?@o?X?	46	7ff7ffffff87f
N??CA?oICGICJ?@o?R?	46	3fff7fefdfeff
N??CA?oICGICJ??sX??	46	3fffffffffff
N??CA?oICGICJ??sQO?	46	3fffffffffff
N??CA?oICGICJ??sHO?	46	3effffffffb7e
N??CA?oICGICJ??sBO?	46	3effffffffb7e
N??CA?oICGICJ??s@o?	46	3ffdffdfdff7f
N??CA?oICGICJ??sBG?	46	37ff6fdff9f0fb52
N??CA?oICGICJ??sW@?	46	3fffffffffff
N??CA?oICGICJ??sQ@?	46	3fffffffffff
N??CA?oICGICJ??sP@?	46	3ffffbbfeefff
N??CA?oICGICJ??sGP?	46	3fffffffffff
N??CA?oICGICJ??sAP?	46	3fffffffffff
N??CA?oICGICJ??sOH?	46	3fffffffffff
N??CA?oICGICJ??sAH?	46	3fffffffffff
N??CA?oICGICJ??qY??	46	3fffffffffff
N??CA?oICGICJ??qX??	46	3fffffffffff
N??CA?oICGICJ??qR??	46	3fffffffffff
N??CA?oICGICJ??qJ??	46	1ffffeffff7fd
N??CA?oICGICJ??qW_?	46	3fffffffffff
N??CA?oICGICJ??qWO?	46	7edfffffffcfe
N??CA?oICGICJ??qQO?	46	3fffffffffff
N??CA?oICGICJ??qIO?	46	3fffffffffff
N??CA?oICGICJ??qHO?	46	3fffffffffff
N??CA?oICGICJ??qBO?	46	3fffffffffff
N??CA?oICGICJ??qGo?	46	3fffffffffff
N??CA?oICGICJ??q@o?	46	3ffdffdfdff7f
N??CA?oICGICJ??qQG?	46	3fffffffffff
N??CA?oICGICJ??qPG?	46	3fffffffffff
N??CA?oICGICJ??qHG?	46	3fffffffffff
N??CA?oICGICJ??qBG?	46	3fffffffffff
N??CA?oICGICJ??qOg?	46	7ffbfef7ef7ff
N??CA?oICGICJ??qAW?	46	3fffffffffff
N??CA?oICGICJ??q@W?	46	3fffffffffff
N??CA?oICGICJ??qWA?	46	3fffffffffff
N??CA?oICGICJ??qQA?	46	3fffffffffff
N??CA?oICGICJ??qIA?	46	3fff7fefdfeff
N??CA?oICGICJ??qGQ?	46	3fffffffffff
N??CA?oICGICJ??qAQ?	46	3fffffffffff
N??CA?oICGICJ??qOI?	46	3fffffffffff
N??CA?oICGICJ??qAI?	46	3fffffffffff
N??CA?oICGICJ??q?Y?	46	3fffffffffff
N??CA?oICGICF?Ao[??	46	3fffffffffff
N??CA?oICGICF?AoW_?	46	3fffffffffff
N??CA?oICGICF?AoK_?	46	3ffffbbfeefff
N??CA?oICGICF?AoSO?	46	3fffffffffff
N??CA?oICGICF?AoKO?	46	3ffffffffffcc
N??CA?oICGICF?AoOo?	46	3fffffffffff
N??CA?oICGICF?AoGo?	46	3fffffffffff
N??CA?oICGICF?AoCo?	46	3fffffffffff
N??CA?oICGICF?AoSG?	46	3fffffffffff
N??CA?oICGICF?AoKG?	46	3defbfffdea94fcc
N??CA?oICGICF?AoOg?	46	3fffffffffff
N??CA?oICGICF?AoOW?	46	3fffffffffff
N??CA?oICGICF?AoGW?	46	3effffffffb7e
N??CA?oICGICF?Ao?w?	46	3fffffffffff
N??CA?oICGICF?AoOa?	46	3fffffffffff
N??CA?oICGICF?AoCQ?	46	3effffffffb7e
N??CA?oICGICF?Ao?q?	46	3fffffffffff
N??CA?oICGICF?AoCI?	46	37ff6fdff9f0fb52
N??CA?oICGICF?AoW@?	46	3fffffffffff
N??CA?oICGICF?AoS@?	46	3fffffffffff
N??CA?oICGICF?AoK@?	46	3fffffffffff
N??CA?oICGICF?AoC`?	46	3fffffffffff
N??CA?oICGICF?AoGP?	46	3fffffffffff
N??CA?oICGICF?AoCP?	46	3fffffffffff
N??CA?oICGICF?Ao?p?	46	3fffffffffff
N??CA?oICGICF?AoOH?	46	3fffffffffff
N??CA?oICGICF?AoCH?	46	3fffffffffff
N??CA?oICGICF?Ao?h?	46	3fffffffffff
N??CA?oICGICF?Ao?X?	46	3fffffffffff
N??CA?oICGICF?AoOB?	46	3fffffffffff
N??CA?oICGICF?AoGB?	46	3fffffffffff
N??CA?oICGICF?Ao?R?	46	3fffffffffff
N??CA?oICGICF?@oT??	46	3fffffffffff
N??CA?oICGICF?@oL??	46	7fbffbbfeefff
N??CA?oICGICF?@oSO?	46	3fffffffffff
N??CA?oICGICF?@oKO?	46	3fffffffffff
N??CA?oICGICF?@oHO?	46	3fffffffffff
N??CA?oICGICF?@oDO?	46	3fffffffffff
N??CA?oICGICF?@oDG?	46	3ffffdefdefff
N??CA?oICGICF?@oKA?	46	3ffffdefdefff
N??CA?oICGICF?@oHA?	46	3ffffdefdefff
N??CA?oICGICF?@oDA?	46	3ffffdefdefff
N??CA?oICGICF?@o@Q?	46	3fffffffffff
N??CA?oICGICF?@oCI?	46	3fffffff0ffff
N??CA?oICGICF?@oW@?	46	3ffffffffffcc
N??CA?oICGICF?@oD@?	46	3fffffffffff
N??CA?oICGICF?@oGP?	46	1ffffffffb7fe
N??CA?oICGICF?@oCP?	46	3fffffffffff
N??CA?oICGICF?@o@P?	46	3fffffffffff
N??CA?oICGICF?@oOH?	46	1ffffffffb7fe
N??CA?oICGICF?@oCH?	46	3fffffffffff
N??CA?oICGICF?@o@H?	46	3fffffffffff
N??CA?oICGICF?@o?X?	46	7ffde7ffff77f
N??CA?oICGICF?@oCB?	46	3fffffffffff
N??CA?oICGICF??sSO?	46	3fffffffffff
N??CA?oICGICF??sDO?	46	3effffffffb7e
N??CA?oICGICF??sOo?	46	3fffffffffff
N??CA?oICGICF??sDG?	46	37ff6fdff9f0fb52
N??CA?oICGICF??sW@?	46	3fffffffffff
N??CA?oICGICF??sS@?	46	3fffffffffff
N??CA?oICGICF??sOP?	46	3fffffffffff
N??CA?oICGICF??sGP?	46	3fffffffffff
N??CA?oICGICF??sCP?	46	3fffffffffff
N??CA?oICGICF??sOH?	46	3fffffffffff
N??CA?oICGICF??sCH?	46	3fffffffffff
N??CA?oICGICF??q[??	46	3fffffffffff
N??CA?oICGICF??qX??	46	3fffffffffff
N??CA?oICGICF??qT??	46	3fffffffffff
N??CA?oICGICF??qL??	46	1ffffeffff7fd
N??CA?oICGICF??qW_?	46	3ffffffffffcc
N??CA?oICGICF??qD_?	46	3ffffffe97fff
N??CA?oICGICF??qWO?	46	3ffffffffffcc
N??CA?oICGICF??qSO?	46	3fffffffffff
N??CA?oICGICF??qKO?	46	3fffffffffff
N??CA?oICGICF??qHO?	46	3fffffffffff
N??CA?oICGICF??qDO?	46	3fffffffffff
N??CA?oICGICF??qGo?	46	1ffffffffb7fe
N??CA?oICGICF??qCo?	46	3fffffffffff
N??CA?oICGICF??q@o?	46	3fffffffffff
N??CA?oICGICF??qWG?	46	3ffffffffffcc
N??CA?oICGICF??qSG?	46	3fffffffffff
N??CA?oICGICF??qKG?	46	3fffffffffff
N??CA?oICGICF??qPG?	46	3fffffffffff
N??CA?oICGICF??qDG?	46	3fffffffffff
N??CA?oICGICF??qOg?	46	1ffffffffb7fe
N??CA?oICGICF??qCg?	46	3fffffffffff
N??CA?oICGICF??q@g?	46	3fffffffffff
N??CA?oICGICF??qWA?	46	3fffffffffff
N??CA?oICGICF??qSA?	46	3fffffffffff
N??CA?oICGICF??qKA?	46	3fff7fefdfeff
N??CA?oICGICF??qHA?	46	3fff7fefdfeff
N??CA?oICGICF??qGQ?	46	3fffffffffff
N??CA?oICGICF??qCQ?	46	3fffffffffff
N??CA?oICGICF??q@Q?	46	3fffffffffff
N??CA?oICGICF??qOI?	46	3fffffffffff
N??CA?oICGICF??qCI?	46	3fffffffffff
N??CA?oICGIC`_BOD@?	46	3ffffef7ef7ff
N??CA?oICGIC`_BOGP?	46	3fefebfbbba64b7e
N??CA?oICGIC`_BO@P?	46	3ff8ffe76cfdf6e1
N??CA?oICGIC`_BOGB?	46	7ffffffdffff
N??CA?oICGIC`_BO?R?	46	3ff73fdb9cfdef61
N??CA?oICGIC`_AoD_?	46	3ffffffff87ff
N??CA?oICGIC`_AoCg?	46	3fffffffffff
N??CA?oICGIC`_AoAg?	46	1ffffffffcffe
N??CA?oICGIC`_AoGa?	46	7ffffffdffff
N??CA?oICGIC`_AoG`?	46	3fefebfbbba64b7e
N??CA?oICGIC`_Ao@`?	46	3ff8ffe76cfdf6e1
N??CA?oICGIC`_Ao?b?	46	3ff73fdb9cfdef61
N??CA?oICGICH_aOJ??	46	7ffffffffffb
N??CA?oICGICH_aOI_?	46	3fffffffffff
N??CA?oICGICH_aOH_?	46	3fffffffffff
N??CA?oICGICH_aOB_?	46	3fffffffffff
N??CA?oICGICH_aOHO?	46	3fffffffffff
N??CA?oICGICH_aOGo?	46	3fffffffffff
N??CA?oICGICH_aO@o?	46	3ffffffff87ff
N??CA?oICGICH_aOBG?	46	7fffffffefff
N??CA?oICGICH_aOGg?	46	3fffffffffff
N??CA?oICGICH_aOAg?	46	3fffffffffff
N??CA?oICGICH_aO@g?	46	3fffffffffff
N??CA?oICGICH_aO@W?	46	3fffffffffff
N??CA?oICGICH_aO?w?	46	3fffffffffff
N??CA?oICGICH_aOIA?	46	7fffffffefff
N??CA?oICGICH_aOHA?	46	7fffffffefff
N??CA?oICGICH_aOGa?	46	3fffffffffff
N??CA?oICGICH_aOAa?	46	3fffffffffff
N??CA?oICGICH_aOGQ?	46	3fffffffffff
N??CA?oICGICH_aOAI?	46	7ffffffdffff
N??CA?oICGICH_aO?i?	46	3fffffffffff
N??CA?oICGICH_aO?Y?	46	3fffffffffff
N??CA?oICGICH_aOI@?	46	3fffffffffff
N??CA?oICGICH_aOH@?	46	3fffffffffff
N??CA?oICGICH_aOB@?	46	3fffffffffff
N??CA?oICGICH_aO@`?	46	3ffffef7ef7ff
N??CA?oICGICH_aOGP?	46	3fffffffffff
N??CA?oICGICH_aO@P?	46	3ffffef7ef7ff
N??CA?oICGICH_aO?p?	46	7ffbfef7ef7ff
N??CA?oICGICH_aOGH?	46	3fffffffffff
N??CA?oICGICH_aOAH?	46	3fffffffffff
N??CA?oICGICH_aO@H?	46	3fffffffffff
N??CA?oICGICH_aO?h?	46	3fffffffffff
N??CA?oICGICH_aO?X?	46	3fffffffffff
N??CA?oICGICH_aOGB?	46	3fffffffffff
N??CA?oICGICH_aOAB?	46	3fffffffffff
N??CA?oICGICH_aO@B?	46	3ffffbbfeefff
N??CA?oICGICH_aO?J?	46	3fffffffffff
N??CA?oICGICH_BOX??	46	3fffffffffff
N??CA?oICGICH_BOR??	46	3fffffffffff
N??CA?oICGICH_BOJ??	46	3ffffbbfeefff
N??CA?oICGICH_BOWO?	46	3fffffffffff
N??CA?oICGICH_BOPO?	46	3ffffffff87ff
N??CA?oICGICH_BOHO?	46	3fffffffffff
N??CA?oICGICH_BOQG?	46	3fffffffffff
N??CA?oICGICH_BOBG?	46	3ffffdefdefff
N??CA?oICGICH_BOOW?	46	3fffffffffff
N??CA?oICGICH_BOAW?	46	3fffffffffff
N??CA?oICGICH_BO@W?	46	3fffffffffff
N??CA?oICGICH_BOIA?	46	3ffffdefdefff
N??CA?oICGICH_BOHA?	46	3ffffdefdefff
N??CA?oICGICH_BOGQ?	46	3fffffffffff
N??CA?oICGICH_BOAI?	46	3fffffff0ffff
N??CA?oICGICH_BO?Y?	46	3fffffffffff
N??CA?oICGICH_BOW@?	46	3fffffffffff
N??CA?oICGICH_BOP@?	46	3ffffef7ef7ff
N??CA?oICGICH_BOH@?	46	3fffffffffff
N??CA?oICGICH_BOOP?	46	7ffbfef7ef7ff
N??CA?oICGICH_BOGP?	46	3fffffffffff
N??CA?oICGICH_BOAP?	46	3fffffffffff
N??CA?oICGICH_BO@P?	46	3ffdffdfdff7f
N??CA?oICGICH_BOOH?	46	3fffffffffff
N??CA?oICGICH_BOAH?	46	3fffffffffff
N??CA?oICGICH_BO?X?	46	3fffffffffff
N??CA?oICGICH_BOGB?	46	3fffffffffff
N??CA?oICGICH_BO?R?	46	3fff7fefdfeff
N??CA?oICGICH_BO?J?	46	3fffffffffff
N??CA?oICGICD_aOL??	46	7ffffffffffb
N??CA?oICGICD_aOK_?	46	3fffffffffff
N??CA?oICGICD_aOH_?	46	3fffffffffff
N??CA?oICGICD_aOD_?	46	3fffffffffff
N??CA?oICGICD_aODO?	46	3fffffffffff
N??CA?oICGICD_aOGo?	46	3ffffffffffd2
N??CA?oICGICD_aOCo?	46	3fffffffffff
N??CA?oICGICD_aO@o?	46	3fffffffffff
N??CA?oICGICD_aODG?	46	7fffffffefff
N??CA?oICGICD_aO?w?	46	1ffffffffcffe
N??CA?oICGICD_aOKA?	46	7fffffffefff
N??CA?oICGICD_aOHA?	46	7fffffffefff
N??CA?oICGICD_aOGa?	46	3fffffffffff
N??CA?oICGICD_aOCa?	46	3fffffffffff
N??CA?oICGICD_aO@a?	46	3fffffffffff
N??CA?oICGICD_aOCI?	46	7ffffffdffff
N??CA?oICGICD_aOK@?	46	3fffffffffff
N??CA?oICGICD_aOH@?	46	3fffffffffff
N??CA?oICGICD_aOD@?	46	3fffffffffff
N??CA?oICGICD_aOGP?	46	3ffffffffffcc
N??CA?oICGICD_aOCP?	46	3fffffffffff
N??CA?oICGICD_aO?p?	46	1ffffffffb7fe
N??CA?oICGICD_aOGH?	46	3ffffffffffcc
N??CA?oICGICD_aOCH?	46	3fffffffffff
N??CA?oICGICD_aO@H?	46	3fffffffffff
N??CA?oICGICD_aOGB?	46	3fffffffffff
N??CA?oICGICD_aOCB?	46	3fffffffffff
N??CA?oICGICD_aO@B?	46	3fffffffffff
N??CA?oICGICD_aO?J?	46	3fffffffffff
N??CA?oICGICD_BOX??	46	3fffffffffff
N??CA?oICGICD_BOT??	46	3fffffffffff
N??CA?oICGICD_BOL??	46	3ffffbbfeefff
N??CA?oICGICD_BOWO?	46	3ffffffffffd2
N??CA?oICGICD_BOSO?	46	3fffffffffff
N??CA?oICGICD_BOPO?	46	3fffffffffff
N??CA?oICGICD_BOHO?	46	3fffffffffff
N??CA?oICGICD_BODO?	46	3fffffffffff
N??CA?oICGICD_BODG?	46	3ffffdefdefff
N??CA?oICGICD_BOOW?	46	1ffffffffcffe
N??CA?oICGICD_BOCW?	46	3fffffffffff
N??CA?oICGICD_BO@W?	46	3fffffffffff
N??CA?oICGICD_BOKA?	46	3ffffdefdefff
N??CA?oICGICD_BOHA?	46	3ffffdefdefff
N??CA?oICGICD_BO@Q?	46	3fffffffffff
N??CA?oICGICD_BOCI?	46	3fffffff0ffff
N??CA?oICGICD_BOW@?	46	3ffffffffffcc
N??CA?oICGICD_BOS@?	46	3fffffffffff
N??CA?oICGICD_BOD@?	46	3fffffffffff
N??CA?oICGICD_BOOP?	46	1ffffffffb7fe
N??CA?oICGICD_BOGP?	46	1ffffffffb7fe
N??CA?oICGICD_BOCP?	46	3fffffffffff
N??CA?oICGICD_BO@P?	46	3fffffffffff
N??CA?oICGICD_BOCH?	46	3fffffffffff
N??CA?oICGICD_BO@H?	46	3fffffffffff
N??CA?oICGICD_BO?X?	46	3ffdf7ffff77f
N??CA?oICGICD_BO@B?	46	3fffffffffff
N??CA?oICGICD_BO?R?	46	3fffffffffff
N??CA?oICGICaOP_F??	46	7ffffffffffb
N??CA?oICGICaOP_D_?	46	3fffffffffff
N??CA?oICGICaOP_B_?	46	3fffffffffff
N??CA?oICGICaOP_DO?	46	3fffffffffff
N??CA?oICGICaOP_DG?	46	7fffffffefff
N??CA?oICGICaOP_Ag?	46	3ffffffffffd2
N??CA?oICGICaOP_Ca?	46	3fffffffffff
N??CA?oICGICaOP_@a?	46	3fffffffffff
N??CA?oICGICaOP_E@?	46	3fffffffffff
N??CA?oICGICaOP_D@?	46	3fffffffffff
N??CA?oICGICaOP_AP?	46	3ffffffffffcc
N??CA?oICGICaOP_CH?	46	3fffffffffff
N??CA?oICGICaOP_AH?	46	3ffffffffffcc
N??CA?oICGICaOP_@H?	46	3ffffbbfeefff
N??CA?oICGICaOP_CB?	46	3fffffffffff
N??CA?oICGICaOB_M??	46	7ffffffffffb
N??CA?oICGICaOB_K_?	46	3fffffffffff
N??CA?oICGICaOB_I_?	46	3fffffffffff
N??CA?oICGICaOB_E_?	46	3fffffffffff
N??CA?oICGICaOB_KO?	46	3fffffffffff
N??CA?oICGICaOB_Go?	46	3ffffef7ef7ff
N??CA?oICGICaOB_KG?	46	7fffffffefff
N??CA?oICGICaOB_Gg?	46	3ffffef7ef7ff
N??CA?oICGICaOB_Cg?	46	3fffffffffff
N??CA?oICGICaOB_Ag?	46	3fffffffffff
N??CA?oICGICaOB_?w?	46	3ff73fdb9cfdef61
N??CA?oICGICaOB_Ca?	46	3ffffef7ef7ff
N??CA?oICGICaOB_Aa?	46	3fffffffffff
N??CA?oICGICaOB_?q?	46	3ff8ffe76cfdf6e1
N??CA?oICGICaOB_?i?	46	3ffffffffffe1
N??CA?oICGICaOB_?Y?	46	3ffffffffffe1
N??CA?oICGICQOH_R??	46	7ffffffffffb
N??CA?oICGICQOH_Q_?	46	3ffff7dfdf7ff
N??CA?oICGICQOH_P_?	46	7fffffffff7f
N??CA?oICGICQOH_B_?	46	3ffffbbfeefff
N??CA?oICGICQOH_PO?	46	7fffffffff7f
N??CA?oICGICQOH_@o?	46	7ffffffff7ff
N??CA?oICGICQOH_Og?	46	7ffffffffffd
N??CA?oICGICQOH_Ag?	46	3ffffdefdefff
N??CA?oICGICQOH_Aa?	46	3ffffdefdefff
N??CA?oICGICQOH_Q@?	46	3fffffff0ffff
N??CA?oICGICQOH_P@?	46	7fffffff7fff
N??CA?oICGICQOH_OH?	46	7ffffffffffb
N??CA?oICGICQOH_OB?	46	3ffffffffffcc
N??CA?oICGICQOD_T??	46	7ffffffffffb
N??CA?oICGICQOD_P_?	46	7fffffffff7f
N??CA?oICGICQOD_D_?	46	3ffffbbfeefff
N??CA?oICGICQOD_Co?	46	3ffdffdfdff7f
N??CA?oICGICQOD_SG?	46	7fffffffefff
N??CA?oICGICQOD_PG?	46	7fffffffefff
N??CA?oICGICQOD_Cg?	46	3ffffdefdefff
N??CA?oICGICQOD_@g?	46	3ffffdefdefff
N??CA?oICGICQOD_Ca?	46	3ffffdefdefff
N??CA?oICGICQOD_S@?	46	3fffffff0ffff
N??CA?oICGICQOD_P@?	46	7fffffff7fff
N??CA?oICGICQOD_OH?	46	3ffffffffffcc
N??CA?oICGICQOD_OB?	46	7ffffffffffb
N??CA?oICGICQO@cS@?	46	3ffffffffffcc
N??CA?oICGICQO@cQ@?	46	7ffffffffffb
N??CA?oICGICIOP_P_?	46	7fffffffff7f
N??CA?oICGICIOP_PO?	46	7fffffffff7f
N??CA?oICGICIOP_Ao?	46	3fffffffffff
N??CA?oICGICIOP_@o?	46	7ffffffff7ff
N??CA?oICGICIOP_Ag?	46	3ffffdefdefff
N??CA?oICGICIOP_Oa?	46	7ffffffffffd
N??CA?oICGICIOP_Q@?	46	3fffffffffff
N??CA?oICGICIOP_P@?	46	7fffffff7fff
N??CA?oICGICIOP_OH?	46	3fffffffffff
N??CA?oICGICIOP_OB?	46	7ffffffffffb
N??CA?oICGICIOD_X??	46	7ffffffffffb
N??CA?oICGICIOD_W_?	46	3fffffffffff
N??CA?oICGICIOD_P_?	46	3fffffffffff
N??CA?oICGICIOD_H_?	46	3ffffbbfeefff
N??CA?oICGICIOD_PO?	46	3fffffffffff
N??CA?oICGICIOD_@o?	46	3fffffffffff
N??CA?oICGICIOD_Og?	46	3fffffffffff
N??CA?oICGICIOD_Gg?	46	3ffffdefdefff
N??CA?oICGICIOD_OW?	46	3fffffffffff
N??CA?oICGICIOD_?w?	46	3fffffffffff
N??CA?oICGICIOD_WA?	46	7fffffffefff
N??CA?oICGICIOD_Oa?	46	3fffffffffff
N??CA?oICGICIOD_Ga?	46	3ffffdefdefff
N??CA?oICGICIOD_OI?	46	7ffffffdffff
N??CA?oICGICIOD_?i?	46	3fffffff0ffff
N??CA?oICGICIOD_W@?	46	3fffffffffff
N??CA?oICGICIOD_P@?	46	3fffffffffff
N??CA?oICGICIOD_OH?	46	3fffffffffff
N??CA?oICGICIOD_OB?	46	3fffffffffff
N??CA?oICGICIOB_W_?	46	7fffffffff7f
N??CA?oICGICIOB_WO?	46	7fffffffff7f
N??CA?oICGICIOB_Oa?	46	3ffffef7ef7ff
N??CA?oICGICIOB_?i?	46	3fffffff0ffff
N??CA?oICGICIOB_W@?	46	7fffffff7fff
N??CA?oICGICIOB_Q@?	46	3fffffffffff
N??CA?oICGICIOB_OH?	46	3fffffffffff
N??CA?oICGICIOB_OB?	46	3ffffbbfeefff
N??CA?oICGICIO@oW_?	46	3fffffffffff
N??CA?oICGICIO@oW@?	46	3fffffffffff
N??CA?oICGICIO@oQ@?	46	3fffffffffff
N??CA?oICGICIO@oP@?	46	3fffffffffff
N??CA?oICGICIO@oOB?	46	3fffffffffff
N??CA?oICGICIO@cW_?	46	7ffffffffffd
N??CA?oICGICIO@cAo?	46	3fffffffffff
N??CA?oICGICIO@c@o?	46	3ffdffdfdff7f
N??CA?oICGICIO@c@g?	46	3fffffff0ffff
N??CA?oICGICIO@cW@?	46	7ffffffffffb
N??CA?oICGICIO@cQ@?	46	3fffffffffff
N??CA?oICGICIO@cP@?	46	3ffffbbfeefff
N??CA?oICGICIO@cOH?	46	3fffffffffff
N??CA?oICGICEOP_T??	46	7ffffffffffb
N??CA?oICGICEOP_D_?	46	3ffffbbfeefff
N??CA?oICGICEOP_Co?	46	3fffffffffff
N??CA?oICGICEOP_SG?	46	7fffffffefff
N??CA?oICGICEOP_PG?	46	7fffffffefff
N??CA?oICGICEOP_Cg?	46	3ffffdefdefff
N??CA?oICGICEOP_@g?	46	3ffffdefdefff
N??CA?oICGICEOP_S@?	46	3fffffffffff
N??CA?oICGICEOP_P@?	46	3fffffffffff
N??CA?oICGICEOP_OH?	46	3ffffffffffcc
N??CA?oICGICEOP_OB?	46	7ffffffffffb
N??CA?oICGICEOH_X??	46	7ffffffffffb
N??CA?oICGICEOH_W_?	46	3fffffffffff
N??CA?oICGICEOH_P_?	46	3fffffffffff
N??CA?oICGICEOH_H_?	46	3ffffbbfeefff
N??CA?oICGICEOH_PO?	46	3fffffffffff
N??CA?oICGICEOH_@o?	46	3fffffffffff
N??CA?oICGICEOH_Og?	46	3fffffffffff
N??CA?oICGICEOH_Gg?	46	3ffffdefdefff
N??CA?oICGICEOH_OW?	46	3fffffffffff
N??CA?oICGICEOH_?w?	46	3fffffffffff
N??CA?oICGICEOH_WA?	46	7fffffffefff
N??CA?oICGICEOH_Ga?	46	3ffffdefdefff
N??CA?oICGICEOH_OI?	46	7ffffffdffff
N??CA?oICGICEOH_?i?	46	3fffffff0ffff
N??CA?oICGICEOH_W@?	46	3fffffffffff
N??CA?oICGICEOH_P@?	46	3fffffffffff
N??CA?oICGICEOH_OH?	46	3fffffffffff
N??CA?oICGICEOH_OB?	46	3fffffffffff
N??CA?oICGICEOB_[??	46	7ffffffffffb
N??CA?oICGICEOB_W_?	46	3fffffffffff
N??CA?oICGICEOB_S_?	46	3fffffffffff
N??CA?oICGICEOB_K_?	46	3ffffbbfeefff
N??CA?oICGICEOB_WO?	46	3fffffffffff
N??CA?oICGICEOB_SO?	46	3fffffffffff
N??CA?oICGICEOB_Go?	46	3fffffffffff
N??CA?oICGICEOB_Og?	46	3fffffffffff
N??CA?oICGICEOB_Gg?	46	3ffffdefdefff
N??CA?oICGICEOB_OW?	46	3fffffffffff
N??CA?oICGICEOB_?w?	46	3fffffffffff
N??CA?oICGICEOB_WA?	46	7fffffffefff
N??CA?oICGICEOB_Oa?	46	3fffffffffff
N??CA?oICGICEOB_Ga?	46	3ffffdefdefff
N??CA?oICGICEOB_?q?	46	3fffffffffff
N??CA?oICGICEOB_W@?	46	3fffffffffff
N??CA?oICGICEOB_S@?	46	3fffffffffff
N??CA?oICGICEOB_OH?	46	3fffffffffff
N??CA?oICGICEOB_OB?	46	3fffffffffff
N??CA?oICGICEO@o[??	46	7fffffffefff
N??CA?oICGICEO@oX??	46	7fffffffefff
N??CA?oICGICEO@oK_?	46	3ffffdefdefff
N??CA?oICGICEO@oH_?	46	3ffffdefdefff
N??CA?oICGICEO@oW@?	46	3ffffffffffcc
N??CA?oICGICEO@oS@?	46	3fffffffffff
N??CA?oICGICEO@oP@?	46	3fffffffffff
N??CA?oICGICEO@cW_?	46	7ffffffffffd
N??CA?oICGICEO@cD_?	46	3ffffdefdefff
N??CA?oICGICEO@cCo?	46	3fffffffffff
N??CA?oICGICEO@cW@?	46	7ffffffffffb
N??CA?oICGICEO@cS@?	46	3fffffffffff
N??CA?oICGICEO@cP@?	46	3fffffffffff
N??CA?oICGICEO@cOH?	46	7ffffffffffe
N??CA?oICGICPOI_Q_?	46	3fffffffffff
N??CA?oICGICPOI_P_?	46	3fffffffffff
N??CA?oICGICPOI_Oo?	46	6fffef7ff7ffb
N??CA?oICGICPOI_PG?	46	3fffffffffff
N??CA?oICGICPOI_BG?	46	3defbfffdea94fcc
N??CA?oICGICPOI_AW?	46	3effffffffb7e
N??CA?oICGICPOI_Oa?	46	3fffffffffff
N??CA?oICGICPOI_Q@?	46	3fffffffffff
N??CA?oICGICPOI_P@?	46	3ffffffffffd2
N??CA?oICGICPOI_OP?	46	7edfffffffcfe
N??CA?oICGICPOI_AP?	46	3fffffffffff
N??CA?oICGICPOI_OB?	46	3effffffffb7e
N??CA?oICGICPOE_T??	46	3ffffdefdefff
N??CA?oICGICPOE_S_?	46	3fffffffffff
N??CA?oICGICPOE_D_?	46	3ffffbbfeefff
N??CA?oICGICPOE_SO?	46	3fff7fefdfeff
N??CA?oICGICPOE_PO?	46	3fff7fefdfeff
N??CA?oICGICPOE_DO?	46	2ffdeff7fe70fccc
N??CA?oICGICPOE_Oo?	46	3ffffffffffd2
N??CA?oICGICPOE_SG?	46	3fffffffffff
N??CA?oICGICPOE_DG?	46	3defbfffdea94fcc
N??CA?oICGICPOE_OI?	46	3fffffffffff
N??CA?oICGICPOE_S@?	46	3fffffffffff
N??CA?oICGICPOE_P@?	46	3fffffffffff
N??CA?oICGICPOE_D@?	46	3fffffffffff
N??CA?oICGICPOE_OH?	46	3ffffffffffcc
N??CA?oICGICPOE_?X?	46	1ffffffffb7fe
N??CA?oICGICPOE_OB?	46	3fffffffffff
N??CA?oICGICPOB_T??	46	3fffffffffff
N??CA?oICGICPOB_F??	46	7ff7fbbfeefff
N??CA?oICGICPOB_DO?	46	3fffffffffff
N??CA?oICGICPOB_DG?	46	3ffffdefdefff
N??CA?oICGICPOB_D@?	46	3fffffffffff
N??CA?oICGICPOB_@P?	46	2ffdeff7fe70fccc
N??CA?oICGICPOB_?X?	46	3ff8ffe76cfdf6e1
N??CA?oICGICPOB_@B?	46	37ffffbfefffb
N??CA?oICGICPOAoU??	46	3fffffffffff
N??CA?oICGICPOAoT??	46	3fffffffffff
N??CA?oICGICPOAoF??	46	3defbfffdea94fcc
N??CA?oICGICPOAoD_?	46	3ffffdefdefff
N??CA?oICGICPOAoPO?	46	7fdffef7ef7ff
N??CA?oICGICPOAoDO?	46	3effffffffb7e
N??CA?oICGICPOAoBO?	46	3effffffffb7e
N??CA?oICGICPOAoOo?	46	3fefedefe76634fe
N??CA?oICGICPOAo@o?	46	3ffdffdfdff7f
N??CA?oICGICPOAoQA?	46	3fffffffffff
N??CA?oICGICPOAoOa?	46	3fffffffffff
N??CA?oICGICPOAo@a?	46	3fffffff0ffff
N??CA?oICGICPOAoQ@?	46	3ffffffffffcc
N??CA?oICGICPOAo@`?	46	3fff7fefdfeff
N??CA?oICGICPOAoAP?	46	1ffffffffb7fe
N??CA?oICGICPOAo?p?	46	3ff8ffe76cfdf6e1
N??CA?oICGICPOAoOB?	46	3fffffffffff
N??CA?oICGICPOAaU??	46	3fffffffffff
N??CA?oICGICPOAaT??	46	3ffffffffffd2
N??CA?oICGICPOAaR??	46	3fffffffffff
N??CA?oICGICPOAaF??	46	37fffbfffeffb
N??CA?oICGICPOAaD_?	46	3fffffffffff
N??CA?oICGICPOAaDO?	46	1ffffffffcffe
N??CA?oICGICPOAa@g?	46	3fff7fefdfeff
N??CA?oICGICPOAaAW?	46	1ffffffffb7fe
N??CA?oICGICPOAa?w?	46	3ff8ffe76cfdf6e1
N??CA?oICGICPOAaSA?	46	3effffffffb7e
N??CA?oICGICPOAaPA?	46	3fefedefe76634fe
N??CA?oICGICPOAa@Q?	46	3ffe7f8f6b7ef07b
N??CA?oICGICHOQ_P_?	46	3fffffffffff
N??CA?oICGICHOQ_Oo?	46	3fffffffffff
N??CA?oICGICHOQ_AW?	46	3effffffffb7e
N??CA?oICGICHOQ_BA?	46	3defbfffdea94fcc
N??CA?oICGICHOQ_Q@?	46	3fffffffffff
N??CA?oICGICHOQ_P@?	46	3fffffffffff
N??CA?oICGICHOQ_B@?	46	3fffffffffff
N??CA?oICGICHOQ_O`?	46	3fffffffffff
N??CA?oICGICHOQ_OP?	46	3fffffffffff
N??CA?oICGICHOQ_AP?	46	3fffffffffff
N??CA?oICGICHOQ_?p?	46	3fffffffffff
N??CA?oICGICHOQ_OH?	46	3fffffffffff
N??CA?oICGICHOQ_@H?	46	3fffffffffff
N??CA?oICGICHOQ_OB?	46	3fffffffffff
N??CA?oICGICHOQ_AB?	46	3fffffffffff
N??CA?oICGICHOQ_?R?	46	3fffffffffff
N??CA?oICGICHOE_X??	46	3fffffffffff
N??CA?oICGICHOE_W_?	46	3fffffffffff
N??CA?oICGICHOE_P_?	46	3fffffffffff
N??CA?oICGICHOE_H_?	46	3ffffbbfeefff
N??CA?oICGICHOE_HO?	46	3ffffffffffcc
N??CA?oICGICHOE_Oo?	46	3fffffffffff
N??CA?oICGICHOE_Go?	46	3fffffffffff
N??CA?oICGICHOE_@o?	46	3fffffffffff
N??CA?oICGICHOE_HG?	46	3defbfffdea94fcc
N??CA?oICGICHOE_Og?	46	3fffffffffff
N??CA?oICGICHOE_GW?	46	3effffffffb7e
N??CA?oICGICHOE_?w?	46	3fffffffffff
N??CA?oICGICHOE_WA?	46	3fffffffffff
N??CA?oICGICHOE_Oa?	46	3fffffffffff
N??CA?oICGICHOE_@a?	46	3ffffdefdefff
N??CA?oICGICHOE_OQ?	46	3fffffffffff
N??CA?oICGICHOE_GQ?	46	3effffffffb7e
N??CA?oICGICHOE_OI?	46	3fffffffffff
N??CA?oICGICHOE_@I?	46	37ff6fdff9f0fb52
N??CA?oICGICHOE_?i?	46	3fffffff0ffff
N??CA?oICGICHOE_?Y?	46	3bffbffffff7d
N??CA?oICGICHOE_W@?	46	3fffffffffff
N??CA?oICGICHOE_P@?	46	3fffffffffff
N??CA?oICGICHOE_H@?	46	3fffffffffff
N??CA?oICGICHOE_@`?	46	3fffffffffff
N??CA?oICGICHOE_GP?	46	3fffffffffff
N??CA?oICGICHOE_?p?	46	3fffffffffff
N??CA?oICGICHOE_OH?	46	3fffffffffff
N??CA?oICGICHOE_@H?	46	3fffffffffff
N??CA?oICGICHOE_?X?	46	3fffffffffff
N??CA?oICGICHOE_OB?	46	3fffffffffff
N??CA?oICGICHOE_GB?	46	3fffffffffff
N??CA?oICGICHOE_?R?	46	3fffffffffff
N??CA?oICGICHOB_X??	46	3fffffffffff
N??CA?oICGICHOB_J??	46	3ffffbbfeefff
N??CA?oICGICHOB_WO?	46	3fffffffffff
N??CA?oICGICHOB_QO?	46	3fffffffffff
N??CA?oICGICHOB_IO?	46	3fffffffffff
N??CA?oICGICHOB_HO?	46	3fffffffffff
N??CA?oICGICHOB_IG?	46	3ffffdefdefff
N??CA?oICGICHOB_@W?	46	3fffffffffff
N??CA?oICGICHOB_QA?	46	3fffffffffff
N??CA?oICGICHOB_OQ?	46	3ffffef7ef7ff
N??CA?oICGICHOB_AI?	46	3fffffff0ffff
N??CA?oICGICHOB_?Y?	46	3fffffffffff
N??CA?oICGICHOB_W@?	46	3fffffffffff
N??CA?oICGICHOB_P@?	46	7ffbfef7ef7ff
N??CA?oICGICHOB_H@?	46	3fffffffffff
N??CA?oICGICHOB_OP?	46	7ffbfef7ef7ff
N??CA?oICGICHOB_GP?	46	3fffffffffff
N??CA?oICGICHOB_AP?	46	3fffffffffff
N??CA?oICGICHOB_@P?	46	3ffdffdfdff7f
N??CA?oICGICHOB_OH?	46	3fffffffffff
N??CA?oICGICHOB_AH?	46	3fffffffffff
N??CA?oICGICHOB_@H?	46	3fffffffffff
N??CA?oICGICHOB_?X?	46	3fffffffffff
N??CA?oICGICHOB_OB?	46	3ffffbbfeefff
N??CA?oICGICHOB_?R?	46	3fff7fefdfeff
N??CA?oICGICHOAoX??	46	3fffffffffff
N??CA?oICGICHOAoJ??	46	3defbfffdea94fcc
N??CA?oICGICHOAoW@?	46	3fffffffffff
N??CA?oICGICHOAoQ@?	46	3fffffffffff
N??CA?oICGICHOAoP@?	46	3fffffffffff
N??CA?oICGICHOAoH@?	46	3fffffffffff
N??CA?oICGICHOAoO`?	46	3fffffffffff
N??CA?oICGICHOAoOP?	46	3fffffffffff
N??CA?oICGICHOAo?p?	46	3fffffffffff
N??CA?oICGICHOAoOB?	46	3fffffffffff
N??CA?oICGICHOAaY??	46	3fffffffffff
N??CA?oICGICHOAaX??	46	3fffffffffff
N??CA?oICGICHOAaR??	46	3fffffffffff
N??CA?oICGICHOAaJ??	46	3fffffffffff
N??CA?oICGICHOAaW_?	46	3fffffffffff
N??CA?oICGICHOAaI_?	46	5fffdeffff7fd
N??CA?oICGICHOAaP_?	46	7ffbfef7ef7ff
N??CA?oICGICHOAaH_?	46	3fffffffffff
N??CA?oICGICHOAaQO?	46	3fffffffffff
N??CA?oICGICHOAaIO?	46	3fffffffffff
N??CA?oICGICHOAaHO?	46	3fffffffffff
N??CA?oICGICHOAaBO?	46	3fffffffffff
N??CA?oICGICHOAaGo?	46	3fffffffffff
N??CA?oICGICHOAaQG?	46	3fffffffffff
N??CA?oICGICHOAaPG?	46	3fffffffffff
N??CA?oICGICHOAaHG?	46	3fffffffffff
N??CA?oICGICHOAaBG?	46	3fffffffffff
N??CA?oICGICHOAaOg?	46	3fffffffffff
N??CA?oICGICHOAa@g?	46	3fffffffffff
N??CA?oICGICHOAaAW?	46	3fffffffffff
N??CA?oICGICHOAa@W?	46	3fffffffffff
N??CA?oICGICHOAa?w?	46	3fffffffffff
N??CA?oICGICHOAaWA?	46	3fffffffffff
N??CA?oICGICHOAaQA?	46	3fffffffffff
N??CA?oICGICHOAaIA?	46	3fdffffffb7fe
N??CA?oICGICHOAaPA?	46	7ff7fbbfeefff
N??CA?oICGICHOAaHA?	46	3fffffffffff
N??CA?oICGICHOAaOa?	46	3ffffbbfeefff
N??CA?oICGICHOAaGQ?	46	3fffffffffff
N??CA?oICGICHOAaAQ?	46	3fffffffffff
N??CA?oICGICHOAa?q?	46	3fff7fefdfeff
N??CA?oICGICHOAa?Y?	46	3fffffffffff
N??CA?oICGICDOQ_T??	46	3fffffffffff
N??CA?oICGICDOQ_P_?	46	3fffffffffff
N??CA?oICGICDOQ_D_?	46	3ffffbbfeefff
N??CA?oICGICDOQ_PO?	46	3fffffffffff
N??CA?oICGICDOQ_DO?	46	3ffffffffffcc
N??CA?oICGICDOQ_Oo?	46	3ffffffffffd2
N??CA?oICGICDOQ_SG?	46	3fffffffffff
N??CA?oICGICDOQ_DG?	46	3defbfffdea94fcc
N??CA?oICGICDOQ_@W?	46	3effffffffb7e
N??CA?oICGICDOQ_S@?	46	3fffffffffff
N??CA?oICGICDOQ_P@?	46	3fffffffffff
N??CA?oICGICDOQ_D@?	46	3fffffffffff
N??CA?oICGICDOQ_OP?	46	3ffffffffffcc
N??CA?oICGICDOQ_OH?	46	3ffffffffffcc
N??CA?oICGICDOQ_?X?	46	1ffffffffb7fe
N??CA?oICGICDOQ_OB?	46	3fffffffffff
N??CA?oICGICDOB_X??	46	3fffffffffff
N??CA?oICGICDOB_T??	46	3fffffffffff
N??CA?oICGICDOB_L??	46	3ffffbbfeefff
N??CA?oICGICDOB_WO?	46	3ffffffffffd2
N??CA?oICGICDOB_SO?	46	3fffffffffff
N??CA?oICGICDOB_KO?	46	3fffffffffff
N??CA?oICGICDOB_HO?	46	3fffffffffff
N??CA?oICGICDOB_DO?	46	3fffffffffff
N??CA?oICGICDOB_DG?	46	3ffffdefdefff
N??CA?oICGICDOB_CW?	46	3fffffffffff
N??CA?oICGICDOB_@W?	46	3fffffffffff
N??CA?oICGICDOB_KA?	46	3ffffdefdefff
N??CA?oICGICDOB_@Q?	46	3fffffffffff
N??CA?oICGICDOB_CI?	46	3fffffff0ffff
N??CA?oICGICDOB_W@?	46	3ffffffffffcc
N??CA?oICGICDOB_K@?	46	3fffffffffff
N??CA?oICGICDOB_H@?	46	3fffffffffff
N??CA?oICGICDOB_D@?	46	3fffffffffff
N??CA?oICGICDOB_GP?	46	1ffffffffb7fe
N??CA?oICGICDOB_CP?	46	3fffffffffff
N??CA?oICGICDOB_@P?	46	7ebfffffffb7e
N??CA?oICGICDOB_OH?	46	1ffffffffb7fe
N??CA?oICGICDOB_CH?	46	3fffffffffff
N??CA?oICGICDOB_@H?	46	3fffffffffff
N??CA?oICGICDOB_?X?	46	3ffdf7ffff77f
N??CA?oICGICDOB_@B?	46	3fffffffffff
N??CA?oICGICDOAo[??	46	3fffffffffff
N??CA?oICGICDOAoT??	46	3fffffffffff
N??CA?oICGICDOAoL??	46	3defbfffdea94fcc
N??CA?oICGICDOAoCQ?	46	3bffbffffff7d
N??CA?oICGICDOAoW@?	46	3ffffffffffcc
N??CA?oICGICDOAoP@?	46	3fffffffffff
N??CA?oICGICDOAoD@?	46	3fffffffffff
N??CA?oICGICDOAoGP?	46	1ffffffffb7fe
N??CA?oICGICDOAo?p?	46	3ffdf7ffff77f
N??CA?oICGICDOAa[??	46	3fffffffffff
N??CA?oICGICDOAaX??	46	3fffffffffff
N??CA?oICGICDOAaT??	46	3fffffffffff
N??CA?oICGICDOAaL??	46	3fffffffffff
N??CA?oICGICDOAaW_?	46	3ffffffffffcc
N??CA?oICGICDOAaD_?	46	3fffffffffff
N??CA?oICGICDOAaKO?	46	3fffffffffff
N??CA?oICGICDOAaHO?	46	3fffffffffff
N??CA?oICGICDOAaDO?	46	3fffffffffff
N??CA?oICGICDOAaGo?	46	1ffffffffb7fe
N??CA?oICGICDOAaPG?	46	3fffffffffff
N??CA?oICGICDOAaDG?	46	3fffffffffff
N??CA?oICGICDOAaOg?	46	1ffffffffb7fe
N??CA?oICGICDOAa@g?	46	3fffffffffff
N??CA?oICGICDOAaGW?	46	1ffffffffb7fe
N??CA?oICGICDOAa?w?	46	3ffdf7ffff77f
N??CA?oICGICDOAaWA?	46	3fffffffffff
N??CA?oICGICDOAaSA?	46	3fffffffffff
N??CA?oICGICDOAaKA?	46	3fdffffffb7fe
N??CA?oICGICDOAaPA?	46	1ffffffffcffe
N??CA?oICGICDOAaGQ?	46	3fffffffffff
N??CA?oICGICDOAaCQ?	46	3fffffffffff
N??CA?oICGICDOAa@Q?	46	3ffff7dfdf7ff
N??CA?oICGICDOAa?q?	46	3fffffffffff
N??CA?oICGIC@cBOL??	46	3ffffdefdefff
N??CA?oICGIC@cBOWO?	46	3fffffffffff
N??CA?oICGIC@cBOEO?	46	3fffffffffff
N??CA?oICGIC@cBOEG?	46	3fffffff0ffff
N??CA?oICGIC@cBOOW?	46	3ffffffffffe1
N??CA?oICGIC@cBOW@?	46	3fffffffffff
N??CA?oICGIC@cBOGP?	46	3fffffffffff
N??CA?oICGIC@cBOAP?	46	3fffffffffff
N??CA?oICGIC@cBO@P?	46	3defbfffdea94fcc
N??CA?oICGIC@cBO?X?	46	1ffffffffcffe
N??CA?oICGICASP_S@?	46	7ffffffffffb
N??CA?oICGICASP_Q@?	46	3ffeff7ff7eff
N??CA?oICGICASP_P@?	46	7ffffffffffb
N??CA?oICGICASP_OH?	46	3ffffffff87ff
N??CA?oICGICASH_X??	46	7fffffffefff
N??CA?oICGICASH_H_?	46	3ffffdefdefff
N??CA?oICGICASH_B_?	46	3ffffdefdefff
N??CA?oICGICASH_Ao?	46	1ffffffffcffe
N??CA?oICGICASH_W@?	46	7ffffffffffb
N??CA?oICGICASH_Q@?	46	3ffffffffffcc
N??CA?oICGICASD_S_?	46	3ffffffffffd2
N??CA?oICGICASD_K_?	46	3ffffdefdefff
N??CA?oICGICASD_SG?	46	7ffffffdffff
N??CA?oICGICASD_Cg?	46	3fffffff0ffff
N??CA?oICGICASD_W@?	46	3ffeff7ff7eff
N??CA?oICGICASD_S@?	46	3ffffffffffcc
N??CA?oICGICASD_P@?	46	7ffffffffffb
N??CA?oICGICASD_OH?	46	7ffffffffffe
N??CA?oICGIC@SQ_Oo?	46	3fffffffffff
N??CA?oICGIC@SQ_QG?	46	3fffffffffff
N??CA?oICGIC@SQ_S@?	46	3fffffffffff
N??CA?oICGIC@SQ_Q@?	46	3fffffffffff
N??CA?oICGIC@SQ_OH?	46	3fffffffffff
N??CA?oICGIC@SAoW@?	46	3fffffffffff
N??CA?oICGIC@SAoQ@?	46	3fffffffffff
N??CA?oICGIC@SAoP@?	46	3ffffffffffe1
N??CA?oICGIC@SAoOP?	46	3ffffffffffe1
N??CA?oICGIC@SAo?p?	46	1ffffffffcffe
N??CA?oICGHCT?CoT??	46	3fffffffffff
N??CA?oICGHCT?CoD_?	46	3ffffbbfeefff
N??CA?oICGHCT?CoDO?	46	3ffffffffffcc
N??CA?oICGHCT?CoOo?	46	3ffffffffffd2
N??CA?oICGHCT?CoDG?	46	3defbfffdea94fcc
N??CA?oICGHCT?CoCg?	46	3ffffdefdefff
N??CA?oICGHCT?Co@g?	46	3ffffdefdefff
N??CA?oICGHCT?CoCW?	46	3effffffffb7e
N??CA?oICGHCT?CoDA?	46	3defbfffdea94fcc
N??CA?oICGHCT?CoS@?	46	3fffffffffff
N??CA?oICGHCT?CoP@?	46	3fffffffffff
N??CA?oICGHCT?Co@`?	46	3fffffffffff
N??CA?oICGHCT?Co?p?	46	1ffffffffb7fe
N??CA?oICGHCT?CoOH?	46	3ffffffffffcc
N??CA?oICGHCT?@oF??	46	7fbffbbfeefff
N??CA?oICGHCT?@oB@?	46	3fffffffffff
N??CA?oICGHCB_DOY??	46	3fffffffffff
N??CA?oICGHCB_DOU??	46	3fffffffffff
N??CA?oICGHCB_DOWO?	46	3fffffffffff
N??CA?oICGHCB_DOSG?	46	3fffffffffff
N??CA?oICGHCB_DOOW?	46	3fffffffffff
N??CA?oICGHCB_DOCW?	46	3fffffffffff
N??CA?oICGHCB_DOAW?	46	3fffffffffff
N??CA?oICGHCB_DOIA?	46	3ffffdefdefff
N??CA?oICGHCB_DOOQ?	46	3fffffffffff
N??CA?oICGHCB_DOGQ?	46	3fffffffffff
N??CA?oICGHCB_DOAQ?	46	3fffffffffff
N??CA?oICGHCB_DOCI?	46	3fffffff0ffff
N??CA?oICGHCB_DOW@?	46	3fffffffffff
N??CA?oICGHCB_DOS@?	46	3fffffffffff
N??CA?oICGHCB_DOE@?	46	3fffffffffff
N??CA?oICGHCB_DOGP?	46	3fffffffffff
N??CA?oICGHCB_DOCP?	46	3fffffffffff
N??CA?oICGHCB_DOAP?	46	3fffffffffff
N??CA?oICGHCB_DOOH?	46	3fffffffffff
N??CA?oICGHCB_DOGH?	46	3fffffffffff
N??CA?oICGHCB_DOCH?	46	3fffffffffff
N??CA?oICGHCB_DOAH?	46	3fffffffffff
N??CA?oICGHCB_DO?X?	46	3fffffffffff
N??CA?oICGHCB_DOOB?	46	3fffffffffff
N??CA?oICGHCB_DOGB?	46	3fffffffffff
N??CA?oICGHCB_DOAB?	46	3fffffffffff
N??CA?oICGHCB_DO?R?	46	3fffffffffff
N??CA?oICGHCEOP_Oa?	46	3fffffffffff
N??CA?oICGHCEOP_?q?	46	3fffffffffff
N??CA?oICGHCEOP_S@?	46	3fffffffffff
N??CA?oICGHCEOP_Q@?	46	3fffffffffff
N??CA?oICGHCEOP_OH?	46	3fffffffffff
N??CA?oICGHCEOP_OB?	46	3fffffffffff
N??CA?oICGHCEOH_Q_?	46	3fffffffffff
N??CA?oICGHCEOH_Og?	46	3fffffffffff
N??CA?oICGHCEOH_OW?	46	3fffffffffff
N??CA?oICGHCEOH_?w?	46	3fffffffffff
N??CA?oICGHCEOH_Aa?	46	3ffffdefdefff
N??CA?oICGHCEOH_?q?	46	3fffffffffff
N??CA?oICGHCEOH_W@?	46	3fffffffffff
N??CA?oICGHCEOH_Q@?	46	3fffffffffff
N??CA?oICGHCEOH_OH?	46	3fffffffffff
N??CA?oICGHCEOH_OB?	46	3fffffffffff
N??CA?oICGHCEOD_W_?	46	3fffffffffff
N??CA?oICGHCEOD_S_?	46	3fffffffffff
N??CA?oICGHCEOD_SO?	46	3fffffffffff
N??CA?oICGHCEOD_Go?	46	3fffffffffff
N??CA?oICGHCEOD_Co?	46	3fffffffffff
N??CA?oICGHCEOD_WA?	46	7fffffffefff
N??CA?oICGHCEOD_Ga?	46	3ffffdefdefff
N??CA?oICGHCEOD_W@?	46	3fffffffffff
N??CA?oICGHCEOD_S@?	46	3fffffffffff
N??CA?oICGHCPOD_EO?	46	3fffffffffff
N??CA?oICGHCPOD_CW?	46	3fffffffffff
N??CA?oICGHCPOD_@H?	46	3fffffffffff
N??CA?oICGHCPOCoT??	46	3fffffffffff
N??CA?oICGHCPOCoF??	46	3defbfffdea94fcc
N??CA?oICGHCPOCoS_?	46	3fffffffffff
N??CA?oICGHCPOCoE_?	46	3ffffdefdefff
N??CA?oICGHCPOCoB_?	46	3ffffdefdefff
N??CA?oICGHCPOCoPO?	46	3fffffffffff
N??CA?oICGHCPOCoBO?	46	3effffffffb7e
N??CA?oICGHCPOCoOo?	46	3effffffffcfe
N??CA?oICGHCPOCoS@?	46	3fffffffffff
N??CA?oICGHCPOCoQ@?	46	3ffffffffffcc
N??CA?oICGHCPOCoP@?	46	3fffffffffff
N??CA?oICGHCPOCo@`?	46	3fffffffffff
N??CA?oICGHCPOCo?p?	46	5fffdeffff7fd
N??CA?oICGHCPOCoOB?	46	3fffffffffff
N??CA?oICGHC@cDOM??	46	3ffffdefdefff
N??CA?oICGHC@cDOWO?	46	3fffffffffff
N??CA?oICGHC@cDOEO?	46	3fffffffffff
N??CA?oICGHC@cDODG?	46	3fffffff0ffff
N??CA?oICGHC@cDOOW?	46	3fffffffffff
N??CA?oICGHC@cDOAW?	46	3fffffffffff
N??CA?oICGHC@cDOW@?	46	3fffffffffff
N??CA?oICGHC@cDOGP?	46	3fffffffffff
N??CA?oICGHC@cDOAP?	46	3fffffffffff
N??CA?oICGHC@cDO@P?	46	3fffffffffff
N??CA?oICGHC@cDOAH?	46	3fffffffffff
N??CA?oICGHC@cDO?X?	46	3fffffffffff
N??CA?oICGHCCSP_P_?	46	3fffffffffff
N??CA?oICGHCCSP_S@?	46	3fffffffffff
N??CA?oICGHCCSP_Q@?	46	3fffffffffff
N??CA?oICGHCCSP_P@?	46	3fffffffffff
N??CA?oICGHCCSP_OH?	46	3fffffffffff
N??CA?oICGHCCSH_Y??	46	7fffffffefff
N??CA?oICGHCCSH_I_?	46	3ffffdefdefff
N??CA?oICGHCCSH_B_?	46	3ffffdefdefff
N??CA?oICGHCCSH_Ao?	46	3fffffffffff
N??CA?oICGHCCSH_W@?	46	3fffffffffff
N??CA?oICGHCCSH_Q@?	46	3fffffffffff
N??CA?oICGHCCSD_[??	46	7fffffffefff
N??CA?oICGHCCSD_S_?	46	3fffffffffff
N??CA?oICGHCCSD_K_?	46	3ffffdefdefff
N??CA?oICGHCCSD_Og?	46	3fffffffffff
N??CA?oICGHCCSD_OW?	46	3fffffffffff
N??CA?oICGHCCSD_?w?	46	3fffffffffff
N??CA?oICGHCCSD_W@?	46	3fffffffffff
N??CA?oICGHCCSD_S@?	46	3fffffffffff
N??CA?oICGHCCSD_P@?	46	3fffffffffff
N??CA?oICGHCCSD_OH?	46	3fffffffffff
N??CA?oICGHC@SS_P_?	46	3fffffffffff
N??CA?oICGHC@SS_Oo?	46	3fffffffffff
N??CA?oICGHC@SS_PG?	46	3fffffffffff
N??CA?oICGHC@SS_Og?	46	3fffffffffff
N??CA?oICGHC@SS_S@?	46	3fffffffffff
N??CA?oICGHC@SS_P@?	46	3fffffffffff
N??CA?oICGHC@SS_OH?	46	3fffffffffff
N??CA?oICGHC@SCoL??	46	37ff6fdff9f0fb52
N??CA?oICGHC@SCoW_?	46	3fffffffffff
N??CA?oICGHC@SCoW@?	46	3fffffffffff
N??CA?oICGHC@SCoQ@?	46	3fffffffffff
N??CA?oICGHC@SCoP@?	46	3fffffffffff
N??CA?oICGHC@SCoOP?	46	3fffffffffff
N??CA?oICGHC@SCo?p?	46	3fffffffffff
N??CA?oICGDCs?@oBG?	46	7fffffffefff
N??CA?oICGDCs?@o@g?	46	3fffffffffff
N??CA?oICGDCs?@o@I?	46	7ffffffdffff
N??CA?oICGDCs?@oH@?	46	7ffffffff7ff
N??CA?oICGDCs?@oB@?	46	ffffffffe7ff
N??CA?oICGDCs?@o@B?	46	fffffffdf7ff
N??CA?oICGDCU?@o?q?	46	3ffdffdfdff7f
N??CA?oICGDCU?@oQ@?	46	ffffffff0e7ff
N??CA?oICGDCU?@oOB?	46	fffffbbfce7ff
N??CA?oICGDCp?CoH_?	46	ffffffffeffe
N??CA?oICGDCp?CoBG?	46	3effffffffcfe
N??CA?oICGDCp?CoHA?	46	7fffffffff7f
N??CA?oICGDCp?Co@a?	46	ffffffffe7ff
N??CA?oICGDCp?Co@I?	46	7fbfbffbf7f7f
N??CA?oICGDCp?CoB@?	46	fffffffdefff
N??CA?oICGDCp?Co@B?	46	fffffffef7ff
N??CA?oICGDCd?OoHA?	46	3effffffffcfe
N??CA?oICGDCT?CoHO?	46	3ffffffffffcc
N??CA?oICGDCT?CoPG?	46	3fffffffffff
N??CA?oICGDCT?CoPA?	46	3fffffffffff
N??CA?oICGDCT?CoP@?	46	7fffffffefff
N??CA?oICGDCT?@oBG?	46	3ffffdefdefff
N??CA?oICGDCT?@o@Q?	46	3fffffffffff
N??CA?oICGDCT?@o@I?	46	3fffffff0ffff
N??CA?oICGDCT?@o@P?	46	3fffffffffff
N??CA?oICGDCR?CoWA?	46	7fffffffff7f
N??CA?oICGDCR?CoQA?	46	3fffffffffff
N??CA?oICGDCR?CoOa?	46	ffffffffe7ff
N??CA?oICGDCR?Co?q?	46	3fffffffffff
N??CA?oICGDCR?CoOI?	46	3fffffffffff
N??CA?oICGDCR?CoQ@?	46	ffffffffeffb
N??CA?oICGDCR?CoOB?	46	fffffffef7ff
N??CA?oICGDCF?OoWA?	46	7ffedf7ff7eff
N??CA?oICGDCF?OoGQ?	46	37ff6fdff9f0fb52
N??CA?oICGDCF?OoGB?	46	6ffaffffffefb
N??CA?oICGDCo_DOJ??	46	ffffffffff74c
N??CA?oICGDCo_DOHA?	46	7ffffffffb77c
N??CA?oICGDCo_DOH@?	46	fffffffff7fd
N??CA?oICGDCD_POJ??	46	7ff7fbbfeefff
N??CA?oICGDCD_POHA?	46	3ffffdefdefff
N??CA?oICGDCB_SOWA?	46	7fffffffefff
N??CA?oICGDCB_SOGa?	46	3ffffdefdefff
N??CA?oICGDCoOD_J??	46	3ffffffffe7f9
N??CA?oICGDCoOD_HA?	46	3fffffffdef7e
N??CA?oICGDCSOP_P@?	46	ffffffff0e7ff
N??CA?oICGDCSOD_X??	46	7ffffffffffb
N??CA?oICGDCSOD_H_?	46	3ffffbbfeefff
N??CA?oICGDCPOS_P@?	46	3ffffffffe67f
N??CA?oICGBCY?@oQ@?	46	ffffffff0e7ff
N??CA?oICGBCY?@oOB?	46	fffffbbfce7ff
N??CA?oICGBCX?CoX??	46	3fffffffffff
N??CA?oICGBCX?CoP_?	46	3fffffffffff
N??CA?oICGBCX?CoH_?	46	3ffffbbfeefff
N??CA?oICGBCX?CoPO?	46	3fffffffffff
N??CA?oICGBCX?CoHO?	46	3ffffffffffcc
N??CA?oICGBCX?CoOo?	46	7ffffffffeff
N??CA?oICGBCX?Co@o?	46	3fffffffffff
N??CA?oICGBCX?CoPG?	46	3fffffffffff
N??CA?oICGBCX?CoOg?	46	3fffffffffff
N??CA?oICGBCX?Co@g?	46	3ffffdefdefff
N??CA?oICGBCX?Co@W?	46	3effffffffb7e
N??CA?oICGBCX?Co?w?	46	3fffffffffff
N??CA?oICGBCX?CoWA?	46	3fffffffffff
N??CA?oICGBCX?CoPA?	46	3fffffffffff
N??CA?oICGBCX?CoOa?	46	3fffffffffff
N??CA?oICGBCX?CoGa?	46	3ffffdefdefff
N??CA?oICGBCX?CoGQ?	46	3effffffffb7e
N??CA?oICGBCX?Co?q?	46	3fffffffffff
N??CA?oICGBCX?CoOI?	46	3fffffffffff
N??CA?oICGBCX?Co?i?	46	3fffffff0ffff
N??CA?oICGBCX?Co?Y?	46	3bffbffffff7d
N??CA?oICGBCX?CoW@?	46	7ffffffff7ff
N??CA?oICGBCX?CoP@?	46	3fffffffffff
N??CA?oICGBCX?CoH@?	46	3fffffffffff
N??CA?oICGBCX?CoGP?	46	3fffffffffff
N??CA?oICGBCX?Co@P?	46	3fffffffffff
N??CA?oICGBCX?Co?p?	46	7ffffffffffd
N??CA?oICGBCX?CoOH?	46	7fffffffff7f
N??CA?oICGBCX?CoGH?	46	3fffffffffff
N??CA?oICGBCX?Co@H?	46	3fffffffffff
N??CA?oICGBCX?Co?h?	46	3fffffffffff
N??CA?oICGBCX?CoOB?	46	3fffffffffff
N??CA?oICGBCX?CoGB?	46	3fffffffffff
N??CA?oICGBCX?Co?R?	46	3fffffffffff
N??CA?oICGBCX?Co?J?	46	3fffffffffff
N??CA?oICGBCX?AoOo?	46	7ffffffffeff
N??CA?oICGBCX?AoOg?	46	3fffffffffff
N??CA?oICGBCX?AoQA?	46	3fffffffffff
N??CA?oICGBCX?AoW@?	46	7ffffffff7ff
N??CA?oICGBCX?AoQ@?	46	3fffffffffff
N??CA?oICGBCX?AoO`?	46	7fffffffff7f
N??CA?oICGBCX?AoOB?	46	3fffffffffff
N??CA?oICGBCX?@oJ??	46	7fbffbbfeefff
N??CA?oICGBCX?@oQO?	46	3fffffffffff
N??CA?oICGBCX?@oPO?	46	3fffffffffff
N??CA?oICGBCX?@oHO?	46	3fffffffffff
N??CA?oICGBCX?@oBO?	46	3fffffffffff
N??CA?oICGBCX?@oQG?	46	3fffffffffff
N??CA?oICGBCX?@oPG?	46	3fffffffffff
N??CA?oICGBCX?@oBG?	46	3ffffdefdefff
N??CA?oICGBCX?@o@W?	46	3fffffffffff
N??CA?oICGBCX?@oIA?	46	3ffffdefdefff
N??CA?oICGBCX?@oAQ?	46	3fffffffffff
N??CA?oICGBCX?@oAI?	46	3fffffff0ffff
N??CA?oICGBCX?@oP@?	46	3fffffffffff
N??CA?oICGBCX?@oAP?	46	3fffffffffff
N??CA?oICGBCX?@o@P?	46	3fffffffffff
N??CA?oICGBCX?@o@H?	46	3fffffffffff
N??CA?oICGBCX?@oOB?	46	3fffffffffff
N??CA?oICGBCX?@oAB?	46	3fffffffffff
N??CA?oICGBCX?@o?R?	46	3fffffffffff
N??CA?oICGBCX??sR??	46	3fffffffffff
N??CA?oICGBCX??sPG?	46	3fffffffffff
N??CA?oICGBCX??sW@?	46	7ffffffdffff
N??CA?oICGBCX??sQ@?	46	3fffffffffff
N??CA?oICGBCX??sP@?	46	3fffffffffff
N??CA?oICGBCX??sB@?	46	3fffffffffff
N??CA?oICGBCX??sOH?	46	7fffffff7fff
N??CA?oICGBCX??qY??	46	3fffffffffff
N??CA?oICGBCX??qX??	46	3fffffffffff
N??CA?oICGBCX??qR??	46	ffffffffeffb
N??CA?oICGBCX??qJ??	46	1ffffeffff7fd
N??CA?oICGBCX??qP_?	46	3fffffffffff
N??CA?oICGBCX??qH_?	46	3fffffffffff
N??CA?oICGBCX??qIO?	46	3fffffffffff
N??CA?oICGBCX??qPO?	46	7fffffffff7f
N??CA?oICGBCX??qHO?	46	3fffffffffff
N??CA?oICGBCX??qBO?	46	ffffffffeeff
N??CA?oICGBCX??q@o?	46	3fffffffffff
N??CA?oICGBCX??qQG?	46	7fffffffff7f
N??CA?oICGBCX??qIG?	46	3fffffffffff
N??CA?oICGBCX??qPG?	46	7fffffffff7f
N??CA?oICGBCX??qBG?	46	7fffffffefff
N??CA?oICGBCX??q@g?	46	3fffffffffff
N??CA?oICGBCX??qAW?	46	7ffffffffffd
N??CA?oICGBCX??q@W?	46	7ffffffffffd
N??CA?oICGBCX??qQA?	46	fffffffff7fe
N??CA?oICGBCX??qIA?	46	3fff7fefdfeff
N??CA?oICGBCX??qPA?	46	fffffffff7fe
N??CA?oICGBCX??qOa?	46	3fffffffffff
N??CA?oICGBCX??qGQ?	46	3fffffffffff
N??CA?oICGBCX??qAQ?	46	fffffffff77f
N??CA?oICGBCX??qOI?	46	7fffffff7fff
N??CA?oICGBCX??qAI?	46	7ffffffff7ff
N??CA?oICGBCX??q?Y?	46	7ffffffffffb
N??CA?oICGBCT?OoT??	46	3fffffffe777f
N??CA?oICGBCT?OoD_?	46	3ffdbf739b7ee87d
N??CA?oICGBCT?OoDO?	46	ffffffffff74c
N??CA?oICGBCT?OoDG?	46	3defbfffdea94fcc
N??CA?oICGBCT?OoCg?	46	3ffffdefdefff
N??CA?oICGBCT?OoCQ?	46	feffffffff37c
N??CA?oICGBCT?OoS@?	46	7ffffffff7ff
N??CA?oICGBCT?OoD@?	46	fbfffffbe7ff9
N??CA?oICGBCT?@oT??	46	7ffffffeffff
N??CA?oICGBCT?@oL??	46	7fbffbbfeefff
N??CA?oICGBCT?@oSO?	46	3fffffffffff
N??CA?oICGBCT?@oKO?	46	3fffffffffff
N??CA?oICGBCT?@oDO?	46	3fffffffffff
N??CA?oICGBCT?@oDG?	46	3ffffdefdefff
N??CA?oICGBCT?@oCW?	46	3fffffffffff
N??CA?oICGBCT?@oKA?	46	3ffffdefdefff
N??CA?oICGBCT?@oCQ?	46	3fffffffffff
N??CA?oICGBCT?@oCI?	46	3fffffff0ffff
N??CA?oICGBCT?@oD@?	46	3fffffffffff
N??CA?oICGBCT?@oCP?	46	3fffffffffff
N??CA?oICGBCT?@oCH?	46	3fffffffffff
N??CA?oICGBCT?@oCB?	46	3fffffffffff
N??CA?oICGBCT??sT??	46	3fffffffffff
N??CA?oICGBCT??sS@?	46	3fffffffffff
N??CA?oICGBCT??sD@?	46	3fffffffffff
N??CA?oICGBCT??sOH?	46	7fffffff7fff
N??CA?oICGBCT??q[??	46	3fffffffffff
N??CA?oICGBCT??qT??	46	ffffffffeffb
N??CA?oICGBCT??qL??	46	1ffffeffff7fd
N??CA?oICGBCT??qD_?	46	3ffffffe97fff
N??CA?oICGBCT??qKO?	46	3fffffffffff
N??CA?oICGBCT??qDO?	46	ffffffffeeff
N??CA?oICGBCT??qCo?	46	3fffffffffff
N??CA?oICGBCT??qSG?	46	7fffffffff7f
N??CA?oICGBCT??qDG?	46	7fffffffefff
N??CA?oICGBCT??qCg?	46	3fffffffffff
N??CA?oICGBCT??qCW?	46	7ffffffffffd
N??CA?oICGBCT??qSA?	46	fffffffff7fe
N??CA?oICGBCT??qKA?	46	3fff7fefdfeff
N??CA?oICGBCT??qCQ?	46	fffffffff77f
N??CA?oICGBCT??qCI?	46	7ffffffff7ff
N??CA?oICGBCL?OoX??	46	3fffffff0ffff
N??CA?oICGBCL?OoH_?	46	3ffdbf739b7ee87d
N??CA?oICGBCL?OoHO?	46	3defbfffdea94fcc
N??CA?oICGBCL?OoWA?	46	7ffedf7ff7eff
N??CA?oICGBCL?OoGa?	46	3defbfffdea94fcc
N??CA?oICGBCL?OoGQ?	46	37ff6fdff9f0fb52
N??CA?oICGBCL?OoH@?	46	3bfffffbf7ffd
N??CA?oICGBCJ?OoIO?	46	3defbfffdea94fcc
N??CA?oICGBCJ?OoGQ?	46	37ff6fdff9f0fb52
N??CA?oICGBCo_HOJ??	46	ffffffffff74c
N??CA?oICGBCo_HOI_?	46	3fffffffffff
N??CA?oICGBCo_HOH_?	46	3fffffffffff
N??CA?oICGBCo_HOB_?	46	3ffdbfe5c7bf06fd
N??CA?oICGBCo_HOHO?	46	7fffffffefff
N??CA?oICGBCo_HOAo?	46	3fffffffffff
N??CA?oICGBCo_HO@o?	46	3fffffffffff
N??CA?oICGBCo_HOHG?	46	1ffffffffb7fe
N??CA?oICGBCo_HO@g?	46	2fffff7ff7ffb
N??CA?oICGBCo_HOIA?	46	7ffffffffb77c
N??CA?oICGBCo_HOHA?	46	7ffffffffb77c
N??CA?oICGBCo_HOGa?	46	3fffffffffff
N??CA?oICGBCo_HOAa?	46	3faeffff75e937d2
N??CA?oICGBCo_HO?i?	46	2ffeffffffefb
N??CA?oICGBCo_HOI@?	46	7ffffffff7ff
N??CA?oICGBCo_HOH@?	46	7ffffffff7ff
N??CA?oICGBCo_HOGB?	46	7ffffffdffff
N??CA?oICGBCo_DOL??	46	ffffffffff74c
N??CA?oICGBCo_DOK_?	46	3fffffffffff
N??CA?oICGBCo_DOD_?	46	3ffdbfe5c7bf06fd
N??CA?oICGBCo_DODO?	46	3fffffffe777f
N??CA?oICGBCo_DOCo?	46	3fffffffffff
N??CA?oICGBCo_DOCg?	46	2fffff7ff7ffb
N??CA?oICGBCo_DOKA?	46	7ffffffffb77c
N??CA?oICGBCo_DOCa?	46	3faeffff75e937d2
N??CA?oICGBCo_DOK@?	46	7ffffffff7ff
N??CA?oICGBCo_DOGB?	46	7ffffffdffff
N??CA?oICGBCo_@SM??	46	7ffffffffb77c
N??CA?oICGBCo_@SL??	46	7ffffffffb77c
N??CA?oICGBCo_@SK@?	46	7ffffffdffff
N??CA?oICGBCo_@SI@?	46	7ffffffdffff
N??CA?oICGBCH_oOJ??	46	3ffffffffe7f9
N??CA?oICGBCH_oOI_?	46	7fffffffefff
N??CA?oICGBCH_oOH_?	46	7fffffffefff
N??CA?oICGBCH_oOIO?	46	3fffffffffff
N??CA?oICGBCH_oOHO?	46	3fffffffffff
N??CA?oICGBCH_oOHG?	46	7fffffffefff
N??CA?oICGBCH_oOIA?	46	3fffffffdef7e
N??CA?oICGBCH_oOGa?	46	7ffffffdffff
N??CA?oICGBCH_oOGQ?	46	3fffffffffff
N??CA?oICGBCH_oOI@?	46	7ffffffff7ff
N??CA?oICGBCH_oOH@?	46	7ffffffff7ff
N??CA?oICGBCH_oOGB?	46	7ffffffdffff
N??CA?oICGBCH_QOW_?	46	7fffffffff7f
N??CA?oICGBCH_QOWO?	46	7fffffffff7f
N??CA?oICGBCH_QOGo?	46	7ffffffff7ff
N??CA?oICGBCH_QOW@?	46	ffffffff77ff
N??CA?oICGBCH_POY??	46	3fffffffffff
N??CA?oICGBCH_POX??	46	3fffffffffff
N??CA?oICGBCH_POJ??	46	7ff7fbbfeefff
N??CA?oICGBCH_POIO?	46	3fffffffffff
N??CA?oICGBCH_POHO?	46	3fffffffffff
N??CA?oICGBCH_POHG?	46	3ffffdefdefff
N??CA?oICGBCH_POIA?	46	3ffffdefdefff
N??CA?oICGBCH_POGQ?	46	3fffffffffff
N??CA?oICGBCH_POH@?	46	3fffffffffff
N??CA?oICGBCH_POGB?	46	3fffffffffff
N??CA?oICGBCH_OSX??	46	7fffffffefff
N??CA?oICGBCH_OSH_?	46	3ffffdefdefff
N??CA?oICGBCH_OSW@?	46	7ffffffdffff
N??CA?oICGBCD_oOL??	46	3ffffffffe7f9
N??CA?oICGBCD_oOK_?	46	7fffffffefff
N??CA?oICGBCD_oOKO?	46	3fffffffffff
N??CA?oICGBCD_oOKA?	46	3fffffffdef7e
N??CA?oICGBCD_oOK@?	46	7ffffffff7ff
N??CA?oICGBCD_PO[??	46	3fffffffffff
N??CA?oICGBCD_POL??	46	7ff7fbbfeefff
N??CA?oICGBCD_POKO?	46	3fffffffffff
N??CA?oICGBCD_POKA?	46	3ffffdefdefff
N??CA?oICGBCD_POK@?	46	3fffffffffff
N??CA?oICGBCD_OSW@?	46	fffffffdfffb
N??CA?oICGBCWOP_Q_?	46	3fffffffffff
N??CA?oICGBCWOP_P_?	46	7fffffffff7f
N??CA?oICGBCWOP_PO?	46	7fffffffff7f
N??CA?oICGBCWOP_PG?	46	7fffffffefff
N??CA?oICGBCWOP_Ag?	46	3ffffdefdefff
N??CA?oICGBCWOP_@g?	46	3ffffdefdefff
N??CA?oICGBCWOP_Q@?	46	7ffffffff7ff
N??CA?oICGBCWOP_P@?	46	ffffffff77ff
N??CA?oICGBCWOD_X??	46	7ffffffffffb
N??CA?oICGBCWOD_W_?	46	3fffffffffff
N??CA?oICGBCWOD_H_?	46	3ffffbbfeefff
N??CA?oICGBCWOD_WO?	46	3fffffffffff
N??CA?oICGBCWOD_Go?	46	3fffffffffff
N??CA?oICGBCWOD_WA?	46	7fffffffefff
N??CA?oICGBCWOD_Ga?	46	3ffffdefdefff
N??CA?oICGBCWOD_W@?	46	7ffffffff7ff
N??CA?oICGBCSOP_T??	46	3fffffffef7fa
N??CA?oICGBCSOP_D_?	46	7fbffbbfeefff
N??CA?oICGBCSOP_Cg?	46	3ffffdefdefff
N??CA?oICGBCSOP_S@?	46	7ffffffff7ff
N??CA?oICGBCSOH_X??	46	7ffffffffffb
N??CA?oICGBCSOH_W_?	46	3fffffffffff
N??CA?oICGBCSOH_H_?	46	3ffffbbfeefff
N??CA?oICGBCSOH_WO?	46	3fffffffffff
N??CA?oICGBCSOH_Go?	46	3fffffffffff
N??CA?oICGBCSOH_Gg?	46	3ffffdefdefff
N??CA?oICGBCSOH_WA?	46	7fffffffefff
N??CA?oICGBCSOH_Ga?	46	3ffffdefdefff
N??CA?oICGBCSOH_W@?	46	7ffffffff7ff
N??CA?oICGBCPC?qU??	46	fffffffff7fe
N??CA?oICGBCPC?qT??	46	fffffffff7fe
N??CA?oICGBCPC?qL??	46	3fff7fefdfeff
N??CA?oICGBCPC?qKO?	46	3fffffffffff
N??CA?oICGBC@coOM??	46	3fffffffdef7e
N??CA?oICGBC@coOK_?	46	7ffffffdffff
N??CA?oICGBC@cWOW@?	46	7ffffffdffff
N??CA?oICGBC@cSOW@?	46	fffffffdfffb
N??CA?oICGBC@cPOM??	46	3ffffdefdefff
N??CA?oICGBCOSP_S@?	46	7ffffffdffff
N??CA?oICGBCOSP_Q@?	46	fffffffdfffb
N??CA?oICGGcY?CoQ@?	46	3fffffffffff
N??CA?oICGGcY?CoP@?	46	7fffffffff7f
N??CA?oICGGcY?CoOP?	46	7fffffffff7f
N??CA?oICGGcY?CoAP?	46	3fffffffffff
N??CA?oICGGcJ?CoOW?	46	7ffffffffffb
N??CA?oICGGcJ?Co@W?	46	3fffffffffff
N??CA?oICGGcJ?Co@I?	46	3fffffff0ffff
N??CA?oICGGcJ?CoW@?	46	7fffffffff7f
N??CA?oICGGcJ?CoGP?	46	3fffffffffff
N??CA?oICGGcJ?CoAP?	46	3fffffffffff
N??CA?oICGGcJ?Co@P?	46	3fffffffffff
N??CA?oICGGcJ?CoOH?	46	3fffffffffff
N??CA?oICGGcJ?Co?X?	46	3fffffffffff
N??CA?oICGGcJ?Co?R?	46	3fffffffffff
N??CA?oICGGcS_IOR??	46	3fffffffffff
N??CA?oICGGcS_IOAo?	46	3fffffffffff
N??CA?oICGGcS_IOAg?	46	3ffffdefdefff
N??CA?oICGGcS_IOQ@?	46	3fffffffffff
N??CA?oICGGcS_IOP@?	46	3fffffffffff
N??CA?oICGGcS_IO@P?	46	3fffffffffff
N??CA?oICGGcS_IO?p?	46	3fffffffffff
N??CA?oICGGcS_IOOH?	46	3fffffffffff
N??CA?oICGGcS_IOOB?	46	3fffffffffff
N??CA?oICGGcS_IO?R?	46	3fffffffffff
N??CA?oICGGcS_EOT??	46	3fffffffffff
N??CA?oICGGcS_EOD_?	46	3ffffbbfeefff
N??CA?oICGGcS_EODO?	46	3ffffffffffcc
N??CA?oICGGcS_EOOo?	46	3ffffffffffd2
N??CA?oICGGcS_EOCo?	46	3fffffffffff
N??CA?oICGGcS_EODG?	46	3defbfffdea94fcc
N??CA?oICGGcS_EOCg?	46	3ffffdefdefff
N??CA?oICGGcS_EOCW?	46	3effffffffb7e
N??CA?oICGGcS_EOS@?	46	3fffffffffff
N??CA?oICGGcS_EOP@?	46	3fffffffffff
N??CA?oICGGcS_EOD@?	46	3fffffffffff
N??CA?oICGGcS_EOO`?	46	3ffffffffffcc
N??CA?oICGGcS_EOOP?	46	3ffffffffffcc
N??CA?oICGGcS_EO?p?	46	1ffffffffb7fe
N??CA?oICGGcS_EOOH?	46	3ffffffffffcc
N??CA?oICGGcS_EOOB?	46	3fffffffffff
N??CA?oICGGcS_BOF??	46	3ffffbbfeefff
N??CA?oICGGcS_BOEO?	46	3fffffffffff
N??CA?oICGGcS_BODO?	46	3fffffffffff
N??CA?oICGGcS_BODG?	46	3ffffdefdefff
N??CA?oICGGcS_BOQ@?	46	3ffffffffffcc
N??CA?oICGGcS_BOD@?	46	3fffffffffff
N??CA?oICGGcS_BOCP?	46	3fffffffffff
N??CA?oICGGcS_BOAP?	46	1ffffffffb7fe
N??CA?oICGGcS_BO@P?	46	3fffffffffff
N??CA?oICGGcS_BO@H?	46	3fffffffffff
N??CA?oICGGcS_BO?X?	46	1ffffeffff7fd
N??CA?oICGGcS_BOOB?	46	3fffffffffff
N??CA?oICGGcS_BO?R?	46	3fffffffffff
N??CA?oICGGcS_AoT??	46	3fffffffffff
N??CA?oICGGcS_AoF??	46	3ffffffffffcc
N??CA?oICGGcS_AoQ_?	46	3ffffffffffd2
N??CA?oICGGcS_AoE_?	46	3fffffffffff
N??CA?oICGGcS_AoEA?	46	3effffffffb7e
N??CA?oICGGcS_AoD@?	46	3fffffffffff
N??CA?oICGGcB_cOL??	46	3fffffffffff
N??CA?oICGGcB_cOF??	46	3fffffffffff
N??CA?oICGGcB_cODG?	46	3fffffffffff
N??CA?oICGGcB_cOCW?	46	3fffffffffff
N??CA?oICGGcB_cO@I?	46	3fffffffffff
N??CA?oICGGcB_cOI@?	46	3ffffffffffcc
N??CA?oICGGcB_cOE@?	46	3fffffffffff
N??CA?oICGGcB_cOD@?	46	3fffffffffff
N??CA?oICGGcB_cOCP?	46	3fffffffffff
N??CA?oICGGcB_cOCH?	46	3fffffffffff
N??CA?oICGGcB_EOU??	46	3fffffffffff
N??CA?oICGGcB_EOM??	46	3ffffbbfeefff
N??CA?oICGGcB_EOWO?	46	3fffffffffff
N??CA?oICGGcB_EOSG?	46	3fffffffffff
N??CA?oICGGcB_EOOW?	46	3fffffffffff
N??CA?oICGGcB_EOGW?	46	3fffffffffff
N??CA?oICGGcB_EOCW?	46	3fffffffffff
N??CA?oICGGcB_EOAW?	46	3fffffffffff
N??CA?oICGGcB_EOOQ?	46	3fffffffffff
N??CA?oICGGcB_EOGQ?	46	3fffffffffff
N??CA?oICGGcB_EOAQ?	46	3fffffffffff
N??CA?oICGGcB_EOGP?	46	3fffffffffff
N??CA?oICGGcB_EOCP?	46	3fffffffffff
N??CA?oICGGcB_EOAP?	46	3fffffffffff
N??CA?oICGGcB_CoY??	46	3ffffffffffd2
N??CA?oICGGcB_CoM??	46	3fffffffffff
N??CA?oICGGcB_CoT??	46	3fffffffffff
N??CA?oICGGcB_CoL??	46	3fffffffffff
N??CA?oICGGcB_CoF??	46	3fffffffffff
N??CA?oICGGcB_CoSG?	46	3fffffffffff
N??CA?oICGGcB_CoQG?	46	1ffffffffcffe
N??CA?oICGGcB_CoPG?	46	3fffffffffff
N??CA?oICGGcB_CoDG?	46	3fffffffffff
N??CA?oICGGcB_CoSA?	46	3fffffffffff
N??CA?oICGGcB_CoEA?	46	3fffffffffff
N??CA?oICGGcB_CoPA?	46	3fffffffffff
N??CA?oICGGcB_CoHA?	46	3fffffffffff
N??CA?oICGGcB_CoCI?	46	3fffffffffff
N??CA?oICGGcB_CoAI?	46	3fffffffffff
N??CA?oICGGcB_Co@I?	46	3fffffffffff
N??CA?oICGGcB_CoS@?	46	3fffffffffff
N??CA?oICGGcB_CoI@?	46	1ffffffffb7fe
N??CA?oICGGcB_CoH@?	46	3fffffffffff
N??CA?oICGGcB_CoD@?	46	3fffffffffff
N??CA?oICGGcB_CoGH?	46	1ffffeffff7fd
N??CA?oICGGcB_CoCH?	46	3fffffffffff
N??CA?oICGGcB_Co@H?	46	3fffffffffff
N??CA?oICGGcB_CoCB?	46	3fffffffffff
N??CA?oICGGcB_Co@B?	46	3fffffffffff
N??CA?oICGGcB_CSM??	46	3ffffdefdefff
N??CA?oICGGcB_CSHO?	46	3fffffffffff
N??CA?oICGGcB_CSOW?	46	3fffffffffff
N??CA?oICGGcB_CSW@?	46	3fffffffffff
N??CA?oICGGcB_CSQ@?	46	3fffffffffff
N??CA?oICGGcB_CSE@?	46	3fffffffffff
N??CA?oICGGcB_CSH@?	46	3fffffffffff
N??CA?oICGGcB_CSOP?	46	3fffffffffff
N??CA?oICGGcB_CSGP?	46	3fffffffffff
N??CA?oICGGcB_CSCP?	46	3fffffffffff
N??CA?oICGGcB_CS@P?	46	3fffffffffff
N??CA?oICGGcB_CSOH?	46	3fffffffffff
N??CA?oICGGcB_CS?X?	46	3fffffffffff
N??CA?oICGGcIOCoQ_?	46	3fffffffffff
N??CA?oICGGcIOCoW@?	46	3fffffffffff
N??CA?oICGGcIOCoP@?	46	3fffffffffff
N??CA?oICGGcHOE_J??	46	3ffffbbfeefff
N??CA?oICGGcHOE_IO?	46	3fffffffffff
N??CA?oICGGcHOE_PO?	46	7ffffffeffff
N??CA?oICGGcHOE_BO?	46	3fffffffffff
N??CA?oICGGcHOE_IG?	46	3ffffdefdefff
N??CA?oICGGcHOE_HG?	46	3ffffdefdefff
N??CA?oICGGcHOE_OW?	46	3fffffffffff
N??CA?oICGGcHOE_GW?	46	3fffffffffff
N??CA?oICGGcHOE_AI?	46	3fffffff0ffff
N??CA?oICGGcHOE_@I?	46	3fffffff0ffff
N??CA?oICGGcHOE_?Y?	46	3fffffffffff
N??CA?oICGGcHOE_P@?	46	3fffffffffff
N??CA?oICGGcHOE_H@?	46	3fffffffffff
N??CA?oICGGcHOE_GP?	46	3fffffffffff
N??CA?oICGGcHOE_AP?	46	3fffffffffff
N??CA?oICGGcHOE_@P?	46	3fffffffffff
N??CA?oICGGcHOE_OH?	46	fffffffff7fd
N??CA?oICGGcHOE_?X?	46	3fffffffffff
N??CA?oICGGcHOE_OB?	46	7ffffffff7ff
N??CA?oICGGcHOE_?R?	46	3fffffffffff
N??CA?oICGGcHOE_?J?	46	fffffffdf7ff
N??CA?oICGGcDOQ_F??	46	3ffffbbfeefff
N??CA?oICGGcDOQ_DO?	46	3fffffffffff
N??CA?oICGGcDOQ_DG?	46	3ffffdefdefff
N??CA?oICGGcDOQ_OW?	46	3effffffffcfe
N??CA?oICGGcDOQ_D@?	46	3fffffffffff
N??CA?oICGGcDOQ_@P?	46	3fffffffffff
N??CA?oICGGcDOQ_@H?	46	3fffffffffff
N??CA?oICGGcDOQ_?X?	46	1ffffeffff7fd
N??CA?oICGGcDOQ_OB?	46	3fffffffffff
N??CA?oICGGcDOQ_?R?	46	3fffffffffff
N??CA?oICGGcDOI_J??	46	3ffffbbfeefff
N??CA?oICGGcDOI_IO?	46	3fffffffffff
N??CA?oICGGcDOI_PO?	46	3fffffffffff
N??CA?oICGGcDOI_PG?	46	3fffffffffff
N??CA?oICGGcDOI_BG?	46	3ffffdefdefff
N??CA?oICGGcDOI_OW?	46	3fffffffffff
N??CA?oICGGcDOI_AW?	46	3fffffffffff
N??CA?oICGGcDOI_@W?	46	3fffffffffff
N??CA?oICGGcDOI_QA?	46	3fffffffffff
N??CA?oICGGcDOI_IA?	46	3ffffdefdefff
N??CA?oICGGcDOI_OI?	46	3fffffffffff
N??CA?oICGGcDOI_AI?	46	3fffffff0ffff
N??CA?oICGGcDOI_@I?	46	3fffffff0ffff
N??CA?oICGGcDOI_W@?	46	3fffffffffff
N??CA?oICGGcDOI_I@?	46	3ffff7dfdf7ff
N??CA?oICGGcDOI_P@?	46	3fffffffffff
N??CA?oICGGcDOI_H@?	46	3fffffffffff
N??CA?oICGGcDOI_GP?	46	3fffffffffff
N??CA?oICGGcDOI_AP?	46	3fffffffffff
N??CA?oICGGcDOI_@P?	46	3fffffffffff
N??CA?oICGGcDOI_OB?	46	3fffffffffff
N??CA?oICGGcDOI_?R?	46	3fffffffffff
N??CA?oICGGcDOE_T??	46	3fffffffffff
N??CA?oICGGcDOE_L??	46	3ffffbbfeefff
N??CA?oICGGcDOE_SO?	46	3fffffffffff
N??CA?oICGGcDOE_KO?	46	3fffffffffff
N??CA?oICGGcDOE_PO?	46	3fffffffffff
N??CA?oICGGcDOE_HO?	46	3fffffffffff
N??CA?oICGGcDOE_DO?	46	3fffffffffff
N??CA?oICGGcDOE_DG?	46	3ffffdefdefff
N??CA?oICGGcDOE_CW?	46	3fffffffffff
N??CA?oICGGcDOE_@W?	46	3fffffffffff
N??CA?oICGGcDOE_KA?	46	3ffffdefdefff
N??CA?oICGGcDOE_HA?	46	3ffffdefdefff
N??CA?oICGGcDOE_@Q?	46	3fffffffffff
N??CA?oICGGcDOE_CI?	46	3fffffff0ffff
N??CA?oICGGcDOE_@I?	46	3fffffff0ffff
N??CA?oICGGcDOE_W@?	46	3ffffffffffcc
N??CA?oICGGcDOE_K@?	46	3fffffffffff
N??CA?oICGGcDOE_H@?	46	3fffffffffff
N??CA?oICGGcDOE_D@?	46	3fffffffffff
N??CA?oICGGcDOE_GP?	46	1ffffffffb7fe
N??CA?oICGGcDOE_CP?	46	3fffffffffff
N??CA?oICGGcDOE_@P?	46	3fffffffffff
N??CA?oICGGcDOE_OH?	46	1ffffffffb7fe
N??CA?oICGGcDOE_CH?	46	3fffffffffff
N??CA?oICGGcDOE_@H?	46	3fffffffffff
N??CA?oICGGcDOE_?X?	46	3ffdf7ffff77f
N??CA?oICGGcDOE_?R?	46	3fffffffffff
N??CA?oICGGcDOAoT??	46	3fffffffffff
N??CA?oICGGcDOAoL??	46	3ffffdefdefff
N??CA?oICGGcDOAoF??	46	3ffffdefdefff
N??CA?oICGGcDOAoWO?	46	3effffffffcfe
N??CA?oICGGcDOAoSO?	46	3fffffffffff
N??CA?oICGGcDOAoHA?	46	3fffffff0ffff
N??CA?oICGGcDOAoH@?	46	3fffffffffff
N??CA?oICGGcDOAoGP?	46	1ffffeffff7fd
N??CA?oICGGcDOAoAP?	46	3ffdf7ffff77f
N??CA?oICGGcDOAaY??	46	3ffffffffffcc
N??CA?oICGGcDOAaT??	46	3fffffffffff
N??CA?oICGGcDOAaL??	46	3fffffffffff
N??CA?oICGGcDOAaF??	46	3fffffffffff
N??CA?oICGGcDOAaSO?	46	3fffffffffff
N??CA?oICGGcDOAaIO?	46	1ffffffffb7fe
N??CA?oICGGcDOAaQG?	46	1ffffffffb7fe
N??CA?oICGGcDOAaHG?	46	3fffffffffff
N??CA?oICGGcDOAaDG?	46	3fffffffffff
N??CA?oICGGcDOAaBG?	46	3fffffffffff
N??CA?oICGGcDOAaAW?	46	3ffdf7ffff77f
N??CA?oICGGcDOAaWA?	46	3fffffffffff
N??CA?oICGGcDOAaSA?	46	3fffffffffff
N??CA?oICGGcDOAaHA?	46	3fffffffffff
N??CA?oICGGcDOAaGQ?	46	3fffffffffff
N??CA?oICGGcDOAaCQ?	46	3fffffffffff
N??CA?oICGGcDOAaAQ?	46	3fffffffffff
N??CA?oICGGcBOCoL??	46	3ffffdefdefff
N??CA?oICGGcBOCoH@?	46	3fffffffffff
N??CA?oICGGcBOCoD@?	46	3fffffffffff
N??CA?oICGGcOoM?PO?	46	7fffffffefff
N??CA?oICGGcOoM?PG?	46	3fffffffffff
N??CA?oICGGcOoM?Ag?	46	3ffffdefdefff
N??CA?oICGGcOoM?@g?	46	3ffffdefdefff
N??CA?oICGGcOoM?@W?	46	3effffffffb7e
N??CA?oICGGcOoM?Q@?	46	7ffffffff7ff
N??CA?oICGGcOoM?P@?	46	7ffffffff7ff
N??CA?oICGGcOoM?@P?	46	7fffffffff7f
N??CA?oICGGcOoM?OB?	46	7ffffffdffff
N??CA?oICGGcOoM??R?	46	7fffffff7fff
N??CA?oICGGcOoF?F??	46	3ffdbf739b7ee87d
N??CA?oICGGcOoF?DO?	46	3fffffffffff
N??CA?oICGGcOoF?DG?	46	3ffffdefdefff
N??CA?oICGGcOoF?OW?	46	fefffffffecfa
N??CA?oICGGcOoF?E@?	46	3bfffffbf7ffd
N??CA?oICGGcOoF?D@?	46	3bfffffbf7ffd
N??CA?oICGGcOoF?B@?	46	3bfffffbf7ffd
N??CA?oICGGcOoF?AP?	46	1ffffffffb7fe
N??CA?oICGGcOoF??X?	46	dffffeffff77c
N??CA?oICGGcOoF??R?	46	3fffffffffff
N??CA?oICGGcOoF??J?	46	3fffffffffff
N??CA?oICGGcOoE_T??	46	3fffffffffff
N??CA?oICGGcOoE_F??	46	ffffffffff74c
N??CA?oICGGcOoE_DG?	46	3effffffffb7e
N??CA?oICGGcOoE_Og?	46	fefffffffecfa
N??CA?oICGGcOoE_OI?	46	3fffffffffff
N??CA?oICGGcOoE_D@?	46	3fffffffffff
N??CA?oICGGcOoEOT??	46	3fffffffffff
N??CA?oICGGcOoEOF??	46	3defbfffdea94fcc
N??CA?oICGGcOoEOE_?	46	3ffffdefdefff
N??CA?oICGGcOoEOD_?	46	3ffffdefdefff
N??CA?oICGGcOoEOB_?	46	3ffffdefdefff
N??CA?oICGGcOoEOEO?	46	3effffffffb7e
N??CA?oICGGcOoEODO?	46	3effffffffb7e
N??CA?oICGGcOoEOOo?	46	fefffffffecfa
N??CA?oICGGcOoEOOQ?	46	3fffffffffff
N??CA?oICGGcOoEO?q?	46	3fffffffffff
N??CA?oICGGcOoEOS@?	46	3fffffffffff
N??CA?oICGGcOoEOQ@?	46	3ffffffffffcc
N??CA?oICGGcOoEOD@?	46	3fffffffffff
N??CA?oICGGcOoEO?p?	46	dffffeffff77c
N??CA?oICGGcOoEOOB?	46	3fffffffffff
N??CA?oICGGcOoEO?b?	46	3fffffffffff
N??CA?oICGGcOoEO?R?	46	3fffffffffff
N??CA?oICGGcGoU?PO?	46	3fffffffffff
N??CA?oICGGcGoU?QG?	46	3fffffffffff
N??CA?oICGGcGoU?PG?	46	3fffffffffff
N??CA?oICGGcGoU?BG?	46	3defbfffdea94fcc
N??CA?oICGGcGoU??w?	46	3fffffffffff
N??CA?oICGGcGoU?QA?	46	3fffffffffff
N??CA?oICGGcGoU?BA?	46	3defbfffdea94fcc
N??CA?oICGGcGoU?Q@?	46	3fffffffffff
N??CA?oICGGcGoU?P@?	46	3fffffffffff
N??CA?oICGGcGoU?A`?	46	3fffffffffff
N??CA?oICGGcGoU?OP?	46	3fffffffffff
N??CA?oICGGcGoU?@P?	46	3fffffffffff
N??CA?oICGGcGoU??p?	46	3fffffffffff
N??CA?oICGGcGoU?OH?	46	3fffffffffff
N??CA?oICGGcGoU?OB?	46	3fffffffffff
N??CA?oICGGcGoU?AB?	46	3fffffffffff
N??CA?oICGGcGoEOY??	46	3fffffffffff
N??CA?oICGGcGoEOQ_?	46	3fffffffffff
N??CA?oICGGcGoEOP_?	46	3fffffffffff
N??CA?oICGGcGoEOQO?	46	3fffffffffff
N??CA?oICGGcGoEOOo?	46	3fffffffffff
N??CA?oICGGcGoEOGo?	46	3fffffffffff
N??CA?oICGGcGoEOBA?	46	37ff6fdff9f0fb52
N??CA?oICGGcGoEOW@?	46	3fffffffffff
N??CA?oICGGcGoEOQ@?	46	3fffffffffff
N??CA?oICGGcGoEOP@?	46	3fffffffffff
N??CA?oICGGcGoEOO`?	46	3fffffffffff
N??CA?oICGGcGoEO@`?	46	3fffffffffff
N??CA?oICGGcGoEOOP?	46	3fffffffffff
N??CA?oICGGcGoEO?p?	46	3fffffffffff
N??CA?oICGGcGoEOOB?	46	3fffffffffff
N??CA?oICGGcGoEOAB?	46	3fffffffffff
N??CA?oICGGc@oE_M??	46	3fffffffffff
N??CA?oICGGc@oE_T??	46	3fffffffffff
N??CA?oICGGc@oE_F??	46	3fffffffffff
N??CA?oICGGc@oE_SG?	46	3fffffffffff
N??CA?oICGGc@oE_PG?	46	3fffffffffff
N??CA?oICGGc@oE_HG?	46	3fffffffffff
N??CA?oICGGc@oE_DG?	46	3fffffffffff
N??CA?oICGGc@oE_CI?	46	3fffffffffff
N??CA?oICGGc@oEOT??	46	3fffffffffff
N??CA?oICGGc@oEOL??	46	3ffffdefdefff
N??CA?oICGGc@oEODO?	46	3fffffffffff
N??CA?oICGGc@oEOGP?	46	dffffeffff77c
N??CA?oICGGc@oEOCP?	46	3fffffffffff
N??CA?oICGGcCaaOL??	46	3fffffffffff
N??CA?oICGGcCaaOJ??	46	3fffffffffff
N??CA?oICGGcCaaOF??	46	3fffffffffff
N??CA?oICGGcCaaOD_?	46	3fffffffffff
N??CA?oICGGcCaaODO?	46	3fffffffffff
N??CA?oICGGcCaaOGg?	46	3effffffffb7e
N??CA?oICGGcCaaOCg?	46	3fffffffffff
N??CA?oICGGcCaaOAW?	46	1ffffffffb7fe
N??CA?oICGGcCaaO?w?	46	1ffffeffff7fd
N??CA?oICGGcCaaOKA?	46	3fffffffffff
N??CA?oICGGcCaaOHA?	46	3fffffffffff
N??CA?oICGGcCaaOGa?	46	3fffffffffff
N??CA?oICGGcCaaOCI?	46	3fffffffffff
N??CA?oICGGcCaIOY??	46	3fffffffffff
N??CA?oICGGcCaIOX??	46	3fffffffffff
N??CA?oICGGcCaIOR??	46	3fffffffffff
N??CA?oICGGcCaIOJ??	46	3fffffffffff
N??CA?oICGGcCaIOW_?	46	3fffffffffff
N??CA?oICGGcCaIOP_?	46	3fffffffffff
N??CA?oICGGcCaIOH_?	46	3fffffffffff
N??CA?oICGGcCaIOIO?	46	3fffffffffff
N??CA?oICGGcCaIOPO?	46	3fffffffffff
N??CA?oICGGcCaIOHO?	46	3fffffffffff
N??CA?oICGGcCaIOBO?	46	3fffffffffff
N??CA?oICGGcCaIOGo?	46	3fffffffffff
N??CA?oICGGcCaIO@o?	46	3fffffffffff
N??CA?oICGGcCaIOWG?	46	3fffffffffff
N??CA?oICGGcCaIOQG?	46	3fffffffffff
N??CA?oICGGcCaIOPG?	46	3fffffffffff
N??CA?oICGGcCaIOOg?	46	3fffffffffff
N??CA?oICGGcCaIOGg?	46	3fffffffffff
N??CA?oICGGcCaIOGW?	46	3fffffffffff
N??CA?oICGGcCaIOAW?	46	3fffffffffff
N??CA?oICGGcCaIOWA?	46	3fffffffffff
N??CA?oICGGcCaIOQA?	46	3fffffffffff
N??CA?oICGGcCaIOIA?	46	3fffffffffff
N??CA?oICGGcCaIOPA?	46	3fffffffffff
N??CA?oICGGcCaIOOa?	46	3fffffffffff
N??CA?oICGGcCaIOGa?	46	3fffffffffff
N??CA?oICGGcCaIO@a?	46	3fffffffffff
N??CA?oICGGcCaIOGQ?	46	3fffffffffff
N??CA?oICGGcCaIOAQ?	46	3fffffffffff
N??CA?oICGGcCaIO?q?	46	3fffffffffff
N??CA?oICGGcCaIOOI?	46	3fffffffffff
N??CA?oICGGcCaEO[??	46	3fffffffffff
N??CA?oICGGcCaEOX??	46	3fffffffffff
N??CA?oICGGcCaEOT??	46	3fffffffffff
N??CA?oICGGcCaEOL??	46	3fffffffffff
N??CA?oICGGcCaEOD_?	46	3fffffffffff
N??CA?oICGGcCaEOKO?	46	3fffffffffff
N??CA?oICGGcCaEOHO?	46	3fffffffffff
N??CA?oICGGcCaEODO?	46	3fffffffffff
N??CA?oICGGcCaEOWG?	46	3ffffffffffcc
N??CA?oICGGcCaEOSG?	46	3fffffffffff
N??CA?oICGGcCaEOPG?	46	3fffffffffff
N??CA?oICGGcCaEODG?	46	3fffffffffff
N??CA?oICGGcCaEOOg?	46	1ffffffffb7fe
N??CA?oICGGcCaEOOW?	46	1ffffffffb7fe
N??CA?oICGGcCaEOCW?	46	3fffffffffff
N??CA?oICGGcCaEO@W?	46	3fffffffffff
N??CA?oICGGcCaEO?w?	46	3ffdf7ffff77f
N??CA?oICGGcCaEOWA?	46	3fffffffffff
N??CA?oICGGcCaEOSA?	46	3fffffffffff
N??CA?oICGGcCaEOKA?	46	3fffffffffff
N??CA?oICGGcCaEOPA?	46	3fffffffffff
N??CA?oICGGcCaEOHA?	46	3fffffffffff
N??CA?oICGGcCaEOGQ?	46	3fffffffffff
N??CA?oICGGcCaEOCQ?	46	3fffffffffff
N??CA?oICGGcCaEO@Q?	46	3fffffffffff
N??CA?oICGGcCaEOCI?	46	3fffffffffff
N??CA?oICGGcCaEO@I?	46	3fffffffffff
N??CA?oICGGcCaBOX??	46	3fffffffffff
N??CA?oICGGcCaBOT??	46	3fffffffffff
N??CA?oICGGcCaBOL??	46	3fffffffffff
N??CA?oICGGcCaBOF??	46	3fffffffffff
N??CA?oICGGcCaBOKO?	46	3fffffffffff
N??CA?oICGGcCaBODO?	46	3fffffffffff
N??CA?oICGGcCaBOSG?	46	3fffffffffff
N??CA?oICGGcCaBOQG?	46	1ffffffffb7fe
N??CA?oICGGcCaBOPG?	46	3fffffffffff
N??CA?oICGGcCaBODG?	46	3fffffffffff
N??CA?oICGGcCaBOOW?	46	1ffffeffff7fd
N??CA?oICGGcCaBOGW?	46	1ffffeffff7fd
N??CA?oICGGcCaBOWA?	46	3fffffffffff
N??CA?oICGGcCaBOSA?	46	3fffffffffff
N??CA?oICGGcCaBOKA?	46	3fffffffffff
N??CA?oICGGcCaBOPA?	46	3fffffffffff
N??CA?oICGGcCaBODA?	46	3fffffffffff
N??CA?oICGGcCaBOGQ?	46	3fffffffffff
N??CA?oICGGcCaBOCQ?	46	3fffffffffff
N??CA?oICGGcCaBO@Q?	46	3fffffffffff
N??CA?oICGGcCaBOCI?	46	3fffffffffff
N??CA?oICGGcCaBO@I?	46	3fffffffffff
N??CA?oICGGcCaAoM??	46	3fffffffffff
N??CA?oICGGcCaAoT??	46	3fffffffffff
N??CA?oICGGcCaAoL??	46	3fffffffffff
N??CA?oICGGcCaAoF??	46	3fffffffffff
N??CA?oICGGcCaAoD_?	46	3fffffffffff
N??CA?oICGGcCaAoQG?	46	1ffffffffb7fe
N??CA?oICGGcCaAoDG?	46	3fffffffffff
N??CA?oICGGcCaAoOg?	46	1ffffeffff7fd
N??CA?oICGGcCaAoEA?	46	3fffffffffff
N??CA?oICGGcCaAoHA?	46	3fffffffffff
N??CA?oICGGcCaAoCI?	46	3fffffffffff
N??CA?oICGGcCaAoAI?	46	3fffffffffff
N??CA?oICGGcCaASY??	46	3ffeff7ff7eff
N??CA?oICGGcCaASU??	46	3ffffffffffcc
N??CA?oICGGcCaAST??	46	3fffffffffff
N??CA?oICGGcCaASW_?	46	2fffff7ff7ffb
N??CA?oICGGcCaASP_?	46	3fffffffffff
N??CA?oICGGcCaASD_?	46	3fffffffffff
N??CA?oICGGcCaASIO?	46	37ffffbfefffb
N??CA?oICGGcCaASHO?	46	3fffffffffff
N??CA?oICGGcCaASGo?	46	37fffbfffeffb
N??CA?oICGGcCaAS@o?	46	3fffffffffff
N??CA?oICGGcCaASSG?	46	3fffffffffff
N??CA?oICGGcCaASQG?	46	3fffffffffff
N??CA?oICGGcCaASEG?	46	3fffffffffff
N??CA?oICGGcCaASPG?	46	3fffffffffff
N??CA?oICGGcCaASOg?	46	3fffffffffff
N??CA?oICGGcCaASOW?	46	3fffffffffff
N??CA?oICGGcCaASGW?	46	3fffffffffff
N??CA?oICGGcCaASAW?	46	3fffffffffff
N??CA?oICGGcCaAS@W?	46	3fffffffffff
N??CA?oICGGcCaAS?w?	46	3fffffffffff
N??CA?oICGGcAacOL??	46	3fffffffffff
N??CA?oICGGcAacOJ??	46	3fffffffffff
N??CA?oICGGcAacOF??	46	3fffffffffff
N??CA?oICGGcAacOI_?	46	3ffffffffffcc
N??CA?oICGGcAacOE_?	46	3fffffffffff
N??CA?oICGGcAacOKO?	46	3fffffffffff
N??CA?oICGGcAacODO?	46	3fffffffffff
N??CA?oICGGcAacOCo?	46	3fffffffffff
N??CA?oICGGcAacODG?	46	3fffffffffff
N??CA?oICGGcAacOCg?	46	3fffffffffff
N??CA?oICGGcAacOKA?	46	3fffffffffff
N??CA?oICGGcAacOGQ?	46	3fffffffffff
N??CA?oICGGcAacOCI?	46	3fffffffffff
N??CA?oICGGcAacO@I?	46	3fffffffffff
N??CA?oICGGcAaCSY??	46	3fffffffffff
N??CA?oICGGcAaCSU??	46	3fffffffffff
N??CA?oICGGcAaCST??	46	3fffffffffff
N??CA?oICGGcAaCSW_?	46	3fffffffffff
N??CA?oICGGcAaCSQ_?	46	3fffffffffff
N??CA?oICGGcAaCSE_?	46	3fffffffffff
N??CA?oICGGcAaCSHO?	46	3fffffffffff
N??CA?oICGGcAaCSGo?	46	3fffffffffff
N??CA?oICGGcAaCSAo?	46	3fffffffffff
N??CA?oICGGcAaCSSG?	46	3fffffffffff
N??CA?oICGGcAaCSQG?	46	3fffffffffff
N??CA?oICGGcAaCSPG?	46	3fffffffffff
N??CA?oICGGcAaCSOg?	46	3fffffffffff
N??CA?oICGGcAaCSAg?	46	3fffffffffff
N??CA?oICGGcAaCSGW?	46	3fffffffffff
N??CA?oICGGcAaCSAW?	46	3fffffffffff
N??CA?oICGGcAaCS@W?	46	3fffffffffff
N??CA?oICGGcAaCS?w?	46	3fffffffffff
N??CA?oICGGcCQQ_T??	46	3fffffffffff
N??CA?oICGGcCQQ_F??	46	3fffffffffff
N??CA?oICGGcCQQ_D_?	46	3fffffffffff
N??CA?oICGGcCQQ_Oo?	46	3effffffffb7e
N??CA?oICGGcCQQ_DG?	46	3fffffffffff
N??CA?oICGGcCQQ_Ag?	46	1ffffffffb7fe
N??CA?oICGGcCQQ_?w?	46	1ffffeffff7fd
N??CA?oICGGcCQQ_PA?	46	3fffffffffff
N??CA?oICGGcCQQ_Oa?	46	3fffffffffff
N??CA?oICGGcCQQ_CQ?	46	3fffffffffff
N??CA?oICGGcCQI_Y??	46	3fffffffffff
N??CA?oICGGcCQI_X??	46	3fffffffffff
N??CA?oICGGcCQI_R??	46	3fffffffffff
N??CA?oICGGcCQI_J??	46	3fffffffffff
N??CA?oICGGcCQI_W_?	46	3fffffffffff
N??CA?oICGGcCQI_P_?	46	3fffffffffff
N??CA?oICGGcCQI_H_?	46	3fffffffffff
N??CA?oICGGcCQI_WO?	46	3fffffffffff
N??CA?oICGGcCQI_IO?	46	3fffffffffff
N??CA?oICGGcCQI_HO?	46	3fffffffffff
N??CA?oICGGcCQI_QG?	46	3fffffffffff
N??CA?oICGGcCQI_IG?	46	3ffff7dfdf7ff
N??CA?oICGGcCQI_PG?	46	3fffffffffff
N??CA?oICGGcCQI_BG?	46	3fffffffffff
N??CA?oICGGcCQI_@g?	46	3fffffffffff
N??CA?oICGGcCQI_OW?	46	3fffffffffff
N??CA?oICGGcCQI_AW?	46	3fffffffffff
N??CA?oICGGcCQI_WA?	46	3fffffffffff
N??CA?oICGGcCQI_QA?	46	3fffffffffff
N??CA?oICGGcCQI_IA?	46	3fffffffffff
N??CA?oICGGcCQI_HA?	46	3fffffffffff
N??CA?oICGGcCQI_Oa?	46	3fffffffffff
N??CA?oICGGcCQI_GQ?	46	3fffffffffff
N??CA?oICGGcCQI_OI?	46	3fffffffffff
N??CA?oICGGcCQI_AI?	46	3fffffffffff
N??CA?oICGGcCQI_?i?	46	3fffffffffff
N??CA?oICGGcCQE_[??	46	3fffffffffff
N??CA?oICGGcCQE_X??	46	3fffffffffff
N??CA?oICGGcCQE_T??	46	3fffffffffff
N??CA?oICGGcCQE_L??	46	3fffffffffff
N??CA?oICGGcCQE_D_?	46	3fffffffffff
N??CA?oICGGcCQE_WO?	46	3ffffffffffcc
N??CA?oICGGcCQE_KO?	46	3fffffffffff
N??CA?oICGGcCQE_HO?	46	3fffffffffff
N??CA?oICGGcCQE_DO?	46	3fffffffffff
N??CA?oICGGcCQE_Go?	46	1ffffffffb7fe
N??CA?oICGGcCQE_Co?	46	3fffffffffff
N??CA?oICGGcCQE_@o?	46	3fffffffffff
N??CA?oICGGcCQE_DG?	46	3fffffffffff
N??CA?oICGGcCQE_Og?	46	1ffffffffb7fe
N??CA?oICGGcCQE_Gg?	46	1ffffffffb7fe
N??CA?oICGGcCQE_Cg?	46	3fffffffffff
N??CA?oICGGcCQE_GW?	46	1ffffffffb7fe
N??CA?oICGGcCQE_CW?	46	3fffffffffff
N??CA?oICGGcCQE_@W?	46	3fffffffffff
N??CA?oICGGcCQE_?w?	46	3ffdf7ffff77f
N??CA?oICGGcCQE_WA?	46	3fffffffffff
N??CA?oICGGcCQE_SA?	46	3fffffffffff
N??CA?oICGGcCQE_KA?	46	3fffffffffff
N??CA?oICGGcCQE_HA?	46	3fffffffffff
N??CA?oICGGcCQE_Oa?	46	3fffffffffff
N??CA?oICGGcCQE_CQ?	46	3fffffffffff
N??CA?oICGGcCQE_@Q?	46	3fffffffffff
N??CA?oICGGcCQE_CI?	46	3fffffffffff
N??CA?oICGGcCQE_@I?	46	3fffffffffff
N??CA?oICGGcCQE_?i?	46	3fffffffffff
N??CA?oICGGcCQB_Y??	46	3ffffffffffcc
N??CA?oICGGcCQB_X??	46	3fffffffffff
N??CA?oICGGcCQB_T??	46	3fffffffffff
N??CA?oICGGcCQB_L??	46	3fffffffffff
N??CA?oICGGcCQB_F??	46	3fffffffffff
N??CA?oICGGcCQB_SO?	46	3fffffffffff
N??CA?oICGGcCQB_IO?	46	1ffffffffb7fe
N??CA?oICGGcCQB_HO?	46	3fffffffffff
N??CA?oICGGcCQB_DO?	46	3fffffffffff
N??CA?oICGGcCQB_QG?	46	1ffffffffb7fe
N??CA?oICGGcCQB_DG?	46	3fffffffffff
N??CA?oICGGcCQB_GW?	46	1ffffeffff7fd
N??CA?oICGGcCQB_WA?	46	3fffffffffff
N??CA?oICGGcCQB_SA?	46	3fffffffffff
N??CA?oICGGcCQB_QA?	46	3fffffffffff
N??CA?oICGGcCQB_HA?	46	3fffffffffff
N??CA?oICGGcCQB_CQ?	46	3fffffffffff
N??CA?oICGGcCQB_@Q?	46	3fffffffffff
N??CA?oICGGcCQB_CI?	46	3fffffffffff
N??CA?oICGGcCQB_AI?	46	3fffffffffff
N??CA?oICGGcCQB_@I?	46	3fffffffffff
N??CA?oICGGcCQAoT??	46	3fffffffffff
N??CA?oICGGcCQAoL??	46	3fffffffffff
N??CA?oICGGcCQAoF??	46	3fffffffffff
N??CA?oICGGcCQAoI_?	46	1ffffffffb7fe
N??CA?oICGGcCQAoD_?	46	3fffffffffff
N??CA?oICGGcCQAoIO?	46	1ffffffffb7fe
N??CA?oICGGcCQAoDO?	46	3fffffffffff
N??CA?oICGGcCQAoGo?	46	1ffffeffff7fd
N??CA?oICGGcCQAoSA?	46	3fffffffffff
N??CA?oICGGcCQAoEA?	46	3fffffffffff
N??CA?oICGGcCQAoPA?	46	3fffffffffff
N??CA?oICGGcCQAoHA?	46	3fffffffffff
N??CA?oICGGcCQAoCQ?	46	3fffffffffff
N??CA?oICGGcCQAoAQ?	46	3fffffffffff
N??CA?oICGGcCQAcY??	46	3fffbffbf7f7f
N??CA?oICGGcCQAcU??	46	3fffffffffff
N??CA?oICGGcCQAcL??	46	3fffffffffff
N??CA?oICGGcCQAcW_?	46	3bfffffbf7ffd
N??CA?oICGGcCQAcQ_?	46	1ffffff7efffd
N??CA?oICGGcCQAcH_?	46	3fffffffffff
N??CA?oICGGcCQAcKO?	46	3fffffffffff
N??CA?oICGGcCQAcEO?	46	3fffffffffff
N??CA?oICGGcCQAcHO?	46	3fffffffffff
N??CA?oICGGcCQAcGo?	46	3fffffffffff
N??CA?oICGGcCQAcSG?	46	3fffffffffff
N??CA?oICGGcCQAcPG?	46	3fffffffffff
N??CA?oICGGcCQAcAg?	46	3ffdbf739b7ee87d
N??CA?oICGGcCQAcOW?	46	3fffffffffff
N??CA?oICGGcCQAcGW?	46	3fffffffffff
N??CA?oICGGcCQAcAW?	46	3fffffffffff
N??CA?oICGGcCQAc@W?	46	3fffffffffff
N??CA?oICGGcCQAc?w?	46	3fffffffffff
N??CA?oICGGcAQS_U??	46	3fffffffffff
N??CA?oICGGcAQS_T??	46	3fffffffffff
N??CA?oICGGcAQS_R??	46	3fffffffffff
N??CA?oICGGcAQS_F??	46	3fffffffffff
N??CA?oICGGcAQS_Q_?	46	3ffffffffffcc
N??CA?oICGGcAQS_E_?	46	3fffffffffff
N??CA?oICGGcAQS_D_?	46	3fffffffffff
N??CA?oICGGcAQS_DO?	46	3fffffffffff
N??CA?oICGGcAQS_SG?	46	3fffffffffff
N??CA?oICGGcAQS_DG?	46	3fffffffffff
N??CA?oICGGcAQS_Oa?	46	3fffffffffff
N??CA?oICGGcAQS_CQ?	46	3fffffffffff
N??CA?oICGGcAQS_@Q?	46	3fffffffffff
N??CA?oICGGcAQS_OI?	46	3fffffffffff
N??CA?oICGGcAQE_[??	46	3fffffffffff
N??CA?oICGGcAQE_Y??	46	3fffffffffff
N??CA?oICGGcAQE_U??	46	3fffffffffff
N??CA?oICGGcAQE_M??	46	3fffffffffff
N??CA?oICGGcAQE_S_?	46	3fffffffffff
N??CA?oICGGcAQE_QO?	46	3fffffffffff
N??CA?oICGGcAQE_Og?	46	3fffffffffff
N??CA?oICGGcAQE_Cg?	46	3fffffffffff
N??CA?oICGGcAQE_GW?	46	3fffffffffff
N??CA?oICGGcAQE_CW?	46	3fffffffffff
N??CA?oICGGcAQE_AW?	46	3fffffffffff
N??CA?oICGGcAQE_OI?	46	3fffffffffff
N??CA?oICGGcAQE_AI?	46	3fffffffffff
N??CA?oICGGcAQCcY??	46	3fffffffffff
N??CA?oICGGcAQCcT??	46	3fffffffffff
N??CA?oICGGcAQCcW_?	46	3fffffffffff
N??CA?oICGGcAQCcE_?	46	3fffffffffff
N??CA?oICGGcAQCcD_?	46	3fffffffffff
N??CA?oICGGcAQCcKO?	46	3fffffffffff
N??CA?oICGGcAQCcIO?	46	3fffffffffff
N??CA?oICGGcAQCcGo?	46	3fffffffffff
N??CA?oICGGcAQCcAo?	46	3fffffffffff
N??CA?oICGGcAQCcWG?	46	3fffffffffff
N??CA?oICGGcAQCcSG?	46	3fffffffffff
N??CA?oICGGcAQCcQG?	46	3fffffffffff
N??CA?oICGGcAQCcPG?	46	3fffffffffff
N??CA?oICGGcAQCc@g?	46	3fffffffffff
N??CA?oICGGcAQCcOW?	46	3fffffffffff
N??CA?oICGGcAQCcGW?	46	3fffffffffff
N??CA?oICGGcAQCcAW?	46	3fffffffffff
N??CA?oICGGcAQCc@W?	46	3fffffffffff
N??CA?oICGGcAQCc?w?	46	3fffffffffff
N??CA?oICGAcq?AoK_?	46	3fffffffffff
N??CA?oICGAcq?AoI_?	46	3fffffffffff
N??CA?oICGAcq?AoE_?	46	3fffffffffff
N??CA?oICGAcq?AoCo?	46	3fffffffffff
N??CA?oICGAcq?AoIG?	46	3fffffffffff
N??CA?oICGAcq?AoEG?	46	3fffffffffff
N??CA?oICGAcq?AoGg?	46	3ffffef7ef7ff
N??CA?oICGAcq?AoCg?	46	3fffffffffff
N??CA?oICGAcq?AoAg?	46	3fffffffffff
N??CA?oICGAcq?Ao?w?	46	3ffdffdfdff7f
N??CA?oICGAcq?AoIA?	46	3fffffffffff
N??CA?oICGAcq?AoGa?	46	3fffffffffff
N??CA?oICGAcq?AoCa?	46	3fffffffffff
N??CA?oICGAcq?AoAa?	46	3fffffffffff
N??CA?oICGAcq?AoGQ?	46	3ffe7f8f6b7ef07b
N??CA?oICGAcq?Ao?q?	46	3fffffffffff
N??CA?oICGAcq?AoA`?	46	3fffffffffff
N??CA?oICGAcq?AoGP?	46	3ffdbf739b7ee87d
N??CA?oICGAcq?AoCP?	46	3fffffffffff
N??CA?oICGAcq?AoCH?	46	3fffffffffff
N??CA?oICGAcq?AoAH?	46	3fffffffffff
N??CA?oICGAcq?Ao?h?	46	3fff7fefdfeff
N??CA?oICGAcq?AoGB?	46	3fffffffff87f
N??CA?oICGAcq?AoCB?	46	3fffffffffff
N??CA?oICGAcq?Ao?R?	46	1ffffff7efffd
N??CA?oICGAcY?OoBA?	46	3defbfffdea94fcc
N??CA?oICGAcY?OoQ@?	46	5ff7fff7efffd
N??CA?oICGAcY?OoP@?	46	3fffffffffff
N??CA?oICGAcY?CoW_?	46	3fffffffffff
N??CA?oICGAcY?CoP_?	46	3fffffffffff
N??CA?oICGAcY?CoWO?	46	3fffffffffff
N??CA?oICGAcY?CoPO?	46	3fffffffffff
N??CA?oICGAcY?CoOo?	46	2fffff7ff7ffb
N??CA?oICGAcY?CoGo?	46	3fffffffffff
N??CA?oICGAcY?Co@o?	46	3fffffffffff
N??CA?oICGAcY?CoPG?	46	3fffffffffff
N??CA?oICGAcY?CoOg?	46	3fffffffffff
N??CA?oICGAcY?CoGg?	46	3ffffdefdefff
N??CA?oICGAcY?Co@g?	46	3ffffdefdefff
N??CA?oICGAcY?Co@W?	46	3effffffffb7e
N??CA?oICGAcY?CoOa?	46	3fffffffffff
N??CA?oICGAcY?CoGa?	46	3ffffdefdefff
N??CA?oICGAcY?Co@Q?	46	3effffffffb7e
N??CA?oICGAcY?CoOI?	46	3fffffffffff
N??CA?oICGAcY?Co@I?	46	37ff6fdff9f0fb52
N??CA?oICGAcY?Co?i?	46	3fffffff0ffff
N??CA?oICGAcY?Co?Y?	46	3bffbffffff7d
N??CA?oICGAcY?CoW@?	46	3fffffffffff
N??CA?oICGAcY?CoP@?	46	3fffffffffff
N??CA?oICGAcY?CoGP?	46	3fffffffffff
N??CA?oICGAcY?Co@P?	46	3fffffffffff
N??CA?oICGAcY?Co?p?	46	3ffffffffffd2
N??CA?oICGAcY?CoOH?	46	3fffffffffff
N??CA?oICGAcY?CoOB?	46	3fffffffffff
N??CA?oICGAcY?CoGB?	46	3fffffffffff
N??CA?oICGAcY?Co?R?	46	3fffffffffff
N??CA?oICGAcY?Co?J?	46	3fffffffffff
N??CA?oICGAcY?AoOo?	46	3fffffffffff
N??CA?oICGAcY?AoQG?	46	3fffffffffff
N??CA?oICGAcY?AoOg?	46	3fffffffffff
N??CA?oICGAcY?AoOa?	46	3fffffffffff
N??CA?oICGAcY?AoAQ?	46	3effffffffb7e
N??CA?oICGAcY?AoGI?	46	37ff6fdff9f0fb52
N??CA?oICGAcY?AoAI?	46	37ff6fdff9f0fb52
N??CA?oICGAcY?AoW@?	46	3fffffffffff
N??CA?oICGAcY?AoO`?	46	3fffffffffff
N??CA?oICGAcY?AoOP?	46	3fffffffffff
N??CA?oICGAcY?AoOH?	46	3fffffffffff
N??CA?oICGAcY?AoOB?	46	3fffffffffff
N??CA?oICGAcY?Ao?R?	46	3fffffffffff
N??CA?oICGAcY??sP_?	46	3fffffffffff
N??CA?oICGAcY??sBO?	46	3effffffffb7e
N??CA?oICGAcY??sQG?	46	3fffffffffff
N??CA?oICGAcY??sHG?	46	37ff6fdff9f0fb52
N??CA?oICGAcY??sBG?	46	37ff6fdff9f0fb52
N??CA?oICGAcY??sOg?	46	3fffffffffff
N??CA?oICGAcY??sW@?	46	3fffffffffff
N??CA?oICGAcY??sQ@?	46	3fffffffffff
N??CA?oICGAcY??sP@?	46	3fffffffffff
N??CA?oICGAcY??s@P?	46	3fffffffffff
N??CA?oICGAcY??s?p?	46	3fffffffffff
N??CA?oICGAcY??sOH?	46	3fffffffffff
N??CA?oICGAcY??sAH?	46	3fffffffffff
N??CA?oICGAcY??qY??	46	3fffffffffff
N??CA?oICGAcY??qX??	46	3fffffffffff
N??CA?oICGAcY??qW_?	46	3fffffffffff
N??CA?oICGAcY??qP_?	46	3fffffffffff
N??CA?oICGAcY??qWO?	46	7bffdffbf7ffd
N??CA?oICGAcY??qIO?	46	3fffffffffff
N??CA?oICGAcY??qPO?	46	3fffffffffff
N??CA?oICGAcY??qBO?	46	3fffffffffff
N??CA?oICGAcY??qAo?	46	3ffffffffffd2
N??CA?oICGAcY??qWG?	46	7bffdffbf7ffd
N??CA?oICGAcY??qQG?	46	3fffffffffff
N??CA?oICGAcY??qPG?	46	3fffffffffff
N??CA?oICGAcY??q@g?	46	3fffffffffff
N??CA?oICGAcY??qGW?	46	3ffffffffffd2
N??CA?oICGAcY??qAW?	46	3fffffffffff
N??CA?oICGAcY??q@W?	46	3fffffffffff
N??CA?oICGAcY??qWA?	46	3fffffffffff
N??CA?oICGAcY??qQA?	46	3fffffffffff
N??CA?oICGAcY??qIA?	46	3fff7fefdfeff
N??CA?oICGAcY??qPA?	46	3fffffffffff
N??CA?oICGAcY??qBA?	46	3fff7fefdfeff
N??CA?oICGAcY??qGQ?	46	3fffffffffff
N??CA?oICGAcY??qAQ?	46	3fffffffffff
N??CA?oICGAcY??q@Q?	46	3fffffffffff
N??CA?oICGAcY??qOI?	46	3fffffffffff
N??CA?oICGAcY??qAI?	46	3fffffffffff
N??CA?oICGAcY??q?Y?	46	3fffffffffff
N??CA?oICGAcU?OoT??	46	3fffffffffff
N??CA?oICGAcU?OoD_?	46	3ffdbf739b7ee87d
N??CA?oICGAcU?OoCo?	46	3fffffffffff
N??CA?oICGAcU?OoDG?	46	3defbfffdea94fcc
N??CA?oICGAcU?OoDA?	46	3defbfffdea94fcc
N??CA?oICGAcU?Oo@I?	46	37ff6fdff9f0fb52
N??CA?oICGAcU?OoS@?	46	3fffffffffff
N??CA?oICGAcU?OoP@?	46	3fffffffffff
N??CA?oICGAcU?OoO`?	46	3ffffffffffcc
N??CA?oICGAcU?Oo@`?	46	3bfffffbf7ffd
N??CA?oICGAcU?Oo?p?	46	1ffffffffb7fe
N??CA?oICGAcU?OoOH?	46	3ffffffffffcc
N??CA?oICGAcU?GoW_?	46	3fffffffffff
N??CA?oICGAcU?GoP_?	46	3fffffffffff
N??CA?oICGAcU?GoWO?	46	3fffffffffff
N??CA?oICGAcU?GoPO?	46	3fffffffffff
N??CA?oICGAcU?GoOo?	46	3fffffffffff
N??CA?oICGAcU?GoGo?	46	3fffffffffff
N??CA?oICGAcU?Go@o?	46	3fffffffffff
N??CA?oICGAcU?GoWG?	46	3fffffffffff
N??CA?oICGAcU?GoPG?	46	3fffffffffff
N??CA?oICGAcU?GoHG?	46	3defbfffdea94fcc
N??CA?oICGAcU?GoOg?	46	3fffffffffff
N??CA?oICGAcU?Go@g?	46	3ffffdefdefff
N??CA?oICGAcU?Go@W?	46	3effffffffb7e
N??CA?oICGAcU?GoWA?	46	3fffffffffff
N??CA?oICGAcU?GoOa?	46	3fffffffffff
N??CA?oICGAcU?GoGa?	46	3ffffdefdefff
N??CA?oICGAcU?GoGQ?	46	3effffffffb7e
N??CA?oICGAcU?Go@Q?	46	3effffffffb7e
N??CA?oICGAcU?Go@I?	46	37ff6fdff9f0fb52
N??CA?oICGAcU?Go?i?	46	3fffffff0ffff
N??CA?oICGAcU?Go?Y?	46	3bffbffffff7d
N??CA?oICGAcU?GoW@?	46	3fffffffffff
N??CA?oICGAcU?GoP@?	46	3fffffffffff
N??CA?oICGAcU?GoGP?	46	3fffffffffff
N??CA?oICGAcU?Go@P?	46	3fffffffffff
N??CA?oICGAcU?Go?p?	46	3fffffffffff
N??CA?oICGAcU?GoOH?	46	3fffffffffff
N??CA?oICGAcU?Go@H?	46	3fffffffffff
N??CA?oICGAcU?Go?X?	46	3fffffffffff
N??CA?oICGAcU?GoOB?	46	3fffffffffff
N??CA?oICGAcU?GoGB?	46	3fffffffffff
N??CA?oICGAcU?Go?R?	46	3fffffffffff
N??CA?oICGAcU?Go?J?	46	3fffffffffff
N??CA?oICGAcU?AoW_?	46	3fffffffffff
N??CA?oICGAcU?AoS_?	46	3fffffffffff
N??CA?oICGAcU?AoSO?	46	3fffffffffff
N??CA?oICGAcU?AoOo?	46	3fffffffffff
N??CA?oICGAcU?AoGo?	46	3fffffffffff
N??CA?oICGAcU?AoCo?	46	3fffffffffff
N??CA?oICGAcU?AoSG?	46	3fffffffffff
N??CA?oICGAcU?AoOg?	46	3fffffffffff
N??CA?oICGAcU?AoCg?	46	3ffffdefdefff
N??CA?oICGAcU?AoGW?	46	7ebfffffffb7e
N??CA?oICGAcU?Ao?w?	46	3fffffffffff
N??CA?oICGAcU?AoWA?	46	3fffffffffff
N??CA?oICGAcU?AoGa?	46	3ffffdefdefff
N??CA?oICGAcU?AoGQ?	46	3effffffffb7e
N??CA?oICGAcU?AoCQ?	46	3effffffffb7e
N??CA?oICGAcU?Ao?q?	46	3fffffffffff
N??CA?oICGAcU?AoGI?	46	37ff6fdff9f0fb52
N??CA?oICGAcU?AoCI?	46	37ff6fdff9f0fb52
N??CA?oICGAcU?AoW@?	46	3fffffffffff
N??CA?oICGAcU?AoS@?	46	3fffffffffff
N??CA?oICGAcU?AoGP?	46	3fffffffffff
N??CA?oICGAcU?AoCP?	46	3fffffffffff
N??CA?oICGAcU?Ao?p?	46	3fffffffffff
N??CA?oICGAcU?AoOH?	46	3fffffffffff
N??CA?oICGAcU?AoCH?	46	3fffffffffff
N??CA?oICGAcU?Ao?h?	46	3fffffffffff
N??CA?oICGAcU?AoOB?	46	3fffffffffff
N??CA?oICGAcU??sDO?	46	3effffffffb7e
N??CA?oICGAcU??sOo?	46	3fffffffffff
N??CA?oICGAcU??sDG?	46	37ff6fdff9f0fb52
N??CA?oICGAcU??sOg?	46	3fffffffffff
N??CA?oICGAcU??s?w?	46	3fffffffffff
N??CA?oICGAcU??sW@?	46	3fffffffffff
N??CA?oICGAcU??sS@?	46	3fffffffffff
N??CA?oICGAcU??sO`?	46	3fffffffffff
N??CA?oICGAcU??s?p?	46	3fffffffffff
N??CA?oICGAcU??sOH?	46	3fffffffffff
N??CA?oICGAcU??q[??	46	3fffffffffff
N??CA?oICGAcU??qX??	46	3fffffffffff
N??CA?oICGAcU??qT??	46	3fffffffffff
N??CA?oICGAcU??qL??	46	1ffffeffff7fd
N??CA?oICGAcU??qW_?	46	3ffffffffffcc
N??CA?oICGAcU??qD_?	46	3ffffffe97fff
N??CA?oICGAcU??qKO?	46	3fffffffffff
N??CA?oICGAcU??qHO?	46	3fffffffffff
N??CA?oICGAcU??qDO?	46	3fffffffffff
N??CA?oICGAcU??qGo?	46	1ffffffffb7fe
N??CA?oICGAcU??q@o?	46	3fffffffffff
N??CA?oICGAcU??qWG?	46	3ffffffffffcc
N??CA?oICGAcU??qSG?	46	3fffffffffff
N??CA?oICGAcU??qKG?	46	3fffffffffff
N??CA?oICGAcU??qPG?	46	3fffffffffff
N??CA?oICGAcU??qDG?	46	3fffffffffff
N??CA?oICGAcU??qOg?	46	3fdffffffb7fe
N??CA?oICGAcU??qGW?	46	3fdffffffb7fe
N??CA?oICGAcU??qSA?	46	3fffffffffff
N??CA?oICGAcU??qKA?	46	3fff7fefdfeff
N??CA?oICGAcU??qDA?	46	3fff7fefdfeff
N??CA?oICGAcU??qCQ?	46	3fffffffffff
N??CA?oICGAcU??qOI?	46	3fffffffffff
N??CA?oICGAcU??qCI?	46	3fffffffffff
N??CA?oICGAcU??q?i?	46	3fffffffffff
N??CA?oICGAcR?OoF??	46	3ffdbf739b7ee87d
N??CA?oICGAcR?OoDG?	46	3ffffdefdefff
N??CA?oICGAcR?OoOW?	46	3fefedefe76634fe
N??CA?oICGAcR?OoBA?	46	3defbfffdea94fcc
N??CA?oICGAcR?Oo@I?	46	3fffffff0ffff
N??CA?oICGAcR?OoB@?	46	3bfffffbf7ffd
N??CA?oICGAcR?CoT??	46	3fffffffffff
N??CA?oICGAcR?CoL??	46	3ffffbbfeefff
N??CA?oICGAcR?CoSO?	46	3fffffffffff
N??CA?oICGAcR?CoKO?	46	3fffffffffff
N??CA?oICGAcR?CoDO?	46	3fffffffffff
N??CA?oICGAcR?CoDG?	46	3ffffdefdefff
N??CA?oICGAcR?CoOW?	46	1ffffffffcffe
N??CA?oICGAcR?Co@W?	46	3fffffffffff
N??CA?oICGAcR?CoKA?	46	3ffffdefdefff
N??CA?oICGAcR?CoHA?	46	3ffffdefdefff
N??CA?oICGAcR?Co@Q?	46	3fffffffffff
N??CA?oICGAcR?CoCI?	46	3fffffff0ffff
N??CA?oICGAcR?Co@I?	46	3fffffff0ffff
N??CA?oICGAcR?CoW@?	46	3ffffffffffcc
N??CA?oICGAcR?CoD@?	46	3fffffffffff
N??CA?oICGAcR?CoGP?	46	1ffffffffb7fe
N??CA?oICGAcR?CoCP?	46	3fffffffffff
N??CA?oICGAcR?Co@P?	46	3fffffffffff
N??CA?oICGAcR?CoOH?	46	1ffffffffb7fe
N??CA?oICGAcR?Co@H?	46	3fffffffffff
N??CA?oICGAcR?Co?X?	46	3ffdf7ffff77f
N??CA?oICGAcR?Co@B?	46	3fffffffffff
N??CA?oICGAcR?Co?R?	46	3fffffffffff
N??CA?oICGAcR?AoM??	46	3ffffbbfeefff
N??CA?oICGAcR?AoSO?	46	3fffffffffff
N??CA?oICGAcR?AoKO?	46	3fffffffffff
N??CA?oICGAcR?AoEO?	46	3fffffffffff
N??CA?oICGAcR?AoSG?	46	3fffffffffff
N??CA?oICGAcR?AoKG?	46	3ffffdefdefff
N??CA?oICGAcR?AoEG?	46	3ffffdefdefff
N??CA?oICGAcR?AoOW?	46	3ffdffdfdff7f
N??CA?oICGAcR?AoCW?	46	3fffffffffff
N??CA?oICGAcR?AoIA?	46	3ffffdefdefff
N??CA?oICGAcR?AoEA?	46	3ffffdefdefff
N??CA?oICGAcR?AoOQ?	46	3fffffffffff
N??CA?oICGAcR?AoGI?	46	3fffffff0ffff
N??CA?oICGAcR?AoW@?	46	3ffffbbfeefff
N??CA?oICGAcR?AoS@?	46	3fffffffffff
N??CA?oICGAcR?AoK@?	46	3fffffffffff
N??CA?oICGAcR?AoGP?	46	3fff7fefdfeff
N??CA?oICGAcR?AoCP?	46	3fffffffffff
N??CA?oICGAcR?AoAP?	46	3fffffffffff
N??CA?oICGAcR?AoOH?	46	3fff7fefdfeff
N??CA?oICGAcR?AoGH?	46	3fff7fefdfeff
N??CA?oICGAcR?AoAH?	46	3fffffffffff
N??CA?oICGAcR?Ao?X?	46	3ffffffe67fff
N??CA?oICGAcR?AoOB?	46	3fffffffffff
N??CA?oICGAcR?AoGB?	46	3fffffffffff
N??CA?oICGAcR?AoAB?	46	3fffffffffff
N??CA?oICGAcR?Ao?R?	46	3fffffffffff
N??CA?oICGAcR??sIO?	46	3fffffffffff
N??CA?oICGAcR??sPO?	46	3fffffffffff
N??CA?oICGAcR??sHO?	46	3fffffffffff
N??CA?oICGAcR??sEG?	46	3fffffff0ffff
N??CA?oICGAcR??sOW?	46	3fffffffffff
N??CA?oICGAcR??sAW?	46	3fffffffffff
N??CA?oICGAcR??sW@?	46	3fffffffffff
N??CA?oICGAcR??sQ@?	46	3fffffffffff
N??CA?oICGAcR??sI@?	46	3fffffffffff
N??CA?oICGAcR??sOP?	46	3fffffffffff
N??CA?oICGAcR??sGP?	46	3fffffffffff
N??CA?oICGAcR??sCP?	46	3fffffffffff
N??CA?oICGAcR??sAP?	46	3fffffffffff
N??CA?oICGAcR??sOH?	46	3fffffffffff
N??CA?oICGAcR??s?X?	46	3fffffffffff
N??CA?oICGAcR??q[??	46	3fffffffffff
N??CA?oICGAcR??qY??	46	3ffffffffffcc
N??CA?oICGAcR??qX??	46	3ffffbbfeefff
N??CA?oICGAcR??qT??	46	3fffffffffff
N??CA?oICGAcR??qL??	46	3fffffffffff
N??CA?oICGAcR??qF??	46	3ffffffe97fff
N??CA?oICGAcR??qWO?	46	3fefebfbbba64b7e
N??CA?oICGAcR??qQO?	46	3fdffffffb7fe
N??CA?oICGAcR??qIO?	46	1ffffffffb7fe
N??CA?oICGAcR??qDO?	46	3fffffffffff
N??CA?oICGAcR??qBO?	46	3fffffffffff
N??CA?oICGAcR??qQG?	46	1ffffffffb7fe
N??CA?oICGAcR??qDG?	46	3fffffffffff
N??CA?oICGAcR??qIA?	46	3fffffffffff
N??CA?oICGAcR??qPA?	46	3fffffffffff
N??CA?oICGAcR??qHA?	46	3fffffffffff
N??CA?oICGAcR??q@Q?	46	3fffffffffff
N??CA?oICGAcR??qOI?	46	3fffffffffff
N??CA?oICGAcR??qAI?	46	3fffffffffff
N??CA?oICGAcR??q@I?	46	3fffffffffff
N??CA?oICGAco_IOJ??	46	3ffffffffffcc
N??CA?oICGAco_IOI_?	46	3fffffffffff
N??CA?oICGAco_IOH_?	46	3fffffffffff
N??CA?oICGAco_IOB_?	46	3ffdbfe5c7bf06fd
N??CA?oICGAco_IOHO?	46	3ffeff7ff7eff
N??CA?oICGAco_IOGo?	46	7ebfffffffb7e
N??CA?oICGAco_IOAo?	46	3ffffdefdefff
N??CA?oICGAco_IO@o?	46	3fffffffffff
N??CA?oICGAco_IOAg?	46	2fffff7ff7ffb
N??CA?oICGAco_IO@g?	46	2fffff7ff7ffb
N??CA?oICGAco_IOGW?	46	6fffef7ff7ffb
N??CA?oICGAco_IOAW?	46	3fffffffffff
N??CA?oICGAco_IOIA?	46	1ffffffffb7fe
N??CA?oICGAco_IOGa?	46	3fffffffffff
N??CA?oICGAco_IOAa?	46	3faeffff75e937d2
N??CA?oICGAco_IO@a?	46	3faeffff75e937d2
N??CA?oICGAco_IOGQ?	46	2fffff7ff7ffb
N??CA?oICGAco_IO?q?	46	3fffffffffff
N??CA?oICGAco_IOI@?	46	3fffffffffff
N??CA?oICGAco_IOH@?	46	3fffffffffff
N??CA?oICGAco_IOGP?	46	7bffdffbf7ffd
N??CA?oICGAco_IO@P?	46	3fffffffffff
N??CA?oICGAco_IOGH?	46	7bffdffbf7ffd
N??CA?oICGAco_IOAH?	46	3fffffffffff
N??CA?oICGAco_IO@H?	46	3fffffffffff
N??CA?oICGAco_IO?X?	46	3ffffffffffd2
N??CA?oICGAco_IOGB?	46	3fffffffffff
N??CA?oICGAco_IOAB?	46	3fffffff0ffff
N??CA?oICGAco_IO@B?	46	3fffffff0ffff
N??CA?oICGAco_IO?J?	46	3fffffffffff
N??CA?oICGAco_EOL??	46	3ffffffffffcc
N??CA?oICGAco_EOK_?	46	3fffffffffff
N??CA?oICGAco_EOH_?	46	3fffffffffff
N??CA?oICGAco_EOD_?	46	3ffdbfe5c7bf06fd
N??CA?oICGAco_EODO?	46	3fffffffffff
N??CA?oICGAco_EOGo?	46	3ffffffffffd2
N??CA?oICGAco_EODG?	46	3faeffff75e937d2
N??CA?oICGAco_EOCg?	46	2fffff7ff7ffb
N??CA?oICGAco_EO@g?	46	2fffff7ff7ffb
N??CA?oICGAco_EOCW?	46	3fffffffffff
N??CA?oICGAco_EO@W?	46	3fffffffffff
N??CA?oICGAco_EOKA?	46	1ffffffffb7fe
N??CA?oICGAco_EOGa?	46	3fffffffffff
N??CA?oICGAco_EOCa?	46	3faeffff75e937d2
N??CA?oICGAco_EO@a?	46	3faeffff75e937d2
N??CA?oICGAco_EOGQ?	46	3fffffffffff
N??CA?oICGAco_EOCI?	46	3ffe7f8f6b7ef07b
N??CA?oICGAco_EO@I?	46	3ffe7f8f6b7ef07b
N??CA?oICGAco_EOK@?	46	3fffffffffff
N??CA?oICGAco_EOH@?	46	3fffffffffff
N??CA?oICGAco_EOD@?	46	3ffff7dfdf7ff
N??CA?oICGAco_EOGP?	46	3ffffffffffcc
N??CA?oICGAco_EO?p?	46	1ffffffffb7fe
N??CA?oICGAco_EOGH?	46	3ffffffffffcc
N??CA?oICGAco_EOCH?	46	3fffffffffff
N??CA?oICGAco_EO@H?	46	3fffffffffff
N??CA?oICGAco_EO?h?	46	1ffffffffb7fe
N??CA?oICGAco_EO?X?	46	3fdffffffb7fe
N??CA?oICGAco_EOGB?	46	3fffffffffff
N??CA?oICGAco_EOCB?	46	3fffffff0ffff
N??CA?oICGAco_BOM??	46	3fffffffffff
N??CA?oICGAco_BOL??	46	3fffffffffff
N??CA?oICGAco_BOF??	46	3ffdbfe5c7bf06fd
N??CA?oICGAco_BODO?	46	3fffffffffff
N??CA?oICGAco_BOKA?	46	3fffffffffff
N??CA?oICGAco_BOEA?	46	3faeffff75e937d2
N??CA?oICGAco_BOHA?	46	3fffffffffff
N??CA?oICGAco_BOCI?	46	2ffeffffffefb
N??CA?oICGAco_BOD@?	46	3ffff7dfdf7ff
N??CA?oICGAco_BOGP?	46	3fefebfbbba64b7e
N??CA?oICGAco_BOAP?	46	1ffffffffb7fe
N??CA?oICGAco_BOAH?	46	1ffffffffb7fe
N??CA?oICGAco_BO?X?	46	3ff8ffe76cfdf6e1
N??CA?oICGAco_BO@B?	46	3fffffff0ffff
N??CA?oICGAco_AoL??	46	3ffeff7ff7eff
N??CA?oICGAco_AoF??	46	3ffffffe97fff
N??CA?oICGAco_AoK_?	46	3fffffffffff
N??CA?oICGAco_AoD_?	46	3fffffffffff
N??CA?oICGAco_AoEG?	46	3fffffffffff
N??CA?oICGAco_AoHG?	46	3ffe7f8f6b7ef07b
N??CA?oICGAco_AoDG?	46	37ffffbfefffb
N??CA?oICGAco_AoKA?	46	2fffff7ff7ffb
N??CA?oICGAco_AoIA?	46	3fffffffffff
N??CA?oICGAco_AoHA?	46	3ffe7f8f6b7ef07b
N??CA?oICGAco_AoCa?	46	3fff7fefdfeff
N??CA?oICGAco_Ao@a?	46	3fffffffffff
N??CA?oICGAco_AoCI?	46	37fffbfffeffb
N??CA?oICGAco_Ao@I?	46	3ffdbf739b7ee87d
N??CA?oICGAco_AoK@?	46	3fffffffffff
N??CA?oICGAco_AoI@?	46	3ffffffffffcc
N??CA?oICGAco_AoH@?	46	3ffdbf739b7ee87d
N??CA?oICGAco_AoD@?	46	3fffffffffff
N??CA?oICGAco_AoA`?	46	1ffffffffb7fe
N??CA?oICGAco_AoCH?	46	3fffffffffff
N??CA?oICGAco_AoAH?	46	1ffffffffb7fe
N??CA?oICGAco_Ao?h?	46	3ff8ffe76cfdf6e1
N??CA?oICGAco_AoGB?	46	3fffbffbf7f7f
N??CA?oICGAco_Ao@B?	46	1ffffff7efffd
N??CA?oICGAco_ASM??	46	1ffffffffb7fe
N??CA?oICGAco_ASK_?	46	3fffffffffff
N??CA?oICGAco_ASI_?	46	7fffaffbf7f7f
N??CA?oICGAco_ASH_?	46	3fffffffffff
N??CA?oICGAco_ASD_?	46	3faeffff75e937d2
N??CA?oICGAco_ASIO?	46	7fbfbffbf7f7f
N??CA?oICGAco_ASGg?	46	7fffeffff87ff
N??CA?oICGAco_ASCg?	46	2ffeffffffefb
N??CA?oICGAco_ASAg?	46	6ffaffffffefb
N??CA?oICGAco_ASGW?	46	3ffe7fda37bf077b
N??CA?oICGAco_AS?w?	46	3ffdffdfdff7f
N??CA?oICGAco_ASK@?	46	3fffffffffff
N??CA?oICGAco_ASI@?	46	3ffeff7ff7eff
N??CA?oICGAco_ASGP?	46	3ffe7fda37bf077b
N??CA?oICGAco_AQL??	46	3fffffffffff
N??CA?oICGAco_AQJ??	46	3fffffffffff
N??CA?oICGAco_AQF??	46	3ffff7dfdf7ff
N??CA?oICGAco_AQD_?	46	3ffff7dfdf7ff
N??CA?oICGAco_AQDO?	46	3fffffffffff
N??CA?oICGAco_AQAo?	46	1ffffffffb7fe
N??CA?oICGAco_AQAg?	46	1ffffffffb7fe
N??CA?oICGAco_AQGW?	46	3fefebfbbba64b7e
N??CA?oICGAco_AQ?w?	46	3ff8ffe76cfdf6e1
N??CA?oICGAco_AQKA?	46	3fffffffffff
N??CA?oICGAco_AQHA?	46	3fffffffff87f
N??CA?oICGAco_AQGQ?	46	3fffbffbf7f7f
N??CA?oICGAco_AQ@Q?	46	1ffffff7efffd
N??CA?oICGAco_AQCI?	46	3fffffffffff
N??CA?oICGAcW_aOJ??	46	3fffffffffff
N??CA?oICGAcW_aOI_?	46	3fffffffffff
N??CA?oICGAcW_aOH_?	46	3fffffffffff
N??CA?oICGAcW_aOB_?	46	3fffffffffff
N??CA?oICGAcW_aOHO?	46	3ffeff7ff7eff
N??CA?oICGAcW_aOGo?	46	3fffffffffff
N??CA?oICGAcW_aO@o?	46	3fffffffffff
N??CA?oICGAcW_aOIG?	46	3fffffffffff
N??CA?oICGAcW_aOBG?	46	3fffffffffff
N??CA?oICGAcW_aOAg?	46	3fffffffffff
N??CA?oICGAcW_aO@g?	46	3fffffffffff
N??CA?oICGAcW_aOGW?	46	6fffef7ff7ffb
N??CA?oICGAcW_aO@W?	46	37ffffbfefffb
N??CA?oICGAcW_aO?w?	46	3fffffffffff
N??CA?oICGAcW_aOGa?	46	3fffffffffff
N??CA?oICGAcW_aOAa?	46	3fffffffffff
N??CA?oICGAcW_aO@a?	46	3fffffffffff
N??CA?oICGAcW_aOGQ?	46	2fffff7ff7ffb
N??CA?oICGAcW_aO?q?	46	3fffffffffff
N??CA?oICGAcW_aOAI?	46	3fffffffffff
N??CA?oICGAcW_aO@I?	46	37ffffbfefffb
N??CA?oICGAcW_aO?i?	46	3fffffffffff
N??CA?oICGAcW_aOI@?	46	3fffffffffff
N??CA?oICGAcW_aOH@?	46	3fffffffffff
N??CA?oICGAcW_aOGP?	46	3fffffffffff
N??CA?oICGAcW_aO@P?	46	3fffffffffff
N??CA?oICGAcW_aOAH?	46	3fffffffffff
N??CA?oICGAcW_aO@H?	46	3fffffffffff
N??CA?oICGAcW_aO?X?	46	3fffffffffff
N??CA?oICGAcW_aOAB?	46	3fffffffffff
N??CA?oICGAcW_aO@B?	46	3fffffffffff
N??CA?oICGAcW_aO?R?	46	3fffffffffff
N??CA?oICGAcW_aO?J?	46	3fffffffffff
N??CA?oICGAcW_QOP_?	46	3fffffffffff
N??CA?oICGAcW_QOB_?	46	3ffffbbfeefff
N??CA?oICGAcW_QOOo?	46	3ffdffdfdff7f
N??CA?oICGAcW_QOAo?	46	3ffdffdfdff7f
N??CA?oICGAcW_QOQG?	46	3fffffffffff
N??CA?oICGAcW_QOOW?	46	6fffef7ff7ffb
N??CA?oICGAcW_QO@I?	46	37ff6fdff9f0fb52
N??CA?oICGAcW_QOQ@?	46	3fffffff0ffff
N??CA?oICGAcW_QOP@?	46	3fffffffffff
N??CA?oICGAcW_QOOP?	46	3ffffffe97fff
N??CA?oICGAcW_QO?p?	46	7fbffffe67fff
N??CA?oICGAcW_QOOH?	46	3fffffffffff
N??CA?oICGAcW_QO?X?	46	3fffffffffff
N??CA?oICGAcW_QOOB?	46	3fffffffffff
N??CA?oICGAcW_BOY??	46	3fffffffffff
N??CA?oICGAcW_BOX??	46	3fffffffffff
N??CA?oICGAcW_BOR??	46	3fffffffffff
N??CA?oICGAcW_BOJ??	46	3ffffbbfeefff
N??CA?oICGAcW_BOWO?	46	3fffffffffff
N??CA?oICGAcW_BOPO?	46	3fffffffffff
N??CA?oICGAcW_BOBO?	46	3fffffffffff
N??CA?oICGAcW_BOHG?	46	3ffffdefdefff
N??CA?oICGAcW_BOBG?	46	3ffffdefdefff
N??CA?oICGAcW_BOOW?	46	3fffffffffff
N??CA?oICGAcW_BOAW?	46	3fffffffffff
N??CA?oICGAcW_BOIA?	46	3ffffdefdefff
N??CA?oICGAcW_BOBA?	46	3ffffdefdefff
N??CA?oICGAcW_BOOI?	46	3fffffffffff
N??CA?oICGAcW_BOAI?	46	3fffffff0ffff
N??CA?oICGAcW_BOW@?	46	3fffffffffff
N??CA?oICGAcW_BOP@?	46	3fffffffffff
N??CA?oICGAcW_BOGP?	46	3fffffffffff
N??CA?oICGAcW_BOAP?	46	3fffffffffff
N??CA?oICGAcW_BO@P?	46	3fffffffffff
N??CA?oICGAcW_BOOH?	46	3fffffffffff
N??CA?oICGAcW_BO?X?	46	3fffffffffff
N??CA?oICGAcW_BO?R?	46	3fffffffffff
N??CA?oICGAcW_AoX??	46	3ffeff7ff7eff
N??CA?oICGAcW_AoJ??	46	3ffffffffffcc
N??CA?oICGAcW_AoW_?	46	3fffffffffff
N??CA?oICGAcW_AoQ_?	46	3fffffffffff
N??CA?oICGAcW_AoP_?	46	3fffffffffff
N??CA?oICGAcW_AoB_?	46	3fffffffffff
N??CA?oICGAcW_AoHG?	46	37ff6fdff9f0fb52
N??CA?oICGAcW_AoBG?	46	3effffffffb7e
N??CA?oICGAcW_AoOg?	46	3fffffffffff
N??CA?oICGAcW_AoAg?	46	3fffffffffff
N??CA?oICGAcW_Ao@g?	46	3fffffffffff
N??CA?oICGAcW_AoIA?	46	3effffffffb7e
N??CA?oICGAcW_AoOa?	46	3fffffffffff
N??CA?oICGAcW_AoAI?	46	3bffbffffff7d
N??CA?oICGAcW_AoW@?	46	3fffffffffff
N??CA?oICGAcW_AoP@?	46	3fffffffffff
N??CA?oICGAcW_AoA`?	46	3fffffffffff
N??CA?oICGAcW_AoOH?	46	3fffffffffff
N??CA?oICGAcW_AoAH?	46	3fffffffffff
N??CA?oICGAcW_AoOB?	46	3fffffffffff
N??CA?oICGAcW_AQY??	46	3fffffffffff
N??CA?oICGAcW_AQX??	46	3fffffffffff
N??CA?oICGAcW_AQJ??	46	3fffffffffff
N??CA?oICGAcW_AQW_?	46	3fffffffffff
N??CA?oICGAcW_AQP_?	46	3fffffffffff
N??CA?oICGAcW_AQH_?	46	3fffffffffff
N??CA?oICGAcW_AQB_?	46	3fffffffffff
N??CA?oICGAcW_AQWO?	46	3fffffffffff
N??CA?oICGAcW_AQIO?	46	3fffffffffff
N??CA?oICGAcW_AQPO?	46	3fffffffffff
N??CA?oICGAcW_AQBO?	46	3fffffffffff
N??CA?oICGAcW_AQAo?	46	3fffffffffff
N??CA?oICGAcW_AQQG?	46	3fffffffffff
N??CA?oICGAcW_AQHG?	46	3fffffffffff
N??CA?oICGAcW_AQBG?	46	3fffffffffff
N??CA?oICGAcW_AQOg?	46	3fffffffffff
N??CA?oICGAcW_AQ@g?	46	3fffffffffff
N??CA?oICGAcW_AQGW?	46	3fffffffffff
N??CA?oICGAcW_AQAW?	46	3fffffffffff
N??CA?oICGAcW_AQ@W?	46	3fffffffffff
N??CA?oICGAcW_AQ?w?	46	3fffffffffff
N??CA?oICGAcW_AQWA?	46	3fffffffffff
N??CA?oICGAcW_AQQA?	46	3fffffffffff
N??CA?oICGAcW_AQIA?	46	3fffffffffff
N??CA?oICGAcW_AQPA?	46	3fffffffffff
N??CA?oICGAcW_AQHA?	46	3fffffffffff
N??CA?oICGAcW_AQBA?	46	3fffffffffff
N??CA?oICGAcW_AQGQ?	46	3fffffffffff
N??CA?oICGAcW_AQAQ?	46	3fffffffffff
N??CA?oICGAcW_AQ@Q?	46	3fffffffffff
N??CA?oICGAcW_AQOI?	46	3fffffffffff
N??CA?oICGAcW_AQAI?	46	3fffffffffff
N??CA?oICGAcW_AQ?Y?	46	3fffffffffff
N??CA?oICGAcS_aOL??	46	3fffffffffff
N??CA?oICGAcS_aOK_?	46	3fffffffffff
N??CA?oICGAcS_aOH_?	46	3fffffffffff
N??CA?oICGAcS_aOD_?	46	3fffffffffff
N??CA?oICGAcS_aOHO?	46	3fffffffffff
N??CA?oICGAcS_aODO?	46	3fffffffffff
N??CA?oICGAcS_aOGo?	46	3ffffffffffd2
N??CA?oICGAcS_aO@o?	46	3fffffffffff
N??CA?oICGAcS_aOHG?	46	3fffffffffff
N??CA?oICGAcS_aODG?	46	3fffffffffff
N??CA?oICGAcS_aOCg?	46	3fffffffffff
N??CA?oICGAcS_aO@g?	46	3fffffffffff
N??CA?oICGAcS_aO?w?	46	1ffffffffcffe
N??CA?oICGAcS_aOKA?	46	3fffffffffff
N??CA?oICGAcS_aOCa?	46	3fffffffffff
N??CA?oICGAcS_aOCI?	46	3fffffffffff
N??CA?oICGAcS_aO@I?	46	3fffffffffff
N??CA?oICGAcS_aO?i?	46	3fffffffffff
N??CA?oICGAcS_aOH@?	46	3fffffffffff
N??CA?oICGAcS_aOD@?	46	3fffffffffff
N??CA?oICGAcS_aOGP?	46	3ffffffffffcc
N??CA?oICGAcS_aOCH?	46	3fffffffffff
N??CA?oICGAcS_aO?h?	46	1ffffffffb7fe
N??CA?oICGAcS_aOCB?	46	3fffffffffff
N??CA?oICGAcS_aO?J?	46	3fffffffffff
N??CA?oICGAcS_QOT??	46	3fffffffffff
N??CA?oICGAcS_QOP_?	46	3fffffffffff
N??CA?oICGAcS_QOD_?	46	3ffffbbfeefff
N??CA?oICGAcS_QOSO?	46	3ffff7dfdf7ff
N??CA?oICGAcS_QODO?	46	3ffffffffffcc
N??CA?oICGAcS_QOOo?	46	37ff6fdff9f0fb52
N??CA?oICGAcS_QOCo?	46	3ffdffdfdff7f
N??CA?oICGAcS_QODG?	46	3defbfffdea94fcc
N??CA?oICGAcS_QOCg?	46	3ffffdefdefff
N??CA?oICGAcS_QOCW?	46	3effffffffb7e
N??CA?oICGAcS_QO@I?	46	37ff6fdff9f0fb52
N??CA?oICGAcS_QOS@?	46	3fffffff0ffff
N??CA?oICGAcS_QOP@?	46	3fffffffffff
N??CA?oICGAcS_QOO`?	46	3defbfffdea94fcc
N??CA?oICGAcS_QO@`?	46	3fffffffffff
N??CA?oICGAcS_QOOP?	46	3defbfffdea94fcc
N??CA?oICGAcS_QO?p?	46	3fefedefe76634fe
N??CA?oICGAcS_QOOH?	46	3ffffffffffcc
N??CA?oICGAcS_AoT??	46	3fffffffffff
N??CA?oICGAcS_AoL??	46	3ffffffffffcc
N??CA?oICGAcS_AoW_?	46	3ffffffffffd2
N??CA?oICGAcS_AoS_?	46	3fffffffffff
N??CA?oICGAcS_AoP_?	46	3fffffffffff
N??CA?oICGAcS_AoH_?	46	3fffffffffff
N??CA?oICGAcS_AoD_?	46	3fffffffffff
N??CA?oICGAcS_AoSG?	46	3fffffffffff
N??CA?oICGAcS_AoDG?	46	3effffffffb7e
N??CA?oICGAcS_AoOg?	46	1ffffffffcffe
N??CA?oICGAcS_AoCg?	46	3fffffffffff
N??CA?oICGAcS_Ao@g?	46	3fffffffffff
N??CA?oICGAcS_AoKA?	46	3effffffffb7e
N??CA?oICGAcS_AoOa?	46	3fffffffffff
N??CA?oICGAcS_AoCI?	46	3bffbffffff7d
N??CA?oICGAcS_AoW@?	46	3ffffffffffcc
N??CA?oICGAcS_AoO`?	46	1ffffffffb7fe
N??CA?oICGAcS_Ao@`?	46	3fffffffffff
N??CA?oICGAcS_Ao?h?	46	3ffdf7ffff77f
N??CA?oICGAcI_oOJ??	46	ffffffffe7ff
N??CA?oICGAcI_oOI_?	46	7fffffffefff
N??CA?oICGAcI_oOH_?	46	7fffffffefff
N??CA?oICGAcI_oOIO?	46	3fffffffffff
N??CA?oICGAcI_oOHO?	46	3ffeff7ff7eff
N??CA?oICGAcI_oOGo?	46	3fffffffffff
N??CA?oICGAcI_oOHG?	46	3ffeff7ff7eff
N??CA?oICGAcI_oOGg?	46	7ebfffffffb7e
N??CA?oICGAcI_oOIA?	46	fffffffdff7f
N??CA?oICGAcI_oOGa?	46	7ffffffdffff
N??CA?oICGAcI_oOI@?	46	3fffffffffff
N??CA?oICGAcI_oOH@?	46	3fffffffffff
N??CA?oICGAcI_oOGP?	46	7bffdffbf7ffd
N??CA?oICGAcI_oOGB?	46	3fffffffffff
N??CA?oICGAcI_QOW_?	46	3fffffffffff
N??CA?oICGAcI_QOI_?	46	3ffffbbfeefff
N??CA?oICGAcI_QOGa?	46	3ffffdefdefff
N??CA?oICGAcI_QOW@?	46	fffffffdf7ff
N??CA?oICGAcI_QOG`?	46	fffffffefffd
N??CA?oICGAcI_QOGB?	46	3fffffffffff
N??CA?oICGAcI_POX??	46	7ffffffffeff
N??CA?oICGAcI_POJ??	46	3ffffbbfeefff
N??CA?oICGAcI_POWO?	46	7ffffffffeff
N??CA?oICGAcI_POIO?	46	3fffffffffff
N??CA?oICGAcI_POHO?	46	ffffffffe7ff
N??CA?oICGAcI_POHG?	46	3ffffdefdefff
N??CA?oICGAcI_POGW?	46	3fffffffffff
N??CA?oICGAcI_POWA?	46	7fffffff7fff
N??CA?oICGAcI_POIA?	46	3ffffdefdefff
N??CA?oICGAcI_POHA?	46	fffffdefce7ff
N??CA?oICGAcI_POI@?	46	3ffff7dfdf7ff
N??CA?oICGAcI_OoX??	46	3ffeff7ff7eff
N??CA?oICGAcI_OoJ??	46	3ffffffffffcc
N??CA?oICGAcI_OoW_?	46	3fffffffffff
N??CA?oICGAcI_OoI_?	46	7ffffffffeff
N??CA?oICGAcI_OoH_?	46	3fffffffffff
N??CA?oICGAcI_OoIA?	46	3effffffffb7e
N??CA?oICGAcI_OoHA?	46	37ff6fdff9f0fb52
N??CA?oICGAcI_OoW@?	46	7bffdffbf7ffd
N??CA?oICGAcI_OSW_?	46	3fffffffffff
N??CA?oICGAcI_OSI_?	46	3ffffdefdefff
N??CA?oICGAcI_OSIG?	46	37ff6fdff9f0fb52
N??CA?oICGAcI_OSW@?	46	fffffffcffff
N??CA?oICGAcI_OQY??	46	3fffffffffff
N??CA?oICGAcI_OQX??	46	3fffffffffff
N??CA?oICGAcI_OQJ??	46	fffffffefffd
N??CA?oICGAcI_OQW_?	46	7edfffffffcfe
N??CA?oICGAcI_OQI_?	46	3ffff7dfdf7ff
N??CA?oICGAcI_OQH_?	46	3fffffffffff
N??CA?oICGAcI_OQIO?	46	7fffffffff7f
N??CA?oICGAcI_OQHO?	46	ffffffff7f7f
N??CA?oICGAcI_OQWG?	46	7bffdffbf7ffd
N??CA?oICGAcI_OQHG?	46	3fffffffffff
N??CA?oICGAcI_OQGW?	46	3ffffffffffd2
N??CA?oICGAcI_OQWA?	46	3fffffffffff
N??CA?oICGAcI_OQIA?	46	ffffffffeeff
N??CA?oICGAcI_OQHA?	46	3fffffffe6eff
N??CA?oICGAcI_OQGQ?	46	ffffffff7eff
N??CA?oICGAcE_oOL??	46	ffffffffe7ff
N??CA?oICGAcE_oOK_?	46	7fffffffefff
N??CA?oICGAcE_oOH_?	46	7fffffffefff
N??CA?oICGAcE_oOKO?	46	3fffffffffff
N??CA?oICGAcE_oOHO?	46	3fffffffffff
N??CA?oICGAcE_oOGo?	46	3ffffffffffd2
N??CA?oICGAcE_oOKA?	46	fffffffdff7f
N??CA?oICGAcE_oOHA?	46	fffffffdff7f
N??CA?oICGAcE_oOGa?	46	7ffffffdffff
N??CA?oICGAcE_oOK@?	46	3fffffffffff
N??CA?oICGAcE_oOH@?	46	3fffffffffff
N??CA?oICGAcE_oOG`?	46	3ffffffffffcc
N??CA?oICGAcE_oOGP?	46	3ffffffffffcc
N??CA?oICGAcE_oOGB?	46	3fffffffffff
N??CA?oICGAcE_QO[??	46	3fffffffffff
N??CA?oICGAcE_QOW_?	46	3fffffffffff
N??CA?oICGAcE_QOK_?	46	3ffffbbfeefff
N??CA?oICGAcE_QOWO?	46	3fffffffffff
N??CA?oICGAcE_QOKO?	46	3ffffffffffcc
N??CA?oICGAcE_QOGo?	46	3fffffffffff
N??CA?oICGAcE_QOGg?	46	3ffffdefdefff
N??CA?oICGAcE_QOGW?	46	7ebfffffffb7e
N??CA?oICGAcE_QOGa?	46	3ffffdefdefff
N??CA?oICGAcE_QOGI?	46	37ff6fdff9f0fb52
N??CA?oICGAcE_QOW@?	46	7ffffffff7ff
N??CA?oICGAcE_QOG`?	46	3fffffffffff
N??CA?oICGAcE_QOGP?	46	3fffffffffff
N??CA?oICGAcE_QOGB?	46	3fffffffffff
N??CA?oICGAcE_Oo[??	46	3fffffffffff
N??CA?oICGAcE_OoX??	46	3fffffffffff
N??CA?oICGAcE_OoL??	46	3ffffffffffcc
N??CA?oICGAcE_OoW_?	46	3ffffffffffd2
N??CA?oICGAcE_OoK_?	46	3fffffffffff
N??CA?oICGAcE_OoH_?	46	3fffffffffff
N??CA?oICGAcE_OoKA?	46	3effffffffb7e
N??CA?oICGAcE_OoHA?	46	3effffffffb7e
N??CA?oICGAcE_OoW@?	46	3ffffffffffcc
N??CA?oICGAcE_OoG`?	46	1ffffffffb7fe
N??CA?oICGAcE_OSL??	46	3defbfffdea94fcc
N??CA?oICGAcE_OSW_?	46	7ffffffffffd
N??CA?oICGAcE_OSK_?	46	3ffffdefdefff
N??CA?oICGAcE_OSKG?	46	37ff6fdff9f0fb52
N??CA?oICGAcE_OSW@?	46	fffffffdfffb
N??CA?oICGAcE_OSG`?	46	7fffffffefff
N??CA?oICGAcE_OQ[??	46	3fffffffffff
N??CA?oICGAcE_OQX??	46	3fffffffffff
N??CA?oICGAcE_OQL??	46	fffffffefffd
N??CA?oICGAcE_OQW_?	46	3ffffffffffcc
N??CA?oICGAcE_OQK_?	46	3fffffffffff
N??CA?oICGAcE_OQH_?	46	3fffffffffff
N??CA?oICGAcE_OQKO?	46	7fffffffff7f
N??CA?oICGAcE_OQHO?	46	7fffffffff7f
N??CA?oICGAcE_OQGo?	46	1ffffffffb7fe
N??CA?oICGAcE_OQWA?	46	3fffffffffff
N??CA?oICGAcE_OQKA?	46	ffffffffeeff
N??CA?oICGAcE_OQHA?	46	ffffffffeeff
N??CA?oICGAcE_OQGa?	46	3fffffffffff
N??CA?oICGAcP_aOL??	46	3fffffffffff
N??CA?oICGAcP_aOF??	46	3fffffffffff
N??CA?oICGAcP_aODO?	46	3fffffffffff
N??CA?oICGAcP_aODG?	46	3fffffffffff
N??CA?oICGAcP_aOBG?	46	3fffffffffff
N??CA?oICGAcP_aOKA?	46	3fffffffffff
N??CA?oICGAcP_aOEA?	46	3fffffffffff
N??CA?oICGAcP_aO@I?	46	3fffffffffff
N??CA?oICGAcP_aOD@?	46	3fffffffffff
N??CA?oICGAcP_aOAP?	46	1ffffffffb7fe
N??CA?oICGAcP_aOAH?	46	1ffffffffb7fe
N??CA?oICGAcP_QOT??	46	3fffffffffff
N??CA?oICGAcP_QOF??	46	7fbffbbfeefff
N??CA?oICGAcP_QOEO?	46	3ffdffdfdff7f
N??CA?oICGAcP_QODO?	46	3fffffffffff
N??CA?oICGAcP_QOOW?	46	3fefedefe76634fe
N??CA?oICGAcP_QOCW?	46	3fffffffffff
N??CA?oICGAcP_QOEA?	46	3ffffdefdefff
N??CA?oICGAcP_QOCP?	46	3ffffffe67fff
N??CA?oICGAcP_QOAP?	46	3fefedefe76634fe
N??CA?oICGAcP_IOX??	46	3fffffffffff
N??CA?oICGAcP_IOJ??	46	3ffffbbfeefff
N??CA?oICGAcP_IOPO?	46	3fffffffffff
N??CA?oICGAcP_IOHO?	46	3fffffffffff
N??CA?oICGAcP_IOBO?	46	3fffffffffff
N??CA?oICGAcP_IOQG?	46	3fffffffffff
N??CA?oICGAcP_IOGW?	46	3fffffffffff
N??CA?oICGAcP_IOAW?	46	3fffffffffff
N??CA?oICGAcP_IOWA?	46	3fffffffffff
N??CA?oICGAcP_IOIA?	46	3ffffdefdefff
N??CA?oICGAcP_IOAI?	46	3fffffff0ffff
N??CA?oICGAcP_IOP@?	46	3fffffffffff
N??CA?oICGAcP_IOH@?	46	3fffffffffff
N??CA?oICGAcP_IOGP?	46	7ffbfef7ef7ff
N??CA?oICGAcP_IOAP?	46	7fffaffbf7f7f
N??CA?oICGAcP_IO@P?	46	3fffffffffff
N??CA?oICGAcP_IOOH?	46	3fffffffffff
N??CA?oICGAcP_IO?R?	46	3fffffffffff
N??CA?oICGAcP_EOT??	46	3fffffffffff
N??CA?oICGAcP_EOL??	46	3ffffbbfeefff
N??CA?oICGAcP_EODO?	46	3fffffffffff
N??CA?oICGAcP_EODG?	46	3ffffdefdefff
N??CA?oICGAcP_EOCW?	46	3fffffffffff
N??CA?oICGAcP_EO@W?	46	3fffffffffff
N??CA?oICGAcP_EOKA?	46	3ffffdefdefff
N??CA?oICGAcP_EO@Q?	46	3fffffffffff
N??CA?oICGAcP_EOCI?	46	3fffffff0ffff
N??CA?oICGAcP_EO@I?	46	3fffffff0ffff
N??CA?oICGAcP_EOW@?	46	3ffffffffffcc
N??CA?oICGAcP_EOH@?	46	3fffffffffff
N??CA?oICGAcP_EOD@?	46	3fffffffffff
N??CA?oICGAcP_EOOP?	46	1ffffffffb7fe
N??CA?oICGAcP_EOGP?	46	1ffffffffb7fe
N??CA?oICGAcP_EOCP?	46	3fffffffffff
N??CA?oICGAcP_EO@P?	46	3fffffffffff
N??CA?oICGAcP_EOOH?	46	1ffffffffb7fe
N??CA?oICGAcP_EO?X?	46	3ffdf7ffff77f
N??CA?oICGAcP_EO@B?	46	3fffffffffff
N??CA?oICGAcP_EO?R?	46	3fffffffffff
N??CA?oICGAcP_AoT??	46	3fffffffffff
N??CA?oICGAcP_AoL??	46	3fffffffffff
N??CA?oICGAcP_AoF??	46	3fffffffffff
N??CA?oICGAcP_AoWG?	46	3fefedefe76634fe
N??CA?oICGAcP_AoEG?	46	3fffffffffff
N??CA?oICGAcP_AoPG?	46	3ffdffdfdff7f
N??CA?oICGAcP_AoDG?	46	3fffffffffff
N??CA?oICGAcP_AoWA?	46	3fffffffffff
N??CA?oICGAcP_AoPA?	46	3fffffffffff
N??CA?oICGAcP_AoCI?	46	3fffffffffff
N??CA?oICGAcP_AoAI?	46	3fffffffffff
N??CA?oICGAcP_Ao@I?	46	3fffffffffff
N??CA?oICGAcP_AoQ@?	46	1ffffffffb7fe
N??CA?oICGAcP_AoH@?	46	3fff7fefdfeff
N??CA?oICGAcP_AoD@?	46	3fffffffffff
N??CA?oICGAcP_AoB@?	46	3fffffffffff
N??CA?oICGAcP_AoAB?	46	3fffffffffff
N??CA?oICGAcB_oOM??	46	7fffffffefff
N??CA?oICGAcB_oOL??	46	7fffffffefff
N??CA?oICGAcB_oOKO?	46	3fffffffffff
N??CA?oICGAcB_oOKA?	46	fffffffdfffd
N??CA?oICGAcB_oOHA?	46	7ffffffdffff
N??CA?oICGAcB_oOI@?	46	3ffffffffffcc
N??CA?oICGAcB_oOGP?	46	3fefebfbbba64b7e
N??CA?oICGAcB_WOY??	46	3fffffffffff
N??CA?oICGAcB_WOX??	46	7fffffffff7f
N??CA?oICGAcB_WOJ??	46	3ffffbbfeefff
N??CA?oICGAcB_WOWO?	46	fffffffffe7f
N??CA?oICGAcB_WOIO?	46	3fffffffffff
N??CA?oICGAcB_WOHO?	46	7ffffffff7ff
N??CA?oICGAcB_WOIG?	46	3ffffdefdefff
N??CA?oICGAcB_WOGW?	46	3fffffffffff
N??CA?oICGAcB_WOIA?	46	3ffffdefdefff
N??CA?oICGAcB_WOW@?	46	ffffffff7f7f
N??CA?oICGAcB_WOI@?	46	3fffffffffff
N??CA?oICGAcB_WOH@?	46	7ffffffeffff
N??CA?oICGAcB_WOGP?	46	fffffffefffd
N??CA?oICGAcB_QO[??	46	3fffffffffff
N??CA?oICGAcB_QOM??	46	3ffffbbfeefff
N??CA?oICGAcB_QOWO?	46	3ffffef7ef7ff
N??CA?oICGAcB_QOKO?	46	3fffffffffff
N??CA?oICGAcB_QOIO?	46	3fffffffffff
N??CA?oICGAcB_QOKG?	46	3ffffdefdefff
N??CA?oICGAcB_QOKA?	46	3ffffdefdefff
N??CA?oICGAcB_QOGI?	46	3fffffff0ffff
N??CA?oICGAcB_QOW@?	46	3ffffbbfeefff
N??CA?oICGAcB_QOK@?	46	3fffffffffff
N??CA?oICGAcB_QOI@?	46	3fffffffffff
N??CA?oICGAcB_QOGP?	46	3fff7fefdfeff
N??CA?oICGAcB_QOGH?	46	3fff7fefdfeff
N??CA?oICGAcB_QOGB?	46	3fffffffffff
N??CA?oICGAcB_OoY??	46	3ffffffffffd2
N??CA?oICGAcB_OoM??	46	3fffffffffff
N??CA?oICGAcB_OoL??	46	3fffffffffff
N??CA?oICGAcB_OoJ??	46	3fffffffffff
N??CA?oICGAcB_OoWG?	46	3fefedefe76634fe
N??CA?oICGAcB_OoKA?	46	7ffffffff7ff
N??CA?oICGAcB_OoIA?	46	3fffffffffff
N??CA?oICGAcB_OoHA?	46	3fffffffffff
N??CA?oICGAcB_OoW@?	46	3fefebfbbba64b7e
N??CA?oICGAcB_OoI@?	46	1ffffffffb7fe
N??CA?oICGAcB_OSM??	46	3ffffdefdefff
N??CA?oICGAcB_OSL??	46	3ffffdefdefff
N??CA?oICGAcB_OSWO?	46	fffffffdff7f
N??CA?oICGAcB_OSIO?	46	7ffffffff7ff
N??CA?oICGAcB_OSW@?	46	fffffffdfeff
N??CA?oICGAcB_OSI@?	46	7fffffffefff
N??CA?oICGAcB_OSGP?	46	fffffffe7fff
N??CA?oICGAcB_OQY??	46	3ffffffffffcc
N??CA?oICGAcB_OQM??	46	3fffffffffff
N??CA?oICGAcB_OQL??	46	3fffffffffff
N??CA?oICGAcB_OQJ??	46	3fffffffffff
N??CA?oICGAcB_OQIO?	46	1ffffffffb7fe
N??CA?oICGAcB_OQWG?	46	3fefebfbbba64b7e
N??CA?oICGAcB_OQIG?	46	1ffffffffb7fe
N??CA?oICGAcB_OQIA?	46	3fffffffffff
N??CA?oICGAcB_OQHA?	46	3fffffffffff
N??CA?oICGAcWOQ_R??	46	3fffffffffff
N??CA?oICGAcWOQ_P_?	46	7fffffffff7f
N??CA?oICGAcWOQ_Oo?	46	3ffffffffe67f
N??CA?oICGAcWOQ_Ao?	46	7ffffffff7ff
N??CA?oICGAcWOQ_BG?	46	3defbfffdea94fcc
N??CA?oICGAcWOQ_Og?	46	3fffffffffff
N??CA?oICGAcWOQ_AW?	46	3effffffffb7e
N??CA?oICGAcWOQ_@W?	46	37ff6fdff9f0fb52
N??CA?oICGAcWOQ_?w?	46	3fffffffffff
N??CA?oICGAcWOQ_@I?	46	37ff6fdff9f0fb52
N??CA?oICGAcWOQ_Q@?	46	3fffffffe777f
N??CA?oICGAcWOQ_P@?	46	fffffffd7fff
N??CA?oICGAcWOQ_OP?	46	3fffffffe777f
N??CA?oICGAcWOQ_AP?	46	7ffffffeffff
N??CA?oICGAcWOQ_OH?	46	3fffffffffff
N??CA?oICGAcWOQ_@H?	46	3fffffffffff
N??CA?oICGAcWOQ_?X?	46	3fffffffffff
N??CA?oICGAcWOE_X??	46	3fffffffffff
N??CA?oICGAcWOE_W_?	46	3fffffffffff
N??CA?oICGAcWOE_H_?	46	3ffffbbfeefff
N??CA?oICGAcWOE_WO?	46	3fffffffffff
N??CA?oICGAcWOE_HO?	46	3ffffffffffcc
N??CA?oICGAcWOE_Go?	46	3fffffffffff
N??CA?oICGAcWOE_HG?	46	3defbfffdea94fcc
N??CA?oICGAcWOE_GW?	46	3effffffffb7e
N??CA?oICGAcWOE_W@?	46	7ffffffff7ff
N??CA?oICGAcWOE_G`?	46	3fffffffffff
N??CA?oICGAcWOE_GP?	46	3fffffffffff
N??CA?oICGAcWOE_GB?	46	3fffffffffff
N??CA?oICGAcWOAaY??	46	3fffffffffff
N??CA?oICGAcWOAaX??	46	fffffffd7fff
N??CA?oICGAcWOAaW_?	46	ffffffff7f7f
N??CA?oICGAcWOAaI_?	46	5fffdeffff7fd
N??CA?oICGAcWOAaH_?	46	7ffffffeffff
N??CA?oICGAcWOAaWO?	46	3fffffffe777f
N??CA?oICGAcWOAaIO?	46	3fffffffffff
N??CA?oICGAcWOAaHO?	46	fffffffe7fff
N??CA?oICGAcWOAaGo?	46	fffffffefffd
N??CA?oICGAcWOAaWG?	46	3fffffffffff
N??CA?oICGAcWOAaHG?	46	3fff7fefdfeff
N??CA?oICGAcWOAaGW?	46	3fffffffffff
N??CA?oICGAcWOAaWA?	46	3fffffffffff
N??CA?oICGAcWOAaIA?	46	3fdffffffb7fe
N??CA?oICGAcWOAaGQ?	46	3fffffffffff
N??CA?oICGAcSOQ_T??	46	3fffffffffff
N??CA?oICGAcSOQ_P_?	46	3fffffffffff
N??CA?oICGAcSOQ_D_?	46	3ffffbbfeefff
N??CA?oICGAcSOQ_Oo?	46	fffffffffeed2
N??CA?oICGAcSOQ_DG?	46	3defbfffdea94fcc
N??CA?oICGAcSOQ_@I?	46	37ff6fdff9f0fb52
N??CA?oICGAcSOQ_P@?	46	fffffffff7fd
N??CA?oICGAcSOQ_D@?	46	3fffffffffff
N??CA?oICGAcSOQ_?p?	46	7ffffffffb77c
N??CA?oICGAcSOQ_OH?	46	3ffffffffffcc
N??CA?oICGAcSOI_X??	46	3fffffffffff
N??CA?oICGAcSOI_W_?	46	3fffffffffff
N??CA?oICGAcSOI_H_?	46	3ffffbbfeefff
N??CA?oICGAcSOI_WO?	46	7fffffffefff
N??CA?oICGAcSOI_HO?	46	3ffffffffffcc
N??CA?oICGAcSOI_Go?	46	3fffffffffff
N??CA?oICGAcSOI_HG?	46	3defbfffdea94fcc
N??CA?oICGAcSOI_GW?	46	3effffffffb7e
N??CA?oICGAcSOI_WA?	46	3fffffffffff
N??CA?oICGAcSOI_Ga?	46	3ffffdefdefff
N??CA?oICGAcSOI_GQ?	46	3effffffffb7e
N??CA?oICGAcSOI_W@?	46	7ffffffff7ff
N??CA?oICGAcSOI_H@?	46	3fffffffffff
N??CA?oICGAcSOI_G`?	46	3ffff7dfdf7ff
N??CA?oICGAcSOI_GP?	46	7fffffffff7f
N??CA?oICGAcSOI_GB?	46	3fffffffffff
N??CA?oICGAcSOB_L??	46	3ffffbbfeefff
N??CA?oICGAcSOB_WO?	46	3ffffffffffd2
N??CA?oICGAcSOB_KO?	46	3fffffffffff
N??CA?oICGAcSOB_HO?	46	3fffffffffff
N??CA?oICGAcSOB_KA?	46	3ffffdefdefff
N??CA?oICGAcSOB_HA?	46	3ffffdefdefff
N??CA?oICGAcSOB_W@?	46	3ffffffffffcc
N??CA?oICGAcSOB_K@?	46	3fffffffffff
N??CA?oICGAcSOB_H@?	46	3fffffffffff
N??CA?oICGAcSOB_GP?	46	1ffffffffb7fe
N??CA?oICGAcPOQ_T??	46	7ffffffffeff
N??CA?oICGAcPOQ_F??	46	fffffbbfce7ff
N??CA?oICGAcPOQ_SO?	46	7ffffffffeff
N??CA?oICGAcPOQ_EO?	46	3fffffffffff
N??CA?oICGAcPOQ_DG?	46	3ffffdefdefff
N??CA?oICGAcPOQ_OW?	46	3fefedefe76634fe
N??CA?oICGAcPOQ_CW?	46	3fffffffffff
N??CA?oICGAcPOQ_EA?	46	fffffdefce7ff
N??CA?oICGAcPOQ_@I?	46	3fffffff0ffff
N??CA?oICGAcPOQ_@H?	46	3fff7fefdfeff
N??CA?oICGAcPOQ_?X?	46	3ff8ffe76cfdf6e1
N??CA?oICGAcPOE_L??	46	3ffffbbfeefff
N??CA?oICGAcPOE_WO?	46	3ffffffffffd2
N??CA?oICGAcPOE_KO?	46	3fffffffffff
N??CA?oICGAcPOE_HO?	46	3fffffffffff
N??CA?oICGAcPOE_KA?	46	3ffffdefdefff
N??CA?oICGAcPOE_HA?	46	3ffffdefdefff
N??CA?oICGAcPOE_W@?	46	3ffffffffffcc
N??CA?oICGAcPOE_K@?	46	3fffffffffff
N??CA?oICGAcPOE_H@?	46	3fffffffffff
N??CA?oICGAcPOE_GP?	46	1ffffffffb7fe
N??CA?oICGAcQCOoF??	46	3defbfffdea94fcc
N??CA?oICGAcQCOoOo?	46	3ffdbfe5c7bf06fd
N??CA?oICGAcQCOoS@?	46	1ffffeffff7fd
N??CA?oICGAcQCOoQ@?	46	3ffdbfe5c7bf06fd
N??CA?oICGAcQCOoP@?	46	7ffbffffff87f
N??CA?oICGAcQCOoOP?	46	3ffe7fda37bf077b
N??CA?oICGAcQCOo?p?	46	3ff73fdb9cfdef61
N??CA?oICGAcQCOoOH?	46	3ffe7fda37bf077b
N??CA?oICGAcQCOo@H?	46	5ff7fff7efffd
N??CA?oICGAcQCGoY??	46	3fffffffffff
N??CA?oICGAcQCGoW_?	46	3fffffffffff
N??CA?oICGAcQCGoP_?	46	3fffffffffff
N??CA?oICGAcQCGoBO?	46	3effffffffb7e
N??CA?oICGAcQCGoAo?	46	3ffdffdfdff7f
N??CA?oICGAcQCGoBG?	46	37ff6fdff9f0fb52
N??CA?oICGAcQCGoAW?	46	3bffbffffff7d
N??CA?oICGAcQCGoW@?	46	3fffffffffff
N??CA?oICGAcQCGoQ@?	46	7fbffbbfeefff
N??CA?oICGAcQCGoP@?	46	3fffffffffff
N??CA?oICGAcQCGo@P?	46	3fffffffffff
N??CA?oICGAcQCGo?p?	46	3ffffffe97fff
N??CA?oICGAcQCGoOH?	46	3fffffffffff
N??CA?oICGAcQCGo@H?	46	3fffffffffff
N??CA?oICGAcQCCo[??	46	3fffffffffff
N??CA?oICGAcQCCoW_?	46	3fffffffffff
N??CA?oICGAcQCCoKO?	46	3effffffffb7e
N??CA?oICGAcQCCoDO?	46	3effffffffb7e
N??CA?oICGAcQCCoOo?	46	3ff8ffe76cfdf6e1
N??CA?oICGAcQCCoCo?	46	3ffdffdfdff7f
N??CA?oICGAcQCCoSG?	46	3fffffffffff
N??CA?oICGAcQCCoDG?	46	37ff6fdff9f0fb52
N??CA?oICGAcQCCoOg?	46	3ffffffffffe1
N??CA?oICGAcQCCo?w?	46	1ffffffffcffe
N??CA?oICGAcQCCoW@?	46	3fffffffffff
N??CA?oICGAcQCCoS@?	46	3ffffbbfeefff
N??CA?oICGAcQCCoO`?	46	3ff73fdb9cfdef61
N??CA?oICGAcQCCoG`?	46	3fffffffffff
N??CA?oICGAcQCCo?p?	46	3defbfffdea94fcc
N??CA?oICGAcQCAoW_?	46	3fffffffffff
N??CA?oICGAcQCAoS_?	46	3fffffffffff
N??CA?oICGAcQCAoEO?	46	3effffffffb7e
N??CA?oICGAcQCAoOo?	46	37ffffbfefffb
N??CA?oICGAcQCAoEG?	46	37ff6fdff9f0fb52
N??CA?oICGAcQCAoW@?	46	3fffffffff87f
N??CA?oICGAcQCAoS@?	46	3fffffffffff
N??CA?oICGAcQCAoOP?	46	1ffffff7efffd
N??CA?oICGAcQCAoGP?	46	1ffffff7efffd
N??CA?oICGAcQCAoCP?	46	3fffffffffff
N??CA?oICGAcQCAoOH?	46	1ffffff7efffd
N??CA?oICGAcQCAoCH?	46	3fffffffffff
N??CA?oICGAcQC@oF??	46	3ffffdefdefff
N??CA?oICGAcQC@oWO?	46	3ffffffff87ff
N??CA?oICGAcQC@oIO?	46	3fffffffffff
N??CA?oICGAcQC@oPO?	46	3fffffffffff
N??CA?oICGAcQC@oEG?	46	3fffffff0ffff
N??CA?oICGAcQC@oOW?	46	37ff6fdff9f0fb52
N??CA?oICGAcQC@oW@?	46	3ffffffff87ff
N??CA?oICGAcQC@oQ@?	46	3ff73fdb9cfdef61
N??CA?oICGAcQC@oI@?	46	3fffffffffff
N??CA?oICGAcQC@oOP?	46	37ff6fdff9f0fb52
N??CA?oICGAcQC@oGP?	46	3ffdffdfdff7f
N??CA?oICGAcQC@oCP?	46	3ffffffe97fff
N??CA?oICGAcQC@oAP?	46	3defbfffdea94fcc
N??CA?oICGAcQC@oOH?	46	37ff6fdff9f0fb52
N??CA?oICGAcQC@o?X?	46	3fefedefe76634fe
N??CA?oICGAcQC?q[??	46	3fffffffffff
N??CA?oICGAcQC?qY??	46	3fffffffffff
N??CA?oICGAcQC?qX??	46	3fffffffff87f
N??CA?oICGAcQC?qT??	46	3fffffffffff
N??CA?oICGAcQC?qF??	46	3fff7fefdfeff
N??CA?oICGAcQC?qW_?	46	3ffffffff87ff
N??CA?oICGAcQC?qQ_?	46	3ff73fdb9cfdef61
N??CA?oICGAcQC?qI_?	46	3fffffffffff
N??CA?oICGAcQC?qKO?	46	3fffffffffff
N??CA?oICGAcQC?qHO?	46	1ffffff7efffd
N??CA?oICGAcQC?qDO?	46	3fffffffffff
N??CA?oICGAcQC?qGo?	46	3ffdffdfdff7f
N??CA?oICGAcQC?qAo?	46	3defbfffdea94fcc
N??CA?oICGAcQC?qWG?	46	3ffe7fda37bf077b
N??CA?oICGAcQC?qQG?	46	3ffffffffffe1
N??CA?oICGAcQC?qPG?	46	1ffffff7efffd
N??CA?oICGAcQC?qHG?	46	5ff7fff7efffd
N??CA?oICGAcQC?qDG?	46	5ff7fff7efffd
N??CA?oICGAcQC?qOg?	46	37ff6fdff9f0fb52
N??CA?oICGAcQC?qAg?	46	1ffffffffcffe
N??CA?oICGAcOcAoW_?	46	3fffffffffff
N??CA?oICGAcOcAoQ_?	46	3fffffffffff
N??CA?oICGAcOcAoI_?	46	3fffffffffff
N??CA?oICGAcOcAoP_?	46	3fffffffffff
N??CA?oICGAcOcAoEG?	46	3bffbffffff7d
N??CA?oICGAcOcAoOg?	46	3fffffffffff
N??CA?oICGAcOcAoAg?	46	3fffffffffff
N??CA?oICGAcOcAoW@?	46	3fffbffbf7f7f
N??CA?oICGAcOcAoP@?	46	1ffffff7efffd
N??CA?oICGAcOcAoA`?	46	3fffffffffff
N??CA?oICGAcOcAo?h?	46	3fffffffffff
N??CA?oICGAcAcoOM??	46	3fffffffcff7d
N??CA?oICGAcAcoOL??	46	fffeff7fd7e7f
N??CA?oICGAcAcoOK_?	46	fffffffd7fff
N??CA?oICGAcAcoOI_?	46	ffffffffd787f
N??CA?oICGAcAcoOIO?	46	3fffffffffff
N??CA?oICGAcAcoOHO?	46	3ffe7f8f6b7ef07b
N??CA?oICGAcAcoOGo?	46	3ffffffff87ff
N??CA?oICGAcAcoOGg?	46	3ffdbfe5c7bf06fd
N??CA?oICGAcAcoOI@?	46	3fffbffbf7f7f
N??CA?oICGAcAcoOH@?	46	3fffffffff87f
N??CA?oICGAcAcoOGP?	46	3ffe7fda37bf077b
N??CA?oICGAcAcoOGH?	46	3ffe7fda37bf077b
N??CA?oICGAcAcWOJ??	46	3defbfffdea94fcc
N??CA?oICGAcAcWOW@?	46	3fffffffcfefb
N??CA?oICGAcAcSO[??	46	3fffffffffff
N??CA?oICGAcAcSOW_?	46	3fffffffff87f
N??CA?oICGAcAcSOW@?	46	ffffbffbd7e7f
N??CA?oICGAcAcPOM??	46	3ff73fdb9cfdef61
N??CA?oICGAcAcPOL??	46	fffffdefce7ff
N??CA?oICGAcAcPOJ??	46	3ffffdefdefff
N??CA?oICGAcAcPOWO?	46	ffffffffc87ff
N??CA?oICGAcAcPOIO?	46	3fffffffffff
N??CA?oICGAcAcPOHO?	46	3fffffffd77fd
N??CA?oICGAcAcPOGW?	46	3ffdffdfdff7f
N??CA?oICGAcAcPOI@?	46	2ffdeff7fe70fccc
N??CA?oICGAcAcPOGP?	46	3ffdffdfdff7f
N??CA?oICGAcOSQ_Oo?	46	fffeff7fd7e7f
N??CA?oICGAcOSQ_Og?	46	3fffffffffff
N??CA?oICGAcOSQ_S@?	46	7ffffffeffff
N??CA?oICGAcOSQ_Q@?	46	fbfffffbe7ff9
N??CA?oICGAcOSQ_OP?	46	ffffbffbd7e7f
N??CA?oICGAcOSQ_?p?	46	ffffffffe7fe1
N??CA?oICGAcOSQ_OH?	46	3fffbffbf7f7f
N??CA?oICGAcOSQ_?X?	46	37ffffbfefffb
N??CA?oICGAcQACo[??	46	3fffffffffff
N??CA?oICGAcQACoX??	46	3fffffffffff
N??CA?oICGAcQACoT??	46	3fffffffffff
N??CA?oICGAcQACoL??	46	3fffffffffff
N??CA?oICGAcQACoW_?	46	3ffffffffffcc
N??CA?oICGAcQACoD_?	46	3fffffffffff
N??CA?oICGAcQACoKO?	46	3fffffffffff
N??CA?oICGAcQACoHO?	46	3fffffffffff
N??CA?oICGAcQACoDO?	46	3fffffffffff
N??CA?oICGAcQACoOo?	46	3fdffffffb7fe
N??CA?oICGAcQACoGo?	46	1ffffffffb7fe
N??CA?oICGAcQACo@o?	46	3fffffffffff
N??CA?oICGAcQACoPG?	46	3fffffffffff
N??CA?oICGAcQACoDG?	46	3fffffffffff
N??CA?oICGAcQACoOg?	46	1ffffffffb7fe
N??CA?oICGAcQACo@g?	46	3fffffffffff
N??CA?oICGAcQACoWA?	46	3fffffffffff
N??CA?oICGAcQACoSA?	46	3fffffffffff
N??CA?oICGAcQACoKA?	46	3fffffffffff
N??CA?oICGAcQACoDA?	46	3fffffffffff
N??CA?oICGAcQACoGa?	46	3fffffffffff
N??CA?oICGAcQACoCQ?	46	3fffffffffff
N??CA?oICGAcQACo?q?	46	3fffffffffff
N??CA?oICGAcQACoCI?	46	3fffffffffff
N??CA?oICGAcQACo@I?	46	3fffffffffff
N??CA?oICGAcQACo?i?	46	3fffffffffff
N??CA?oICGAcQAAoY??	46	3fffffffffff
N??CA?oICGAcQAAoM??	46	3fffffffffff
N??CA?oICGAcQAAoW_?	46	3ffffbbfeefff
N??CA?oICGAcQAAoS_?	46	3fffffffffff
N??CA?oICGAcQAAoK_?	46	3fffffffffff
N??CA?oICGAcQAAoSO?	46	3fffffffffff
N??CA?oICGAcQAAoKO?	46	3fffffffffff
N??CA?oICGAcQAAoIO?	46	3fffffffffff
N??CA?oICGAcQAAoEO?	46	3fffffffffff
N??CA?oICGAcQAAoAo?	46	3fffffffffff
N??CA?oICGAcQAAoSG?	46	3fffffffffff
N??CA?oICGAcQAAoQG?	46	3fffffffffff
N??CA?oICGAcQAAoEG?	46	3fffffffffff
N??CA?oICGAcQAAoCg?	46	3fffffffffff
N??CA?oICGAcQAAoAg?	46	3fffffffffff
N??CA?oICGAcQAAoOW?	46	2ffdeff7fe70fccc
N??CA?oICGAcQAAoCW?	46	3fffffffffff
N??CA?oICGAcQAAoAW?	46	3fffffffffff
N??CA?oICGAcQAAo?w?	46	3ffffffe67fff
N??CA?oICGAcQAAoWA?	46	3fffffffff87f
N??CA?oICGAcQAAoSA?	46	3fffffffffff
N??CA?oICGAcQAAoEA?	46	3fffffffffff
N??CA?oICGAcQAAoOa?	46	3fffffffffff
N??CA?oICGAcQAAoGa?	46	3fffffffffff
N??CA?oICGAcQAAoGQ?	46	1ffffff7efffd
N??CA?oICGAcQAAoCQ?	46	3fffffffffff
N??CA?oICGAcQAAoOI?	46	1ffffff7efffd
N??CA?oICGAcQAAoCI?	46	3fffffffffff
N??CA?oICGAcQAAoAI?	46	3fffffffffff
N??CA?oICGAcQAAo?Y?	46	3fff7dfffeeff
N??CA?oICGAcQA@o[??	46	3fffffffffff
N??CA?oICGAcQA@oY??	46	3ffffffffffcc
N??CA?oICGAcQA@oX??	46	3ffffbbfeefff
N??CA?oICGAcQA@oT??	46	3fffffffffff
N??CA?oICGAcQA@oL??	46	3fffffffffff
N??CA?oICGAcQA@oF??	46	3fffffffffff
N??CA?oICGAcQA@oQO?	46	3fdffffffb7fe
N??CA?oICGAcQA@oIO?	46	1ffffffffb7fe
N??CA?oICGAcQA@oDO?	46	3fffffffffff
N??CA?oICGAcQA@oBO?	46	3fffffffffff
N??CA?oICGAcQA@oQG?	46	1ffffffffb7fe
N??CA?oICGAcQA@oDG?	46	3fffffffffff
N??CA?oICGAcQA@oBG?	46	3fffffffffff
N??CA?oICGAcQA@oAW?	46	3ffdf7ffff77f
N??CA?oICGAcQA@oIA?	46	3fffffffffff
N??CA?oICGAcQA@oPA?	46	3fffffffffff
N??CA?oICGAcQA@oHA?	46	3fffffffffff
N??CA?oICGAcQA@oAQ?	46	3fffffffffff
N??CA?oICGAcQA@oOI?	46	3fffffffffff
N??CA?oICGAcQA@oAI?	46	3fffffffffff
N??CA?oICGAcQA@o@I?	46	3fffffffffff
N??CA?oICGAcQA?s[??	46	3fffffffffff
N??CA?oICGAcQA?sY??	46	3fffffffffff
N??CA?oICGAcQA?sX??	46	3fffffffff87f
N??CA?oICGAcQA?sT??	46	3fffffffffff
N??CA?oICGAcQA?sW_?	46	3fffffffffff
N??CA?oICGAcQA?sQ_?	46	3fffffffffff
N??CA?oICGAcQA?sI_?	46	3fffffffffff
N??CA?oICGAcQA?sHO?	46	1ffffff7efffd
N??CA?oICGAcQA?sDO?	46	3fffffffffff
N??CA?oICGAcQA?sGo?	46	3fffffffffff
N??CA?oICGAcQA?sAo?	46	3fffffffffff
N??CA?oICGAcQA?sEG?	46	3fffffffffff
N??CA?oICGAcQA?sPG?	46	1ffffff7efffd
N??CA?oICGAcQA?sDG?	46	3fffffffffff
N??CA?oICGAcQA?sOg?	46	3fffffffffff
N??CA?oICGAcQA?sAg?	46	3fffffffffff
N??CA?oICGAcQA?sGW?	46	37ffffbfefffb
N??CA?oICGAcOaaOL??	46	3fffffffffff
N??CA?oICGAcOaaOJ??	46	3fffffffffff
N??CA?oICGAcOaaOF??	46	3fffffffffff
N??CA?oICGAcOaaOD_?	46	3fffffffffff
N??CA?oICGAcOaaODO?	46	3fffffffffff
N??CA?oICGAcOaaOAo?	46	1ffffffffb7fe
N??CA?oICGAcOaaOAg?	46	1ffffffffb7fe
N??CA?oICGAcOaaOGW?	46	3fefebfbbba64b7e
N??CA?oICGAcOaaOCW?	46	3fffffffffff
N??CA?oICGAcOaaO@W?	46	2ffdeff7fe70fccc
N??CA?oICGAcOaaO?w?	46	3ff8ffe76cfdf6e1
N??CA?oICGAcOaaOHA?	46	3fffffffff87f
N??CA?oICGAcOaaO@Q?	46	1ffffff7efffd
N??CA?oICGAcOaaOCI?	46	3fffffffffff
N??CA?oICGAcOaAoT??	46	3fffffffffff
N??CA?oICGAcOaAoL??	46	3fffffffffff
N??CA?oICGAcOaAoQ_?	46	1ffffffffb7fe
N??CA?oICGAcOaAoWG?	46	3fefebfbbba64b7e
N??CA?oICGAcOaAoSG?	46	3fffffffffff
N??CA?oICGAcOaAoEG?	46	3fffffffffff
N??CA?oICGAcOaAoDG?	46	3fffffffffff
N??CA?oICGAcOaAoOg?	46	3ff8ffe76cfdf6e1
N??CA?oICGAcOaAoKA?	46	3fffffffffff
N??CA?oICGAcOaAoEA?	46	3fffffffffff
N??CA?oICGAcOaAoCI?	46	3fffffffffff
N??CA?oICGAcAaoOM??	46	fffffffef7ff
N??CA?oICGAcAaoOL??	46	3fffffffffff
N??CA?oICGAcAaoOJ??	46	3fffffffffff
N??CA?oICGAcAaoOI_?	46	3ffffffffffcc
N??CA?oICGAcAaoOHA?	46	3fffffffff87f
N??CA?oICGAcAaSOX??	46	fffffffff7fd
N??CA?oICGAcAaSOL??	46	3fffffffffff
N??CA?oICGAcAaSOW_?	46	3ffffffffffcc
N??CA?oICGAcAaSOK_?	46	5fffdeffff7fd
N??CA?oICGAcAaSOH_?	46	3fffffffffff
N??CA?oICGAcAaSOGo?	46	1ffffffffb7fe
N??CA?oICGAcAaSOKA?	46	3fdffffffb7fe
N??CA?oICGAcAaQO[??	46	3fffffffffff
N??CA?oICGAcAaQOY??	46	3fffffffffff
N??CA?oICGAcAaQOK_?	46	7ffffffeffff
N??CA?oICGAcAaQOI_?	46	7ffffffeffff
N??CA?oICGAcAaQOWO?	46	3ffdbf739b7ee87d
N??CA?oICGAcAaQOKO?	46	3fffffffffff
N??CA?oICGAcAaQOIO?	46	3fffffffffff
N??CA?oICGAcAaQOWG?	46	3ffdbf739b7ee87d
N??CA?oICGAcAaQOWA?	46	3fffffffff87f
N??CA?oICGAcAaQOKA?	46	3fff7fefdfeff
N??CA?oICGAcAaQOIA?	46	3fffffffffff
N??CA?oICGAcAaQOGQ?	46	1ffffff7efffd
N??CA?oICGAcAaPOY??	46	3ffffffffffcc
N??CA?oICGAcAaPOL??	46	7ffffffeffff
N??CA?oICGAcAaPOIO?	46	1ffffffffb7fe
N??CA?oICGAcAaPOIG?	46	1ffffffffb7fe
N??CA?oICGAcAaPOHG?	46	3fff7fefdfeff
N??CA?oICGAcAaPOIA?	46	3fffffffffff
N??CA?oICGAcAaOoL??	46	3fffffffffff
N??CA?oICGAcAaOoW_?	46	3fefebfbbba64b7e
N??CA?oICGAcAaOoI_?	46	1ffffffffb7fe
N??CA?oICGAcAaOoKA?	46	ffffffffeeff
N??CA?oICGAcAaOoHA?	46	1ffffff7efffd
N??CA?oICGAcAaOSX??	46	3fffffffff87f
N??CA?oICGAcAaOSL??	46	3fff7fefdfeff
N??CA?oICGAcAaOSW_?	46	fffffffdfeff
N??CA?oICGAcAaOSI_?	46	7fffffffefff
N??CA?oICGAcAaOSHO?	46	1ffffff7efffd
N??CA?oICGAcAaOSGo?	46	fffffffe7fff
N??CA?oICGAcAaOSWG?	46	3fffbffbf7f7f
N??CA?oICGAcAaOSGW?	46	37ffffbfefffb
N??CA?oICGAcOQQ_T??	46	3fffffffffff
N??CA?oICGAcOQQ_R??	46	3fffffffffff
N??CA?oICGAcOQQ_F??	46	3fffffffcff7d
N??CA?oICGAcOQQ_D_?	46	7fffffffff7f
N??CA?oICGAcOQQ_B_?	46	7fffffffff7f
N??CA?oICGAcOQQ_DG?	46	3fffffffffff
N??CA?oICGAcOQQ_Ag?	46	1ffffffffb7fe
N??CA?oICGAcOQQ_OW?	46	3fefebfbbba64b7e
N??CA?oICGAcOQQ_CW?	46	3fffffffffff
N??CA?oICGAcOQQ_EA?	46	3fffffffe6eff
N??CA?oICGAcOQQ_CQ?	46	ffffffff7eff
N??CA?oICGAcOQQ_OI?	46	3fffbffbf7f7f
N??CA?oICGAcOQQ_?Y?	46	37ffffbfefffb
N??CA?oICG@cY?_oAH?	46	3fffffffffff
N??CA?oICG@cY?CoAQ?	46	3effffffffb7e
N??CA?oICG@cY?Co?q?	46	3fffffffffff
N??CA?oICG@cY?CoGI?	46	37ff6fdff9f0fb52
N??CA?oICG@cY?CoAI?	46	37ff6fdff9f0fb52
N??CA?oICG@cY?CoOP?	46	ffffffffe7ff
N??CA?oICG@cY?Co?p?	46	fffffffffe7f
N??CA?oICG@cY?CoOH?	46	3fffffffffff
N??CA?oICG@cY?Co?X?	46	3fffffffffff
N??CA?oICG@cY?CoOB?	46	fffffffef7ff
N??CA?oICG@cY?Co?b?	46	3fffffffdef7e
N??CA?oICG@cY??qQG?	46	3fffffffffff
N??CA?oICG@cU?GoWO?	46	3fffffffffff
N??CA?oICG@cU?GoAQ?	46	3effffffffb7e
N??CA?oICG@cU?Go?q?	46	3fffffffffff
N??CA?oICG@cU?GoAI?	46	37ff6fdff9f0fb52
N??CA?oICG@cU?GoW@?	46	3fffffffffff
N??CA?oICG@cU?GoOP?	46	3fffffffffff
N??CA?oICG@cU?GoGP?	46	3fffffffffff
N??CA?oICG@cU?Go?p?	46	3fffffffffff
N??CA?oICG@cU?GoOH?	46	3fffffffffff
N??CA?oICG@cU?GoOB?	46	3fffffffffff
N??CA?oICG@cU?CoW_?	46	3fffffffffff
N??CA?oICG@cU?CoSO?	46	3fffffffffff
N??CA?oICG@cU?CoKO?	46	3ffffffffffcc
N??CA?oICG@cU?CoOo?	46	3fffffffffff
N??CA?oICG@cU?CoCo?	46	3fffffffffff
N??CA?oICG@cU?CoSG?	46	3fffffffffff
N??CA?oICG@cU?CoCg?	46	3ffffdefdefff
N??CA?oICG@cU?CoOW?	46	3fffffffffff
N??CA?oICG@cU?CoGW?	46	3effffffffb7e
N??CA?oICG@cU?CoCW?	46	3effffffffb7e
N??CA?oICG@cU?Co?w?	46	3fffffffffff
N??CA?oICG@cU?CoWA?	46	3fffffffffff
N??CA?oICG@cU?CoGa?	46	3ffffdefdefff
N??CA?oICG@cU?CoGQ?	46	3effffffffb7e
N??CA?oICG@cU?CoCQ?	46	3effffffffb7e
N??CA?oICG@cU?Co?q?	46	3fffffffffff
N??CA?oICG@cU?CoGI?	46	37ff6fdff9f0fb52
N??CA?oICG@cU?CoCI?	46	37ff6fdff9f0fb52
N??CA?oICG@cU?CoW@?	46	3fffffffffff
N??CA?oICG@cU?CoS@?	46	3fffffffffff
N??CA?oICG@cU?CoOP?	46	3fffffffffff
N??CA?oICG@cU?CoGP?	46	3fffffffffff
N??CA?oICG@cU?Co?p?	46	3fffffffffff
N??CA?oICG@cU?CoOH?	46	3fffffffffff
N??CA?oICG@cU?CoCH?	46	3fffffffffff
N??CA?oICG@cU?CoOB?	46	3fffffffffff
N??CA?oICG@cU?@oEG?	46	3ffffdefdefff
N??CA?oICG@cU?@oIA?	46	3ffffdefdefff
N??CA?oICG@cU?@oOQ?	46	3fffffffffff
N??CA?oICG@cU?@oCQ?	46	3fffffffffff
N??CA?oICG@cU?@oAQ?	46	3fffffffffff
N??CA?oICG@cU?@oOI?	46	3fffffffffff
N??CA?oICG@cU?@oCI?	46	3fffffff0ffff
N??CA?oICG@cU?@o?Y?	46	3fffffffffff
N??CA?oICG@cU?@oW@?	46	3fffffffffff
N??CA?oICG@cU?@oGP?	46	3fffffffffff
N??CA?oICG@cU?@oCP?	46	3fffffffffff
N??CA?oICG@cU?@oAP?	46	3fffffffffff
N??CA?oICG@cU?@oOH?	46	3fffffffffff
N??CA?oICG@cU?@oAH?	46	3fffffffffff
N??CA?oICG@cU?@o?X?	46	3fffffffffff
N??CA?oICG@cU?@oOB?	46	3fffffffffff
N??CA?oICG@cU?@oAB?	46	3fffffffffff
N??CA?oICG@cU?@o?R?	46	3fffffffffff
N??CA?oICG@cU?@o?J?	46	3fffffffffff
N??CA?oICG@cU??sKO?	46	3effffffffb7e
N??CA?oICG@cU??sEO?	46	3effffffffb7e
N??CA?oICG@cU??sOo?	46	3fffffffffff
N??CA?oICG@cU??sCo?	46	3fffffffffff
N??CA?oICG@cU??sEG?	46	37ff6fdff9f0fb52
N??CA?oICG@cU??sOg?	46	3fffffffffff
N??CA?oICG@cU??sW@?	46	3fffffffffff
N??CA?oICG@cU??sS@?	46	3fffffffffff
N??CA?oICG@cU??sO`?	46	3fffffffffff
N??CA?oICG@cU??s?p?	46	3fffffffffff
N??CA?oICG@cU??sOH?	46	3fffffffffff
N??CA?oICG@cU??q[??	46	3fffffffffff
N??CA?oICG@cU??qY??	46	3fffffffffff
N??CA?oICG@cU??qW_?	46	3fffffffffff
N??CA?oICG@cU??qSO?	46	3fffffffffff
N??CA?oICG@cU??qKO?	46	3fffffffffff
N??CA?oICG@cU??qIO?	46	3fffffffffff
N??CA?oICG@cU??qGo?	46	3fffffffffff
N??CA?oICG@cU??qCo?	46	3fffffffffff
N??CA?oICG@cU??qWG?	46	3fffffffffff
N??CA?oICG@cU??qSG?	46	3fffffffffff
N??CA?oICG@cU??qKG?	46	3fffffffffff
N??CA?oICG@cU??qQG?	46	3fffffffffff
N??CA?oICG@cU??qEG?	46	3fffffffffff
N??CA?oICG@cU??qCW?	46	3fffffffffff
N??CA?oICG@cU??qAW?	46	3fffffffffff
N??CA?oICG@cU??qSA?	46	3fffffffffff
N??CA?oICG@cU??qEA?	46	3fff7fefdfeff
N??CA?oICG@cU??qOa?	46	3fffffffffff
N??CA?oICG@cU??qGa?	46	3fffffffffff
N??CA?oICG@cU??qGQ?	46	3fffffffffff
N??CA?oICG@cU??q?q?	46	3fffffffffff
N??CA?oICG@cU??qOI?	46	3fffffffffff
N??CA?oICG@cU??q?i?	46	3fffffffffff
N??CA?oICG@cU??q?Y?	46	3fffffffffff
N??CA?oICG@cX?CoJ??	46	3ffffbbfeefff
N??CA?oICG@cX?CoWO?	46	3fffffffffff
N??CA?oICG@cX?CoBG?	46	3ffffdefdefff
N??CA?oICG@cX?CoAW?	46	3fffffffffff
N??CA?oICG@cX?Co@W?	46	3fffffffffff
N??CA?oICG@cX?CoQA?	46	3fffffffffff
N??CA?oICG@cX?CoIA?	46	3ffffdefdefff
N??CA?oICG@cX?CoHA?	46	fffffdefce7ff
N??CA?oICG@cX?CoBA?	46	3ffffdefdefff
N??CA?oICG@cX?CoOQ?	46	3fffffffffff
N??CA?oICG@cX?Co@Q?	46	3fffffffffff
N??CA?oICG@cX?CoW@?	46	7fffffffff7f
N??CA?oICG@cX?CoGP?	46	3fffffffffff
N??CA?oICG@cX?CoAP?	46	3fffffffffff
N??CA?oICG@cX?Co@P?	46	3fffffffffff
N??CA?oICG@cX?CoOH?	46	3fffffffffff
N??CA?oICG@cX?Co@H?	46	3fffffffffff
N??CA?oICG@cX?Co?X?	46	3fffffffffff
N??CA?oICG@cX?Co?R?	46	3fffffffffff
N??CA?oICG@cT?_oL??	46	3fff7fefdfeff
N??CA?oICG@cT?_oF??	46	3ff8ffe76cfdf6e1
N??CA?oICG@cT?_oDG?	46	3fffffffffff
N??CA?oICG@cT?_oKA?	46	3ffffffe67fff
N??CA?oICG@cT?_oHA?	46	3ffffffe67fff
N??CA?oICG@cT?_oCI?	46	3fffffffffff
N??CA?oICG@cT?_o@I?	46	3fffffffffff
N??CA?oICG@cT?_oK@?	46	3fffffffffff
N??CA?oICG@cT?_oCP?	46	3fffffffffff
N??CA?oICG@cT?_oCH?	46	3fffffffffff
N??CA?oICG@cT?_oAH?	46	1ffffffffb7fe
N??CA?oICG@cT?_o@H?	46	3fffffffffff
N??CA?oICG@cT?OoF??	46	3ffdbf739b7ee87d
N??CA?oICG@cT?OoDO?	46	3fffffffffff
N??CA?oICG@cT?OoDG?	46	3ffffdefdefff
N??CA?oICG@cT?OoOW?	46	3effffffffcfe
N??CA?oICG@cT?OoBA?	46	3defbfffdea94fcc
N??CA?oICG@cT?OoCP?	46	3fffffffffff
N??CA?oICG@cT?OoAP?	46	1ffffffffb7fe
N??CA?oICG@cT?Oo@P?	46	3fffffffffff
N??CA?oICG@cT?Oo@H?	46	3fffffffffff
N??CA?oICG@cT?Oo?X?	46	5fffdeffff7fd
N??CA?oICG@cT?GoJ??	46	3ffffbbfeefff
N??CA?oICG@cT?GoWO?	46	3fffffffffff
N??CA?oICG@cT?GoHO?	46	3fffffffffff
N??CA?oICG@cT?GoBO?	46	3fffffffffff
N??CA?oICG@cT?GoBG?	46	3ffffdefdefff
N??CA?oICG@cT?GoOW?	46	3fffffffffff
N??CA?oICG@cT?GoWA?	46	3fffffffffff
N??CA?oICG@cT?GoIA?	46	3ffffdefdefff
N??CA?oICG@cT?GoOQ?	46	3fffffffffff
N??CA?oICG@cT?Go@Q?	46	3fffffffffff
N??CA?oICG@cT?GoAI?	46	3fffffff0ffff
N??CA?oICG@cT?Go@I?	46	3fffffff0ffff
N??CA?oICG@cT?GoW@?	46	3fffffffffff
N??CA?oICG@cT?GoB@?	46	3fffffffffff
N??CA?oICG@cT?GoGP?	46	3fffffffffff
N??CA?oICG@cT?GoAP?	46	3fffffffffff
N??CA?oICG@cT?Go@P?	46	3fffffffffff
N??CA?oICG@cT?GoOH?	46	3fffffffffff
N??CA?oICG@cT?Go?X?	46	3fffffffffff
N??CA?oICG@cT?Go?R?	46	3fffffffffff
N??CA?oICG@cT?CoT??	46	3fffffffffff
N??CA?oICG@cT?CoL??	46	3ffffbbfeefff
N??CA?oICG@cT?CoSO?	46	3fffffffffff
N??CA?oICG@cT?CoKO?	46	3fffffffffff
N??CA?oICG@cT?CoDO?	46	3fffffffffff
N??CA?oICG@cT?CoDG?	46	3ffffdefdefff
N??CA?oICG@cT?CoOW?	46	1ffffffffcffe
N??CA?oICG@cT?CoCW?	46	3fffffffffff
N??CA?oICG@cT?Co@W?	46	3fffffffffff
N??CA?oICG@cT?CoKA?	46	3ffffdefdefff
N??CA?oICG@cT?CoHA?	46	3ffffdefdefff
N??CA?oICG@cT?CoDA?	46	3ffffdefdefff
N??CA?oICG@cT?CoOQ?	46	3fffffffffff
N??CA?oICG@cT?CoCQ?	46	3fffffffffff
N??CA?oICG@cT?CoCI?	46	3fffffff0ffff
N??CA?oICG@cT?CoW@?	46	3ffffffffffcc
N??CA?oICG@cT?CoD@?	46	3fffffffffff
N??CA?oICG@cT?CoGP?	46	1ffffffffb7fe
N??CA?oICG@cT?CoCP?	46	3fffffffffff
N??CA?oICG@cT?Co@P?	46	3fffffffffff
N??CA?oICG@cT?CoCH?	46	3fffffffffff
N??CA?oICG@cT?Co@H?	46	3fffffffffff
N??CA?oICG@cT?Co?X?	46	3ffdf7ffff77f
N??CA?oICG@cT?Co@B?	46	3fffffffffff
N??CA?oICG@cT?AoM??	46	3ffffbbfeefff
N??CA?oICG@cT?AoWO?	46	3fffffffffff
N??CA?oICG@cT?AoKO?	46	3fffffffffff
N??CA?oICG@cT?AoEO?	46	3fffffffffff
N??CA?oICG@cT?AoEG?	46	3ffffdefdefff
N??CA?oICG@cT?AoOW?	46	3fffffffffff
N??CA?oICG@cT?AoWA?	46	3fffffffffff
N??CA?oICG@cT?AoIA?	46	3ffffdefdefff
N??CA?oICG@cT?AoOQ?	46	3fffffffffff
N??CA?oICG@cT?AoCQ?	46	3fffffffffff
N??CA?oICG@cT?AoAQ?	46	3fffffffffff
N??CA?oICG@cT?AoCI?	46	3fffffff0ffff
N??CA?oICG@cT?AoAI?	46	3fffffff0ffff
N??CA?oICG@cT?Ao?Y?	46	3fffffffffff
N??CA?oICG@cT?AoW@?	46	3fffffffffff
N??CA?oICG@cT?AoE@?	46	3fffffffffff
N??CA?oICG@cT?AoGP?	46	3fffffffffff
N??CA?oICG@cT?AoCP?	46	3fffffffffff
N??CA?oICG@cT?AoAP?	46	3fffffffffff
N??CA?oICG@cT?AoOH?	46	3fffffffffff
N??CA?oICG@cT?AoGH?	46	3fffffffffff
N??CA?oICG@cT?Ao?X?	46	3fffffffffff
N??CA?oICG@cT?AoOB?	46	3fffffffffff
N??CA?oICG@cT?AoGB?	46	3fffffffffff
N??CA?oICG@cT?AoAB?	46	3fffffffffff
N??CA?oICG@cT?Ao?R?	46	3fffffffffff
N??CA?oICG@cT?Ao?J?	46	3fffffffffff
N??CA?oICG@cT??sQO?	46	3fffffffffff
N??CA?oICG@cT??sPO?	46	3fffffffffff
N??CA?oICG@cT??sDO?	46	3fffffffffff
N??CA?oICG@cT??sEG?	46	3fffffff0ffff
N??CA?oICG@cT??sPG?	46	3fffffffffff
N??CA?oICG@cT??sDG?	46	3fffffff0ffff
N??CA?oICG@cT??sOW?	46	3fffffffffff
N??CA?oICG@cT??sW@?	46	3fffffffffff
N??CA?oICG@cT??sP@?	46	3fffffffffff
N??CA?oICG@cT??sH@?	46	3fffffffffff
N??CA?oICG@cT??sOP?	46	3fffffffffff
N??CA?oICG@cT??sGP?	46	3fffffffffff
N??CA?oICG@cT??sCP?	46	3fffffffffff
N??CA?oICG@cT??s@P?	46	3fffffffffff
N??CA?oICG@cT??sOH?	46	3fffffffffff
N??CA?oICG@cT??s?X?	46	3fffffffffff
N??CA?oICG@cT??q[??	46	3fffffffffff
N??CA?oICG@cT??qY??	46	3ffffffffffcc
N??CA?oICG@cT??qX??	46	3fffffffffff
N??CA?oICG@cT??qT??	46	3fffffffffff
N??CA?oICG@cT??qL??	46	3fffffffffff
N??CA?oICG@cT??qF??	46	3ffffffe97fff
N??CA?oICG@cT??qSO?	46	3fffffffffff
N??CA?oICG@cT??qIO?	46	1ffffffffb7fe
N??CA?oICG@cT??qHO?	46	3fffffffffff
N??CA?oICG@cT??qDO?	46	3fffffffffff
N??CA?oICG@cT??qBO?	46	3fffffffffff
N??CA?oICG@cT??qSG?	46	3fffffffffff
N??CA?oICG@cT??qDG?	46	3fffffffffff
N??CA?oICG@cT??qBG?	46	3fffffffffff
N??CA?oICG@cT??qPA?	46	3fffffffffff
N??CA?oICG@cT??qHA?	46	3fffffffffff
N??CA?oICG@cT??qCQ?	46	3fffffffffff
N??CA?oICG@cT??q@Q?	46	3fffffffffff
N??CA?oICG@cT??qOI?	46	3fffffffffff
N??CA?oICG@cT??q@I?	46	3fffffffffff
N??CA?oICG@cQ_CoU??	46	3fffffffffff
N??CA?oICG@cQ_CoW_?	46	3fffffffffff
N??CA?oICG@cQ_CoS_?	46	3fffffffffff
N??CA?oICG@cQ_CoQ_?	46	3fffffffffff
N??CA?oICG@cQ_CoWG?	46	3fffffffffff
N??CA?oICG@cQ_CoKG?	46	3effffffffb7e
N??CA?oICG@cQ_CoEG?	46	3effffffffb7e
N??CA?oICG@cQ_CoWA?	46	3fffffffffff
N??CA?oICG@cQ_CoW@?	46	3fffffffffff
N??CA?oICG@cQ_CoS@?	46	3fffffffffff
N??CA?oICG@cQ_CoG`?	46	3fffffffffff
N??CA?oICG@cQ_CoC`?	46	3fffffffffff
N??CA?oICG@cQ_CoCH?	46	3fffffffffff
N??CA?oICG@cP_cOF??	46	3fffffffffff
N??CA?oICG@cP_cODG?	46	3fffffffffff
N??CA?oICG@cP_cOHA?	46	3fffffffffff
N??CA?oICG@cP_cO@I?	46	3fffffffffff
N??CA?oICG@cP_cOCP?	46	3fffffffffff
N??CA?oICG@cP_cOCH?	46	3fffffffffff
N??CA?oICG@cP_CoM??	46	3fffffffffff
N??CA?oICG@cP_CoT??	46	3fffffffffff
N??CA?oICG@cP_CoL??	46	3fffffffffff
N??CA?oICG@cP_CoF??	46	3fffffffffff
N??CA?oICG@cP_CoEG?	46	3fffffffffff
N??CA?oICG@cP_CoDG?	46	3fffffffffff
N??CA?oICG@cP_CoBG?	46	3fffffffffff
N??CA?oICG@cP_CoWA?	46	3fffffffffff
N??CA?oICG@cP_CoSA?	46	3fffffffffff
N??CA?oICG@cP_CoQA?	46	3fffffffffff
N??CA?oICG@cP_CoPA?	46	3fffffffffff
N??CA?oICG@cP_CoHA?	46	3fffffffffff
N??CA?oICG@cP_CoCI?	46	3fffffffffff
N??CA?oICG@cP_Co@I?	46	3fffffffffff
N??CA?oICG@cP_CoS@?	46	3fffffffffff
N??CA?oICG@cP_CoK@?	46	3fffffffffff
N??CA?oICG@cP_CoD@?	46	3fffffffffff
N??CA?oICG@cP_CoB@?	46	3fffffffffff
N??CA?oICG@cP_CoGH?	46	5fffdeffff7fd
N??CA?oICG@cP_CoCH?	46	3fffffffffff
N??CA?oICG@cP_Co@H?	46	3fffffffffff
N??CA?oICG@cP_CoCB?	46	3fffffffffff
N??CA?oICG@cP_Co@B?	46	3fffffffffff
N??CA?oICG@cD_oOL??	46	7fffffffefff
N??CA?oICG@cD_oOKA?	46	7ffffffdffff
N??CA?oICG@cD_oOHA?	46	7ffffffdffff
N??CA?oICG@cD_oOGI?	46	3fffffffffff
N??CA?oICG@cD_oOGP?	46	3effffffffb7e
N??CA?oICG@cD_oOGH?	46	3effffffffb7e
N??CA?oICG@cD_WOJ??	46	3ffffbbfeefff
N??CA?oICG@cD_WOIO?	46	3fffffffffff
N??CA?oICG@cD_WOHO?	46	3fffffffffff
N??CA?oICG@cD_WOGW?	46	3fffffffffff
N??CA?oICG@cD_WOW@?	46	3fffffffffff
N??CA?oICG@cD_WOI@?	46	3fffffffffff
N??CA?oICG@cD_WOH@?	46	3fffffffffff
N??CA?oICG@cD_WOGP?	46	3fffffffffff
N??CA?oICG@cD_SOL??	46	3ffffbbfeefff
N??CA?oICG@cD_SOWO?	46	3ffffffffffd2
N??CA?oICG@cD_SOKO?	46	3fffffffffff
N??CA?oICG@cD_SOHO?	46	3fffffffffff
N??CA?oICG@cD_SOH@?	46	3fffffffffff
N??CA?oICG@cD_QOM??	46	3ffffbbfeefff
N??CA?oICG@cD_QOWO?	46	3fffffffffff
N??CA?oICG@cD_QOIO?	46	3fffffffffff
N??CA?oICG@cD_QOGW?	46	3fffffffffff
N??CA?oICG@cD_QOWA?	46	3fffffffffff
N??CA?oICG@cD_QOKA?	46	3ffffdefdefff
N??CA?oICG@cD_QOIA?	46	3ffffdefdefff
N??CA?oICG@cD_QOGQ?	46	3fffffffffff
N??CA?oICG@cD_QOW@?	46	3fffffffffff
N??CA?oICG@cD_QOK@?	46	3fffffffffff
N??CA?oICG@cD_QOI@?	46	3fffffffffff
N??CA?oICG@cD_QOGP?	46	3fffffffffff
N??CA?oICG@cQOW_Q@?	46	7ffffffffffe
N??CA?oICG@cPOS_F??	46	fffffbbfce7ff
N??CA?oICG@cPOS_DO?	46	3fffffffffff
N??CA?oICG@cPOS_D@?	46	fffffffef7ff
N??CA?oICG@cPOS_@P?	46	3fffffffffff
N??CA?oICG@cPOS_CH?	46	3fffffffffff
N??CA?oICG@cPOS_@H?	46	3fffffffffff
N??CA?oICG@cPOS_?X?	46	5fffdeffff7fd
N??CA?oICG@cSCOoF??	46	3defbfffdea94fcc
N??CA?oICG@cSCOoOo?	46	3fffffffffff
N??CA?oICG@cSCOoS@?	46	3fffffffffff
N??CA?oICG@cSCOoQ@?	46	3fffffffffff
N??CA?oICG@cSCOoOP?	46	3fffffffffff
N??CA?oICG@cSCOo?p?	46	3fffffffffff
N??CA?oICG@cSCOoOH?	46	3fffffffffff
N??CA?oICG@cSCOoAH?	46	3fffffffffff
N??CA?oICG@cSCGoW_?	46	3fffffffffff
N??CA?oICG@cSCGoBO?	46	3effffffffb7e
N??CA?oICG@cSCGoOo?	46	3fffffffffff
N??CA?oICG@cSCGo@o?	46	3fffffffffff
N??CA?oICG@cSCGoIG?	46	37ff6fdff9f0fb52
N??CA?oICG@cSCGoBG?	46	37ff6fdff9f0fb52
N??CA?oICG@cSCGoW@?	46	3fffffffffff
N??CA?oICG@cSCGoQ@?	46	3fffffffffff
N??CA?oICG@cSCGoP@?	46	3fffffffffff
N??CA?oICG@cSCGoH@?	46	3fffffffffff
N??CA?oICG@cSCGo?p?	46	3fffffffffff
N??CA?oICG@cSCGoOH?	46	3fffffffffff
N??CA?oICG@cSCGoAH?	46	3fffffffffff
N??CA?oICG@cSCCoW_?	46	3fffffffffff
N??CA?oICG@cSCCoDO?	46	3effffffffb7e
N??CA?oICG@cSCCoOo?	46	3fffffffffff
N??CA?oICG@cSCCoDG?	46	37ff6fdff9f0fb52
N??CA?oICG@cSCCoCW?	46	3bffbffffff7d
N??CA?oICG@cSCCoW@?	46	3fffffffffff
N??CA?oICG@cSCCoS@?	46	3fffffffffff
N??CA?oICG@cSCCoGP?	46	3fffffffffff
N??CA?oICG@cSCCoCP?	46	3fffffffffff
N??CA?oICG@cSCCoOH?	46	3fffffffffff
N??CA?oICG@cSCCoCH?	46	3fffffffffff
N??CA?oICG@cSCAoW_?	46	3fffffffffff
N??CA?oICG@cSCAoKO?	46	3effffffffb7e
N??CA?oICG@cSCAoEO?	46	3effffffffb7e
N??CA?oICG@cSCAoOo?	46	3fffffffffff
N??CA?oICG@cSCAoCo?	46	3fffffffffff
N??CA?oICG@cSCAoSG?	46	3fffffffffff
N??CA?oICG@cSCAoEG?	46	37ff6fdff9f0fb52
N??CA?oICG@cSCAoOg?	46	3fffffffffff
N??CA?oICG@cSCAoOW?	46	3fffffffffff
N??CA?oICG@cSCAo?w?	46	3fffffffffff
N??CA?oICG@cSCAoW@?	46	3fffffffffff
N??CA?oICG@cSCAoS@?	46	3fffffffffff
N??CA?oICG@cSCAoK@?	46	3fffffffffff
N??CA?oICG@cSCAoO`?	46	3fffffffffff
N??CA?oICG@cSCAo?p?	46	3fffffffffff
N??CA?oICG@cSCAoOH?	46	3fffffffffff
N??CA?oICG@cSC@oF??	46	3ffffdefdefff
N??CA?oICG@cSC@oWO?	46	3fffffffffff
N??CA?oICG@cSC@oQO?	46	3fffffffffff
N??CA?oICG@cSC@oDO?	46	3fffffffffff
N??CA?oICG@cSC@oPG?	46	3fffffffffff
N??CA?oICG@cSC@oDG?	46	3fffffff0ffff
N??CA?oICG@cSC@oOW?	46	3fffffffffff
N??CA?oICG@cSC@oW@?	46	3fffffffffff
N??CA?oICG@cSC@oP@?	46	3fffffffffff
N??CA?oICG@cSC@oOP?	46	3fffffffffff
N??CA?oICG@cSC@oGP?	46	3fffffffffff
N??CA?oICG@cSC@oCP?	46	3fffffffffff
N??CA?oICG@cSC@o@P?	46	3fffffffffff
N??CA?oICG@cSC@oOH?	46	3fffffffffff
N??CA?oICG@cSC@o?X?	46	3fffffffffff
N??CA?oICG@cSC?q[??	46	3fffffffffff
N??CA?oICG@cSC?qY??	46	3fffffffffff
N??CA?oICG@cSC?qU??	46	3fffffffffff
N??CA?oICG@cSC?qT??	46	3fffffffffff
N??CA?oICG@cSC?qL??	46	3fff7fefdfeff
N??CA?oICG@cSC?qF??	46	3fff7fefdfeff
N??CA?oICG@cSC?qW_?	46	3fffffffffff
N??CA?oICG@cSC?qP_?	46	3fffffffffff
N??CA?oICG@cSC?qH_?	46	3fffffffffff
N??CA?oICG@cSC?qKO?	46	3fffffffffff
N??CA?oICG@cSC?qIO?	46	3fffffffffff
N??CA?oICG@cSC?qEO?	46	3fffffffffff
N??CA?oICG@cSC?qHO?	46	3fffffffffff
N??CA?oICG@cSC?qGo?	46	3fffffffffff
N??CA?oICG@cSC?q@o?	46	3fffffffffff
N??CA?oICG@cSC?qWG?	46	3fffffffffff
N??CA?oICG@cSC?qQG?	46	3fffffffffff
N??CA?oICG@cSC?qEG?	46	3fffffffffff
N??CA?oICG@cSC?qPG?	46	3fffffffffff
N??CA?oICG@cSC?qOg?	46	3fffffffffff
N??CA?oICG@cSC?q@g?	46	3fffffffffff
N??CA?oICG@cSC?qGW?	46	3fffffffffff
N??CA?oICG@cOcCoW_?	46	3fffffffffff
N??CA?oICG@cOcCoS_?	46	3fffffffffff
N??CA?oICG@cOcCoQ_?	46	3fffffffffff
N??CA?oICG@cOcCoP_?	46	3fffffffffff
N??CA?oICG@cOcCoD_?	46	3fffffffffff
N??CA?oICG@cOcCoEG?	46	3bffbffffff7d
N??CA?oICG@cOcCoDG?	46	3bffbffffff7d
N??CA?oICG@cOcCoOg?	46	3fffffffffff
N??CA?oICG@cOcCoW@?	46	3fffffffffff
N??CA?oICG@cOcCoG`?	46	3fffffffffff
N??CA?oICG@cOcCo@`?	46	3fffffffffff
N??CA?oICG@cOcCo?h?	46	3fffffffffff
N??CA?oICG@cCcoOL??	46	fffffffdff7f
N??CA?oICG@cCcoOK_?	46	7ffffffdffff
N??CA?oICG@cCcoOI_?	46	7ffffffdffff
N??CA?oICG@cCcoOH_?	46	7ffffffdffff
N??CA?oICG@cCcoOIO?	46	3fffffffffff
N??CA?oICG@cCcoOGo?	46	3fffffffffff
N??CA?oICG@cCcoOGg?	46	3fffffffffff
N??CA?oICG@cCcoOI@?	46	3fffffffffff
N??CA?oICG@cCcoOH@?	46	3fffffffffff
N??CA?oICG@cCcoOGP?	46	3fffffffffff
N??CA?oICG@cCcoOGH?	46	3fffffffffff
N??CA?oICG@cCcWOJ??	46	3defbfffdea94fcc
N??CA?oICG@cCcWOW@?	46	7ffffffdffff
N??CA?oICG@cCcSOK_?	46	3ffffdefdefff
N??CA?oICG@cCcSOW@?	46	7ffffffdffff
N??CA?oICG@cCcSOK@?	46	3fffffffffff
N??CA?oICG@cCcSOGP?	46	3fffffffffff
N??CA?oICG@cCcPOM??	46	3ffffdefdefff
N??CA?oICG@cCcPOL??	46	3ffffdefdefff
N??CA?oICG@cCcPOJ??	46	3ffffdefdefff
N??CA?oICG@cCcPOWO?	46	3fffffffffff
N??CA?oICG@cCcPOGW?	46	3fffffffffff
N??CA?oICG@cCcPOH@?	46	3fffffffffff
N??CA?oICG@cCcPOGP?	46	3fffffffffff
N??CA?oICG@cOSS_Oo?	46	fffffffeff7f
N??CA?oICG@cOSS_Og?	46	3fffffffffff
N??CA?oICG@cOSS_S@?	46	7fffffff7fff
N??CA?oICG@cOSS_P@?	46	7ffffffeffff
N??CA?oICG@cOSS_OP?	46	fffffffefeff
N??CA?oICG@cOSS_?p?	46	fffffffefeff
N??CA?oICG@cOSS_OH?	46	3fffffffffff
N??CA?oICG@cSA_oL??	46	3fffffffffff
N??CA?oICG@cSA_oEO?	46	3fffffffffff
N??CA?oICG@cSA_oDO?	46	3fffffffffff
N??CA?oICG@cSA_oCo?	46	3fffffffffff
N??CA?oICG@cSA_oDG?	46	3fffffffffff
N??CA?oICG@cSA_oCg?	46	3fffffffffff
N??CA?oICG@cSA_o@g?	46	3fffffffffff
N??CA?oICG@cSA_oKA?	46	3fffffffffff
N??CA?oICG@cSA_oHA?	46	3fffffffffff
N??CA?oICG@cSA_oCI?	46	3fffffffffff
N??CA?oICG@cSA_o?Y?	46	3fffffffffff
N??CA?oICG@cSAGoX??	46	3fffffffffff
N??CA?oICG@cSAGoW_?	46	3fffffffffff
N??CA?oICG@cSAGoQO?	46	3fffffffffff
N??CA?oICG@cSAGoIO?	46	3fffffffffff
N??CA?oICG@cSAGoPO?	46	3fffffffffff
N??CA?oICG@cSAGoHO?	46	3fffffffffff
N??CA?oICG@cSAGoGo?	46	3fffffffffff
N??CA?oICG@cSAGo@o?	46	3fffffffffff
N??CA?oICG@cSAGoQG?	46	3fffffffffff
N??CA?oICG@cSAGoPG?	46	3fffffffffff
N??CA?oICG@cSAGoHG?	46	3fffffffffff
N??CA?oICG@cSAGoBG?	46	3fffffffffff
N??CA?oICG@cSAGoOg?	46	3fffffffffff
N??CA?oICG@cSAGoAW?	46	3fffffffffff
N??CA?oICG@cSAGo@W?	46	3fffffffffff
N??CA?oICG@cSAGoWA?	46	3fffffffffff
N??CA?oICG@cSAGoQA?	46	3fffffffffff
N??CA?oICG@cSAGoIA?	46	3fffffffffff
N??CA?oICG@cSAGoPA?	46	3fffffffffff
N??CA?oICG@cSAGo@a?	46	3fffffffffff
N??CA?oICG@cSAGoAQ?	46	3fffffffffff
N??CA?oICG@cSAGo?q?	46	3fffffffffff
N??CA?oICG@cSAGoOI?	46	3fffffffffff
N??CA?oICG@cSAGoAI?	46	3fffffffffff
N??CA?oICG@cSAGo?Y?	46	3fffffffffff
N??CA?oICG@cSACoX??	46	3fffffffffff
N??CA?oICG@cSACoT??	46	3fffffffffff
N??CA?oICG@cSACoL??	46	3fffffffffff
N??CA?oICG@cSACoW_?	46	3ffffffffffcc
N??CA?oICG@cSACoD_?	46	3fffffffffff
N??CA?oICG@cSACoSO?	46	3fffffffffff
N??CA?oICG@cSACoKO?	46	3fffffffffff
N??CA?oICG@cSACoHO?	46	3fffffffffff
N??CA?oICG@cSACoDO?	46	3fffffffffff
N??CA?oICG@cSACoGo?	46	1ffffffffb7fe
N??CA?oICG@cSACoCo?	46	3fffffffffff
N??CA?oICG@cSACo@o?	46	3fffffffffff
N??CA?oICG@cSACoPG?	46	3fffffffffff
N??CA?oICG@cSACoHG?	46	3fffffffffff
N??CA?oICG@cSACoDG?	46	3fffffffffff
N??CA?oICG@cSACoCg?	46	3fffffffffff
N??CA?oICG@cSACoOW?	46	1ffffffffb7fe
N??CA?oICG@cSACo@W?	46	3fffffffffff
N??CA?oICG@cSACo?w?	46	3ffdf7ffff77f
N??CA?oICG@cSACoSA?	46	3fffffffffff
N??CA?oICG@cSACoKA?	46	3fffffffffff
N??CA?oICG@cSACoGQ?	46	3fffffffffff
N??CA?oICG@cSACoCQ?	46	3fffffffffff
N??CA?oICG@cSACoCI?	46	3fffffffffff
N??CA?oICG@cSACo@I?	46	3fffffffffff
N??CA?oICG@cSA?s[??	46	3fffffffffff
N??CA?oICG@cSA?sU??	46	3fffffffffff
N??CA?oICG@cSA?sM??	46	3fffffffffff
N??CA?oICG@cSA?sKO?	46	3fffffffffff
N??CA?oICG@cSA?sIO?	46	3fffffffffff
N??CA?oICG@cSA?sGo?	46	3fffffffffff
N??CA?oICG@cSA?s@o?	46	3fffffffffff
N??CA?oICG@cSA?sAW?	46	3fffffffffff
N??CA?oICG@cOaCoU??	46	3fffffffffff
N??CA?oICG@cOaCoT??	46	3fffffffffff
N??CA?oICG@cOaCoL??	46	3fffffffffff
N??CA?oICG@cOaCoS_?	46	3fffffffffff
N??CA?oICG@cOaCoD_?	46	3fffffffffff
N??CA?oICG@cOaCoQG?	46	1ffffffffb7fe
N??CA?oICG@cOaCoIG?	46	1ffffffffb7fe
N??CA?oICG@cOaCoDG?	46	3fffffffffff
N??CA?oICG@cOaCoCg?	46	3fffffffffff
N??CA?oICG@cOaCo@g?	46	3fffffffffff
N??CA?oICG@cOaCoEA?	46	3fffffffffff
N??CA?oICG@cOaCoHA?	46	3fffffffffff
N??CA?oICG@cOaCoCI?	46	3fffffffffff
N??CA?oICG@cOaCo@I?	46	3fffffffffff
N??CA?oICG@cCaoOL??	46	3fffffffffff
N??CA?oICG@cCaoOJ??	46	3fffffffffff
N??CA?oICG@cCaoOGg?	46	3effffffffb7e
N??CA?oICG@cCaoOHA?	46	3fffffffffff
N??CA?oICG@cCaWOY??	46	3fffffffffff
N??CA?oICG@cCaWOX??	46	3fffffffffff
N??CA?oICG@cCaWOJ??	46	3fffffffffff
N??CA?oICG@cCaWOW_?	46	3fffffffffff
N??CA?oICG@cCaWOI_?	46	3fffffffffff
N??CA?oICG@cCaWOH_?	46	3fffffffffff
N??CA?oICG@cCaWOWO?	46	7fffffffff7f
N??CA?oICG@cCaWOIO?	46	3fffffffffff
N??CA?oICG@cCaWOHO?	46	3fffffffffff
N??CA?oICG@cCaWOGo?	46	3fffffffffff
N??CA?oICG@cCaWOWG?	46	3fffffffffff
N??CA?oICG@cCaWOHG?	46	3fdffffffb7fe
N??CA?oICG@cCaWOGW?	46	3fffffffffff
N??CA?oICG@cCaWOWA?	46	3fffffffffff
N??CA?oICG@cCaSOX??	46	3fffffffffff
N??CA?oICG@cCaSOL??	46	3fffffffffff
N??CA?oICG@cCaSOWO?	46	3ffffffffffcc
N??CA?oICG@cCaSOKO?	46	3fffffffffff
N??CA?oICG@cCaSOHO?	46	3fffffffffff
N??CA?oICG@cCaSOGo?	46	1ffffffffb7fe
N??CA?oICG@cCaSOWG?	46	3ffffffffffcc
N??CA?oICG@cCaSOKG?	46	3fffffffffff
N??CA?oICG@cCaSOHG?	46	3fffffffffff
N??CA?oICG@cCaSOKA?	46	3fffffffffff
N??CA?oICG@cCaSOHA?	46	3fffffffffff
N??CA?oICG@cCaSOGQ?	46	3fffffffffff
N??CA?oICG@cCaOSY??	46	7ffffffffffb
N??CA?oICG@cCaOSX??	46	3fffffffffff
N??CA?oICG@cCaOSW_?	46	7ffffffffeff
N??CA?oICG@cCaOSWG?	46	3fffffffffff
N??CA?oICG@cOQS_U??	46	3fffffffffff
N??CA?oICG@cOQS_T??	46	7fffffffff7f
N??CA?oICG@cOQS_R??	46	3fffffffffff
N??CA?oICG@cOQS_F??	46	3fffffffcff7d
N??CA?oICG@cOQS_DG?	46	3fffffffffff
N??CA?oICG@cOQS_BG?	46	3fffffffffff
N??CA?oICG@cOQS_OI?	46	3fffffffffff
N??CA?oICG?ss?IOJ??	46	7ffffffffffb
N??CA?oICG?ss?IOI_?	46	3fffffffffff
N??CA?oICG?ss?IOH_?	46	3fffffffffff
N??CA?oICG?ss?IOB_?	46	3fffffffffff
N??CA?oICG?ss?IOHO?	46	3fffffffffff
N??CA?oICG?ss?IO@o?	46	3fffffffffff
N??CA?oICG?ss?IOAg?	46	3fffffffffff
N??CA?oICG?ss?IO@g?	46	3fffffffffff
N??CA?oICG?ss?IO?w?	46	3fffffffffff
N??CA?oICG?ss?IOIA?	46	7fffffffefff
N??CA?oICG?ss?IOGa?	46	3fffffffffff
N??CA?oICG?ss?IOAa?	46	3fffffffffff
N??CA?oICG?ss?IO@a?	46	3fffffffffff
N??CA?oICG?ss?IO@Q?	46	3fffffffffff
N??CA?oICG?ss?IOAI?	46	7ffffffdffff
N??CA?oICG?ss?IO?i?	46	3fffffffffff
N??CA?oICG?ss?IOI@?	46	3fffffffffff
N??CA?oICG?ss?IOH@?	46	3fffffffffff
N??CA?oICG?ss?IOB@?	46	3fffffffffff
N??CA?oICG?ss?IO@P?	46	3fffffffffff
N??CA?oICG?ss?IO?p?	46	7ffbfef7ef7ff
N??CA?oICG?ss?IOGH?	46	3fffffffffff
N??CA?oICG?ss?IOAH?	46	3fffffffffff
N??CA?oICG?ss?IO@H?	46	3fffffffffff
N??CA?oICG?ss?IO?X?	46	3fffffffffff
N??CA?oICG?ss?IOGB?	46	3fffffffffff
N??CA?oICG?ss?IOAB?	46	3fffffffffff
N??CA?oICG?ss?IO@B?	46	3fffffffffff
N??CA?oICG?ss?IO?R?	46	3fffffffffff
N??CA?oICG?ss?IO?J?	46	3fffffffffff
N??CA?oICG?ss?EOL??	46	7ffffffffffb
N??CA?oICG?ss?EOK_?	46	3fffffffffff
N??CA?oICG?ss?EOH_?	46	3fffffffffff
N??CA?oICG?ss?EOD_?	46	3fffffffffff
N??CA?oICG?ss?EODO?	46	3fffffffffff
N??CA?oICG?ss?EOGo?	46	3ffffffffffd2
N??CA?oICG?ss?EODG?	46	7fffffffefff
N??CA?oICG?ss?EOGg?	46	3ffffffffffd2
N??CA?oICG?ss?EOCg?	46	3fffffffffff
N??CA?oICG?ss?EO@g?	46	3fffffffffff
N??CA?oICG?ss?EOCW?	46	3fffffffffff
N??CA?oICG?ss?EO?w?	46	1ffffffffcffe
N??CA?oICG?ss?EOKA?	46	7fffffffefff
N??CA?oICG?ss?EOHA?	46	7fffffffefff
N??CA?oICG?ss?EOGa?	46	3fffffffffff
N??CA?oICG?ss?EOCa?	46	3fffffffffff
N??CA?oICG?ss?EO@a?	46	3fffffffffff
N??CA?oICG?ss?EOD@?	46	3fffffffffff
N??CA?oICG?ss?EOGP?	46	3ffffffffffcc
N??CA?oICG?ss?EO?p?	46	1ffffffffb7fe
N??CA?oICG?ss?EOCH?	46	3fffffffffff
N??CA?oICG?ss?EO@H?	46	3fffffffffff
N??CA?oICG?ss?EO?X?	46	1ffffffffb7fe
N??CA?oICG?ss?EOGB?	46	3fffffffffff
N??CA?oICG?ss?EOCB?	46	3fffffffffff
N??CA?oICG?ss?EO@B?	46	3fffffffffff
N??CA?oICG?ss?EO?R?	46	3fffffffffff
N??CA?oICG?ss?BOL??	46	3fffffffffff
N??CA?oICG?ss?BODO?	46	3fffffffffff
N??CA?oICG?ss?BOHA?	46	3fffffffffff
N??CA?oICG?ss?BOBA?	46	3fffffffffff
N??CA?oICG?ss?BOCI?	46	3fffffffffff
N??CA?oICG?ss?BOD@?	46	3fffffffffff
N??CA?oICG?ss?BOGP?	46	3effffffffb7e
N??CA?oICG?ss?BO@P?	46	3fffffffffff
N??CA?oICG?ss?BO?R?	46	3fffffffffff
N??CA?oICG?ss?AoL??	46	3fffffffffff
N??CA?oICG?ss?AoF??	46	3fffffffffff
N??CA?oICG?ss?AoI_?	46	3ffffffffffd2
N??CA?oICG?ss?AoD_?	46	3fffffffffff
N??CA?oICG?ss?AoEG?	46	3fffffffffff
N??CA?oICG?ss?AoDG?	46	3fffffffffff
N??CA?oICG?ss?AoBG?	46	3fffffffffff
N??CA?oICG?ss?AoGg?	46	3effffffffcfe
N??CA?oICG?ss?AoCg?	46	3fffffffffff
N??CA?oICG?ss?AoAg?	46	1ffffffffcffe
N??CA?oICG?ss?Ao@g?	46	3fffffffffff
N??CA?oICG?ss?AoDA?	46	3fffffffffff
N??CA?oICG?ss?AoGa?	46	3fffffffffff
N??CA?oICG?ss?Ao@a?	46	3fffffffffff
N??CA?oICG?ss?AoCI?	46	3fffffffffff
N??CA?oICG?ss?Ao@I?	46	3fffffffffff
N??CA?oICG?ss?AoI@?	46	3ffffffffffcc
N??CA?oICG?ss?AoD@?	46	3fffffffffff
N??CA?oICG?ss?AoG`?	46	3effffffffb7e
N??CA?oICG?ss?Ao@`?	46	3fffffffffff
N??CA?oICG?ss?AoCH?	46	3fffffffffff
N??CA?oICG?ss?AoAH?	46	1ffffffffb7fe
N??CA?oICG?ss?Ao@H?	46	3fffffffffff
N??CA?oICG?ss?AoCB?	46	3fffffffffff
N??CA?oICG?ss?AoAB?	46	3fffffffffff
N??CA?oICG?ss?Ao@B?	46	3fffffffffff
N??CA?oICG?ss?Ao?b?	46	3fffffffffff
N??CA?oICG?ss?Ao?J?	46	3fffffffffff
N??CA?oICG?ss?ASL??	46	7fffffffefff
N??CA?oICG?ss?ASI_?	46	3fffbffbf7f7f
N??CA?oICG?ss?ASE_?	46	3ffffffffffd2
N??CA?oICG?ss?ASH_?	46	3fffffffffff
N??CA?oICG?ss?ASDO?	46	3fffffffffff
N??CA?oICG?ss?ASGo?	46	3bfffffbf7ffd
N??CA?oICG?ss?ASEG?	46	7ffffffdffff
N??CA?oICG?ss?ASGg?	46	3fffffffffff
N??CA?oICG?ss?ASCg?	46	3fffffffffff
N??CA?oICG?ss?AS@g?	46	3fffffffffff
N??CA?oICG?ss?AS?w?	46	3fffffffffff
N??CA?oICG?ss?ASK@?	46	3fffffffffff
N??CA?oICG?ss?ASI@?	46	3ffeff7ff7eff
N??CA?oICG?ss?ASE@?	46	3ffffffffffcc
N??CA?oICG?ss?ASH@?	46	3fffffffffff
N??CA?oICG?ss?ASD@?	46	3fffffffffff
N??CA?oICG?ss?ASB@?	46	3fffffffffff
N??CA?oICG?ss?ASAP?	46	37ff6fdff9f0fb52
N??CA?oICG?ss?ASGH?	46	3fffffffffff
N??CA?oICG?ss?ASCH?	46	3fffffffffff
N??CA?oICG?ss?AS@H?	46	3fffffffffff
N??CA?oICG?ss?AS?h?	46	3fffffffffff
N??CA?oICG?ss?AS?X?	46	3fffffffffff
N??CA?oICG?ss?AQL??	46	3fffffffffff
N??CA?oICG?ss?AQF??	46	3fffffffffff
N??CA?oICG?ss?AQD_?	46	3fffffffffff
N??CA?oICG?ss?AQDO?	46	3fffffffffff
N??CA?oICG?ss?AQGo?	46	3effffffffb7e
N??CA?oICG?ss?AQ@o?	46	3fffffffffff
N??CA?oICG?ss?AQEG?	46	3fffffffffff
N??CA?oICG?ss?AQKA?	46	3fffffffffff
N??CA?oICG?ss?AQ?q?	46	3fffffffffff
N??CA?oICG?ss?AQCI?	46	3fffffffffff
N??CA?oICG?sq?EOK_?	46	3fffffffffff
N??CA?oICG?sq?EOI_?	46	3fffffffffff
N??CA?oICG?sq?EOE_?	46	3fffffffffff
N??CA?oICG?sq?EOGo?	46	3fffffffffff
N??CA?oICG?sq?EOCo?	46	3fffffffffff
N??CA?oICG?sq?EOKG?	46	7fffffffefff
N??CA?oICG?sq?EOGg?	46	3fffffffffff
N??CA?oICG?sq?EOCg?	46	3fffffffffff
N??CA?oICG?sq?EOAg?	46	3fffffffffff
N??CA?oICG?sq?EOCW?	46	3fffffffffff
N??CA?oICG?sq?EO?w?	46	3fffffffffff
N??CA?oICG?sq?EOIA?	46	7fffffffefff
N??CA?oICG?sq?EOGa?	46	3fffffffffff
N??CA?oICG?sq?EOAa?	46	3fffffffffff
N??CA?oICG?sq?EOGQ?	46	3fffffffffff
N??CA?oICG?sq?EO?q?	46	3fffffffffff
N??CA?oICG?sq?EOI@?	46	3fffffffffff
N??CA?oICG?sq?EOE@?	46	3fffffffffff
N??CA?oICG?sq?EOC`?	46	3fffffffffff
N??CA?oICG?sq?EOGP?	46	3fffffffffff
N??CA?oICG?sq?EOCP?	46	3fffffffffff
N??CA?oICG?sq?EOGH?	46	3fffffffffff
N??CA?oICG?sq?EOCH?	46	3fffffffffff
N??CA?oICG?sq?EOAH?	46	3fffffffffff
N??CA?oICG?sq?EOGB?	46	3fffffffffff
N??CA?oICG?sq?EOCB?	46	3fffffffffff
N??CA?oICG?sq?EOAB?	46	3fffffffffff
N??CA?oICG?sq?EO?R?	46	3fffffffffff
N??CA?oICG?sq?CSM??	46	7fffffffefff
N??CA?oICG?sq?CSE_?	46	3fffffffffff
N??CA?oICG?sq?CSH_?	46	3fffffffffff
N??CA?oICG?sq?CSDO?	46	3fffffffffff
N??CA?oICG?sq?CSGo?	46	3fffffffffff
N??CA?oICG?sq?CSDG?	46	7ffffffdffff
N??CA?oICG?sq?CSGg?	46	3fffffffffff
N??CA?oICG?sq?CSCg?	46	3fffffffffff
N??CA?oICG?sq?CSAg?	46	3fffffffffff
N??CA?oICG?sq?CS?w?	46	3fffffffffff
N??CA?oICG?sq?CSK@?	46	3fffffffffff
N??CA?oICG?sq?CSI@?	46	3fffffffffff
N??CA?oICG?sq?CSE@?	46	3fffffffffff
N??CA?oICG?sq?CSH@?	46	3fffffffffff
N??CA?oICG?sq?CSD@?	46	3fffffffffff
N??CA?oICG?sq?CSB@?	46	3fffffffffff
N??CA?oICG?sq?CSGP?	46	3fffffffffff
N??CA?oICG?sq?CSAP?	46	3fffffffffff
N??CA?oICG?sq?CSCH?	46	3fffffffffff
N??CA?oICG?sq?CSAH?	46	3fffffffffff
N??CA?oICG?sq?CS@H?	46	3fffffffffff
N??CA?oICG?sq?CS?h?	46	3fffffffffff
N??CA?oICG?sq?CS?X?	46	3fffffffffff
N??CA?oICG?sX?EOJ??	46	3ffffbbfeefff
N??CA?oICG?sX?EOPO?	46	3fffffffffff
N??CA?oICG?sX?EOHO?	46	3fffffffffff
N??CA?oICG?sX?EOBO?	46	3fffffffffff
N??CA?oICG?sX?EOQG?	46	3fffffffffff
N??CA?oICG?sX?EOPG?	46	3fffffffffff
N??CA?oICG?sX?EOBG?	46	3ffffdefdefff
N??CA?oICG?sX?EOOW?	46	3fffffffffff
N??CA?oICG?sX?EOGW?	46	3fffffffffff
N??CA?oICG?sX?EOAW?	46	3fffffffffff
N??CA?oICG?sX?EO@W?	46	3fffffffffff
N??CA?oICG?sX?EOIA?	46	3ffffdefdefff
N??CA?oICG?sX?EOGQ?	46	7ffffffff7ff
N??CA?oICG?sX?EO@Q?	46	3fffffffffff
N??CA?oICG?sX?EOAI?	46	3fffffff0ffff
N??CA?oICG?sX?EOW@?	46	ffffffffff7d
N??CA?oICG?sX?EOP@?	46	3fffffffffff
N??CA?oICG?sX?EOH@?	46	3fffffffffff
N??CA?oICG?sX?EOOP?	46	3ffffffffe7f9
N??CA?oICG?sX?EOGP?	46	fffffffff7fd
N??CA?oICG?sX?EOAP?	46	3fffffffffff
N??CA?oICG?sX?EO@P?	46	3fffffffffff
N??CA?oICG?sX?EOOH?	46	3fffffffffff
N??CA?oICG?sX?EO@H?	46	3fffffffffff
N??CA?oICG?sX?EO?X?	46	3fffffffffff
N??CA?oICG?sX?EOOB?	46	ffffffffe7ff
N??CA?oICG?sX?EO?R?	46	fffffffdff7f
N??CA?oICG?sT?aOL??	46	3fffffffffff
N??CA?oICG?sT?aODO?	46	3fffffffffff
N??CA?oICG?sT?aOEG?	46	3fffffffffff
N??CA?oICG?sT?aODG?	46	3fffffffffff
N??CA?oICG?sT?aOBG?	46	3fffffffffff
N??CA?oICG?sT?aOKA?	46	3fffffffffff
N??CA?oICG?sT?aOBA?	46	3fffffffffff
N??CA?oICG?sT?aO@I?	46	3fffffffffff
N??CA?oICG?sT?aOD@?	46	3fffffffffff
N??CA?oICG?sT?aOGP?	46	3effffffffb7e
N??CA?oICG?sT?aO@P?	46	3fffffffffff
N??CA?oICG?sT?aO?R?	46	3fffffffffff
N??CA?oICG?sT?QOT??	46	3fffffffffff
N??CA?oICG?sT?QOF??	46	3ffffbbfeefff
N??CA?oICG?sT?QODO?	46	3fffffffffff
N??CA?oICG?sT?QODG?	46	3ffffdefdefff
N??CA?oICG?sT?QOD@?	46	3fffffffffff
N??CA?oICG?sT?QOCP?	46	3ffffffe67fff
N??CA?oICG?sT?QOAP?	46	3fefedefe76634fe
N??CA?oICG?sT?QO@P?	46	3fffffffffff
N??CA?oICG?sT?QO@H?	46	3fffffffffff
N??CA?oICG?sT?QO?X?	46	1ffffeffff7fd
N??CA?oICG?sT?IOX??	46	3fffffffffff
N??CA?oICG?sT?IOJ??	46	3ffffbbfeefff
N??CA?oICG?sT?IOPO?	46	3fffffffffff
N??CA?oICG?sT?IOHO?	46	3fffffffffff
N??CA?oICG?sT?IOBO?	46	3fffffffffff
N??CA?oICG?sT?IOQG?	46	3fffffffffff
N??CA?oICG?sT?IOAW?	46	3fffffffffff
N??CA?oICG?sT?IOWA?	46	3fffffffffff
N??CA?oICG?sT?IOIA?	46	3ffffdefdefff
N??CA?oICG?sT?IO@Q?	46	3fffffffffff
N??CA?oICG?sT?IOAI?	46	3fffffff0ffff
N??CA?oICG?sT?IOP@?	46	3fffffffffff
N??CA?oICG?sT?IOH@?	46	3fffffffffff
N??CA?oICG?sT?IOB@?	46	3fffffffffff
N??CA?oICG?sT?IOOP?	46	7ffbfef7ef7ff
N??CA?oICG?sT?IOGP?	46	3fffffffffff
N??CA?oICG?sT?IOAP?	46	7fffaffbf7f7f
N??CA?oICG?sT?IO@P?	46	3fffffffffff
N??CA?oICG?sT?IOOH?	46	3fffffffffff
N??CA?oICG?sT?IO?X?	46	3fffffffffff
N??CA?oICG?sT?IOOB?	46	3fffffffffff
N??CA?oICG?sT?IO?R?	46	3fffffffffff
N??CA?oICG?sT?EOL??	46	3ffffbbfeefff
N??CA?oICG?sT?EOWO?	46	3ffffffffffd2
N??CA?oICG?sT?EODO?	46	3fffffffffff
N??CA?oICG?sT?EOSG?	46	3fffffffffff
N??CA?oICG?sT?EODG?	46	3ffffdefdefff
N??CA?oICG?sT?EOOW?	46	1ffffffffcffe
N??CA?oICG?sT?EOCW?	46	3fffffffffff
N??CA?oICG?sT?EO@W?	46	3fffffffffff
N??CA?oICG?sT?EOKA?	46	3ffffdefdefff
N??CA?oICG?sT?EOPA?	46	3fffffffffff
N??CA?oICG?sT?EOHA?	46	3ffffdefdefff
N??CA?oICG?sT?EOW@?	46	3ffffffffffcc
N??CA?oICG?sT?EOH@?	46	3fffffffffff
N??CA?oICG?sT?EOD@?	46	3fffffffffff
N??CA?oICG?sT?EOOP?	46	1ffffffffb7fe
N??CA?oICG?sT?EOGP?	46	1ffffffffb7fe
N??CA?oICG?sT?EOCP?	46	3fffffffffff
N??CA?oICG?sT?EO@P?	46	3fffffffffff
N??CA?oICG?sT?EOOH?	46	1ffffffffb7fe
N??CA?oICG?sT?EO?X?	46	3ffdf7ffff77f
N??CA?oICG?sT?EO?R?	46	3fffffffffff
N??CA?oICG?sT?AoX??	46	3fffffffffff
N??CA?oICG?sT?AoT??	46	3fffffffffff
N??CA?oICG?sT?AoL??	46	3fffffffffff
N??CA?oICG?sT?AoF??	46	3fffffffffff
N??CA?oICG?sT?AoWG?	46	3effffffffcfe
N??CA?oICG?sT?AoSG?	46	3fffffffffff
N??CA?oICG?sT?AoQG?	46	1ffffffffcffe
N??CA?oICG?sT?AoEG?	46	3fffffffffff
N??CA?oICG?sT?AoPG?	46	3fffffffffff
N??CA?oICG?sT?AoDG?	46	3fffffffffff
N??CA?oICG?sT?AoWA?	46	3fffffffffff
N??CA?oICG?sT?AoPA?	46	3fffffffffff
N??CA?oICG?sT?AoCI?	46	3fffffffffff
N??CA?oICG?sT?Ao@I?	46	3fffffffffff
N??CA?oICG?sT?AoW@?	46	3effffffffb7e
N??CA?oICG?sT?AoI@?	46	1ffffffffb7fe
N??CA?oICG?sT?AoE@?	46	3fffffffffff
N??CA?oICG?sT?AoP@?	46	3fffffffffff
N??CA?oICG?sT?AoH@?	46	3fffffffffff
N??CA?oICG?sT?AoD@?	46	3fffffffffff
N??CA?oICG?sT?Ao@H?	46	3fffffffffff
N??CA?oICG?sT?AoOB?	46	3fffffffffff
N??CA?oICG?sT?Ao@B?	46	3fffffffffff
N??CA?oICG?sT?Ao?J?	46	3fffffffffff
N??CA?oICG?sT?AQY??	46	3ffffffffffcc
N??CA?oICG?sT?AQT??	46	3fffffffffff
N??CA?oICG?sT?AQL??	46	3fffffffffff
N??CA?oICG?sT?AQJ??	46	3fffffffffff
N??CA?oICG?sT?AQF??	46	3fffffffffff
N??CA?oICG?sT?AQWO?	46	3effffffffb7e
N??CA?oICG?sT?AQIO?	46	1ffffffffb7fe
N??CA?oICG?sT?AQPO?	46	3fffffffffff
N??CA?oICG?sT?AQHO?	46	3fffffffffff
N??CA?oICG?sT?AQDO?	46	3fffffffffff
N??CA?oICG?sT?AQBO?	46	3fffffffffff
N??CA?oICG?sT?AQSG?	46	3fffffffffff
N??CA?oICG?sT?AQQG?	46	1ffffffffb7fe
N??CA?oICG?sT?AQPG?	46	3fffffffffff
N??CA?oICG?sT?AQDG?	46	3fffffffffff
N??CA?oICG?sT?AQAW?	46	3ffdf7ffff77f
N??CA?oICG?sT?AQSA?	46	3fffffffffff
N??CA?oICG?sT?AQPA?	46	3fffffffffff
N??CA?oICG?sT?AQDA?	46	3fffffffffff
N??CA?oICG?sT?AQOQ?	46	3fffffffffff
N??CA?oICG?sT?AQ@Q?	46	3fffffffffff
N??CA?oICG?sT?AQOI?	46	3fffffffffff
N??CA?oICG?sT?AQCI?	46	3fffffffffff
N??CA?oICG?sT?AQ@I?	46	3fffffffffff
N??CA?oICG?sT?AQ?Y?	46	3fffffffffff
N??CA?oICG?sJ?SOJ??	46	3ffffbbfeefff
N??CA?oICG?sJ?SOIO?	46	3fffffffffff
N??CA?oICG?sJ?SOIA?	46	3ffffdefdefff
N??CA?oICG?sJ?SOW@?	46	3fffffffffff
N??CA?oICG?sJ?SOI@?	46	3fffffffffff
N??CA?oICG?sJ?SOGP?	46	3fffffffffff
N??CA?oICG?sF?oOL??	46	7fffffffefff
N??CA?oICG?sF?oOKA?	46	7ffffffdffff
N??CA?oICG?sF?oOGP?	46	feffffffff37c
N??CA?oICG?sF?WOX??	46	3fffffffffff
N??CA?oICG?sF?WOJ??	46	3ffffbbfeefff
N??CA?oICG?sF?WOWO?	46	3fffffffffff
N??CA?oICG?sF?WOIO?	46	3fffffffffff
N??CA?oICG?sF?WOHO?	46	3fffffffffff
N??CA?oICG?sF?WOHG?	46	3ffffdefdefff
N??CA?oICG?sF?WOGW?	46	3fffffffffff
N??CA?oICG?sF?WOIA?	46	3ffffdefdefff
N??CA?oICG?sF?WOW@?	46	3fffffffffff
N??CA?oICG?sF?WOI@?	46	3fffffffffff
N??CA?oICG?sF?WOH@?	46	3fffffffffff
N??CA?oICG?sF?WOGP?	46	3fffffffffff
N??CA?oICG?sF?SOL??	46	3ffffbbfeefff
N??CA?oICG?sF?SOWO?	46	3ffffffffffd2
N??CA?oICG?sF?SOKO?	46	3fffffffffff
N??CA?oICG?sF?SOHO?	46	3fffffffffff
N??CA?oICG?sF?SOGP?	46	1ffffffffb7fe
N??CA?oICG?sF?OoM??	46	3fffffffffff
N??CA?oICG?sF?OoL??	46	3fffffffffff
N??CA?oICG?sF?OoJ??	46	3fffffffffff
N??CA?oICG?sF?OoWG?	46	fefffffffecfa
N??CA?oICG?sF?OoHG?	46	3fffffffffff
N??CA?oICG?sF?OoWA?	46	3fffffffffff
N??CA?oICG?sF?OoKA?	46	3fffffffffff
N??CA?oICG?sF?OoHA?	46	3fffffffffff
N??CA?oICG?sF?OoW@?	46	feffffffff37c
N??CA?oICG?sF?OoI@?	46	1ffffffffb7fe
N??CA?oICG?sF?OoGB?	46	3fffffffffff
N??CA?oICG?sF?OSL??	46	3ffffdefdefff
N??CA?oICG?sF?OSWO?	46	7fffffffff7f
N??CA?oICG?sF?OSGP?	46	7ffffffeffff
N??CA?oICG?sPOU?T??	46	3fffffffffff
N??CA?oICG?sPOU?EO?	46	3fffffffffff
N??CA?oICG?sPOU?DO?	46	3fffffffffff
N??CA?oICG?sPOU?DG?	46	3ffffdefdefff
N??CA?oICG?sPOU?D@?	46	3fffffffffff
N??CA?oICG?sPOU?CP?	46	fffffffff7fd
N??CA?oICG?sPOU?@P?	46	3fffffffffff
N??CA?oICG?sPOU??X?	46	dffffeffff77c
N??CA?oICGGKY?D_Ag?	46	3ffffdefdefff
N??CA?oICGGKY?D_P@?	46	7ffffffffffe
N??CA?oICGGKY?D_OH?	46	7fffffffff7f
N??CA?oICGGKY?D_OB?	46	7fffffffff7f
N??CA?oICGGKU?H_Q_?	46	3fffffffffff
N??CA?oICGGKU?H_P_?	46	3fffffffffff
N??CA?oICGGKU?H_PO?	46	3fffffffffff
N??CA?oICGGKU?H_@o?	46	3fffffffffff
N??CA?oICGGKU?H_Og?	46	3fffffffffff
N??CA?oICGGKU?H_Ag?	46	3ffffdefdefff
N??CA?oICGGKU?H_?w?	46	3fffffffffff
N??CA?oICGGKU?H_Q@?	46	3fffffffffff
N??CA?oICGGKU?H_P@?	46	3fffffffffff
N??CA?oICGGKU?H_OH?	46	3fffffffffff
N??CA?oICGGKU?H_OB?	46	7ffffffffffb
N??CA?oICGGKU?D_SG?	46	7fffffffefff
N??CA?oICGGKU?D_Cg?	46	3ffffdefdefff
N??CA?oICGGKU?D_S@?	46	3fffffffffff
N??CA?oICGGKU?D_OH?	46	3ffffffffffcc
N??CA?oICGGKU?@oU??	46	7fffffffefff
N??CA?oICGGKU?@oT??	46	7fffffffefff
N??CA?oICGGKU?@oE_?	46	3ffffdefdefff
N??CA?oICGGKU?@oD_?	46	3ffffdefdefff
N??CA?oICGGKU?@oOa?	46	7ffffffffffe
N??CA?oICGGKU?@o?q?	46	7ffffffff7ff
N??CA?oICGGKU?@oS@?	46	3fffffffffff
N??CA?oICGGKU?@oQ@?	46	3ffffffffffcc
N??CA?oICGGKU?@oOB?	46	7ffffffffffe
N??CA?oICGGKU?@cOg?	46	7ffffffffffe
N??CA?oICGGKU?@cS@?	46	7ffffffffffb
N??CA?oICGGKU?@cOH?	46	7ffffffffffe
N??CA?oICGGKT?I_P_?	46	3fffffffffff
N??CA?oICGGKT?I_Oo?	46	7ffffffffeff
N??CA?oICGGKT?I_PG?	46	3fffffffffff
N??CA?oICGGKT?I_BG?	46	3defbfffdea94fcc
N??CA?oICGGKT?I_AW?	46	3effffffffb7e
N??CA?oICGGKT?I_Oa?	46	3fffffffffff
N??CA?oICGGKT?I_@I?	46	37ff6fdff9f0fb52
N??CA?oICGGKT?I_Q@?	46	3fffffffffff
N??CA?oICGGKT?I_P@?	46	7ffffffffffd
N??CA?oICGGKT?I_OP?	46	7fffffffff7f
N??CA?oICGGKT?I_AP?	46	3fffffffffff
N??CA?oICGGKT?I_OH?	46	3fffffffffff
N??CA?oICGGKT?I_@H?	46	3fffffffffff
N??CA?oICGGKT?I_?X?	46	3fffffffffff
N??CA?oICGGKT?I_OB?	46	7ffffffffeff
N??CA?oICGGKT?I_AB?	46	3fffffffffff
N??CA?oICGGKT?E_PO?	46	3fffffffffff
N??CA?oICGGKT?E_SG?	46	3fffffffffff
N??CA?oICGGKT?E_DG?	46	3defbfffdea94fcc
N??CA?oICGGKT?E_S@?	46	3fffffffffff
N??CA?oICGGKT?E_P@?	46	3fffffffffff
N??CA?oICGGKT?E_D@?	46	3fffffffffff
N??CA?oICGGKT?E_CP?	46	3fffffffffff
N??CA?oICGGKT?E_?p?	46	1ffffffffb7fe
N??CA?oICGGKT?E_OH?	46	3ffffffffffcc
N??CA?oICGGKT?E_?X?	46	1ffffffffb7fe
N??CA?oICGGKT?B_T??	46	3fffffffffff
N??CA?oICGGKT?B_SO?	46	3fffffffffff
N??CA?oICGGKT?B_DO?	46	3fffffffffff
N??CA?oICGGKT?B_DG?	46	3ffffdefdefff
N??CA?oICGGKT?B_OW?	46	3effffffffcfe
N??CA?oICGGKT?B_D@?	46	3fffffffffff
N??CA?oICGGKT?B_AP?	46	1ffffffffb7fe
N??CA?oICGGKT?B_@P?	46	ffffffffff74c
N??CA?oICGGKT?B_@H?	46	3fffffffffff
N??CA?oICGGKT?B_?X?	46	1ffffeffff7fd
N??CA?oICGGKT?B_@B?	46	7fffffffefff
N??CA?oICGGKT?AoU??	46	3fffffffffff
N??CA?oICGGKT?AoT??	46	3fffffffffff
N??CA?oICGGKT?AoF??	46	3defbfffdea94fcc
N??CA?oICGGKT?AoD_?	46	3ffffdefdefff
N??CA?oICGGKT?AoPO?	46	3fffffffffff
N??CA?oICGGKT?AoDO?	46	3effffffffb7e
N??CA?oICGGKT?AoOo?	46	3effffffffcfe
N??CA?oICGGKT?AoDA?	46	37ff6fdff9f0fb52
N??CA?oICGGKT?AoOa?	46	3fffffffffff
N??CA?oICGGKT?AoS@?	46	3fffffffffff
N??CA?oICGGKT?AoQ@?	46	3ffffffffffcc
N??CA?oICGGKT?AoP@?	46	3fffffffffff
N??CA?oICGGKT?AoD@?	46	3fffffffffff
N??CA?oICGGKT?Ao@`?	46	3fffffffffff
N??CA?oICGGKT?AoCP?	46	3fffffffffff
N??CA?oICGGKT?AoAP?	46	1ffffffffb7fe
N??CA?oICGGKT?Ao?p?	46	1ffffeffff7fd
N??CA?oICGGKT?AoOB?	46	3fffffffffff
N??CA?oICGGKT?Ao?R?	46	3fffffffffff
N??CA?oICGGKT?AaT??	46	7ffffffffffd
N??CA?oICGGKT?AaF??	46	3fffffffffff
N??CA?oICGGKT?AaD_?	46	3fffffffffff
N??CA?oICGGKT?AaEO?	46	3fffffffffff
N??CA?oICGGKT?AaDO?	46	7ffffffff7ff
N??CA?oICGGKT?AaBO?	46	3fffffffffff
N??CA?oICGGKT?AaSG?	46	3fffffffffff
N??CA?oICGGKT?AaPG?	46	3fffffffffff
N??CA?oICGGKT?AaDG?	46	3fffffffffff
N??CA?oICGGKT?Aa@g?	46	3fffffffffff
N??CA?oICGGKT?AaCW?	46	3fffffffffff
N??CA?oICGGKT?AaAW?	46	1ffffffffb7fe
N??CA?oICGGKT?AaSA?	46	7ffffffffeff
N??CA?oICGGKT?AaEA?	46	3fdffffffb7fe
N??CA?oICGGKT?AaPA?	46	fefffffffecfa
N??CA?oICGGKT?AaCQ?	46	7ffffffeffff
N??CA?oICGGKT?Aa@Q?	46	fffffef7ce7ff
N??CA?oICGGKT?AaOI?	46	3fffffffffff
N??CA?oICGGKT?Aa?Y?	46	3fffffffffff
N??CA?oICGGKR?I_Q@?	46	7ffffffffffe
N??CA?oICGGKR?CaT??	46	3fffffffffff
N??CA?oICGGKR?CaR??	46	3fffffffffff
N??CA?oICGGKR?CaF??	46	3fffffffffff
N??CA?oICGGKR?CaSG?	46	3fffffffffff
N??CA?oICGGKR?CaQG?	46	3ffffffffffcc
N??CA?oICGGKR?CaEG?	46	3fffffffffff
N??CA?oICGGKR?CaDG?	46	3fdffffffb7fe
N??CA?oICGGKR?CaSA?	46	7fffffffefff
N??CA?oICGGKR?CaOa?	46	7ffffffffffb
N??CA?oICGGKR?CaOI?	46	3fffffffffff
N??CA?oICGW@T?AoCg?	46	3fffffffffff
N??CA?oICGW@T?AoCW?	46	3fffffffffff
N??CA?oICGW@T?AoDC?	46	fffffffdf7ff
N??CA?oICGW@T?Ao?[?	46	3effffffffb7e
N??CA?oICGW@T?AoEA?	46	fffffffff77f
N??CA?oICGW@T?Ao?i?	46	3ffffffffffcc
N??CA?oICGW@F?CoDO?	46	3fffffffffff
N??CA?oICGW@F?CoDG?	46	7ffffffffffe
N??CA?oICGW@F?CoDC?	46	3fffffffdef7e
N??CA?oICGW@F?CoCc?	46	7fffffffff7f
N??CA?oICGW@F?Co@c?	46	7fffffffff7f
N??CA?oICGW@F?CoCS?	46	3fffffffffff
N??CA?oICGW@F?CoDA?	46	3fffffffdef7e
N??CA?oICGW@F?CoCa?	46	7fffffffff7f
N??CA?oICGW@F?CoCQ?	46	3fffffffffff
N??CA?oICGW@F?Co?q?	46	3fffffffffff
N??CA?oICGW@F?CoCI?	46	7fffffffff7f
N??CA?oICGW@F?Co@I?	46	7fffffffff7f
N??CA?oICGW@F?CoCE?	46	3fffffffe777f
N??CA?oICGW@F?Co@E?	46	3fffffffe777f
N??CA?oICGW@F?Co?U?	46	3fffffffffff
N??CA?oICGW@D_EO@o?	46	3ffffffe97fff
N??CA?oICGW@D_EO?w?	46	3faeffff75e937d2
N??CA?oICGW@D_EODC?	46	effefffffeefa
N??CA?oICGW@D_EOCK?	46	7fffffffff7f
N??CA?oICGW@D_EO@K?	46	7fffffffff7f
N??CA?oICGW@D_EODA?	46	effefffffeefa
N??CA?oICGW@D_EOCa?	46	3fffffffffff
N??CA?oICGW@D_EOCI?	46	7fffffffff7f
N??CA?oICGW@D_EOCE?	46	ffffffffff74c
N??CA?oICGW@D_EO@E?	46	ffffffffff74c
N??CA?oICGW@D_BOL??	46	3fffffffffff
N??CA?oICGW@D_BOF??	46	3fffffffffff
N??CA?oICGW@D_BOBO?	46	3ffffffe97fff
N??CA?oICGW@D_BOCW?	46	3fffffffffff
N??CA?oICGW@D_BO@W?	46	3defbfffdea94fcc
N??CA?oICGW@D_BODC?	46	3fffffffffff
N??CA?oICGW@D_BO?[?	46	1ffffeffff7fd
N??CA?oICGW@D_BOEA?	46	3fffffffffff
N??CA?oICGW@D_BODA?	46	3fffffffffff
N??CA?oICGW@D_BOAQ?	46	3fffffffffff
N??CA?oICGW@D_BOCI?	46	3fffffffffff
N??CA?oICGW@D_BOCE?	46	3fffffffffff
N??CA?oICGW@D_BO@E?	46	3fffffffffff
N??CA?oICGW@D_BO?U?	46	3fffffffffff
N??CA?oICGW@SOB_Cg?	46	3fffffffffff
N??CA?oICGW@SOB_DC?	46	ffffffff0e7ff
N??CA?oICGW@SOB_EA?	46	fbffbfffff77c
N??CA?oICGW@SOB_?i?	46	3ffffffffffcc
N??CA?oICGW@DOAoF??	46	7ffffffffffe
N??CA?oICGW@DOAoDC?	46	7fffffffff7f
N??CA?oICGW@DOAoCE?	46	7fffffff7fff
N??CA?oICGW@@oF?BO?	46	3ffffffe97fff
N??CA?oICGW@@oF?CW?	46	3ffffffff7efc
N??CA?oICGW@@oF?AW?	46	3faeffff75e937d2
N??CA?oICGW@@oF??[?	46	dffffeffff77c
N??CA?oICGW@BGCoL??	46	7fffffffff7f
N??CA?oICGW@BGCoEO?	46	3fffffffffff
N??CA?oICGW@BGCoDO?	46	3fffffffffff
N??CA?oICGW@BGCoDG?	46	7fffffffff7f
N??CA?oICGW@BGCoBG?	46	7fffffffff7f
N??CA?oICGW@BGCoEA?	46	3fffffffe777f
N??CA?oICGW@BGCo@a?	46	3fffffffd77fd
N??CA?oICGW@BGCo@I?	46	7fffffff7fff
N??CA?oICGW@CWB_F??	46	effefffffeefa
N??CA?oICGW@CWB_D_?	46	3ffffffffffd2
N??CA?oICGW@CWB_@o?	46	2ffdeff7fe70fccc
N??CA?oICGW@CWB_DG?	46	7fffffffff7f
N??CA?oICGW@CWB_BG?	46	7fffffffff7f
N??CA?oICGW@CWB_EA?	46	ffffffffff74c
N??CA?oICGW@CWB_BA?	46	ffffffffff74c
N??CA?oICGW@CWB_?q?	46	37ff6fdff9f0fb52
N??CA?oICGW@CWB_@I?	46	7fffffff7fff
N??CA?oICGW@CWBODO?	46	7fffffffff7f
N??CA?oICGW@AWD_F??	46	effefffffeefa
N??CA?oICGW@AWD_D_?	46	3fffffffffff
N??CA?oICGW@AWD_EG?	46	7fffffffff7f
N??CA?oICGW@AWD_DG?	46	ffffffffff74c
N??CA?oICGW@AWD_?w?	46	5fffdeffff7fd
N??CA?oICGW@AWD_@a?	46	3fffffffffff
N??CA?oICGW@AWD_?q?	46	3fffffffffff
N??CA?oICGW@AWD_CI?	46	ffffffffe7fe1
N??CA?oICGW@AWD_AI?	46	7fffffff7fff
N??CA?oICGW@AWD_@I?	46	ffffffffd787f
N??CA?oICGW@@WE_F??	46	3fffffffeeffc
N??CA?oICGW@@WE_D_?	46	3fffffffffff
N??CA?oICGW@@WE_EO?	46	7fffffffff7f
N??CA?oICGW@@WE_DO?	46	7fffffffff7f
N??CA?oICGW@@WE_EG?	46	7fffffffff7f
N??CA?oICGW@@WE_DG?	46	7fffffffff7f
N??CA?oICGW@@WE_BG?	46	7fffffffff7f
N??CA?oICGW@@WE_@a?	46	3fffffffffff
N??CA?oICGW@@WE_CI?	46	ffffffff6fff
N??CA?oICGW@@WE_AI?	46	7fffffff7fff
N??CA?oICGW@@WE_@I?	46	7fffffff7fff
N??CA?oICGQ@Y?@oH_?	46	3fffffffffff
N??CA?oICGQ@Y?@oGo?	46	3ffff7dfdf7ff
N??CA?oICGQ@Y?@oHG?	46	effefffffeefa
N??CA?oICGQ@Y?@o@g?	46	3fffffffffff
N??CA?oICGQ@Y?@o@c?	46	3fffffffffff
N??CA?oICGQ@Y?@o?s?	46	3ffffffffffd2
N??CA?oICGQ@Y?@oGK?	46	7fffffffff7f
N??CA?oICGQ@Y?@o@K?	46	7ffffffff7ff
N??CA?oICGQ@Y?@oHA?	46	fbffbfffff77c
N??CA?oICGQ@Y?@oGa?	46	3fffffffffff
N??CA?oICGQ@Y?@oAa?	46	3fffffffffff
N??CA?oICGQ@Y?@o@a?	46	3fffffffffff
N??CA?oICGQ@Y?@oGI?	46	ffffffffff74c
N??CA?oICGQ@Y?@o?i?	46	3fffffffffff
N??CA?oICGQ@Y?@o@E?	46	fffffbbfce7ff
N??CA?oICGQ@Y?@o?M?	46	7ffffffeffff
N??CA?oICGQ@U?@oGo?	46	2ffdeff7fe70fccc
N??CA?oICGQ@U?@o@o?	46	3ffffffe97fff
N??CA?oICGQ@U?@o@g?	46	3ffffffe97fff
N??CA?oICGQ@U?@o@c?	46	3fffffffffff
N??CA?oICGQ@U?@oKA?	46	7ffffffff7ff
N??CA?oICGQ@U?@oGa?	46	3fffffffffff
N??CA?oICGQ@U?@oCa?	46	3fffffffffff
N??CA?oICGQ@T?AoH_?	46	3fffffff0ffff
N??CA?oICGQ@T?AoHO?	46	3fffffff0ffff
N??CA?oICGQ@T?AoGg?	46	2ffdeff7fe70fccc
N??CA?oICGQ@T?Ao@g?	46	3ffffffe97fff
N??CA?oICGQ@T?Ao@c?	46	3fffffffffff
N??CA?oICGQ@T?Ao@S?	46	3fffffffffff
N??CA?oICGQ@T?AoCa?	46	ffffffffe7ff
N??CA?oICGQ@T?Ao@a?	46	3fffffffffff
N??CA?oICGQ@T?AoCQ?	46	3fffffffffff
N??CA?oICGQ@R?AoIO?	46	3fffffff0ffff
N??CA?oICGQ@R?AoKC?	46	7ffffffffffe
N??CA?oICGQ@R?AoCc?	46	3fffffffffff
N??CA?oICGQ@R?AoKA?	46	fffffffff7fe
N??CA?oICGQ@R?AoAa?	46	3fffffffffff
N??CA?oICGQ@R?AoGE?	46	7ffffffff7ff
N??CA?oICGQ@R?AoCE?	46	7ffffffff7ff
N??CA?oICGQ@F?OoH_?	46	3fffffff0ffff
N??CA?oICGQ@F?OoHO?	46	3fffffff0ffff
N??CA?oICGQ@F?OoGc?	46	3ffffffffffcc
N??CA?oICGQ@F?OoGa?	46	3fffffffffff
N??CA?oICGQ@P_QODC?	46	fbffbfffff77c
N??CA?oICGQ@P_QOCK?	46	7fffffffff7f
N??CA?oICGQ@P_QOCE?	46	fffeff7fd7e7f
N??CA?oICGQ@P_BOBO?	46	3ffffffe97fff
N??CA?oICGQ@P_BOBG?	46	3ffffffe97fff
N??CA?oICGQ@P_BOCW?	46	3fffffffffff
N??CA?oICGQ@P_BO@W?	46	3defbfffdea94fcc
N??CA?oICGQ@P_BODC?	46	3fffffffffff
N??CA?oICGQ@P_BOBC?	46	3fffffffffff
N??CA?oICGQ@P_BOGS?	46	3effffffffb7e
N??CA?oICGQ@P_BO?[?	46	1ffffeffff7fd
N??CA?oICGQ@P_BOKA?	46	3fffffffffff
N??CA?oICGQ@P_BOEA?	46	3fffffffffff
N??CA?oICGQ@P_BOBA?	46	3fffffffffff
N??CA?oICGQ@P_BOCI?	46	3fffffffffff
N??CA?oICGQ@P_BO?U?	46	3fffffffffff
N??CA?oICGQ@D_QOH_?	46	37ff6fdff9f0fb52
N??CA?oICGQ@B_QOI_?	46	3fffffff0ffff
N??CA?oICGQ@B_QOGo?	46	37ff6fdff9f0fb52
N??CA?oICGQ@B_QOKC?	46	ffffffff7ffe
N??CA?oICGQ@B_POM??	46	3fffffffffff
N??CA?oICGQ@B_POHO?	46	37ff6fdff9f0fb52
N??CA?oICGQ@B_POKC?	46	ffffffff7f7f
N??CA?oICGQ@B_POGS?	46	3effffffffb7e
N??CA?oICGQ@B_POKA?	46	fffffffef7ff
N??CA?oICGQ@WOB_J??	46	7ffffffdffff
N??CA?oICGQ@WOB_I_?	46	fffffffdf7ff
N??CA?oICGQ@WOB_H_?	46	fffffffdefff
N??CA?oICGQ@WOB_Go?	46	3fffffffdef7e
N??CA?oICGQ@WOB_HG?	46	effefffffeefa
N??CA?oICGQ@WOB_HC?	46	7ffffffffffe
N??CA?oICGQ@WOB_Gc?	46	3fffffffffff
N??CA?oICGQ@WOB_GK?	46	ffffffffff74c
N??CA?oICGQ@WOB_HA?	46	fbffbfffff77c
N??CA?oICGQ@WOB_Ga?	46	3fffffffffff
N??CA?oICGQ@WOB_GI?	46	ffffffffff74c
N??CA?oICGQ@WOB_GE?	46	ffffffffff74c
N??CA?oICGQ@SOB_H_?	46	3fffffff0ffff
N??CA?oICGQ@SOB_Go?	46	2ffdeff7fe70fccc
N??CA?oICGQ@SOB_Gg?	46	2ffdeff7fe70fccc
N??CA?oICGQ@SOB_KA?	46	ffffffff7ffe
N??CA?oICGQ@SOB_Ga?	46	3fffffffffff
N??CA?oICGQ@POQ_DC?	46	3fffffffdf6fe
N??CA?oICGQ@POQ_CQ?	46	3fffffffffff
N??CA?oICGQ@POQ_CE?	46	3fffffffcff7d
N??CA?oICGQ@QG@oL??	46	fbffbfffff77c
N??CA?oICGQ@QG@oI_?	46	3ffffffffffcc
N??CA?oICGQ@QG@oD_?	46	3fffffffffff
N??CA?oICGQ@QG@oGo?	46	3effffffffb7e
N??CA?oICGQ@QG@oKG?	46	7fffffffff7f
N??CA?oICGQ@QG@oDG?	46	7ffffffff7ff
N??CA?oICGQ@QG@o?w?	46	5fffdeffff7fd
N??CA?oICGQ@QG@oHA?	46	fffffbbfce7ff
N??CA?oICGQ@QG@o?q?	46	3fffffffffff
N??CA?oICGQ@QG@oCI?	46	7ffffffeffff
N??CA?oICGQ@PGAoL??	46	7ffffffffffe
N??CA?oICGQ@PGAoD_?	46	3fffffffffff
N??CA?oICGQ@PGAoB_?	46	3fffffffffff
N??CA?oICGQ@PGAoDO?	46	3fffffffffff
N??CA?oICGQ@PGAoDG?	46	7ffffffff7ff
N??CA?oICGQ@PGAoAW?	46	1ffffffffb7fe
N??CA?oICGQ@PGAo?w?	46	1ffffeffff7fd
N??CA?oICGQ@PGAoHA?	46	7ffffffff7ff
N??CA?oICGQ@PGAoCI?	46	7ffffffeffff
N??CA?oICGQ@PGAo@I?	46	fffffffdfffb
N??CA?oICGQ@BGOoL??	46	fffffffffffa
N??CA?oICGQ@BGOoI_?	46	3ffffffffffcc
N??CA?oICGQ@BGOoKA?	46	ffffffffff7e
N??CA?oICGQ@OWB_L??	46	7ffffffffffe
N??CA?oICGQ@OWB_I_?	46	3ffffffffffcc
N??CA?oICGQ@OWB_Go?	46	feffffffff37c
N??CA?oICGQ@OWB_KA?	46	ffffffffff74c
N??CA?oICGQ@OWB_HA?	46	fffffffff7fb
N??CA?oICGQ@QC@oI_?	46	3ffffbbfeefff
N??CA?oICGQ@QC@oE_?	46	3ffffef7ef7ff
N??CA?oICGQ@QC@oH_?	46	3ffffffffffcc
N??CA?oICGQ@QC@oHG?	46	ffffffffff74c
N??CA?oICGQ@QC@o@g?	46	1ffffffffb7fe
N??CA?oICGQ@QC@oDC?	46	fffffbbfce7ff
N??CA?oICGQ@QC@o?s?	46	37ff6fdff9f0fb52
N??CA?oICGQ@QC@oCK?	46	7ffffffeffff
N??CA?oICGQ@PCAoL??	46	fffffffff7fe
N??CA?oICGQ@PCAoE_?	46	ffffffffe7ff
N??CA?oICGQ@PCAoH_?	46	3ffffffffffcc
N??CA?oICGQ@PCAoB_?	46	3fffffffffff
N??CA?oICGQ@PCAoKO?	46	3fffffffffff
N??CA?oICGQ@PCAoEO?	46	3fffffffffff
N??CA?oICGQ@PCAoHO?	46	3ffffffffffcc
N??CA?oICGQ@PCAoCo?	46	3fffffffffff
N??CA?oICGQ@PCAoDG?	46	fffffffff77f
N??CA?oICGQ@PCAoGg?	46	3ffffffffffcc
N??CA?oICGQ@PCAoCg?	46	3fffffffffff
N??CA?oICGQ@PCAoCW?	46	3fffffffffff
N??CA?oICGQ@PCAo@W?	46	1ffffffffb7fe
N??CA?oICGQ@PCAoKC?	46	fffffffeff7f
N??CA?oICGQ@PCAoHC?	46	7ffffffff7ff
N??CA?oICGQ@PCAoDC?	46	7ffffffff7ff
N??CA?oICGQ@PCAoCK?	46	7ffffffeffff
N??CA?oICGQ@OSB_L??	46	fbffbfffff77c
N??CA?oICGQ@OSB_I_?	46	fffffffff7fd
N??CA?oICGQ@OSB_H_?	46	3ffffffffffcc
N??CA?oICGQ@OSB_Go?	46	ffffffffff74c
N??CA?oICGQ@OSB_KC?	46	ffffffffff74c
N??CA?oICGQ@OSB_IC?	46	fffffffff7fb
N??CA?oICGQ@OSB_HC?	46	7ffffffff7ff
N??CAAAW@_QOF?BO?L?	46	3ffffffffffcc
N??CAAAW@_QOBGBOL??	46	3fffffffffff
N??CAAAW@_QOBGBOF??	46	3ffff7dfdf7ff
N??CAAAW@_QOBGBOIG?	46	3fffffff0ffff
N??CAAAW@_QOBGBO@g?	46	3faeffff75e937d2
N??CAAAW@_QOBGBOEA?	46	ffffffff0e7ff
N??CAAAW@_QOBGBODA?	46	3fffffffffff
N??CAAAW@_QOBGBOGI?	46	ffffffffff74c
N??CAAAW@_QOBGBOCI?	46	ffffffffff74c
N??CAAAW@_QOBGBOK@?	46	fbffbfffff77c
N??CAAAW@_QOBGBOAH?	46	3ffffffffffcc
N??CAAAW@_QOBGBOGB?	46	fffffbbfce7ff
N??CAAAW@_QOBGBO?J?	46	7ffffffdffff
N??CE@AK@OA_a_PO@c?	46	3ff8ffe76cfdf6e1
N??CE@AK@OA_a_PODA?	46	2ffdeff7fe70fccc
N??CE@AK@OA_a_HCI_?	46	effefffffeefa
N??CE@AK@OA_a_HCIG?	46	3ffff7dfdf7ff
N??CE@AK@OA_a_HCBG?	46	3fffffffffff
N??CE@AK@OA_a_HCAg?	46	77ffebfffeffb
N??CE@AK@OA_a_HAAK?	46	3fffffffd77fd
N??CE@AK@OA_a_HAI?_	46	ffffffffff7b
N??CE@AK@OA_a_HAAG_	46	7fffffffefff
N??CE@AK@OA_a_BAKG?	46	2ffdeff7fe70fccc
N??CE@AK@OA_a_BACg?	46	3ffffffe97fff
N??CE@AK@OA_a_BACK?	46	3faeffff75e937d2
N??CE@AK@OA_a_BAAK?	46	3ffffffff7efc
N??CE@AK@OA_a_BACI?	46	1ffffffffb7fe
N??CE@AK@OA_a_BAAI?	46	7fffffffefff
N??CE@AK@OA_a_BA?M?	46	fffdf7ffff77c
N?AA@?Oa?WW_[??wDA?	46	ffffffffe7ff
N?AA@?Oa?WW_[??w@Q?	46	3fffffffcfefb
N?AA@?Oa?WW_[??wAI?	46	3fffffffffff
N?AA@?Oa?WW_[??w@I?	46	3fffffffffff
N?AA@?Oa?WW_[??w?M?	46	3fffffffffff
N?AA@?Oa?WW_[??wCB?	46	fffffffdf7ff
N?AA@?Oa?WW_[??w?R?	46	3fffffffdef7e
N?AA@?Oa?WW_[??w?J?	46	3fffffffffff
N?AA@?Oa?WW_M??wEO?	46	7fffffff7fff
N?AA@?Oa?WW_M??wEG?	46	ffffffffd787f
N?AA@?Oa?WW_M??wCW?	46	7fffffff7fff
N?AA@?Oa?WW_M??wAW?	46	7fffffff7fff
N?AA@?Oa?WW_M??wCK?	46	ffffffffe7fe1
N?AA@?Oa?WW_M??w?[?	46	ffffffff7ffe
N?AA@?Oa?WW_M??wKA?	46	ffffffffe7ff
N?AA@?Oa?WW_M??wCQ?	46	3fffffffffff
N?AA@?Oa?WW_M??wGI?	46	3fffffffffff
N?AA@?Oa?WW_M??wAI?	46	3fffffffffff
N?AA@?Oa?WW_M??w?Y?	46	3fffffffffff
N?AA@?Oa?WW_M??w?M?	46	3fffffffffff
N?AA@?Oa?WW_M??w?R?	46	3ffffffff7efc
N?AA@?Oa?WW_W_CWEA?	46	3fffffffffff
N?AA@?Oa?WW_W_CWBA?	46	3ffdbfe5c7bf06fd
N?AA@?Oa?WW_W_CWAI?	46	3ffff7dfdf7ff
N?AA@?Oa?WW_W_CWAB?	46	3ff8ffe76cfdf6e1
N?AA@?Oa?WW_K_?wBG?	46	7fffffff7fff
N?AA@?Oa?WW_K_?wDA?	46	3fffffffffff
N?AA@?Oa?WW_K_?wAI?	46	3fffffffffff
N?AA@?Oa?WW_K_?wCB?	46	3fffffffffff
N?AA@?Oa?WW_I_CWEO?	46	7fffffff7fff
N?AA@?Oa?WW_I_CWAW?	46	7fffffff7fff
N?AA@?Oa?WW_I_CWAS?	46	7fffffff7fff
N?AA@?Oa?WW_I_CWIA?	46	3bfffffbf7ffd
N?AA@?Oa?WW_I_CWEA?	46	3fffffffffff
N?AA@?Oa?WW_I_CWAQ?	46	1ffffff7efffd
N?AA@?Oa?WW_I_CWAI?	46	3fffffffffff
N?AA@?Oa?WW_WOCgEA?	46	7ffffffff7ff
N?AA@?Oa?WW_KOGgBO?	46	7fffffff7fff
N?AA@?Oa?WW_KOGg@W?	46	7fffffff7fff
N?AA@?Oa?WW_KOGg@K?	46	ffffffffe7fe1
N?AA@?Oa?WW_KOGgIA?	46	7ffffffff7ff
N?AA@?Oa?WW_KOGgBA?	46	fffffbbfce7ff
N?AA@?Oa?WW_KOGgAQ?	46	3fffffffffff
N?AA@?Oa?WW_KOGgGE?	46	3fffffffffff
N?AA@?Oa?WW_KOGg@E?	46	3ffffdefdefff
N?AA@?Oa?WW_KOGg?M?	46	3ffffffffffd2
N?AA@?Oa?WW_KOGgAB?	46	ffffffffc87ff
N?AA@?Oa?WW_KOGg?J?	46	3ffff7dfdf7ff
N?AA@?Oa?WW_KOGg?F?	46	3ffff7dfdf7ff
N?AA@?Oa?WW_IOCgM??	46	7ffffffeffff
N?AA@?Oa?WW_IOCgEO?	46	ffffffffe7fe1
N?AA@?Oa?WW_IOCgEG?	46	ffffffffd787f
N?AA@?Oa?WW_IOCgEC?	46	ffffffffd787f
N?AA@?Oa?WW_IOCgEA?	46	3fffbffbf7f7f
N?AA@?Oa?WW_GoKGBO?	46	7fffffff7fff
N?AA@?Oa?WW_GoKGBG?	46	ffffffffd787f
N?AA@?Oa?WW_GoKGIA?	46	1ffffff7efffd
N?AA@?Oa?WW_GoKGBA?	46	3ffdbf739b7ee87d
N?AA@?Oa?WW_GoKGAQ?	46	3fffffffffff
N?AA@?Oa?WW_GoKGAB?	46	3ffdbfe5c7bf06fd
N?AA@?Oa?WW_GoCgF??	46	ffffffff7ffe
N?AA@?Oa?WW_GoCgEA?	46	7fffffffff7f
N?AA@?Oa?WW_KC?wM??	46	7ffffffff7ff
N?AA@?Oa?WW_KC?wL??	46	ffffffffe7ff
N?AA@?Oa?WW_KC?wF??	46	fffffffdf7ff
N?AA@?Oa?WW_KC?wEO?	46	3fffffffffff
N?AA@?Oa?WW_KC?wDO?	46	3fffffffffff
N?AA@?Oa?WW_KC?wIG?	46	3fffffffffff
N?AA@?Oa?WW_KC?wHG?	46	3fffffffffff
N?AA@?Oa?WW_KC?wDG?	46	3fffffffffff
N?AA@?Oa?WW_KC?wBG?	46	3fffffffffff
N?AA@?Oa?WW_KC?wAW?	46	3fffffffffff
N?AA@?Oa?WW_KC?w@W?	46	3fffffffffff
N?AA@?Oa?WW_KC?wGK?	46	7ffffffffffd
N?AA@?Oa?WW_KC?w@K?	46	3fffffffffff
N?AA@?Oa?WW_KC?w?[?	46	7ffffffffffe
N?AA@?Oa?WW_KC?wK@?	46	fffffffdf7ff
N?AA@?Oa?WW_KC?wE@?	46	fffffffcffff
N?AA@?Oa?WW_KC?wCP?	46	3fffffffffff
N?AA@?Oa?WW_KC?w@P?	46	3ffffffff7efc
N?AA@?Oa?WW_KC?wGH?	46	3fffffffffff
N?AA@?Oa?WW_KC?wCH?	46	3fffffffffff
N?AA@?Oa?WW_KC?wAH?	46	3fffffffffff
N?AA@?Oa?WW_KC?w?X?	46	3fffffffffff
N?AA@?Oa?WW_KC?w?L?	46	3fffffffffff
N?AA@?Oa?WW_GcCWM??	46	3fffffffffff
N?AA@?Oa?WW_GcCWJ??	46	3bfffffbf7ffd
N?AA@?Oa?WW_GcCWF??	46	3fffffffffff
N?AA@?Oa?WW_GcCWEO?	46	3fffffffffff
N?AA@?Oa?WW_GcCWBO?	46	1ffffff7efffd
N?AA@?Oa?WW_GcCWIG?	46	7fffffffff7f
N?AA@?Oa?WW_GcCWBG?	46	3fffffffffff
N?AA@?Oa?WW_GcCWAW?	46	3fffffffffff
N?AA@?Oa?WW_GcCWBC?	46	3fffffffffff
N?AA@?Oa?WW_GcCWI@?	46	2ffeffffffefb
N?AA@?Oa?WW_GcCWE@?	46	3fffffffffff
N?AA@?Oa?WW_GcCWAP?	46	37fffbfffeffb
N?AA@?Oa?WW_GcCWAH?	46	3fffffffffff
N?AA@?Oa?WW_GSCgM??	46	3fffffffffff
N?AA@?Oa?WW_GSCgF??	46	3fffbffbf7f7f
N?AA@?Oa?WW_GSCgEO?	46	7edfffffffcfe
N?AA@?Oa?WW_GSCgEC?	46	7bffdffbf7ffd
N?AA@?Oa?WW_GSCgE@?	46	2fffff7ff7ffb
