N????B?M@K[?EO@oR??	46	7ffffffff7ff
N????B?M@K[?EO@oWG?	46	3fffffffffff
N????B?M@K[?DOAoY??	46	7fffffffff7f
N????B?M@K[?DOAoWG?	46	3fffffffffff
N????B?M@KU?BOOoY??	46	7ffffffffffd
N????B?M@KU?BOOoW_?	46	3fffffffffff
N????B?M@KU?BOOoWO?	46	7ffffffff7ff
N????B?M@KU?BOOoBO?	46	3ffffffffffcc
N????B?M@KU?BOOoAo?	46	3ffffffffffcc
N????B?M@KU?BOOoWG?	46	3fffffffffff
N????B?M@KU?BOOoQC?	46	ffffffff6fff
N????B?M@KU?@oQOY??	46	7ffffffff7ff
N????B?M@KU?@oQOW_?	46	3fffffffffff
N????B?M@KU?@oQOB_?	46	3ffffffffffcc
N????B?M@KU?@oQOWG?	46	3fffffffffff
N????B?M@KU?@oQOWC?	46	7ffffffdffff
N????B?M@KU?@oQOQC?	46	fffffffdfffb
N????B?M@KSGF?OoY??	46	3fffffffffff
N????B?M@KSGF?OoW_?	46	3fffffffffff
N????B?M@KSGF?OoWO?	46	7ffffffffffe
N????B?M@KSGF?OoWG?	46	7ffffffffffe
N????B?M@KSGF?OoBG?	46	3ffffffffffcc
N????B?M@KSGF?OoWC?	46	7ffffffffffe
N????B?M@KSGF?OoBC?	46	7ffffffeffff
N????B?M@KSGEOP_Y??	46	3fffffffffff
N????B?M@KSGEOP_WG?	46	3fffffffffff
N????B?M@KSGDOQ_Y??	46	3fffffffffff
N????B?M@KSGDOQ_X??	46	7ffffffffffd
N????B?M@KSGDOQ_WG?	46	3fffffffffff
N????B?gGwBOPOGoS_?	46	7ffffffff7ff
N????B?gGwBOPOGoGg?	46	7ffffffdffff
N????B?gGwAWR?GoT??	46	7ffffffeffff
N????B?gGwAWR?GoB_?	46	ffffffffc87ff
N????B?gGwAWB_WOY??	46	7ffffffff7ff
N???C@?wAaDCB_D_P_?	46	3fffffffffff
N???C@?wAaDCB_D_@g?	46	3fffffffffff
N???C@?wAaDCB_D_DC?	46	7ffffffff7ff
N???C@?wAaDCB_D_BC?	46	3fffffffffff
N???C@?wAaDCB_D_Cc?	46	3fffffffffff
N???C@?wAaDCB_D_Ac?	46	3fffffffffff
N???C@?wAaDCB_D_@K?	46	7ffffffdffff
N???C@?wAa@cI_D_R??	46	3fffffffffff
N???C@?wAa@cI_D_PO?	46	3fffffffffff
N???C@?wAa@cI_D_DO?	46	3fffffffffff
N???C@?wAa@cI_D_Oo?	46	3fffffffffff
N???C@?wAa@cI_D_BC?	46	3fffffffffff
N???C@?wAa@cI_D_Oc?	46	7fffffffff7f
N???C@?wAa@cI_D_CS?	46	3fffffffffff
N???C@?wAa@cB_K_PO?	46	3fffffffffff
N???C@?wAa@cB_K_PC?	46	7ffffffffffd
N???C@?wAa@cB_K_DC?	46	3fffffffffff
N???CB?W?wB_K_AoW_?	46	3fffffffffff
N???CB?W?wB_K_AoK_?	46	3ffff7dfdf7ff
N???CB?W?wB_K_AoGc?	46	3fffffffffff
N???CB?W?wB_K_AoWA?	46	fbffbfffff77c
N???CB?W?wB_K_?sPC?	46	fffffffff6ff
N???CB?W?wB_E_GoOo?	46	2ffdeff7fe70fccc
N???CB?W?wB_E_GoGo?	46	3ffff7dfdf7ff
N???CB?W?wB_E_GoCo?	46	3faeffff75e937d2
N???CB?W?wB_E_GoGc?	46	3ffffffffe67f
N???CB?W?wB_E_GoOa?	46	7ffffffff7ff
N???CB?W?wEOCoB_D_?	46	3faeffff75e937d2
N???CB?W?wEOCoB_SG?	46	3fffffff0ffff
N???CB?W?wEOCoB_KC?	46	3fffffff0ffff
N???CB?W?wEOCoB_WA?	46	3bffbffffff7d
N???CB?W?wBOM?@oK_?	46	3ffff7dfdf7ff
N???CB?W?wBOM?@o?w?	46	3faeffff75e937d2
N???CB?W?wBOM?@oOc?	46	3ffffffffffcc
N???CB?W?wBOM?@oGc?	46	3fffffffffff
N???CB?W?wBOL?GoWC?	46	3fffffffffff
N???CB?W?wBOL?GoGK?	46	3fffffffffff
N???CB?W?wBOL?Go?k?	46	3fffffffffff
N???CB?W?wBOL?GoOE?	46	3fffffffffff
N???CB?W?wBOL?Go?e?	46	3fffffffffff
N???CB?W?wBOL?AoK_?	46	3ffff7dfdf7ff
N???CB?W?wBOL?AoGc?	46	3fffffffffff
N???CB?W?wBOL?AoWA?	46	3bffbffffff7d
N???CB?W?wBOL?@o[??	46	3fffffffffff
N???CB?W?wBOL?@oL??	46	3ffff7dfdf7ff
N???CB?W?wBOL?@oDO?	46	3faeffff75e937d2
N???CB?W?wBOL?@o@W?	46	3faeffff75e937d2
N???CB?W?wBOL?@oKC?	46	3fffffff0ffff
N???CB?W?wBOL?@oHC?	46	3fffffffffff
N???CB?W?wBOL?@oGK?	46	3ffffffffffcc
N???CB?W?wBOL?@oWA?	46	3bffbffffff7d
N???CB?W?wBOL?@oOE?	46	3ffffbbfeefff
N???CB?W?wBOL??sWC?	46	3bffbffffff7d
N???CB?W?wBOL??sSC?	46	3fffffffffff
N???CB?W?wBOL??sPC?	46	3fffffffffff
N???CB?W?wBOD_IOOo?	46	2ffdeff7fe70fccc
N???CB?W?wBOD_IOGo?	46	3ffff7dfdf7ff
N???CB?W?wBOD_IOCo?	46	3faeffff75e937d2
N???CB?W?wBOKOH_WC?	46	7ffffffffffe
N???CB?W?wBOKOH_GK?	46	7ffffffff7ff
N???CB?W?wBOKOH_OI?	46	7ffffffff7ff
N???CB?W?wBOKOH_GI?	46	7ffffffff7ff
N???CB?W?wBOKOH_OE?	46	7ffffffff7ff
N???CB?W?wBOKOH_?M?	46	7ffffffdffff
N???CB?WD@BGD_B_M??	46	7ffffffffffe
N???CB?WD@BGD_B_K_?	46	fffffffffffc
N???CB?KF?J?@oB_F??	46	7ffffffffffe
N???CB?KF?J?@oB_EC?	46	fbffbfffff77c
N???CB?KF?J?@oB_DC?	46	7ffffffff7ff
N???CB?KF?J?@oB_DA?	46	7ffffffff7ff
N???CB?KF?F?B_@oI_?	46	3fffffffffff
N???CB?KF?F?B_@oAg?	46	3fffffffffff
N???CB?KF?F?B_@oBC?	46	7ffffffff7ff
N???CB?KF?F?B_@oGc?	46	3fffffffffff
N???CB?KF?F?B_@oAc?	46	3fffffffffff
N???CB?KF?F?B_@oGa?	46	3fffffffffff
N???CB?KAWM?I_@oAK?	46	3fffffffffff
N???CB?KAWM?I_@o?k?	46	7fffffffff7f
N???CB?KAWM?I_@o?[?	46	3fffffffffff
N???CB?KAWM?I_@oAI?	46	3fffffffffff
N???CB?KAWM?I_@o?M?	46	3fffffffffff
N???CB?KAWM?GoB_OW?	46	3fffffffffff
N???CB?KAWM?GoB_AK?	46	7ffffffff7ff
N???CB?KAWM?GoB_@K?	46	3fffffffffff
N???CB?KAWM?GoB_?[?	46	3fffffffffff
N???CB?KAWM?GoB_?M?	46	7ffffffdffff
N???CB?KAWM??sB_OW?	46	3fffffffffff
N???CB?KAWM??sB_CK?	46	7ffffffdffff
N???CB?KAWM??sB_@K?	46	3fffffffffff
N???CB?KAWM??sB_?[?	46	3fffffffffff
N???CB?KAWL?c_@oE_?	46	3fffffffffff
N???CB?KAWL?c_@oEO?	46	3fffffffffff
N???CB?KAWL?c_@oEG?	46	3fffffffffff
N???CB?KAWL?c_@oEC?	46	7ffffffff7ff
N???CB?KAWL?K_@oQ_?	46	3fffffffffff
N???CB?KAWL?K_@oB_?	46	3ffff7dfdf7ff
N???CB?KAWL?K_@oQG?	46	3fffffffffff
N???CB?KAWL?K_@oPG?	46	3fffffffffff
N???CB?KAWL?K_@oQC?	46	7ffffffff7ff
N???CB?KAWL?K_@oPC?	46	7ffffffff7ff
N???CB?KAWL?K_@oOK?	46	3fffffffffff
N???CB?KAWL?K_@oAK?	46	3fffffffffff
N???CB?KAWL?K_@o@K?	46	3fffffffffff
N???CB?KAWL?K_@o?[?	46	3fffffffffff
N???CB?KAWL?K_@oOI?	46	3fffffffffff
N???CB?KAWL?K_@o?M?	46	3fffffffffff
N???CB?KAWL?E_@oE_?	46	3ffff7dfdf7ff
N???CB?KAWL?E_@oEO?	46	3ffff7dfdf7ff
N???CB?KAWL?E_@oEG?	46	3fffffffffff
N???CB?KAWL?E_@oEC?	46	ffffffffe7ff
N???CB?KAWL?E_@oCc?	46	3fffffffffff
N???CB?KAWL?E_@oCS?	46	3fffffffffff
N???CB?KAWL?E_@oAS?	46	3fffffffffff
N???CB?KAWL?E_@oOK?	46	3ffffffffffcc
N???CB?KAWL?E_@oCK?	46	3fffffffffff
N???CB?KAWL?E_@o?k?	46	1ffffffffb7fe
N???CB?KAWL?E_@o?[?	46	1ffffffffb7fe
N???CB?KAWL?H_CoB_?	46	3ffff7dfdf7ff
N???CB?KAWL?H_Co@o?	46	3ffff7dfdf7ff
N???CB?KAWL?H_CoQG?	46	7ffffffdffff
N???CB?KAWL?H_CoPG?	46	3fffffffffff
N???CB?KAWL?H_Co@g?	46	3fffffffffff
N???CB?KAWL?H_CoOW?	46	3fffffffffff
N???CB?KAWL?H_CoQC?	46	3fffffffffff
N???CB?KAWL?H_CoPC?	46	fffffffff77f
N???CB?KAWL?H_CoOK?	46	3fffffffffff
N???CB?KAWL?H_CoAK?	46	3fffffffffff
N???CB?KAWL?H_Co@K?	46	3fffffffffff
N???CB?KAWL?H_CoOI?	46	3fffffffffff
N???CB?KAWL?H_CoOE?	46	7fffffff7fff
N???CB?KAWL?H_Co?M?	46	3fffffffffff
N???CB?KAWL?B_CoE_?	46	3ffff7dfdf7ff
N???CB?KAWL?B_CoEO?	46	3ffff7dfdf7ff
N???CB?KAWL?B_CoEG?	46	3fffffffffff
N???CB?KAWL?B_CoCg?	46	3fffffffffff
N???CB?KAWL?B_CoQC?	46	3fffffffffff
N???CB?KAWL?B_CoEC?	46	3fffffffffff
N???CB?KAWL?B_CoOc?	46	ffffffffff74c
N???CB?KAWL?B_CoCc?	46	3ffffffffe67f
N???CB?KAWL?B_CoAc?	46	3fffffffffff
N???CB?KAWL?B_CoOK?	46	3ffffffffffcc
N???CB?KAWL?B_CoCK?	46	3fffffffffff
N???CB?KAWL?B_CoAK?	46	3fffffffffff
N???CB?KAWL?B_Co?k?	46	1ffffffffb7fe
N???CB?KAWL?B_Co?[?	46	1ffffffffb7fe
N???CB?KAWL?B_CoEA?	46	3fffffff0ffff
N???CB?KAWL?GoD_Ao?	46	3ffff7dfdf7ff
N???CB?KAWL?GoD_QG?	46	3fffffffffff
N???CB?KAWL?GoD_BG?	46	3fffffffffff
N???CB?KAWL?GoD_@g?	46	3fffffffffff
N???CB?KAWL?GoD_OW?	46	3fffffffffff
N???CB?KAWL?GoD_QC?	46	3fffffffffff
N???CB?KAWL?GoD_@S?	46	3fffffffffff
N???CB?KAWL?GoD_AK?	46	3fffffffffff
N???CB?KAWL?GoD_@K?	46	fffffffff77f
N???CB?KAWL?GoD_?[?	46	3fffffffffff
N???CB?KAWL?AoD_E_?	46	3ffff7dfdf7ff
N???CB?KAWL?AoD_EO?	46	3ffff7dfdf7ff
N???CB?KAWL?AoD_EC?	46	3fffffffffff
N???CB?KAWL?AoD_Cc?	46	3fffffffffff
N???CB?KAWL?AoD_CS?	46	3fffffffffff
N???CB?KAWL?AoD_CK?	46	fffffffff77f
N???CB?KAWL?AoD_AK?	46	3fffffffffff
N???CB?KAWL?AoD_?k?	46	1ffffffffb7fe
N???CB?KAWL?AoD_?[?	46	1ffffffffb7fe
N???CB?KAWL?AoD_EA?	46	3fffffff0ffff
N???CB?KAWL?@oCoU??	46	3fffffffffff
N???CB?KAWL?@oCoF??	46	3fffffffffff
N???CB?KAWL?@oCoE_?	46	3fffffffffff
N???CB?KAWL?@oCoOo?	46	3ffffffffffcc
N???CB?KAWL?@oCoPC?	46	3ffffffffffcc
N???CB?KAWL?@oCoSA?	46	3fffffffffff
N???CB?KAWL?Cg@oU??	46	7ffffffff7ff
N???CB?KAWL?Cg@oF??	46	ffffffffe7ff
N???CB?KAWL?Cg@oB_?	46	3fffffffffff
N???CB?KAWL?Cg@oEO?	46	3fffffffffff
N???CB?KAWL?Cg@oDO?	46	3fffffffffff
N???CB?KAWL?Cg@oEG?	46	3fffffffffff
N???CB?KAWL?Cg@oPG?	46	3ffffffffffcc
N???CB?KAWL?Cg@oAI?	46	3fffffffffff
N???CB?KAWL??wD_U??	46	3fffffffffff
N???CB?KAWL??wD_F??	46	3fffffffffff
N???CB?KAWL??wD_EO?	46	3fffffffffff
N???CB?KAWL??wD_EG?	46	3fffffffffff
N???CB?KAWL??wD_@g?	46	1ffffffffb7fe
N???CB?KAWL??wD_SA?	46	7fffffffff7f
N???CB?KAWL??wD_QA?	46	3fffffffffff
N???CB?KAWL??wD_EA?	46	3fffffffffff
N???CB?KAWL??wD_DA?	46	7ffffffff7ff
N???CB?KAWL??wD_Oa?	46	3fffffffffff
N???CB?KAWL??wD_CI?	46	7ffffffeffff
N???CB?KAWL??wD_AI?	46	3fffffffffff
N???CB?KAWL?@cCoQC?	46	3fffffffffff
N???CB?KAWL?@cCoAK?	46	3fffffffffff
N???CB?KAWL??sD_OW?	46	3fffffffffff
N???CB?KAWL??sD_CK?	46	7ffffffeffff
N???CB?KAWL??sD_AK?	46	3fffffffffff
N???CB?KAWL??sD_?k?	46	3fffffffffff
N???CB?KAWL??sD_?[?	46	3fffffffffff
N???CB?KAWH_I_CoE_?	46	3ffff7dfdf7ff
N???CB?KAWH_I_CoAg?	46	3fffffffffff
N???CB?KAWH_I_CoAc?	46	3fffffffffff
N???CB?KAWH_I_Co?k?	46	7ffffffffb77c
N???CB?KAWH_I_Co?i?	46	3fffffffffff
N???CB?KAWH__oK_F??	46	2ffdeff7fe70fccc
N???CB?KAWH_GoK_B_?	46	3ffff7dfdf7ff
N???CB?KAWH_GoCoF??	46	3ffffffffffd2
N???CB?KAWH_GoCoD_?	46	3fffffffffff
N???CB?KAWH_AoK_U??	46	3fffffffdef7e
N???CB?KAWH_AoK_E_?	46	3ffff7dfdf7ff
N???CB?KAWH_AoK_EC?	46	3ffffffffe7f9
N???CB?KAWH_AoK_Cc?	46	3fffffffffff
N???CB?KAWH_GgCoD_?	46	3ffffffffe67f
N???CB?KAWH_GgCoB_?	46	3fffffffffff
N???CB?KAWH_GgCo@g?	46	7ffffffffb77c
N???CB?KAWH_?wK_F??	46	1ffffffffb7fe
N???CB?KAWH_?wK_D_?	46	3fffffffffff
N???CB?KAWKOe?@oF??	46	7ffffffffffe
N???CB?KAWKOe?@oE_?	46	3fffffffffff
N???CB?KAWKOe?@oEO?	46	3fffffffffff
N???CB?KAWKOe?@oEG?	46	3fffffffffff
N???CB?KAWKOe?@oEC?	46	7ffffffff7ff
N???CB?KAWKOM?@oAo?	46	3ffff7dfdf7ff
N???CB?KAWKOM?@oQG?	46	3fffffffffff
N???CB?KAWKOM?@oAW?	46	3fffffffffff
N???CB?KAWKOM?@oQC?	46	7ffffffff7ff
N???CB?KAWKOM?@o?s?	46	3fffffffffff
N???CB?KAWKOM?@oOK?	46	3fffffffffff
N???CB?KAWKOM?@oAK?	46	3fffffffffff
N???CB?KAWKOM?@o?[?	46	3fffffffffff
N???CB?KAWKOM?@o?q?	46	3fffffff0ffff
N???CB?KAWKOM?@oOI?	46	3fffffffffff
N???CB?KAWKOM?@oOE?	46	7ffffffdffff
N???CB?KAWKOM?@o?M?	46	3fffffffffff
N???CB?KAWKOJ?CoB_?	46	3ffff7dfdf7ff
N???CB?KAWKOJ?Co@o?	46	3ffff7dfdf7ff
N???CB?KAWKOJ?CoQC?	46	3fffffffffff
N???CB?KAWKOJ?CoOK?	46	3fffffffffff
N???CB?KAWKOJ?CoAK?	46	3fffffffffff
N???CB?KAWKOJ?Co?[?	46	3fffffffffff
N???CB?KAWKOJ?CoOQ?	46	3fffffffffff
N???CB?KAWKOJ?CoOI?	46	3fffffffffff
N???CB?KAWKOJ?Co?M?	46	3fffffffffff
N???CB?KAWKOc_BOF??	46	3fffffffffff
N???CB?KAWKOc_BOEO?	46	fffffffdfffe
N???CB?KAWKOc_BOEG?	46	3fffffffffff
N???CB?KAWKOc_BOEC?	46	7ffffffffffd
N???CB?KAWKOc_BOAQ?	46	ffffffff77ff
N???CB?KAWKOK_BOR??	46	3fffffffffff
N???CB?KAWKOK_BOB_?	46	3ffff7dfdf7ff
N???CB?KAWKOK_BOQG?	46	3fffffffffff
N???CB?KAWKOK_BOQC?	46	7ffffffffffd
N???CB?KAWKOK_BOAK?	46	3fffffffffff
N???CB?KAWKOK_BO?[?	46	3fffffffffff
N???CB?KAWKOK_BOOI?	46	3fffffffffff
N???CB?KAWKOK_BOOE?	46	7fffffffefff
N???CB?KAWKOK_BO?M?	46	3fffffffffff
N???CB?KAWKOE_@oU??	46	3fffffffffff
N???CB?KAWKOE_@oF??	46	3ffff7dfdf7ff
N???CB?KAWKOE_@oE_?	46	3ffff7dfdf7ff
N???CB?KAWKOE_@oEG?	46	3fffffffffff
N???CB?KAWKOE_@oOg?	46	3ffffffffffcc
N???CB?KAWKOE_@oEC?	46	3fffffffffff
N???CB?KAWKOE_@oDC?	46	3fffffffffff
N???CB?KAWKOE_@oBC?	46	3fffffffffff
N???CB?KAWKOE_@oCc?	46	3fffffffffff
N???CB?KAWKOE_@oCK?	46	3fffffffffff
N???CB?KAWKOE_@oAK?	46	3fffffffffff
N???CB?KAWKOE_@o@K?	46	1ffffffffb7fe
N???CB?KAWKOE_@o?k?	46	1ffffffffb7fe
N???CB?KAWKOE_@oCa?	46	3fffffff0ffff
N???CB?KAWKOE_@o?M?	46	3fffffffffff
N???CB?KAWKOB_EOE_?	46	3ffff7dfdf7ff
N???CB?KAWKOB_EOEG?	46	3fffffffffff
N???CB?KAWKOB_EOAg?	46	3fffffffffff
N???CB?KAWKOB_EOEC?	46	3fffffffffff
N???CB?KAWKOB_EOAc?	46	3fffffffffff
N???CB?KAWKOB_EOOK?	46	3ffffffffffcc
N???CB?KAWKOB_EOAK?	46	3fffffffffff
N???CB?KAWKOB_EO?k?	46	1ffffffffb7fe
N???CB?KAWKOB_EO?[?	46	1ffffffffb7fe
N???CB?KAWKOB_EOOE?	46	3fffffffffff
N???CB?KAWKOB_EO?M?	46	3fffffffffff
N???CB?KAWKOB_CoU??	46	3fffffffffff
N???CB?KAWKOB_CoF??	46	3ffff7dfdf7ff
N???CB?KAWKOB_CoEG?	46	3fffffffffff
N???CB?KAWKOB_CoEC?	46	3fffffffffff
N???CB?KAWKOB_CoCK?	46	3fffffffffff
N???CB?KAWKOB_CoAK?	46	3fffffffffff
N???CB?KAWKOB_CoSA?	46	3fffffffffff
N???CB?KAWKOB_Co?M?	46	3fffffffffff
N???CB?KAWKOcOB_F??	46	3fffffffffff
N???CB?KAWKOcOB_EO?	46	3fffffffffff
N???CB?KAWKOcOB_@o?	46	2ffdeff7fe70fccc
N???CB?KAWKOcOB_EG?	46	7ffffffffffe
N???CB?KAWKOcOB_EC?	46	7ffffffffffe
N???CB?KAWKOKOB_R??	46	3fffffffffff
N???CB?KAWKOKOB_@o?	46	3ffff7dfdf7ff
N???CB?KAWKOKOB_QC?	46	7ffffffffffe
N???CB?KAWKOKOB_OK?	46	7ffffffff7ff
N???CB?KAWKOKOB_AK?	46	7ffffffff7ff
N???CB?KAWKOKOB_?[?	46	3fffffffffff
N???CB?KAWKOKOB_OQ?	46	3fffffffffff
N???CB?KAWKOKOB_OE?	46	7ffffffff7ff
N???CB?KAWKOKOB_AE?	46	7ffffffff7ff
N???CB?KAWKOKOB_?M?	46	7ffffffdffff
N???CB?KAWKOIOD_B_?	46	3ffff7dfdf7ff
N???CB?KAWKOIOD_BO?	46	3ffff7dfdf7ff
N???CB?KAWKOIOD_Ao?	46	3ffff7dfdf7ff
N???CB?KAWKOIOD_QG?	46	3fffffffffff
N???CB?KAWKOIOD_BG?	46	3fffffffffff
N???CB?KAWKOIOD_QC?	46	3fffffffffff
N???CB?KAWKOIOD_@S?	46	3fffffffffff
N???CB?KAWKOIOD_AK?	46	3fffffffffff
N???CB?KAWKOIOD_?[?	46	3fffffffffff
N???CB?KAWKOIOD_AQ?	46	3fffffff0ffff
N???CB?KAWKOIOD_@Q?	46	3fffffff0ffff
N???CB?KAWKOIOD_OE?	46	7fffffffff7f
N???CB?KAWKOBOCoU??	46	3fffffffffff
N???CB?KAWKOBOCoF??	46	3fffffffffff
N???CB?KAWKOBOCoEO?	46	7fffffff7fff
N???CB?KAWKOBOCoSA?	46	3fffffffffff
N???CB?KAWKOGoF?B_?	46	3ffff7dfdf7ff
N???CB?KAWKOGoF?@g?	46	3fffffffffff
N???CB?KAWKOGoF?OW?	46	fbffbfffff77c
N???CB?KAWKOGoF?QC?	46	3fffffffffff
N???CB?KAWKOGoF?@S?	46	3fffffffffff
N???CB?KAWKOGoF?AK?	46	3fffffffffff
N???CB?KAWKOGoF??[?	46	ffffffffff74c
N???CB?KAWKOGoF?OE?	46	7ffffffffffe
N???CB?KAWKOGoF??M?	46	7ffffffff7ff
N???CB?KAWKOAoDOU??	46	3fffffffffff
N???CB?KAWKOAoDOF??	46	3fffffffffff
N???CB?KAWKOAoDOE_?	46	3fffffffffff
N???CB?KAWKOAoDOPO?	46	3ffffffffffcc
N???CB?KAWKOAoDOSA?	46	3fffffffffff
N???CB?KAWKOEG@oU??	46	7ffffffff7ff
N???CB?KAWKOEG@oF??	46	ffffffffe7ff
N???CB?KAWKOEG@oE_?	46	3fffffffffff
N???CB?KAWKOEG@oEO?	46	3fffffffffff
N???CB?KAWKOEG@oDO?	46	3fffffffffff
N???CB?KAWKOEG@oEG?	46	3fffffffffff
N???CB?KAWKOEG@oOa?	46	3fffffffffff
N???CB?KAWKOEG@oAI?	46	3fffffffffff
N???CB?KAWKOCgBOU??	46	7ffffffffffd
N???CB?KAWKOCgBOF??	46	3fffffffffff
N???CB?KAWKOCgBOEO?	46	ffffffff0e7ff
N???CB?KAWKOCgBOEG?	46	3fffffffffff
N???CB?KAWKOCgBO@g?	46	7ffffffffb77c
N???CB?KAWKOCgBOAW?	46	3fffffffffff
N???CB?KAWKOCgBOAQ?	46	fffffbbfce7ff
N???CB?KAWKOCgBOAI?	46	3fffffffffff
N???CB?KAWKOCWB_U??	46	7ffffffffffe
N???CB?KAWKOCWB_F??	46	3fffffffffff
N???CB?KAWKOCWB_B_?	46	3fffffffffff
N???CB?KAWKOCWB_EO?	46	3fffffffffff
N???CB?KAWKOCWB_@g?	46	1ffffffffb7fe
N???CB?KAWKOCWB_SA?	46	7ffffffff7ff
N???CB?KAWKOCWB_PA?	46	3fffffffffff
N???CB?KAWKOAWD_U??	46	3fffffffffff
N???CB?KAWKOAWD_F??	46	3fffffffffff
N???CB?KAWKOAWD_E_?	46	3fffffffffff
N???CB?KAWKOAWD_EO?	46	3fffffffffff
N???CB?KAWKOAWD_DO?	46	3fffffffffff
N???CB?KAWKOAWD_EG?	46	3fffffffffff
N???CB?KAWKOAWD_AW?	46	3fffffffffff
N???CB?KAWKOAWD_QA?	46	3fffffffffff
N???CB?KAWKOAWD_EA?	46	3fffffffffff
N???CB?KAWKOAWD_Oa?	46	3fffffffffff
N???CB?KAWKOAWD_OI?	46	7ffffffeffff
N???CB?KAWKOAWD_CI?	46	7ffffffeffff
N???CB?KAWKOAWD_AI?	46	3fffffffffff
N???CB?KAWKO?wF?U??	46	3fffffffffff
N???CB?KAWKO?wF?B_?	46	3fffffffffff
N???CB?KAWKO?wF?EO?	46	3fffffffffff
N???CB?KAWKO?wF?EG?	46	3fffffffffff
N???CB?KAWKO?wF?@g?	46	1ffffffffb7fe
N???CB?KAWKO?wF?QA?	46	3fffffffffff
N???CB?KAWKO?wF?PA?	46	3fffffffffff
N???CB?KAWKO?wF?CI?	46	7ffffffff7ff
N???CB?KAWKO?wF?AI?	46	3fffffffffff
N???CB?KAWKOEC@oB_?	46	3fffffff0ffff
N???CB?KAWKOEC@o?k?	46	1ffffff7efffd
N???CB?KAWKOBCCo@g?	46	3fffffffffff
N???CB?KAWKOBCCoAK?	46	3fffffffffff
N???CB?KAWKOBCCo@K?	46	3fffffffffff
N???CB?KAWKOBCCo?[?	46	7ffffffffffe
N???CB?KAWKOAcDOEO?	46	3fffffff0ffff
N???CB?KAWKOAcDOQC?	46	3fffffffffff
N???CB?KAWKOAcDOAK?	46	3fffffffffff
N???CB?KAWKOAcDO?k?	46	3fffffffffff
N???CB?KAWKOCSB_QG?	46	7ffffffff7ff
N???CB?KAWKOCSB_AK?	46	7ffffffdffff
N???CB?KAWKOCSB_@K?	46	3fffffffffff
N???CB?KAWKOCSB_?[?	46	3fffffffffff
N???CB?KAWKOASD_EO?	46	3fffffff0ffff
N???CB?KAWKOASD_PG?	46	7ffffffff7ff
N???CB?KAWKOASD_CK?	46	7ffffffeffff
N???CB?KAWKOASD_AK?	46	3fffffffffff
N???CB?KAWKOASD_@K?	46	7ffffffdffff
N???CB?KAWKOASD_?k?	46	3fffffffffff
N???CB?KAWKOASD_?[?	46	3fffffffffff
N???CB?KAWKO?sF?OW?	46	7ffffffff7ff
N???CB?KAWKO?sF?AK?	46	3fffffffffff
N???CB?KAWKO?sF?@K?	46	3fffffffffff
N???CB?KAWKO?sF??[?	46	7ffffffdffff
N???CB?KAWHOk?@oE_?	46	7ffffffdffff
N???CB?KAWHOk?@oCK?	46	7ffffffff7ff
N???CB?KAWHOM?@oCc?	46	3fffffffffff
N???CB?KAWHOh?CoE_?	46	3fffffffffff
N???CB?KAWHOh?CoEG?	46	3fffffffffff
N???CB?KAWHOh?CoEC?	46	3fffffffffff
N???CB?KAWHOh?CoAE?	46	3fffffffffff
N???CB?KAWHOJ?CoE_?	46	3ffff7dfdf7ff
N???CB?KAWHOJ?CoEO?	46	3ffff7dfdf7ff
N???CB?KAWHOJ?CoOg?	46	3ffffffffffcc
N???CB?KAWHOJ?CoOW?	46	3ffffffffffcc
N???CB?KAWHOJ?CoCc?	46	3ffffffffe67f
N???CB?KAWHOJ?CoAc?	46	3fffffffffff
N???CB?KAWHOJ?CoAS?	46	3fffffffffff
N???CB?KAWHOJ?Co?k?	46	1ffffffffb7fe
N???CB?KAWHOJ?Co?[?	46	1ffffffffb7fe
N???CB?KAWHO`_KOE_?	46	3fffffffffff
N???CB?KAWHO`_KOEC?	46	7ffffffffffe
N???CB?KAWHOH_KOAo?	46	3ffff7dfdf7ff
N???CB?KAWHOH_KOQG?	46	ffffffffeffe
N???CB?KAWHOH_KOQC?	46	7ffffffffffe
N???CB?KAWHOH_KOAK?	46	7ffffffff7ff
N???CB?KAWHOH_KOOI?	46	fffffffff77f
N???CB?KAWHOH_KOAI?	46	fffffffff77f
N???CB?KAWHOH_KOOE?	46	7ffffffff7ff
N???CB?KAWHOH_KO?M?	46	7ffffffdffff
N???CB?KAWHOH_DOF??	46	3ffff7dfdf7ff
N???CB?KAWHOH_DOEO?	46	3ffff7dfdf7ff
N???CB?KAWHOH_DOEG?	46	3fffffffffff
N???CB?KAWHOH_DOPG?	46	3ffffffffffcc
N???CB?KAWHOH_DOEC?	46	3fffffffffff
N???CB?KAWHOH_DOPC?	46	3ffffffffffcc
N???CB?KAWHOH_DOBC?	46	3fffffffffff
N???CB?KAWHOH_DOOK?	46	3ffffffffffcc
N???CB?KAWHOH_DOAK?	46	3fffffffffff
N???CB?KAWHOH_DO@K?	46	1ffffffffb7fe
N???CB?KAWHOH_DO?M?	46	3fffffffffff
N???CB?KAWHOB_KOE_?	46	3faeffff75e937d2
N???CB?KAWHOgOD_EC?	46	7ffffffffffe
N???CB?KAWHOgOD_AK?	46	7ffffffff7ff
N???CB?KAWHOgOD_?k?	46	3ffffffffffcc
N???CB?KAWHOIOD_E_?	46	3ffff7dfdf7ff
N???CB?KAWHOIOD_Og?	46	3ffffffffffcc
N???CB?KAWHOIOD_Cc?	46	3fffffffffff
N???CB?KAWHOIOD_?k?	46	1ffffffffb7fe
N???CB?KAWHOIOD_Ca?	46	3fffffff0ffff
N???CB?KAWHO`OK_F??	46	3bfffffbf7ffd
N???CB?KAWHO`OK_E_?	46	3fffffffffff
N???CB?KAWHO`OK_EG?	46	fffffffefffd
N???CB?KAWHO`OK_EC?	46	3fffffffffff
N???CB?KAWHOHOK_B_?	46	3ffff7dfdf7ff
N???CB?KAWHOHOK_Og?	46	3fffffffffff
N???CB?KAWHOHOK_Ag?	46	3fffffffffff
N???CB?KAWHOHOK_QC?	46	3fffffffffff
N???CB?KAWHOHOK_Ac?	46	3fffffffffff
N???CB?KAWHOHOK_@c?	46	3fffffffffff
N???CB?KAWHOHOK_AK?	46	3fffffffffff
N???CB?KAWHOHOK_?k?	46	3fffffffffff
N???CB?KAWHOHOK_?[?	46	3fffffffffff
N???CB?KAWHOHOK_OE?	46	3fffffffffff
N???CB?KAWHOHOK_?M?	46	3fffffffffff
N???CB?KAWHOHOCoU??	46	3fffffffffff
N???CB?KAWHOHOCoF??	46	3fffffffffff
N???CB?KAWHOHOCoE_?	46	3fffffffffff
N???CB?KAWHOHOCoP_?	46	3ffffffffffcc
N???CB?KAWHOHOCoEC?	46	3fffffffffff
N???CB?KAWHOHOCoCE?	46	3fffffffffff
N???CB?KAWHOBOK_U??	46	fffffffdff7f
N???CB?KAWHOBOK_E_?	46	3ffff7dfdf7ff
N???CB?KAWHOBOK_EC?	46	3fffffffffff
N???CB?KAWHOBOK_Cc?	46	3fffffffffff
N???CB?KAWHOBOK_CS?	46	3fffffffffff
N???CB?KAWHOBOK_Ca?	46	3fffffff0ffff
N???CB?KAWHO@oL?F??	46	3ffff7dfdf7ff
N???CB?KAWHO@oL?EO?	46	3ffff7dfdf7ff
N???CB?KAWHO@oL?DC?	46	3fffffffffff
N???CB?KAWHO@oL?CK?	46	3fffffffffff
N???CB?KAWHO@oL??M?	46	3fffffffffff
N???CB?KAWHO@oKOU??	46	ffffffffeffe
N???CB?KAWHO@oKOEC?	46	7ffffffff7ff
N???CB?KAWHOKG@oU??	46	fffffffff7fe
N???CB?KAWHOKG@oE_?	46	3fffffffffff
N???CB?KAWHOKG@oD_?	46	3fffffffffff
N???CB?KAWHOHGCoU??	46	3fffffffffff
N???CB?KAWHOHGCoF??	46	3fffffffffff
N???CB?KAWHOHGCoQ_?	46	3fffffffffff
N???CB?KAWHOHGCoE_?	46	3fffffffffff
N???CB?KAWHOHGCoB_?	46	3fffffffffff
N???CB?KAWHOHGCoEO?	46	3fffffffffff
N???CB?KAWHOHGCoEG?	46	3fffffffffff
N???CB?KAWHOHGCoSA?	46	7fffffff7fff
N???CB?KAWHOHGCoQA?	46	3fffffffffff
N???CB?KAWHOHGCoEA?	46	3fffffffffff
N???CB?KAWHOHGCoCa?	46	fffffffef7ff
N???CB?KAWHOHGCoOQ?	46	3fffffffffff
N???CB?KAWHOHGCoCI?	46	3fffffffffff
N???CB?KAWHOGWD_U??	46	7ffffffffffe
N???CB?KAWHOGWD_E_?	46	3fffffffffff
N???CB?KAWHOGWD_D_?	46	3fffffffffff
N???CB?KAWHOGWD_@o?	46	3fdffffffb7fe
N???CB?KAWHOGWD_QG?	46	7ffffffff7ff
N???CB?KAWHOGWD_QA?	46	7ffffffff7ff
N???CB?KAWHOGWD_Oa?	46	3fffffffffff
N???CB?KAWHOGWD_AI?	46	7ffffffdffff
N???CB?KAWHO@WK_U??	46	3fffffffffff
N???CB?KAWHO@WK_F??	46	3fffffffffff
N???CB?KAWHO@WK_E_?	46	3fffffffffff
N???CB?KAWHO@WK_SO?	46	3fffffffffff
N???CB?KAWHO@WK_EG?	46	3fffffffffff
N???CB?KAWHO@WK_SA?	46	3fffffffffff
N???CB?KAWHO@WK_OQ?	46	3fffffffffff
N???CB?KAWHO@WK_CI?	46	3fffffffffff
N???CB?KAWHOHCCoQC?	46	3fffffffffff
N???CB?KAWHOHCCoAK?	46	3fffffffffff
N???CB?KAWHOHCCo?[?	46	3fff7fefdfeff
N???CB?KAWHO@cKOEG?	46	fffffffff77f
N???CB?KAWHO@cKOSC?	46	7ffffffff7ff
N???CB?KAWHOGSD_@o?	46	37ff6fdff9f0fb52
N???CB?KAWHOGSD_SG?	46	fffffffff77f
N???CB?KAWHOGSD_CK?	46	fffffffcffff
N???CB?KAWHOGSD_AK?	46	7ffffffdffff
N???CB?KAWHOGSD_?k?	46	3fffffffffff
N???CB?KAWHO@SK_Og?	46	7ffffffffffd
N???CB?KAWHO@SK_SC?	46	3fffffffffff
N???CB?KAWHO@SK_CK?	46	3fffffffffff
N???CB?KAWHO@SK_?k?	46	7fffffffefff
N???CB?KAWHO@SK_?[?	46	3fffffffffff
N???CB?KAWKGc_B_F??	46	3fffffffffff
N???CB?KAWKGc_B_EO?	46	3fffffffffff
N???CB?KAWKGc_B_@o?	46	3ffffffffffcc
N???CB?KAWKGc_B_EG?	46	7ffffffffffe
N???CB?KAWKGc_B_EC?	46	7ffffffffffe
N???CB?KAWKGc_B_@K?	46	3ffffffffffcc
N???CB?KAWKGK_B_R??	46	3fffffffffff
N???CB?KAWKGK_B_B_?	46	3ffff7dfdf7ff
N???CB?KAWKGK_B_BG?	46	3fffffffffff
N???CB?KAWKGK_B_QC?	46	7ffffffffffe
N???CB?KAWKGK_B_BC?	46	3fffffffffff
N???CB?KAWKGK_B_OK?	46	7ffffffff7ff
N???CB?KAWKGK_B_AK?	46	7ffffffff7ff
N???CB?KAWKGK_B_@K?	46	3fffffffffff
N???CB?KAWKGK_B_?[?	46	3fffffffffff
N???CB?KAWKGK_B_OI?	46	7ffffffff7ff
N???CB?KAWKGK_B_OE?	46	7ffffffff7ff
N???CB?KAWKGK_B_?M?	46	7ffffffdffff
N???CB?KAWKGCoB_U??	46	7ffffffffffe
N???CB?KAWKGCoB_F??	46	3fffffffffff
N???CB?KAWKGCoB_EO?	46	3fffffffffff
N???CB?KAWKGCoB_EC?	46	7ffffffff7ff
N???CB?KAWKGCoB_@c?	46	1ffffffffb7fe
N???CB?KAWKGCoB_SA?	46	7ffffffff7ff
N???CB?KAWKGCoB_CE?	46	7ffffffdffff
N???CB?KAWKGCoB_AE?	46	7ffffffdffff
N???CB?KAWKGAoD_U??	46	3fffffffffff
N???CB?KAWKGAoD_E_?	46	3fffffffffff
N???CB?KAWKGAoD_PO?	46	3ffffffffffcc
N???CB?KAWKGAoD_SA?	46	7fffffffff7f
N???CB?KAWHGg_D_EO?	46	fffffffdff7f
N???CB?KAWHGg_D_EC?	46	3fffffffffff
N???CB?KAWHGg_D_?[?	46	3ffffffffffcc
N???CB?KAWHGg_D_CQ?	46	fffffffe7fff
N???CB?KAWHGg_D_?M?	46	7ffffffeffff
N???CB?KAWHGI_D_E_?	46	3ffff7dfdf7ff
N???CB?KAWHGI_D_EO?	46	3ffff7dfdf7ff
N???CB?KAWHGI_D_EG?	46	3fffffffffff
N???CB?KAWHGI_D_EC?	46	3fffffffffff
N???CB?KAWHGI_D_CS?	46	3fffffffffff
N???CB?KAWHGI_D_OK?	46	ffffffffff74c
N???CB?KAWHGI_D_AK?	46	3fffffffffff
N???CB?KAWHGI_D_?k?	46	7ffffffffb77c
N???CB?KAWHGI_D_?[?	46	1ffffffffb7fe
N???CB?KAWHGI_D_OI?	46	7ffffffff7ff
N???CB?KAWHGI_D_?M?	46	7ffffffdffff
N???CB?KAWHG`_K_E_?	46	7fffffffff7f
N???CB?KAWHG`_K_EG?	46	3fffffffffff
N???CB?KAWHG`_K_EC?	46	3fffffffffff
N???CB?KAWHGH_K_B_?	46	3ffff7dfdf7ff
N???CB?KAWHGH_K_QG?	46	3fffffffffff
N???CB?KAWHGH_K_BG?	46	3fffffffffff
N???CB?KAWHGH_K_QC?	46	3fffffffffff
N???CB?KAWHGH_K_BC?	46	3fffffffffff
N???CB?KAWHGH_K_OS?	46	3fffffffffff
N???CB?KAWHGH_K_AK?	46	3fffffffffff
N???CB?KAWHGH_K_OE?	46	3fffffffffff
N???CB?KAWHGH_K_?M?	46	3fffffffffff
N???CB?KAWHGB_K_E_?	46	3ffff7dfdf7ff
N???CB?KAWHGB_K_EG?	46	3fffffffffff
N???CB?KAWHGB_K_EC?	46	3fffffffffff
N???CB?KAWHGB_K_CK?	46	3fffffffffff
N???CB?KAWHGB_K_?M?	46	7fffffffefff
N???CB?KAWHGGoD_U??	46	3fffffffffff
N???CB?KAWHGGoD_F??	46	3fffffffffff
N???CB?KAWHGGoD_E_?	46	3fffffffffff
N???CB?KAWHGGoD_D_?	46	3fffffffffff
N???CB?KAWHGGoD_EO?	46	3fffffffffff
N???CB?KAWHGGoD_PO?	46	3ffffffffffcc
N???CB?KAWHGGoD_EC?	46	3fffffffffff
N???CB?KAWHGGoD_OS?	46	3ffffffffffcc
N???CB?KAWHGGoD_OE?	46	7ffffffeffff
N???CB?KAWHG@oK_U??	46	3fffffffffff
N???CB?KAWHG@oK_F??	46	3fffffffffff
N???CB?KAWHG@oK_E_?	46	3fffffffffff
N???CB?KAWHG@oK_EC?	46	3fffffffffff
N???CB?KAWHG@oK_PA?	46	7ffffffffffd
N???CB?KAWGWk?B_EO?	46	7ffffffdffff
N???CB?KAWGWk?B_CK?	46	7ffffffff7ff
N???CB?KAWGWk?B_?M?	46	7ffffffdffff
N???CB?KAWGWi?D_F??	46	3fffffffffff
N???CB?KAWGWi?D_EC?	46	3fffffffffff
N???CB?KAWGWi?D_?M?	46	7ffffffeffff
N???CB?KAWGWb?K_F??	46	3fffffffffff
N???CB?KAWGWb?K_EG?	46	3fffffffffff
N???CB?KAWGWb?K_EC?	46	3fffffffffff
N???CB?KAWGWJ?K_B_?	46	3ffff7dfdf7ff
N???CB?KAWGWJ?K_@g?	46	3fffffffffff
N???CB?KAWGWJ?K_QC?	46	3fffffffffff
N???CB?KAWGWJ?K_@c?	46	3fffffffffff
N???CB?KAWGWJ?K_OK?	46	7ffffffff7ff
N???CB?KAWGWJ?K_AK?	46	3fffffffffff
N???CB?KAWGWJ?K_?[?	46	7fffffffff7f
N???CB?KAWGWJ?K_OE?	46	3fffffffffff
N???CB?KAWGWJ?K_?M?	46	3fffffffffff
N???CB?KAWGWg_F?F??	46	3fffffffffff
N???CB?KAWGWg_F?EO?	46	3fffffffffff
N???CB?KAWGWg_F?EC?	46	3fffffffffff
N???CB?KAWGWg_F??[?	46	ffffffffff74c
N???CB?KAWGWa_L?F??	46	3fffffffffff
N???CB?KAWGWa_L?EO?	46	3fffffffffff
N???CB?KAWGWa_L?EG?	46	3fffffffffff
N???CB?KAWGWa_L?EC?	46	3fffffffffff
N???CB?KAWGWa_L?CE?	46	3fffffffffff
N???CB?KAWGWI_L?BO?	46	3ffff7dfdf7ff
N???CB?KAWGWI_L?QG?	46	3fffffffffff
N???CB?KAWGWI_L?AW?	46	3fffffffffff
N???CB?KAWGWI_L?QC?	46	3fffffffffff
N???CB?KAWGWI_L?AS?	46	3fffffffffff
N???CB?KAWGWI_L?OK?	46	7ffffffff7ff
N???CB?KAWGWI_L?AK?	46	3fffffffffff
N???CB?KAWGWI_L??[?	46	7fffffffff7f
N???CB?KAWGWI_L?OE?	46	3fffffffffff
N???CB?KAWGWI_L??M?	46	3fffffffffff
N???CB?KAWGWI_D_F??	46	3ffff7dfdf7ff
N???CB?KAWGWI_D_PG?	46	3ffffffffffcc
N???CB?KAWGWI_D_DC?	46	3fffffffffff
N???CB?KAWGWI_D_CK?	46	3fffffffffff
N???CB?KAWGWI_D_@K?	46	1ffffffffb7fe
N???CB?KAWGWI_D_OI?	46	3fffffffffff
N???CB?KAWGWI_D_?M?	46	3fffffffffff
N???CB?KAWGWB_M?U??	46	7ffffffdffff
N???CB?KAWGWB_M?E_?	46	3ffff7dfdf7ff
N???CB?KAWGWB_M?Cc?	46	3fffffffffff
N???CB?KAWGWB_K_F??	46	3ffff7dfdf7ff
N???CB?KAWGWB_K_SG?	46	3fffffffffff
N???CB?KAWGWB_K_EG?	46	3fffffffffff
N???CB?KAWGWB_K_EC?	46	3fffffffffff
N???CB?KAWGWB_K_CK?	46	3fffffffffff
N???CB?KAWGWB_K_OI?	46	3fffffffffff
N???CB?KAWGWB_K_?M?	46	3fffffffffff
N???CB?KAWGWKOB_U??	46	7ffffffffffe
N???CB?KAWGWKOB_F??	46	3fffffffffff
N???CB?KAWGWKOB_SC?	46	7ffffffff7ff
N???CB?KAWGWKOB_EC?	46	7ffffffff7ff
N???CB?KAWGWKOB_OE?	46	7ffffffdffff
N???CB?KAWGWKOB_CE?	46	7ffffffdffff
N???CB?KAWGWIOD_U??	46	3fffffffffff
N???CB?KAWGWIOD_F??	46	3fffffffffff
N???CB?KAWGWIOD_E_?	46	3fffffffffff
N???CB?KAWGWIOD_EO?	46	3fffffffffff
N???CB?KAWGWIOD_PO?	46	3ffffffffffcc
N???CB?KAWGWIOD_Oo?	46	3ffffffffffcc
N???CB?KAWGWIOD_EC?	46	3fffffffffff
N???CB?KAWGWIOD_OE?	46	7ffffffeffff
N???CB?KAWGWBOK_U??	46	3fffffffffff
N???CB?KAWGWBOK_F??	46	3fffffffffff
N???CB?KAWGWBOK_SO?	46	3fffffffffff
N???CB?KAWGWBOK_OQ?	46	3fffffffffff
N???CB?KAWGWBOK_OE?	46	7ffffffffffb
N???CB?KAWGWGoF?F??	46	3fffffffffff
N???CB?KAWGWGoF?QO?	46	3fffffffffff
N???CB?KAWGWGoF?EO?	46	3fffffffffff
N???CB?KAWGWGoF?PO?	46	3ffffffffffcc
N???CB?KAWGWGoF?EC?	46	3fffffffffff
N???CB?KAWGWKGB_U??	46	7ffffffffffe
N???CB?KAWGWKGB_T??	46	3fffffffffff
N???CB?KAWGWKGB_F??	46	3fffffffffff
N???CB?KAWGWKGB_SO?	46	3fffffffffff
N???CB?KAWGWKGB_SG?	46	7ffffffff7ff
N???CB?KAWGWKGB_PA?	46	3fffffffffff
N???CB?KAWGWKGB_OQ?	46	3fffffffffff
N???CB?KE@@oIOD_M??	46	7ffffffffffe
N???CB?KE@@oIOD_KA?	46	ffffffffff74c
N???CB?KE@@oIOD_GI?	46	ffffffffc87ff
N???CB?KE@@gI_D_M??	46	7ffffffffffd
N???CB?KE@@gI_D_HA?	46	7ffffffff7ff
N???CB?KE@@gI_D_GI?	46	fffffffefeff
N???CB?KE@@gB_K_M??	46	fffdf7ffff77c
N???CB?KE@@gB_K_KO?	46	7ffffffff7ff
N???CB?KE@@gB_K_GI?	46	fffffffdfffb
N???CB?KAOm?B_@oE_?	46	3fffffff0ffff
N???CB?KAOm?B_@oOK?	46	7ffffffdffff
N???CB?KAOm?B_@o@K?	46	3fffffffffff
N???CB?KAOm?B_@o?k?	46	3fffffffffff
N???CB?KAOl?D_@oD_?	46	3fffffff0ffff
N???CB?KAOl?D_@oPG?	46	7ffffffff7ff
N???CB?KAOl?D_@oDG?	46	7ffffffff7ff
N???CB?KAOl?D_@oPC?	46	fffffbbfce7ff
N???CB?KAOl?D_@oOK?	46	7ffffffeffff
N???CB?KAOl?D_@o@K?	46	7ffffffdffff
N???CB?KAOl?D_@o?k?	46	3fffffffffff
N???CB?KAOk_E_@oE_?	46	3fffffff0ffff
N???CB?KAOk_E_@oD_?	46	3fffffff0ffff
N???CB?KAOk_E_@oBO?	46	3fffffff0ffff
N???CB?KAOk_E_@oQG?	46	3fffffffffff
N???CB?KAOk_E_@oOK?	46	7fffffffefff
N???CB?KAOk_E_@o@K?	46	3fffffffffff
N???CB?KAOk_E_@o?[?	46	3fffffffffff
N???CB?KAOk_D_AoF??	46	3fffffff0ffff
N???CB?KAOk_D_AoD_?	46	3fffffff0ffff
N???CB?KAOk_D_AoQG?	46	3fffffffffff
N???CB?KAOk_D_AoOK?	46	7ffffffeffff
N???CB?KAOk_D_Ao@K?	46	7ffffffdffff
N???CB?KAOk_D_Ao?[?	46	3fffffffffff
N???CB?KAOk_B_CoF??	46	3fffffff0ffff
N???CB?KAOk_B_CoE_?	46	3fffffff0ffff
N???CB?KAOk_B_Co@K?	46	3fffffffffff
N???CB?KAOk_B_Co?[?	46	3fffffffffff
N???CB?KAOh_K_@oD_?	46	3fffffff0ffff
N???CB?KAOh_K_@oEO?	46	3fffffff0ffff
N???CB?KAOh_K_@oSG?	46	3fffffffffff
N???CB?KAOh_K_@oPG?	46	7ffffffffffd
N???CB?KAOh_K_@oPC?	46	fffffffdfffd
N???CB?KAOh_K_@oOK?	46	7ffffffffffb
N???CB?KAOh_K_@o@K?	46	7fffffffefff
N???CB?KAOh_K_@o?[?	46	3fffffffffff
N???CB?KAOh_H_CoB_?	46	3fffffff0ffff
N???CB?KAOh_H_CoSG?	46	3fffffffffff
N???CB?KAOh_H_CoPC?	46	fffffffeff7f
N???CB?KAOh_H_CoOK?	46	7fffffff7fff
N???CB?KAOh_H_Co@K?	46	7ffffffeffff
N???CB?KAOh_H_Co?[?	46	3fffffffffff
N???CB?KAOd_AoD_U??	46	3fffffffffff
N???CB?KAOd_AoD_E_?	46	2ffdeff7fe70fccc
N???CB?KAOd_AoD_WG?	46	7ffffffff7ff
N???CB?KAOd_AoD_GW?	46	3fffffffffff
N???CB?KAOd_AoD_SC?	46	7ffffffff7ff
N???CB?KAOd_AoD_QC?	46	3fffffffffff
N???CB?KAOd_AoD_Oc?	46	3fffffffffff
N???CB?KAOd_AoD_OS?	46	3fffffffffff
N???CB?KAOd_AoD_GK?	46	7ffffffdffff
N???CB?KAOgoM?@oSG?	46	3fffffffffff
N???CB?KAOgoM?@o@K?	46	3fffffffffff
N???CB?KAOgoL?AoF??	46	3fffffff0ffff
N???CB?KAOgoL?AoSG?	46	3fffffffffff
N???CB?KAOgoL?Ao@S?	46	7ffffffff7ff
N???CB?KAOgoL?AoOK?	46	7ffffffffffd
N???CB?KAOgoL?Ao@K?	46	7ffffffff7ff
N???CB?KAOgoJ?CoF??	46	3fffffff0ffff
N???CB?KAOgoJ?Co@o?	46	3fffffff0ffff
N???CB?KAOgoJ?CoSG?	46	3fffffffffff
N???CB?KAOgoJ?CoOK?	46	7fffffffff7f
N???CB?KAOgoJ?Co@K?	46	3fffffffffff
N???CB?KAOgoH_EO@o?	46	3fffffff0ffff
N???CB?KAOgoH_EOSG?	46	3fffffffffff
N???CB?KAOgoH_EOBG?	46	7ffffffff7ff
N???CB?KAOgoH_EOBC?	46	7ffffffff7ff
N???CB?KAOgoH_EOOK?	46	7fffffff7fff
N???CB?KAOgoH_EOAK?	46	7ffffffeffff
N???CB?KAOgoH_EO@K?	46	7ffffffeffff
N???CB?KAOgoB_KO@o?	46	ffffffff0e7ff
N???CB?KAOgoB_KOEC?	46	7ffffffff7ff
N???CB?KAOgoB_KOOK?	46	7ffffffdffff
N???CB?KAOgoB_KOCK?	46	7ffffffdffff
N???CB?KAOgoB_KO@K?	46	3fffffffffff
N???CB?KAO`oIOD_WG?	46	7ffffffff7ff
N???CB?KAO`oIOD_KG?	46	7ffffffff7ff
N???CB?KAO`oIOD_SC?	46	7ffffffff7ff
N???CB?KAO`oIOD_KC?	46	7ffffffff7ff
N???CB?KAO`oIOD_QC?	46	3fffffffffff
N???CB?KAO`oIOD_Oc?	46	3fffffffffff
N???CB?KAO`oIOD_GK?	46	7ffffffdffff
N???CB?KAO`oBOK_U??	46	3fffffffffff
N???CB?KAO`oBOK_WG?	46	7ffffffffffd
N???CB?KAO`oBOK_Gg?	46	7ffffffff7ff
N???CB?KAO`oBOK_SC?	46	3fffffffffff
N???CB?KAO`oBOK_Gc?	46	7ffffffff7ff
N???CB?KAO`oBOK_OS?	46	3fffffffffff
N???CB?KAO`oBOK_GK?	46	7fffffffefff
N???CB?KAOkGB_D_@o?	46	3fffffff0ffff
N???CB?KAOkGB_D_SG?	46	ffffffffff74c
N???CB?KAOkGB_D_EC?	46	7ffffffff7ff
N???CB?KAOkGB_D_@K?	46	7ffffffdffff
N???CB?KAOggI_D_F??	46	3fffffff0ffff
N???CB?KAOggI_D_DO?	46	3fffffff0ffff
N???CB?KAOggI_D_@K?	46	7ffffffdffff
N???CB?KAOggI_D_?k?	46	fffffffefeff
N???CB?KAOggB_K_F??	46	3fffffff0ffff
N???CB?KAOggB_K_EO?	46	3fffffff0ffff
N???CB?KAOggB_K_@K?	46	7fffffffefff
N???CB?KAOggB_K_?k?	46	ffffffff6fff
N???CB?KAOcKD_B_U??	46	7ffffffff7ff
N???CB?KAOcKD_B_E_?	46	3fffffffffff
N???CB?KAO`KH_D_U??	46	7ffffffffffb
N???C@_S@WU?E_@o@g?	46	3ffffffe97fff
N???C@_S@WU?E_@oGc?	46	3fffffffffff
N???C@_S@WU?E_@oGS?	46	3fffffffffff
N???C@_S@WU?E_@o@S?	46	3fffffffffff
N???C@_S@WU?E_@oGK?	46	3fffffffffff
N???C@_S@WU?E_@oOE?	46	7ffffffdffff
N???C@_S@WU?E_@o?e?	46	3fffffffffff
N???C@_S@WU?E_@o?M?	46	3fffffffffff
N???C@_S@WU?CoB_HG?	46	3fffffffffff
N???C@_S@WU?CoB_@g?	46	3ffffffe97fff
N???C@_S@WU?CoB_HC?	46	3fffffffffff
N???C@_S@WU?CoB_GS?	46	3fffffffffff
N???C@_S@WU?CoB_GK?	46	7ffffffff7ff
N???C@_S@WU?CoB_HA?	46	3fffffffffff
N???C@_S@WU?CoB_GQ?	46	3fffffffffff
N???C@_S@WU?CoB_GI?	46	7ffffffff7ff
N???C@_S@WU?CoB_OE?	46	7ffffffff7ff
N???C@_S@WU?CoB_GE?	46	7ffffffff7ff
N???C@_S@WU?CoB_@E?	46	3fffffffffff
N???C@_S@WU?CoB_?U?	46	3fffffffffff
N???C@_S@WU?CoB_?M?	46	7ffffffdffff
N???C@_S@WU??sB_X??	46	3fffffffffff
N???C@_S@WU??sB_J??	46	3fffffffffff
N???C@_S@WU??sB_P_?	46	3fffffffffff
N???C@_S@WU??sB_WO?	46	3fffffffffff
N???C@_S@WU??sB_IO?	46	3fffffffffff
N???C@_S@WU??sB_WG?	46	7ffffffff7ff
N???C@_S@WU??sB_IG?	46	7ffffffff7ff
N???C@_S@WU??sB_HG?	46	3fffffffffff
N???C@_S@WU??sB_AW?	46	3fffffffffff
N???C@_S@WU??sB_QC?	46	7ffffffff7ff
N???C@_S@WU??sB_AS?	46	3fffffffffff
N???C@_S@WU??sB_GK?	46	7ffffffdffff
N???C@_S@WU??sB_AK?	46	7ffffffdffff
N???C@_S@WU??sB_@K?	46	3fffffffffff
N???C@_S@WU??sB_?[?	46	3fffffffffff
N???C@_S@WT?c_@o@g?	46	2ffdeff7fe70fccc
N???C@_S@WT?c_@oIC?	46	7ffffffff7ff
N???C@_S@WT?c_@oIA?	46	7ffffffff7ff
N???C@_S@WT?c_@oHA?	46	7ffffffff7ff
N???C@_S@WT?c_@oGa?	46	3fffffffffff
N???C@_S@WT?c_@oGQ?	46	3fffffffffff
N???C@_S@WT?c_@oGI?	46	3fffffffffff
N???C@_S@WT?c_@o@I?	46	3fffffffffff
N???C@_S@WT?S_@oQ_?	46	3fffffffffff
N???C@_S@WT?S_@oB_?	46	3fffffffffff
N???C@_S@WT?S_@oQO?	46	3fffffffffff
N???C@_S@WT?S_@o@o?	46	3fffffffffff
N???C@_S@WT?S_@oBG?	46	3fffffffffff
N???C@_S@WT?S_@oAg?	46	3fffffffffff
N???C@_S@WT?S_@oAW?	46	3fffffffffff
N???C@_S@WT?S_@oQC?	46	7ffffffff7ff
N???C@_S@WT?S_@oBC?	46	ffffffffe7ff
N???C@_S@WT?S_@oAc?	46	3fffffffffff
N???C@_S@WT?S_@oOK?	46	3fffffffffff
N???C@_S@WT?S_@oAK?	46	3fffffffffff
N???C@_S@WT?S_@oOa?	46	3fffffffffff
N???C@_S@WT?S_@oOQ?	46	3fffffffffff
N???C@_S@WT?S_@o@Q?	46	3fffffffffff
N???C@_S@WT?S_@o?q?	46	3fffffffffff
N???C@_S@WT?S_@oOI?	46	3fffffffffff
N???C@_S@WT?S_@o?i?	46	3fffffffffff
N???C@_S@WT?S_@o?Y?	46	3fffffffffff
N???C@_S@WT?S_@oOE?	46	7ffffffdffff
N???C@_S@WT?S_@o@E?	46	fffffffdf7ff
N???C@_S@WT?S_@o?M?	46	3fffffffffff
N???C@_S@WT?E_@oI_?	46	3fffffffffff
N???C@_S@WT?E_@oGo?	46	3fffffffffff
N???C@_S@WT?E_@oOg?	46	2ffdeff7fe70fccc
N???C@_S@WT?E_@o?w?	46	3faeffff75e937d2
N???C@_S@WT?E_@oIC?	46	ffffffffe7ff
N???C@_S@WT?E_@oGS?	46	3fffffffffff
N???C@_S@WT?E_@oAS?	46	3fffffffffff
N???C@_S@WT?E_@oWA?	46	7ffffffff7ff
N???C@_S@WT?E_@oGa?	46	3fffffffffff
N???C@_S@WT?E_@oAa?	46	3fffffffffff
N???C@_S@WT?E_@oGQ?	46	3fffffffffff
N???C@_S@WT?E_@oGI?	46	3fffffffffff
N???C@_S@WT?E_@oGE?	46	fffffffdf7ff
N???C@_S@WT?`_Co@o?	46	2ffdeff7fe70fccc
N???C@_S@WT?`_CoIG?	46	3fffffffffff
N???C@_S@WT?`_Co@g?	46	2ffdeff7fe70fccc
N???C@_S@WT?`_CoIC?	46	7ffffffdffff
N???C@_S@WT?`_CoIA?	46	7ffffffdffff
N???C@_S@WT?`_CoHA?	46	7fffffffff7f
N???C@_S@WT?`_CoGQ?	46	3fffffffffff
N???C@_S@WT?`_CoGI?	46	3fffffffffff
N???C@_S@WT?`_Co@I?	46	3fffffffffff
N???C@_S@WT?D_CoOo?	46	3fffffff0ffff
N???C@_S@WT?D_CoWC?	46	3fffffffffff
N???C@_S@WT?D_CoPC?	46	fffffffff7fd
N???C@_S@WT?D_CoHC?	46	ffffffffeffb
N???C@_S@WT?D_CoGS?	46	3fffffffffff
N???C@_S@WT?D_Co?s?	46	3fffffffffff
N???C@_S@WT?D_CoGK?	46	3fffffffffff
N???C@_S@WT?D_CoOE?	46	3fffffffffff
N???C@_S@WT?D_Co@E?	46	3fffffffffff
N???C@_S@WT?B_CoQ_?	46	3fffffff0ffff
N???C@_S@WT?B_CoAo?	46	3ffffffe97fff
N???C@_S@WT?B_CoIG?	46	3fffffffffff
N???C@_S@WT?B_CoOg?	46	2ffdeff7fe70fccc
N???C@_S@WT?B_Co?w?	46	3faeffff75e937d2
N???C@_S@WT?B_CoQC?	46	3fffffffffff
N???C@_S@WT?B_CoIC?	46	fffffffdefff
N???C@_S@WT?B_CoAc?	46	3fffffffffff
N???C@_S@WT?B_CoWA?	46	7fffffffff7f
N???C@_S@WT?B_CoIA?	46	fffffffdefff
N???C@_S@WT?B_CoGa?	46	ffffffffe7ff
N???C@_S@WT?B_CoAa?	46	3fffffffffff
N???C@_S@WT?B_CoGI?	46	3fffffffffff
N???C@_S@WT?B_CoOE?	46	7ffffffeffff
N???C@_S@WT?B_CoGE?	46	fffffffef7ff
N???C@_S@WT?B_CoAE?	46	fffffffef7ff
N???C@_S@WT?_oD_@g?	46	2ffdeff7fe70fccc
N???C@_S@WT?_oD_IC?	46	ffffffffeffb
N???C@_S@WT?_oD_IA?	46	ffffffffeffb
N???C@_S@WT?_oD_HA?	46	fffffffffffa
N???C@_S@WT?_oD_Ga?	46	3fffffffffff
N???C@_S@WT?_oD_GQ?	46	3fffffffffff
N???C@_S@WT?_oD_GI?	46	7fffffffff7f
N???C@_S@WT?OoD_Q_?	46	3fffffffffff
N???C@_S@WT?OoD_BO?	46	3fffffffffff
N???C@_S@WT?OoD_@o?	46	3fffffffffff
N???C@_S@WT?OoD_BG?	46	3fffffffffff
N???C@_S@WT?OoD_Ag?	46	3fffffffffff
N???C@_S@WT?OoD_AW?	46	3fffffffffff
N???C@_S@WT?OoD_QC?	46	3fffffffffff
N???C@_S@WT?OoD_BC?	46	3fffffffffff
N???C@_S@WT?OoD_AK?	46	3fffffffffff
N???C@_S@WT?OoD_?k?	46	3fffffffffff
N???C@_S@WT?OoD_Oa?	46	3fffffffffff
N???C@_S@WT?OoD_OQ?	46	3fffffffffff
N???C@_S@WT?OoD_OI?	46	7fffffffff7f
N???C@_S@WT?OoD_AI?	46	3fffffffffff
N???C@_S@WT?OoD_@I?	46	7ffffffff7ff
N???C@_S@WT?OoD_?i?	46	3fffffffffff
N???C@_S@WT?OoD_?Y?	46	3fffffffffff
N???C@_S@WT?OoD_OE?	46	7fffffffff7f
N???C@_S@WT?OoD_@E?	46	7ffffffff7ff
N???C@_S@WT?AoD_IO?	46	3fffffffffff
N???C@_S@WT?AoD_Go?	46	3fffffffffff
N???C@_S@WT?AoD_QC?	46	3fffffffffff
N???C@_S@WT?AoD_IC?	46	7fffffffefff
N???C@_S@WT?AoD_WA?	46	7ffffffffffe
N???C@_S@WT?AoD_IA?	46	7fffffffefff
N???C@_S@WT?AoD_Ga?	46	3fffffffffff
N???C@_S@WT?AoD_Aa?	46	3fffffffffff
N???C@_S@WT?AoD_GQ?	46	3fffffffffff
N???C@_S@WT?AoD_GI?	46	7ffffffff7ff
N???C@_S@WT?AoD_OE?	46	7ffffffff7ff
N???C@_S@WT?AoD_GE?	46	7ffffffff7ff
N???C@_S@WT?AoD_AE?	46	7ffffffff7ff
N???C@_S@WT?@oCoIC?	46	3fffffffffff
N???C@_S@WT?@oCoWA?	46	3fffffffffff
N???C@_S@WT?@oCoHA?	46	3fffffffffff
N???C@_S@WT?@oCoGQ?	46	3fffffffffff
N???C@_S@WT?@oCoGE?	46	3fffffffffff
N???C@_S@WT??wD_Y??	46	3fffffffffff
N???C@_S@WT??wD_R??	46	3fffffffffff
N???C@_S@WT??wD_J??	46	3fffffffffff
N???C@_S@WT??wD_I_?	46	3fffffffffff
N???C@_S@WT??wD_IO?	46	3fffffffffff
N???C@_S@WT??wD_Ao?	46	3fffffffffff
N???C@_S@WT??wD_IG?	46	3fffffffffff
N???C@_S@WT??wD_OW?	46	3ffffffffffcc
N???C@_S@WT??wD_WA?	46	7fffffffff7f
N???C@_S@WT??wD_QA?	46	3fffffffffff
N???C@_S@WT??wD_HA?	46	7ffffffff7ff
N???C@_S@WT??wD_GI?	46	7ffffffeffff
N???C@_S@WT??wD_AI?	46	3fffffffffff
N???C@_S@WT??sD_Y??	46	3fffffffffff
N???C@_S@WT??sD_J??	46	3fffffffffff
N???C@_S@WT??sD_W_?	46	3fffffffffff
N???C@_S@WT??sD_WO?	46	3fffffffffff
N???C@_S@WT??sD_IO?	46	fffffffdefff
N???C@_S@WT??sD_PO?	46	3fffffffffff
N???C@_S@WT??sD_Ao?	46	3fffffffffff
N???C@_S@WT??sD_IG?	46	3fffffffffff
N???C@_S@WT??sD_HG?	46	7ffffffff7ff
N???C@_S@WT??sD_Gg?	46	3fffffffffff
N???C@_S@WT??sD_WC?	46	7fffffffff7f
N???C@_S@WT??sD_QC?	46	3fffffffffff
N???C@_S@WT??sD_PC?	46	fffffffff6ff
N???C@_S@WT??sD_AK?	46	3fffffffffff
N???C@_S@WT??sD_?k?	46	3fffffffffff
N???C@_S@WT??sD_?[?	46	3fffffffffff
N???C@_S@WF?o_@oR??	46	7ffffffffffe
N???C@_S@WF?o_@oQ_?	46	3fffffffffff
N???C@_S@WF?o_@oP_?	46	3fffffffffff
N???C@_S@WF?o_@oQO?	46	3fffffffffff
N???C@_S@WF?o_@oQG?	46	3fffffffffff
N???C@_S@WF?o_@oAg?	46	3fffffffffff
N???C@_S@WF?o_@oQC?	46	7ffffffff7ff
N???C@_S@WF?o_@oPC?	46	7ffffffff7ff
N???C@_S@WF?o_@oOc?	46	3fffffffffff
N???C@_S@WF?o_@oOK?	46	3fffffffffff
N???C@_S@WF?o_@oAK?	46	3fffffffffff
N???C@_S@WF?o_@oPA?	46	7ffffffff7ff
N???C@_S@WF?o_@oOa?	46	3fffffffffff
N???C@_S@WF?o_@o@a?	46	7fffffffff7f
N???C@_S@WF?o_@oOQ?	46	3fffffffffff
N???C@_S@WF?o_@o?q?	46	3fffffffffff
N???C@_S@WF?o_@oOI?	46	3fffffffffff
N???C@_S@WF?o_@o?i?	46	3fffffffffff
N???C@_S@WF?o_@oOE?	46	7ffffffdffff
N???C@_S@WF?o_@oAE?	46	3fffffffd77fd
N???C@_S@WF?o_@o?M?	46	3fffffffffff
N???C@_S@WF?c_@oP_?	46	3fffffff0ffff
N???C@_S@WF?c_@oWC?	46	7ffffffff7ff
N???C@_S@WF?c_@oPC?	46	7ffffffff7ff
N???C@_S@WF?c_@o@S?	46	3fffffffffff
N???C@_S@WF?c_@oGK?	46	3fffffffffff
N???C@_S@WF?c_@oWA?	46	7ffffffff7ff
N???C@_S@WF?c_@oPA?	46	7ffffffff7ff
N???C@_S@WF?c_@oHA?	46	3ffffffffe67f
N???C@_S@WF?c_@oGI?	46	3fffffffffff
N???C@_S@WF?c_@oOE?	46	7ffffffdffff
N???C@_S@WF?c_@oGE?	46	3fffffffd77fd
N???C@_S@WF?c_@o@E?	46	3fffffffd77fd
N???C@_S@WF?c_@o?U?	46	3fffffffffff
N???C@_S@WF?c_@o?M?	46	3fffffffffff
N???C@_S@WF?a_@oW_?	46	3fffffffffff
N???C@_S@WF?a_@oQ_?	46	3fffffff0ffff
N???C@_S@WF?a_@oAg?	46	3ffffffe97fff
N???C@_S@WF?a_@oIC?	46	3ffffffffe67f
N???C@_S@WF?a_@oAc?	46	7fffffffff7f
N???C@_S@WF?a_@oGS?	46	3fffffffffff
N???C@_S@WF?a_@oAS?	46	3fffffffffff
N???C@_S@WF?a_@oAK?	46	3fffffffffff
N???C@_S@WF?a_@o?k?	46	1ffffffffb7fe
N???C@_S@WF?a_@oWA?	46	7ffffffff7ff
N???C@_S@WF?a_@oIA?	46	3ffffffffe67f
N???C@_S@WF?a_@oGa?	46	7fffffffff7f
N???C@_S@WF?a_@oGQ?	46	3fffffffffff
N???C@_S@WF?a_@oGI?	46	3fffffffffff
N???C@_S@WF?a_@oAE?	46	3fffffffd77fd
N???C@_S@WF?`_@oY??	46	3fffffffffff
N???C@_S@WF?`_@oX??	46	3fffffffffff
N???C@_S@WF?`_@oR??	46	3fffffff0ffff
N???C@_S@WF?`_@oPO?	46	2ffdeff7fe70fccc
N???C@_S@WF?`_@oPC?	46	3ffffffffffcc
N???C@_S@WF?`_@oWA?	46	7ffffffffffb
N???C@_S@WF?`_@oPA?	46	3fffffffffff
N???C@_S@WF?`_@oGQ?	46	7fffffffefff
N???C@_S@WF?`_@oOE?	46	3fffffffffff
N???C@_S@WF?D__oOo?	46	3fffffff0ffff
N???C@_S@WF?D__oWC?	46	3fffffffffff
N???C@_S@WF?D__oPC?	46	3fffffffffff
N???C@_S@WF?D__oWA?	46	3fffffffffff
N???C@_S@WF?D__oOE?	46	3fffffffffff
N???C@_S@WF?B__oW_?	46	3fffffffffff
N???C@_S@WF?B__oQ_?	46	3fffffff0ffff
N???C@_S@WF?B__oOo?	46	2ffdeff7fe70fccc
N???C@_S@WF?B__oWC?	46	3fffffffffff
N???C@_S@WF?B__oQC?	46	3fffffffffff
N???C@_S@WF?B__oOc?	46	3ffffffffffcc
N???C@_S@WF?B__oWA?	46	ffffffff7ffb
N???C@_S@WF?_g@oY??	46	7ffffffff7ff
N???C@_S@WF?_g@oX??	46	7ffffffff7ff
N???C@_S@WF?_g@oR??	46	7ffffffff7ff
N???C@_S@WF?_g@oJ??	46	3ffffffffe67f
N???C@_S@WF?_g@oI_?	46	7fffffffff7f
N???C@_S@WF?_g@oP_?	46	3ffffffffffcc
N???C@_S@WF?_g@oQO?	46	3fffffffffff
N???C@_S@WF?_g@oIO?	46	3fffffffffff
N???C@_S@WF?_g@oBO?	46	3fffffffffff
N???C@_S@WF?_g@oIG?	46	3fffffffffff
N???C@_S@WF?_g@o@g?	46	1ffffffffb7fe
N???C@_S@WF?_g@oOW?	46	3ffffffffffcc
N???C@_S@WF?_g@oWA?	46	7ffffffdffff
N???C@_S@WF?_g@oQA?	46	7ffffffdffff
N???C@_S@WF?_g@oGI?	46	3fffffffffff
N???C@_S@WF?_g@oAI?	46	3fffffffffff
N???C@_S@WF?_c@oY??	46	7ffffffff7ff
N???C@_S@WF?_c@oX??	46	7ffffffff7ff
N???C@_S@WF?_c@oR??	46	7ffffffff7ff
N???C@_S@WF?_c@oJ??	46	3ffffffffe67f
N???C@_S@WF?_c@oW_?	46	3fffffffffff
N???C@_S@WF?_c@oQ_?	46	3fffffffffff
N???C@_S@WF?_c@oP_?	46	3fffffffffff
N???C@_S@WF?_c@oH_?	46	7fffffffff7f
N???C@_S@WF?_c@oQO?	46	3fffffffffff
N???C@_S@WF?_c@oIO?	46	3fffffffffff
N???C@_S@WF?_c@oBO?	46	3fffffffffff
N???C@_S@WF?_c@oIG?	46	3fffffffffff
N???C@_S@WF?_c@o@g?	46	3fffffffffff
N???C@_S@WF?_c@oOW?	46	fffffffff7fd
N???C@_S@WF?_c@oGW?	46	3fffffffffff
N???C@_S@WF?_c@oWC?	46	7ffffffdffff
N???C@_S@WF?_c@oQC?	46	7ffffffdffff
N???C@_S@WF?_c@oOc?	46	3fffffffffff
N???C@_S@WF?_c@oOS?	46	3fffffffffff
N???C@_S@WF?_c@oGK?	46	3fffffffffff
N???C@_S@WF?_c@oAK?	46	3fffffffffff
N???C@_S@WF?_c@o?k?	46	3fffffffffff
N???C@_S@WD_o_CoP_?	46	fffffffff7fe
N???C@_S@WD_o_CoB_?	46	7ffffffffffe
N???C@_S@WD_o_CoBG?	46	3fffffffffff
N???C@_S@WD_c_CoP_?	46	3fffffff0ffff
N???C@_S@WD_S__oP_?	46	1ffffff7efffd
N???C@_S@WD_a_CoQ_?	46	3fffffff0ffff
N???C@_S@WD_a_CoAo?	46	3ffffffe97fff
N???C@_S@WD_a_CoIG?	46	fffffffffefe
N???C@_S@WD_a_CoOg?	46	2ffdeff7fe70fccc
N???C@_S@WD_a_CoAg?	46	3ffffffe97fff
N???C@_S@WD_a_Co?w?	46	3faeffff75e937d2
N???C@_S@WD_a_CoAc?	46	7fffffffff7f
N???C@_S@WD_a_CoGa?	46	3ffffffffe67f
N???C@_S@WD_a_CoGI?	46	ffffffffff7d
N???C@_S@WD_E__oW_?	46	3fffffffffff
N???C@_S@WD_E__oOg?	46	2ffdeff7fe70fccc
N???C@_S@WD_E__oWA?	46	3ffffffff7f7a
N???C@_S@WD__gCoP_?	46	ffffffffff74c
N???C@_S@WD__gCoB_?	46	7fffffffff7f
N???C@_S@WD__cCoP_?	46	7ffffffff7ff
N???C@_S@WB_a_GoW_?	46	3fffffffffff
N???C@_S@WB_a_GoQ_?	46	3fffffff0ffff
N???C@_S@WB_a_GoGo?	46	3fffffffffff
N???C@_S@WB_a_GoIG?	46	3fffffffffff
N???C@_S@WB_a_GoAg?	46	3ffffffe97fff
N???C@_S@WB_a_GoOW?	46	2ffdeff7fe70fccc
N???C@_S@WB_a_GoOc?	46	3ffffffffffcc
N???C@_S@WB_a_GoAc?	46	7fffffffff7f
N???C@_S@WB_a_Go?k?	46	1ffffffffb7fe
N???C@_S@WB_a_GoWA?	46	3fffffffffff
N???C@_S@WB_a_GoGa?	46	7fffffffff7f
N???C@_S@WB_a_GoGQ?	46	3fffffffffff
N???C@_S@WB_a_GoGI?	46	3fffffffffff
N???C@_S@WB_a_Go?i?	46	3fffffffffff
N???C@_S@WB_a_GoOE?	46	3fffffffffff
N???C@_S@WB_a_@o[??	46	3fffffffffff
N???C@_S@WB_a_@oU??	46	3fffffff0ffff
N???C@_S@WB_a_@oM??	46	7ffffffffffe
N???C@_S@WB_a_@oEO?	46	3ffffffe97fff
N???C@_S@WB_a_@oWC?	46	3fffffffffff
N???C@_S@WB_a_@oSC?	46	3ffffffffffcc
N???C@_S@WB_a_@oIC?	46	7fffffffff7f
N???C@_S@WB_a_@oEC?	46	7fffffffff7f
N???C@_S@WB_a_?wY??	46	3fffffffffff
N???C@_S@WB_a_?wI_?	46	7fffffffff7f
N???C@_S@WB_a_?wIO?	46	3fffffffffff
N???C@_S@WB_a_?wKG?	46	3fffffffffff
N???C@_S@WB_a_?wIG?	46	3fffffffffff
N???C@_S@WB_a_?wCg?	46	1ffffffffb7fe
N???C@_S@WB_a_?wAg?	46	3fffffffffff
N???C@_S@WB_a_?wWA?	46	3fffffffffff
N???C@_S@WB_a_?wKA?	46	7fffffff7fff
N???C@_S@WB_a_?wAa?	46	7fffffff7fff
N???C@_S@WB_a_?wOQ?	46	3fffffffffff
N???C@_S@WB_a_?wGI?	46	3fffffffffff
N???C@_S@WB_a_?wAI?	46	3fffffffffff
N???C@_S@WSOe?@oIC?	46	7ffffffff7ff
N???C@_S@WSOe?@oIA?	46	7ffffffff7ff
N???C@_S@WSOe?@oHA?	46	7ffffffff7ff
N???C@_S@WSOe?@oGa?	46	3fffffffffff
N???C@_S@WSOe?@oGQ?	46	3fffffffffff
N???C@_S@WSOe?@oGI?	46	3fffffffffff
N???C@_S@WSOe?@o?Y?	46	3fffffffffff
N???C@_S@WSOU?@oR??	46	7ffffffffffe
N???C@_S@WSOU?@oQ_?	46	3fffffffffff
N???C@_S@WSOU?@oQO?	46	3fffffffffff
N???C@_S@WSOU?@oAo?	46	3fffffffffff
N???C@_S@WSOU?@o@o?	46	3fffffffffff
N???C@_S@WSOU?@oQG?	46	3fffffffffff
N???C@_S@WSOU?@oBG?	46	3fffffffffff
N???C@_S@WSOU?@oAg?	46	3fffffffffff
N???C@_S@WSOU?@oAW?	46	3fffffffffff
N???C@_S@WSOU?@o?w?	46	3ffff7dfdf7ff
N???C@_S@WSOU?@oQC?	46	7ffffffff7ff
N???C@_S@WSOU?@oAc?	46	7fffffffff7f
N???C@_S@WSOU?@oAS?	46	3fffffffffff
N???C@_S@WSOU?@oOK?	46	3fffffffffff
N???C@_S@WSOU?@oAK?	46	3fffffffffff
N???C@_S@WSOU?@oPA?	46	7ffffffff7ff
N???C@_S@WSOU?@oOa?	46	3fffffffffff
N???C@_S@WSOU?@o?q?	46	3fffffffffff
N???C@_S@WSOU?@oOI?	46	3fffffffffff
N???C@_S@WSOU?@o@I?	46	3fffffffffff
N???C@_S@WSOU?@o?Y?	46	3fffffffffff
N???C@_S@WSOU?@oOE?	46	7ffffffdffff
N???C@_S@WSOU?@o?M?	46	3fffffffffff
N???C@_S@WSOb?Co@o?	46	2ffdeff7fe70fccc
N???C@_S@WSOb?CoIG?	46	3fffffffffff
N???C@_S@WSOb?Co@g?	46	2ffdeff7fe70fccc
N???C@_S@WSOb?CoGW?	46	3fffffffffff
N???C@_S@WSOb?CoIC?	46	7ffffffdffff
N???C@_S@WSOb?CoIA?	46	7ffffffdffff
N???C@_S@WSOb?CoGQ?	46	3fffffffffff
N???C@_S@WSOb?CoGI?	46	3fffffffffff
N???C@_S@WSOb?Co?Y?	46	3fffffffffff
N???C@_S@WSOb?Co?U?	46	3fffffffffff
N???C@_S@WSOF?CoP_?	46	3fffffff0ffff
N???C@_S@WSOF?CoWC?	46	3fffffffffff
N???C@_S@WSOF?CoGK?	46	3fffffffffff
N???C@_S@WSOF?CoOE?	46	3fffffffffff
N???C@_S@WSOF?Co?U?	46	3fffffffffff
N???C@_S@WSOc_BO@g?	46	2ffdeff7fe70fccc
N???C@_S@WSOc_BOGW?	46	3fffffffffff
N???C@_S@WSOc_BOIC?	46	7ffffffffffd
N???C@_S@WSOc_BOAS?	46	7ffffffff7ff
N???C@_S@WSOc_BOHA?	46	3fffffffffff
N???C@_S@WSOc_BOGQ?	46	7ffffffff7ff
N???C@_S@WSOc_BOAQ?	46	7ffffffff7ff
N???C@_S@WSOc_BOGI?	46	3fffffffffff
N???C@_S@WSOc_BO?Y?	46	3fffffffffff
N???C@_S@WSOS_BOR??	46	3fffffffffff
N???C@_S@WSOS_BOB_?	46	3fffffffffff
N???C@_S@WSOS_BO@o?	46	3fffffffffff
N???C@_S@WSOS_BOQG?	46	3fffffffffff
N???C@_S@WSOS_BOBG?	46	3fffffffffff
N???C@_S@WSOS_BOOW?	46	3fffffffffff
N???C@_S@WSOS_BOAW?	46	3fffffffffff
N???C@_S@WSOS_BOQC?	46	7ffffffffffd
N???C@_S@WSOS_BOAK?	46	3fffffffffff
N???C@_S@WSOS_BOPA?	46	3fffffffffff
N???C@_S@WSOS_BOOQ?	46	7ffffffff7ff
N???C@_S@WSOS_BO@Q?	46	3fffffffffff
N???C@_S@WSOS_BOOI?	46	3fffffffffff
N???C@_S@WSOS_BO@I?	46	3fffffffffff
N???C@_S@WSOS_BOOE?	46	7fffffffefff
N???C@_S@WSOS_BO?M?	46	3fffffffffff
N???C@_S@WSOa_DO@o?	46	2ffdeff7fe70fccc
N???C@_S@WSOa_DOIC?	46	7ffffffeffff
N???C@_S@WSOa_DOIA?	46	7ffffffeffff
N???C@_S@WSOa_DOGa?	46	3fffffffffff
N???C@_S@WSOa_DOGI?	46	3fffffffffff
N???C@_S@WSOa_DO?Y?	46	3fffffffffff
N???C@_S@WSOE_DOP_?	46	3fffffff0ffff
N???C@_S@WSOE_DOWC?	46	3fffffffffff
N???C@_S@WSOE_DOGS?	46	3fffffffffff
N???C@_S@WSOE_DOGK?	46	3fffffffffff
N???C@_S@WSOE_DOOE?	46	3fffffffffff
N???C@_S@WSOE_DO?e?	46	3fffffffffff
N???C@_S@WSOE_@oY??	46	3fffffffffff
N???C@_S@WSOE_@oI_?	46	3fffffffffff
N???C@_S@WSOE_@oH_?	46	3fffffffffff
N???C@_S@WSOE_@oIC?	46	3fffffffffff
N???C@_S@WSOE_@oBC?	46	3fffffffffff
N???C@_S@WSOE_@oWA?	46	3fffffffffff
N???C@_S@WSOE_@oIA?	46	3fffffffffff
N???C@_S@WSOE_@oHA?	46	3fffffffffff
N???C@_S@WSOE_@oGa?	46	3fffffffffff
N???C@_S@WSOE_@oGI?	46	3fffffffffff
N???C@_S@WSOE_@oOE?	46	3fffffffffff
N???C@_S@WSOE_@oAE?	46	3fffffffffff
N???C@_S@WSOB_EOY??	46	3fffffffffff
N???C@_S@WSOB_EOW_?	46	3fffffffffff
N???C@_S@WSOB_EOAo?	46	3ffffffe97fff
N???C@_S@WSOB_EOAg?	46	3ffffffe97fff
N???C@_S@WSOB_EO?w?	46	3faeffff75e937d2
N???C@_S@WSOB_EOIC?	46	3fffffffffff
N???C@_S@WSOB_EOAc?	46	3fffffffffff
N???C@_S@WSOB_EOAK?	46	3fffffffffff
N???C@_S@WSOB_EOWA?	46	3fffffffffff
N???C@_S@WSOB_EOIA?	46	3fffffffffff
N???C@_S@WSOB_EOGa?	46	3fffffffffff
N???C@_S@WSOB_EOGI?	46	3fffffffffff
N???C@_S@WSOB_EOGE?	46	3fffffffffff
N???C@_S@WSOB_EOAE?	46	3fffffffffff
N???C@_S@WSOB_EO?M?	46	3fffffffffff
N???C@_S@WSOB_CoY??	46	3fffffffffff
N???C@_S@WSOB_CoB_?	46	3ffffffe97fff
N???C@_S@WSOB_CoIC?	46	3fffffffffff
N???C@_S@WSOB_CoAK?	46	3fffffffffff
N???C@_S@WSOB_CoWA?	46	3fffffffffff
N???C@_S@WSOB_CoIA?	46	3fffffffffff
N???C@_S@WSOB_CoGI?	46	3fffffffffff
N???C@_S@WSOB_CoOE?	46	3fffffffffff
N???C@_S@WSOB_CoAE?	46	3fffffffffff
N???C@_S@WSOcOB_@o?	46	2ffdeff7fe70fccc
N???C@_S@WSOcOB_GW?	46	3fffffffffff
N???C@_S@WSOcOB_IC?	46	7ffffffffffe
N???C@_S@WSOcOB_GK?	46	7ffffffff7ff
N???C@_S@WSOcOB_AK?	46	7ffffffff7ff
N???C@_S@WSOcOB_HA?	46	3fffffffffff
N???C@_S@WSOcOB_GQ?	46	3fffffffffff
N???C@_S@WSOcOB_GI?	46	7ffffffff7ff
N???C@_S@WSOcOB_?Y?	46	3fffffffffff
N???C@_S@WSOcOB_AE?	46	7ffffffff7ff
N???C@_S@WSOSOB_R??	46	3fffffffffff
N???C@_S@WSOSOB_P_?	46	3ffdffdfdff7f
N???C@_S@WSOSOB_QO?	46	3fffffffffff
N???C@_S@WSOSOB_@o?	46	3ffff7dfdf7ff
N???C@_S@WSOSOB_BG?	46	3fffffffffff
N???C@_S@WSOSOB_OW?	46	3fffffffffff
N???C@_S@WSOSOB_AW?	46	3fffffffffff
N???C@_S@WSOSOB_QC?	46	7ffffffffffe
N???C@_S@WSOSOB_AS?	46	3fffffffffff
N???C@_S@WSOSOB_@K?	46	3fffffffffff
N???C@_S@WSOSOB_?[?	46	3fffffffffff
N???C@_S@WSOSOB_PA?	46	3fffffffffff
N???C@_S@WSOSOB_OI?	46	7ffffffff7ff
N???C@_S@WSOSOB_@I?	46	3fffffffffff
N???C@_S@WSOSOB_?Y?	46	3fffffffffff
N???C@_S@WSOSOB_OE?	46	7ffffffff7ff
N???C@_S@WSOSOB_@E?	46	3fffffffffff
N???C@_S@WSOaOD_@g?	46	2ffdeff7fe70fccc
N???C@_S@WSOaOD_IC?	46	7fffffffefff
N???C@_S@WSOaOD_IA?	46	7fffffffefff
N???C@_S@WSOaOD_Ga?	46	3fffffffffff
N???C@_S@WSOaOD_GQ?	46	3fffffffffff
N???C@_S@WSOaOD_GI?	46	7fffffffff7f
N???C@_S@WSOaOD_?Y?	46	3fffffffffff
N???C@_S@WSOQOD_Q_?	46	3fffffffffff
N???C@_S@WSOQOD_QO?	46	3fffffffffff
N???C@_S@WSOQOD_BO?	46	3fffffffffff
N???C@_S@WSOQOD_@o?	46	3fffffffffff
N???C@_S@WSOQOD_BG?	46	3fffffffffff
N???C@_S@WSOQOD_Ag?	46	3fffffffffff
N???C@_S@WSOQOD_AW?	46	3fffffffffff
N???C@_S@WSOQOD_@W?	46	3fffffffffff
N???C@_S@WSOQOD_?w?	46	3fffffffffff
N???C@_S@WSOQOD_QC?	46	3fffffffffff
N???C@_S@WSOQOD_AK?	46	3fffffffffff
N???C@_S@WSOQOD_PA?	46	7ffffffffffe
N???C@_S@WSOQOD_Oa?	46	3fffffffffff
N???C@_S@WSOQOD_OI?	46	7fffffffff7f
N???C@_S@WSOQOD_AI?	46	3fffffffffff
N???C@_S@WSOQOD_?i?	46	3fffffffffff
N???C@_S@WSOQOD_?Y?	46	3fffffffffff
N???C@_S@WSOQOD_OE?	46	7fffffffff7f
N???C@_S@WSOQOD_@E?	46	7ffffffff7ff
N???C@_S@WSOQOD_?M?	46	7ffffffeffff
N???C@_S@WSOBOCoY??	46	3fffffffffff
N???C@_S@WSOBOCoIC?	46	3fffffffffff
N???C@_S@WSOBOCoWA?	46	3fffffffffff
N???C@_S@WSOBOCoHA?	46	3fffffffffff
N???C@_S@WSOBOCoGE?	46	3fffffffffff
N???C@_S@WSO_oF?AW?	46	3fffffff0ffff
N???C@_S@WSOOoF?R??	46	3fffffffffff
N???C@_S@WSOOoF?QO?	46	3fffffffffff
N???C@_S@WSOOoF?@o?	46	3fffffffffff
N???C@_S@WSOOoF?BG?	46	3fffffffffff
N???C@_S@WSOOoF?@g?	46	3fffffffffff
N???C@_S@WSOOoF?OW?	46	fbffbfffff77c
N???C@_S@WSOOoF?AW?	46	3fffffffffff
N???C@_S@WSOOoF?@W?	46	3fffffffffff
N???C@_S@WSOOoF?QC?	46	3fffffffffff
N???C@_S@WSOOoF?AK?	46	3fffffffffff
N???C@_S@WSOOoF?@K?	46	3fffffffffff
N???C@_S@WSOOoF?PA?	46	3fffffffffff
N???C@_S@WSOOoF?@a?	46	7fffffffff7f
N???C@_S@WSOOoF?@Q?	46	3fffffffffff
N???C@_S@WSOOoF?AI?	46	3fffffffffff
N???C@_S@WSOOoF?@I?	46	3fffffffffff
N???C@_S@WSOOoF?OE?	46	7ffffffffffe
N???C@_S@WSOOoF??M?	46	7ffffffff7ff
N???C@_S@WSOAoDOY??	46	3fffffffffff
N???C@_S@WSOAoDOIC?	46	3fffffffffff
N???C@_S@WSOAoDOWA?	46	3fffffffffff
N???C@_S@WSOAoDOGQ?	46	3fffffffffff
N???C@_S@WSOAoDOGE?	46	3fffffffffff
N???C@_S@WSOCWB_Y??	46	7ffffffffffe
N???C@_S@WSOCWB_J??	46	3fffffffffff
N???C@_S@WSOCWB_B_?	46	3fffffffffff
N???C@_S@WSOCWB_QO?	46	3fffffffffff
N???C@_S@WSOCWB_IO?	46	3fffffffffff
N???C@_S@WSOCWB_IG?	46	7ffffffff7ff
N???C@_S@WSOCWB_@g?	46	1ffffffffb7fe
N???C@_S@WSOCWB_WA?	46	7ffffffff7ff
N???C@_S@WSOCWB_HA?	46	3fffffffffff
N???C@_S@WSOCWB_AQ?	46	3fffffffffff
N???C@_S@WSOCWB_GI?	46	7ffffffdffff
N???C@_S@WSOAWD_Y??	46	3fffffffffff
N???C@_S@WSOAWD_J??	46	3fffffffffff
N???C@_S@WSOAWD_I_?	46	3fffffffffff
N???C@_S@WSOAWD_IO?	46	3fffffffffff
N???C@_S@WSOAWD_Ao?	46	3fffffffffff
N???C@_S@WSOAWD_IG?	46	3fffffffffff
N???C@_S@WSOAWD_BG?	46	3fffffffffff
N???C@_S@WSOAWD_WA?	46	7fffffffff7f
N???C@_S@WSOAWD_QA?	46	3fffffffffff
N???C@_S@WSOAWD_HA?	46	7ffffffff7ff
N???C@_S@WSOAWD_GI?	46	7ffffffeffff
N???C@_S@WSOAWD_AI?	46	3fffffffffff
N???C@_S@WSO?wF?Y??	46	3fffffffffff
N???C@_S@WSO?wF?J??	46	7fffffffff7f
N???C@_S@WSO?wF?B_?	46	7fffffffff7f
N???C@_S@WSO?wF?IO?	46	3fffffffffff
N???C@_S@WSO?wF?IG?	46	3fffffffffff
N???C@_S@WSO?wF?HG?	46	3fffffffffff
N???C@_S@WSO?wF?@g?	46	1ffffffffb7fe
N???C@_S@WSO?wF?OW?	46	ffffffffff74c
N???C@_S@WSO?wF?AW?	46	3fffffffffff
N???C@_S@WSO?wF?WA?	46	7ffffffffffe
N???C@_S@WSO?wF?GI?	46	7ffffffff7ff
N???C@_S@WSO?wF?AI?	46	3fffffffffff
N???C@_S@WSOCSB_Y??	46	7ffffffffffe
N???C@_S@WSOCSB_X??	46	3fffffffffff
N???C@_S@WSOCSB_J??	46	3fffffffffff
N???C@_S@WSOCSB_QO?	46	3fffffffffff
N???C@_S@WSOCSB_IO?	46	3fffffffffff
N???C@_S@WSOCSB_WG?	46	7ffffffff7ff
N???C@_S@WSOCSB_QG?	46	7ffffffff7ff
N???C@_S@WSOCSB_IG?	46	7ffffffff7ff
N???C@_S@WSOCSB_HG?	46	3fffffffffff
N???C@_S@WSOCSB_@g?	46	3fff7fefdfeff
N???C@_S@WSOCSB_OW?	46	3ffffbbfeefff
N???C@_S@WSOCSB_GW?	46	3fffffffffff
N???C@_S@WSOCSB_WC?	46	7ffffffff7ff
N???C@_S@WSOCSB_IC?	46	7ffffffff7ff
N???C@_S@WSOCSB_OS?	46	3ffeff7ff7eff
N???C@_S@WSOCSB_GS?	46	3ffffffffffcc
N???C@_S@WSOCSB_AS?	46	3fffffffffff
N???C@_S@WSOCSB_GK?	46	7ffffffdffff
N???C@_S@WSOCSB_AK?	46	7ffffffdffff
N???C@_S@WSOCSB_@K?	46	3fffffffffff
N???C@_S@WSOASD_Y??	46	3fffffffffff
N???C@_S@WSOASD_X??	46	7ffffffffffe
N???C@_S@WSOASD_J??	46	3fffffffffff
N???C@_S@WSOASD_W_?	46	3fffffffffff
N???C@_S@WSOASD_IO?	46	3fffffffffff
N???C@_S@WSOASD_Ao?	46	3fffffffffff
N???C@_S@WSOASD_IG?	46	3fffffffffff
N???C@_S@WSOASD_HG?	46	7ffffffff7ff
N???C@_S@WSOASD_Gg?	46	3fffffffffff
N???C@_S@WSOASD_OW?	46	3fffffffffff
N???C@_S@WSOASD_GW?	46	3fffffffffff
N???C@_S@WSOASD_WC?	46	7fffffffff7f
N???C@_S@WSOASD_QC?	46	3fffffffffff
N???C@_S@WSOASD_OS?	46	3fffffffffff
N???C@_S@WSOASD_AK?	46	3fffffffffff
N???C@_S@WSO?sF?Y??	46	3fffffffffff
N???C@_S@WSO?sF?X??	46	3fffffffffff
N???C@_S@WSO?sF?P_?	46	3fffffffffff
N???C@_S@WSO?sF?H_?	46	7fffffffff7f
N???C@_S@WSO?sF?WO?	46	7ffffffffffe
N???C@_S@WSO?sF?IO?	46	3fffffffffff
N???C@_S@WSO?sF?IG?	46	3fffffffffff
N???C@_S@WSO?sF?HG?	46	3fffffffffff
N???C@_S@WSO?sF?@g?	46	3fffffffffff
N???C@_S@WSO?sF?OW?	46	7ffffffff7ff
N???C@_S@WSO?sF?GW?	46	7ffffffff7ff
N???C@_S@WSO?sF?WC?	46	7ffffffffffe
N???C@_S@WSO?sF?@c?	46	7fffffff7fff
N???C@_S@WSO?sF?OS?	46	7ffffffff7ff
N???C@_S@WSO?sF?AK?	46	3fffffffffff
N???C@_S@WSO?sF?@K?	46	3fffffffffff
N???C@_S@WSO?sF??[?	46	7ffffffdffff
N???C@_S@WEOq?@oR??	46	7ffffffffffe
N???C@_S@WEOq?@oQ_?	46	3fffffffffff
N???C@_S@WEOq?@oB_?	46	3fffffffffff
N???C@_S@WEOq?@oQO?	46	3fffffffffff
N???C@_S@WEOq?@oQG?	46	3fffffffffff
N???C@_S@WEOq?@oBG?	46	3fffffffffff
N???C@_S@WEOq?@oAg?	46	3fffffffffff
N???C@_S@WEOq?@oAW?	46	3fffffffffff
N???C@_S@WEOq?@oQC?	46	7ffffffff7ff
N???C@_S@WEOq?@oOS?	46	3fffffffffff
N???C@_S@WEOq?@oOK?	46	3fffffffffff
N???C@_S@WEOq?@oAK?	46	3fffffffffff
N???C@_S@WEOq?@oOa?	46	3fffffffffff
N???C@_S@WEOq?@oOQ?	46	3fffffffffff
N???C@_S@WEOq?@oOI?	46	3fffffffffff
N???C@_S@WEOq?@o?i?	46	3fffffffffff
N???C@_S@WEOq?@o?Y?	46	3fffffffffff
N???C@_S@WEOq?@oOE?	46	7ffffffdffff
N???C@_S@WEOq?@oAE?	46	fffffffdf7ff
N???C@_S@WEOq?@o@E?	46	fffffffdf7ff
N???C@_S@WEOq?@o?M?	46	3fffffffffff
N???C@_S@WEOe?@oWC?	46	7ffffffff7ff
N???C@_S@WEOe?@oOS?	46	3fffffffffff
N???C@_S@WEOe?@o@S?	46	3fffffffffff
N???C@_S@WEOe?@oGK?	46	3fffffffffff
N???C@_S@WEOe?@o?[?	46	3fffffffffff
N???C@_S@WEOe?@oWA?	46	7ffffffff7ff
N???C@_S@WEOe?@oGI?	46	3fffffffffff
N???C@_S@WEOe?@o?Y?	46	3fffffffffff
N???C@_S@WEOe?@oOE?	46	7ffffffdffff
N???C@_S@WEOe?@oGE?	46	fffffffdf7ff
N???C@_S@WEOe?@o?U?	46	3fffffffffff
N???C@_S@WEOe?@o?M?	46	3fffffffffff
N???C@_S@WEOF?_oP_?	46	3fffffff0ffff
N???C@_S@WEOF?_oWC?	46	3fffffffffff
N???C@_S@WEOF?_oOS?	46	3fffffffffff
N???C@_S@WEOF?_oOE?	46	3fffffffffff
N???C@_S@WEOo_BOR??	46	3fffffffffff
N???C@_S@WEOo_BOB_?	46	3fffffffffff
N???C@_S@WEOo_BOQG?	46	3fffffffffff
N???C@_S@WEOo_BOBG?	46	3fffffffffff
N???C@_S@WEOo_BOQC?	46	7ffffffffffd
N???C@_S@WEOo_BOPC?	46	3fffffffffff
N???C@_S@WEOo_BOAK?	46	3fffffffffff
N???C@_S@WEOo_BO?[?	46	3fffffffffff
N???C@_S@WEOo_BOPA?	46	3fffffffffff
N???C@_S@WEOo_BOOI?	46	3fffffffffff
N???C@_S@WEOo_BO@I?	46	3fffffffffff
N???C@_S@WEOo_BOOE?	46	7fffffffefff
N???C@_S@WEOo_BOAE?	46	ffffffff0e7ff
N???C@_S@WEOo_BO?U?	46	fffffbbfce7ff
N???C@_S@WEOo_BO?M?	46	3fffffffffff
N???C@_S@WEOc_BOP_?	46	3fffffff0ffff
N???C@_S@WEOc_BO@g?	46	3ffffffe97fff
N???C@_S@WEOc_BOWC?	46	7ffffffffffd
N???C@_S@WEOc_BO@S?	46	3fffffffffff
N???C@_S@WEOc_BOGK?	46	3fffffffffff
N???C@_S@WEOc_BOGI?	46	3fffffffffff
N???C@_S@WEOc_BO?Y?	46	3fffffffffff
N???C@_S@WEOc_BOGE?	46	ffffffff0e7ff
N???C@_S@WEOc_BO?U?	46	fffffbbfce7ff
N???C@_S@WEOc_BO?M?	46	3fffffffffff
N???C@_S@WEOa_BOY??	46	3fffffffffff
N???C@_S@WEOa_BOOo?	46	2ffdeff7fe70fccc
N???C@_S@WEOa_BOIG?	46	3fffffffffff
N???C@_S@WEOa_BOAg?	46	3ffffffe97fff
N???C@_S@WEOa_BOIC?	46	3fffffffffff
N???C@_S@WEOa_BOAS?	46	3fffffffffff
N???C@_S@WEOa_BOWA?	46	3fffffffffff
N???C@_S@WEOa_BOGa?	46	3fffffffffff
N???C@_S@WEOa_BOGQ?	46	3fffffffffff
N???C@_S@WEOa_BOGI?	46	3fffffffffff
N???C@_S@WEOa_@oY??	46	3fffffffffff
N???C@_S@WEOa_@oQC?	46	3fffffffffff
N???C@_S@WEOa_@oIC?	46	7fffffffefff
N???C@_S@WEOa_@oBC?	46	3fffffffffff
N???C@_S@WEOa_@oWA?	46	3fffffffffff
N???C@_S@WEOa_@oQA?	46	3fffffffffff
N???C@_S@WEOa_@oHA?	46	3fffffffffff
N???C@_S@WEOa_@oAE?	46	7ffffffff7ff
N???C@_S@WEOB_aOY??	46	3fffffffffff
N???C@_S@WEOB_aOOo?	46	2ffdeff7fe70fccc
N???C@_S@WEOB_aOOg?	46	2ffdeff7fe70fccc
N???C@_S@WEOB_aOWA?	46	7fffffff7fff
N???C@_S@WEOB_aOOE?	46	3fffffffffff
N???C@_S@WEOB__oY??	46	3fffffffffff
N???C@_S@WEOB__oQC?	46	3fffffffffff
N???C@_S@WEOB__oWA?	46	7fffffff7fff
N???C@_S@WEOB__oQA?	46	3fffffffffff
N???C@_S@WEOoOB_R??	46	7ffffffdffff
N???C@_S@WEOoOB_P_?	46	fffffffdf7ff
N???C@_S@WEOoOB_QO?	46	7ffffffdffff
N???C@_S@WEOoOB_QG?	46	7ffffffffffe
N???C@_S@WEOoOB_QC?	46	7ffffffffffe
N???C@_S@WEOoOB_PC?	46	3fffffffffff
N???C@_S@WEOoOB_OS?	46	3fffffffffff
N???C@_S@WEOoOB_OK?	46	7ffffffff7ff
N???C@_S@WEOoOB_PA?	46	3fffffffffff
N???C@_S@WEOoOB_OQ?	46	3fffffffffff
N???C@_S@WEOoOB_OE?	46	7ffffffff7ff
N???C@_S@WEOcOB_X??	46	3fffffffffff
N???C@_S@WEOcOB_P_?	46	3fffffff0ffff
N???C@_S@WEOcOB_WC?	46	7ffffffffffe
N???C@_S@WEOcOB_OS?	46	3fffffffffff
N???C@_S@WEOcOB_WA?	46	7ffffffffffe
N???C@_S@WEOcOB_OE?	46	7ffffffff7ff
N???C@_S@WEOaG@oY??	46	7ffffffff7ff
N???C@_S@WEOaG@oJ??	46	ffffffffe7ff
N???C@_S@WEOaG@oI_?	46	3fffffffffff
N???C@_S@WEOaG@oWO?	46	3fffffffffff
N???C@_S@WEOaG@oQO?	46	3fffffffffff
N???C@_S@WEOaG@oIO?	46	3fffffffffff
N???C@_S@WEOaG@oIG?	46	3fffffffffff
N???C@_S@WEOaG@oGW?	46	3fffffffffff
N???C@_S@WEOaG@oAW?	46	3fffffffffff
N???C@_S@WEOaG@oWA?	46	7ffffffdffff
N???C@_S@WEOaG@oQA?	46	7ffffffdffff
N???C@_S@WEOaG@oHA?	46	fffffffdf7ff
N???C@_S@WEOaG@oGI?	46	3fffffffffff
N???C@_S@WEO_gBOY??	46	7ffffffffffd
N???C@_S@WEO_gBOJ??	46	3fffffffffff
N???C@_S@WEO_gBOIO?	46	ffffffff0e7ff
N???C@_S@WEO_gBOIG?	46	3fffffffffff
N???C@_S@WEO_gBOGW?	46	3fffffffffff
N???C@_S@WEO_gBOWA?	46	7fffffffefff
N???C@_S@WEO_gBOGQ?	46	fffffbbfce7ff
N???C@_S@WEO_gBOGI?	46	3fffffffffff
N???C@_S@WEO_gBOAI?	46	3fffffffffff
N???C@_S@WEO_WB_Y??	46	7ffffffffffe
N???C@_S@WEO_WB_P_?	46	3ffffffffffcc
N???C@_S@WEO_WB_WO?	46	3fffffffffff
N???C@_S@WEO_WB_QO?	46	3fffffffffff
N???C@_S@WEO_WB_WA?	46	7ffffffff7ff
N???C@_S@WEOaC@oY??	46	7ffffffff7ff
N???C@_S@WEOaC@oX??	46	7ffffffff7ff
N???C@_S@WEOaC@oW_?	46	3fffffffffff
N???C@_S@WEOaC@oB_?	46	3fffffffffff
N???C@_S@WEOaC@oWO?	46	3fffffffffff
N???C@_S@WEOaC@oQO?	46	3fffffffffff
N???C@_S@WEOaC@oBO?	46	3fffffffffff
N???C@_S@WEOaC@oAo?	46	3fffffffffff
N???C@_S@WEOaC@oIG?	46	3fffffffffff
N???C@_S@WEOaC@oHG?	46	3fffffffffff
N???C@_S@WEOaC@oGW?	46	3fffffffffff
N???C@_S@WEOaC@oAW?	46	3fffffffffff
N???C@_S@WEOaC@oWC?	46	7ffffffdffff
N???C@_S@WEOaC@oQC?	46	7ffffffdffff
N???C@_S@WEOaC@oPC?	46	7ffffffdffff
N???C@_S@WEOaC@oOS?	46	3fffffffffff
N???C@_S@WEOaC@oGK?	46	3fffffffffff
N???C@_S@WEOaC@o?[?	46	3fffffffffff
N???C@_S@WEO_cBOX??	46	3fffffffffff
N???C@_S@WEO_cBOB_?	46	3fffffffffff
N???C@_S@WEO_cBOWO?	46	7ffffffff7ff
N???C@_S@WEO_cBOBO?	46	3fffffffffff
N???C@_S@WEO_cBOIG?	46	3fffffffffff
N???C@_S@WEO_cBOHG?	46	3fffffffffff
N???C@_S@WEO_cBOWC?	46	7fffffffefff
N???C@_S@WEO_cBOPC?	46	3fffffffffff
N???C@_S@WEO_cBOOS?	46	7ffffffdffff
N???C@_S@WEO_cBOGK?	46	3fffffffffff
N???C@_S@WEO_cBOAK?	46	3fffffffffff
N???C@_S@WEO_SB_Y??	46	7ffffffffffe
N???C@_S@WEO_SB_X??	46	3fffffffffff
N???C@_S@WEO_SB_R??	46	3fffffffffff
N???C@_S@WEO_SB_P_?	46	fffffffff7fd
N???C@_S@WEO_SB_WO?	46	3fffffffffff
N???C@_S@WEO_SB_QO?	46	3fffffffffff
N???C@_S@WEO_SB_WG?	46	7ffffffff7ff
N???C@_S@WEO_SB_PC?	46	7ffffffffffb
N???C@_S@WEO_SB_OS?	46	7ffffffffffb
N???C@_S@WPOBOc_M??	46	3fffffffffff
N???C@_S@WPOBOc_KO?	46	3fffffffffff
N???C@_S@WPOBOc_IC?	46	3fffffffffff
N???C@_S@WPOBOc_GS?	46	3fffffffffff
N???C@_S@WPOBOc_KA?	46	3fffffffffff
N???C@_S@WPOBOc_GQ?	46	3fffffffffff
N???C@_S@WPOBOc_GE?	46	3fffffffffff
N???C@_S@WPOBOCoM??	46	3fffffffffff
N???C@_S@WPOBOCoI_?	46	3fffffffffff
N???C@_S@WPOBOCoIC?	46	3fffffffffff
N???C@_S@WPOBOCoKA?	46	3fffffffffff
N???C@_S@WPOBOCoGE?	46	3fffffffffff
N???C@_S@WPOAod?M??	46	3fffffffffff
N???C@_S@WPOAod?IC?	46	7ffffffffffb
N???C@_S@WPOAod?KA?	46	7ffffffffffb
N???C@_S@WPOAod?Ga?	46	3fffffffffff
N???C@_S@WPOAod??Y?	46	3ffffffffffcc
N???C@_S@WPOAod?GE?	46	7ffffffffffe
N???C@_S@WPOAoD_[??	46	3fffffffffff
N???C@_S@WPOAoD_M??	46	3fffffffffff
N???C@_S@WPOAoD_S_?	46	2ffdeff7fe70fccc
N???C@_S@WPOAoD_E_?	46	3ffffffe97fff
N???C@_S@WPOAoD_WC?	46	3fffffffffff
N???C@_S@WPOAoD_IC?	46	7fffffffefff
N???C@_S@WPOAoD_OE?	46	3fffffffffff
N???C@_S@WPOAoD_GE?	46	7ffffffff7ff
N???C@_S@WDOs?@oQ_?	46	3fffffffffff
N???C@_S@WDOs?@oQG?	46	ffffffffeffe
N???C@_S@WDOs?@o@g?	46	3bfffffbf7ffd
N???C@_S@WDOs?@oOc?	46	3fffffffffff
N???C@_S@WDOs?@oAc?	46	3fffffffffff
N???C@_S@WDOs?@oAK?	46	7ffffffff7ff
N???C@_S@WDOs?@oOa?	46	3fffffffffff
N???C@_S@WDOs?@o@a?	46	3fffffffffff
N???C@_S@WDOs?@oOI?	46	fffffffff77f
N???C@_S@WDOs?@o?i?	46	3fffffffffff
N???C@_S@WDOs?@o?e?	46	3fffffffffff
N???C@_S@WDOs?@o?M?	46	7ffffffdffff
N???C@_S@WDOe?@oOo?	46	2ffdeff7fe70fccc
N???C@_S@WDOe?@oAo?	46	3ffffffe97fff
N???C@_S@WDOe?@oGg?	46	3fffffffffff
N???C@_S@WDOe?@oAc?	46	3fffffffffff
N???C@_S@WDOe?@oWA?	46	7ffffffff7ff
N???C@_S@WDOe?@oGa?	46	3fffffffffff
N???C@_S@WDOe?@oGI?	46	3fffffffffff
N???C@_S@WDOp?CoQ_?	46	3fffffffffff
N???C@_S@WDOp?CoQG?	46	3fffffffffff
N???C@_S@WDOp?CoBG?	46	3fffffffffff
N???C@_S@WDOp?CoAW?	46	3fffffffffff
N???C@_S@WDOp?CoQC?	46	3fffffffffff
N???C@_S@WDOp?CoOc?	46	fffffffff77f
N???C@_S@WDOp?CoOS?	46	3fffffffffff
N???C@_S@WDOp?CoAS?	46	3fffffffffff
N???C@_S@WDOp?CoOK?	46	3fffffffffff
N???C@_S@WDOp?CoAK?	46	3fffffffffff
N???C@_S@WDOp?Co?[?	46	3fffffffffff
N???C@_S@WDOp?CoQA?	46	3fffffffffff
N???C@_S@WDOp?CoPA?	46	7fffffffff7f
N???C@_S@WDOp?CoOQ?	46	3fffffffffff
N???C@_S@WDOp?CoOE?	46	7fffffff7fff
N???C@_S@WDOp?Co?e?	46	fffffffef7ff
N???C@_S@WDOp?Co?U?	46	3fffffffffff
N???C@_S@WDOp?Co?M?	46	3fffffffffff
N???C@_S@WDOd?CoPO?	46	3fffffff0ffff
N???C@_S@WDOd?CoWC?	46	3fffffffffff
N???C@_S@WDOd?Co@c?	46	3fffffffffff
N???C@_S@WDOd?CoWA?	46	3fffffffffff
N???C@_S@WDOd?CoGa?	46	3fffffffffff
N???C@_S@WDOd?CoOE?	46	3fffffffffff
N???C@_S@WDOd?Co?e?	46	3fffffffffff
N???C@_S@WDOT?_oQ_?	46	3fffffffffff
N???C@_S@WDOT?_oQO?	46	3fffffffffff
N???C@_S@WDOT?_oQG?	46	3fffffffffff
N???C@_S@WDOT?_oQC?	46	3fffffffffff
N???C@_S@WDOT?_oOK?	46	3fffffffffff
N???C@_S@WDOT?_oOa?	46	3fffffffffff
N???C@_S@WDOT?_oOQ?	46	3fffffffffff
N???C@_S@WDOT?_oOI?	46	3fffffffffff
N???C@_S@WDOT?_oOE?	46	3fffffffffff
N???C@_S@WDOb?CoAo?	46	3ffffffe97fff
N???C@_S@WDOb?CoIG?	46	3fffffffffff
N???C@_S@WDOb?CoOg?	46	2ffdeff7fe70fccc
N???C@_S@WDOb?Co?w?	46	3faeffff75e937d2
N???C@_S@WDOb?CoAc?	46	3fffffffffff
N???C@_S@WDOb?CoAS?	46	3fffffffffff
N???C@_S@WDOb?CoGa?	46	ffffffffe7ff
N???C@_S@WDOb?CoGQ?	46	3fffffffffff
N???C@_S@WDOb?CoGI?	46	3fffffffffff
N???C@_S@WDOF?_oOo?	46	2ffdeff7fe70fccc
N???C@_S@WDOF?_oOc?	46	3ffffffffffcc
N???C@_S@WDOF?_oWA?	46	ffffffff7ffb
N???C@_S@WDO`_cOIC?	46	fffffffff7fe
N???C@_S@WDO`_cOAK?	46	7ffffffff7ff
N???C@_S@WDO`_cOGI?	46	fffffffff77f
N???C@_S@WDO`_cOAI?	46	fffffffff77f
N???C@_S@WDO`_cOGE?	46	fffffffdf7ff
N???C@_S@WDO`_DOX??	46	3fffffffffff
N???C@_S@WDO`_DOBO?	46	3ffffffe97fff
N???C@_S@WDO`_DO@W?	46	3faeffff75e937d2
N???C@_S@WDO`_DOIC?	46	3fffffffffff
N???C@_S@WDO`_DOBC?	46	3fffffffffff
N???C@_S@WDO`_DOAK?	46	3fffffffffff
N???C@_S@WDO`_DOWA?	46	3fffffffffff
N???C@_S@WDO`_DOIA?	46	3fffffffffff
N???C@_S@WDO`_DOHA?	46	3fffffffffff
N???C@_S@WDO`_DOGQ?	46	3fffffffffff
N???C@_S@WDO`_DOGI?	46	3fffffffffff
N???C@_S@WDO`_DO@I?	46	3fffffffffff
N???C@_S@WDO`_DOGE?	46	3fffffffffff
N???C@_S@WDO`_DOAE?	46	3fffffffffff
N???C@_S@WDO`_DO?M?	46	3fffffffffff
N???C@_S@WDOD_cOP_?	46	3fffffff0ffff
N???C@_S@WDOD_cOOo?	46	3fffffff0ffff
N???C@_S@WDOD_cOWC?	46	7ffffffffffe
N???C@_S@WDOD_cOWA?	46	fffffffff7fe
N???C@_S@WDOD_cOOI?	46	fffffffff77f
N???C@_S@WDOD_cOOE?	46	7ffffffff7ff
N???C@_S@WDOD_`OWA?	46	7fffffff7fff
N???C@_S@WDOD_`OPA?	46	3fffffffffff
N???C@_S@WDOD_`OOE?	46	3fffffffffff
N???C@_S@WDOoOD_R??	46	7ffffffdffff
N???C@_S@WDOoOD_Oo?	46	fffffffdf7ff
N???C@_S@WDOoOD_QG?	46	ffffffffeffe
N???C@_S@WDOoOD_QC?	46	7ffffffffffe
N???C@_S@WDOoOD_Oc?	46	3fffffffffff
N???C@_S@WDOoOD_Oa?	46	3fffffffffff
N???C@_S@WDOoOD_OE?	46	fffffffff77f
N???C@_S@WDOaOD_Oo?	46	2ffdeff7fe70fccc
N???C@_S@WDOaOD_WA?	46	ffffffff7ffe
N???C@_S@WDO`Oc_IC?	46	fffffffdfeff
N???C@_S@WDO`Oc_Ga?	46	7fffffffff7f
N???C@_S@WDO`Oc_GI?	46	3fffffffffff
N???C@_S@WDO`Oc_GE?	46	ffffffff7ffd
N???C@_S@WDOcG@oY??	46	fffffffff7fe
N???C@_S@WDOcG@oI_?	46	3fffffffffff
N???C@_S@WDOcG@oP_?	46	3ffffffffffcc
N???C@_S@WDOcG@oB_?	46	3fffffffffff
N???C@_S@WDOcG@o@o?	46	3fdffffffb7fe
N???C@_S@WDOcG@oIG?	46	7ffffffff7ff
N???C@_S@WDOcG@oWA?	46	fffffffdf7ff
N???C@_S@WDOcG@oQA?	46	fffffffdf7ff
N???C@_S@WDOcG@oGa?	46	3fffffffffff
N???C@_S@WDOcG@oGI?	46	7ffffffdffff
N???C@_S@WDO`GCoY??	46	3fffffffffff
N???C@_S@WDO`GCoQ_?	46	3fffffffffff
N???C@_S@WDO`GCoI_?	46	3fffffffffff
N???C@_S@WDO`GCoP_?	46	ffffffffff74c
N???C@_S@WDO`GCoB_?	46	3fffffffffff
N???C@_S@WDO`GCoWO?	46	3fffffffffff
N???C@_S@WDO`GCoIO?	46	3fffffffffff
N???C@_S@WDO`GCoBO?	46	3fffffffffff
N???C@_S@WDO`GCoIG?	46	3fffffffffff
N???C@_S@WDO`GCoAW?	46	3fffffffffff
N???C@_S@WDO`GCo@W?	46	1ffffffffb7fe
N???C@_S@WDO`GCoWA?	46	7fffffff7fff
N???C@_S@WDO`GCoQA?	46	3fffffffffff
N???C@_S@WDO`GCoGa?	46	fffffffef7ff
N???C@_S@WDO`GCoGQ?	46	3fffffffffff
N???C@_S@WDO`GCoGI?	46	3fffffffffff
N???C@_S@WDO`GCoAI?	46	7ffffffffffb
N???C@_S@WDODG_oY??	46	3fffffffffff
N???C@_S@WDODG_oW_?	46	3fffffffffff
N???C@_S@WDODG_oQ_?	46	3fffffffffff
N???C@_S@WDODG_oPO?	46	3ffffffffffcc
N???C@_S@WDODG_oWA?	46	3fffffffffff
N???C@_S@WDO_WD_Y??	46	7ffffffffffe
N???C@_S@WDO_WD_W_?	46	3fffffffffff
N???C@_S@WDO_WD_P_?	46	3ffffffffffcc
N???C@_S@WDO_WD_WA?	46	fffffffff77f
N???C@_S@WDO_WD_QA?	46	7ffffffff7ff
N???C@_S@WDOcC@oY??	46	fffffffff7fe
N???C@_S@WDOcC@oW_?	46	3fffffffffff
N???C@_S@WDOcC@oI_?	46	3fffffffffff
N???C@_S@WDOcC@oP_?	46	3ffffbbfeefff
N???C@_S@WDOcC@oB_?	46	3fffffffffff
N???C@_S@WDOcC@oWG?	46	fffffffff77f
N???C@_S@WDOcC@oWC?	46	fffffffdf7ff
N???C@_S@WDOcC@oOc?	46	3fffffffffff
N???C@_S@WDOcC@oGK?	46	7ffffffdffff
N???C@_S@WDO`CCoX??	46	7fffffffff7f
N???C@_S@WDO`CCoW_?	46	7fffffffff7f
N???C@_S@WDO`CCoI_?	46	3fffffffffff
N???C@_S@WDO`CCoB_?	46	3fffffffffff
N???C@_S@WDO`CCoWO?	46	3fffffffffff
N???C@_S@WDO`CCoIO?	46	3fffffffffff
N???C@_S@WDO`CCoBO?	46	3fffffffffff
N???C@_S@WDO`CCoIG?	46	3fffffffffff
N???C@_S@WDO`CCoGg?	46	3fffffffffff
N???C@_S@WDO`CCo@g?	46	3fffffffffff
N???C@_S@WDO`CCoWC?	46	7fffffff7fff
N???C@_S@WDO`CCoQC?	46	3fffffffffff
N???C@_S@WDO`CCoOS?	46	3fffffffffff
N???C@_S@WDO`CCoGK?	46	3fffffffffff
N???C@_S@WDO`CCoAK?	46	3fffffffffff
N???C@_S@WDO`CCo?[?	46	3fffffffffff
N???C@_S@WDO_SD_Y??	46	fffffffff7fe
N???C@_S@WDO_SD_X??	46	7ffffffffffe
N???C@_S@WDO_SD_W_?	46	3fffffffffff
N???C@_S@WDO_SD_P_?	46	fffffffff7fd
N???C@_S@WDO_SD_WG?	46	fffffffff77f
N???C@_S@WDO_SD_QC?	46	7ffffffff7ff
N???C@_S@WDO_SD_Oc?	46	7ffffffffffb
N???C@_S@WBOb?GoI_?	46	3fffffffffff
N???C@_S@WBOb?GoOo?	46	2ffdeff7fe70fccc
N???C@_S@WBOb?GoGo?	46	3fffffffffff
N???C@_S@WBOb?GoIG?	46	3fffffffffff
N???C@_S@WBOb?GoIC?	46	3fffffffffff
N???C@_S@WBOb?GoAS?	46	3fffffffffff
N???C@_S@WBOb?GoWA?	46	3fffffffffff
N???C@_S@WBOb?GoGa?	46	3fffffffffff
N???C@_S@WBOb?GoGQ?	46	3fffffffffff
N???C@_S@WBOb?GoGI?	46	3fffffffffff
N???C@_S@WBOb?CoGo?	46	3fffffffffff
N???C@_S@WBOb?CoKG?	46	3fffffffffff
N???C@_S@WBOb?CoWC?	46	3fffffffffff
N???C@_S@WBOb?CoGc?	46	3fffffffffff
N???C@_S@WBOb?CoGS?	46	3fffffffffff
N???C@_S@WBOb?CoCS?	46	3fffffffffff
N???C@_S@WBOb?CoGK?	46	3fffffffffff
N???C@_S@WBOb?CoKA?	46	3fffffffffff
N???C@_S@WBOb?CoCa?	46	3fffffffffff
N???C@_S@WBOb?CoGQ?	46	3fffffffffff
N???C@_S@WBOb?@o[??	46	3fffffffffff
N???C@_S@WBOb?@oY??	46	3fffffffffff
N???C@_S@WBOb?@oM??	46	3fffffffffff
N???C@_S@WBOb?@oSO?	46	2ffdeff7fe70fccc
N???C@_S@WBOb?@oQO?	46	37ff6fdff9f0fb52
N???C@_S@WBOb?@oEO?	46	3ffffffe97fff
N???C@_S@WBOb?@oCW?	46	3faeffff75e937d2
N???C@_S@WBOb?@oWC?	46	3fffffffffff
N???C@_S@WBOb?@oIC?	46	3fffffffffff
N???C@_S@WBOb?@oWA?	46	3fffffffffff
N???C@_S@WBOb?@oKA?	46	3fffffffffff
N???C@_S@WBOb?@oEA?	46	3fffffffffff
N???C@_S@WBOb?@oOE?	46	3fffffffffff
N???C@_S@WBOb?@oGE?	46	3fffffffffff
N???C@_S@WBOb??wY??	46	3fffffffffff
N???C@_S@WBOb??wM??	46	3fffffffffff
N???C@_S@WBOb??wI_?	46	3fffffffffff
N???C@_S@WBOb??wIO?	46	3fffffffffff
N???C@_S@WBOb??wEO?	46	3fffffffffff
N???C@_S@WBOb??wOo?	46	3effffffffb7e
N???C@_S@WBOb??wIG?	46	3fffffffffff
N???C@_S@WBOb??wWA?	46	3fffffffffff
N???C@_S@WBOb??wOa?	46	3fffffffffff
N???C@_S@WBOb??wGI?	46	3fffffffffff
N???C@_S@WBOb??s[??	46	3fffffffffff
N???C@_S@WBOb??sM??	46	3fffffffffff
N???C@_S@WBOb??sK_?	46	3fffffffffff
N???C@_S@WBOb??sE_?	46	3fffffffffff
N???C@_S@WBOb??sKO?	46	3fffffffffff
N???C@_S@WBOb??sKG?	46	3fffffffffff
N???C@_S@WBOb??sWC?	46	3fffffffffff
N???C@_S@WBOb??sCK?	46	3fffffffffff
N???C@_S@WSGc_B_J??	46	3fffffffffff
N???C@_S@WSGc_B_@g?	46	2ffdeff7fe70fccc
N???C@_S@WSGc_B_IC?	46	fffffffdfffe
N???C@_S@WSGc_B_IA?	46	fffffffdfffe
N???C@_S@WSGc_B_HA?	46	7fffffffff7f
N???C@_S@WSGc_B_GQ?	46	7fffffff7fff
N???C@_S@WSGc_B_GI?	46	7ffffffff7ff
N???C@_S@WSGc_B_AE?	46	ffffffff77ff
N???C@_S@WSGa_D_IC?	46	ffffffffef7f
N???C@_S@WSGa_D_AK?	46	3fffffffffff
N???C@_S@WSGa_D_IA?	46	ffffffffef7f
N???C@_S@WSGa_D_Ga?	46	7ffffffff7ff
N???C@_S@WSGa_D_GQ?	46	3fffffffffff
N???C@_S@WSGa_D_GI?	46	7fffffffff7f
N???C@_SC`BGH_B_K_?	46	3fffffffffff
N???C@_SC`BGH_B_H_?	46	3fffffffffff
N???C@_SC`BGH_B_SG?	46	7ffffffff7ff
N???C@_SC`BGH_B_KG?	46	7ffffffff7ff
N???C@_SC`BGH_B_PG?	46	7ffffffff7ff
N???C@_SC`BGH_B_Og?	46	3fffffffffff
N???C@_SC`BGH_B_Gg?	46	3fffffffffff
N???C@_SC`BGH_B_SA?	46	7ffffffff7ff
N???C@_SC`BGH_B_Oa?	46	3fffffffffff
N???C@_SCBR?H_B_M??	46	7ffffffffffe
N???C@_SCBR?H_B_I_?	46	3fffffffffff
N???C@_SCBR?H_B_IG?	46	ffffffffff74c
N???C@_EEG[?D_AoF??	46	3fffffffffff
N???C@_EEG[?D_AoB_?	46	3fffffffffff
N???C@_EEG[?D_Ao@a?	46	3fffffffffff
N???C@_EEG[?@oE_F??	46	ffffffffff7e
N???C@_EEG[?@oE_B_?	46	3fffffffffff
N???C@_EEG[?@oE_Aa?	46	3fffffffffff
N???C@_EEGU?E_@oL??	46	7ffffffffffe
N???C@_EEGU?E_@oK_?	46	3fffffffffff
N???C@_EEGU?E_@oH_?	46	3fffffffffff
N???C@_EEGU?E_@oKG?	46	3fffffffffff
N???C@_EEGU?E_@oHG?	46	3fffffffffff
N???C@_EEGU?E_@oGg?	46	3fffffffffff
N???C@_EEGU?E_@o@g?	46	3ffffffffffd2
N???C@_EEGU?E_@oHC?	46	7ffffffff7ff
N???C@_EEGU?E_@oCc?	46	3fffffffffff
N???C@_EEGU?E_@o@c?	46	3fffffffffff
N???C@_EEGU?E_@o@K?	46	3fffffffffff
N???C@_EEGU?E_@oKA?	46	7ffffffff7ff
N???C@_EEGU?E_@oGI?	46	3fffffffffff
N???C@_EEGU?E_@o@I?	46	3ffffffffffcc
N???C@_EEGU?E_@oCE?	46	7ffffffdffff
N???C@_EEGU?Ag@oJ??	46	7ffffffff7ff
N???C@_EEGU?Ag@oF??	46	7ffffffff7ff
N???C@_EEGU?Ag@oK_?	46	3ffffffffffcc
N???C@_EEGU?Ag@oB_?	46	3fffffffffff
N???C@_EEGU?Ag@oBO?	46	3fffffffffff
N???C@_EEGU?Ag@oKG?	46	3ffffffffffcc
N???C@_EEGU?Ag@oBG?	46	3fffffffffff
N???C@_EEGU?Ag@o?w?	46	3ffdf7ffff77f
N???C@_EEGU?Ag@oEA?	46	7ffffffdffff
N???C@_EEGU?Ag@o@Q?	46	3fffffffffff
N???C@_EEGM?GoB_R??	46	3fffffffffff
N???C@_EEGM?GoB_BC?	46	3fffffffffff
N???C@_EEGM?GoB_PA?	46	3fffffffffff
N???C@_EEGM?GoB_OQ?	46	3fffffffffff
N???C@_EEGM?CoB_T??	46	3fffffffffff
N???C@_EEGM?CoB_P_?	46	3fffffffffff
N???C@_EEGM?CoB_SO?	46	3fffffffffff
N???C@_EEGM?CoB_PO?	46	3fffffffffff
N???C@_EEGM?CoB_@o?	46	3fffffffffff
N???C@_EEGM?CoB_PG?	46	3fffffffffff
N???C@_EEGM?CoB_DG?	46	3fffffffffff
N???C@_EEGM?CoB_Og?	46	3fffffffffff
N???C@_EEGM?CoB_@g?	46	3fffffffffff
N???C@_EEGM?CoB_OW?	46	3fffffffffff
N???C@_EEGM?CoB_DC?	46	3fffffffffff
N???C@_EEGM?CoB_CK?	46	fffffffff77f
N???C@_EEGM?CoB_@K?	46	3fffffffffff
N???C@_EEGM?CoB_SA?	46	7ffffffffffe
N???C@_EEGM?CoB_PA?	46	3fffffffffff
N???C@_EEGM?CoB_Oa?	46	3fffffffffff
N???C@_EEGM?CoB_CI?	46	7ffffffff7ff
N???C@_EEGM?CoB_?Y?	46	7fffffffff7f
N???C@_EEGM??wB_R??	46	3fffffffffff
N???C@_EEGM??wB_F??	46	3fffffffffff
N???C@_EEGM??wB_@o?	46	3fffffffffff
N???C@_EEGM??wB_DG?	46	3fffffffffff
N???C@_EEGM??wB_BG?	46	3fffffffffff
N???C@_EEGM??wB_PA?	46	3fffffffffff
N???C@_EEGM??wB_Oa?	46	3fffffffffff
N???C@_EEGM??wB_CQ?	46	3fffffffffff
N???C@_EEGM??wB_@I?	46	3fffffffffff
N???C@_EEGM??sB_U??	46	7ffffffffffe
N???C@_EEGM??sB_T??	46	3fffffffffff
N???C@_EEGM??sB_R??	46	3fffffffffff
N???C@_EEGM??sB_S_?	46	3fffffffffff
N???C@_EEGM??sB_SO?	46	3fffffffffff
N???C@_EEGM??sB_Co?	46	3fffffffffff
N???C@_EEGM??sB_@o?	46	3fffffffffff
N???C@_EEGM??sB_EG?	46	7ffffffff7ff
N???C@_EEGM??sB_DG?	46	3fffffffffff
N???C@_EEGM??sB_BG?	46	7fffffffff7f
N???C@_EEGM??sB_Og?	46	3fffffffffff
N???C@_EEGM??sB_Cg?	46	3fffffffffff
N???C@_EEGM??sB_CW?	46	3fffffffffff
N???C@_EEGM??sB_PC?	46	3fffffffffff
N???C@_EEGM??sB_Oc?	46	3fffffffffff
N???C@_EEGM??sB_Cc?	46	3fffffffffff
N???C@_EEGM??sB_CS?	46	3fffffffffff
N???C@_EEGM??sB_CK?	46	7ffffffdffff
N???C@_EEGM??sB_@K?	46	3fffffffffff
N???C@_EEGM??sB_?[?	46	3fffffffffff
N???C@_EEGR?K_@oL??	46	7ffffffffffe
N???C@_EEGR?K_@oK_?	46	3fffffffffff
N???C@_EEGR?K_@oKO?	46	3fffffffffff
N???C@_EEGR?K_@oKG?	46	3fffffffffff
N???C@_EEGR?K_@oCS?	46	3fffffffffff
N???C@_EEGR?K_@oKA?	46	7ffffffff7ff
N???C@_EEGR?Gc@oM??	46	7ffffffff7ff
N???C@_EEGR?Gc@oK_?	46	3fffffffffff
N???C@_EEGR?Gc@oB_?	46	3ffffffffffcc
N???C@_EEGR?Gc@oKO?	46	3fffffffffff
N???C@_EEGR?Gc@oBO?	46	3ffffffffffcc
N???C@_EEGR?Gc@oKG?	46	3fffffffffff
N???C@_EEGR?Gc@oCS?	46	3fffffffffff
N???C@_EEGJ?Gc@oR??	46	7ffffffff7ff
N???C@_EEGJ?Gc@oSO?	46	3fffffffffff
N???C@_EEGJ?Gc@oCo?	46	3fffffffffff
N???C@_EEGJ?Gc@oOg?	46	7fffffff7fff
N???C@_EEGJ?Gc@oCg?	46	3fffffffffff
N???C@_EEGJ?Gc@oCW?	46	3fffffffffff
N???C@_EEGJ?Gc@oSC?	46	7ffffffdffff
N???C@_EEGJ?Gc@oOc?	46	7fffffff7fff
N???C@_EEGJ?Gc@oCc?	46	3fffffffffff
N???C@_EEGJ?Gc@oOS?	46	3fffffffffff
N???C@_EEGJ?Gc@oAK?	46	3fffffffffff
N???C@_EEGJ??sH_U??	46	3fffffffffff
N???C@_EEGJ??sH_R??	46	fffffffff7fe
N???C@_EEGJ??sH_F??	46	3fffffffffff
N???C@_EEGJ??sH_SO?	46	3fffffffffff
N???C@_EEGJ??sH_Co?	46	3fffffffffff
N???C@_EEGJ??sH_SG?	46	3fffffffffff
N???C@_EEGJ??sH_Og?	46	3fffffffffff
N???C@_EEGJ??sH_Cg?	46	3fffffffffff
N???C@_EEGJ??sH_OW?	46	3fffffffffff
N???C@_EEGJ??sH_CW?	46	3fffffffffff
N???C@_EEGJ??sH_?w?	46	3fffffffffff
N???C@_EEGJ??sH_Oc?	46	7fffffff7fff
N???C@_EEGJ??sH_CK?	46	3fffffffffff
N???C@_EEGJ??sH_?[?	46	3fffffffffff
N???C@_EEGS_D_AoL??	46	3fffffffffff
N???C@_EEGS_D_AoJ??	46	3fffffffffff
N???C@_EEGS_D_AoKO?	46	3ffffffffffcc
N???C@_EEGS_D_AoBO?	46	3ffffffffffd2
N???C@_EEGS_D_AoKG?	46	ffffffffff74c
N???C@_EEGS_D_AoBG?	46	3ffffffffffd2
N???C@_EEGS_D_AoKA?	46	7ffffffff7ff
N???C@_EEGS_D_AoGE?	46	7ffffffdffff
N???C@_EEGS_CoE_L??	46	3fffffffffff
N???C@_EEGS_CoE_H_?	46	3fffffffffff
N???C@_EEGS_CoE_KO?	46	3fffffffffff
N???C@_EEGS_CoE_@g?	46	3ffffffffffd2
N???C@_EEGS_CoE_HC?	46	3fffffffffff
N???C@_EEGS_CoE_@K?	46	7ffffffffffe
N???C@_EEGS_CoE_KA?	46	3fffffffffff
N???C@_EEGS_CoAoB_?	46	3ffffffffffd2
N???C@_EEGS_CoAoBC?	46	7ffffffffffe
N???C@_EEGS_CoAoAS?	46	7ffffffffffd
N???C@_EEGS_@oE_M??	46	3fffffffffff
N???C@_EEGS_@oE_J??	46	3fffffffffff
N???C@_EEGS_@oE_IG?	46	3fffffffffff
N???C@_EEGS_@oE_BG?	46	3ffffffffffd2
N???C@_EEGS_@oE_KA?	46	7ffffffffffe
N???C@_EEGS_CgAoBO?	46	fffffffffffa
N???C@_EEGS_CgAoBG?	46	7ffffffffffe
N???C@_EEGS_CgAoAQ?	46	fffffffffffc
N???C@_EEGQ_W_AoF??	46	3fffffffffff
N???C@_EEGQ_W_AoB_?	46	3fffffffffff
N???C@_EEGQ_W_AoBO?	46	3fffffffffff
N???C@_EEGQ_W_AoBC?	46	3fffffffffff
N???C@_EEGQ_W_AoEA?	46	7fffffffff7f
N???C@_EEGQ_W_AoDA?	46	3fffffffffff
N???C@_EEGQ_W_Ao@a?	46	3fffffffffff
N???C@_EEGQ_W_AoCI?	46	3fffffffffff
N???C@_EEGQ_H_AoM??	46	fffffffff7fe
N???C@_EEGQ_H_AoL??	46	3fffffffffff
N???C@_EEGQ_H_AoJ??	46	3fffffffffff
N???C@_EEGQ_H_AoKO?	46	3ffffffffffcc
N???C@_EEGQ_H_AoIO?	46	3fffffffffff
N???C@_EEGQ_H_AoBO?	46	3ffffffffffd2
N???C@_EEGQ_H_AoKG?	46	3ffffffffffcc
N???C@_EEGQ_H_AoIG?	46	3fffffffffff
N???C@_EEGQ_H_AoBG?	46	3ffffffffffd2
N???C@_EEGQ_H_AoGS?	46	1ffffffffb7fe
N???C@_EEGQ_H_AoBA?	46	3ffffffffffcc
N???C@_EEGQ_WOI_BO?	46	3fffffffffff
N???C@_EEGQ_GoAoK_?	46	3ffffffffffcc
N???C@_EEGQ_GoAoI_?	46	3fffffffffff
N???C@_EEGQ_GoAoBC?	46	3fffffffffff
N???C@_EEGQ_@oI_M??	46	3fffffffffff
N???C@_EEGQ_@oI_L??	46	3fffffffffff
N???C@_EEGQ_@oI_KO?	46	3ffffffffffcc
N???C@_EEGQ_@oI_KG?	46	3ffffffffffcc
N???C@_EEGQ_@oI_IG?	46	3fffffffdef7e
N???C@_EEGQ_@oI_EG?	46	3fffffffffff
N???C@_EEGQ_@oI_KC?	46	3ffffffffffcc
N???C@_EEGQ_@oI_GK?	46	7ffffffffb77c
N???C@_EEGQ_AgGoJ??	46	7fffffffff7f
N???C@_EEGQ_AgGoF??	46	3fffffffffff
N???C@_EEGQ_AgGoK_?	46	3ffffffffffcc
N???C@_EEGQ_AgGoBO?	46	3fffffffffff
N???C@_EEGQ_AgGoBG?	46	3fffffffffff
N???C@_EEGQ_AgGo@Q?	46	3fffffffffff
N???C@_EEGSOU?@oF??	46	7ffffffffffe
N???C@_EEGSOU?@oB_?	46	3fffffffffff
N???C@_EEGSOU?@oBG?	46	3fffffffffff
N???C@_EEGSOU?@oBC?	46	7ffffffff7ff
N???C@_EEGSOU?@oEA?	46	7ffffffff7ff
N???C@_EEGSOD_EOL??	46	3fffffffffff
N???C@_EEGSOD_EOK_?	46	3fffffffffff
N???C@_EEGSOD_EOD_?	46	3fffffffffff
N???C@_EEGSOD_EO@o?	46	3ffffffffffd2
N???C@_EEGSOD_EOHC?	46	3fffffffffff
N???C@_EEGSOD_EOKA?	46	3fffffffffff
N???C@_EEGSOD_EO?q?	46	3ffffffffffcc
N???C@_EEGSODOE_L??	46	3fffffffffff
N???C@_EEGSODOE_H_?	46	3fffffffffff
N???C@_EEGSODOE_D_?	46	3fffffffffff
N???C@_EEGSODOE_KG?	46	3fffffffffff
N???C@_EEGSODOE_HG?	46	3fffffffffff
N???C@_EEGSODOE_Gg?	46	3fffffffffff
N???C@_EEGSODOE_@g?	46	3ffffffffffd2
N???C@_EEGSODOE_HC?	46	3fffffffffff
N???C@_EEGSODOE_DC?	46	3fffffffffff
N???C@_EEGSODOE_@K?	46	3fffffffffff
N???C@_EEGSODOE_KA?	46	3fffffffffff
N???C@_EEGSODOAoM??	46	3fffffffffff
N???C@_EEGSODOAoK_?	46	3ffffffffffcc
N???C@_EEGSODOAoI_?	46	3fffffffffff
N???C@_EEGSO@oF?F??	46	3fffffffffff
N???C@_EEGSO@oF?BO?	46	3ffffffffffd2
N???C@_EEGSO@oF?IG?	46	3fffffffffff
N???C@_EEGSO@oF?BG?	46	3ffffffffffd2
N???C@_EEGSO@oF?IC?	46	3fffffffffff
N???C@_EEGSO@oF?BC?	46	7ffffffffffb
N???C@_EEGSO@oF?GE?	46	3fffffffffff
N???C@_EEGSO@oEOI_?	46	3fffffffffff
N???C@_EEGSO@oEOBC?	46	7ffffffffffb
N???C@_EEGSODGAoJ??	46	3fffffffffff
N???C@_EEGSODGAoB_?	46	3fffffffffff
N???C@_EEGSODGAoBG?	46	3fffffffffff
N???C@_EEGSODGAoGg?	46	1ffffffffb7fe
N???C@_EEGSODGAoCW?	46	1ffffffffb7fe
N???C@_EEGSO@gEOJ??	46	3fffffffffff
N???C@_EEGSOCWB_J??	46	3fffffffffff
N???C@_EEGSOCWB_BG?	46	3fffffffffff
N???C@_EEGQOY?@oF??	46	7ffffffffffe
N???C@_EEGQOY?@oB_?	46	3fffffffffff
N???C@_EEGQOY?@oEO?	46	3fffffffffff
N???C@_EEGQOY?@oBG?	46	3fffffffffff
N???C@_EEGQOY?@oCg?	46	3ffffffffffcc
N???C@_EEGQOY?@o@g?	46	3fffffffffff
N???C@_EEGQOY?@oBC?	46	7ffffffff7ff
N???C@_EEGQOY?@oCc?	46	3ffffffffffcc
N???C@_EEGQOY?@oCK?	46	3ffffffffffcc
N???C@_EEGQOY?@oEA?	46	7ffffffff7ff
N???C@_EEGQOY?@oCQ?	46	3fffffffffff
N???C@_EEGQOY?@o@Q?	46	3fffffffffff
N???C@_EEGQOY?@oCI?	46	3fffffffffff
N???C@_EEGQOY?@o?i?	46	3fffffffffff
N???C@_EEGQOX?AoF??	46	3fffffffffff
N???C@_EEGQOX?AoB_?	46	3fffffffffff
N???C@_EEGQOX?AoDO?	46	3fffffffffff
N???C@_EEGQOX?AoBC?	46	3fffffffffff
N???C@_EEGQOX?AoEA?	46	7fffffffff7f
N???C@_EEGQOX?AoDA?	46	3fffffffffff
N???C@_EEGQOX?AoCQ?	46	3fffffffffff
N???C@_EEGQOX?AoCI?	46	3fffffffffff
N???C@_EEGQOF?IOKO?	46	3fffffffffff
N???C@_EEGQOF?GoL??	46	3fffffffffff
N???C@_EEGQOF?GoKO?	46	3fffffffffff
N???C@_EEGQOF?GoKG?	46	3fffffffffff
N???C@_EEGQOF?GoDG?	46	3fffffffffff
N???C@_EEGQOF?GoCW?	46	3fffffffffff
N???C@_EEGQOF?Go@W?	46	3ffffffffffd2
N???C@_EEGQOF?GoDC?	46	3fffffffffff
N???C@_EEGQOF?GoCc?	46	3fffffffffff
N???C@_EEGQOF?Go@K?	46	3fffffffffff
N???C@_EEGQOF?GoKA?	46	3fffffffffff
N???C@_EEGQOWOB_F??	46	3fffffffffff
N???C@_EEGQOWOB_B_?	46	3fffffffffff
N???C@_EEGQOWOB_DO?	46	3fffffffffff
N???C@_EEGQOWOB_BO?	46	3fffffffffff
N???C@_EEGQOWOB_Ao?	46	3fffffffffff
N???C@_EEGQOWOB_BG?	46	3fffffffffff
N???C@_EEGQOWOB_BC?	46	3fffffffffff
N???C@_EEGQOWOB_EA?	46	7ffffffffffe
N???C@_EEGQOWOB_DA?	46	3fffffffffff
N???C@_EEGQOWOB_CQ?	46	3fffffffffff
N???C@_EEGQOWOB_?e?	46	3fffffffffff
N???C@_EEGQOHOAoM??	46	3fffffffffff
N???C@_EEGQOHOAoK_?	46	ffffffffff74c
N???C@_EEGQOHOAoB_?	46	3ffffffffffd2
N???C@_EEGQOHOAoBC?	46	3fffffffffff
N???C@_EEGQOHOAoAS?	46	3fffffffffff
N???C@_EEGQOBOGoM??	46	3fffffffffff
N???C@_EEGQOBOGoK_?	46	3ffffffffffcc
N???C@_EEGQOBOGoH_?	46	3fffffffffff
N???C@_EEGQOBOGoBC?	46	3fffffffffff
N???C@_EEGQO@oJ?L??	46	3fffffffffff
N???C@_EEGQO@oJ?J??	46	3fffffffffff
N???C@_EEGQO@oJ?F??	46	3fffffffffff
N???C@_EEGQO@oJ?KO?	46	3ffffffffffcc
N???C@_EEGQO@oJ?KG?	46	3ffffffffffcc
N???C@_EEGQO@oJ?HG?	46	3fffffffffff
N???C@_EEGQO@oJ?BG?	46	3ffffffffffd2
N???C@_EEGQO@oJ?KC?	46	3ffffffffffcc
N???C@_EEGQO@oJ?EC?	46	3fffffffffff
N???C@_EEGQO@oJ?KA?	46	3fffffffffff
N???C@_EEGQO@oIOM??	46	3fffffffffff
N???C@_EEGQO@oIOL??	46	3fffffffffff
N???C@_EEGQO@oIOK_?	46	3ffffffffffcc
N???C@_EEGQO@oIOH_?	46	3fffffffffff
N???C@_EEGQO@oIOD_?	46	3fffffffffff
N???C@_EEGQO@oIOB_?	46	3ffffffffffd2
N???C@_EEGQO@oIOKC?	46	3ffffffffffcc
N???C@_EEGQO@oIOBC?	46	3fffffffffff
N???C@_EEGQOIG@oJ??	46	7ffffffff7ff
N???C@_EEGQOIG@oF??	46	7ffffffff7ff
N???C@_EEGQOIG@oK_?	46	3ffffffffffcc
N???C@_EEGQOIG@oB_?	46	3fffffffffff
N???C@_EEGQOIG@oBO?	46	3fffffffffff
N???C@_EEGQOIG@oKG?	46	3ffffffffffcc
N???C@_EEGQOIG@oBG?	46	3fffffffffff
N???C@_EEGQOIG@o?w?	46	3ffe7fda37bf077b
N???C@_EEGQOIG@oDA?	46	7ffffffdffff
N???C@_EEGQOBGGoJ??	46	7fffffffff7f
N???C@_EEGQOBGGoF??	46	3fffffffffff
N???C@_EEGQOBGGoK_?	46	3ffffffffffcc
N???C@_EEGQOBGGoB_?	46	7ffffffff7ff
N???C@_EEGQOBGGoBO?	46	3fffffffffff
N???C@_EEGQOBGGoBG?	46	3fffffffffff
N???C@_EEGQOAgHOJ??	46	7ffffffffffd
N???C@_EEGQOAgHOF??	46	3fffffffffff
N???C@_EEGQOAgHOB_?	46	3fffffffffff
N???C@_EEGQOAgHOBO?	46	fffffffff7fb
N???C@_EEGQOAgHOBG?	46	3fffffffffff
N???C@_EEGQOAgHO@Q?	46	fffffffefffe
N???C@_EEGQOAWH_J??	46	7ffffffffffe
N???C@_EEGQOAWH_F??	46	3fffffffffff
N???C@_EEGQOAWH_B_?	46	3fffffffffff
N???C@_EEGQOAWH_BO?	46	3fffffffffff
N???C@_EEGQOAWH_KG?	46	3ffffffffffcc
N???C@_EEGQOAWH_BG?	46	7ffffffff7ff
N???C@_EEGKGCoB_R??	46	3fffffffffff
N???C@_EEGKGCoB_B_?	46	3fffffffffff
N???C@_EEGKGCoB_BO?	46	7ffffffffeff
N???C@_EEGKGCoB_SC?	46	ffffffffff74c
N???C@_EEGKGCoB_BC?	46	3fffffffffff
N???C@_EEGIGh?I_BO?	46	3fffffffffff
N???C@_EEGIGg_J?BO?	46	3fffffffffff
N???C@_EEGIGg_I_B_?	46	3fffffffffff
N???C@_EEGIGg_B_F??	46	3fffffffffff
N???C@_EEGIGg_B_B_?	46	3fffffffffff
N???C@_EEGIGg_B_BO?	46	3fffffffffff
N???C@_EEGIGg_B_BG?	46	3fffffffffff
N???C@_EEGIGg_B_BC?	46	3fffffffffff
N???C@_EEGIGg_B_?s?	46	1ffffffffb7fe
N???C@_EEGIGg_B_EA?	46	7ffffffffffe
N???C@_EEGIGg_B_DA?	46	3fffffffffff
N???C@_EEGIGg_B_?e?	46	3fffffffffff
N???C@_EEGIGK_a_D_?	46	3fffffffffff
N???C@_EEGIGK_B_T??	46	3fffffffffff
N???C@_EEGIGK_B_P_?	46	3fffffffffff
N???C@_EEGIGK_B_D_?	46	3fffffffffff
N???C@_EEGIGK_B_SO?	46	3fffffffffff
N???C@_EEGIGK_B_PO?	46	3fffffffffff
N???C@_EEGIGK_B_Oo?	46	3fffffffffff
N???C@_EEGIGK_B_@o?	46	3fffffffffff
N???C@_EEGIGK_B_PG?	46	3fffffffffff
N???C@_EEGIGK_B_DG?	46	3fffffffffff
N???C@_EEGIGK_B_OW?	46	3fffffffffff
N???C@_EEGIGK_B_CW?	46	3fffffffffff
N???C@_EEGIGK_B_PC?	46	3fffffffffff
N???C@_EEGIGK_B_DC?	46	3fffffffffff
N???C@_EEGIGK_B_Cc?	46	3fffffffffff
N???C@_EEGIGK_B_@c?	46	3fffffffffff
N???C@_EEGIGK_B_@S?	46	3fffffffffff
N???C@_EEGIGK_B_@K?	46	3fffffffffff
N???C@_EEGIGK_B_?k?	46	3fffffffffff
N???C@_EEGIGK_B_?[?	46	3fffffffffff
N???C@_EEGIGK_B_SA?	46	7ffffffffffe
N???C@_EEGIGK_B_DA?	46	3fffffffffff
N???C@_EEGIGK_B_CQ?	46	3fffffffffff
N???C@_EEGIGK_B_CI?	46	7ffffffff7ff
N???C@_EEGIGK_B_?i?	46	3fffffffffff
N???C@_EEGIGK_B_?Y?	46	3fffffffffff
N???C@_EEGIGK_B_OE?	46	7ffffffff7ff
N???C@_EEGIGK_B_?e?	46	3fffffffffff
N???C@_EEGIGK_B_?U?	46	3fffffffffff
N???C@_EEGIGK_B_?M?	46	7ffffffdffff
N???C@_EEGIGa_H_F??	46	3fffffffffff
N???C@_EEGIGa_H_B_?	46	3fffffffffff
N???C@_EEGIGa_H_EO?	46	3fffffffffff
N???C@_EEGIGa_H_BO?	46	3fffffffffff
N???C@_EEGIGa_H_EG?	46	3fffffffffff
N???C@_EEGIGa_H_BG?	46	ffffffffeffe
N???C@_EEGIGa_H_CW?	46	3ffffffffffcc
N???C@_EEGIGa_H_AW?	46	3fffffffffff
N???C@_EEGIGa_H_BC?	46	7ffffffffffe
N???C@_EEGIGa_H_?s?	46	1ffffffffb7fe
N???C@_EEGIGa_H_CK?	46	3ffffffffffcc
N???C@_EEGIGa_H_DA?	46	3fffffffffff
N???C@_EEGIGE_H_T??	46	3fffffffffff
N???C@_EEGIGE_H_P_?	46	3fffffffffff
N???C@_EEGIGE_H_D_?	46	3fffffffffff
N???C@_EEGIGE_H_SO?	46	3fffffffffff
N???C@_EEGIGE_H_Oo?	46	3fffffffffff
N???C@_EEGIGE_H_Co?	46	3fffffffffff
N???C@_EEGIGE_H_SG?	46	3fffffffffff
N???C@_EEGIGE_H_PG?	46	ffffffffeffe
N???C@_EEGIGE_H_DG?	46	3fffffffffff
N???C@_EEGIGE_H_@g?	46	3fffffffffff
N???C@_EEGIGE_H_PC?	46	7ffffffffffe
N???C@_EEGIGE_H_DC?	46	3fffffffffff
N???C@_EEGIGE_H_@c?	46	3fffffffffff
N???C@_EEGIGE_H_@K?	46	7ffffffff7ff
N???C@_EEGIGE_H_?k?	46	3fffffffffff
N???C@_EEGIGE_H_?[?	46	3fffffffffff
N???C@_EEGIGE_H_SA?	46	3fffffffffff
N???C@_EEGIGE_H_DA?	46	3fffffffffff
N???C@_EEGIGE_H_Ca?	46	3fffffffffff
N???C@_EEGIGE_H_CI?	46	3fffffffffff
N???C@_EEGIGE_H_?i?	46	3fffffffffff
N???C@_EEGIGE_H_OE?	46	7fffffffff7f
N???C@_EEGIGE_H_@E?	46	7ffffffff7ff
N???C@_EEGIGE_H_?e?	46	3fffffffffff
N???C@_EEGIGE_H_?M?	46	7ffffffeffff
N???C@_EEGIGGoB_R??	46	3fffffffffff
N???C@_EEGIGGoB_SO?	46	3ffffffffffcc
N???C@_EEGIGGoB_QO?	46	3fffffffffff
N???C@_EEGIGGoB_BO?	46	3fffffffffff
N???C@_EEGIGGoB_BC?	46	3fffffffffff
N???C@_EEGIGGoB_CS?	46	1ffffffffb7fe
N???C@_EEGIGGoB_DA?	46	3fffffffffff
N???C@_EEGIGGoB_BA?	46	3fffffffffff
N???C@_EEGIGGoB_Ca?	46	3fffffffffff
N???C@_EEGIGGoB_AE?	46	7ffffffdffff
N???C@_EEGIGGoB_@E?	46	3fffffffffff
N???C@_EEGIGAoH_U??	46	3fffffffffff
N???C@_EEGIGAoH_T??	46	3fffffffffff
N???C@_EEGIGAoH_R??	46	ffffffffeffe
N???C@_EEGIGAoH_B_?	46	3fffffffffff
N???C@_EEGIGAoH_QO?	46	3fffffffffff
N???C@_EEGIGAoH_BO?	46	3fffffffffff
N???C@_EEGIGAoH_SC?	46	3ffffffffffcc
N???C@_EEGIGAoH_BC?	46	7ffffffff7ff
N???C@_EEGIGAoH_EA?	46	3fffffffffff
N???C@_EEGIGAoH_AQ?	46	3fffffffffff
N???C@_EEGIGAoH_AE?	46	7ffffffeffff
N???C@_EEGIGGcB_U??	46	7ffffffffffe
N???C@_EEGIGGcB_T??	46	3fffffffffff
N???C@_EEGIGGcB_F??	46	3fffffffffff
N???C@_EEGIGGcB_SO?	46	3fffffffffff
N???C@_EEGIGGcB_Co?	46	3fffffffffff
N???C@_EEGIGGcB_@o?	46	3fffffffffff
N???C@_EEGIGGcB_DG?	46	3fffffffffff
N???C@_EEGIGGcB_Og?	46	3fffffffffff
N???C@_EEGIGGcB_Cg?	46	3fffffffffff
N???C@_EEGIGGcB_CW?	46	3fffffffffff
N???C@_EEGIGGcB_SC?	46	7ffffffff7ff
N???C@_EEGIGGcB_PC?	46	3fffffffffff
N???C@_EEGIGGcB_Oc?	46	3fffffffffff
N???C@_EEGIGGcB_AS?	46	3fffffffffff
N???C@_EEGIGGcB_CK?	46	7ffffffdffff
N???C@_EEGIGGcB_AK?	46	7ffffffdffff
N???C@_EEGIGGcB_@K?	46	3fffffffffff
N???C@_EEGIGGcB_?[?	46	3fffffffffff
N???C@_EEGGgg_E_F??	46	3fffffffffff
N???C@_EEGGgg_E_B_?	46	3fffffffffff
N???C@_EEGGgg_E_BG?	46	3fffffffffff
N???C@_EEGGgg_E_BC?	46	7ffffffffeff
N???C@_EEGGgg_E_EA?	46	3fffffffffff
N???C@_EEGGgc_I_F??	46	3fffffffffff
N???C@_EEGGgc_I_B_?	46	3fffffffffff
N???C@_EEGGgc_I_EO?	46	3fffffffffff
N???C@_EEGGgc_I_DO?	46	3fffffffffff
N???C@_EEGGgc_I_BG?	46	3fffffffffff
N???C@_EEGGgc_I_Cg?	46	ffffffffff74c
N???C@_EEGGgc_I_@g?	46	3fffffffffff
N???C@_EEGGgc_I_BC?	46	3fffffffffff
N???C@_EEGGgc_I_EA?	46	3fffffffffff
N???C@_EEGGgc_I_DA?	46	7ffffffffeff
N???C@_EEGGgc_I_@Q?	46	3ffffbbfeefff
N???C@_EEGGgK_E_T??	46	3fffffffffff
N???C@_EEGGgK_E_P_?	46	3effffffffcfe
N???C@_EEGGgK_E_D_?	46	3fffffffffff
N???C@_EEGGgK_E_SO?	46	3fffffffffff
N???C@_EEGGgK_E_PO?	46	3fffffff0ffff
N???C@_EEGGgK_E_PG?	46	3ffffffffffd2
N???C@_EEGGgK_E_PC?	46	3fffffffffff
N???C@_EEGGgK_E_@c?	46	3fffffffffff
N???C@_EEGGgK_E_OS?	46	3fffffffffff
N???C@_EEGGgK_E_SA?	46	3fffffffffff
N???C@_EEGGgK_E_PA?	46	3ffffdefdefff
N???C@_EEGGgK_E_Oa?	46	3bffbffffff7d
N???C@_EEGGgK_E_OQ?	46	3ffffbbfeefff
N???C@_EEGGgK_E_OE?	46	3fffffffffff
N???C@_EEGGgK_E_?e?	46	3fffffffffff
N???C@_EEGGgH_E_R??	46	3fffffffffff
N???C@_EEGGgH_E_F??	46	3fffffffffff
N???C@_EEGGgH_E_QO?	46	3fffffffffff
N???C@_EEGGgH_E_EO?	46	3fffffffffff
N???C@_EEGGgH_E_BC?	46	7fffffffefff
N???C@_EEGGgH_E_QA?	46	3fffffffffff
N???C@_EEGGgH_E_EA?	46	3fffffffffff
N???C@_EEGGgH_E_OQ?	46	3fffffffffff
N???C@_EEGGgH_E_CQ?	46	3fffffffffff
N???C@_EEGGgH_E_AE?	46	7ffffffff7ff
N???C@_EEGGgD_I_U??	46	3fffffffffff
N???C@_EEGGgD_I_R??	46	3fffffffffff
N???C@_EEGGgD_I_F??	46	3fffffffffff
N???C@_EEGGgD_I_EO?	46	3fffffffffff
N???C@_EEGGgD_I_DO?	46	3fffffffffff
N???C@_EEGGgD_I_BO?	46	3ffffffe97fff
N???C@_EEGGgD_I_SG?	46	ffffffffff74c
N???C@_EEGGgD_I_PG?	46	3fffffffffff
N???C@_EEGGgD_I_BC?	46	3fffffffffff
N???C@_EEGGgD_I_PA?	46	3fffffffffff
N???C@_EEGGgD_I_BA?	46	3fff7fefdfeff
N???C@_EEGGgD_I_OE?	46	7fffffffff7f
N???C@_EEGGgD_I_AE?	46	7ffffffff7ff
N???C@_EEGGgD_I_@E?	46	7ffffffff7ff
N???C@_EEGGgGcE_U??	46	3fffffffffff
N???C@_EEGGgGcE_R??	46	3ffffdefdefff
N???C@_EEGGgGcE_SO?	46	3fffffffffff
N???C@_EEGGgGcE_QC?	46	3fffffffffff
N???C@_EEGGgGcE_OS?	46	3fffffffffff
N???C@_EEGGWk?B_F??	46	3fffffffffff
N???C@_EEGGWk?B_B_?	46	3fffffffffff
N???C@_EEGGWk?B_BO?	46	3fffffffffff
N???C@_EEGGWk?B_BG?	46	3fffffffffff
N???C@_EEGGWk?B_Cg?	46	3ffffffffffcc
N???C@_EEGGWk?B_CW?	46	3ffffffffffcc
N???C@_EEGGWk?B_?w?	46	1ffffffffb7fe
N???C@_EEGGWk?B_BC?	46	3fffffffffff
N???C@_EEGGWk?B_Cc?	46	3ffffffffffcc
N???C@_EEGGWk?B_DA?	46	3fffffffffff
N???C@_EEGGWk?B_Aa?	46	3fffffffffff
N???C@_EEGGWk?B_CQ?	46	3fffffffffff
N???C@_EEGGWk?B_?e?	46	3fffffffffff
N???C@_EEGGWe?H_BG?	46	ffffffffeffe
N???C@_EEGGWe?H_Ag?	46	3fffffffffff
N???C@_EEGGWe?H_AW?	46	3fffffffffff
N???C@_EEGGWe?H_?i?	46	3fffffffffff
N???C@_EEGGWe?H_?Y?	46	3fffffffffff
N???C@_EEGGWh?E_F??	46	3fffffffffff
N???C@_EEGGWh?E_B_?	46	3fffffffffff
N???C@_EEGGWh?E_BG?	46	3fffffffffff
N???C@_EEGGWh?E_Ag?	46	3fffffffffff
N???C@_EEGGWh?E_AW?	46	3fffffffffff
N???C@_EEGGWh?E_BC?	46	3fffffffffff
N???C@_EEGGWh?E_EA?	46	3fffffffffff
N???C@_EEGGWh?E_Aa?	46	3fffffffffff
N???C@_EEGGWh?E_?i?	46	7ffffffff7ff
N???C@_EEGGWh?E_?Y?	46	3fffffffffff
N???C@_EEGGWh?E_?e?	46	7ffffffff7ff
N???C@_EEGGWd?I_F??	46	3fffffffffff
N???C@_EEGGWd?I_B_?	46	3fffffffffff
N???C@_EEGGWd?I_BO?	46	3fffffffffff
N???C@_EEGGWd?I_Cg?	46	3ffffffffffcc
N???C@_EEGGWd?I_@g?	46	3fffffffffff
N???C@_EEGGWd?I_CW?	46	3ffffffffffcc
N???C@_EEGGWd?I_?w?	46	3fdffffffb7fe
N???C@_EEGGWd?I_BC?	46	3fffffffffff
N???C@_EEGGWd?I_DA?	46	7ffffffffeff
N???C@_EEGGWd?I_@a?	46	3fffffffffff
N???C@_EEGGWL?E_T??	46	3fffffffffff
N???C@_EEGGWL?E_P_?	46	3fffffffffff
N???C@_EEGGWL?E_D_?	46	3fffffffffff
N???C@_EEGGWL?E_SO?	46	3fffffffffff
N???C@_EEGGWL?E_DO?	46	3fffffffffff
N???C@_EEGGWL?E_PG?	46	3fffffffffff
N???C@_EEGGWL?E_DG?	46	3fffffffffff
N???C@_EEGGWL?E_Og?	46	3fffffffffff
N???C@_EEGGWL?E_Cg?	46	3fffffffffff
N???C@_EEGGWL?E_@g?	46	3fffffffffff
N???C@_EEGGWL?E_PC?	46	3fffffffffff
N???C@_EEGGWL?E_DC?	46	3fffffffffff
N???C@_EEGGWL?E_Oc?	46	3fffffffffff
N???C@_EEGGWL?E_@c?	46	3fffffffffff
N???C@_EEGGWL?E_CK?	46	3fffffffffff
N???C@_EEGGWL?E_@K?	46	3fffffffffff
N???C@_EEGGWL?E_?[?	46	7ffffffffffd
N???C@_EEGGWL?E_SA?	46	3fffffffffff
N???C@_EEGGWL?E_PA?	46	3fffffffffff
N???C@_EEGGWL?E_Oa?	46	3fffffffffff
N???C@_EEGGWL?E_Ca?	46	3fffffffffff
N???C@_EEGGWL?E_CI?	46	3fffffffffff
N???C@_EEGGWL?E_?i?	46	3fffffffffff
N???C@_EEGGWL?E_OE?	46	3fffffffffff
N???C@_EEGGWL?E_?e?	46	3fffffffffff
N???C@_EEGGWL?E_?M?	46	3fffffffffff
N???C@_EEGGWg_F?F??	46	3fffffffffff
N???C@_EEGGWg_F?BO?	46	3fffffffffff
N???C@_EEGGWg_F?BG?	46	3fffffffffff
N???C@_EEGGWg_F?BC?	46	3fffffffffff
N???C@_EEGGWg_F?Ac?	46	3fffffffffff
N???C@_EEGGWg_F?EA?	46	3fffffffffff
N???C@_EEGGWg_F??e?	46	3fffffffffff
N???C@_EEGGWc_J?F??	46	3fffffffffff
N???C@_EEGGWc_J?B_?	46	3fffffffffff
N???C@_EEGGWc_J?BO?	46	3fffffffffff
N???C@_EEGGWc_J?BG?	46	3fffffffffff
N???C@_EEGGWc_J?Cg?	46	3ffffffffffcc
N???C@_EEGGWc_J?CW?	46	3ffffffffffcc
N???C@_EEGGWc_J?@W?	46	3fffffffffff
N???C@_EEGGWc_J?BC?	46	3fffffffffff
N???C@_EEGGWc_J?EA?	46	3fffffffffff
N???C@_EEGGW`_M?B_?	46	3fffffff0ffff
N???C@_EEGGW`_M?BG?	46	3fffffff0ffff
N???C@_EEGGWH_M?R??	46	3fffffffffff
N???C@_EEGGWH_M?QC?	46	3fffffffffff
N???C@_EEGGWH_M?BC?	46	7fffffffefff
N???C@_EEGGWH_M?Ac?	46	3fffffffffff
N???C@_EEGGWH_M?OE?	46	3fffffffffff
N???C@_EEGGWH_M??e?	46	3fffffffffff
N???C@_EEGGWH_F?R??	46	3fffffffffff
N???C@_EEGGWH_F?F??	46	3fffffffffff
N???C@_EEGGWH_F?QO?	46	3fffffffffff
N???C@_EEGGWH_F?EO?	46	3fffffffffff
N???C@_EEGGWH_F?BO?	46	3fffffffffff
N???C@_EEGGWH_F?QG?	46	3fffffffffff
N???C@_EEGGWH_F?EG?	46	3fffffffffff
N???C@_EEGGWH_F?BG?	46	3fffffffffff
N???C@_EEGGWH_F?QC?	46	3fffffffffff
N???C@_EEGGWH_F?EC?	46	3fffffffffff
N???C@_EEGGWH_F?BC?	46	3fffffffffff
N???C@_EEGGWH_F?OQ?	46	3fffffffffff
N???C@_EEGGWH_F?CQ?	46	3fffffffffff
N???C@_EEGGWH_F?OI?	46	3fffffffffff
N???C@_EEGGWH_F?CI?	46	3fffffffffff
N???C@_EEGGWH_F??Y?	46	3fffffffffff
N???C@_EEGGWH_F?OE?	46	3fffffffffff
N???C@_EEGGWH_F?CE?	46	3fffffffffff
N???C@_EEGGWD_M?S_?	46	3fffffffffff
N???C@_EEGGWD_M?P_?	46	3fffffffffff
N???C@_EEGGWD_M?SO?	46	3fffffffffff
N???C@_EEGGWD_M?PO?	46	3fffffffffff
N???C@_EEGGWD_M?Co?	46	3fffffffffff
N???C@_EEGGWD_M?@o?	46	3fffffffffff
N???C@_EEGGWD_M?SC?	46	7ffffffff7ff
N???C@_EEGGWD_M?PC?	46	3fffffffffff
N???C@_EEGGWD_M?Oc?	46	3fffffffffff
N???C@_EEGGWD_M?@c?	46	3fffffffffff
N???C@_EEGGWD_M?SA?	46	3fffffffffff
N???C@_EEGGWD_M?PA?	46	3fffffffffff
N???C@_EEGGWD_M?DA?	46	7fffffffefff
N???C@_EEGGWD_M?Oa?	46	3fffffffffff
N???C@_EEGGWD_M?OE?	46	3fffffffffff
N???C@_EEGGWD_M??e?	46	3fffffffffff
N???C@_EEGGWD_J?U??	46	3fffffffffff
N???C@_EEGGWD_J?R??	46	3fffffffffff
N???C@_EEGGWD_J?F??	46	3fffffffffff
N???C@_EEGGWD_J?EO?	46	3fffffffffff
N???C@_EEGGWD_J?DO?	46	3fffffffffff
N???C@_EEGGWD_J?BO?	46	3fffffffffff
N???C@_EEGGWD_J?SG?	46	3ffffffffffcc
N???C@_EEGGWD_J?EG?	46	3fffffffffff
N???C@_EEGGWD_J?DG?	46	3fffffffffff
N???C@_EEGGWD_J?BG?	46	3fffffffffff
N???C@_EEGGWD_J?QC?	46	3fffffffffff
N???C@_EEGGWD_J?PC?	46	3fffffffffff
N???C@_EEGGWD_J?BC?	46	3fffffffffff
N???C@_EEGGWD_J?QA?	46	3fffffffffff
N???C@_EEGGWD_J?EA?	46	3fffffffffff
N???C@_EEGGWD_J?PA?	46	3fffffffffff
N???C@_EEGGWD_J?DA?	46	3fffffffffff
N???C@_EEGGWD_J?CI?	46	3fffffffffff
N???C@_EEGGWD_J?@I?	46	3fffffffffff
N???C@_EEGGWD_J?OE?	46	3fffffffffff
N???C@_EEGGWD_J?AE?	46	3fffffffffff
N???C@_EEGGWEGH_U??	46	3fffffffffff
N???C@_EEGGWEGH_R??	46	7ffffffffffe
N???C@_EEGGWEGH_SA?	46	3fffffffffff
N???C@_EEGGWEGH_QA?	46	7fffffffff7f
N???C@_EEGGWKCB_U??	46	7ffffffffffe
N???C@_EEGGWKCB_T??	46	3fffffffffff
N???C@_EEGGWKCB_R??	46	3fffffffffff
N???C@_EEGGWKCB_Q_?	46	3fffffffffff
N???C@_EEGGWKCB_SO?	46	3fffffffffff
N???C@_EEGGWKCB_Co?	46	3fffffffffff
N???C@_EEGGWKCB_Og?	46	3ffdbf739b7ee87d
N???C@_EEGGWKCB_SC?	46	fffffffdf7ff
N???C@_EEGGWKCB_QC?	46	7ffffffff7ff
N???C@_EEGGWKCB_Oc?	46	3fffffffff87f
N???C@_EEGGWHCE_U??	46	3fffffffffff
N???C@_EEGGWHCE_R??	46	3fffffffffff
N???C@_EEGGWHCE_SO?	46	3fffffffffff
N???C@_EEGGWHCE_EG?	46	3fffffffffff
N???C@_EEGGWHCE_Og?	46	7ffffffff7ff
N???C@_EEGGWHCE_Cg?	46	7ffffffff7ff
N???C@_EEGGWHCE_?w?	46	3fffffffffff
N???C@_EEGGWHCE_QC?	46	3fffffffffff
N???C@_EEGGWHCE_Oc?	46	7ffffffff7ff
N???C@_EEGGWHCE_Ac?	46	3fffffffffff
N???C@_EEGGWHCE_CK?	46	7fffffffefff
N???C@_EEGGWHCE_AK?	46	3fffffffffff
N???C@_EEGGWHCE_?[?	46	7ffffffffffb
N???C@_EB@Y?B_@oF??	46	ffffffff0e7ff
N???C@_EB@Y?B_@oCo?	46	1ffffffffb7fe
N???C@_EB@W_D_AoF??	46	3fffffffffff
N???C@_EB@W_D_AoD_?	46	3fffffffffff
N???C@_EB@W_D_AoDG?	46	fffffffff77f
N???C@_EB@W_D_AoCg?	46	7ffffffffb77c
N???C@_EB@W_D_AoCa?	46	fffffffdf7ff
N???C@_EB@W_@oE_F??	46	3ffffffffe7f9
N???C@_EB@I_`_AoF??	46	3fffffffdef7e
N???C@_EB@I_`_AoS_?	46	ffffffffff74c
N???C@_EB@I_`_AoD_?	46	7fffffffff7f
N???C@_EB@I_`_AoDG?	46	7fffffffff7f
N???C@_EB@I_B__oSG?	46	ffffffffff74c
N???C@_EB@God?AoU??	46	fffffffff77f
N???C@_EB@God?AoF??	46	3fffffffffff
N???C@_EB@God?AoS_?	46	ffffffffff74c
N???C@_EB@God?AoE_?	46	3ffffffffe67f
N???C@_EB@Go`_EOF??	46	effefffffeefa
N???C@_EB@GoD_aOT??	46	fbffbfffff77c
N???C@_EB@GoD_aOS_?	46	3defbfffdea94fcc
N???C@_EB@GoD_aOSG?	46	ffffffffff74c
N???C@_ECBY?H_B_J??	46	7ffffffffffe
N???C@_ECBY?H_B_F??	46	3fffffffffff
N???C@_ECBY?H_B_B_?	46	7ffffffffffd
N???C@_ECBY?H_B_HG?	46	7fffffffff7f
N???C@_ECBY?H_B_BG?	46	7ffffffff7ff
N???C@_ECBY?H_B_?w?	46	3ffdf7ffff77f
N???C@_ECBY?H_B_IA?	46	ffffffffff74c
N???C@_ECBR?P_H_Ag?	46	7ffffffffffd
N???C@_ECBR?P_H_GI?	46	7fffffff7fff
N???C@_ECBW_K_B_F??	46	7ffffffffffd
N???C@_ECBW_K_B_BG?	46	3fffffffffff
N???C@_ECBW_K_B_DA?	46	7ffffffffeff
N???C@_ECBW_K_B_CI?	46	7ffffffdffff
N???C@_ECBW_H_E_J??	46	fffffffffffc
N???C@_ECBW_H_E_F??	46	7ffffffffffd
N???C@_ECBW_H_E_BG?	46	fffffffff7fe
N???C@_ECBW_H_E_EA?	46	7ffffffffeff
N???C@_ECBQ_W_B_J??	46	3fffffffffff
N???C@_ECBQ_W_B_BO?	46	7ffffffffffd
N???C@_ECBQ_W_B_KG?	46	ffffffffff74c
N???C@_ECBQ_W_B_BG?	46	7ffffffffffd
N???C@_ECBQ_W_B_HA?	46	7fffffffefff
N???C@_ECBQ_P_I_J??	46	3fffffffffff
N???C@_ECBQ_P_I_F??	46	7ffffffffffe
N???C@_ECBQ_P_I_BO?	46	7ffffffffffd
N???C@_ECBQ_P_I_BG?	46	7fffffffff7f
N???C@_ECBQ_P_I_HA?	46	7fffffffefff
N???C@_ECBQ_P_I_GI?	46	7ffffffffeff
N???C@_ECBOo[?B_KG?	46	ffffffffff74c
N???C@_ECBOo[?B_BG?	46	3fffffffffff
N???C@_ECBOo[?B_HA?	46	7ffffffdffff
N???C@_ECBOoX?E_J??	46	fffffffff7fd
N???C@_ECBOoX?E_B_?	46	7ffffffffffd
N???C@_ECBOoX?E_BG?	46	7ffffffffffe
N???C@_ECBOoX?E_AW?	46	7ffffffffffd
N???C@_ECBOoX?E_IA?	46	fffffffdfeff
N???C@_ECBOoX?E_Aa?	46	7ffffffffffb
N???C@_ECBOoX?E_?Y?	46	7ffffffffffb
N???C@_ECBOoT?I_J??	46	7ffffffff7ff
N???C@_ECBOoT?I_BG?	46	3fffffffffff
N???C@_ECBOoT?I_EA?	46	7ffffffdffff
N???C@_ECBOoT?I_GI?	46	7ffffffffeff
N???EA_S@OAoD_B_[??	46	3fffffff0ffff
N???EA_S@OAoD_B_L??	46	3ffffffff87ff
N???EA_S@OAoD_B_WG?	46	3defbfffdea94fcc
N???EA_S@OAoD_B_PG?	46	3fff7fefdfeff
N???EA_S@OAoD_B_SC?	46	3faeffff75e937d2
N???EA_S@OAoD_B_KC?	46	3ffffffe97fff
N???EA_S@OAoD_B_DC?	46	3ff73fdb9cfdef61
N???EA_S@OAoD_B_GK?	46	3fefedefe76634fe
N???EA_S@OAoD_B_@K?	46	3fffffffffff
N???EA_S@OAoD_B_HA?	46	3faeffff75e937d2
N???EA_S@OAoD_BCHO?	46	3faeffff75e937d2
N???EA_S@OAoD_BCOW?	46	3faeffff75e937d2
N???EA_S@OAoD_BCOS?	46	3fdffffffb7fe
N???EA_S@OIG`_B_BA?	46	3fffffff0ffff
N???EA_S@OIG`_B_E@?	46	ffffffff7ffe
N???EA_S@OIGD_B_T??	46	7ffffffffffd
N???EA_S@OIGD_B_DC?	46	ffffffff0e7ff
N???EA_S@OIGD_B_PA?	46	3fffffff0ffff
N???EA_S@OIGD_B_S@?	46	effefffffeefa
N???EA_S@OPGP_D_EC?	46	3fffffffffff
N???EA_S@OPGP_D_BC?	46	3fffffffffff
N???EA_S@OPGP_D_@c?	46	3fffffffffff
N???EA_S@OPGP_D_E@?	46	3fffffffffff
N???EA_S@OPGP_D_C`?	46	3fffffffffff
N???EA_S@OPGP_D_CB?	46	7fffffffff7f
N???EA_S@OPGD_D_C`?	46	feffffffff37c
N???EA_S@OPGB_D_IC?	46	3fffffffffff
N???EA_S@OPGB_D_EC?	46	3fffffffffff
N???EA_S@OPGB_D_Cc?	46	3ffffffffffd2
N???EA_S@OPGB_D_I@?	46	3fffffffffff
N???EA_S@OPGB_D_GD?	46	ffffffffff74c
N???EA_S@OPGB_D_AD?	46	3fffffffffff
N???EA_S@OPGB_D_?d?	46	3effffffffb7e
N???EA_S@OPGB_D_?F?	46	7ffffffdffff
N???EA_S@OPG@cD_E@?	46	7ffffffffffb
N???EA_S@OPG@cD_C`?	46	7ffffffffeff
N???EA_S@OHAB_D_EC?	46	3fffffffffff
N???EA_S@OHAB_D_OK?	46	7ffffffff7ff
N???EA_S@OHAB_D_CK?	46	7ffffffff7ff
N???EA_S@OHAB_D_E@?	46	3fffffff0ffff
N???EA_S@OHAB_D_OH?	46	7ffffffff7ff
N???EA_S@OHAB_D_CH?	46	7ffffffff7ff
N???EA_S@OHAB_D_AH?	46	3ffffffffffcc
N???EA_S@OHAB_D_OD?	46	7ffffffff7ff
N??CA?_cCoM?B_@WH_?	46	3fffffffffff
N??CA?_cCoM?B_@WHG?	46	3fffffffffff
N??CA?_cCoM?B_@WDG?	46	3fffffffffff
N??CA?_cCoM?B_@WGg?	46	7fffffffefff
N??CA?_cCoM?B_@WCg?	46	7fffffffefff
N??CA?_cCoM?B_@WCW?	46	3fffffffffff
N??CA?_cCoM?B_@W@K?	46	3fffffffffff
N??CA?_cCoM?B_@W?k?	46	7ffffffdffff
N??CA?_cCoM?B_@W?[?	46	3fffffffffff
N??CA?_cCoM?B_@WKA?	46	fffffffefffe
N??CA?_cCoM?B_@WHA?	46	fffffffef7ff
N??CA?_cCoM?B_@WGQ?	46	fffffffdf7ff
N??CA?_cCoM?B_@W@Q?	46	3fffffffdef7e
N??CA?_cCoM?B_@WCI?	46	7ffffffff7ff
N??CA?_cCoM?B_@W@I?	46	3fffffffffff
N??CA?_cCoM?B_@W?Y?	46	3fffffffffff
N??CA?_cCoM?B_@W?M?	46	7ffffffdffff
N??CA?_cCoM?@oBGD_?	46	3fffffffffff
N??CA?_cCoM?@oBGHG?	46	3fffffffffff
N??CA?_cCoM?@oBGDG?	46	3fffffffffff
N??CA?_cCoM?@oBGCg?	46	3fffffffffff
N??CA?_cCoM?@oBG@g?	46	3fffffffffff
N??CA?_cCoM?@oBGCW?	46	7ffffffff7ff
N??CA?_cCoM?@oBGHC?	46	7ffffffff7ff
N??CA?_cCoM?@oBGGc?	46	3fffffffffff
N??CA?_cCoM?@oBG@c?	46	3fffffffffff
N??CA?_cCoM?@oBGGS?	46	3fffffffffff
N??CA?_cCoM?@oBGGK?	46	3fffffffffff
N??CA?_cCoM?@oBGCK?	46	3fffffffffff
N??CA?_cCoM?@oBG@K?	46	3fffffffffff
N??CA?_cCoM?@oBG?k?	46	3fffffffffff
N??CA?_cCoM?@oBGKA?	46	fffffffff7fb
N??CA?_cCoM?@oBGHA?	46	7ffffffff7ff
N??CA?_cCoM?@oBGDA?	46	ffffffffe7ff
N??CA?_cCoM?@oBG@a?	46	3fffffffffff
N??CA?_cCoM?@oBGGQ?	46	ffffffffe7ff
N??CA?_cCoM?@oBGCQ?	46	7fffffffefff
N??CA?_cCoM?@oBG?q?	46	3fffffffffff
N??CA?_cCoM?@oBGCI?	46	7fffffffefff
N??CA?_cCoM?@oBG@I?	46	3fffffffffff
N??CA?_cCoM?@oBGGE?	46	7ffffffdffff
N??CA?_cCoM?@oBG?e?	46	3fffffffffff
N??CA?_cCoM?@oBG?U?	46	3fffffffffff
N??CA?_cCoM?@oBG?M?	46	3fffffffffff
N??CA?_cCoJ?H_@WL??	46	7fffffffff7f
N??CA?_cCoJ?H_@WK_?	46	3fffffffffff
N??CA?_cCoJ?H_@WD_?	46	3fffffffffff
N??CA?_cCoJ?H_@WKO?	46	7ffffffff7ff
N??CA?_cCoJ?H_@WGo?	46	3fffffffffff
N??CA?_cCoJ?H_@WHG?	46	3fffffffeeffc
N??CA?_cCoJ?H_@WDG?	46	3fffffffffff
N??CA?_cCoJ?H_@WCg?	46	3effffffffcfe
N??CA?_cCoJ?H_@W@g?	46	3fffffffffff
N??CA?_cCoJ?H_@WKC?	46	3fffffffffff
N??CA?_cCoJ?H_@WHC?	46	7ffffffffffe
N??CA?_cCoJ?H_@WDC?	46	3fffffffffff
N??CA?_cCoJ?H_@WGc?	46	3fffffffffff
N??CA?_cCoJ?H_@WGS?	46	3fffffffffff
N??CA?_cCoJ?H_@WGK?	46	7fffffffff7f
N??CA?_cCoJ?H_@WCK?	46	3bfffffbf7ffd
N??CA?_cCoJ?H_@W@K?	46	7ffffffff7ff
N??CA?_cCoJ?H_@W?k?	46	3fffbffbf7f7f
N??CA?_cCoJ?H_@W?[?	46	3fffffffffff
N??CA?_cCoJ?H_@WDA?	46	fffffffeefff
N??CA?_cCoJ?H_@W@a?	46	3fffffffffff
N??CA?_cCoJ?H_@W?q?	46	3fffffffffff
N??CA?_cCoJ?H_@WCI?	46	3fffffffffff
N??CA?_cCoJ?H_@W@I?	46	3ffffffffe67f
N??CA?_cCoJ?H_@W?Y?	46	7ffffffeffff
N??CA?_cCoJ?H_@W@E?	46	7ffffffff7ff
N??CA?_cCoJ?H_@W?M?	46	7ffffffeffff
N??CA?_cCoJ?@oHGL??	46	ffffffffeffe
N??CA?_cCoJ?@oHGK_?	46	7ffffffff7ff
N??CA?_cCoJ?@oHGD_?	46	fffffffef7ff
N??CA?_cCoJ?@oHGKO?	46	3fffffffffff
N??CA?_cCoJ?@oHGCo?	46	3bfffffbf7ffd
N??CA?_cCoJ?@oHGDG?	46	3fffffffffff
N??CA?_cCoJ?@oHGCg?	46	3effffffffcfe
N??CA?_cCoJ?@oHGCK?	46	3bfffffbf7ffd
N??CA?_cCoJ?@oHGDA?	46	3ffffffffe67f
N??CA?_cCoJ?@oHGCQ?	46	3fffffffffff
N??CA?_cCoJ?@oHGCI?	46	3fffffffffff
N??CA?_cCoI_J??wL??	46	7ffffffff7ff
N??CA?_cCoI_J??wK_?	46	7ffffffff7ff
N??CA?_cCoI_J??wKO?	46	3fffffffffff
N??CA?_cCoI_J??wDG?	46	3fffffffffff
N??CA?_cCoI_J??w@g?	46	3fffffffffff
N??CA?_cCoI_J??wKC?	46	3fffffffffff
N??CA?_cCoI_J??wHC?	46	3fffffffffff
N??CA?_cCoI_J??w@c?	46	3fffffffffff
N??CA?_cCoI_J??wGK?	46	7ffffffffffe
N??CA?_cCoI_J??w@K?	46	3fffffffffff
N??CA?_cCoI_J??w?k?	46	3fffffffffff
N??CA?_cCoI_J??w?[?	46	7ffffffff7ff
N??CA?_cCoI_J??wHA?	46	fffffffdf7ff
N??CA?_cCoI_J??wDA?	46	fffffffdefff
N??CA?_cCoI_J??wCa?	46	fffffffdefff
N??CA?_cCoI_J??wCQ?	46	3fffffffffff
N??CA?_cCoI_J??w?q?	46	3fffffffffff
N??CA?_cCoI_J??wCI?	46	3fffffffffff
N??CA?_cCoI_J??w?Y?	46	fffffffff77f
N??CA?_cCoI_J??w?U?	46	7ffffffff7ff
N??CA?_cCoI_J??w?M?	46	7ffffffff7ff
N??CA?_cCoI_I_@WL??	46	7fffffffff7f
N??CA?_cCoI_I_@WD_?	46	3fffffffffff
N??CA?_cCoI_I_@WDG?	46	3fffffffffff
N??CA?_cCoI_I_@W@g?	46	3fffffffffff
N??CA?_cCoI_I_@WKC?	46	7ffffffffeff
N??CA?_cCoI_I_@WHC?	46	3fffffffffff
N??CA?_cCoI_I_@WCc?	46	7fffffffefff
N??CA?_cCoI_I_@WGS?	46	3fffffffffff
N??CA?_cCoI_I_@WGK?	46	fffffffefffd
N??CA?_cCoI_I_@WCK?	46	7ffffffeffff
N??CA?_cCoI_I_@W@K?	46	3fffffffffff
N??CA?_cCoI_I_@W?k?	46	fffffffdf7ff
N??CA?_cCoI_I_@W?[?	46	3fffffffffff
N??CA?_cCoI_I_@W@a?	46	3fffffffffff
N??CA?_cCoI_I_@W@Q?	46	3fffffffdef7e
N??CA?_cCoI_I_@W?q?	46	3fffffffffff
N??CA?_cCoI_I_@WCI?	46	3fffffffffff
N??CA?_cCoI_I_@W@E?	46	7ffffffffeff
N??CA?_cCoI_I_@W?U?	46	7fffffff7fff
N??CA?_cCoI_I_@W?M?	46	7fffffffefff
N??CA?_cCoI_H_AWL??	46	3fffffffffff
N??CA?_cCoI_H_AWD_?	46	3fffffffffff
N??CA?_cCoI_H_AWDG?	46	3fffffffffff
N??CA?_cCoI_H_AWCg?	46	3fffffffffff
N??CA?_cCoI_H_AW@g?	46	3fffffffffff
N??CA?_cCoI_H_AWKC?	46	3fffffffffff
N??CA?_cCoI_H_AWHC?	46	7ffffffffffe
N??CA?_cCoI_H_AWDC?	46	3fffffffffff
N??CA?_cCoI_H_AWGS?	46	3fffffffffff
N??CA?_cCoI_H_AWGK?	46	7fffffffff7f
N??CA?_cCoI_H_AWCK?	46	3fffffffffff
N??CA?_cCoI_H_AW@K?	46	7ffffffff7ff
N??CA?_cCoI_H_AW?k?	46	3fffffffffff
N??CA?_cCoI_H_AW?[?	46	3fffffffffff
N??CA?_cCoI_H_AWDA?	46	3fffffffffff
N??CA?_cCoI_H_AWCa?	46	fffffffeefff
N??CA?_cCoI_H_AW@a?	46	3fffffffffff
N??CA?_cCoI_H_AWCQ?	46	fffffffeefff
N??CA?_cCoI_H_AWCI?	46	3fffffffffff
N??CA?_cCoI_H_AW@I?	46	fffffffff77f
N??CA?_cCoI_H_AW@E?	46	7ffffffff7ff
N??CA?_cCoI_H_AW?M?	46	7ffffffeffff
N??CA?_cCoI_B_GWL??	46	3fffffffffff
N??CA?_cCoI_B_GWD_?	46	3bfffffbf7ffd
N??CA?_cCoI_B_GWKO?	46	3fffffffffff
N??CA?_cCoI_B_GWDG?	46	3fffffffffff
N??CA?_cCoI_B_GWCg?	46	7fffffffefff
N??CA?_cCoI_B_GWCW?	46	3fffffffffff
N??CA?_cCoI_B_GWDC?	46	3fffffffffff
N??CA?_cCoI_B_GWCc?	46	7fffffffefff
N??CA?_cCoI_B_GWDA?	46	2ffeffffffefb
N??CA?_cCoI_B_GWCQ?	46	2ffeffffffefb
N??CA?_cCoI_B_GWCI?	46	7ffffffff7ff
N??CA?_cCoI_BOGgL??	46	3fffffffffff
N??CA?_cCoI_BOGgDG?	46	3fffffffffff
N??CA?_cCoI_BOGgKC?	46	7ffffffffffd
N??CA?_cCoI_BOGgCK?	46	3fffffffffff
N??CA?_cCoI_BOGgDA?	46	7ffffffffffd
N??CA?_cCoI_BOGgCI?	46	3fffffffffff
N??CA?_cCoI_AoHGL??	46	3fffffffffff
N??CA?_cCoI_AoHGK_?	46	fffffffffffa
N??CA?_cCoI_AoHGD_?	46	3fffffffffff
N??CA?_cCoI_AoHGKO?	46	3fffffffffff
N??CA?_cCoI_AoHGCo?	46	3fffffffffff
N??CA?_cCoI_AoHGDG?	46	3fffffffffff
N??CA?_cCoI_AoHGKC?	46	fffffffffe7f
N??CA?_cCoI_AoHGCK?	46	7ffffffeffff
N??CA?_cCoI_AoHGDA?	46	3fffffffffff
N??CA?_cCoI_AoHGCQ?	46	3fffffffffff
N??CA?_cCoI_AoHGCI?	46	3fffffffffff
N??CA?_cCoI_@oIGL??	46	7ffffffffffe
N??CA?_cCoI_@oIGKO?	46	3fffffffffff
N??CA?_cCoI_@oIGDG?	46	3fffffffffff
N??CA?_cCoI_@oIGCg?	46	3fffffffffff
N??CA?_cCoI_@oIGDA?	46	3ffffffffe7f9
N??CA?_cCoI_@oIGCQ?	46	7fffffffff7f
N??CA?_cCoI_@oIGCI?	46	3fffffffffff
N??CA?_cCoH_H_@WM??	46	3fffffffffff
N??CA?_cCoH_H_@WL??	46	3fffffffffff
N??CA?_cCoH_H_@WJ??	46	3fffffffffff
N??CA?_cCoH_H_@WF??	46	3fffffffffff
N??CA?_cCoH_H_@WIO?	46	3fffffffffff
N??CA?_cCoH_H_@WEO?	46	3fffffffffff
N??CA?_cCoH_H_@WEG?	46	3fffffffffff
N??CA?_cCoH_H_@WBG?	46	3fffffffffff
N??CA?_cCoH_H_@WCW?	46	3fffffffffff
N??CA?_cCoH_H_@WAW?	46	3fffffffffff
N??CA?_cCoH_H_@WIC?	46	3fffffffffff
N??CA?_cCoH_H_@WEC?	46	3fffffffffff
N??CA?_cCoH_H_@WBC?	46	3fffffffffff
N??CA?_cCoH_H_@WAS?	46	3fffffffffff
N??CA?_cCoH_H_@WAK?	46	3fffffffffff
N??CA?_cCoH_H_@WIA?	46	3fffffffffff
N??CA?_cCoH_IO@gM??	46	7ffffffffffd
N??CA?_cCoH_IO@gK_?	46	3fffffffffff
N??CA?_cCoH_IO@gI_?	46	3fffffffffff
N??CA?_cCoH_IO@gE_?	46	3fffffffffff
N??CA?_cCoH_IO@gIO?	46	3fffffffffff
N??CA?_cCoH_IO@gEG?	46	7ffffffff7ff
N??CA?_cCoH_IO@gCg?	46	3fffffffffff
N??CA?_cCoH_IO@gAg?	46	3fffffffffff
N??CA?_cCoH_IO@gCW?	46	3fffffffffff
N??CA?_cCoH_IO@gIC?	46	3fffffffffff
N??CA?_cCoH_IO@gGc?	46	3fffffffffff
N??CA?_cCoH_IO@gAc?	46	3fffffffffff
N??CA?_cCoH_IO@gGS?	46	3fffffffffff
N??CA?_cCoH_IO@gAS?	46	3fffffffffff
N??CA?_cCoH_IO@gAK?	46	3fffffffffff
N??CA?_cCoH_IO@g?[?	46	3fffffffffff
N??CA?_cCoH_IO@gKA?	46	7fffffffefff
N??CA?_cCoH_IO@gIA?	46	ffffffffe7ff
N??CA?_cCoH_IO@gEA?	46	7fffffffefff
N??CA?_cCoH_IO@gGa?	46	3fffffffffff
N??CA?_cCoH_IO@gCa?	46	3fffffffffff
N??CA?_cCoH_IO@gCI?	46	7ffffffdffff
N??CA?_cCoH_IO@gAI?	46	fffffffdff7f
N??CA?_cCoH_IO@g?i?	46	3fffffffffff
N??CA?_cCoH_IO@gGE?	46	3fffffffffff
N??CA?_cCoH_IO@gCE?	46	3fffffffffff
N??CA?_cCoH_IO@gAE?	46	3fffffffffff
N??CA?_cCoH_IO@g?e?	46	3fffffffffff
N??CA?_cCoH_IO@g?U?	46	3fffffffffff
N??CA?_cCoH_IO@g?M?	46	3fffffffffff
N??CA?_cCoH_@oHGM??	46	3fffffffffff
N??CA?_cCoH_@oHGL??	46	3fffffffffff
N??CA?_cCoH_@oHGF??	46	3fffffffffff
N??CA?_cCoH_@oHGEO?	46	3fffffffffff
N??CA?_cCoH_@oHGEG?	46	3fffffffffff
N??CA?_cCoH_@oHGKC?	46	1ffffffffcffe
N??CA?_cCoH_@oHGEC?	46	3fffffffffff
N??CA?_cCoH_WG@oF??	46	7ffffffffffe
N??CA?_cCoH_WG@oE_?	46	3fffffffffff
N??CA?_cCoH_WG@oEO?	46	3fffffffffff
N??CA?_cCoH_WG@oDO?	46	3fffffffffff
N??CA?_cCoH_WG@oEG?	46	3fffffffffff
N??CA?_cCoH_WG@oCW?	46	3fffffffffff
N??CA?_cCoH_WG@oEC?	46	7ffffffff7ff
N??CA?_cCoH_WG@oCS?	46	3fffffffffff
N??CA?_cCoH_WG@oDA?	46	7ffffffff7ff
N??CA?_cCoH_WG@oCa?	46	3fffffffffff
N??CA?_cCoH_WG@oCQ?	46	3fffffffffff
N??CA?_cCoH_WG@oCI?	46	3fffffffffff
N??CA?_cCoH_WG@oCE?	46	7ffffffdffff
N??CA?_cCoH_IG@oM??	46	7ffffffffffe
N??CA?_cCoH_IG@oK_?	46	3fffffffffff
N??CA?_cCoH_IG@oE_?	46	3fffffffffff
N??CA?_cCoH_IG@oEO?	46	7ffffffffffe
N??CA?_cCoH_IG@oEG?	46	3fffffffffff
N??CA?_cCoH_IG@oCW?	46	3fffffffffff
N??CA?_cCoH_IG@oKC?	46	7ffffffff7ff
N??CA?_cCoH_IG@oKA?	46	7ffffffff7ff
N??CA?_cCoH_IG@oEA?	46	3ffffffffe7f9
N??CA?_cCoH_IG@oCa?	46	3fffffffffff
N??CA?_cCoH_IG@oCI?	46	3fffffffffff
N??CA?_cCoH_IG@oCE?	46	3fffffffdf6fe
N??CA?_cCoB_X??wL??	46	7ffffffff7ff
N??CA?_cCoB_X??wK_?	46	7ffffffff7ff
N??CA?_cCoB_X??wH_?	46	ffffffffe7ff
N??CA?_cCoB_X??wKO?	46	3fffffffffff
N??CA?_cCoB_X??wDG?	46	3fffffffffff
N??CA?_cCoB_X??w@g?	46	3fffffffffff
N??CA?_cCoB_X??w@K?	46	7ffffffffffe
N??CA?_cCoB_X??wHA?	46	fffffffdf7ff
N??CA?_cCoB_P_GWL??	46	7ffffffffffb
N??CA?_cCoB_P_GWD_?	46	3bfffffbf7ffd
N??CA?_cCoB_P_GWDG?	46	ffffffffeffe
N??CA?_cCoB_P_GWCg?	46	3fffffffffff
N??CA?_cCoB_POGgL??	46	3fffffffffff
N??CA?_cCoB_POGgKG?	46	1ffffffffcffe
N??CA?_cCoIOJ?@WL??	46	7fffffffff7f
N??CA?_cCoIOJ?@WK_?	46	3fffffffffff
N??CA?_cCoIOJ?@WH_?	46	3fffffffffff
N??CA?_cCoIOJ?@WD_?	46	3bfffffbf7ffd
N??CA?_cCoIOJ?@WDG?	46	3fffffffffff
N??CA?_cCoIOJ?@WCg?	46	3ffffffffffd2
N??CA?_cCoIOJ?@W@g?	46	3fffffffffff
N??CA?_cCoIOJ?@WKC?	46	3fffffffffff
N??CA?_cCoIOJ?@WHC?	46	3fffffffffff
N??CA?_cCoIOJ?@WGc?	46	3fffffffffff
N??CA?_cCoIOJ?@W@c?	46	3ffffffffffd2
N??CA?_cCoIOJ?@WGK?	46	7ffffffffffe
N??CA?_cCoIOJ?@WCK?	46	3ffffffffffe1
N??CA?_cCoIOJ?@W@K?	46	3fffffffffff
N??CA?_cCoIOJ?@W?k?	46	3fffffffff87f
N??CA?_cCoIOJ?@WDA?	46	fffffffeefff
N??CA?_cCoIOJ?@WCa?	46	3fffffffffff
N??CA?_cCoIOJ?@W@a?	46	3fffffffffff
N??CA?_cCoIOJ?@WGQ?	46	3fffffffdf6fe
N??CA?_cCoIOJ?@WCQ?	46	fffffffdefff
N??CA?_cCoIOJ?@W?q?	46	3fffffffffff
N??CA?_cCoIOJ?@WCI?	46	3fffffffffff
N??CA?_cCoIOJ?@W@I?	46	7fffffffefff
N??CA?_cCoIOJ?@W?U?	46	7ffffffff7ff
N??CA?_cCoIOJ?@W?M?	46	7ffffffff7ff
N??CA?_cCoIOBOHGL??	46	3fffffffffff
N??CA?_cCoIOBOHGK_?	46	7fffffffff7f
N??CA?_cCoIOBOHGD_?	46	3bfffffbf7ffd
N??CA?_cCoIOBOHGCo?	46	fffffffef7ff
N??CA?_cCoIOBOHGDG?	46	3fffffffffff
N??CA?_cCoIOBOHGCg?	46	3ffffffffffd2
N??CA?_cCoIOBOHGKC?	46	7ffffffffffd
N??CA?_cCoIOBOHGDA?	46	3fffffffffff
N??CA?_cCoIOBOHGCQ?	46	3ffffffffe7f9
N??CA?_cCoIOBOHGCI?	46	3fffffffffff
N??CA?_cCo@oY?@WM??	46	7fffffffff7f
N??CA?_cCo@oY?@WK_?	46	3fffffffffff
N??CA?_cCo@oY?@WI_?	46	3fffffffffff
N??CA?_cCo@oY?@WKO?	46	7ffffffff7ff
N??CA?_cCo@oY?@WIO?	46	ffffffffe7ff
N??CA?_cCo@oY?@WEG?	46	3fffffffffff
N??CA?_cCo@oY?@WCg?	46	3fffffffffff
N??CA?_cCo@oY?@WAg?	46	3fffffffffff
N??CA?_cCo@oY?@WCW?	46	3fffffffffff
N??CA?_cCo@oY?@WAK?	46	3fffffffffff
N??CA?_cCo@oY?@W?k?	46	3fffffffffff
N??CA?_cCo@oY?@W?[?	46	3fffffffffff
N??CA?_cCo@oY?@WKA?	46	7ffffffeffff
N??CA?_cCo@oY?@WIA?	46	fffffffef7ff
N??CA?_cCo@oY?@WGa?	46	3fffffffffff
N??CA?_cCo@oY?@WGQ?	46	fffffffdf7ff
N??CA?_cCo@oY?@WGI?	46	3fffffffffff
N??CA?_cCo@oY?@WCI?	46	3fffffffffff
N??CA?_cCo@oY?@WAI?	46	3fffffffffff
N??CA?_cCo@oY?@W?i?	46	3fffffffffff
N??CA?_cCo@oY?@W?Y?	46	3fffffffffff
N??CA?_cCo@oY?@W?M?	46	3fffffffffff
N??CA?_cCo@oX?@WM??	46	7ffffffffffb
N??CA?_cCo@oX?@WJ??	46	3fffffffffff
N??CA?_cCo@oX?@WIO?	46	3fffffffffff
N??CA?_cCo@oX?@WIG?	46	7fffffffefff
N??CA?_cCo@oX?@WEG?	46	7fffffffefff
N??CA?_cCo@oQOHGM??	46	3fffffffffff
N??CA?_cCo@oQOHGK_?	46	3fffffffffff
N??CA?_cCo@oQOHGKC?	46	3fffffffffff
N??CA?_cCo@oQOHGKA?	46	3fffffffffff
N??CA?_cCo@oPOHGM??	46	7ffffffffffb
N??CA?_cCoIGH_BGL??	46	3fffffffffff
N??CA?_cCoIGH_BGK_?	46	3fffffffffff
N??CA?_cCoIGH_BGHG?	46	3fffffffeeffc
N??CA?_cCoIGH_BGKC?	46	3fffffffffff
N??CA?_cCoIGH_BGHC?	46	7ffffffffffe
N??CA?_cCoIGH_BGGc?	46	3fffffffffff
N??CA?_cCoIGH_BGGS?	46	3fffffffffff
N??CA?_cCoIGB_HGL??	46	3fffffffffff
N??CA?_cCoIGB_HGK_?	46	fffffffffff9
N??CA?_cCoIGB_HGKO?	46	3fffffffffff
N??CA?_cCoGgWGB_F??	46	3bfffffbf7ffd
N??CA?_cCoGgWGB_E_?	46	7ffffffffffb
N??CA?_cCoGgWGB_EO?	46	1ffffff7efffd
N??CA?_cCoGgWGB_EG?	46	fffffffffefe
N??CA?_cCoGgWGB_EC?	46	fffffffffefe
N??CA?_cCoGgWGB_DC?	46	3fffffffffff
N??CA?_cCOi_J??wJ??	46	fffffffdf7ff
N??CA?_cCOi_J??wEO?	46	3fffffffffff
N??CA?_cCOi_J??wAo?	46	3fffffffffff
N??CA?_cCOi_J??wKG?	46	7ffffffffffd
N??CA?_cCOi_J??wCg?	46	7ffffffff7ff
N??CA?_cCOi_J??wAW?	46	fffffffff77f
N??CA?_cCOi_J??w@W?	46	7fffffffff7f
N??CA?_cCOi_J??wAK?	46	7ffffffff7ff
N??CA?_cCOi_J??w?k?	46	7ffffffdffff
N??CA?_cCOi_I_@WK_?	46	7ffffffffffe
N??CA?_cCOi_I_@WB_?	46	3fffffffffff
N??CA?_cCOi_I_@WHO?	46	fffffffdf7ff
N??CA?_cCOi_I_@WDO?	46	3fffffffdef7e
N??CA?_cCOi_I_@WBO?	46	3fffffffdef7e
N??CA?_cCOi_I_@W@o?	46	3fffffffffff
N??CA?_cCOi_I_@WKG?	46	7ffffffffffd
N??CA?_cCOi_I_@WCg?	46	7ffffffff7ff
N??CA?_cCOi_I_@W@W?	46	7fffffffff7f
N??CA?_cCOi_I_@WKC?	46	7ffffffffffd
N??CA?_cCOi_I_@WBC?	46	7ffffffffeff
N??CA?_cCOi_I_@WCc?	46	7ffffffff7ff
N??CA?_cCOi_I_@W@S?	46	3fffffffe777f
N??CA?_cCOi_I_@WGK?	46	fffffffffeed2
N??CA?_cCOi_I_@WCK?	46	ffffffffeffd
N??CA?_cCOi_I_@W?k?	46	ffffffffc87ff
N??CA?_cCOi_BOGgF??	46	7ffffffffffd
N??CA?_cCOi_BOGgK_?	46	fffffffffffc
N??CA?_cCOi_BOGgKO?	46	fffffffff7fb
N??CA?_cCOi_BOGgKG?	46	fffffffffffc
N??CA?_cCOi_AoHGF??	46	3fffffffffff
N??CA?_cCOi_AoHGDO?	46	3fffffffeeffc
N??CA?_cCOi_AoHGKG?	46	7ffffffffffd
N??CA?_cCOi_AoHGCg?	46	fffffffff7fb
N??CA?_cCOi_AoHGKC?	46	efffff7fe7ff9
N??CA?_cCOi_AoHGCK?	46	ffffffffeffd
N??CA?_cCOb_X??wJ??	46	fffffffdf7ff
N??CA?_cCOb_X??wK_?	46	fffffffdfffe
N??CA?_cCOb_X??wIO?	46	3fffffffffff
N??CA?_cCOb_X??wBO?	46	3fffffffdef7e
N??CA?_cCOb_X??wBG?	46	ffffffffff7e
N??CA?_cCOb_X??wGg?	46	7ffffffff7ff
N??CA?_cCOb_X??wCg?	46	7ffffffff7ff
N??CA?_cCOb_X??wAW?	46	ffffffffff7d
N??CA?_cCOb_X??wAK?	46	7ffffffffffd
N??CA?_cCOb_X??w?k?	46	7ffffffdffff
N??CA?_cCOb_P_GWK_?	46	7ffffffffffe
N??CA?_cCOb_P_GWEO?	46	2ffeffffffefb
N??CA?_cCOb_P_GWCg?	46	7ffffffff7ff
N??CA?_cCOb_P_GWCc?	46	7ffffffff7ff
N??CA?_cCOb_POGgK_?	46	fffdf7ffff77c
N??CA?_cCOb_POGgKO?	46	ffff7dfffeefa
N??CA?_cCOb_POGgKG?	46	fffdf7ffff77c
N??CA?_ECc[?HOBGB_?	46	3fffffffffff
N??CA?_ECc[?HOBGBO?	46	7ffffffeffff
N??CA?_ECc[?HOBGBG?	46	3fffffffffff
N??CA?_ECc[?HOBG@W?	46	3fffffffffff
N??CA?_ECc[?HOBGBC?	46	3fffffffffff
N??CA?_ECc[?HOBG?k?	46	3faeffff75e937d2
N??CA?_ECc[?HOBGAQ?	46	7fffffffefff
N??CA?_ECc[?HOBG@Q?	46	7fffffffefff
N??CA?_ECc[?HOBGAI?	46	7fffffffefff
N??CA?_ECc[?HOBG@I?	46	3fffffffffff
N??CA?_ECcY?J?@WD_?	46	3ffdbfe5c7bf06fd
N??CA?_ECcY?J?@WKO?	46	7ffffffff7ff
N??CA?_ECcY?J?@WHO?	46	3ffffffffe7f9
N??CA?_ECcY?J?@WDO?	46	fffffffef7ff
N??CA?_ECcY?J?@WDG?	46	2fffff7ff7ffb
N??CA?_ECcY?J?@WCg?	46	3faeffff75e937d2
N??CA?_ECcY?J?@W@g?	46	2fffff7ff7ffb
N??CA?_ECcY?J?@WCW?	46	3fffffffffff
N??CA?_ECcY?J?@W@W?	46	7ffffffff7ff
N??CA?_ECcY?J?@WHC?	46	3fffffffffff
N??CA?_ECcY?J?@WDC?	46	3faeffff75e937d2
N??CA?_ECcY?J?@WGS?	46	ffffffffff7e
N??CA?_ECcY?J?@WGK?	46	dffffeffff77c
N??CA?_ECcY?J?@WKA?	46	7ffffffeffff
N??CA?_ECcY?J?@WGQ?	46	3fffffffdf6fe
N??CA?_ECcY?BOIGCg?	46	2fffff7ff7ffb
N??CA?_ECcY?HGBOL??	46	3fffffffffff
N??CA?_ECcY?HGBOK_?	46	ffffffffff74c
N??CA?_ECcY?HGBOD_?	46	3ffdbfe5c7bf06fd
N??CA?_ECcY?HGBOKO?	46	3fffffffdf6fe
N??CA?_ECcY?HGBODO?	46	3fffffffffff
N??CA?_ECcY?HGBOCo?	46	3fffffffe777f
N??CA?_ECcY?HGBODG?	46	2fffff7ff7ffb
N??CA?_ECcY?HGBOKA?	46	ffffffffff7d
N??CA?_ECcX?X?@WF??	46	7fffffffff7f
N??CA?_ECcX?X?@WEO?	46	7ffffffff7ff
N??CA?_ECcX?X?@WDO?	46	7ffffffff7ff
N??CA?_ECcX?X?@W@o?	46	3fffffffffff
N??CA?_ECcX?X?@WEG?	46	7ffffffffeff
N??CA?_ECcX?X?@WBG?	46	7ffffffffffd
N??CA?_ECcX?X?@W@W?	46	7fffffffff7f
N??CA?_ECcX?X?@WBC?	46	3fffffffffff
N??CA?_ECcX?X?@WAS?	46	3fffffffffff
N??CA?_ECcX?X?@W@S?	46	3fffffffffff
N??CA?_ECcX?X?@WAK?	46	7ffffffeffff
N??CA?_ECcX?X?@W?[?	46	1ffffffffb7fe
N??CA?_ECcX?J?GWAg?	46	3fffffffffff
N??CA?_ECcX?J?@WK_?	46	3ffffbbfeefff
N??CA?_ECcX?J?@WE_?	46	3fffffffffff
N??CA?_ECcX?J?@WKO?	46	7ffffffff7ff
N??CA?_ECcX?J?@WEO?	46	fffffffef7ff
N??CA?_ECcX?J?@WKG?	46	3ffffdefdefff
N??CA?_ECcX?J?@WEG?	46	3fffffffffff
N??CA?_ECcX?J?@WCg?	46	3fff7fefdfeff
N??CA?_ECcX?J?@WAg?	46	3fffffffffff
N??CA?_ECcX?J?@WCW?	46	3fffffffffff
N??CA?_ECcX?J?@WAW?	46	7ffffffff7ff
N??CA?_ECcX?J?@WIC?	46	3fffffffffff
N??CA?_ECcX?J?@WEC?	46	3fffffffffff
N??CA?_ECcX?J?@WCc?	46	3fff7fefdfeff
N??CA?_ECcX?J?@WAc?	46	3fffffffffff
N??CA?_ECcX?J?@WGS?	46	3fffffffffff
N??CA?_ECcX?J?@WCS?	46	3fffffffffff
N??CA?_ECcX?J?@WAS?	46	3fffffffffff
N??CA?_ECcX?J?@W?s?	46	3fffffffffff
N??CA?_ECcX?J?@WGK?	46	3ffffffe97fff
N??CA?_ECcX?J?@WAK?	46	3fffffffffff
N??CA?_ECcX?J?@W?k?	46	7fbffffe67fff
N??CA?_ECcX?J?@W?[?	46	3fffffffffff
N??CA?_ECcX?J?@WKA?	46	7ffffffeffff
N??CA?_ECcX?J?@WEA?	46	fffffffeefff
N??CA?_ECcX?J?@WCa?	46	3fffffffffff
N??CA?_ECcX?J?@WGQ?	46	3fffffffdf6fe
N??CA?_ECcX?J?@WCQ?	46	fffffffdefff
N??CA?_ECcX?J?@WAQ?	46	3fffffffdef7e
N??CA?_ECcX?J?@WCI?	46	3fffffffffff
N??CA?_ECcX?J?@W?i?	46	3fffffffffff
N??CA?_ECcX?J?@WGE?	46	3fffffffffff
N??CA?_ECcX?J?@W?e?	46	3fffffffffff
N??CA?_ECcX?J?@W?U?	46	3fffffffffff
N??CA?_ECcX?J?@W?M?	46	3fffffffffff
N??CA?_ECcX?HO@WM??	46	7ffffffffeff
N??CA?_ECcX?HO@WF??	46	3fffffffffff
N??CA?_ECcX?HO@WB_?	46	3fffffffffff
N??CA?_ECcX?HO@WKO?	46	3ffffffffffcc
N??CA?_ECcX?HO@WEO?	46	3fffffffffff
N??CA?_ECcX?HO@WCQ?	46	3fffffffffff
N??CA?_ECcX?BOHGM??	46	3fffffffffff
N??CA?_ECcX?BOHGE_?	46	7ffffffeffff
N??CA?_ECcX?BOHGKO?	46	3fffffffffff
N??CA?_ECcX?BOHGEO?	46	3fffffffffff
N??CA?_ECcX?BOHGKG?	46	3ffffdefdefff
N??CA?_ECcX?BOHGEG?	46	3fffffffffff
N??CA?_ECcX?BOHGCg?	46	3fff7fefdfeff
N??CA?_ECcX?BOHGCW?	46	3fffffffffff
N??CA?_ECcX?BOHGKA?	46	3fffffffffff
N??CA?_ECcX?BOHGCa?	46	3fffffffffff
N??CA?_ECcX?BOHGCQ?	46	3fffffffffff
N??CA?_ECcX?BOGWE_?	46	3fffffffffff
N??CA?_ECcX?HC@WL??	46	7ffffffeffff
N??CA?_ECcX?HC@WF??	46	fffffffeefff
N??CA?_ECcX?HC@WK_?	46	7ffffffffffe
N??CA?_ECcX?HC@WKO?	46	7ffffffdffff
N??CA?_ECcX?HC@WEO?	46	fffffffdefff
N??CA?_ECcX?HC@WBO?	46	3fffffffdef7e
N??CA?_ECcX?HC@WCo?	46	3fffffffffff
N??CA?_ECcX?HC@WDG?	46	3fffffffffff
N??CA?_ECcX?HC@WCg?	46	3ffffffffe67f
N??CA?_ECcX?HC@WCW?	46	3fffffffffff
N??CA?_ECcX?HC@WAW?	46	7ffffffeffff
N??CA?_ECcX?HC@W?w?	46	3fffffffffff
N??CA?_ECcX?HC@WKC?	46	7ffffffffffd
N??CA?_ECcX?HC@WGc?	46	7ffffffff7ff
N??CA?_ECcX?HC@WCc?	46	3ffffffffe67f
N??CA?_ECcX?HC@W@c?	46	3fffffffffff
N??CA?_ECcX?HC@W?s?	46	3fffffffffff
N??CA?_ECcX?HC@WGK?	46	7fffffffefff
N??CA?_ECcX?HC@W?k?	46	3fffffffd77fd
N??CA?_ECcX?HC@W?[?	46	3fffffffffff
N??CA?_ECcX?@SHGK_?	46	7ffffffffffe
N??CA?_ECcX?@SHGEO?	46	3fffffffffff
N??CA?_ECcX?@SHGCo?	46	3fffffffffff
N??CA?_ECcX?@SHGDG?	46	3fffffffffff
N??CA?_ECcX?@SHGCg?	46	3ffffffffe67f
N??CA?_ECcX?@SHGCW?	46	3fffffffffff
N??CA?_ECcX?@SHGKC?	46	7ffffffffffd
N??CA?_ECcW_Y?@WF??	46	7fffffffff7f
N??CA?_ECcW_Y?@WBO?	46	ffffffffe7ff
N??CA?_ECcW_Y?@WCo?	46	3ffffffffffcc
N??CA?_ECcW_Y?@WEG?	46	3fffffffffff
N??CA?_ECcW_Y?@WBG?	46	3fffffffffff
N??CA?_ECcW_Y?@WCg?	46	3defbfffdea94fcc
N??CA?_ECcW_Y?@WCW?	46	3ffffffffffcc
N??CA?_ECcW_Y?@W?w?	46	3fdffffffb7fe
N??CA?_ECcW_Y?@WBC?	46	3fffffffffff
N??CA?_ECcW_Y?@W@S?	46	3fffffffffff
N??CA?_ECcW_Y?@WAE?	46	3fffffffffff
N??CA?_ECcW_Y?@W@E?	46	3fffffffffff
N??CA?_ECcW_Y?@W?M?	46	3fffffffffff
N??CA?_ECcW_M?@WKO?	46	7ffffffff7ff
N??CA?_ECcW_M?@WHO?	46	ffffffffe7ff
N??CA?_ECcW_M?@WKG?	46	3fffffffffff
N??CA?_ECcW_M?@WHG?	46	3fffffffffff
N??CA?_ECcW_M?@WDG?	46	7ffffffffffe
N??CA?_ECcW_M?@W@g?	46	3fffffffffff
N??CA?_ECcW_M?@WGW?	46	3effffffffcfe
N??CA?_ECcW_M?@WCW?	46	3fffffffffff
N??CA?_ECcW_M?@W@W?	46	3fffffffffff
N??CA?_ECcW_M?@W?w?	46	3ffffffffffd2
N??CA?_ECcW_M?@WKC?	46	3fffffffffff
N??CA?_ECcW_M?@WHC?	46	3fffffffffff
N??CA?_ECcW_M?@W@c?	46	3fffffffffff
N??CA?_ECcW_M?@WGS?	46	3fffffffffff
N??CA?_ECcW_M?@W@S?	46	7fffffffff7f
N??CA?_ECcW_M?@WCK?	46	7fffffffff7f
N??CA?_ECcW_M?@W@K?	46	7fffffffff7f
N??CA?_ECcW_M?@W?k?	46	7fdffef7ef7ff
N??CA?_ECcW_M?@W?[?	46	3fffffffffff
N??CA?_ECcW_M?@WKA?	46	7ffffffeffff
N??CA?_ECcW_M?@WGQ?	46	fffffffdf7ff
N??CA?_ECcW_M?@W?Y?	46	3fffffffffff
N??CA?_ECcW_M?@WGE?	46	3fffffffffff
N??CA?_ECcW_M?@W?U?	46	7fffffff7fff
N??CA?_ECcW_M?@W?M?	46	7fffffff7fff
N??CA?_ECcW_X?AWF??	46	3fffffffffff
N??CA?_ECcW_X?AWBO?	46	fffffffdefff
N??CA?_ECcW_X?AW@o?	46	3fffffffffff
N??CA?_ECcW_X?AWBG?	46	3fffffffffff
N??CA?_ECcW_X?AWBC?	46	3fffffffffff
N??CA?_ECcW_X?AW@S?	46	3fffffffffff
N??CA?_ECcW_X?AW?s?	46	1ffffffffb7fe
N??CA?_ECcW_X?AWAK?	46	3fffffffffff
N??CA?_ECcW_X?AW?k?	46	3faeffff75e937d2
N??CA?_ECcW_X?AW?[?	46	1ffffffffb7fe
N??CA?_ECcW_X?AWDA?	46	3fffffffffff
N??CA?_ECcW_X?AWAE?	46	3fffffffffff
N??CA?_ECcW_J?GWJ??	46	3fffffffffff
N??CA?_ECcW_J?GWHO?	46	3fffffffffff
N??CA?_ECcW_J?GWBO?	46	fbfffffbe7ff9
N??CA?_ECcW_J?GWGo?	46	3ffffffffffcc
N??CA?_ECcW_J?GWBG?	46	7ffffffffffe
N??CA?_ECcW_J?GWAg?	46	3fffffffffff
N??CA?_ECcW_J?GW@g?	46	3fff7fefdfeff
N??CA?_ECcW_J?GWAW?	46	fffffffff77f
N??CA?_ECcW_J?GW@W?	46	3fffffffffff
N??CA?_ECcW_J?GW?w?	46	1ffffffffb7fe
N??CA?_ECcW_J?GWIC?	46	3fffffffffff
N??CA?_ECcW_J?GWBC?	46	ffffffffeffe
N??CA?_ECcW_J?GW@c?	46	3fff7fefdfeff
N??CA?_ECcW_J?GW?k?	46	3faeffff75e937d2
N??CA?_ECcW_J?GWIA?	46	fffffffffffa
N??CA?_ECcW_J?GWHA?	46	3fffffffffff
N??CA?_ECcW_J?GWAQ?	46	effefffffeefa
N??CA?_ECcW_J?GW@I?	46	fffffffffe7f
N??CA?_ECcW_J?GW?U?	46	3fffffffffff
N??CA?_ECcW_J?GW?M?	46	ffffffff7f7f
N??CA?_ECcW_J?AWM??	46	3fffffffffff
N??CA?_ECcW_J?AWK_?	46	3ffffbbfeefff
N??CA?_ECcW_J?AWI_?	46	3fffffffffff
N??CA?_ECcW_J?AWE_?	46	3fffffffffff
N??CA?_ECcW_J?AWKO?	46	3fffffffffff
N??CA?_ECcW_J?AWIO?	46	7fffffffefff
N??CA?_ECcW_J?AWEO?	46	3fffffffffff
N??CA?_ECcW_J?AWIG?	46	3fffffffffff
N??CA?_ECcW_J?AWEG?	46	7ffffffffffe
N??CA?_ECcW_J?AWCg?	46	3fff7fefdfeff
N??CA?_ECcW_J?AWAg?	46	3fffffffffff
N??CA?_ECcW_J?AWCW?	46	3fffffffffff
N??CA?_ECcW_J?AWAW?	46	3fffffffffff
N??CA?_ECcW_J?AWIC?	46	3fffffffffff
N??CA?_ECcW_J?AWEC?	46	ffffffffeffe
N??CA?_ECcW_J?AWGc?	46	3fff7fefdfeff
N??CA?_ECcW_J?AWAc?	46	3fffffffffff
N??CA?_ECcW_J?AWGS?	46	3fffffffffff
N??CA?_ECcW_J?AWCS?	46	3fffffffffff
N??CA?_ECcW_J?AWAS?	46	3fffffffffff
N??CA?_ECcW_J?AWCK?	46	fffffffe97e7f
N??CA?_ECcW_J?AWAK?	46	7fffffffff7f
N??CA?_ECcW_J?AW?k?	46	3ffffffe67fff
N??CA?_ECcW_J?AWKA?	46	3fffffffffff
N??CA?_ECcW_J?AWEA?	46	ffffffffeffe
N??CA?_ECcW_J?AWCa?	46	3fffffffffff
N??CA?_ECcW_J?AWCI?	46	fffffffffe7f
N??CA?_ECcW_J?AW?i?	46	3fffffffffff
N??CA?_ECcW_J?AW?Y?	46	3fffffffffff
N??CA?_ECcW_J?AWGE?	46	3fffffffffff
N??CA?_ECcW_J?AW?e?	46	3fffffffffff
N??CA?_ECcW_J?AW?U?	46	3fffffffffff
N??CA?_ECcW_J?AW?M?	46	ffffffff7ffd
N??CA?_ECcW_J?@WJ??	46	3fffffffffff
N??CA?_ECcW_J?@WF??	46	3fffffffffff
N??CA?_ECcW_J?@WKO?	46	3ffffffffffcc
N??CA?_ECcW_J?@WBO?	46	3fffffffffff
N??CA?_ECcW_J?@WKG?	46	3defbfffdea94fcc
N??CA?_ECcW_J?@WDG?	46	3fff7fefdfeff
N??CA?_ECcW_J?@WBG?	46	3fffffffffff
N??CA?_ECcW_J?@WGW?	46	3fdffffffb7fe
N??CA?_ECcW_J?@WCW?	46	1ffffffffb7fe
N??CA?_ECcW_J?@WBC?	46	3fffffffffff
N??CA?_ECcW_J?@WGS?	46	1ffffffffb7fe
N??CA?_ECcW_J?@WKA?	46	3fffffffffff
N??CA?_ECcW_J?@WDA?	46	3fffffffffff
N??CA?_ECcW_J?@WCQ?	46	3fffffffffff
N??CA?_ECcW_J?@W@I?	46	3fffffffffff
N??CA?_ECcW_J?@WGE?	46	3fffffffffff
N??CA?_ECcW_J?@W@E?	46	3fffffffffff
N??CA?_ECcW_J?@W?U?	46	3fffffffffff
N??CA?_ECcW_I_@WM??	46	7ffffffff7ff
N??CA?_ECcW_I_@WL??	46	7ffffffff7ff
N??CA?_ECcW_I_@WJ??	46	ffffffffe7ff
N??CA?_ECcW_I_@WF??	46	3fffffffef7fa
N??CA?_ECcW_I_@WK_?	46	3ffffffffffcc
N??CA?_ECcW_I_@WB_?	46	3fffffffffff
N??CA?_ECcW_I_@WKG?	46	3ffffffffffcc
N??CA?_ECcW_I_@WEG?	46	3fffffffffff
N??CA?_ECcW_I_@WDG?	46	3fffffffffff
N??CA?_ECcW_I_@WBG?	46	3fffffffffff
N??CA?_ECcW_I_@WGg?	46	3fdffffffb7fe
N??CA?_ECcW_I_@WCg?	46	1ffffffffb7fe
N??CA?_ECcW_I_@WIC?	46	3fffffffffff
N??CA?_ECcW_I_@WEC?	46	7fffffffff7f
N??CA?_ECcW_I_@WHC?	46	3fffffffffff
N??CA?_ECcW_I_@WBC?	46	7fffffffff7f
N??CA?_ECcW_I_@WGc?	46	3fdffffffb7fe
N??CA?_ECcW_I_@WCK?	46	1ffffffffb7fe
N??CA?_ECcW_I_@WAK?	46	3fffffffffff
N??CA?_ECcW_I_@W@K?	46	3fffffffffff
N??CA?_ECcW_I_@W?k?	46	7ff9f7ffff77f
N??CA?_ECcW_I_@WKA?	46	7ffffffdffff
N??CA?_ECcW_I_@WIA?	46	fffffffdf7ff
N??CA?_ECcW_I_@WEA?	46	3fffffffdef7e
N??CA?_ECcW_I_@WHA?	46	fffffffdf7ff
N??CA?_ECcW_I_@WDA?	46	3fffffffdef7e
N??CA?_ECcW_I_@WBA?	46	3fffffffdef7e
N??CA?_ECcW_I_@WAI?	46	3fffffffffff
N??CA?_ECcW_I_@W@I?	46	3fffffffffff
N??CA?_ECcW_I_@WGE?	46	3fffffffffff
N??CA?_ECcW_I_@WAE?	46	7fffffff7fff
N??CA?_ECcW_I_@W?e?	46	3fffffffffff
N??CA?_ECcW_I_@W?M?	46	3fffffffffff
N??CA?_ECcW_H_AWM??	46	fffffffff77f
N??CA?_ECcW_H_AWL??	46	3fffffffffff
N??CA?_ECcW_H_AWJ??	46	3fffffffffff
N??CA?_ECcW_H_AWK_?	46	ffffffffff74c
N??CA?_ECcW_H_AWB_?	46	3fffffffffff
N??CA?_ECcW_H_AWEG?	46	3fffffffffff
N??CA?_ECcW_H_AWDG?	46	3fffffffffff
N??CA?_ECcW_H_AWBG?	46	3fffffffffff
N??CA?_ECcW_H_AWCg?	46	1ffffffffb7fe
N??CA?_ECcW_H_AWAg?	46	3fffffffffff
N??CA?_ECcW_H_AW@g?	46	3fffffffffff
N??CA?_ECcW_H_AWGK?	46	1ffffffffb7fe
N??CA?_ECcW_H_AWAK?	46	3fffffffffff
N??CA?_ECcW_H_AW@K?	46	fffffffffff9
N??CA?_ECcW_H_AWIA?	46	fffffffef7ff
N??CA?_ECcW_H_AWHA?	46	3fffffffffff
N??CA?_ECcW_H_AWAI?	46	3fffffffffff
N??CA?_ECcW_H_AW@I?	46	fffffffffe7f
N??CA?_ECcW_H_AW?M?	46	3fffffffffff
N??CA?_ECcW_WOBGF??	46	7ffffffffffe
N??CA?_ECcW_WOBGDO?	46	3fffffffffff
N??CA?_ECcW_WOBGBO?	46	fffff7dfce7ff
N??CA?_ECcW_WOBGBG?	46	3fffffffffff
N??CA?_ECcW_WOBGAW?	46	3ffffffffe67f
N??CA?_ECcW_WOBG@W?	46	3fffffffffff
N??CA?_ECcW_WOBG?w?	46	1ffffffffb7fe
N??CA?_ECcW_WOBGBC?	46	ffffffffe7ff
N??CA?_ECcW_WOBG@S?	46	3fffffffffff
N??CA?_ECcW_WOBG?s?	46	1ffffffffb7fe
N??CA?_ECcW_WOBG?k?	46	3faeffff75e937d2
N??CA?_ECcW_WOBGDA?	46	fffffffef7ff
N??CA?_ECcW_WOBGAE?	46	fffffffdf7ff
N??CA?_ECcW_WOBG@E?	46	3fffffffdf6fe
N??CA?_ECcW_KOQGD_?	46	3fffffffffff
N??CA?_ECcW_KOBGL??	46	3fffffffffff
N??CA?_ECcW_KOBGD_?	46	3fffffffffff
N??CA?_ECcW_KOBGKO?	46	fffffffff7fd
N??CA?_ECcW_KOBGHO?	46	3fffffffffff
N??CA?_ECcW_KOBGDO?	46	3fffffffffff
N??CA?_ECcW_KOBG@o?	46	3fffffffffff
N??CA?_ECcW_KOBGKG?	46	fffffffff7fd
N??CA?_ECcW_KOBGHG?	46	3fffffffffff
N??CA?_ECcW_KOBGCg?	46	3fffffffffff
N??CA?_ECcW_KOBG@g?	46	3fffffffffff
N??CA?_ECcW_KOBGCW?	46	fffffffff77f
N??CA?_ECcW_KOBG@W?	46	3fffffffffff
N??CA?_ECcW_KOBG?w?	46	3fffffffffff
N??CA?_ECcW_KOBGKC?	46	3fffffffffff
N??CA?_ECcW_KOBGHC?	46	3fffffffffff
N??CA?_ECcW_KOBGDC?	46	ffffffffeffe
N??CA?_ECcW_KOBG@c?	46	3fffffffffff
N??CA?_ECcW_KOBGGS?	46	3fffffffffff
N??CA?_ECcW_KOBG@S?	46	3fffffffffff
N??CA?_ECcW_KOBGCK?	46	7fffffffff7f
N??CA?_ECcW_KOBG@K?	46	7fffffffff7f
N??CA?_ECcW_KOBG?k?	46	3fffffffffff
N??CA?_ECcW_KOBG?[?	46	3fffffffffff
N??CA?_ECcW_KOBGGQ?	46	ffffffffe7ff
N??CA?_ECcW_KOBGCQ?	46	7fffffffefff
N??CA?_ECcW_KOBGCI?	46	ffffffffef7f
N??CA?_ECcW_KOBG?Y?	46	fffffffdff7f
N??CA?_ECcW_KOBGGE?	46	3fffffffffff
N??CA?_ECcW_KOBG?U?	46	3fffffffffff
N??CA?_ECcW_QOHGF??	46	ffffffffeffe
N??CA?_ECcW_QOHGDO?	46	3fffffffffff
N??CA?_ECcW_QOHGCo?	46	2ffdeff7fe70fccc
N??CA?_ECcW_QOHGEA?	46	3ffffffffe67f
N??CA?_ECcW_EOIGK_?	46	3fffffffffff
N??CA?_ECcW_EOHGL??	46	3fffffffffff
N??CA?_ECcW_EOHGK_?	46	3fbffffffcffe
N??CA?_ECcW_EOHGD_?	46	fffffffefffd
N??CA?_ECcW_EOHGKO?	46	3fffffffffff
N??CA?_ECcW_EOHGDO?	46	3fffffffffff
N??CA?_ECcW_EOHGKG?	46	3fffffffffff
N??CA?_ECcW_EOHGDG?	46	fffffffffefe
N??CA?_ECcW_EOHGCW?	46	3fffffffffff
N??CA?_ECcW_EOHGCS?	46	3ffff7dfdf7ff
N??CA?_ECcW_EOHGCK?	46	7fffffffff7f
N??CA?_ECcW_EOHGKA?	46	3fffffffffff
N??CA?_ECcW_EOHGCa?	46	ffffffffeeff
N??CA?_ECcW_EOHGCQ?	46	3fffffffffff
N??CA?_ECcW_HOAWJ??	46	3fffffffffff
N??CA?_ECcW_HOAWF??	46	7ffffffffffe
N??CA?_ECcW_HOAWB_?	46	3fffffffffff
N??CA?_ECcW_HOAWEO?	46	3fffffffffff
N??CA?_ECcW_HOAWDO?	46	3fffffffffff
N??CA?_ECcW_HOAWBO?	46	7ffffffffeff
N??CA?_ECcW_HOAWGo?	46	1ffffffffb7fe
N??CA?_ECcW_HOAWIC?	46	3fffffffffff
N??CA?_ECcW_HOAWGc?	46	3faeffff75e937d2
N??CA?_ECcW_HOAWGS?	46	1ffffffffb7fe
N??CA?_ECcW_HOAWAS?	46	3fffffffffff
N??CA?_ECcW_HOAWKA?	46	3fffffffffff
N??CA?_ECcW_HOAWDA?	46	fffffffffe7f
N??CA?_ECcW_HOAWCQ?	46	3fffffffffff
N??CA?_ECcW_HOAWAQ?	46	7fffffffff7f
N??CA?_ECcW_HOAW@E?	46	ffffffff7ffd
N??CA?_ECcW_HOAW?U?	46	3fffffffffff
N??CA?_ECcW_BOIGM??	46	3fffffffffff
N??CA?_ECcW_BOIGK_?	46	3ffffbbfeefff
N??CA?_ECcW_BOIGE_?	46	3fffffffffff
N??CA?_ECcW_BOIGKO?	46	3fffffffffff
N??CA?_ECcW_BOIGEO?	46	7ffffffffffe
N??CA?_ECcW_BOIGCo?	46	3fffffffffff
N??CA?_ECcW_BOIGKG?	46	3ffffdefdefff
N??CA?_ECcW_BOIGEG?	46	7ffffffffffe
N??CA?_ECcW_BOIGCg?	46	3fff7fefdfeff
N??CA?_ECcW_BOIGCW?	46	3fffffffffff
N??CA?_ECcW_BOIGKC?	46	3ffffdefdefff
N??CA?_ECcW_BOIGEC?	46	3fffffffeeffc
N??CA?_ECcW_BOIGCK?	46	fffffffe97e7f
N??CA?_ECcW_BOIGKA?	46	3fffffffffff
N??CA?_ECcW_BOIGEA?	46	3fffffffeeffc
N??CA?_ECcW_BOIGCa?	46	3fffffffffff
N??CA?_ECcW_BOIGCI?	46	fffffffffe7f
N??CA?_ECcW_BOIGCE?	46	3ffffffffe67f
N??CA?_ECcW_BOHGF??	46	3fffffffffff
N??CA?_ECcW_BOHGKO?	46	3ffffffffffcc
N??CA?_ECcW_BOHGEO?	46	3fffffffffff
N??CA?_ECcW_BOHGKG?	46	3defbfffdea94fcc
N??CA?_ECcW_BOHGDG?	46	3fff7fefdfeff
N??CA?_ECcW_BOHGCW?	46	1ffffffffb7fe
N??CA?_ECcW_BOHGEC?	46	3fffffffffff
N??CA?_ECcW_BOHGCK?	46	3faeffff75e937d2
N??CA?_ECcW_BOHGKA?	46	3fffffffffff
N??CA?_ECcW_BOHGEA?	46	7fffffffefff
N??CA?_ECcW_BOHGDA?	46	3fffffffffff
N??CA?_ECcW_BOHGCQ?	46	3fffffffffff
N??CA?_ECcW_BOGWF??	46	7ffffffffffe
N??CA?_ECcW_BOGWK_?	46	3defbfffdea94fcc
N??CA?_ECcW_BOGWE_?	46	3fffffffffff
N??CA?_ECcW_BOGWKO?	46	3ffffffffffcc
N??CA?_ECcW_BOGWEO?	46	3fffffffffff
N??CA?_ECcW_BOGWDO?	46	3fffffffffff
N??CA?_ECcW_BOGWCo?	46	1ffffffffb7fe
N??CA?_ECcW_BOGWCS?	46	1ffffffffb7fe
N??CA?_ECcW_GoBGM??	46	fffffffff7fd
N??CA?_ECcW_GoBGL??	46	3fffffffffff
N??CA?_ECcW_GoBGJ??	46	3fffffffffff
N??CA?_ECcW_GoBGF??	46	3fffffffffff
N??CA?_ECcW_GoBGK_?	46	3ffffffffffcc
N??CA?_ECcW_GoBGB_?	46	3fffffffffff
N??CA?_ECcW_GoBGIG?	46	3ffffffffe67f
N??CA?_ECcW_GoBGDG?	46	3fffffffffff
N??CA?_ECcW_GoBGBG?	46	3fffffffffff
N??CA?_ECcW_GoBGCg?	46	1ffffffffb7fe
N??CA?_ECcW_GoBGIC?	46	3fffffffffff
N??CA?_ECcW_GoBGEC?	46	3fffffffffff
N??CA?_ECcW_GoBGHC?	46	3fffffffffff
N??CA?_ECcW_GoBGBC?	46	3fffffffffff
N??CA?_ECcW_GoBGGc?	46	1ffffffffb7fe
N??CA?_ECcW_GoBGGK?	46	1ffffffffb7fe
N??CA?_ECcW_GoBGAK?	46	3fffffffffff
N??CA?_ECcW_GoBG@K?	46	3fffffffffff
N??CA?_ECcW_GoBG?k?	46	3ffdf7ffff77f
N??CA?_ECcW_GoBGKA?	46	7fffffffefff
N??CA?_ECcW_GoBGIA?	46	ffffffffe7ff
N??CA?_ECcW_GoBGEA?	46	7fffffffefff
N??CA?_ECcW_GoBGHA?	46	3fffffffffff
N??CA?_ECcW_GoBGDA?	46	3fffffffffff
N??CA?_ECcW_GoBGCa?	46	3fffffffffff
N??CA?_ECcW_GoBGCI?	46	7ffffffdffff
N??CA?_ECcW_GoBGAI?	46	fffffffdff7f
N??CA?_ECcW_GoBG@I?	46	3fffffffffff
N??CA?_ECcW_GoBGAE?	46	3fffffffffff
N??CA?_ECcW_GoBG@E?	46	7ffffffff7ff
N??CA?_ECcW_GoBG?e?	46	3fffffffffff
N??CA?_ECcW_GoBG?M?	46	3fffffffffff
N??CA?_ECcW_AoHGM??	46	3fffffffffff
N??CA?_ECcW_AoHGL??	46	3fffffffffff
N??CA?_ECcW_AoHGF??	46	3fffffffffff
N??CA?_ECcW_AoHGK_?	46	3ffffffffffcc
N??CA?_ECcW_AoHGE_?	46	3fffffffffff
N??CA?_ECcW_AoHGD_?	46	3fffffffffff
N??CA?_ECcW_AoHGEG?	46	3fffffffffff
N??CA?_ECcW_AoHGDG?	46	3fffffffffff
N??CA?_ECcW_AoHGCg?	46	1ffffffffb7fe
N??CA?_ECcW_AoHGCK?	46	1ffffffffb7fe
N??CA?_ECcW_AoHGEA?	46	3fffffffffff
N??CA?_ECcW_AoHGDA?	46	3fffffffffff
N??CA?_ECcW_AoHGCa?	46	7fffffffefff
N??CA?_ECcW_@oIGM??	46	3fffffff0ffff
N??CA?_ECcW_@oIGL??	46	3bffbffffff7d
N??CA?_ECcW_@oIGK_?	46	3defbfffdea94fcc
N??CA?_ECcW_@oIGD_?	46	1ffffeffff7fd
N??CA?_ECcW_WGBOF??	46	3fffffffffff
N??CA?_ECcW_WGBOEO?	46	fffffffff7fe
N??CA?_ECcW_WGBODO?	46	3fffffffffff
N??CA?_ECcW_WGBOCo?	46	3ffffffffffcc
N??CA?_ECcW_WGBOCg?	46	3defbfffdea94fcc
N??CA?_ECcW_WGBOEA?	46	fffffffffefd
N??CA?_ECcW_WGBODA?	46	3fffffffffff
N??CA?_ECcW_KGBOL??	46	7ffffffeffff
N??CA?_ECcW_KGBOK_?	46	fffffffef7ff
N??CA?_ECcW_KGBOD_?	46	7ffffffeffff
N??CA?_ECcW_KGBOKO?	46	fffffffff7fe
N??CA?_ECcW_KGBODO?	46	7ffffffffffe
N??CA?_ECcW_KGBOCo?	46	3fffffffffff
N??CA?_ECcW_KGBOKG?	46	fffffffdf7ff
N??CA?_ECcW_KGBODG?	46	fffffffdfffe
N??CA?_ECcW_KGBOCg?	46	fffffffdff7f
N??CA?_ECcW_KGBOCW?	46	3fffffffffff
N??CA?_ECcW_KGBOKC?	46	fffffffff7fd
N??CA?_ECcW_KGBOCK?	46	7fffffffff7f
N??CA?_ECcW_KGBOCQ?	46	3ffffffffe67f
N??CA?_ECcW_IGHOJ??	46	7fffffffff7f
N??CA?_ECcW_IGHOB_?	46	3fffffffffff
N??CA?_ECcW_IGHOHO?	46	7ffffffff7ff
N??CA?_ECcW_IGHOBO?	46	3fffffffef7fa
N??CA?_ECcW_IGHOGo?	46	3defbfffdea94fcc
N??CA?_ECcW_IGHOAW?	46	3ffffffe97fff
N??CA?_ECcW_IGHO@W?	46	3fffffffffff
N??CA?_ECcW_IGHOIA?	46	fffffffef7ff
N??CA?_ECcW_IGHOAQ?	46	3fffffffdef7e
N??CA?_ECcW_IGHO?Y?	46	3fffffffffff
N??CA?_ECcW_HGIOJ??	46	3fffffffffff
N??CA?_ECcW_HGIOB_?	46	3fffffffffff
N??CA?_ECcW_HGIOBO?	46	3fffffffcfefb
N??CA?_ECcW_HGIOAW?	46	3fffffffffff
N??CA?_ECcW_HGIOBC?	46	ffffffffeffe
N??CA?_ECcW_HGIOAc?	46	3fffffffffff
N??CA?_ECcW_HGIOAK?	46	7fffffffff7f
N??CA?_ECcW_HGIO?k?	46	3faeffff75e937d2
N??CA?_ECcW_HGIO?[?	46	1ffffffffb7fe
N??CA?_ECcW_HGIOIA?	46	ffffffff7f7f
N??CA?_ECcW_HGIOAQ?	46	3fffffffeeffc
N??CA?_ECcW_HGIO@I?	46	3fffffffffe79
N??CA?_ECcW_HGIO?Y?	46	3fffffffffff
N??CA?_ECcW_HGIOGE?	46	3fffffffffff
N??CA?_ECcW_HGIO@E?	46	3ffffffffe67f
N??CA?_ECcW_GgBOM??	46	fffffffff7fe
N??CA?_ECcW_GgBOL??	46	3fffffffffff
N??CA?_ECcW_GgBOF??	46	7ffffffffffe
N??CA?_ECcW_GgBOK_?	46	3ffffffffffcc
N??CA?_ECcW_GgBOE_?	46	3fffffffffff
N??CA?_ECcW_GgBOD_?	46	3fffffffffff
N??CA?_ECcW_GgBOKG?	46	3ffffffffffcc
N??CA?_ECcW_GgBOEG?	46	3fffffffffff
N??CA?_ECcW_GgBODG?	46	3fffffffffff
N??CA?_ECcW_GgBOCg?	46	1ffffffffb7fe
N??CA?_ECcW_GgBOKC?	46	ffffffffff74c
N??CA?_ECcW_GgBODC?	46	7fffffffff7f
N??CA?_ECcW_GgBOKA?	46	7ffffffff7ff
N??CA?_ECcW_GgBOEA?	46	3ffffffffe67f
N??CA?_ECcW_GgBODA?	46	7fffffffff7f
N??CA?_ECcW_GgBOCI?	46	3fffffffffff
N??CA?_ECcW_IC@WL??	46	7ffffffeffff
N??CA?_ECcW_IC@WK_?	46	3ffffffff87ff
N??CA?_ECcW_IC@WKO?	46	7ffffffdffff
N??CA?_ECcW_IC@WEO?	46	3fffffffdef7e
N??CA?_ECcW_IC@WBO?	46	3fffffffdef7e
N??CA?_ECcW_IC@WGo?	46	3ff73fdb9cfdef61
N??CA?_ECcW_IC@WCo?	46	3fffffffffff
N??CA?_ECcW_IC@WKG?	46	3ffffef7ef7ff
N??CA?_ECcW_IC@WGg?	46	3ff73fdb9cfdef61
N??CA?_ECcW_IC@WCg?	46	3ffdffdfdff7f
N??CA?_ECcW_IC@W@g?	46	3fffffffffff
N??CA?_ECcW_IC@WCW?	46	3fffffffffff
N??CA?_ECcW_IC@WKC?	46	3ffffef7ef7ff
N??CA?_ECcW_IC@WIC?	46	3fffffffffff
N??CA?_ECcW_IC@WHC?	46	3fffffffffff
N??CA?_ECcW_IC@WGc?	46	3ff73fdb9cfdef61
N??CA?_ECcW_IC@WGS?	46	3ffffffffffe1
N??CA?_ECcW_IC@W?s?	46	1ffffffffcffe
N??CA?_ECcW_IC@WGK?	46	3ff8ffe76cfdf6e1
N??CA?_ECcW_IC@WCK?	46	ffff7fefd7e7f
N??CA?_ECcW_IC@W?k?	46	3fefebfbbba64b7e
N??CA?_ECcW_IC@W?[?	46	1ffffffffcffe
N??CA?_ECcW_HCAWM??	46	7fffffff7fff
N??CA?_ECcW_HCAWL??	46	3fffffffffff
N??CA?_ECcW_HCAWK_?	46	7ffffffeffff
N??CA?_ECcW_HCAWIO?	46	fffffffef7ff
N??CA?_ECcW_HCAWEO?	46	fffffffeefff
N??CA?_ECcW_HCAWGo?	46	fffffffdf7ff
N??CA?_ECcW_HCAWCo?	46	fffffffdefff
N??CA?_ECcW_HCAWKG?	46	3fffffffffff
N??CA?_ECcW_HCAWDG?	46	fffffffffe7f
N??CA?_ECcW_HCAWGg?	46	3fffffffffff
N??CA?_ECcW_HCAWCg?	46	3fffffffffff
N??CA?_ECcW_HCAW@g?	46	3fffffffffff
N??CA?_ECcW_HCAWCW?	46	3fffffffffff
N??CA?_ECcW_HCAWKC?	46	3fffffffffff
N??CA?_ECcW_HCAWIC?	46	3fffffffffff
N??CA?_ECcW_HCAW@c?	46	3fffffffffff
N??CA?_ECcW_HCAWGS?	46	3fffffffffff
N??CA?_ECcW_HCAW?s?	46	3fffffffffff
N??CA?_ECcW_HCAWCK?	46	ffffffff7f7f
N??CA?_ECcW_HCAW@K?	46	ffffffff7ffd
N??CA?_ECcW_HCAW?k?	46	3fffffffffff
N??CA?_ECcW_HCAW?[?	46	3fffffffffff
N??CA?_ECcW_GSBGM??	46	7ffffffffffb
N??CA?_ECcW_GSBGL??	46	3fffffffffff
N??CA?_ECcW_GSBGK_?	46	3fffffffffff
N??CA?_ECcW_GSBGKO?	46	7fffffffefff
N??CA?_ECcW_GSBGEO?	46	7fffffffefff
N??CA?_ECcW_GSBGGo?	46	3fffffffffff
N??CA?_ECcW_GSBGCo?	46	3fffffffffff
N??CA?_ECcW_GSBGGg?	46	3fffffffffff
N??CA?_ECcW_GSBGCg?	46	3fffffffffff
N??CA?_ECcW_GSBG@g?	46	3fffffffffff
N??CA?_ECcW_GSBGIC?	46	3fffffffffff
N??CA?_ECcW_GSBGHC?	46	3fffffffffff
N??CA?_ECcW_GSBGGc?	46	3fffffffffff
N??CA?_ECcW_GSBG@c?	46	3fffffffffff
N??CA?_ECcW_GSBGGS?	46	3fffffffffff
N??CA?_ECcW_GSBGCS?	46	3fffffffffff
N??CA?_ECcW_GSBGAS?	46	3fffffffffff
N??CA?_ECcW_GSBG?s?	46	3fffffffffff
N??CA?_ECcW_GSBG?[?	46	3fffffffffff
N??CA?_ECcW_ASHGM??	46	3fffffffffff
N??CA?_ECcW_ASHGL??	46	3fffffffffff
N??CA?_ECcW_ASHGK_?	46	3ffe7fda37bf077b
N??CA?_ECcW_ASHGKO?	46	3fffbffbf7f7f
N??CA?_ECcW_ASHGEO?	46	3ffffffffffd2
N??CA?_ECcW_ASHGCo?	46	2ffdeff7fe70fccc
N??CA?_ECcW_ASHGCg?	46	fffdffdfd7e7f
N??CA?_ECcW_ASHGCW?	46	3fffffffffff
N??CA?_ECcW_ASHGKC?	46	3fefedefe76634fe
N??CA?_ECcW_ASHGCK?	46	ffff7fefd7e7f
N??CA?_ECcW_@SIGM??	46	3fffffffffff
N??CA?_ECcW_@SIGL??	46	3fffffffffff
N??CA?_ECcW_@SIGF??	46	3fffffffeeffc
N??CA?_ECcW_@SIGK_?	46	3fffffffffff
N??CA?_ECcW_@SIGKO?	46	3fffffffffff
N??CA?_ECcW_@SIGEO?	46	7fffffffff7f
N??CA?_ECcW_@SIGDG?	46	fffffffffe7f
N??CA?_ECcW_@SIGCg?	46	3fffffffffff
N??CA?_ECcW_@SIGCW?	46	3fffffffffff
N??CA?_ECcW_@SIGKC?	46	3fffffffffff
N??CA?_ECcW_@SIGCK?	46	ffffffff7f7f
N??CA?_ECcW_GKBOM??	46	7ffffffffffd
N??CA?_ECcW_GKBOL??	46	3fffffffffff
N??CA?_ECcW_GKBOF??	46	3fffffffeeffc
N??CA?_ECcW_GKBOK_?	46	fffffffefffb
N??CA?_ECcW_GKBOKO?	46	fffffffff7fb
N??CA?_ECcW_GKBOCo?	46	7fffffffefff
N??CA?_ECcW_GKBOCW?	46	7fffffffefff
N??CA?_ECcW_GKBOKC?	46	7fffffffefff
N??CA?_ECcW_GKBOCK?	46	ffffffff7f7f
N??CA?_ECcWOJ?@WM??	46	7ffffffff7ff
N??CA?_ECcWOJ?@WL??	46	7ffffffff7ff
N??CA?_ECcWOJ?@WJ??	46	3ffffffffe7f9
N??CA?_ECcWOJ?@WF??	46	fffffffef7ff
N??CA?_ECcWOJ?@WK_?	46	3ffffffffffcc
N??CA?_ECcWOJ?@WB_?	46	3fffffffffff
N??CA?_ECcWOJ?@WEG?	46	3fffffffffff
N??CA?_ECcWOJ?@WHG?	46	7fffffffff7f
N??CA?_ECcWOJ?@WDG?	46	3ffeff7ff7eff
N??CA?_ECcWOJ?@WBG?	46	7ffffffff7ff
N??CA?_ECcWOJ?@WCg?	46	3fefedefe76634fe
N??CA?_ECcWOJ?@WIC?	46	ffffffffff7e
N??CA?_ECcWOJ?@WEC?	46	3fffffffffff
N??CA?_ECcWOJ?@WHC?	46	3fffffffffff
N??CA?_ECcWOJ?@WBC?	46	3fffffffffff
N??CA?_ECcWOJ?@WGc?	46	1ffffffffb7fe
N??CA?_ECcWOJ?@W@c?	46	3faeffff75e937d2
N??CA?_ECcWOJ?@WGK?	46	7ffffffffb77c
N??CA?_ECcWOJ?@WAK?	46	fffffffff7fd
N??CA?_ECcWOJ?@W@K?	46	2fffff7ff7ffb
N??CA?_ECcWOJ?@W?k?	46	3ffe7fda37bf077b
N??CA?_ECcWOJ?@WKA?	46	7ffffffdffff
N??CA?_ECcWOJ?@WIA?	46	3fffffffdf6fe
N??CA?_ECcWOJ?@WEA?	46	fffffffdefff
N??CA?_ECcWOJ?@WHA?	46	3fffffffdf6fe
N??CA?_ECcWOJ?@WDA?	46	fffffef7ce7ff
N??CA?_ECcWOJ?@WAI?	46	3fffffffe777f
N??CA?_ECcWOJ?@WGE?	46	7fffffffff7f
N??CA?_ECcWOJ?@WAE?	46	7ffffffff7ff
N??CA?_ECcWOJ?@W@E?	46	3ffffdefdefff
N??CA?_ECcWOJ?@W?e?	46	3ffffdefdefff
N??CA?_ECcWOJ?@W?M?	46	7ffffffeffff
N??CA?_ECcWOBOHGM??	46	3fffffffdf6fe
N??CA?_ECcWOBOHGL??	46	3fffffffffff
N??CA?_ECcWOBOHGF??	46	3fffffffffff
N??CA?_ECcWOBOHGK_?	46	ffffffffff74c
N??CA?_ECcWOBOHGE_?	46	3fffffffe777f
N??CA?_ECcWOBOHGD_?	46	3ffdbfe5c7bf06fd
N??CA?_ECcWOBOHGEG?	46	3fffffffffff
N??CA?_ECcWOBOHGDG?	46	3ffeff7ff7eff
N??CA?_ECcWOBOHGCg?	46	3fefedefe76634fe
N??CA?_ECcWOBOHGEC?	46	3ffffffffe67f
N??CA?_ECcWOBOHGCK?	46	3fefedefe76634fe
N??CA?_ECcWOBOHGKA?	46	fffffffff7fd
N??CA?_ECcWOBOHGEA?	46	3ffffffffe7f9
N??CA?_ECcWOBOHGDA?	46	7ffbfef7ef7ff
N??CA?_ECcWGX?BGF??	46	3fffffffffff
N??CA?_ECcWGX?BGB_?	46	3fffffffffff
N??CA?_ECcWGX?BGBO?	46	3fffffffeeffc
N??CA?_ECcWGX?BGBG?	46	7ffffffffffd
N??CA?_ECcWGX?BGCW?	46	ffffffffff74c
N??CA?_ECcWGX?BG@W?	46	7fffffffff7f
N??CA?_ECcWGX?BGBC?	46	fffffffffff9
N??CA?_ECcWGX?BG@c?	46	2ffdeff7fe70fccc
N??CA?_ECcWGX?BG@S?	46	7fffffffff7f
N??CA?_ECcWGX?BG@K?	46	3ffffffe97fff
N??CA?_ECcWGX?BG?k?	46	3faeffff75e937d2
N??CA?_ECcWGX?BGDA?	46	3bfffffbf7ffd
N??CA?_ECcWGX?BG@a?	46	5ff7fff7efffd
N??CA?_ECcWGX?BG@E?	46	f7fffbfffeefa
N??CA?_ECcWGR?HGF??	46	3fffffffffff
N??CA?_ECcWGR?HGE_?	46	3fffffffe777f
N??CA?_ECcWGR?HGDO?	46	3fffffffffff
N??CA?_ECcWGR?HGCo?	46	ffffffffff74c
N??CA?_ECcWGR?HGCg?	46	3defbfffdea94fcc
N??CA?_ECcWGR?HGCI?	46	3fffffffffff
N??CAA_G_oWOT?BOBC?	46	3fffffffffff
N??CAA_G_oWOT?BOCK?	46	ffffffffff74c
N??CAA_G_oWOT?BOAE?	46	fffffffff77f
N??CAA_G_oWOT?BO@E?	46	3fffffffffff
N??CAA_G_oWOT?BO?e?	46	1ffffffffb7fe
N??CAA_G_oWOT?BO?M?	46	7ffffffffb77c
N??CAA_G_oWOT?BO@D?	46	3fffffffffff
N??CAA_G_oWOT?BO?F?	46	fffffffdfffe
N??CAA_G_oWOL?BOB_?	46	fffeff7fd7e7f
N??CAA_G_oWOL?BOBG?	46	7fffffffff7f
N??CAA_G_oWOL?BOAg?	46	7fffffffff7f
N??CAA_G_oWOL?BO@g?	46	7fffffffff7f
N??CAA_G_oWOL?BOBC?	46	3fffffffffff
N??CAA_G_oWOL?BO@E?	46	3fffffffffff
N??CAA_G_oWOL?BO?M?	46	7ffffffffb77c
N??CAA_G_oWOL?BOA`?	46	ffffffffe7fe1
N??CAA_G_oWOL?BO@`?	46	ffffffffe7fe1
N??CAA_G_oWOL?BO?F?	46	fffffffdf7ff
N??CAA_G_oWOF?DODG?	46	7fffffffff7f
N??CAA_G_oWOF?DOHC?	46	3fffffffffff
N??CAA_G_oWOF?DODC?	46	3ffff7dfdf7ff
N??CAA_G_oWOF?DOGc?	46	3fffffffffff
N??CAA_G_oWOF?DO@K?	46	3fffffffffff
N??CAA_G_oWOF?DO@E?	46	3ffffef7ef7ff
N??CAA_G_oWOF?DO?e?	46	3ffffef7ef7ff
N??CAA_G_oWOF?DOGD?	46	3fffffffffff
N??CAA_G_oWOF?DOCD?	46	3fffffff0ffff
N??CAA_G_oWOF?DO?F?	46	3ffffbbfeefff
N??CAA_G_oWOPOF?BC?	46	3fff7fefdfeff
N??CAA_G_oWOPOF?AE?	46	7edfffffffcfe
N??CAA_G_oWOPOF??F?	46	fbffbfffff77c
N??CAA_G_oWOHOF?J??	46	7ffffffffffb
N??CAA_G_oWOHOF?BG?	46	7fffffffff7f
N??CAA_G_oWOHOF?Ag?	46	7fffffffff7f
N??CAA_G_oWOHOF?BC?	46	3fffffffffff
N??CAA_G_oWOHOF?AH?	46	7fffffff7fff
N??CAA_G_oWOHOF??h?	46	7fffffff7fff
N??CAA_G_oWODOBOF??	46	7fffffffff7f
N??CAA_G_oWODOBOBC?	46	3fffffffffff
N??CAA_G_oWODOBOAE?	46	3fffffffffff
N??CAA_G_oWODOBO?e?	46	3ffdf7ffff77f
N??CAA_G_oWODGBOJ??	46	3fffffffffff
N??CAA_G_oWODGBOF??	46	3fffffffffff
N??CAA_G_oWODGBOB_?	46	6fffef7ff7ffb
N??CAA_G_oWODGBOIG?	46	3fffffffffff
N??CAA_G_oWODGBOEG?	46	3fffffffffff
N??CAA_G_oWODGBOBG?	46	3fffffffffff
N??CAA_G_oWODGBO@g?	46	3fffffffffff
N??CAA_G_oWODGBOIA?	46	fffffffff77f
N??CAA_G_oWODGBOHA?	46	3fffffffffff
N??CAA_G_oWODGBODA?	46	3fffffffffff
N??CAA_G_oWODGBOBA?	46	3fffffffffff
N??CAA_G_oWODGBOGa?	46	1ffffffffb7fe
N??CAA_G_oWODGBOCI?	46	7ffffffffb77c
N??CAA_G_oWODGBOK@?	46	7ffffffff7ff
N??CAA_G_oWODGBOI@?	46	7ffffffff7ff
N??CAA_G_oWODGBOH@?	46	7ffffffff7ff
N??CAA_G_oWODGBOD@?	46	3fffffffffff
N??CAA_G_oWODGBOB@?	46	7edfffffffcfe
N??CAA_G_oWODGBOGB?	46	7ffffffdffff
N??CAA_G_oWODGBOAB?	46	fffffffdf7ff
N??CAA_G_oWODGBO@B?	46	3fffffffffff
N??CAA_G_oWODGBO?b?	46	3fffffffffff
N??CAA_G_oWO@WF?J??	46	7fffffffefff
N??CAA_G_oWO@WF?F??	46	3fffffffffff
N??CAA_G_oWO@WF?E_?	46	3fffffffffff
N??CAA_G_oWO@WF?BG?	46	3fffffffffff
N??CAA_G_oWO@WF?Ag?	46	3fffffffffff
N??CAA_G_oWO@WF?IA?	46	3fffffffffff
N??CAA_G_oWO@WF?BA?	46	3fffffffffff
N??CAA_G_oWO@WF?Aa?	46	3fffffffffff
N??CAA_G_oWO@WF?I@?	46	7ffffffff7ff
N??CAA_G_oWO@WF?E@?	46	3fffffffffff
N??CAA_G_oWO@WF?C`?	46	3fffffffffff
N??CAA_G_oWO@WF?AH?	46	3fffffffffff
N??CAA_G_oWO@WF??h?	46	3fffffffffff
N??CAA_G_oWO@WF?GB?	46	7ffffffff7ff
N??CAA_G_oWO@WF?AB?	46	3fffffffffff
N??CAA_G_oWO@WF??b?	46	3fffffffffff
N??CAA_G_oWODABOHC?	46	3fffffffffff
N??CAA_G_oWODABO@E?	46	7fbffbbfeefff
N??CAA_G_oWO@QF?EG?	46	7fffffff7fff
N??CAA_G_oWO@QF?IC?	46	3fffffffffff
N??CAA_G_oWO@QF?Gc?	46	3fffffffffff
N??CAA_G_oWO@QF?AE?	46	3ffffbbfeefff
N??CAA_G_oWO@QF??e?	46	3ffffbbfeefff
N??CA?oI?oSCp?@oIO?	46	3fffffff0ffff
N??CA?oI?oSCp?@oAW?	46	3ffffffe97fff
N??CA?oI?oSCp?@oIA?	46	7ffffffff7ff
N??CA?oI?oSCp?@oHA?	46	7ffffffff7ff
N??CA?oI?oSCp?@oAa?	46	3fffffffffff
N??CA?oI?oSCp?@oAQ?	46	7fffffffff7f
N??CA?oI?oSCp?@o@Q?	46	7fffffffff7f
N??CA?oI?oSCp?@oAI?	46	3fffffffffff
N??CA?oI?oSCp?@o@I?	46	3fffffffffff
N??CA?oI?oSCp?@oH@?	46	7ffffffff7ff
N??CA?oI?oSCp?@o@P?	46	7fffffffff7f
N??CA?oI?oSCp?@o@H?	46	3fffffffffff
N??CA?oI?oSCT?@oW_?	46	3fffffff0ffff
N??CA?oI?oSCT?@oWO?	46	3fffffff0ffff
N??CA?oI?oSCT?@oGo?	46	3ffffffe97fff
N??CA?oI?oSCT?@oOW?	46	3ffffffe97fff
N??CA?oI?oSCT?@o?w?	46	7fbffffe67fff
N??CA?oI?oSCT?@oWA?	46	7ffffffff7ff
N??CA?oI?oSCT?@oPA?	46	3ffffffffe7f9
N??CA?oI?oSCT?@oHA?	46	fffffffef7ff
N??CA?oI?oSCT?@o@a?	46	3fffffffffff
N??CA?oI?oSCT?@oGQ?	46	3fffffffffff
N??CA?oI?oSCT?@o@Q?	46	7ffffffff7ff
N??CA?oI?oSCT?@o?q?	46	3fffffffffff
N??CA?oI?oSCT?@oOI?	46	3fffffffffff
N??CA?oI?oSCT?@o@I?	46	3fffffffffff
N??CA?oI?oSCT?@o?i?	46	3fffffffffff
N??CA?oI?oSCT?@o?Y?	46	3fffffffffff
N??CA?oI?oSCT?@oW@?	46	7ffffffff7ff
N??CA?oI?oSCT?@oP@?	46	3ffffffffe7f9
N??CA?oI?oSCT?@oH@?	46	fffffffef7ff
N??CA?oI?oSCT?@oGP?	46	3fffffffffff
N??CA?oI?oSCT?@o?p?	46	3fffffffffff
N??CA?oI?oSCT?@oOH?	46	3fffffffffff
N??CA?oI?oSCT?@o@H?	46	3fffffffffff
N??CA?oI?oSCT?@o?h?	46	3fffffffffff
N??CA?oI?oSCT?@o?X?	46	3fffffffffff
N??CA?oI?oSCT?@oOB?	46	3fffffffdf6fe
N??CA?oI?oSCT?@oGB?	46	fffffffdefff
N??CA?oI?oSCT?@o?b?	46	3fffffffffff
N??CA?oI?oSCT?@o?R?	46	7ffffffeffff
N??CA?oI?oSCT?@o?J?	46	3fffffffffff
N??CA?oI?oSC`_POIO?	46	3fffffff0ffff
N??CA?oI?oSC`_POHO?	46	7fffffff7fff
N??CA?oI?oSC`_POIA?	46	3ffdffdfdff7f
N??CA?oI?oSC`_POHA?	46	3ffdffdfdff7f
N??CA?oI?oSC`_POH@?	46	fffdffdfd7e7f
N??CA?oI?oSCP_@oY??	46	3fffffff0ffff
N??CA?oI?oSCP_@oX??	46	7fffffff7fff
N??CA?oI?oSCP_@oH@?	46	7ffffffffffb
N??CA?oI?oSCP_@o@`?	46	7ffffffffeff
N??CA?oI?oSCD_POGo?	46	3ffffffe97fff
N??CA?oI?oSCD_POGW?	46	3ffffffe97fff
N??CA?oI?oSCD_POWA?	46	3fffffffffff
N??CA?oI?oSCD_POHA?	46	3fffffffffff
N??CA?oI?oSCD_POGQ?	46	3fffffffffff
N??CA?oI?oSCD_POW@?	46	3fffffffffff
N??CA?oI?oSCD_POH@?	46	3fffffffffff
N??CA?oI?oSCD_POG`?	46	3fffffffffff
N??CA?oI?oSCD_POGP?	46	3fffffffffff
N??CA?oI?oSCD_POGB?	46	3fffffffffff
N??CA?oI?oSCPOP_QG?	46	3fffffff0ffff
N??CA?oI?oSCPOP_AI?	46	3effffffffcfe
N??CA?oI?oSCPOP_@`?	46	fbfffffbe7ff9
N??CA?oI?oSCPOP_@H?	46	fefffffffecfa
N??CAAAK?W[?S_BOD_?	46	3fffffffffff
N??CAAAK?W[?S_BO@c?	46	3ffffffffffd2
N??CAAAK?W[?S_BO@a?	46	fffffffffff9
N??CAAAK?W[?S_BO@D?	46	3ffffffffffcc
N??CAAAK?W[?S_BO@B?	46	fffffffffffa
N??CAAAK?W[?Q_DOAg?	46	3fffffffffff
N??CAAAK?W[?Q_DOEC?	46	3ffffffffffcc
N??CAAAK?W[?Q_DODC?	46	3fffffffdef7e
N??CAAAK?W[?Q_DOAc?	46	3fffffffffff
N??CAAAK?W[?Q_DOAE?	46	1ffffffffb7fe
N??CAAAK?W[?GoF?H_?	46	3fffffff0ffff
N??CAAAK?W[?GoF?BC?	46	3fffffffffff
N??CAAAK?W[?GoF?@c?	46	3ffffffe97fff
N??CAAAK?W[?GoF?H@?	46	3ffffbbfeefff
N??CAAAK?W[?GoF?AD?	46	3fffffffffff
N??CAAAK?W[?CoR?@g?	46	fffffffffeed2
N??CAAAK?W[?CoBGJ??	46	3fffffffffff
N??CAAAK?W[?CoBGF??	46	3fffffffffff
N??CAAAK?W[?CoBGH_?	46	3ffffffffffd2
N??CAAAK?W[?CoBGD_?	46	3fffffffffff
N??CAAAK?W[?CoBGHA?	46	3fffffffffff
N??CAAAK?W[?CoBGI@?	46	3fffffffffff
N??CAAAK?W[?CoBGE@?	46	3fffffffffff
N??CAAAK?W[?CoBGGB?	46	3fffffffffff
N??CAAAK?W[?CoBCF??	46	7fffffffff7f
N??CAAAK?W[?CoBCH_?	46	fffffffff7fb
N??CAAAK?W[?CoBCHC?	46	7ffffffffffd
N??CAAAK?W[?CoBC@c?	46	7fffffffefff
N??CAAAK?W[?CoBCGD?	46	7ffffffffffb
N??CAAAK?W[?AoT?B_?	46	3fffffffffff
N??CAAAK?W[?AoT?Ag?	46	3fffffffffff
N??CAAAK?W[?AoT?EC?	46	3ffffffffffcc
N??CAAAK?W[?AoT?@c?	46	3ffffffffffd2
N??CAAAK?W[?AoT?@a?	46	3fffffffffff
N??CAAAK?W[?AoT?CE?	46	1ffffffffb7fe
N??CAAAK?W[?AoT?AE?	46	1ffffffffb7fe
N??CAAAK?W[?AoT?AD?	46	3fffffffffff
N??CAAAK?W[?AoDGM??	46	3ffffffffffcc
N??CAAAK?W[?AoDGJ??	46	3fffffffffff
N??CAAAK?W[?AoDGF??	46	3fffffffffff
N??CAAAK?W[?AoDGE_?	46	3fffffffffff
N??CAAAK?W[?AoDGH_?	46	3ffffffffffd2
N??CAAAK?W[?AoDGKA?	46	1ffffffffb7fe
N??CAAAK?W[?AoDGIA?	46	1ffffffffb7fe
N??CAAAK?W[?AoDGEA?	46	3fdffffffb7fe
N??CAAAK?W[?AoDG@a?	46	3fffffffffff
N??CAAAK?W[?AoDGCI?	46	3ffdf7ffff77f
N??CAAAK?W[?AoDGAI?	46	3ffdf7ffff77f
N??CAAAK?W[?AoDG?i?	46	3fffffffffff
N??CAAAK?W[?AoDGGB?	46	3fffffffffff
N??CAAAK?WU?W_BO@c?	46	2fffff7ff7ffb
N??CAAAK?WU?W_BO@K?	46	3fffffffffff
N??CAAAK?WU?W_BO@a?	46	2fffff7ff7ffb
N??CAAAK?WU?W_BO@B?	46	3effffffffcfe
N??CAAAK?WU?Q_BOCc?	46	3fffffffffff
N??CAAAK?WU?Q_BOCK?	46	3fffffffffff
N??CAAAK?WU?Q_BO?e?	46	3fffffffffff
N??CAAAK?WU?Q_BO?M?	46	3fffffffffff
N??CAAAK?WU?Q_BOCB?	46	3fffffffffff
N??CAAAK?WU?B_WOH_?	46	3fdffffffb7fe
N??CAAAK?WU?B_WOHG?	46	3fffffffffff
N??CAAAK?WU?B_WOHC?	46	3fffffffffff
N??CAAAK?WU?B_WOH@?	46	3ffdffdfdff7f
N??CAAAK?WU?B_WOGD?	46	3fffffffffff
N??CAAAK?WU?B_OSH_?	46	fffdf7ffff77c
N??CAAAK?WU?B_OSHC?	46	7ffffffffffd
N??CAAAK?WU?B_OSH@?	46	fffffffe67ff9
N??CAAAK?WU?B_OSGH?	46	fffffffdfffb
N??CAAAK?WU?B_OSGD?	46	7ffffffffffb
N??CAAAK?WU?OoBGL??	46	3fffffffffff
N??CAAAK?WU?OoBGHA?	46	3fffffffffff
N??CAAAK?WU?OoBGGB?	46	3fffffffffff
N??CAAAK?WT?[?BOGo?	46	3fffffffffff
N??CAAAK?WT?[?BOAo?	46	3fffffffffff
N??CAAAK?WT?[?BOAS?	46	3ffff7dfdf7ff
N??CAAAK?WT?[?BOGQ?	46	3fffffffffff
N??CAAAK?WT?[?BO?q?	46	3fffffffffff
N??CAAAK?WT?[?BO?Y?	46	3fffffffffff
N??CAAAK?WT?[?BO?R?	46	3fffffffffff
N??CAAAK?WT?W_DOH_?	46	3fffffffffff
N??CAAAK?WT?W_DOAg?	46	ffffffff7f7f
N??CAAAK?WT?W_DO@g?	46	3fffffffffff
N??CAAAK?WT?W_DOAc?	46	3fffffffffff
N??CAAAK?WT?W_DO@c?	46	3fffffffffff
N??CAAAK?WT?W_DOGK?	46	3fdffffffb7fe
N??CAAAK?WT?W_DOAK?	46	1ffffffffb7fe
N??CAAAK?WT?W_DO?k?	46	3fffffffffff
N??CAAAK?WT?W_DOAa?	46	3fffffffffff
N??CAAAK?WT?W_DO@a?	46	3fffffffffff
N??CAAAK?WT?W_DOGE?	46	7ffffffffb77c
N??CAAAK?WT?W_DOAE?	46	1ffffffffb7fe
N??CAAAK?WT?W_DO?M?	46	3ffdf7ffff77f
N??CAAAK?WT?W_DOA`?	46	fffffffeefff
N??CAAAK?WT?W_DOAH?	46	3fffffffffff
N??CAAAK?WT?W_DO@H?	46	3fffffffffff
N??CAAAK?WT?W_DO?h?	46	ffffffffff7e
N??CAAAK?WT?W_DOAD?	46	3fffffffffff
N??CAAAK?WT?W_DOGB?	46	7fffffffff7f
N??CAAAK?WT?W_DO@B?	46	ffffffffe7ff
N??CAAAK?WT?S_BOM??	46	3fffffffffff
N??CAAAK?WT?S_BOEG?	46	3fffffffffff
N??CAAAK?WT?S_BOEC?	46	3ffff7dfdf7ff
N??CAAAK?WT?S_BOGc?	46	3ffffffffffd2
N??CAAAK?WT?S_BOCc?	46	3fffffffffff
N??CAAAK?WT?S_BOAc?	46	3fffffffffff
N??CAAAK?WT?S_BOKA?	46	3fffffffffff
N??CAAAK?WT?S_BOGa?	46	3fffffffffff
N??CAAAK?WT?S_BOAa?	46	3fffffffffff
N??CAAAK?WT?S_BOCI?	46	7ffffffffffd
N??CAAAK?WT?S_BO?e?	46	3fffffffffff
N??CAAAK?WT?S_BO?M?	46	3fffffffffff
N??CAAAK?WT?S_BOK@?	46	3fffffffffff
N??CAAAK?WT?S_BOE@?	46	3fffffffffff
N??CAAAK?WT?S_BOG`?	46	ffffffffff74c
N??CAAAK?WT?S_BOA`?	46	3fffffffffff
N??CAAAK?WT?S_BO?h?	46	7ffffffffb77c
N??CAAAK?WT?S_BOGD?	46	3ffffffffffcc
N??CAAAK?WT?S_BO?d?	46	3fdffffffb7fe
N??CAAAK?WT?S_BO?L?	46	1ffffffffb7fe
N??CAAAK?WT?S_BOCB?	46	ffffffffeffb
N??CAAAK?WT?S_@SK_?	46	3fffffffffff
N??CAAAK?WT?S_@SE_?	46	3fffffffffff
N??CAAAK?WT?S_@SH_?	46	3fffffffffff
N??CAAAK?WT?S_@SD_?	46	fffffffefffd
N??CAAAK?WT?S_@SB_?	46	3fffffffffff
N??CAAAK?WT?S_@S@g?	46	7fffffffff7f
N??CAAAK?WT?S_@SIC?	46	1ffffffffb7fe
N??CAAAK?WT?S_@SGc?	46	3fffffffffff
N??CAAAK?WT?S_@S@c?	46	3fffffffffff
N??CAAAK?WT?S_@SCK?	46	3ffdf7ffff77f
N??CAAAK?WT?S_@S@K?	46	3fffffffffff
N??CAAAK?WT?S_@SG`?	46	7ffffffffeff
N??CAAAK?WT?S_@S@H?	46	7ffffffffeff
N??CAAAK?WT?S_@S?h?	46	fffffffefeff
N??CAAAK?WT?S_@SGD?	46	3fffffffffff
N??CAAAK?WT?S_@S?L?	46	3fffffffffff
N??CAAAK?WT?K_POGc?	46	1ffffffffb7fe
N??CAAAK?WT?K_POHA?	46	3fff7fefdfeff
N??CAAAK?WT?K_POGa?	46	1ffffffffb7fe
N??CAAAK?WT?D_WOH_?	46	3fffffffffff
N??CAAAK?WT?D_WOIG?	46	ffffffffff74c
N??CAAAK?WT?D_WOGg?	46	3fffffffffff
N??CAAAK?WT?D_WOIC?	46	3ffffffffffcc
N??CAAAK?WT?D_WOHC?	46	3fffffffffff
N??CAAAK?WT?D_WOGc?	46	3fffffffffff
N??CAAAK?WT?D_WOGK?	46	3fdffffffb7fe
N??CAAAK?WT?D_WOGa?	46	3fffffffffff
N??CAAAK?WT?D_WOGI?	46	7ffffffffb77c
N??CAAAK?WT?D_WOGE?	46	1ffffffffb7fe
N??CAAAK?WT?D_WOI@?	46	3fffffffffff
N??CAAAK?WT?D_WOH@?	46	fffffffff7fd
N??CAAAK?WT?D_WOG`?	46	3fffffffffff
N??CAAAK?WT?D_WOGD?	46	3fffffffffff
N??CAAAK?WT?D_OSM??	46	ffffffffff74c
N??CAAAK?WT?D_OSJ??	46	3fffffffffff
N??CAAAK?WT?D_OSH_?	46	7ffffffffffe
N??CAAAK?WT?D_OSKC?	46	1ffffffffb7fe
N??CAAAK?WT?D_OSHC?	46	7ffffffffffd
N??CAAAK?WT?D_OSH@?	46	ffffffffeffd
N??CAAAK?WT?D_OSGH?	46	fffffffefeff
N??CAAAK?WT?D_OSGD?	46	7ffffffffffb
N??CAAAK?WT?WOF?IO?	46	3fffffffffff
N??CAAAK?WT?WOF?Go?	46	3fffffffffff
N??CAAAK?WT?WOF?GS?	46	3effffffffcfe
N??CAAAK?WT?WOF?GQ?	46	3fffffffffff
N??CAAAK?WT?WOF?GP?	46	3fffffffffff
N??CAAAK?WT?OoT?EG?	46	3ffffffffffcc
N??CAAAK?WT?OoT?BA?	46	3fffffffffff
N??CAAAK?WT?OoT?@a?	46	3fffffffffff
N??CAAAK?WT?OoDGM??	46	3ffffffffffcc
N??CAAAK?WT?OoDGL??	46	3fffffffffff
N??CAAAK?WT?OoDGJ??	46	3fffffffffff
N??CAAAK?WT?OoDGKA?	46	1ffffffffb7fe
N??CAAAK?WT?OoDGGB?	46	3fffffffffff
N??CAAAK?WL?M?`OIO?	46	fffffffff7fe
N??CAAAK?WL?M?`OGo?	46	3fffffffffff
N??CAAAK?WL?M?`OAo?	46	3fffffffffff
N??CAAAK?WL?M?`OGW?	46	3fff7fefdfeff
N??CAAAK?WL?M?`OAW?	46	3fffffffffff
N??CAAAK?WL?M?`O?w?	46	2fffff7ff7ffb
N??CAAAK?WL?M?`O?s?	46	2fffff7ff7ffb
N??CAAAK?WL?M?`OGQ?	46	fffffffff77f
N??CAAAK?WL?M?`OAQ?	46	3fffffffe777f
N??CAAAK?WL?M?`OGP?	46	7ffffffff7ff
N??CAAAK?WL?IOd?IO?	46	3fffffffffff
N??CAAAK?WL?IOd?Ao?	46	3ffffffe67fff
N??CAAAK?WL?IOd?GW?	46	3fffffffdef7e
N??CAAAK?WL?IOd?AS?	46	3ffffffe97fff
N??CAAAK?WL?IOd?GQ?	46	ffffffffff7d
N??CAAAK?WL?IOd?AQ?	46	3ffffffe97fff
N??CAAAK?WL?IOd??q?	46	3fffffffffff
N??CAAAK?WL?IOd??R?	46	7fffffffefff
N??CAAAK?WWOY?DOEC?	46	3ffffffffffcc
N??CAAAK?WWOY?DODC?	46	3fffffffdef7e
N??CAAAK?WWOY?DOAE?	46	1ffffffffb7fe
N??CAAAK?WWOY?DO?F?	46	7ffffffeffff
N??CAAAK?WWOM?HOIC?	46	3ffffffffffcc
N??CAAAK?WWOM?HOGc?	46	1ffffffffb7fe
N??CAAAK?WWOM?HOAc?	46	3fffffffffff
N??CAAAK?WWOM?HO@c?	46	3fffffffffff
N??CAAAK?WWOM?HOAK?	46	1ffffffffb7fe
N??CAAAK?WWOM?HO@K?	46	7ffffffffeff
N??CAAAK?WWOM?HOGE?	46	1ffffffffb7fe
N??CAAAK?WWOM?HO?M?	46	3ffdf7ffff77f
N??CAAAK?WWOM?HOAD?	46	3fffffffffff
N??CAAAK?WWOM?BOCc?	46	3fffffffffff
N??CAAAK?WWOM?BOCK?	46	3fffffffffff
N??CAAAK?WWOM?BO?e?	46	3fffffffffff
N??CAAAK?WWOM?BO?M?	46	7ffffffffffe
N??CAAAK?WWOWOF?BC?	46	3ffff7dfdf7ff
N??CAAAK?WWOWOF?@c?	46	3faeffff75e937d2
N??CAAAK?WWOIODOEC?	46	1ffffffffb7fe
N??CAAAK?WWOKGBOF??	46	3ffff7dfdf7ff
N??CAAAK?WWOKGBOD_?	46	2fffff7ff7ffb
N??CAAAK?WWOKGBODG?	46	3fffffffffff
N??CAAAK?WWOKGBO@a?	46	effefffffeefa
N??CAAAK?WWOKGBOCH?	46	3fffffffffff
N??CAAAK?WWOKGBO?J?	46	7ffffffffffe
N??CAAAK?WWOIGDOM??	46	3ffffffffffcc
N??CAAAK?WWOIGDOF??	46	3fffffffffff
N??CAAAK?WWOIGDOI_?	46	3fffffffffff
N??CAAAK?WWOIGDOE_?	46	3fffffffffff
N??CAAAK?WWOIGDOEG?	46	1ffffffffb7fe
N??CAAAK?WWOIGDODG?	46	3fffffffffff
N??CAAAK?WWOIGDOBG?	46	3fffffffffff
N??CAAAK?WWOIGDOAg?	46	3ffffffff7efc
N??CAAAK?WWOIGDOKA?	46	7ffffffffb77c
N??CAAAK?WWOIGDOIA?	46	1ffffffffb7fe
N??CAAAK?WWOIGDOEA?	46	1ffffffffb7fe
N??CAAAK?WWOIGDO@a?	46	3fffffffffff
N??CAAAK?WWOIGDOCI?	46	3ffdf7ffff77f
N??CAAAK?WWOIGDOAI?	46	fffdf7ffff77c
N??CAAAK?WWOIGDO?J?	46	7ffffffffffd
N??CAAAK?WWOGWF?H_?	46	3faeffff75e937d2
N??CAAAK?WWOGWF?DG?	46	3ffffffffffd2
N??CAAAK?WWOGWF?BG?	46	3fffbffbf7f7f
N??CAAAK?WWOGWF?@g?	46	3fefebfbbba64b7e
N??CAAAK?WWOGWF?H@?	46	2ffdeff7fe70fccc
N??CAAAK?WWOGWF?@H?	46	3fefedefe76634fe
N??CAAAK?WWOICDOEC?	46	1ffffffffb7fe
N??CAAAK?WWOICDO@c?	46	3fffffffffff
N??CAAAK?WWOICDOCK?	46	fffdf7ffff77c
N??CAAAK?WWOICDOAK?	46	3ffe7f8f6b7ef07b
N??CAAAK?WWOICDO?L?	46	fffdffdfd7e7f
N??CAAAK?WWOBCKO@c?	46	ffffffff0e7ff
N??CAAAK?WWOBCKO@K?	46	7ffffffffffe
N??CAAAK?WWOBCKO?L?	46	ffffffff7ffe
N??CAAAK?WWOGSF?BC?	46	3ffffffffffd2
N??CAAAK?WWOGSF?@c?	46	37ff6fdff9f0fb52
N??CAAAK?WWOGSF?AD?	46	3ffffffffffcc
N??CAAAK?WWOASL?EC?	46	3fdffffffb7fe
N??CAAAK?WWOASL?@c?	46	3fffffffffff
N??CAAAK?WWOASL?CK?	46	3ffdf7ffff77f
N??CAAAK?WSO[?BO@c?	46	2fffff7ff7ffb
N??CAAAK?WSOY?DOIC?	46	3ffffffffffcc
N??CAAAK?WSOY?DO@c?	46	3fffffffffff
N??CAAAK?WSOY?DOAK?	46	1ffffffffb7fe
N??CAAAK?WSOY?DO@K?	46	3fffffffffff
N??CAAAK?WSOY?DOGE?	46	7ffffffffb77c
N??CAAAK?WSOY?DO?M?	46	3ffdf7ffff77f
N??CAAAK?WSOY?DOGD?	46	fffffffff77f
N??CAAAK?WSOU?DOKC?	46	3ffffffffffcc
N??CAAAK?WSOU?DOGc?	46	3fffffffffff
N??CAAAK?WSOU?DO@c?	46	3fffffffffff
N??CAAAK?WSOU?DOGE?	46	1ffffffffb7fe
N??CAAAK?WSOU?DO@E?	46	3fffffffffff
N??CAAAK?WSOU?DOGD?	46	3fffffffffff
N??CAAAK?WSOU?BOGc?	46	3ffffffffffd2
N??CAAAK?WSOU?BOCc?	46	3fffffffffff
N??CAAAK?WSOU?BOAc?	46	3fffffffffff
N??CAAAK?WSOU?BOAK?	46	3fffffffffff
N??CAAAK?WSOU?BOGE?	46	3fffffffffff
N??CAAAK?WSOU?BO?e?	46	3fffffffffff
N??CAAAK?WSOU?BO?M?	46	7ffffffffffe
N??CAAAK?WSOU?BOGD?	46	3ffffffffffcc
N??CAAAK?WSOU?BO?L?	46	1ffffffffb7fe
N??CAAAK?WSOM?POIC?	46	2ffdeff7fe70fccc
N??CAAAK?WSOM?POGc?	46	1ffffffffb7fe
N??CAAAK?WSOM?POGK?	46	1ffffffffb7fe
N??CAAAK?WSOM?POGE?	46	3fefedefe76634fe
N??CAAAK?WSOF?SOHC?	46	7fffffffff7f
N??CAAAK?WSOF?SOGD?	46	7fffffff7fff
N??CAAAK?WSOF?QOKC?	46	3effffffffcfe
N??CAAAK?WSOF?QOIC?	46	3fffffffffff
N??CAAAK?WSOF?QOGc?	46	3ffffffffffd2
N??CAAAK?WSOF?QOGE?	46	7fdffef7ef7ff
N??CAAAK?WSOF?QOGD?	46	3ffffffffffcc
N??CAAAK?WSOWOF?HC?	46	3effffffffcfe
N??CAAAK?WSOWOF?GD?	46	fbffbfffff77c
N??CAAAK?WSOQOT?Ac?	46	3fff7fefdfeff
N??CAAAK?WSOQOT?@c?	46	3ffffffffffd2
N??CAAAK?WSOQOT??d?	46	3ffffffffffcc
N??CAAAK?WSOSGBOF??	46	3ffff7dfdf7ff
N??CAAAK?WSOSGBOD_?	46	2fffff7ff7ffb
N??CAAAK?WSOSGBOB_?	46	2fffff7ff7ffb
N??CAAAK?WSOSGBOBG?	46	3fffffffffff
N??CAAAK?WSOSGBOBA?	46	7ffbfef7ef7ff
N??CAAAK?WSOSGBO@a?	46	effefffffeefa
N??CAAAK?WSOSGBOE@?	46	ffffffff0e7ff
N??CAAAK?WSOQGDOM??	46	3ffffffffffcc
N??CAAAK?WSOQGDOF??	46	3fffffffffff
N??CAAAK?WSOQGDOI_?	46	3fffffffffff
N??CAAAK?WSOQGDOE_?	46	3fffffffffff
N??CAAAK?WSOQGDOH_?	46	3ffffffffffd2
N??CAAAK?WSOQGDOD_?	46	3fffffffffff
N??CAAAK?WSOQGDOB_?	46	3fffffffffff
N??CAAAK?WSOQGDOEG?	46	1ffffffffb7fe
N??CAAAK?WSOQGDOBG?	46	3fffffffffff
N??CAAAK?WSOQGDO@g?	46	1ffffffffcffe
N??CAAAK?WSOQGDOKA?	46	7ffffffffb77c
N??CAAAK?WSOQGDOIA?	46	1ffffffffb7fe
N??CAAAK?WSOQGDOBA?	46	3fffffffffff
N??CAAAK?WSOQGDOAa?	46	3fffffffeeffc
N??CAAAK?WSOQGDO@a?	46	3fffffffffff
N??CAAAK?WSOQGDOCI?	46	3ffdf7ffff77f
N??CAAAK?WSOQGDOAI?	46	fffdf7ffff77c
N??CAAAK?WSOQGDO?i?	46	fffffffffffc
N??CAAAK?WSOQGDOI@?	46	3fffffffffff
N??CAAAK?WSOQGDOE@?	46	3fffffffffff
N??CAAAK?WSOQGDOH@?	46	ffffffffff74c
N??CAAAK?WSOQGDOG`?	46	3ffffffffffcc
N??CAAAK?WSOQGDO@`?	46	1ffffffffb7fe
N??CAAAK?WSOQGDOAH?	46	ffffffffff7e
N??CAAAK?WSOQGDO@H?	46	1ffffffffb7fe
N??CAAAK?WSOQGDO?h?	46	7ffffffffb77c
N??CAAAK?WSOEGPOM??	46	2ffdeff7fe70fccc
N??CAAAK?WSOEGPOK_?	46	1ffffffffb7fe
N??CAAAK?WSOEGPOI_?	46	1ffffffffb7fe
N??CAAAK?WSOEGPOKA?	46	3fefedefe76634fe
N??CAAAK?WSOEGPOIA?	46	3fefedefe76634fe
N??CAAAK?WSOEGPOGa?	46	fffdf7ffff77c
N??CAAAK?WSOEGPOGB?	46	7ffffffffffe
N??CAAAK?WSOBGSOJ??	46	3effffffffcfe
N??CAAAK?WSOBGSOH_?	46	37ff6fdff9f0fb52
N??CAAAK?WSOBGSOHA?	46	3fffffffffff
N??CAAAK?WSOBGSOI@?	46	fbffbfffff77c
N??CAAAK?WSOBGSOGB?	46	7fffffffff7f
N??CAAAK?WSOOWF?L??	46	3effffffffcfe
N??CAAAK?WSOOWF?J??	46	3ffff7dfdf7ff
N??CAAAK?WSOOWF?H_?	46	3faeffff75e937d2
N??CAAAK?WSOOWF?I@?	46	3fffffff0ffff
N??CAAAK?WSOOWF?H@?	46	2ffdeff7fe70fccc
N??CAAAK?WSOSCBOHC?	46	3fffffffffff
N??CAAAK?WSOSCBO@c?	46	3ff8ffe76cfdf6e1
N??CAAAK?WSOSCBOGD?	46	7ffffffdffff
N??CAAAK?WSOSCBO@D?	46	3ff73fdb9cfdef61
N??CAAAK?WSOQCDOKC?	46	7ffffffffb77c
N??CAAAK?WSOQCDO@c?	46	3fffffffffff
N??CAAAK?WSOQCDOCK?	46	3ffdf7ffff77f
N??CAAAK?WSOQCDO@K?	46	3fffffffffff
N??CAAAK?WSOQCDO?k?	46	3fffffffffff
N??CAAAK?WSOQCDOGD?	46	7ffffffeffff
N??CAAAK?WSOQCDO@D?	46	fffffffdf7ff
N??CAAAK?WSOQCDO?d?	46	3fffffffffff
N??CAAAK?WSOECPOKC?	46	3fefedefe76634fe
N??CAAAK?WSOECPOGc?	46	3ffe7f8f6b7ef07b
N??CAAAK?WSOECPOGD?	46	7ffbffffff87f
N??CAAAK?WSOBCSOHC?	46	7ffffffffffd
N??CAAAK?WSOBCSOGD?	46	7ffffffffffb
N??CAAAK?WSOOSF?HC?	46	7ffffffffffd
N??CAAAK?WSOOSF?GD?	46	fffffffff7fb
N??CAAAK?WSOSABOHC?	46	3ffffffffffcc
N??CAAAK?WSOSABOAK?	46	3fffffffffff
N??CAAAK?WSOSABOGE?	46	7ffffffdffff
N??CAAAK?WSOQADOKC?	46	3fffffffe777f
N??CAAAK?WSOQADOIC?	46	7ffffffff7ff
N??CAAAK?WSOQADOBC?	46	7fffffffff7f
N??CAAAK?WSOQADOAK?	46	3bfffffbf7ffd
N??CAAAK?WSOQADO?k?	46	1ffffffffb7fe
N??CAAAK?WSOQADOGE?	46	3fffffffcfefb
N??CAAAK?WSOEAPOIC?	46	5ff7fff7efffd
N??CAAAK?WSOEAPOHC?	46	3ffffffffffcc
N??CAAAK?WSOEAPOGK?	46	2ffdeff7fe70fccc
N??CAAAK?WSOOQF?KC?	46	fbffbfffff77c
N??CAAAK?WSOOQF?IC?	46	7ffffffff7ff
N??CAAAK?WSOOQF?HC?	46	3ffffffffffcc
N??CAAAK?WSOOQF?GE?	46	fffffbbfce7ff
N??CAAAK?WWGW_F?@g?	46	3faeffff75e937d2
N??CAAAK?WKGQOd?EO?	46	3ffffffffffcc
N??CAAAK?WKGQOd?DO?	46	3fffffffdef7e
N??CAAAK?WKGQOd?BO?	46	3fffffffffff
N??CAAAK?WKGQOd?Ao?	46	3fefedefe76634fe
N??CAAAK?WKGQOd?CQ?	46	7ffffffffb77c
N??CAAAK?WKGQOd?AQ?	46	3fefedefe76634fe
N??CAAAK?WKGQOd?@Q?	46	fffffffff7fd
N??CAAAK?WHAM?`OEO?	46	3fffffffe777f
N??CAAAK?WHAM?`OGo?	46	3fffffffffff
N??CAAAK?WHAM?`OGW?	46	3ffffffe67fff
N??CAAAK?WHAM?`O?w?	46	2ffeffffffefb
N??CAAAK?WHAM?`O?s?	46	2ffeffffffefb
N??CAAAK?WHAM?`OGP?	46	7ffffffdffff
N??CCD_S@OA_a_BOEC?	46	3ffffffe97fff
N??CCD_S@OA_a_BOGc?	46	3fff7fefdfeff
N??CCD_S@OA_a_BOKA?	46	3defbfffdea94fcc
N??CCD_S@OA_a_BOAa?	46	3ff73fdb9cfdef61
N??CCD_S@OA_a_BOCE?	46	3fefedefe76634fe
N??CCD_S@OA_a_BOC`?	46	3faeffff75e937d2
N??CCD_S@OA_a_BOE?_	46	3ffff7dfdf7ff
N??CCD_S@OA_a_PGAG_	46	ffffffffff74c
N??CCD_S@OA_a_BACg?	46	3faeffff75e937d2
N??CCD_S@OA_a_BAGK?	46	3faeffff75e937d2
N??CCD_S@OA_a_BACK?	46	3faeffff75e937d2
N??CCD_S@OA_a_BAGI?	46	3fdffffffb7fe
N??CCD_S@OA_HGa_Gg?	46	3ffffdefdefff
N??CCD_S@OA_HGa_AI?	46	3fffffffffe79
N??CCD_S@OA_HGa_?I_	46	ffffffff7ffd
