N????B?kDOAoBOOoM??	46	7ffffffffffd
N????B?kDOAoBOOoDO?	46	3fffffffffff
N????B?kDOAoBOOoAo?	46	3fffffffffff
N????B?kDOAoBOOoGW?	46	3fffffffffff
N????B?kDO?wF?OoM??	46	7ffffffff7ff
N????B?kDO?wF?OoF??	46	ffffffffff74c
N????B?kDO?wF?OoEO?	46	3fffffffffff
N????B?kDO?wF?OoGW?	46	fffffffff7fe
N????B?kDO?wF?OoIC?	46	7ffffffdffff
N????B?kDO?wD_QOM??	46	7ffffffff7ff
N????B?kDO?wD_QOD_?	46	3fffffffffff
N????B?kDO?wD_QOHG?	46	7ffffffff7ff
N????B?kDO?wD_QODG?	46	7ffffffff7ff
N????B?kDO?wD_QO?w?	46	fffffffff77f
N????B?kDO?wD_QOIC?	46	7ffffffdffff
N????B?MD_K_Ao@oY??	46	ffffffffff74c
N????B?MD_K_Ao@oW_?	46	7ffffffff7ff
N????B?MD_K_Ao@oQ_?	46	7ffffffff7ff
N????B?MD_K_Ao@oI_?	46	7ffffffff7ff
N????B?MD_K_Ao@o?w?	46	3ffffffffffcc
N???C@?kDOB_Oo@gIO?	46	3fffffffffff
N???C@?kDOB_Oo@gAW?	46	3fffffffffff
N???C@?kDOB_Oo@gAS?	46	3fffffffffff
N???C@?kDOB_Oo@g?s?	46	fffffffff77f
N???C@?kDOAoB_OWIG?	46	7ffffffff7ff
N???C@?kDOAoB_OWGg?	46	3fffffffffff
N???C@?kDOAoQO@gL??	46	effefffffeefa
N???C@?kDOAoQO@gIG?	46	7ffffffdffff
N???C@?kDOAoQO@gHG?	46	fffffbbfce7ff
N???C@?kDOAoQO@gGg?	46	3fffffffffff
N???C@?kDOAoQO@g@g?	46	3fffffffffff
N???C@?kDOAoQO@g?w?	46	3fffffffffff
N???C@?kDOAoQO@g?s?	46	fffffffe7fff
N???C@?kDOAoQO@gGK?	46	7ffffffeffff
N???C@?kDOAoPOAgH_?	46	3fffffffffff
N???C@?kDOAoPOAgIG?	46	7ffffffeffff
N???C@?kDOAoPOAg@g?	46	3fffffffffff
N???C@?kDOAoPOAg@W?	46	3fffffffffff
N???C@?kDOAoPOAg?w?	46	3fffffffffff
N???C@?kDOAoPOAgDC?	46	fffffffff6ff
N???C@?kDOAoPOAgAK?	46	3fffffffffff
N???C@?kDOAgP_AgH_?	46	7ffffffffffd
N???C@?kDOAgP_AgGo?	46	fffffffefffd
N???C@?kDOAgP_AgAg?	46	3fffffffd77fd
N???C@?kDOAgP_Ag@W?	46	3fffffffffff
N???C@?kDOAgP_Ag?w?	46	3fffffffffff
N???C@?kDOAgP_AgDC?	46	ffffffffef7f
N???C@?kDO?wT?AgM??	46	fffffffff6ff
N???C@?kDO?wT?AgHG?	46	3fffffffffff
N???C@?kDO?wP_EGEC?	46	fffeff7fd7e7f
N???C@?kDO?wP_EG?k?	46	7ffffffff7ff
N???C@?kDO?wD_QGGg?	46	3fffffffffff
N???C@?kDO?wD_QGGK?	46	7ffffffeffff
N???C@?M@g[?B_?wY??	46	fffffffdfffe
N???C@?M@g[?B_?wR??	46	fffffffdf7ff
N???C@?M@g[?B_?wB_?	46	3fffffffdef7e
N???C@?M@g[?B_?wPG?	46	3fffffffffff
N???C@?M@g[?B_?wHG?	46	3fffffffffff
N???C@?M@g[?B_?wBG?	46	3fffffffffff
N???C@?M@g[?B_?wGW?	46	7ffffffff7ff
N???C@?M@g[?B_?wAK?	46	7ffffffdffff
N???C@?M@g[?B_?w@K?	46	3fffffffffff
N???C@?M@g[?B_?w?[?	46	7ffffffdffff
N???C@?M@g[?Ao@gY??	46	ffffffffef7f
N???C@?M@g[?Ao@gR??	46	ffffffffe7ff
N???C@?M@g[?Ao@gJ??	46	7fffffffefff
N???C@?M@g[?Ao@gHO?	46	3fffffffffff
N???C@?M@g[?Ao@gBO?	46	3fffffffffff
N???C@?M@g[?Ao@gHG?	46	7ffffffdffff
N???C@?M@g[?Ao@gOg?	46	3fffffffffff
N???C@?M@g[?Ao@gGg?	46	3fffffffffff
N???C@?M@g[?Ao@gAg?	46	3fffffffffff
N???C@?M@g[?Ao@gOW?	46	3fffffffffff
N???C@?M@g[?Ao@gGW?	46	3fffffffffff
N???C@?M@g[?Ao@g@W?	46	3fffffffffff
N???C@?M@g[?Ao@g?w?	46	3fffffffffff
N???C@?M@g[?Ao@g@K?	46	3fffffffffff
N???C@?M@gT?P_?wX??	46	7ffffffdffff
N???C@?M@gT?P_?wR??	46	3fffffffdf6fe
N???C@?M@gT?P_?wJ??	46	fffffffdefff
N???C@?M@gT?P_?wW_?	46	7ffffffdffff
N???C@?M@gT?P_?wI_?	46	fffffffdefff
N???C@?M@gT?P_?wWO?	46	3fffffffffff
N???C@?M@gT?P_?wHO?	46	3fffffffffff
N???C@?M@gT?P_?wBO?	46	3fffffffffff
N???C@?M@gT?P_?wGo?	46	2ffeffffffefb
N???C@?M@gT?P_?wAo?	46	3fffffffffff
N???C@?M@gT?P_?wIG?	46	3fffffffffff
N???C@?M@gT?P_?wHG?	46	3fffffffffff
N???C@?M@gT?P_?wGg?	46	3fffffffffff
N???C@?M@gT?P_?wAg?	46	7ffffffeffff
N???C@?M@gT?P_?wOW?	46	3fffffffffff
N???C@?M@gT?P_?wGW?	46	3bffbffffff7d
N???C@?M@gT?P_?w?w?	46	3fffffffffff
N???C@?M@gT?P_?wPC?	46	7fffffffff7f
N???C@?M@gT?P_?wHC?	46	3fffffffffff
N???C@?M@gT?P_?wBC?	46	7ffffffff7ff
N???C@?M@gT?P_?wOS?	46	3fffffffffff
N???C@?M@gT?P_?wGS?	46	3bffbffffff7d
N???C@?M@gT?P_?w@S?	46	3fffffffffff
N???C@?M@gT?P_?wOK?	46	7fffffff7fff
N???C@?M@gT?P_?wAK?	46	7ffffffeffff
N???C@?M@gT?P_?w@K?	46	7ffffffeffff
N???C@?M@gT?P_?w?k?	46	3fffffffffff
N???C@?M@gT?P_?w?[?	46	3ffeff7ff7eff
N???C@?M@gT?@oOgX??	46	fffffffff7fd
N???C@?M@gT?@oOgJ??	46	3ffffffffe7f9
N???C@?M@gT?@oOgI_?	46	3fffffffffff
N???C@?M@gT?@oOgWO?	46	7ffffffdffff
N???C@?M@gT?@oOgHO?	46	fffffffdefff
N???C@?M@gT?@oOgGo?	46	2ffeffffffefb
N???C@?M@gT?@oOgIG?	46	3fffffffffff
N???C@?M@gT?@oOgHG?	46	3fffffffffff
N???C@?M@gT?@oOgGg?	46	3fffffffffff
N???C@?M@gT?@oOgGW?	46	3bffbffffff7d
N???C@?M@gT?@oOgWC?	46	7ffffffdffff
N???C@?M@gSOR??wX??	46	7ffffffdffff
N???C@?M@gSOR??wB_?	46	3fffffffdef7e
N???C@?M@gSOR??wWO?	46	7ffffffffffe
N???C@?M@gSOR??wPO?	46	3fffffffffff
N???C@?M@gSOR??wBO?	46	3fffffffffff
N???C@?M@gSOR??wGW?	46	7ffffffff7ff
N???C@?M@gSOR??wBC?	46	7fffffff7fff
N???C@?M@gSOR??wOS?	46	fffffffff77f
N???C@?M@gSOR??w@S?	46	3fffffffffff
N???C@?M@gSOR??wGK?	46	7ffffffff7ff
N???C@?M@gSOR??wAK?	46	7ffffffff7ff
N???C@?M@gSOR??w@K?	46	3fffffffffff
N???C@?M@gSOR??w?[?	46	fffffffcffff
N???C@?M@gSOQ_@WJ??	46	fffffffeefff
N???C@?M@gSOQ_@WW_?	46	3fffffffffff
N???C@?M@gSOQ_@WI_?	46	3fffffffffff
N???C@?M@gSOQ_@WWO?	46	7ffffffdffff
N???C@?M@gSOQ_@WHO?	46	fffffffdefff
N???C@?M@gSOQ_@WOo?	46	3fffffffffff
N???C@?M@gSOQ_@WGo?	46	3fffffffffff
N???C@?M@gSOQ_@WAo?	46	3fffffffffff
N???C@?M@gSOQ_@WHG?	46	3fffffffffff
N???C@?M@gSOQ_@WGg?	46	3fffffffffff
N???C@?M@gSOQ_@WAg?	46	fffffffff77f
N???C@?M@gSOQ_@WGW?	46	3fffffffffff
N???C@?M@gSOQ_@WPC?	46	3fffffffffff
N???C@?M@gSOQ_@WOc?	46	7fffffffff7f
N???C@?M@gSOQ_@WGc?	46	3fffffffffff
N???C@?M@gSOQ_@WAc?	46	7ffffffff7ff
N???C@?M@gSOQ_@WOS?	46	3fffffffffff
N???C@?M@gSOQ_@WGS?	46	3fffffffffff
N???C@?M@gSOQ_@W?s?	46	3fffffffffff
N???C@?M@gSOQ_@WOK?	46	7ffffffffeff
N???C@?M@gSOQ_@WGK?	46	3fffffffffff
N???C@?M@gSOQ_@WAK?	46	7fffffffefff
N???C@?M@gSOQ_@W@K?	46	3fffffffffff
N???C@?M@gSOQ_@W?k?	46	7ffffffeffff
N???C@?M@gSOQ_@W?[?	46	3fffffffffff
N???C@?M@gSOB_OWX??	46	3fffffffffff
N???C@?M@gSOB_OWJ??	46	2ffeffffffefb
N???C@?M@gSOB_OWWO?	46	7ffffffffffe
N???C@?M@gSOB_OWHG?	46	3fffffffffff
N???C@?M@gSOB_OWGW?	46	7ffffffff7ff
N???C@?M@gSOB_OWHC?	46	3fffffffffff
N???C@?M@gSOBOOgX??	46	3fffffffffff
N???C@?M@gSOBOOgJ??	46	3fffffffffff
N???C@?M@gSOBOOgWO?	46	fffffffff7fe
N???C@?M@gSOBOOgHO?	46	3fffffffffff
N???C@?M@gSOBOOgGW?	46	7ffffffff7ff
N???C@?M@gSOBOOgGK?	46	7ffffffff7ff
N???C@?M@gSOAoPGX??	46	3fffffffffff
N???C@?M@gSOAoPGJ??	46	7fffffffff7f
N???C@?M@gSOAoPGW_?	46	7ffffffff7ff
N???C@?M@gSOAoPGI_?	46	3ffffffffe67f
N???C@?M@gSOAoPGWO?	46	3fffffffffff
N???C@?M@gSOAoPGHG?	46	3fffffffffff
N???C@?M@gSOAoPGGg?	46	3fffffffffff
N???C@?M@gSOAoPGWC?	46	7ffffffeffff
N???C@?M@gSOAoPGGS?	46	3fffffffffff
N???C@?M@gSGQ_@gX??	46	7fffffffefff
N???C@?M@gSGQ_@gWO?	46	3fffffffffff
N???C@?M@gSGB_OgX??	46	3fffffffffff
N???C@?M@gSGB_OgWO?	46	ffffffffeffe
N???CB?WDABGD_B_EC?	46	7ffffffff7ff
N???CB?WDABGD_B_Cc?	46	7ffffffff7ff
N???CB?K?[H_M?GoY??	46	3fffffffffff
N???CB?K?[H_M?GoWG?	46	7ffffffff7ff
N???CB?K?[H_M?GoQC?	46	3fffffffffff
N???CB?K?[H_M?GoOc?	46	7fffffffff7f
N???CB?K?[H_M?GoOS?	46	3fffffffffff
N???CB?K?[H_M?GoGK?	46	7fffffffff7f
N???CB?K?[H_M?GoAK?	46	3fffffffffff
N???CB?K?[H_M?GoWA?	46	3fffffffffff
N???CB?K?[H_M?GoAa?	46	2ffdeff7fe70fccc
N???CB?K?[H_M?GoOE?	46	3fffffffffff
N???CB?K?[H_M??sE_?	46	2ffdeff7fe70fccc
N???CB?K?[H_M??sWG?	46	7ffffffdffff
N???CB?K?[H_M??sSC?	46	3fffffffffff
N???CB?K?[H_M??sOc?	46	7fffffff7fff
N???CB?K?[H_M??sOS?	46	3fffffffffff
N???CB?K?[H_M??sGK?	46	7fffffff7fff
N???CB?K?[H_IOK_I_?	46	3ffff7dfdf7ff
N???CB?K?[H_IOK_WG?	46	3fffffffffff
N???CB?K?[H_IOK_Og?	46	3fffffffffff
N???CB?K?[H_IOK_Gg?	46	3fffffffffff
N???CB?K?[H_IOK_Ag?	46	3ffffffffffd2
N???CB?K?[H_IOK_QC?	46	3fffffffffff
N???CB?K?[H_IOK_IC?	46	3fffffffffff
N???CB?K?[H_IOK_OS?	46	3fffffffffff
N???CB?K?[H_IOK_GK?	46	3fffffffffff
N???CB?K?[H_IOK_Ga?	46	3fffffff0ffff
N???CB?K?[H_IOK_?i?	46	3ffffffffffcc
N???CB?K?[H_IOK_OE?	46	3fffffffffff
N???CB?K?[H_IOK_?M?	46	3fffffffffff
N???CB?K?[H_IOCo[??	46	3fffffffffff
N???CB?K?[H_IOCoY??	46	3fffffffffff
N???CB?K?[H_IOCoU??	46	3fffffffffff
N???CB?K?[H_IOCoM??	46	3fffffffffff
N???CB?K?[H_IOCoW_?	46	3ffffffffffcc
N???CB?K?[H_IOCoS_?	46	3fffffffffff
N???CB?K?[H_IOCoE_?	46	3ffffffffffd2
N???CB?K?[H_IOCoEO?	46	3ffffffffffd2
N???CB?K?[H_IOCoGc?	46	1ffffffffb7fe
N???CB?K?[H_IOCoWA?	46	3fffffffffff
N???CB?K?[H_BOK_U??	46	3fffffffdef7e
N???CB?K?[H_BOK_M??	46	3ffff7dfdf7ff
N???CB?K?[H_BOK_KO?	46	3ffff7dfdf7ff
N???CB?K?[H_BOK_SG?	46	3fffffffffff
N???CB?K?[H_BOK_KG?	46	3fffffffffff
N???CB?K?[H_BOK_KA?	46	3fffffff0ffff
N???CB?K?[H_BOK_GQ?	46	3fffffff0ffff
N???CB?K?[H_BOK_GI?	46	7ffffffff7ff
N???CB?K?[H_Aok?M??	46	7ffffffdffff
N???CB?K?[H_Aok?K_?	46	7ffffffff7ff
N???CB?K?[H_Aok?E_?	46	fffffffdefff
N???CB?K?[H_Aok?Co?	46	7fffffffff7f
N???CB?K?[H_Aok?EG?	46	2ffeffffffefb
N???CB?K?[H_Aok?EC?	46	3bffbffffff7d
N???CB?K?[H_Aok?CK?	46	3fffffffffff
N???CB?K?[H_Aok?KA?	46	7fffffff7fff
N???CB?K?[H_Aok?Ga?	46	7ffffffdffff
N???CB?K?[H_Aok??q?	46	7fffffff7fff
N???CB?K?[H_Aok?CE?	46	3ffeff7ff7eff
N???CB?K?[H_Aok??M?	46	3fffffffffff
N???CB?K?[H_Ao[?E_?	46	3ffff7dfdf7ff
N???CB?K?[H_Ao[?EO?	46	3ffff7dfdf7ff
N???CB?K?[H_Ao[?SC?	46	3fffffffffff
N???CB?K?[H_Ao[?CK?	46	3fffffffffff
N???CB?K?[H_Ao[?OE?	46	3fffffffffff
N???CB?K?[H_Ao[??M?	46	3fffffffffff
N???CB?K?[H_AoL?[??	46	3fffffffffff
N???CB?K?[H_AoL?KO?	46	3ffff7dfdf7ff
N???CB?K?[H_AoL?EO?	46	3faeffff75e937d2
N???CB?K?[H_AoL?CW?	46	3ffffffffffd2
N???CB?K?[H_AoL?SC?	46	7fffffffff7f
N???CB?K?[H_AoL?KC?	46	3fffffffffff
N???CB?K?[H_AoL?CS?	46	3fffffffffff
N???CB?K?[H_AoL?WA?	46	3fffffffffff
N???CB?K?[H_AoL?OQ?	46	3fffffffffff
N???CB?K?[H_AoL?GQ?	46	3fffffff0ffff
N???CB?K?[H_AoL??Y?	46	3ffffffffffcc
N???CB?K?[H_AoL?OE?	46	7fffffff7fff
N???CB?K?[H_AoL??U?	46	3fffffffffff
N???CB?K?[D_U?OoU??	46	3fffffffffff
N???CB?K?[D_U?OoE_?	46	3ffff7dfdf7ff
N???CB?K?[D_U?OoEO?	46	3ffff7dfdf7ff
N???CB?K?[D_U?OoEG?	46	3fffffffffff
N???CB?K?[D_U?OoEC?	46	3fffffffffff
N???CB?K?[D_U?OoCc?	46	3fffffffffff
N???CB?K?[D_U?OoAc?	46	3fffffffffff
N???CB?K?[D_U?OoOK?	46	3ffffffffffcc
N???CB?K?[D_U?OoAK?	46	3fffffffffff
N???CB?K?[D_U?Oo?[?	46	1ffffffffb7fe
N???CB?K?[D_U?OoAI?	46	3fffffffffff
N???CB?K?[D_U??wU??	46	3fffffffffff
N???CB?K?[D_U??wM??	46	3fffffffffff
N???CB?K?[D_U??wS_?	46	3fffffffffff
N???CB?K?[D_U??wI_?	46	3fffffffffff
N???CB?K?[D_U??wE_?	46	1ffffffffb7fe
N???CB?K?[D_U??wCo?	46	3fffffffffff
N???CB?K?[D_U??wKG?	46	3fffffffffff
N???CB?K?[D_U??wEG?	46	3fffffffffff
N???CB?K?[D_U??wSA?	46	3fffffffffff
N???CB?K?[D_U??wCI?	46	3fffffffffff
N???CB?K?[D_U??wAI?	46	3fffffffffff
N???CB?K?[D_U??sU??	46	3fffffffffff
N???CB?K?[D_U??sWG?	46	3fffffffffff
N???CB?K?[D_U??sSC?	46	3fffffffffff
N???CB?K?[D_U??sQC?	46	3fffffffffff
N???CB?K?[D_U??sOc?	46	3fffffffffff
N???CB?K?[D_U??sOS?	46	3fffffffffff
N???CB?K?[D_U??sGK?	46	3fffffffffff
N???CB?K?[D_R?CoU??	46	3fffffffffff
N???CB?K?[D_R?CoM??	46	3ffff7dfdf7ff
N???CB?K?[D_R?CoSO?	46	3fffffffffff
N???CB?K?[D_R?CoEO?	46	3faeffff75e937d2
N???CB?K?[D_R?CoWG?	46	ffffffffff74c
N???CB?K?[D_R?CoSG?	46	3fffffffffff
N???CB?K?[D_R?CoKG?	46	3fffffffffff
N???CB?K?[D_R?CoEG?	46	3ffffffffffd2
N???CB?K?[D_R?CoAW?	46	3ffffffffffd2
N???CB?K?[D_R?CoWC?	46	ffffffffff74c
N???CB?K?[D_R?CoSC?	46	fffffffff77f
N???CB?K?[D_R?CoKC?	46	3ffffffffe67f
N???CB?K?[D_R?CoQC?	46	ffffffffff7e
N???CB?K?[D_R?CoIC?	46	3fffffffffff
N???CB?K?[D_R?CoOS?	46	1ffffffffb7fe
N???CB?K?[D_R?CoAS?	46	3fffffffffff
N???CB?K?[D_R?CoGK?	46	7ffffffffb77c
N???CB?K?[D_R?Co?[?	46	3ffdf7ffff77f
N???CB?K?[D_R?CoCI?	46	3ffffffffffcc
N???CB?K?[D_F?OoU??	46	3fffffffdef7e
N???CB?K?[D_F?OoM??	46	3ffff7dfdf7ff
N???CB?K?[D_F?OoSO?	46	7fffffffff7f
N???CB?K?[D_F?OoKO?	46	3ffff7dfdf7ff
N???CB?K?[D_F?OoSG?	46	3fffffffffff
N???CB?K?[D_F?OoSC?	46	7fffffffff7f
N???CB?K?[D_Q_SOE_?	46	3ffff7dfdf7ff
N???CB?K?[D_Q_SOEO?	46	3ffff7dfdf7ff
N???CB?K?[D_Q_SOEG?	46	3fffffffffff
N???CB?K?[D_Q_SOEC?	46	3fffffffffff
N???CB?K?[D_Q_SOOK?	46	3ffffffffffcc
N???CB?K?[D_Q_SOAK?	46	3ffffffffffcc
N???CB?K?[D_Q_SO?k?	46	1ffffffffb7fe
N???CB?K?[D_Q_SO?[?	46	1ffffffffb7fe
N???CB?K?[D_Q_KOAo?	46	3faeffff75e937d2
N???CB?K?[D_Q_KOWG?	46	3fffffffffff
N???CB?K?[D_Q_KO?w?	46	3ffffffffffd2
N???CB?K?[D_Q_KOQC?	46	3fffffffffff
N???CB?K?[D_Q_KOOc?	46	3fffffffffff
N???CB?K?[D_Q_KO?k?	46	3fffffffffff
N???CB?K?[D_Q_KOOE?	46	3fffffffffff
N???CB?K?[D_Q_DOU??	46	3fffffffffff
N???CB?K?[D_Q_DOM??	46	3ffff7dfdf7ff
N???CB?K?[D_Q_DOSO?	46	3fffffffffff
N???CB?K?[D_Q_DOEO?	46	3faeffff75e937d2
N???CB?K?[D_Q_DOQG?	46	3fffffffffff
N???CB?K?[D_Q_DOEG?	46	3ffffffffffd2
N???CB?K?[D_Q_DOAW?	46	3ffffffffffd2
N???CB?K?[D_Q_DOSC?	46	3fffffffffff
N???CB?K?[D_Q_DOQC?	46	3fffffffffff
N???CB?K?[D_Q_DOEC?	46	3fffffffffff
N???CB?K?[D_Q_DOOS?	46	1ffffffffb7fe
N???CB?K?[D_Q_DOAK?	46	3fffffffffff
N???CB?K?[D_Q_DO?[?	46	3ffdf7ffff77f
N???CB?K?[D_Q_DOOE?	46	3fffffffffff
N???CB?K?[D_Q_CoS_?	46	3fffffffffff
N???CB?K?[D_Q_CoE_?	46	3faeffff75e937d2
N???CB?K?[D_Q_CoWG?	46	3ffffffffffcc
N???CB?K?[D_Q_CoQG?	46	3fffffffffff
N???CB?K?[D_Q_CoIG?	46	3fffffffffff
N???CB?K?[D_Q_CoEG?	46	3ffffffffffd2
N???CB?K?[D_Q_CoIC?	46	3fffffffffff
N???CB?K?[D_Q_CoOc?	46	1ffffffffb7fe
N???CB?K?[D_Q_CoGK?	46	1ffffffffb7fe
N???CB?K?[D_Q_Co?k?	46	3ffdf7ffff77f
N???CB?K?[D_Q_CoWA?	46	3fffffffffff
N???CB?K?[D_Q_CoIA?	46	3fffffff0ffff
N???CB?K?[D_Q_CoAI?	46	3ffffffffffcc
N???CB?K?[D_Q_CoOE?	46	3fffffffffff
N???CB?K?[D_Q_CWU??	46	3fffffffffff
N???CB?K?[D_Q_CWM??	46	3fffffffffff
N???CB?K?[D_Q_CWS_?	46	3fffffffffff
N???CB?K?[D_Q_CWQ_?	46	3fffffffffff
N???CB?K?[D_Q_CWE_?	46	3fffffffffff
N???CB?K?[D_Q_CWIO?	46	3fffffffffff
N???CB?K?[D_Q_CWEG?	46	3fffffffffff
N???CB?K?[D_Q_CWGW?	46	1ffffffffb7fe
N???CB?K?[D_Q_CW?w?	46	3ffdf7ffff77f
N???CB?K?[D_Q_CWSA?	46	3fffffffffff
N???CB?K?[D_Q_CWQA?	46	3ffffffffffcc
N???CB?K?[D_Q_CWEA?	46	3fffffffffff
N???CB?K?[D_Q_CWCa?	46	1ffffffffcffe
N???CB?K?[D_Q_CWCI?	46	3fffffffffff
N???CB?K?[D_Q_CWAI?	46	3ffffffff87ff
N???CB?K?[D_Q_CSWO?	46	3fffbffbf7f7f
N???CB?K?[D_Q_CSWG?	46	3ffeff7ff7eff
N???CB?K?[D_Q_CSSC?	46	3fffffffffff
N???CB?K?[D_Q_CSQC?	46	3ffffffffffcc
N???CB?K?[D_Q_CSEC?	46	3fffffffffff
N???CB?K?[D_Q_CSOc?	46	37ffffbfefffb
N???CB?K?[D_Q_CSOS?	46	37ffffbfefffb
N???CB?K?[D_Q_CSGK?	46	3ffffffffffe1
N???CB?K?[D_E_WOW_?	46	3fffffffffff
N???CB?K?[D_E_WOGo?	46	3ffff7dfdf7ff
N???CB?K?[D_E_WOQC?	46	3fffffffffff
N???CB?K?[D_E_WOOc?	46	3fffffffffff
N???CB?K?[D_E_WOOS?	46	3fffffffffff
N???CB?K?[D_E_WOOa?	46	7fffffff7fff
N???CB?K?[D_E_WOGa?	46	3fffffff0ffff
N???CB?K?[D_E_WOOE?	46	3fffffffffff
N???CB?K?[D_E_POU??	46	7fffffffff7f
N???CB?K?[D_E_POM??	46	3ffff7dfdf7ff
N???CB?K?[D_E_POSO?	46	7fffffffff7f
N???CB?K?[D_E_POKO?	46	3ffff7dfdf7ff
N???CB?K?[D_E_POQO?	46	7fffffffff7f
N???CB?K?[D_E_POIO?	46	3ffff7dfdf7ff
N???CB?K?[D_E_POKG?	46	3fffffffffff
N???CB?K?[D_E_POSC?	46	3fffffffffff
N???CB?K?[D_E_POQC?	46	3fffffffffff
N???CB?K?[D_E_POOS?	46	1ffffffffb7fe
N???CB?K?[D_E_POSA?	46	7fffffff7fff
N???CB?K?[D_E_POKA?	46	3fffffff0ffff
N???CB?K?[D_E_POOE?	46	7ffffffff7ff
N???CB?K?[D_E_OSSC?	46	3fffffffffff
N???CB?K?[D_E_OSOc?	46	7ffffffff7ff
N???CB?K?[D_QOS_E_?	46	3ffff7dfdf7ff
N???CB?K?[D_QOS_EG?	46	3fffffffffff
N???CB?K?[D_QOS_EC?	46	3fffffffffff
N???CB?K?[D_QOS_CK?	46	3fffffffffff
N???CB?K?[D_QOS_AK?	46	3fffffffffff
N???CB?K?[D_QOS_?k?	46	1ffffffffb7fe
N???CB?K?[D_QOS_?[?	46	1ffffffffb7fe
N???CB?K?[D_QOS_OI?	46	3fffffffffff
N???CB?K?[D_QOS_?M?	46	3fffffffffff
N???CB?K?[@oY?SOAo?	46	3ffff7dfdf7ff
N???CB?K?[@oY?KOAo?	46	3faeffff75e937d2
N???CB?K?[@oY?KO?w?	46	3ffffffffffd2
N???CB?K?[@oY?DOSO?	46	3fffffffffff
N???CB?K?[@oY?DOIO?	46	3ffff7dfdf7ff
N???CB?K?[@oY?DOEO?	46	3faeffff75e937d2
N???CB?K?[@oY?DOWG?	46	ffffffffff74c
N???CB?K?[@oY?DOOS?	46	1ffffffffb7fe
N???CB?K?[@oY?DOOQ?	46	3fffffffffff
N???CB?K?[@oY?DOOE?	46	fffffffdfffd
N???CB?K?[@oY?CWOo?	46	1ffffffffb7fe
N???CB?K?[@oY?CWAo?	46	3fffffffffff
N???CB?K?[@oY?CW?q?	46	1ffffff7efffd
N???CB?K?[@oY?CSOo?	46	1ffffff7efffd
N???CB?K?[@oY?CSOc?	46	f7ffffbfe7ff9
N???CB?K?[@oM?WOGo?	46	3ffff7dfdf7ff
N???CB?K?[@oM?WOOc?	46	7fffffffff7f
N???CB?K?[@oM?POU??	46	3fffffffdef7e
N???CB?K?[@oM?POM??	46	3ffff7dfdf7ff
N???CB?K?[@oM?POSO?	46	7fffffffff7f
N???CB?K?[@oM?POKO?	46	3ffff7dfdf7ff
N???CB?K?[@oM?POSC?	46	7fffffffff7f
N???CB?K?[@oM?POOQ?	46	7fffffff7fff
N???CB?K?[@oM?POGQ?	46	3fffffff0ffff
N???CB?K?[@oM?POOE?	46	ffffffff77ff
N???CB?K?[@oM?OSGo?	46	3fffffff0ffff
N???CB?K?[@oM?OSOc?	46	ffffffff77ff
N???CB?K?[@oR?KOEO?	46	3faeffff75e937d2
N???CB?K?[@oJ?SOIO?	46	3ffff7dfdf7ff
N???CB?K?[@oJ?SOOS?	46	7ffffffffb77c
N???CB?K?[@oQOk?Co?	46	7fffffffff7f
N???CB?K?[@oQOk??q?	46	7fffffff7fff
N???CB?KCPH_H_CoE_?	46	7ffffffffffd
N???CB?KCPH_H_CoEO?	46	fffdf7ffff77c
N???CB?KCPH_H_CoHG?	46	ffffffffff74c
N???CB?KCPH_H_CoGW?	46	3ffffffffffcc
N???CB?KCPH_H_CoEA?	46	ffff7dfffeefa
N???CB?KCPH_H_CoAa?	46	7ffffffffeff
N???CB?KCPGoJ?CoE_?	46	7ffffffffffd
N???CB?KCPGoJ?Co@g?	46	1ffffffffb7fe
N???CB?KCPGoH_EOF??	46	7ffffffffffe
N???CB?KCPGoH_EOE_?	46	7ffffffffffd
N???CB?KCPGoH_EOHG?	46	ffffffffff74c
N???CB?KCPGoH_EODG?	46	7fffffffff7f
N???CB?KCPGoH_EO@g?	46	1ffffffffb7fe
N???CB?KCPGoH_EOEA?	46	ffffffffff7b
N???CB?KCPGoH_EOAa?	46	7ffffffffeff
N???CB?KCPGoB_KOM??	46	7ffffffffffe
N???CB?KCPGoB_KOE_?	46	fffffffffffc
N???CB?KCPGoB_KOCa?	46	fffffffffe7f
N???CB?KCPGoBOK_E_?	46	7ffffffffffd
N???CB?KCPGoBOK_HA?	46	7ffffffffffd
N???CB?KCPGoBOK_Ca?	46	7ffffffffeff
N???CB?K?W{?CoB_J??	46	3fffffffffff
N???CB?K?W{?CoB_F??	46	3fffffffffff
N???CB?K?W{?CoB_H_?	46	7ffffffff7ff
N???CB?K?W{?CoB_HG?	46	3fffffffffff
N???CB?K?W{?CoB_@g?	46	3fffffffffff
N???CB?K?W{?CoB_AW?	46	3fffffffffff
N???CB?K?W{?CoB_@c?	46	7ffffffdffff
N???CB?K?W{?AoD_J??	46	3fffffffffff
N???CB?K?W{?AoD_F??	46	3fffffffffff
N???CB?K?W{?AoD_H_?	46	3fffffffffff
N???CB?K?W{?AoD_D_?	46	3fffffffffff
N???CB?K?W{?AoD_KO?	46	3fffffffffff
N???CB?K?W{?AoD_EO?	46	3fffffffffff
N???CB?K?W{?AoD_Gg?	46	3fffffffffff
N???CB?K?W{?AoD_@g?	46	3fffffffffff
N???CB?K?W{?AoD_@W?	46	3fffffffffff
N???CB?K?W{?AoD_EC?	46	7ffffffeffff
N???CB?K?W{?AoD_@c?	46	3fffffffffff
N???CB?K?W{?AoD_?k?	46	3fffffffffff
N???CB?K?Wm?OoB_EG?	46	7ffffffff7ff
N???CB?K?Wm?OoB_?[?	46	ffffffff7ffe
N???CB?K?Wm?GoB_R??	46	3fffffffffff
N???CB?K?Wm?GoB_@o?	46	2ffdeff7fe70fccc
N???CB?K?Wm?GoB_QG?	46	7ffffffff7ff
N???CB?K?Wm?GoB_AW?	46	3ffffffffffcc
N???CB?K?Wm?GoB_QC?	46	7ffffffff7ff
N???CB?K?Wm?GoB_PC?	46	3fffffffffff
N???CB?K?Wm?GoB_OS?	46	3fffffffffff
N???CB?K?Wl?OoD_F??	46	3fffffff0ffff
N???CB?K?Wl?OoD_QC?	46	3fffffffffff
N???CB?K?Wl?OoD_?[?	46	fffffffffefd
N???CB?K?Wf?W_@oR??	46	7ffffffff7ff
N???CB?K?Wf?W_@oQO?	46	3fffffffffff
N???CB?K?Wf?W_@oWG?	46	7ffffffdffff
N???CB?K?Wf?W_@oQC?	46	7ffffffdffff
N???CB?K?Wf?W_@oPC?	46	7ffffffdffff
N???CB?K?Wf?W_@oOc?	46	7fffffff7fff
N???CB?K?Wf?W_@oOS?	46	3fffffffffff
N???CB?K?Wf?W_@oOK?	46	7fffffff7fff
N???CB?K?Wf?W_@oAK?	46	3fffffffffff
N???CB?K?Wf?Q_@oU??	46	7ffffffff7ff
N???CB?K?Wf?Q_@oWO?	46	3fffffffffff
N???CB?K?Wf?Q_@oEO?	46	2ffdeff7fe70fccc
N???CB?K?Wf?Q_@oWG?	46	7ffffffdffff
N???CB?K?Wf?Q_@oSC?	46	7ffffffdffff
N???CB?K?Wf?Q_@oOc?	46	7fffffff7fff
N???CB?K?Wf?Q_@oOS?	46	3fffffffffff
N???CB?K?Wf?Q_@oOK?	46	7fffffff7fff
N???CB?K?Wf?Q_@o?k?	46	7ffffffffffb
N???CB?K?WwOK_BOL??	46	3fffffffffff
N???CB?K?WwOK_BOH_?	46	7ffffffffffe
N???CB?K?WwOK_BOKG?	46	3fffffffffff
N???CB?K?WwOI_DOM??	46	3fffffffffff
N???CB?K?WwOI_DOJ??	46	3fffffffffff
N???CB?K?WwOI_DOIO?	46	3fffffffffff
N???CB?K?WwOI_DOEO?	46	3fffffffffff
N???CB?K?WwOI_DOKG?	46	3fffffffffff
N???CB?K?WwOGoF?M??	46	7ffffffdffff
N???CB?K?WwOGoF?H_?	46	fffffffdff7f
N???CB?K?WwOGoF?HO?	46	3fffffffffff
N???CB?K?WwOGoF?@o?	46	3fffffffffff
N???CB?K?WwOGoF?IG?	46	3fffffffffff
N???CB?K?WwOGoF?HG?	46	3fffffffffff
N???CB?K?WkOSOB_OK?	46	fffffffdfffb
N???CB?K?WkOSOB_AK?	46	fffffffdfffb
N???CB?K?WkOQOD_EO?	46	3fffffff0ffff
N???CB?K?WkOQOD_QC?	46	3fffffffffff
N???CB?K?WkOQOD_OK?	46	fffffffefeff
N???CB?K?WkOQOD_@K?	46	fffffffdfffb
N???CB?K?WkOIOD_B_?	46	2ffdeff7fe70fccc
N???CB?K?WkOIOD_QO?	46	3fffffffffff
N???CB?K?WkOIOD_QC?	46	3fffffffffff
N???CB?K?WkOIOD_BC?	46	3fffffffffff
N???CB?K?WkOIOD_Oc?	46	3fffffffffff
N???CB?K?WkOIOD_@c?	46	3fffffffffff
N???CB?K?WkOIOD_OS?	46	3fffffffffff
N???CB?K?WkOOoF?QC?	46	3fffffffffff
N???CB?K?WkOOoF?PC?	46	3fffffffffff
N???CB?K?WkOGoF?Y??	46	3fffffffffff
N???CB?K?WkOGoF?IO?	46	3fffffff0ffff
N???CB?K?WkOGoF?QC?	46	7fffffff7fff
N???CB?K?WkOGoF?PC?	46	7fffffff7fff
N???CB?K?WeOY?@oP_?	46	3fffffffffff
N???CB?K?WeOY?@oWG?	46	7ffffffdffff
N???CB?K?WeOY?@oQC?	46	7ffffffdffff
N???CB?K?WeOY?@oOc?	46	3fffffffffff
N???CB?K?WeOY?@oOS?	46	3fffffffffff
N???CB?K?WeOY?@oOK?	46	7fffffff7fff
N???CB?K?WeOW_BOWG?	46	7fffffffefff
N???CB?K?WeOW_BOAW?	46	3ffffffffffcc
N???CB?K?WeOW_BOQC?	46	7fffffffefff
N???CB?K?WeOW_BOPC?	46	3fffffffffff
N???CB?K?WeOW_BO@c?	46	3fffffffffff
N???CB?K?WeOW_BOAK?	46	3fffffffffff
N???CB?K?WeOQ_@oX??	46	3fffffffffff
N???CB?K?WeOQ_@oWG?	46	7ffffffdffff
N???CB?K?WeOQ_@oSC?	46	3fffffffffff
N???CB?K?WeOQ_@oPC?	46	3fffffffffff
N???CB?K?WeOB_OoSC?	46	3fffffffffff
N???CB?K?WeOWOB_IO?	46	3fffffff0ffff
N???CB?K?WeOWOB_IG?	46	7ffffffff7ff
N???CB?K?WeOWOB_QC?	46	7ffffffff7ff
N???CB?K?WeOWOB_PC?	46	3fffffffffff
N???CB?K?WeOWOB_OS?	46	3fffffffffff
N???CB?K?WdO[?@oQ_?	46	3fffffffffff
N???CB?K?WdO[?@oQO?	46	3fffffffffff
N???CB?K?WdO[?@oBO?	46	2ffdeff7fe70fccc
N???CB?K?WdO[?@o@o?	46	2ffdeff7fe70fccc
N???CB?K?WdO[?@oIG?	46	3fffffffffff
N???CB?K?WdO[?@oQC?	46	7ffffffdffff
N???CB?K?WdO[?@oPC?	46	7ffffffdffff
N???CB?K?WdO[?@oOc?	46	3fffffffffff
N???CB?K?WdO[?@oOS?	46	3fffffffffff
N???CB?K?WdO[?@oGK?	46	7fffffff7fff
N???CB?K?WdOU?@oQ_?	46	3fffffffffff
N???CB?K?WdOU?@oEO?	46	2ffdeff7fe70fccc
N???CB?K?WdOU?@oWG?	46	7ffffffdffff
N???CB?K?WdOU?@oSC?	46	7ffffffdffff
N???CB?K?WdOU?@oOc?	46	3fffffffffff
N???CB?K?WdOU?@oOS?	46	3fffffffffff
N???CB?K?WdOU?@o?s?	46	3fffffffffff
N???CB?K?WdOU?@oOK?	46	7fffffff7fff
N???CB?K?WdOU?@o?k?	46	3fffffffffff
N???CB?K?WdOW_DOY??	46	3fffffffffff
N???CB?K?WdOW_DOB_?	46	2ffdeff7fe70fccc
N???CB?K?WdOW_DOQO?	46	3fffffffffff
N???CB?K?WdOW_DOBO?	46	2ffdeff7fe70fccc
N???CB?K?WdOW_DO@o?	46	2ffdeff7fe70fccc
N???CB?K?WdOW_DOWG?	46	7ffffffffeff
N???CB?K?WdOW_DOQC?	46	3fffffffffff
N???CB?K?WdOW_DOPC?	46	7fffffffefff
N???CB?K?WdOW_DOOc?	46	3fffffffffff
N???CB?K?WdOW_DOAc?	46	3fffffffffff
N???CB?K?WdOW_DOOK?	46	7ffffffffffd
N???CB?K?WdOW_DOAK?	46	3fffffffffff
N???CB?K?WdOS_@oU??	46	3fffffffffff
N???CB?K?WdOS_@oWG?	46	3fffffffffff
N???CB?K?WdOS_@oSC?	46	3fffffffffff
N???CB?K?WdOS_@oQC?	46	3fffffffffff
N???CB?K?WdOD_OoSC?	46	3fffffffffff
N???CB?K?WdOWOD_IG?	46	3fffffffffff
N???CB?K?WdOWOD_QC?	46	3fffffffffff
N???CB?K?WdOWOD_PC?	46	7ffffffff7ff
N???CB?K?WdOWOD_Oc?	46	3fffffffffff
N???CB?K?WdOWOD_OS?	46	3fffffffffff
N???C@_S@`X?B_@oU??	46	fbffbfffff77c
N???C@_S@`X?B_@oR??	46	7ffffffff7ff
N???C@_S@`X?B_@oS_?	46	3fffffffffff
N???C@_S@`X?B_@oQ_?	46	3fffffffffff
N???C@_S@`X?B_@oB_?	46	3fffffffffff
N???C@_S@`X?B_@oAo?	46	7fffffffff7f
N???C@_S@`X?B_@oSG?	46	7ffffffff7ff
N???C@_S@`X?B_@oEG?	46	fffffffff7fb
N???C@_S@`X?B_@oBG?	46	3fffffffffff
N???C@_S@`X?B_@oCg?	46	7fffffffff7f
N???C@_S@`X?B_@oAg?	46	7fffffffff7f
N???C@_S@`X?B_@oSA?	46	fffffbbfce7ff
N???C@_S@`X?B_@oCI?	46	fffffffdfffe
N???C@_S@`X?B_@o?i?	46	7fffffff7fff
N???C@_S@`T?B_@oY??	46	fbffbfffff77c
N???C@_S@`T?B_@oJ??	46	ffffffff0e7ff
N???C@_S@`T?B_@oI_?	46	ffffffffeffb
N???C@_S@`T?B_@oIG?	46	fffffffff7fb
N???C@_S@`T?B_@oHG?	46	3fffffffffff
N???C@_S@`T?B_@oGg?	46	7fffffffff7f
N???C@_S@`T?B_@oWA?	46	fffffbbfce7ff
N???C@_S@`T?B_@oGI?	46	fffffffdfffe
N???C@_S@`D_a_@oY??	46	fffffffff7fb
N???C@_S@`D_a_@oJ??	46	3ffffffffe67f
N???C@_S@`D_a_@oWO?	46	7ffffffff7ff
N???C@_S@`D_a_@oIO?	46	7fffffffefff
N???C@_S@`D_a_@oWA?	46	fffffffdfffe
N???C@_S@`D_B__oY??	46	ffff7dfffeefa
N???C@_S@`D_B__oX??	46	3fffffffffff
N???C@_S@`D_B__oWO?	46	7ffffffff7ff
N???C@_S@`D_B__oWA?	46	fbffbfffff77c
N???C@_S@`PAB_@oY??	46	fffffbbfce7ff
N???C@_EAg[?I_@oR??	46	7ffffffffffe
N???C@_EAg[?I_@oB_?	46	3fffffffffff
N???C@_EAg[?I_@oBG?	46	3fffffffffff
N???C@_EAg[?I_@o?w?	46	1ffffffffb7fe
N???C@_EAg[?I_@oBC?	46	ffffffffe7ff
N???C@_EAg[?I_@oAI?	46	3fffffffffff
N???C@_EAg[?GoB_R??	46	3fffffffffff
N???C@_EAg[?GoB_BO?	46	3fffffffffff
N???C@_EAg[?GoB_BG?	46	3fffffffffff
N???C@_EAg[?GoB_Ag?	46	3fffffffffff
N???C@_EAg[?GoB_@g?	46	3fffffffffff
N???C@_EAg[?GoB_BC?	46	3fffffffffff
N???C@_EAg[?GoB_OK?	46	ffffffffff74c
N???C@_EAg[?GoB_AI?	46	7ffffffff7ff
N???C@_EAg[?GoB_@I?	46	3fffffffffff
N???C@_EAg[?GoB_?i?	46	3fffffffffff
N???C@_EAg[?GoBOBO?	46	3fffffffffff
N???C@_EAg[??wB_R??	46	3fffffffffff
N???C@_EAg[??wB_F??	46	3fffffffffff
N???C@_EAg[??wB_E_?	46	3fffffffffff
N???C@_EAg[??wB_B_?	46	3fffffffffff
N???C@_EAg[??wB_BO?	46	3fffffffffff
N???C@_EAg[??wB_BG?	46	3fffffffffff
N???C@_EAg[??wB_@g?	46	3fffffffffff
N???C@_EAg[??wB_AI?	46	7ffffffdffff
N???C@_EAg[??wB_@I?	46	3fffffffffff
N???C@_EAgY?J?Go@W?	46	3fffffffffff
N???C@_EAgY?H_AoP_?	46	3fffffffffff
N???C@_EAgY?H_AoSO?	46	3fffffffffff
N???C@_EAgY?H_AoPO?	46	3fffffffffff
N???C@_EAgY?H_AoDO?	46	3fffffffffff
N???C@_EAgY?H_AoCo?	46	3fffffffffff
N???C@_EAgY?H_AoSG?	46	3fffffffffff
N???C@_EAgY?H_AoDG?	46	3fffffffffff
N???C@_EAgY?H_AoCg?	46	3fffffffffff
N???C@_EAgY?H_Ao@g?	46	3fffffffffff
N???C@_EAgY?H_AoCW?	46	3fffffffffff
N???C@_EAgY?H_Ao@W?	46	3fffffffffff
N???C@_EAgY?H_Ao?w?	46	3fffffffffff
N???C@_EAgY?H_AoPC?	46	7ffffffffffe
N???C@_EAgY?H_AoDC?	46	3fffffffffff
N???C@_EAgY?H_AoOc?	46	fffffffff77f
N???C@_EAgY?H_Ao@c?	46	3fffffffffff
N???C@_EAgY?H_AoOS?	46	3fffffffffff
N???C@_EAgY?H_Ao@S?	46	3fffffffffff
N???C@_EAgY?H_Ao@K?	46	7ffffffff7ff
N???C@_EAgY?H_AoSA?	46	7fffffffff7f
N???C@_EAgY?H_AoDA?	46	3fffffffffff
N???C@_EAgY?H_AoOa?	46	7ffffffff7ff
N???C@_EAgY?H_AoCa?	46	ffffffffe7ff
N???C@_EAgY?H_AoOQ?	46	3fffffffffff
N???C@_EAgY?H_AoCQ?	46	3fffffffffff
N???C@_EAgY?H_Ao@Q?	46	3fffffffffff
N???C@_EAgY?H_AoCI?	46	3fffffffffff
N???C@_EAgY?H_AoOE?	46	fffffffeff7f
N???C@_EAgY?H_Ao?e?	46	fffffffdf7ff
N???C@_EAgY?H_Ao?U?	46	3fffffffffff
N???C@_EAgY?H_Ao?M?	46	7ffffffeffff
N???C@_EAgY?@oI_T??	46	7ffffffffffe
N???C@_EAgY?@oI_S_?	46	3fffffffffff
N???C@_EAgY?@oI_D_?	46	3fffffffffff
N???C@_EAgY?@oI_SO?	46	3fffffffffff
N???C@_EAgY?@oI_DO?	46	3fffffffffff
N???C@_EAgY?@oI_SG?	46	3fffffffffff
N???C@_EAgY?@oI_DG?	46	3fffffffffff
N???C@_EAgY?@oI_Cg?	46	3fffffffffff
N???C@_EAgY?@oI_CW?	46	3fffffffffff
N???C@_EAgY?@oI_?w?	46	3fffffffffff
N???C@_EAgY?@oI_PC?	46	7ffffffff7ff
N???C@_EAgY?@oI_Oc?	46	ffffffffff7e
N???C@_EAgY?@oI_@c?	46	3fffffffffff
N???C@_EAgY?@oI_OS?	46	3fffffffffff
N???C@_EAgY?@oI_CS?	46	3fffffffffff
N???C@_EAgY?@oI_@S?	46	3fffffffffff
N???C@_EAgY?@oI_@K?	46	3fffffffffff
N???C@_EAgY?@oI_OE?	46	fffffffdfffd
N???C@_EAgY?@oI_?e?	46	7ffffffff7ff
N???C@_EAgY?@oI_?U?	46	3fffffffffff
N???C@_EAgY?@oI_?M?	46	7fffffffefff
N???C@_EAgU?a_@oL??	46	7ffffffffffe
N???C@_EAgU?a_@oK_?	46	3fffffffffff
N???C@_EAgU?a_@oKO?	46	3fffffffffff
N???C@_EAgU?a_@oKG?	46	3fffffffffff
N???C@_EAgU?a_@o@W?	46	3ffffffffffd2
N???C@_EAgU?a_@oHC?	46	7ffffffff7ff
N???C@_EAgU?a_@oGc?	46	3fffffffffff
N???C@_EAgU?a_@o@c?	46	3fffffffffff
N???C@_EAgU?a_@oKA?	46	7ffffffff7ff
N???C@_EAgU?a_@o@Q?	46	3ffffffffffcc
N???C@_EAgU?a_@o@I?	46	3ffffffffffcc
N???C@_EAgU?a_@oCE?	46	7ffffffdffff
N???C@_EAgU?I_@oX??	46	7ffffffffffe
N???C@_EAgU?I_@oW_?	46	3fffffffffff
N???C@_EAgU?I_@oH_?	46	3fffffffffff
N???C@_EAgU?I_@oHG?	46	3fffffffffff
N???C@_EAgU?I_@oGg?	46	3fffffffffff
N???C@_EAgU?I_@o@g?	46	3fffffffffff
N???C@_EAgU?I_@o?w?	46	3fffffffffff
N???C@_EAgU?I_@oPC?	46	7ffffffff7ff
N???C@_EAgU?I_@oOc?	46	3fffffffffff
N???C@_EAgU?I_@o@c?	46	3fffffffffff
N???C@_EAgU?I_@oOS?	46	3fffffffffff
N???C@_EAgU?I_@oGS?	46	3fffffffffff
N???C@_EAgU?I_@o@S?	46	3fffffffffff
N???C@_EAgU?I_@o@K?	46	3fffffffffff
N???C@_EAgU?I_@oOE?	46	7ffffffdffff
N???C@_EAgU?I_@o?e?	46	3fffffffffff
N???C@_EAgU?I_@o?M?	46	3fffffffffff
N???C@_EAgU?@oAo[??	46	3fffffffffff
N???C@_EAgU?@oAoL??	46	3fffffffffff
N???C@_EAgU?@oAoK_?	46	3fffffffffff
N???C@_EAgU?@oAoKO?	46	3fffffffffff
N???C@_EAgU?@oAoHC?	46	3fffffffffff
N???C@_EAgU?@oAoKA?	46	3fffffffffff
N???C@_EAgU?@oAoPA?	46	3ffffffffffcc
N???C@_EAgU?@oAo?q?	46	1ffffffffb7fe
N???C@_EAgU?@oAoGE?	46	3fffffffffff
N???C@_EAgU?@oAoCE?	46	3fffffffffff
N???C@_EAgU?Ag@oX??	46	7ffffffff7ff
N???C@_EAgU?Ag@oP_?	46	3fffffffffff
N???C@_EAgU?Ag@oKO?	46	3fffffffffff
N???C@_EAgU?Ag@oPO?	46	3fffffffffff
N???C@_EAgU?Ag@oGo?	46	3fffffffffff
N???C@_EAgU?Ag@o@o?	46	3fffffffffff
N???C@_EAgU?Ag@oHG?	46	3fffffffffff
N???C@_EAgU?Ag@oDG?	46	3fffffffffff
N???C@_EAgU?Ag@o@W?	46	3fffffffffff
N???C@_EAgU?Ag@oSA?	46	7ffffffdffff
N???C@_EAgU?Ag@oPA?	46	7ffffffdffff
N???C@_EAgU?Ag@oOQ?	46	3fffffffffff
N???C@_EAgU?Ag@oCQ?	46	3fffffffffff
N???C@_EAgU?Ag@oGI?	46	3fffffffffff
N???C@_EAgU?Ag@oCI?	46	3fffffffffff
N???C@_EAgU?Ag@o?i?	46	3fffffffffff
N???C@_EAgU??wB_X??	46	3fffffffffff
N???C@_EAgU??wB_T??	46	3fffffffffff
N???C@_EAgU??wB_L??	46	3fffffffffff
N???C@_EAgU??wB_SO?	46	3fffffffffff
N???C@_EAgU??wB_KO?	46	3fffffffffff
N???C@_EAgU??wB_PO?	46	3fffffffffff
N???C@_EAgU??wB_@o?	46	3fffffffffff
N???C@_EAgU??wB_PG?	46	3fffffffffff
N???C@_EAgU??wB_HG?	46	3fffffffffff
N???C@_EAgU??wB_DG?	46	3fffffffffff
N???C@_EAgU??wB_Gg?	46	3fffffffffff
N???C@_EAgU??wB_@g?	46	3fffffffffff
N???C@_EAgU??wB_OW?	46	3fffffffffff
N???C@_EAgU??wB_@W?	46	3fffffffffff
N???C@_EAgU??wB_?w?	46	3fffffffffff
N???C@_EAgU??wB_SA?	46	7ffffffff7ff
N???C@_EAgU??wB_CQ?	46	3fffffffffff
N???C@_EAgU??wB_GI?	46	7ffffffdffff
N???C@_EAgU??wB_@I?	46	3fffffffffff
N???C@_EAgU??wB_?i?	46	3fffffffffff
N???C@_EAgU??wB_?Y?	46	3fffffffffff
N???C@_EAgM?`_AoS_?	46	fffffffff7fe
N???C@_EAgM?`_AoP_?	46	3fffffffffff
N???C@_EAgM?`_AoPO?	46	37ffffbfefffb
N???C@_EAgM?`_Ao@g?	46	3fffffffffff
N???C@_EAgM?`_Ao@W?	46	3ffffdefdefff
N???C@_EAgM?`_Ao?w?	46	2fffff7ff7ffb
N???C@_EAgM?`_AoDC?	46	3fffffffdef7e
N???C@_EAgM?`_AoOc?	46	fffffffff77f
N???C@_EAgM?`_AoCS?	46	3fffffffffff
N???C@_EAgM?`_Ao@K?	46	7fffffffff7f
N???C@_EAgM?`_AoSA?	46	7fffffffff7f
N???C@_EAgM?`_AoPA?	46	3fffffffffff
N???C@_EAgM?`_AoOa?	46	7ffffffff7ff
N???C@_EAgM?`_Ao@Q?	46	3fffffffffff
N???C@_EAgM?`_AoCI?	46	7fffffffff7f
N???C@_EAgM?`_Ao@I?	46	7fffffffff7f
N???C@_EAgM?`_Ao?i?	46	3fffffffffff
N???C@_EAgM?`_Ao?Y?	46	3fffffffffff
N???C@_EAgM?`_AoOE?	46	7ffffffeffff
N???C@_EAgM?`_Ao?M?	46	7fffffff7fff
N???C@_EAgM?B__oP_?	46	3fffffffffff
N???C@_EAgM?B__oSO?	46	fffffffff7fe
N???C@_EAgM?B__oPO?	46	37ffffbfefffb
N???C@_EAgM?B__oPG?	46	37ffffbfefffb
N???C@_EAgM?B__oSA?	46	fffffffffffa
N???C@_EAgM?B__oPA?	46	3fffffffffff
N???C@_EAgM?B__oOa?	46	3fffffffffff
N???C@_EAgM?B__oOQ?	46	7ffffffff7ff
N???C@_EAgL?g_@oQC?	46	7ffffffff7ff
N???C@_EAgL?g_@oBC?	46	3ffffffffe67f
N???C@_EAgL?g_@oOK?	46	3ffffffffffcc
N???C@_EAgL?g_@oAK?	46	3fffffffffff
N???C@_EAgL?g_@oQA?	46	7ffffffff7ff
N???C@_EAgL?g_@oOa?	46	3fffffffffff
N???C@_EAgL?g_@o@I?	46	3fffffffffff
N???C@_EAgL?g_@o?M?	46	3fffffffffff
N???C@_EAgL?a_@oS_?	46	3fffffffffff
N???C@_EAgL?a_@oQ_?	46	3fffffffffff
N???C@_EAgL?a_@oCg?	46	3fffffffffff
N???C@_EAgL?a_@oAg?	46	3fffffffffff
N???C@_EAgL?a_@oAW?	46	3fffffffffff
N???C@_EAgL?a_@oSC?	46	7ffffffff7ff
N???C@_EAgL?a_@oQC?	46	7ffffffff7ff
N???C@_EAgL?a_@oOc?	46	3fffffffffff
N???C@_EAgL?a_@o?k?	46	3fffffffffff
N???C@_EAgL?a_@oSA?	46	7ffffffff7ff
N???C@_EAgL?a_@oQA?	46	7ffffffff7ff
N???C@_EAgL?a_@oOa?	46	3fffffffffff
N???C@_EAgL?a_@oOQ?	46	7ffffffff7ff
N???C@_EAgL?a_@oAQ?	46	3fffffffffff
N???C@_EAgL?a_@oCI?	46	3fffffffffff
N???C@_EAgL?a_@oOE?	46	7ffffffdffff
N???C@_EAgL?a_@o?M?	46	3fffffffffff
N???C@_EAgL?_g@oR??	46	7ffffffff7ff
N???C@_EAgL?_g@oF??	46	3ffffffffe67f
N???C@_EAgL?_g@oE_?	46	7fffffffff7f
N???C@_EAgL?_g@oAo?	46	3fffffffffff
N???C@_EAgL?_g@oSG?	46	3ffffffffffcc
N???C@_EAgL?_g@oEG?	46	3fffffffffff
N???C@_EAgL?_g@o?w?	46	3ffdf7ffff77f
N???C@_EAgL?_g@oQA?	46	7ffffffdffff
N???C@_EAgL?_g@oCQ?	46	3fffffffffff
N???C@_EAgL?_g@o@I?	46	3fffffffffff
N???C@_EAgL?_c@oU??	46	7ffffffff7ff
N???C@_EAgL?_c@oT??	46	7ffffffff7ff
N???C@_EAgL?_c@oR??	46	7ffffffff7ff
N???C@_EAgL?_c@oS_?	46	3fffffffffff
N???C@_EAgL?_c@oE_?	46	7fffffffff7f
N???C@_EAgL?_c@oSO?	46	3fffffffffff
N???C@_EAgL?_c@oBO?	46	3fffffffffff
N???C@_EAgL?_c@oCo?	46	3fffffffffff
N???C@_EAgL?_c@oAo?	46	3fffffffffff
N???C@_EAgL?_c@oSG?	46	3fffffffffff
N???C@_EAgL?_c@oDG?	46	3fffffffffff
N???C@_EAgL?_c@oAg?	46	3fffffffffff
N???C@_EAgL?_c@oOW?	46	7ffffffff7ff
N???C@_EAgL?_c@oCW?	46	3fffffffffff
N???C@_EAgL?_c@oSC?	46	7ffffffdffff
N???C@_EAgL?_c@oPC?	46	7ffffffdffff
N???C@_EAgL?_c@oOc?	46	3fffffffffff
N???C@_EAgL?_c@oOS?	46	3fffffffffff
N???C@_EAgL?_c@oCS?	46	3fffffffffff
N???C@_EAgL?_c@o@K?	46	3fffffffffff
N???C@_EAgW_g_AoF??	46	3fffffffffff
N???C@_EAgW_g_AoB_?	46	3fffffffffff
N???C@_EAgW_g_AoBO?	46	3fffffffffff
N???C@_EAgW_g_AoBG?	46	3fffffffffff
N???C@_EAgW_g_AoCW?	46	3ffffffffffcc
N???C@_EAgW_g_Ao@c?	46	3fffffffffff
N???C@_EAgW_g_Ao?s?	46	1ffffffffb7fe
N???C@_EAgW_g_AoEA?	46	7fffffffff7f
N???C@_EAgW_g_AoDA?	46	3fffffffffff
N???C@_EAgW_g_AoAa?	46	7ffffffff7ff
N???C@_EAgW_a_GoF??	46	3fffffffffff
N???C@_EAgW_a_GoB_?	46	ffffffffeffe
N???C@_EAgW_a_GoBO?	46	3fffffffffff
N???C@_EAgW_a_Go@o?	46	3fffffffffff
N???C@_EAgW_a_GoBG?	46	3fffffffffff
N???C@_EAgW_a_GoCW?	46	3ffffffffffcc
N???C@_EAgW_a_Go@W?	46	3fffffffffff
N???C@_EAgW_a_GoBC?	46	7fffffffff7f
N???C@_EAgW_a_GoCc?	46	3ffffffffffcc
N???C@_EAgW_a_GoEA?	46	3fffffffffff
N???C@_EAgW_a_GoDA?	46	3fffffffffff
N???C@_EAgW_a_GoAa?	46	fffffffff77f
N???C@_EAgW_I_GoR??	46	3fffffffffff
N???C@_EAgW_I_GoB_?	46	3fffffffffff
N???C@_EAgW_I_GoBC?	46	3fffffffffff
N???C@_EAgW_I_GoQA?	46	3fffffffffff
N???C@_EAgW_I_GoOE?	46	3fffffffffff
N???C@_EAgW_H_AoR??	46	3fffffffffff
N???C@_EAgW_H_AoF??	46	3fffffffffff
N???C@_EAgW_H_AoDO?	46	3fffffffffff
N???C@_EAgW_H_AoBO?	46	3fffffffffff
N???C@_EAgW_H_AoEG?	46	3fffffffffff
N???C@_EAgW_H_AoDG?	46	3fffffffffff
N???C@_EAgW_H_AoBG?	46	3fffffffffff
N???C@_EAgW_H_AoCW?	46	1ffffffffb7fe
N???C@_EAgW_H_AoAW?	46	3fffffffffff
N???C@_EAgW_H_AoQC?	46	fffffffff77f
N???C@_EAgW_H_AoPC?	46	3fffffffffff
N???C@_EAgW_H_AoBC?	46	3fffffffffff
N???C@_EAgW_H_AoOS?	46	1ffffffffb7fe
N???C@_EAgW_H_AoAS?	46	3fffffffffff
N???C@_EAgW_H_Ao?[?	46	3ffdf7ffff77f
N???C@_EAgW_H_AoQA?	46	7ffffffff7ff
N???C@_EAgW_H_AoEA?	46	ffffffffe7ff
N???C@_EAgW_H_AoPA?	46	3fffffffffff
N???C@_EAgW_H_AoDA?	46	3fffffffffff
N???C@_EAgW_H_AoOQ?	46	3fffffffffff
N???C@_EAgW_H_AoAI?	46	3fffffffffff
N???C@_EAgW_H_AoOE?	46	7ffffffdffff
N???C@_EAgW_H_AoAE?	46	fffffffdf7ff
N???C@_EAgW_H_Ao@E?	46	3fffffffffff
N???C@_EAgW_B_GoR??	46	ffffffffeffe
N???C@_EAgW_B_GoF??	46	3fffffffffff
N???C@_EAgW_B_GoSO?	46	3ffffffffffcc
N???C@_EAgW_B_GoEO?	46	3fffffffffff
N???C@_EAgW_B_GoDO?	46	3fffffffffff
N???C@_EAgW_B_GoBO?	46	3fffffffffff
N???C@_EAgW_B_GoEG?	46	3fffffffffff
N???C@_EAgW_B_GoDG?	46	3fffffffffff
N???C@_EAgW_B_GoBG?	46	3fffffffffff
N???C@_EAgW_B_GoCW?	46	1ffffffffb7fe
N???C@_EAgW_B_GoAW?	46	3fffffffffff
N???C@_EAgW_B_Go@W?	46	3fffffffffff
N???C@_EAgW_B_GoQC?	46	7fffffffff7f
N???C@_EAgW_B_GoPC?	46	7fffffffff7f
N???C@_EAgW_B_GoBC?	46	ffffffffe7ff
N???C@_EAgW_B_GoOS?	46	1ffffffffb7fe
N???C@_EAgW_B_Go@K?	46	3fffffffffff
N???C@_EAgW_B_Go?[?	46	3ffdf7ffff77f
N???C@_EAgW_B_GoSA?	46	3fffffffffff
N???C@_EAgW_B_GoQA?	46	fffffffff77f
N???C@_EAgW_B_GoEA?	46	3fffffffffff
N???C@_EAgW_B_GoDA?	46	3fffffffffff
N???C@_EAgW_B_GoCI?	46	3fffffffffff
N???C@_EAgW_B_GoAI?	46	3fffffffffff
N???C@_EAgW_B_GoAE?	46	fffffffef7ff
N???C@_EAgW_B_Go@E?	46	fffffffef7ff
N???C@_EAgW_gOI_BO?	46	7fffffffff7f
N???C@_EAgW_EOI_SO?	46	3fffffffffff
N???C@_EAgW_AoI_U??	46	3fffffffffff
N???C@_EAgW_AoI_Q_?	46	fffffffdefff
N???C@_EAgW_AoI_E_?	46	3fffffffffff
N???C@_EAgW_AoI_SO?	46	3fffffffffff
N???C@_EAgW_AoI_QO?	46	3fffffffffff
N???C@_EAgW_AoI_Oc?	46	ffffffffff7d
N???C@_EAgW_AoI_Cc?	46	3fffffffffff
N???C@_EAgW_AoI_Ac?	46	ffffffffeffb
N???C@_EAgW_AoI_AS?	46	3fffffffffff
N???C@_EAgW_AoI_AK?	46	3fffffffffff
N???C@_EAgW_AoI_?[?	46	3fffffffffff
N???C@_EAgW_AoI_OE?	46	3fffffffffff
N???C@_EAgW_AoI_?e?	46	3fffffffffff
N???C@_EAgW_AoGoR??	46	3fffffffffff
N???C@_EAgW_AoGoF??	46	3fffffffffff
N???C@_EAgW_AoGoD_?	46	3fffffffffff
N???C@_EAgW_AoGoB_?	46	3fffffffffff
N???C@_EAgW_AoGoBO?	46	3fffffffffff
N???C@_EAgW_AoGoBC?	46	3fffffffffff
N???C@_EAgW_AoGoEA?	46	3fffffffffff
N???C@_EAgW_AoGoDA?	46	3fffffffffff
N???C@_EAgW_AoGoAE?	46	3fffffffffff
N???C@_EAgW_@oI_R??	46	3fffffffffff
N???C@_EAgW_@oI_F??	46	3fffffffffff
N???C@_EAgW_@oI_SO?	46	3ffffffffffcc
N???C@_EAgW_@oI_EO?	46	3fffffffffff
N???C@_EAgW_@oI_PO?	46	3fffffffffff
N???C@_EAgW_@oI_DO?	46	3fffffffffff
N???C@_EAgW_@oI_BO?	46	3fffffffffff
N???C@_EAgW_@oI_EG?	46	3fffffffffff
N???C@_EAgW_@oI_PG?	46	3fffffffffff
N???C@_EAgW_@oI_DG?	46	3fffffffffff
N???C@_EAgW_@oI_BG?	46	3fffffffffff
N???C@_EAgW_@oI_CW?	46	1ffffffffb7fe
N???C@_EAgW_@oI_QC?	46	ffffffffff7e
N???C@_EAgW_@oI_PC?	46	3fffffffffff
N???C@_EAgW_@oI_BC?	46	3fffffffffff
N???C@_EAgW_@oI_OS?	46	1ffffffffb7fe
N???C@_EAgW_@oI_OK?	46	7ffffffffb77c
N???C@_EAgW_@oI_?[?	46	3ffdf7ffff77f
N???C@_EAgW_@oI_SA?	46	3fffffffffff
N???C@_EAgW_@oI_QA?	46	fffffffff7fe
N???C@_EAgW_@oI_EA?	46	3fffffffffff
N???C@_EAgW_@oI_PA?	46	3fffffffffff
N???C@_EAgW_@oI_DA?	46	7fffffffefff
N???C@_EAgW_@oI_OE?	46	7fffffffff7f
N???C@_EAgW_@oI_AE?	46	7ffffffff7ff
N???C@_EAgW_@oI_@E?	46	3fffffffffff
N???C@_EAgW_?wI_R??	46	3fffffffffff
N???C@_EAgW_?wI_F??	46	3fffffffffff
N???C@_EAgW_?wI_E_?	46	3fffffffffff
N???C@_EAgW_?wI_P_?	46	3fffffffffff
N???C@_EAgW_?wI_B_?	46	3fffffffffff
N???C@_EAgW_?wI_BO?	46	3fffffffffff
N???C@_EAgW_?wI_Ao?	46	3fffffffffff
N???C@_EAgW_?wI_BG?	46	3fffffffffff
N???C@_EAgW_?wI_SA?	46	3fffffffffff
N???C@_EAgW_?wI_PA?	46	3fffffffffff
N???C@_EAgW_?wI_CI?	46	3fffffffffff
N???C@_EAgW_?wI_AI?	46	7fffffffefff
N???C@_EAgW_?wI_@I?	46	3fffffffffff
N???C@_EAgW_GcAoT??	46	3fffffffffff
N???C@_EAgW_GcAoSO?	46	3fffffffffff
N???C@_EAgW_GcAoBO?	46	3fffffffffff
N???C@_EAgW_GcAoCo?	46	3fffffffffff
N???C@_EAgW_GcAoAo?	46	3fffffffffff
N???C@_EAgW_GcAoEG?	46	3fffffffffff
N???C@_EAgW_GcAoDG?	46	3fffffffffff
N???C@_EAgW_GcAoCg?	46	3fffffffffff
N???C@_EAgW_GcAoCW?	46	3fffffffffff
N???C@_EAgW_GcAoSC?	46	7ffffffeffff
N???C@_EAgW_GcAo@S?	46	3fffffffffff
N???C@_EAgW_GcAoAK?	46	3fffffffffff
N???C@_EAgW_GcAo@K?	46	3fffffffffff
N???C@_EAgW_?sI_U??	46	3fffffffffff
N???C@_EAgW_?sI_T??	46	3fffffffffff
N???C@_EAgW_?sI_S_?	46	3fffffffffff
N???C@_EAgW_?sI_SO?	46	3fffffffffff
N???C@_EAgW_?sI_DO?	46	fffffffeefff
N???C@_EAgW_?sI_BO?	46	3fffffffffff
N???C@_EAgW_?sI_Ao?	46	3fffffffffff
N???C@_EAgW_?sI_SG?	46	3fffffffffff
N???C@_EAgW_?sI_EG?	46	3fffffffffff
N???C@_EAgW_?sI_DG?	46	3fffffffffff
N???C@_EAgW_?sI_Cg?	46	3fffffffffff
N???C@_EAgW_?sI_OW?	46	3fffffffffff
N???C@_EAgW_?sI_CW?	46	3fffffffffff
N???C@_EAgW_?sI_SC?	46	3fffffffffff
N???C@_EAgW_?sI_PC?	46	3fffffffffff
N???C@_EAgW_?sI_Oc?	46	ffffffffff7b
N???C@_EAgW_?sI_Cc?	46	3fffffffffff
N???C@_EAgW_?sI_CK?	46	3fffffffffff
N???C@_EAgW_?sI_AK?	46	7fffffffefff
N???C@_EAgW_?sI_@K?	46	3fffffffffff
N???C@_EAgW_?sI_?[?	46	3fffffffffff
N???C@_EAgK_g_AoR??	46	3fffffffffff
N???C@_EAgK_g_AoB_?	46	7ffffffffffe
N???C@_EAgK_g_AoBO?	46	3fffffffffff
N???C@_EAgK_g_AoBG?	46	7ffffffffeff
N???C@_EAgK_g_AoBC?	46	7fffffffff7f
N???C@_EAgK_g_AoOc?	46	ffffffffff74c
N???C@_EAgK_g_Ao@c?	46	7fffffffff7f
N???C@_EAgK_g_Ao@K?	46	3fffffffffff
N???C@_EAgK_g_AoPA?	46	3fffffffffff
N???C@_EAgK_g_Ao@Q?	46	3fffffffffff
N???C@_EAgK_g_Ao@I?	46	7ffffffffffd
N???C@_EAgK_I_aOQO?	46	3fffffffffff
N???C@_EAgK_I__oR??	46	3fffffffffff
N???C@_EAgK_I__oQO?	46	7ffffffffeff
N???C@_EAgK_I__oOS?	46	3ffffffffffcc
N???C@_EAgK_I__oPA?	46	3fffffffffff
N???C@_EAgK_I__oOE?	46	3fffffffffff
N???C@_EAgK_`_AoU??	46	fffffffff7fe
N???C@_EAgK_`_AoT??	46	3fffffffffff
N???C@_EAgK_`_AoR??	46	3fffffffffff
N???C@_EAgK_`_AoF??	46	7ffffffffffe
N???C@_EAgK_`_AoBO?	46	3fffffffffff
N???C@_EAgK_`_AoDG?	46	3fffffffffff
N???C@_EAgK_`_AoBG?	46	7ffffffffeff
N???C@_EAgK_`_AoSC?	46	ffffffffff74c
N???C@_EAgK_`_AoPC?	46	3fffffffffff
N???C@_EAgK_`_AoDC?	46	7fffffffff7f
N???C@_EAgK_`_AoBC?	46	7fffffffff7f
N???C@_EAgK_`_Ao@K?	46	3fffffffffff
N???C@_EAgK_`_Ao?[?	46	3ffdf7ffff77f
N???C@_EAgK_`_AoSA?	46	7ffffffff7ff
N???C@_EAgK_`_AoQA?	46	7ffffffff7ff
N???C@_EAgK_`_AoPA?	46	3fffffffffff
N???C@_EAgK_`_AoAI?	46	7fffffffff7f
N???C@_EAgK_`_Ao@I?	46	7fffffffff7f
N???C@_EAgK_B__oT??	46	3fffffffffff
N???C@_EAgK_B__oR??	46	3fffffffffff
N???C@_EAgK_B__oSO?	46	3ffffffffffcc
N???C@_EAgK_B__oQO?	46	7fffffffefff
N???C@_EAgK_B__oPO?	46	1ffffffffb7fe
N???C@_EAgK_B__oPC?	46	3fffffffffff
N???C@_EAgK_B__oOS?	46	1ffffffffb7fe
N???C@_EAgK_B__oQA?	46	7ffffffff7ff
N???C@_EAgK_B__oPA?	46	3fffffffffff
N???C@_EAgK__gAoR??	46	3fffffffffff
N???C@_EAgK__gAoF??	46	7fffffffff7f
N???C@_EAgK__gAoS_?	46	ffffffffff74c
N???C@_EAgK__gAoD_?	46	7fffffffff7f
N???C@_EAgK__gAoB_?	46	7fffffffff7f
N???C@_EAgK__gAoBO?	46	3fffffffffff
N???C@_EAgK__gAoDG?	46	3fffffffffff
N???C@_EAgK__gAoBG?	46	7fffffff7fff
N???C@_EAgK__gAoOW?	46	1ffffffffb7fe
N???C@_EAgK__gAoCW?	46	1ffffffffb7fe
N???C@_EAgK__gAo@W?	46	3effffffffb7e
N???C@_EAgK__gAoQA?	46	7ffffffeffff
N???C@_EAgK__gAoPA?	46	3fffffffffff
N???C@_EAgK__gAoCQ?	46	3fffffffffff
N???C@_EAgK__gAoAI?	46	7ffffffffeff
N???C@_EAgK__gAo@I?	46	7ffffffffeff
N???C@_EAgK_Ag_oR??	46	3fffffffffff
N???C@_EAgK_Ag_oSO?	46	3ffffffffffcc
N???C@_EAgK_Ag_oSA?	46	3fffffffffff
N???C@_EAgK_Ag_oQA?	46	7ffffffeffff
N???C@_EAgK__cAoU??	46	7fffffffff7f
N???C@_EAgK__cAoT??	46	3fffffffffff
N???C@_EAgK__cAoF??	46	7fffffffff7f
N???C@_EAgK__cAoS_?	46	7ffffffff7ff
N???C@_EAgK__cAoQ_?	46	7ffffffff7ff
N???C@_EAgK__cAoSO?	46	3fffffffffff
N???C@_EAgK__cAoDO?	46	3fffffffffff
N???C@_EAgK__cAoOo?	46	3fffffffffff
N???C@_EAgK__cAoSG?	46	3fffffffffff
N???C@_EAgK__cAoEG?	46	3fffffffffff
N???C@_EAgK__cAoDG?	46	3fffffffffff
N???C@_EAgK__cAoAg?	46	3fffffffffff
N???C@_EAgK__cAoCW?	46	3fffffffffff
N???C@_EAgK__cAoSC?	46	7ffffffeffff
N???C@_EAgK__cAoQC?	46	7ffffffeffff
N???C@_EAgK__cAoPC?	46	3fffffffffff
N???C@_EAgK__cAoOS?	46	3fffffffffff
N???C@_EAgK__cAoCS?	46	3fffffffffff
N???C@_EAgK__cAo@S?	46	3fffffffffff
N???C@_EAgK__cAoOK?	46	3fffffffffff
N???C@_EAgK__cAoAK?	46	3fffffffffff
N???C@_EAgE_a_Ao[??	46	3fffffffffff
N???C@_EAgE_a_AoKO?	46	3fffffffffff
N???C@_EAgE_a_AoOa?	46	3ffffffffffcc
N???C@_EAgE_a_AoOE?	46	7ffffffffffe
N???C@_EAgE_`_Ao[??	46	fffffffff7fe
N???C@_EAgE_`_AoX??	46	3fffffffffff
N???C@_EAgE_`_AoL??	46	7ffffffffffe
N???C@_EAgE_`_AoKO?	46	3fffffffffff
N???C@_EAgE_`_AoPO?	46	3ffffffffffd2
N???C@_EAgE_`_AoKG?	46	3fffffffffff
N???C@_EAgE_`_AoHG?	46	3fffffffffff
N???C@_EAgE_`_AoGW?	46	3fffffffffff
N???C@_EAgE_`_Ao@W?	46	1ffffffffcffe
N???C@_EAgE_`_AoHC?	46	7fffffffff7f
N???C@_EAgE_`_AoGK?	46	3fffffffffff
N???C@_EAgE_`_AoWA?	46	7ffffffff7ff
N???C@_EAgE_`_AoKA?	46	3ffffffffe67f
N???C@_EAgE_`_AoOQ?	46	3ffffffffffcc
N???C@_EAgE_`_AoGI?	46	3fffffffffff
N???C@_EAgE_`_Ao@I?	46	1ffffffffb7fe
N???C@_EAgE_`_Ao?Y?	46	1ffffffffb7fe
N???C@_EAgE_`_AoGE?	46	3fffffffd77fd
N???C@_EAgE_B__o[??	46	3fffffffffff
N???C@_EAgE_B__oX??	46	3fffffffffff
N???C@_EAgE_B__oWO?	46	3fffffffffff
N???C@_EAgE_B__oPO?	46	3ffffffffffd2
N???C@_EAgE_B__oWC?	46	3fffffffffff
N???C@_EAgE_B__oWA?	46	3fffffffffff
N???C@_EAgE_B__oOQ?	46	3ffffffffffcc
N???C@_EAgE_oOa_DO?	46	3fffffffffff
N???C@_EAgE__oa_KO?	46	3ffffdefdefff
N???C@_EAgE__oa_KG?	46	3ffffdefdefff
N???C@_EAgE__oa_GW?	46	3fffffffffff
N???C@_EAgE__gAo[??	46	fffffffff77f
N???C@_EAgE__gAoX??	46	3fffffffffff
N???C@_EAgE__gAoPO?	46	fffffffffffc
N???C@_EAgE__gAoHG?	46	3fffffffffff
N???C@_EAgE__gAo@W?	46	fffffffff7fe
N???C@_EAgE__gAoWA?	46	7ffffffeffff
N???C@_EAgE__gAoPA?	46	7ffffffffffe
N???C@_EAgE__gAoOQ?	46	7ffffffffffd
N???C@_EAgE__gAoGI?	46	3fffffffffff
N???C@_EAgE__gAo@I?	46	7ffffffff7ff
N???C@_EAgE_Ag_oX??	46	3fffffffffff
N???C@_EAgE_Ag_oPO?	46	fffffffffffc
N???C@_EAgE_Ag_oPG?	46	fffffffffffc
N???C@_EAgE_Ag_oWA?	46	3fffffffffff
N???C@_EAgE__cAo[??	46	7fffffffff7f
N???C@_EAgE__cAoL??	46	7fffffffff7f
N???C@_EAgE__cAoW_?	46	7ffffffff7ff
N???C@_EAgE__cAoP_?	46	3ffffffffffcc
N???C@_EAgE__cAoH_?	46	7fffffffff7f
N???C@_EAgE__cAoKG?	46	3fffffffffff
N???C@_EAgE__cAoGg?	46	3fffffffffff
N???C@_EAgE__cAo@g?	46	1ffffffffb7fe
N???C@_EAgE__cAoWC?	46	7ffffffeffff
N???C@_EAgE__cAoPC?	46	7ffffffffffe
N???C@_EAgE__cAoGK?	46	3fffffffffff
N???C@_EAgE__cAo@K?	46	7ffffffff7ff
N???C@_EAgWOi?@oF??	46	7ffffffffffe
N???C@_EAgWOi?@oE_?	46	3fffffffffff
N???C@_EAgWOi?@oB_?	46	3fffffffffff
N???C@_EAgWOi?@oBO?	46	3fffffffffff
N???C@_EAgWOi?@oBG?	46	3fffffffffff
N???C@_EAgWOi?@oCW?	46	3ffffffffffcc
N???C@_EAgWOi?@oCK?	46	3ffffffffffcc
N???C@_EAgWOi?@oEA?	46	7ffffffff7ff
N???C@_EAgWOi?@oCa?	46	3fffffffffff
N???C@_EAgWOi?@oAa?	46	3fffffffffff
N???C@_EAgWOi?@o@Q?	46	3fffffffffff
N???C@_EAgWOi?@o@I?	46	3fffffffffff
N???C@_EAgWOi?@o?U?	46	3fffffffffff
N???C@_EAgWOM?@oS_?	46	3fffffffffff
N???C@_EAgWOM?@oP_?	46	3fffffffffff
N???C@_EAgWOM?@oSO?	46	3fffffffffff
N???C@_EAgWOM?@oPO?	46	3fffffffffff
N???C@_EAgWOM?@oPG?	46	3fffffffffff
N???C@_EAgWOM?@oCg?	46	3fffffffffff
N???C@_EAgWOM?@o@g?	46	3fffffffffff
N???C@_EAgWOM?@o@W?	46	3fffffffffff
N???C@_EAgWOM?@oOc?	46	3fffffffffff
N???C@_EAgWOM?@o@c?	46	7fffffffff7f
N???C@_EAgWOM?@oOS?	46	3fffffffffff
N???C@_EAgWOM?@oCS?	46	3fffffffffff
N???C@_EAgWOM?@o@S?	46	3fffffffffff
N???C@_EAgWOM?@o@K?	46	3fffffffffff
N???C@_EAgWOM?@o?k?	46	3fffffffffff
N???C@_EAgWOM?@oSA?	46	7ffffffff7ff
N???C@_EAgWOM?@oPA?	46	7ffffffff7ff
N???C@_EAgWOM?@oDA?	46	3ffffffffe67f
N???C@_EAgWOM?@oOa?	46	3fffffffffff
N???C@_EAgWOM?@oCa?	46	7fffffffff7f
N???C@_EAgWOM?@oOQ?	46	3fffffffffff
N???C@_EAgWOM?@o@Q?	46	3fffffffffff
N???C@_EAgWOM?@o@I?	46	3fffffffffff
N???C@_EAgWOM?@o?i?	46	3fffffffffff
N???C@_EAgWOM?@oOE?	46	7ffffffdffff
N???C@_EAgWOM?@o?e?	46	7fffffff7fff
N???C@_EAgWOM?@o?U?	46	3fffffffffff
N???C@_EAgWOM?@o?M?	46	3fffffffffff
N???C@_EAgWOh?AoF??	46	3fffffffffff
N???C@_EAgWOh?AoB_?	46	3fffffffffff
N???C@_EAgWOh?AoBO?	46	3fffffffffff
N???C@_EAgWOh?AoBG?	46	3fffffffffff
N???C@_EAgWOh?AoAW?	46	3fffffffffff
N???C@_EAgWOh?Ao?s?	46	1ffffffffb7fe
N???C@_EAgWOh?AoEA?	46	7fffffffff7f
N???C@_EAgWOh?AoDA?	46	3fffffffffff
N???C@_EAgWOh?AoAa?	46	7ffffffff7ff
N???C@_EAgWOh?Ao@a?	46	3fffffffffff
N???C@_EAgWOL?AoT??	46	3fffffffffff
N???C@_EAgWOL?AoS_?	46	fffffffff7fe
N???C@_EAgWOL?AoP_?	46	3fffffffffff
N???C@_EAgWOL?AoD_?	46	7ffffffffffe
N???C@_EAgWOL?AoSO?	46	3fffffffffff
N???C@_EAgWOL?AoPO?	46	3fffffffffff
N???C@_EAgWOL?AoDO?	46	3fffffffffff
N???C@_EAgWOL?AoCo?	46	3fffffffffff
N???C@_EAgWOL?AoSG?	46	3fffffffffff
N???C@_EAgWOL?AoDG?	46	3fffffffffff
N???C@_EAgWOL?AoOg?	46	3fffffffffff
N???C@_EAgWOL?AoCg?	46	3fffffffffff
N???C@_EAgWOL?Ao@g?	46	3fffffffffff
N???C@_EAgWOL?AoCW?	46	3fffffffffff
N???C@_EAgWOL?Ao@W?	46	3fffffffffff
N???C@_EAgWOL?AoPC?	46	3fffffffffff
N???C@_EAgWOL?AoOc?	46	fffffffff77f
N???C@_EAgWOL?Ao@c?	46	7fffffffff7f
N???C@_EAgWOL?AoOS?	46	3fffffffffff
N???C@_EAgWOL?Ao@S?	46	3fffffffffff
N???C@_EAgWOL?Ao@K?	46	3fffffffffff
N???C@_EAgWOL?Ao?k?	46	3fffffffffff
N???C@_EAgWOL?AoPA?	46	3fffffffffff
N???C@_EAgWOL?AoOa?	46	7ffffffff7ff
N???C@_EAgWOL?AoCa?	46	3ffffffffe67f
N???C@_EAgWOL?AoOQ?	46	3fffffffffff
N???C@_EAgWOL?Ao@Q?	46	3fffffffffff
N???C@_EAgWOL?Ao@I?	46	3fffffffffff
N???C@_EAgWOL?Ao?i?	46	3fffffffffff
N???C@_EAgWOL?Ao?e?	46	3fffffffd77fd
N???C@_EAgWOL?Ao?U?	46	3fffffffffff
N???C@_EAgWOL?Ao?M?	46	3fffffffffff
N???C@_EAgWOb?GoF??	46	3fffffffffff
N???C@_EAgWOb?GoE_?	46	3fffffffffff
N???C@_EAgWOb?GoD_?	46	3fffffffffff
N???C@_EAgWOb?GoBO?	46	3fffffffffff
N???C@_EAgWOb?Go@o?	46	3fffffffffff
N???C@_EAgWOb?GoBG?	46	3fffffffffff
N???C@_EAgWOb?GoCg?	46	3ffffffffffcc
N???C@_EAgWOb?GoBC?	46	7fffffffff7f
N???C@_EAgWOb?GoDA?	46	3fffffffffff
N???C@_EAgWOb?GoAa?	46	fffffffff77f
N???C@_EAgWOJ?GoR??	46	3fffffffffff
N???C@_EAgWOJ?GoQ_?	46	3fffffffffff
N???C@_EAgWOJ?GoBO?	46	3fffffffffff
N???C@_EAgWOJ?GoBC?	46	7fffffffff7f
N???C@_EAgWOJ?GoOE?	46	3fffffffffff
N???C@_EAgWOF?GoT??	46	3fffffffffff
N???C@_EAgWOF?GoS_?	46	3fffffffffff
N???C@_EAgWOF?GoP_?	46	ffffffffeffe
N???C@_EAgWOF?GoD_?	46	7ffffffffffe
N???C@_EAgWOF?GoPO?	46	3fffffffffff
N???C@_EAgWOF?GoDO?	46	3fffffffffff
N???C@_EAgWOF?GoPG?	46	3fffffffffff
N???C@_EAgWOF?GoDG?	46	3fffffffffff
N???C@_EAgWOF?GoCg?	46	3fffffffffff
N???C@_EAgWOF?Go@W?	46	3fffffffffff
N???C@_EAgWOF?GoPC?	46	7fffffffff7f
N???C@_EAgWOF?GoOc?	46	7fffffffff7f
N???C@_EAgWOF?Go@S?	46	3fffffffffff
N???C@_EAgWOF?Go@K?	46	3fffffffffff
N???C@_EAgWOF?Go?k?	46	3fffffffffff
N???C@_EAgWOF?GoSA?	46	3fffffffffff
N???C@_EAgWOF?GoOa?	46	fffffffff77f
N???C@_EAgWOF?GoCa?	46	7fffffffff7f
N???C@_EAgWOF?GoOQ?	46	3fffffffffff
N???C@_EAgWOF?GoCQ?	46	3fffffffffff
N???C@_EAgWOF?GoCI?	46	3fffffffffff
N???C@_EAgWOF?GoOE?	46	7fffffff7fff
N???C@_EAgWOF?Go?U?	46	3fffffffffff
N???C@_EAgWOF?Go?M?	46	3fffffffffff
N???C@_EAgWOg_BOF??	46	3fffffffffff
N???C@_EAgWOg_BOE_?	46	3fffffffffff
N???C@_EAgWOg_BOD_?	46	3fffffffffff
N???C@_EAgWOg_BOB_?	46	3fffffffffff
N???C@_EAgWOg_BOBO?	46	3fffffffffff
N???C@_EAgWOg_BOBG?	46	3fffffffffff
N???C@_EAgWOg_BOAg?	46	3fffffffffff
N???C@_EAgWOg_BO?s?	46	1ffffffffb7fe
N???C@_EAgWOg_BOEA?	46	7ffffffffffd
N???C@_EAgWOg_BODA?	46	3fffffffffff
N???C@_EAgWOg_BOCa?	46	3fffffffffff
N???C@_EAgWOg_BOAa?	46	3fffffffffff
N???C@_EAgWOg_BO@Q?	46	3fffffffffff
N???C@_EAgWOg_BO?U?	46	7ffffffdffff
N???C@_EAgWOK_BOT??	46	3fffffffffff
N???C@_EAgWOK_BOS_?	46	3fffffffffff
N???C@_EAgWOK_BOP_?	46	3fffffffffff
N???C@_EAgWOK_BOD_?	46	3fffffffffff
N???C@_EAgWOK_BOSO?	46	fffffffff7fe
N???C@_EAgWOK_BOPO?	46	3fffffffffff
N???C@_EAgWOK_BOCo?	46	3fffffffffff
N???C@_EAgWOK_BODG?	46	3fffffffffff
N???C@_EAgWOK_BOCg?	46	3fffffffffff
N???C@_EAgWOK_BO@g?	46	3fffffffffff
N???C@_EAgWOK_BOCW?	46	3fffffffffff
N???C@_EAgWOK_BO@W?	46	3fffffffffff
N???C@_EAgWOK_BOPC?	46	3fffffffffff
N???C@_EAgWOK_BOOc?	46	3fffffffffff
N???C@_EAgWOK_BOCc?	46	3fffffffffff
N???C@_EAgWOK_BO@c?	46	3fffffffffff
N???C@_EAgWOK_BOCS?	46	3ffffffffe67f
N???C@_EAgWOK_BO@S?	46	3fffffffffff
N???C@_EAgWOK_BO?s?	46	3fffffffffff
N???C@_EAgWOK_BO@K?	46	3fffffffffff
N???C@_EAgWOK_BO?k?	46	3fffffffffff
N???C@_EAgWOK_BOSA?	46	7ffffffffffd
N???C@_EAgWOK_BOPA?	46	3fffffffffff
N???C@_EAgWOK_BOOa?	46	3fffffffffff
N???C@_EAgWOK_BOOQ?	46	7ffffffff7ff
N???C@_EAgWOK_BOCQ?	46	ffffffffe7ff
N???C@_EAgWOK_BO@Q?	46	3fffffffffff
N???C@_EAgWOK_BOCI?	46	3fffffffffff
N???C@_EAgWOK_BO?i?	46	3fffffffffff
N???C@_EAgWOK_BOOE?	46	7fffffffefff
N???C@_EAgWOK_BO?e?	46	3fffffffffff
N???C@_EAgWOK_BO?M?	46	3fffffffffff
N???C@_EAgWOa_HOF??	46	3fffffffffff
N???C@_EAgWOa_HOD_?	46	3fffffffffff
N???C@_EAgWOa_HOB_?	46	3fffffffffff
N???C@_EAgWOa_HOBO?	46	ffffffffeffe
N???C@_EAgWOa_HO@o?	46	3fffffffffff
N???C@_EAgWOa_HOEG?	46	3fffffffffff
N???C@_EAgWOa_HOCg?	46	3ffffffffffcc
N???C@_EAgWOa_HOAg?	46	3fffffffffff
N???C@_EAgWOa_HOAW?	46	3fffffffffff
N???C@_EAgWOa_HOBC?	46	7ffffffffffd
N???C@_EAgWOa_HOAa?	46	3fffffffffff
N???C@_EAgWOI_HOR??	46	3fffffffffff
N???C@_EAgWOI_HOP_?	46	3fffffffffff
N???C@_EAgWOI_HOB_?	46	3fffffffffff
N???C@_EAgWOI_HOBC?	46	3fffffffffff
N???C@_EAgWOI_HOOE?	46	3fffffffffff
N???C@_EAgWOE_HOT??	46	3fffffffffff
N???C@_EAgWOE_HOS_?	46	3fffffffffff
N???C@_EAgWOE_HOP_?	46	3fffffffffff
N???C@_EAgWOE_HOD_?	46	3fffffffffff
N???C@_EAgWOE_HOSO?	46	3fffffffffff
N???C@_EAgWOE_HOSG?	46	3fffffffffff
N???C@_EAgWOE_HODG?	46	3fffffffffff
N???C@_EAgWOE_HOOg?	46	3fffffffffff
N???C@_EAgWOE_HOCg?	46	3fffffffffff
N???C@_EAgWOE_HO@g?	46	3fffffffffff
N???C@_EAgWOE_HOCW?	46	3fffffffffff
N???C@_EAgWOE_HO@W?	46	3fffffffffff
N???C@_EAgWOE_HODC?	46	3fffffffffff
N???C@_EAgWOE_HO@c?	46	3fffffffffff
N???C@_EAgWOE_HOOS?	46	7fffffffff7f
N???C@_EAgWOE_HOCS?	46	3fffffffffff
N???C@_EAgWOE_HO@K?	46	3fffffffffff
N???C@_EAgWOE_HO?k?	46	3fffffffffff
N???C@_EAgWOE_HOSA?	46	3fffffffffff
N???C@_EAgWOE_HOOa?	46	3fffffffffff
N???C@_EAgWOE_HOCa?	46	3fffffffffff
N???C@_EAgWOE_HOCI?	46	3fffffffffff
N???C@_EAgWOE_HO?i?	46	3fffffffffff
N???C@_EAgWOE_HO?e?	46	3fffffffffff
N???C@_EAgWOE_HO?M?	46	3fffffffffff
N???C@_EAgWOH_IOR??	46	3fffffffffff
N???C@_EAgWOH_IOB_?	46	3fffffffffff
N???C@_EAgWOH_IOBO?	46	3fffffffffff
N???C@_EAgWOH_IOBG?	46	3fffffffffff
N???C@_EAgWOH_IOBC?	46	3fffffffffff
N???C@_EAgWOH_IO?s?	46	1ffffffffb7fe
N???C@_EAgWOH_IOOK?	46	3ffffffffffcc
N???C@_EAgWOH_IOAK?	46	3fffffffffff
N???C@_EAgWOH_IO?k?	46	1ffffffffb7fe
N???C@_EAgWOH_IO@I?	46	3fffffffffff
N???C@_EAgWOH_IOOE?	46	3fffffffffff
N???C@_EAgWOH_BOU??	46	3fffffffffff
N???C@_EAgWOH_BOT??	46	3fffffffffff
N???C@_EAgWOH_BOR??	46	3fffffffffff
N???C@_EAgWOH_BOF??	46	3fffffffffff
N???C@_EAgWOH_BODO?	46	3fffffffffff
N???C@_EAgWOH_BOBO?	46	3fffffffffff
N???C@_EAgWOH_BOQG?	46	3fffffffffff
N???C@_EAgWOH_BOEG?	46	3fffffffffff
N???C@_EAgWOH_BODG?	46	3fffffffffff
N???C@_EAgWOH_BOBG?	46	3fffffffffff
N???C@_EAgWOH_BOCW?	46	1ffffffffb7fe
N???C@_EAgWOH_BOAW?	46	3fffffffffff
N???C@_EAgWOH_BO@W?	46	3fffffffffff
N???C@_EAgWOH_BOBC?	46	3fffffffffff
N???C@_EAgWOH_BOOS?	46	1ffffffffb7fe
N???C@_EAgWOH_BOAS?	46	3fffffffffff
N???C@_EAgWOH_BOCK?	46	1ffffffffb7fe
N???C@_EAgWOH_BOAK?	46	3fffffffffff
N???C@_EAgWOH_BO@K?	46	3fffffffffff
N???C@_EAgWOH_BOSA?	46	3fffffffffff
N???C@_EAgWOH_BOQA?	46	3fffffffffff
N???C@_EAgWOH_BOEA?	46	3fffffffffff
N???C@_EAgWOH_BODA?	46	3fffffffffff
N???C@_EAgWOH_BOOQ?	46	3fffffffffff
N???C@_EAgWOH_BOAI?	46	3fffffffffff
N???C@_EAgWOH_BO@I?	46	3fffffffffff
N???C@_EAgWOH_BOAE?	46	3fffffffffff
N???C@_EAgWOH_BO@E?	46	3fffffffffff
N???C@_EAgWOH_BO?M?	46	3fffffffffff
N???C@_EAgWOH_AoR??	46	3fffffffffff
N???C@_EAgWOH_AoF??	46	3fffffffffff
N???C@_EAgWOH_AoD_?	46	3fffffffffff
N???C@_EAgWOH_AoB_?	46	3fffffffffff
N???C@_EAgWOH_AoQG?	46	3fffffffffff
N???C@_EAgWOH_AoDG?	46	3fffffffffff
N???C@_EAgWOH_AoBG?	46	3fffffffffff
N???C@_EAgWOH_AoCg?	46	1ffffffffb7fe
N???C@_EAgWOH_AoPC?	46	3fffffffffff
N???C@_EAgWOH_AoBC?	46	3fffffffffff
N???C@_EAgWOH_AoOc?	46	1ffffffffb7fe
N???C@_EAgWOH_AoAc?	46	3fffffffffff
N???C@_EAgWOH_Ao?k?	46	3ffdf7ffff77f
N???C@_EAgWOH_AoQA?	46	3fffffffffff
N???C@_EAgWOH_AoPA?	46	3fffffffffff
N???C@_EAgWOH_AoDA?	46	3fffffffffff
N???C@_EAgWOH_AoBA?	46	3fffffffffff
N???C@_EAgWOH_AoOa?	46	3fffffffffff
N???C@_EAgWOH_Ao@I?	46	3fffffffffff
N???C@_EAgWOH_AoOE?	46	3fffffffffff
N???C@_EAgWOH_AoAE?	46	3fffffffffff
N???C@_EAgWOH_Ao@E?	46	3fffffffffff
N???C@_EAgWOB_IOU??	46	3fffffffffff
N???C@_EAgWOB_IOS_?	46	3fffffffffff
N???C@_EAgWOB_IOQ_?	46	3fffffffffff
N???C@_EAgWOB_IOE_?	46	3fffffffffff
N???C@_EAgWOB_IOQO?	46	3fffffffffff
N???C@_EAgWOB_IOEO?	46	3fffffffffff
N???C@_EAgWOB_IOCo?	46	3fffffffffff
N???C@_EAgWOB_IOSG?	46	3fffffffffff
N???C@_EAgWOB_IOQG?	46	3fffffffffff
N???C@_EAgWOB_IOEG?	46	3fffffffffff
N???C@_EAgWOB_IOCg?	46	3fffffffffff
N???C@_EAgWOB_IOAg?	46	3fffffffffff
N???C@_EAgWOB_IOCW?	46	3fffffffffff
N???C@_EAgWOB_IOAW?	46	3fffffffffff
N???C@_EAgWOB_IO?w?	46	3fffffffffff
N???C@_EAgWOB_IOEC?	46	3fffffffffff
N???C@_EAgWOB_IOOc?	46	3fffffffffff
N???C@_EAgWOB_IOAc?	46	3fffffffffff
N???C@_EAgWOB_IOOS?	46	3fffffffffff
N???C@_EAgWOB_IOAS?	46	3fffffffffff
N???C@_EAgWOB_IOAK?	46	3fffffffffff
N???C@_EAgWOB_IO?k?	46	3fffffffffff
N???C@_EAgWOB_IOSA?	46	3fffffffffff
N???C@_EAgWOB_IOQA?	46	3fffffffffff
N???C@_EAgWOB_IOEA?	46	3fffffffffff
N???C@_EAgWOB_IOCa?	46	3fffffffffff
N???C@_EAgWOB_IOCI?	46	3fffffffffff
N???C@_EAgWOB_IOAI?	46	3fffffffffff
N???C@_EAgWOB_IOOE?	46	3fffffffffff
N???C@_EAgWOB_IO?M?	46	3fffffffffff
N???C@_EAgWOB_HOU??	46	3fffffffffff
N???C@_EAgWOB_HOT??	46	3fffffffffff
N???C@_EAgWOB_HOR??	46	3fffffffffff
N???C@_EAgWOB_HOF??	46	3fffffffffff
N???C@_EAgWOB_HOSO?	46	3ffffffffffcc
N???C@_EAgWOB_HOEO?	46	3fffffffffff
N???C@_EAgWOB_HODO?	46	3fffffffffff
N???C@_EAgWOB_HOBO?	46	3fffffffffff
N???C@_EAgWOB_HOSG?	46	3ffffffffffcc
N???C@_EAgWOB_HOQG?	46	3fffffffffff
N???C@_EAgWOB_HOBG?	46	3fffffffffff
N???C@_EAgWOB_HOCW?	46	1ffffffffb7fe
N???C@_EAgWOB_HOAW?	46	3fffffffffff
N???C@_EAgWOB_HO@W?	46	3fffffffffff
N???C@_EAgWOB_HOPC?	46	3fffffffffff
N???C@_EAgWOB_HOBC?	46	3fffffffffff
N???C@_EAgWOB_HOOS?	46	1ffffffffb7fe
N???C@_EAgWOB_HOAK?	46	3fffffffffff
N???C@_EAgWOB_HO@K?	46	3fffffffffff
N???C@_EAgWOB_HO?[?	46	3ffdf7ffff77f
N???C@_EAgWOB_HOSA?	46	3fffffffffff
N???C@_EAgWOB_HOQA?	46	3fffffffffff
N???C@_EAgWOB_HOEA?	46	3fffffffffff
N???C@_EAgWOB_HODA?	46	3fffffffffff
N???C@_EAgWOB_HOAI?	46	3fffffffffff
N???C@_EAgWOB_HOAE?	46	3fffffffffff
N???C@_EAgWOB_HO?M?	46	3fffffffffff
N???C@_EAgWOB_GoU??	46	3fffffffffff
N???C@_EAgWOB_GoR??	46	3fffffffffff
N???C@_EAgWOB_GoF??	46	3fffffffffff
N???C@_EAgWOB_GoS_?	46	3ffffffffffcc
N???C@_EAgWOB_GoE_?	46	3fffffffffff
N???C@_EAgWOB_GoD_?	46	3fffffffffff
N???C@_EAgWOB_GoB_?	46	3fffffffffff
N???C@_EAgWOB_GoBG?	46	3fffffffffff
N???C@_EAgWOB_Go@g?	46	3fffffffffff
N???C@_EAgWOB_GoPC?	46	3fffffffffff
N???C@_EAgWOB_GoBC?	46	3fffffffffff
N???C@_EAgWOB_GoOc?	46	1ffffffffb7fe
N???C@_EAgWOB_GoSA?	46	3fffffffffff
N???C@_EAgWOB_GoQA?	46	3fffffffffff
N???C@_EAgWOB_GoEA?	46	3fffffffffff
N???C@_EAgWOB_GoCI?	46	3fffffffffff
N???C@_EAgWOB_GoOE?	46	3fffffffffff
N???C@_EAgWOB_Go?M?	46	3fffffffffff
N???C@_EAgWOgOB_F??	46	3fffffffffff
N???C@_EAgWOgOB_D_?	46	3fffffffffff
N???C@_EAgWOgOB_B_?	46	3ffff7dfdf7ff
N???C@_EAgWOgOB_BO?	46	3ffff7dfdf7ff
N???C@_EAgWOgOB_@o?	46	3ffff7dfdf7ff
N???C@_EAgWOgOB_BG?	46	3fffffffffff
N???C@_EAgWOgOB_CK?	46	ffffffffff74c
N???C@_EAgWOgOB_EA?	46	7ffffffffffe
N???C@_EAgWOgOB_DA?	46	3fffffffffff
N???C@_EAgWOgOB_Ca?	46	3fffffffffff
N???C@_EAgWOgOB_Aa?	46	3fffffff0ffff
N???C@_EAgWOgOB_@I?	46	3fffffffffff
N???C@_EAgWOKOb?DO?	46	3fffffffffff
N???C@_EAgWOKOB_T??	46	3fffffffffff
N???C@_EAgWOKOB_S_?	46	3fffffffffff
N???C@_EAgWOKOB_P_?	46	3fffffffffff
N???C@_EAgWOKOB_SO?	46	3fffffffffff
N???C@_EAgWOKOB_PO?	46	3fffffffffff
N???C@_EAgWOKOB_DO?	46	3fffffffffff
N???C@_EAgWOKOB_PG?	46	3fffffffffff
N???C@_EAgWOKOB_Og?	46	3fffffffffff
N???C@_EAgWOKOB_Cg?	46	3fffffffffff
N???C@_EAgWOKOB_@g?	46	3fffffffffff
N???C@_EAgWOKOB_CW?	46	3fffffffffff
N???C@_EAgWOKOB_@W?	46	3fffffffffff
N???C@_EAgWOKOB_PC?	46	3fffffffffff
N???C@_EAgWOKOB_DC?	46	3fffffffffff
N???C@_EAgWOKOB_@c?	46	3fffffffffff
N???C@_EAgWOKOB_OS?	46	3fffffffffff
N???C@_EAgWOKOB_CS?	46	3fffffffffff
N???C@_EAgWOKOB_@S?	46	3fffffffffff
N???C@_EAgWOKOB_@K?	46	3fffffffffff
N???C@_EAgWOKOB_?k?	46	3fffffffffff
N???C@_EAgWOKOB_SA?	46	7ffffffffffe
N???C@_EAgWOKOB_PA?	46	3fffffffffff
N???C@_EAgWOKOB_DA?	46	3fffffffffff
N???C@_EAgWOKOB_Oa?	46	3fffffffffff
N???C@_EAgWOKOB_Ca?	46	3fffffffffff
N???C@_EAgWOKOB_@a?	46	3fffffffffff
N???C@_EAgWOKOB_OQ?	46	3fffffffffff
N???C@_EAgWOKOB_CQ?	46	3fffffffffff
N???C@_EAgWOKOB_CI?	46	7ffffffff7ff
N???C@_EAgWOKOB_?i?	46	3fffffffffff
N???C@_EAgWOKOB_?e?	46	3fffffffffff
N???C@_EAgWOaOH_F??	46	3fffffffffff
N???C@_EAgWOaOH_D_?	46	3fffffffffff
N???C@_EAgWOaOH_B_?	46	3fffffffffff
N???C@_EAgWOaOH_BO?	46	3fffffffffff
N???C@_EAgWOaOH_DG?	46	3fffffffffff
N???C@_EAgWOaOH_BG?	46	ffffffffeffe
N???C@_EAgWOaOH_Cg?	46	3ffffffffffcc
N???C@_EAgWOaOH_Ag?	46	3fffffffffff
N???C@_EAgWOaOH_AW?	46	3fffffffffff
N???C@_EAgWOaOH_?s?	46	3fefedefe76634fe
N???C@_EAgWOaOH_CK?	46	3ffffffffffcc
N???C@_EAgWOaOH_Aa?	46	3fffffffffff
N???C@_EAgWOaOH_@E?	46	7fffffffff7f
N???C@_EAgWOaOH_?U?	46	3fffffffffff
N???C@_EAgWOEOJ?SO?	46	3fffffffffff
N???C@_EAgWOEOI_S_?	46	3fffffffffff
N???C@_EAgWOEOH_T??	46	3fffffffffff
N???C@_EAgWOEOH_S_?	46	3fffffffffff
N???C@_EAgWOEOH_P_?	46	3fffffffffff
N???C@_EAgWOEOH_PO?	46	3fffffffffff
N???C@_EAgWOEOH_DO?	46	3fffffffffff
N???C@_EAgWOEOH_Co?	46	3ffff7dfdf7ff
N???C@_EAgWOEOH_Cg?	46	3fffffffffff
N???C@_EAgWOEOH_DC?	46	3fffffffffff
N???C@_EAgWOEOH_Oc?	46	3fffffffffff
N???C@_EAgWOEOH_Cc?	46	3ffff7dfdf7ff
N???C@_EAgWOEOH_@c?	46	3fffffffffff
N???C@_EAgWOEOH_OS?	46	3fffffffffff
N???C@_EAgWOEOH_@S?	46	3fffffffffff
N???C@_EAgWOEOH_@K?	46	7ffffffff7ff
N???C@_EAgWOEOH_?k?	46	3fffffffffff
N???C@_EAgWOEOH_SA?	46	3fffffffffff
N???C@_EAgWOEOH_DA?	46	3fffffffffff
N???C@_EAgWOEOH_Oa?	46	3fffffffffff
N???C@_EAgWOEOH_Ca?	46	3fffffffffff
N???C@_EAgWOEOH_OQ?	46	3fffffffffff
N???C@_EAgWOEOH_@Q?	46	3fffffffffff
N???C@_EAgWOEOH_?e?	46	3fffffffffff
N???C@_EAgWOEOH_?U?	46	3fffffffffff
N???C@_EAgWOEOH_?M?	46	7ffffffeffff
N???C@_EAgWODOI_T??	46	3fffffffffff
N???C@_EAgWODOI_S_?	46	3fffffffffff
N???C@_EAgWODOI_P_?	46	3fffffffffff
N???C@_EAgWODOI_D_?	46	3fffffffffff
N???C@_EAgWODOI_SO?	46	3fffffffffff
N???C@_EAgWODOI_PO?	46	3fffffffffff
N???C@_EAgWODOI_DO?	46	3fffffffffff
N???C@_EAgWODOI_SG?	46	3fffffffffff
N???C@_EAgWODOI_DG?	46	3fffffffffff
N???C@_EAgWODOI_Cg?	46	3fffffffffff
N???C@_EAgWODOI_@g?	46	3fffffffffff
N???C@_EAgWODOI_CW?	46	3fffffffffff
N???C@_EAgWODOI_@W?	46	3fffffffffff
N???C@_EAgWODOI_PC?	46	3fffffffffff
N???C@_EAgWODOI_@c?	46	3fffffffffff
N???C@_EAgWODOI_OS?	46	3fffffffffff
N???C@_EAgWODOI_CS?	46	3fffffffffff
N???C@_EAgWODOI_@S?	46	3fffffffffff
N???C@_EAgWODOI_@K?	46	3fffffffffff
N???C@_EAgWODOI_?k?	46	fffffffff7fd
N???C@_EAgWODOI_SA?	46	3fffffffffff
N???C@_EAgWODOI_PA?	46	3fffffffffff
N???C@_EAgWODOI_Ca?	46	3fffffffffff
N???C@_EAgWODOI_OQ?	46	3fffffffffff
N???C@_EAgWODOI_CQ?	46	3fffffffffff
N???C@_EAgWODOI_@Q?	46	3fffffffffff
N???C@_EAgWODOI_?i?	46	fffffffff77f
N???C@_EAgWODOI_OE?	46	7ffffffffffd
N???C@_EAgWODOI_?e?	46	7ffffffff7ff
N???C@_EAgWODOI_?U?	46	3fffffffffff
N???C@_EAgWODOI_?M?	46	7fffffffefff
N???C@_EAgWOBOI_U??	46	3fffffffffff
N???C@_EAgWOBOI_S_?	46	3fffffffffff
N???C@_EAgWOBOI_Q_?	46	3fffffffffff
N???C@_EAgWOBOI_E_?	46	3fffffffffff
N???C@_EAgWOBOI_QO?	46	3fffffffffff
N???C@_EAgWOBOI_SG?	46	3fffffffffff
N???C@_EAgWOBOI_Ac?	46	3fffffffffff
N???C@_EAgWOBOI_OS?	46	3fffffffffff
N???C@_EAgWOBOI_AS?	46	3fffffffffff
N???C@_EAgWOBOI_CK?	46	3fffffffffff
N???C@_EAgWOBOI_AK?	46	3fffffffffff
N???C@_EAgWOBOI_?k?	46	3fffffffffff
N???C@_EAgWOBOI_OE?	46	3fffffffffff
N???C@_EAgWOBOI_?e?	46	3fffffffffff
N???C@_EAgWOBOGoR??	46	3fffffffffff
N???C@_EAgWOBOGoF??	46	3fffffffffff
N???C@_EAgWOBOGoB_?	46	3fffffffffff
N???C@_EAgWOBOGoBO?	46	3fffffffffff
N???C@_EAgWOBOGoBC?	46	3fffffffffff
N???C@_EAgWOBOGo@c?	46	3fffffffffff
N???C@_EAgWOBOGoSA?	46	3fffffffffff
N???C@_EAgWOBOGoEA?	46	3fffffffffff
N???C@_EAgWOBOGoAa?	46	3fffffffffff
N???C@_EAgWOCoJ?T??	46	3fffffffffff
N???C@_EAgWOCoJ?S_?	46	3fffffffffff
N???C@_EAgWOCoJ?P_?	46	3fffffffffff
N???C@_EAgWOCoJ?SO?	46	3fffffffffff
N???C@_EAgWOCoJ?PO?	46	3fffffffffff
N???C@_EAgWOCoJ?DO?	46	3fffffffffff
N???C@_EAgWOCoJ?SG?	46	3fffffffffff
N???C@_EAgWOCoJ?PC?	46	3fffffffffff
N???C@_EAgWOCoJ?DC?	46	7fffffffff7f
N???C@_EAgWOCoJ?Oc?	46	3fffffffffff
N???C@_EAgWOCoJ?@c?	46	7fffffffff7f
N???C@_EAgWOCoJ?CS?	46	3fffffffffff
N???C@_EAgWOCoJ?@S?	46	3fffffffffff
N???C@_EAgWOCoJ?CK?	46	3fffffffffff
N???C@_EAgWOCoJ?@K?	46	3fffffffffff
N???C@_EAgWOCoJ??k?	46	3fffffffffff
N???C@_EAgWOCoJ?OE?	46	7ffffffffffe
N???C@_EAgWOCoJ??e?	46	7fffffff7fff
N???C@_EAgWOAoJ?U??	46	3fffffffffff
N???C@_EAgWOAoJ?S_?	46	3fffffffffff
N???C@_EAgWOAoJ?Q_?	46	3fffffffffff
N???C@_EAgWOAoJ?QO?	46	3fffffffffff
N???C@_EAgWOAoJ?EO?	46	3fffffffffff
N???C@_EAgWOAoJ?SC?	46	3fffffffffff
N???C@_EAgWOAoJ?Oc?	46	3fffffffffff
N???C@_EAgWOAoJ?Ac?	46	7fffffffff7f
N???C@_EAgWOAoJ?OS?	46	3fffffffffff
N???C@_EAgWOAoJ?CK?	46	3fffffffffff
N???C@_EAgWOAoJ?AK?	46	3fffffffffff
N???C@_EAgWOAoJ??k?	46	3fffffffffff
N???C@_EAgWOAoJ??[?	46	3fffffffffff
N???C@_EAgWOAoJ?OE?	46	3fffffffffff
N???C@_EAgWOAoJ??U?	46	3fffffffffff
N???C@_EAgWOAoHOU??	46	3fffffffffff
N???C@_EAgWOAoHOR??	46	3fffffffffff
N???C@_EAgWOAoHOF??	46	3fffffffffff
N???C@_EAgWOAoHOS_?	46	3ffffffffffcc
N???C@_EAgWOAoHOQ_?	46	3fffffffffff
N???C@_EAgWOAoHOB_?	46	3fffffffffff
N???C@_EAgWOAoHOQO?	46	3fffffffffff
N???C@_EAgWOAoHOEO?	46	3fffffffffff
N???C@_EAgWOAoHOBC?	46	3fffffffffff
N???C@_EAgWOAoHOCc?	46	1ffffffffb7fe
N???C@_EAgWOAoHO@c?	46	3fffffffffff
N???C@_EAgWOAoHOEA?	46	3fffffffffff
N???C@_EAgWOAoHOAa?	46	3fffffffffff
N???C@_EAgWOAoHOAE?	46	3fffffffffff
N???C@_EAgWO@oJ?U??	46	3fffffffffff
N???C@_EAgWO@oJ?T??	46	3fffffffffff
N???C@_EAgWO@oJ?R??	46	3fffffffffff
N???C@_EAgWO@oJ?F??	46	7ffffffffffe
N???C@_EAgWO@oJ?SO?	46	3ffffffffffcc
N???C@_EAgWO@oJ?QO?	46	3fffffffffff
N???C@_EAgWO@oJ?EO?	46	3fffffffffff
N???C@_EAgWO@oJ?BO?	46	3fffffffffff
N???C@_EAgWO@oJ?EG?	46	3fffffffffff
N???C@_EAgWO@oJ?DG?	46	3fffffffffff
N???C@_EAgWO@oJ?BG?	46	3fffffffffff
N???C@_EAgWO@oJ?OW?	46	3fdffffffb7fe
N???C@_EAgWO@oJ?CW?	46	1ffffffffb7fe
N???C@_EAgWO@oJ?@W?	46	3fffffffffff
N???C@_EAgWO@oJ?PC?	46	3fffffffffff
N???C@_EAgWO@oJ?BC?	46	7fffffffff7f
N???C@_EAgWO@oJ?OS?	46	1ffffffffb7fe
N???C@_EAgWO@oJ?AK?	46	3fffffffffff
N???C@_EAgWO@oJ?@K?	46	3fffffffffff
N???C@_EAgWO@oJ??[?	46	3ffdf7ffff77f
N???C@_EAgWO@oJ?QA?	46	3fffffffffff
N???C@_EAgWO@oJ?EA?	46	7fffffffff7f
N???C@_EAgWO@oJ?PA?	46	3fffffffffff
N???C@_EAgWO@oJ?DA?	46	7fffffffff7f
N???C@_EAgWO@oJ?AI?	46	3fffffffffff
N???C@_EAgWO@oJ?@I?	46	3fffffffffff
N???C@_EAgWO@oJ?AE?	46	7fffffff7fff
N???C@_EAgWO@oJ??M?	46	3fffffffffff
N???C@_EAgWO@oI_U??	46	3fffffffffff
N???C@_EAgWO@oI_R??	46	3fffffffffff
N???C@_EAgWO@oI_F??	46	3fffffffffff
N???C@_EAgWO@oI_S_?	46	3ffffffffffcc
N???C@_EAgWO@oI_Q_?	46	3fffffffffff
N???C@_EAgWO@oI_P_?	46	3fffffffffff
N???C@_EAgWO@oI_D_?	46	3fffffffffff
N???C@_EAgWO@oI_B_?	46	3fffffffffff
N???C@_EAgWO@oI_SG?	46	3ffffffffffcc
N???C@_EAgWO@oI_DG?	46	3fffffffffff
N???C@_EAgWO@oI_BG?	46	3fffffffffff
N???C@_EAgWO@oI_Cg?	46	1ffffffffb7fe
N???C@_EAgWO@oI_@g?	46	3fffffffffff
N???C@_EAgWO@oI_PC?	46	3fffffffffff
N???C@_EAgWO@oI_BC?	46	3fffffffffff
N???C@_EAgWO@oI_Oc?	46	1ffffffffb7fe
N???C@_EAgWO@oI_?k?	46	3ffdf7ffff77f
N???C@_EAgWO@oI_QA?	46	3fffffffffff
N???C@_EAgWO@oI_EA?	46	3fffffffffff
N???C@_EAgWO@oI_PA?	46	3fffffffffff
N???C@_EAgWO@oI_DA?	46	3fffffffffff
N???C@_EAgWO@oI_BA?	46	3fffffffffff
N???C@_EAgWO@oI_OE?	46	3fffffffffff
N???C@_EAgWO@oI_AE?	46	3fffffffffff
N???C@_EAgWO@oI_@E?	46	3fffffffffff
N???C@_EAgWO@oIOT??	46	3fffffffffff
N???C@_EAgWO@oIOR??	46	3fffffffffff
N???C@_EAgWO@oIOF??	46	3fffffffffff
N???C@_EAgWO@oIOB_?	46	3fffffffffff
N???C@_EAgWO@oIOSO?	46	3ffffffffffcc
N???C@_EAgWO@oIOBO?	46	3fffffffffff
N???C@_EAgWO@oIOSC?	46	3ffffffffffcc
N???C@_EAgWO@oIOBC?	46	3fffffffffff
N???C@_EAgWO@oIO@c?	46	3fffffffffff
N???C@_EAgWO@oIOEA?	46	3fffffffffff
N???C@_EAgWO@oIOAE?	46	3fffffffffff
N???C@_EAgWO@oIO@E?	46	3fffffffffff
N???C@_EAgWOGWB_R??	46	3fffffffffff
N???C@_EAgWOGWB_F??	46	3fffffffffff
N???C@_EAgWOGWB_B_?	46	3ffffffffffd2
N???C@_EAgWOGWB_BO?	46	3ffffffffffd2
N???C@_EAgWOGWB_BG?	46	3fffffffffff
N???C@_EAgWOGWB_Ag?	46	3fffffffffff
N???C@_EAgWOGWB_PA?	46	3fffffffffff
N???C@_EAgWOGWB_Ca?	46	3fffffffffff
N???C@_EAgWOGWB_@I?	46	3fffffffffff
N???C@_EAgWOAWH_R??	46	7ffffffffffe
N???C@_EAgWOAWH_F??	46	3fffffffffff
N???C@_EAgWOAWH_B_?	46	3fffffffffff
N???C@_EAgWOAWH_BO?	46	3fffffffffff
N???C@_EAgWOAWH_SG?	46	3ffffffffffcc
N???C@_EAgWOAWH_EG?	46	3fffffffffff
N???C@_EAgWOAWH_Cg?	46	1ffffffffb7fe
N???C@_EAgWOAWH_SA?	46	3fffffffffff
N???C@_EAgWOAWH_PA?	46	7fffffffff7f
N???C@_EAgWOAWH_OQ?	46	3fffffffffff
N???C@_EAgWOAWH_@Q?	46	3fffffffffff
N???C@_EAgWOAWH_CI?	46	3fffffffffff
N???C@_EAgWOAWH_AI?	46	7ffffffeffff
N???C@_EAgWOAWH_@I?	46	7ffffffeffff
N???C@_EAgWO@WI_R??	46	3fffffffffff
N???C@_EAgWO@WI_F??	46	3fffffffffff
N???C@_EAgWO@WI_B_?	46	3fffffffffff
N???C@_EAgWO@WI_BO?	46	3fffffffffff
N???C@_EAgWO@WI_Ao?	46	3fffffffffff
N???C@_EAgWO@WI_BG?	46	3fffffffffff
N???C@_EAgWO@WI_SA?	46	3fffffffffff
N???C@_EAgWO@WI_PA?	46	3fffffffffff
N???C@_EAgWO@WI_OQ?	46	3fffffffffff
N???C@_EAgWO@WI_CI?	46	3fffffffffff
N???C@_EAgWO@WI_@I?	46	3fffffffffff
N???C@_EAgWO?wJ?R??	46	3fffffffffff
N???C@_EAgWO?wJ?F??	46	7fffffffff7f
N???C@_EAgWO?wJ?B_?	46	7fffffffff7f
N???C@_EAgWO?wJ?BO?	46	3fffffffffff
N???C@_EAgWO?wJ?BG?	46	3fffffffffff
N???C@_EAgWO?wJ?Cg?	46	1ffffffffb7fe
N???C@_EAgWO?wJ?OW?	46	7ffffffffb77c
N???C@_EAgWO?wJ?SA?	46	3fffffffffff
N???C@_EAgWO?wJ?OQ?	46	7fffffffff7f
N???C@_EAgWO?wJ?@Q?	46	3fffffffffff
N???C@_EAgWO?wJ?CI?	46	3fffffffffff
N???C@_EAgWO?wJ?AI?	46	7ffffffff7ff
N???C@_EAgWO?wJ?@I?	46	3fffffffffff
N???C@_EAgWOIC@oU??	46	7ffffffff7ff
N???C@_EAgWOIC@oT??	46	7ffffffff7ff
N???C@_EAgWOIC@oR??	46	7ffffffff7ff
N???C@_EAgWOIC@oS_?	46	3fffffffffff
N???C@_EAgWOIC@oQ_?	46	3ffffbbfeefff
N???C@_EAgWOIC@oE_?	46	7fffffffff7f
N???C@_EAgWOIC@oP_?	46	3fffffffffff
N???C@_EAgWOIC@oPO?	46	3fffffffffff
N???C@_EAgWOIC@oBO?	46	3fffffffffff
N???C@_EAgWOIC@oEG?	46	3fffffffffff
N???C@_EAgWOIC@oDG?	46	3fffffffffff
N???C@_EAgWOIC@oAg?	46	3fff7fefdfeff
N???C@_EAgWOIC@oOW?	46	3ff73fdb9cfdef61
N???C@_EAgWOIC@oSC?	46	7ffffffdffff
N???C@_EAgWOIC@oPC?	46	7ffffffdffff
N???C@_EAgWOIC@oDC?	46	3fffffffd77fd
N???C@_EAgWOIC@oOS?	46	3ffffffffffe1
N???C@_EAgWOIC@oCS?	46	3fffffffffff
N???C@_EAgWOIC@o?k?	46	1ffffffffcffe
N???C@_EAgWOHCAoU??	46	7fffffffff7f
N???C@_EAgWOHCAoT??	46	3fffffffffff
N???C@_EAgWOHCAoR??	46	3fffffffffff
N???C@_EAgWOHCAoS_?	46	7ffffffff7ff
N???C@_EAgWOHCAoQ_?	46	7ffffffff7ff
N???C@_EAgWOHCAoP_?	46	3fffffffffff
N???C@_EAgWOHCAoBO?	46	3fffffffffff
N???C@_EAgWOHCAoOo?	46	3fffffffffff
N???C@_EAgWOHCAoCo?	46	3fffffffffff
N???C@_EAgWOHCAoAo?	46	3fffffffffff
N???C@_EAgWOHCAoEG?	46	3fffffffffff
N???C@_EAgWOHCAoBG?	46	3fffffffffff
N???C@_EAgWOHCAoCg?	46	3fffffffffff
N???C@_EAgWOHCAoOW?	46	3fffffffffff
N???C@_EAgWOHCAoSC?	46	7ffffffeffff
N???C@_EAgWOHCAoPC?	46	3fffffffffff
N???C@_EAgWOHCAoAc?	46	3fffffffd77fd
N???C@_EAgWOHCAoOS?	46	3fffffffffff
N???C@_EAgWOHCAoCS?	46	3fffffffffff
N???C@_EAgWOHCAoCK?	46	3fffffffffff
N???C@_EAgWOHCAo@K?	46	3fffffffffff
N???C@_EAgWOGcBOT??	46	3fffffffffff
N???C@_EAgWOGcBOR??	46	3fffffffffff
N???C@_EAgWOGcBOS_?	46	3fffffffffff
N???C@_EAgWOGcBOQ_?	46	3fffffffffff
N???C@_EAgWOGcBOBO?	46	3fffffffffff
N???C@_EAgWOGcBOCo?	46	3fffffffffff
N???C@_EAgWOGcBOAo?	46	3fffffffffff
N???C@_EAgWOGcBOSG?	46	3fffffffffff
N???C@_EAgWOGcBOEG?	46	3fffffffffff
N???C@_EAgWOGcBOCW?	46	3fffffffffff
N???C@_EAgWOGcBOPC?	46	3fffffffffff
N???C@_EAgWOGcBOOS?	46	7ffffffdffff
N???C@_EAgWOGcBO@S?	46	3fffffffffff
N???C@_EAgWOGcBOCK?	46	3fffffffffff
N???C@_EAgWOGcBO?[?	46	3fffffffffff
N???C@_EAgWOGSB_U??	46	7ffffffffffe
N???C@_EAgWOGSB_T??	46	3fffffffffff
N???C@_EAgWOGSB_R??	46	3fffffffffff
N???C@_EAgWOGSB_F??	46	3fffffffffff
N???C@_EAgWOGSB_S_?	46	3fffffffffff
N???C@_EAgWOGSB_Q_?	46	3fffffffffff
N???C@_EAgWOGSB_E_?	46	3fffffffffff
N???C@_EAgWOGSB_B_?	46	3fffffffffff
N???C@_EAgWOGSB_SO?	46	3fffffffffff
N???C@_EAgWOGSB_SG?	46	7ffffffff7ff
N???C@_EAgWOGSB_BG?	46	3fffffffffff
N???C@_EAgWOGSB_Cg?	46	3fffffffffff
N???C@_EAgWOGSB_PC?	46	3fffffffffff
N???C@_EAgWOGSB_Ac?	46	3fffffffffff
N???C@_EAgWOGSB_OS?	46	3fffffffffff
N???C@_EAgWOGSB_AK?	46	7ffffffdffff
N???C@_EAgWOGSB_@K?	46	3fffffffffff
N???C@_EAgWOGSB_?k?	46	3fffffffffff
N???C@_EAgWOGSB_?[?	46	3fffffffffff
N???C@_EAgWOASH_U??	46	3fffffffffff
N???C@_EAgWOASH_T??	46	3fffffffffff
N???C@_EAgWOASH_F??	46	3fffffffffff
N???C@_EAgWOASH_S_?	46	3fffbffbf7f7f
N???C@_EAgWOASH_Q_?	46	3fffffffffff
N???C@_EAgWOASH_BO?	46	3fffffffffff
N???C@_EAgWOASH_Oo?	46	1ffffff7efffd
N???C@_EAgWOASH_Co?	46	2ffdeff7fe70fccc
N???C@_EAgWOASH_SG?	46	3fffffffffff
N???C@_EAgWOASH_Ag?	46	3fffffffffff
N???C@_EAgWOASH_OW?	46	3fffffffffff
N???C@_EAgWOASH_OS?	46	37ffffbfefffb
N???C@_EAgWOASH_@S?	46	3fffffffffff
N???C@_EAgWOASH_CK?	46	3fffffffffff
N???C@_EAgWOASH_?k?	46	3fffffffffff
N???C@_EAgWO@SI_U??	46	3fffffffffff
N???C@_EAgWO@SI_R??	46	3fffffffffff
N???C@_EAgWO@SI_E_?	46	3fffffffffff
N???C@_EAgWO@SI_DO?	46	3fffffffffff
N???C@_EAgWO@SI_BO?	46	3fffffffffff
N???C@_EAgWO@SI_Ao?	46	3fffffffffff
N???C@_EAgWO@SI_SG?	46	3fffffffffff
N???C@_EAgWO@SI_Cg?	46	3fffffffffff
N???C@_EAgWO@SI_OW?	46	3fffffffffff
N???C@_EAgWO@SI_PC?	46	3fffffffffff
N???C@_EAgWO@SI_OS?	46	3fffffffffff
N???C@_EAgWO@SI_CK?	46	3fffffffffff
N???C@_EAgWO@SI_@K?	46	3fffffffffff
N???C@_EAgWO?sJ?U??	46	3fffffffffff
N???C@_EAgWO?sJ?T??	46	3fffffffffff
N???C@_EAgWO?sJ?R??	46	3fffffffffff
N???C@_EAgWO?sJ?Q_?	46	3fffffffffff
N???C@_EAgWO?sJ?E_?	46	7fffffffff7f
N???C@_EAgWO?sJ?P_?	46	3fffffffffff
N???C@_EAgWO?sJ?SO?	46	3fffffffffff
N???C@_EAgWO?sJ?PO?	46	3fffffffffff
N???C@_EAgWO?sJ?BO?	46	3fffffffffff
N???C@_EAgWO?sJ?Ao?	46	3fffffffffff
N???C@_EAgWO?sJ?EG?	46	3fffffffffff
N???C@_EAgWO?sJ?BG?	46	3fffffffffff
N???C@_EAgWO?sJ?OW?	46	fffffffff77f
N???C@_EAgWO?sJ?CW?	46	3fffffffffff
N???C@_EAgWO?sJ?OS?	46	7fffffffff7f
N???C@_EAgWO?sJ?CK?	46	3fffffffffff
N???C@_EAgWO?sJ?@K?	46	3fffffffffff
N???C@_EAgWO?sJ??k?	46	3fffffffffff
N???C@_EAgKOi?@oR??	46	7ffffffffffe
N???C@_EAgKOi?@oBO?	46	3fffffffffff
N???C@_EAgKOi?@oBG?	46	3fffffffffff
N???C@_EAgKOi?@o@g?	46	3fffffffffff
N???C@_EAgKOi?@oBC?	46	ffffffffe7ff
N???C@_EAgKOi?@oOc?	46	3ffffffffffcc
N???C@_EAgKOi?@oOK?	46	3ffffffffffcc
N???C@_EAgKOi?@o?[?	46	1ffffffffb7fe
N???C@_EAgKOi?@oOa?	46	3fffffffffff
N???C@_EAgKOi?@oAI?	46	3fffffffffff
N???C@_EAgKOi?@o@E?	46	fffffffdf7ff
N???C@_EAgKOe?@oS_?	46	3fffffffffff
N???C@_EAgKOe?@oD_?	46	3fffffffffff
N???C@_EAgKOe?@oSG?	46	3fffffffffff
N???C@_EAgKOe?@oDG?	46	3fffffffffff
N???C@_EAgKOe?@oCg?	46	3fffffffffff
N???C@_EAgKOe?@o@g?	46	3fffffffffff
N???C@_EAgKOe?@o@W?	46	3fffffffffff
N???C@_EAgKOe?@oPC?	46	7ffffffff7ff
N???C@_EAgKOe?@oOc?	46	3fffffffffff
N???C@_EAgKOe?@o@c?	46	3fffffffffff
N???C@_EAgKOe?@o@K?	46	3fffffffffff
N???C@_EAgKOe?@o?k?	46	3fffffffffff
N???C@_EAgKOe?@oDA?	46	ffffffffe7ff
N???C@_EAgKOe?@oCa?	46	3fffffffffff
N???C@_EAgKOe?@o@Q?	46	3fffffffffff
N???C@_EAgKOe?@oCI?	46	3fffffffffff
N???C@_EAgKOe?@o?i?	46	3fffffffffff
N???C@_EAgKOe?@oOE?	46	7ffffffdffff
N???C@_EAgKOe?@o?e?	46	3fffffffffff
N???C@_EAgKOe?@o?M?	46	3fffffffffff
N???C@_EAgKOh?AoR??	46	3fffffffffff
N???C@_EAgKOh?AoBO?	46	3fffffffffff
N???C@_EAgKOh?AoBG?	46	3fffffffffff
N???C@_EAgKOh?Ao@g?	46	3fffffffffff
N???C@_EAgKOh?AoBC?	46	3fffffffffff
N???C@_EAgKOh?Ao@S?	46	3fffffffffff
N???C@_EAgKOh?AoPA?	46	3fffffffffff
N???C@_EAgKOh?AoAI?	46	3fffffffffff
N???C@_EAgKOd?AoT??	46	3fffffffffff
N???C@_EAgKOd?AoS_?	46	fffffffff7fe
N???C@_EAgKOd?AoP_?	46	3fffffffffff
N???C@_EAgKOd?AoPO?	46	3fffffffffff
N???C@_EAgKOd?AoSG?	46	3fffffffffff
N???C@_EAgKOd?AoDG?	46	3fffffffffff
N???C@_EAgKOd?AoCg?	46	3fffffffffff
N???C@_EAgKOd?Ao@g?	46	3fffffffffff
N???C@_EAgKOd?Ao@W?	46	7ffffffffeff
N???C@_EAgKOd?Ao?w?	46	3fffffffffff
N???C@_EAgKOd?AoPC?	46	3fffffffffff
N???C@_EAgKOd?AoOc?	46	fffffffff77f
N???C@_EAgKOd?Ao@c?	46	3fffffffffff
N???C@_EAgKOd?Ao@K?	46	3fffffffffff
N???C@_EAgKOd?Ao?k?	46	3fffffffffff
N???C@_EAgKOd?AoDA?	46	3fffffffffff
N???C@_EAgKOd?AoOa?	46	7ffffffff7ff
N???C@_EAgKOd?AoCa?	46	ffffffffe7ff
N???C@_EAgKOd?Ao@Q?	46	3fffffffffff
N???C@_EAgKOd?AoCI?	46	3fffffffffff
N???C@_EAgKOd?Ao?i?	46	3fffffffffff
N???C@_EAgKOd?Ao?Y?	46	3fffffffffff
N???C@_EAgKOd?AoOE?	46	7ffffffeffff
N???C@_EAgKOd?Ao?e?	46	fffffffdf7ff
N???C@_EAgKOd?Ao?M?	46	3fffffffffff
N???C@_EAgKOJ?_oR??	46	3fffffffffff
N???C@_EAgKOJ?_oOS?	46	ffffffffff74c
N???C@_EAgKOJ?_oQA?	46	3fffffffffff
N???C@_EAgKOJ?_oOE?	46	3fffffffffff
N???C@_EAgKOF?_oT??	46	3fffffffffff
N???C@_EAgKOF?_oS_?	46	3fffffffffff
N???C@_EAgKOF?_oPO?	46	3fffffffffff
N???C@_EAgKOF?_oPG?	46	3fffffffffff
N???C@_EAgKOF?_oPC?	46	3fffffffffff
N???C@_EAgKOF?_oOc?	46	3fffffffffff
N???C@_EAgKOF?_oSA?	46	3fffffffffff
N???C@_EAgKOF?_oOQ?	46	3fffffffffff
N???C@_EAgKOF?_oOE?	46	3fffffffffff
N???C@_EAgKOg_BOR??	46	3fffffffffff
N???C@_EAgKOg_BOQ_?	46	3fffffffffff
N???C@_EAgKOg_BOP_?	46	3fffffffffff
N???C@_EAgKOg_BOBG?	46	3fffffffffff
N???C@_EAgKOg_BO@g?	46	3fffffffffff
N???C@_EAgKOg_BOBC?	46	3fffffffffff
N???C@_EAgKOg_BO@S?	46	3fffffffffff
N???C@_EAgKOg_BO@K?	46	3fffffffffff
N???C@_EAgKOg_BO?k?	46	1ffffffffb7fe
N???C@_EAgKOg_BO?[?	46	7ffffffffb77c
N???C@_EAgKOg_BOQA?	46	7ffffffffffd
N???C@_EAgKOg_BOPA?	46	7ffffffffffd
N???C@_EAgKOg_BOOa?	46	3fffffffffff
N???C@_EAgKOg_BOAI?	46	3fffffffffff
N???C@_EAgKOg_BO@I?	46	7ffffffffffe
N???C@_EAgKOg_BO?U?	46	fffffffdf7ff
N???C@_EAgKOg_BO?M?	46	3fffffffffff
N???C@_EAgKOE_`OT??	46	3fffffffffff
N???C@_EAgKOE_`OS_?	46	3fffffffffff
N???C@_EAgKOE_`OOo?	46	3fffffffffff
N???C@_EAgKOE_`OSG?	46	3fffffffffff
N???C@_EAgKOE_`OPC?	46	3fffffffffff
N???C@_EAgKOE_`OOc?	46	3fffffffffff
N???C@_EAgKOE_`OOE?	46	3fffffffffff
N???C@_EAgKO`_BOU??	46	3fffffffffff
N???C@_EAgKO`_BOT??	46	3fffffffffff
N???C@_EAgKO`_BOR??	46	3fffffffffff
N???C@_EAgKO`_BOF??	46	3fffffffffff
N???C@_EAgKO`_BOBO?	46	3fffffffffff
N???C@_EAgKO`_BOSG?	46	3ffffffffffcc
N???C@_EAgKO`_BOEG?	46	3fffffffffff
N???C@_EAgKO`_BODG?	46	3fffffffffff
N???C@_EAgKO`_BOBG?	46	3fffffffffff
N???C@_EAgKO`_BOCW?	46	1ffffffffb7fe
N???C@_EAgKO`_BOQC?	46	3fffffffffff
N???C@_EAgKO`_BOBC?	46	3fffffffffff
N???C@_EAgKO`_BOCK?	46	1ffffffffb7fe
N???C@_EAgKO`_BOAK?	46	3fffffffffff
N???C@_EAgKO`_BO@K?	46	3fffffffffff
N???C@_EAgKO`_BOSA?	46	3fffffffffff
N???C@_EAgKO`_BOQA?	46	3fffffffffff
N???C@_EAgKO`_BOEA?	46	3fffffffffff
N???C@_EAgKO`_BODA?	46	3fffffffffff
N???C@_EAgKO`_BOAI?	46	3fffffffffff
N???C@_EAgKO`_BO@I?	46	3fffffffffff
N???C@_EAgKO`_BOAE?	46	3fffffffffff
N???C@_EAgKO`_BO@E?	46	3fffffffffff
N???C@_EAgKO`_AoR??	46	3fffffffffff
N???C@_EAgKO`_AoF??	46	3fffffffffff
N???C@_EAgKO`_AoB_?	46	3fffffffffff
N???C@_EAgKO`_AoBG?	46	3fffffffffff
N???C@_EAgKO`_AoBC?	46	3fffffffffff
N???C@_EAgKO`_Ao?k?	46	3ffdf7ffff77f
N???C@_EAgKO`_AoSA?	46	3fffffffffff
N???C@_EAgKO`_AoBA?	46	3fffffffffff
N???C@_EAgKO`_AoCI?	46	3fffffffffff
N???C@_EAgKO`_AoAI?	46	3fffffffffff
N???C@_EAgKO`_Ao@I?	46	7fffffffff7f
N???C@_EAgKO`_Ao?M?	46	3fffffffffff
N???C@_EAgKOB_aOU??	46	3fffffffffff
N???C@_EAgKOB_aOS_?	46	3fffffffffff
N???C@_EAgKOB_aOQ_?	46	3fffffffffff
N???C@_EAgKOB_aOQO?	46	3fffffffffff
N???C@_EAgKOB_aOOo?	46	3fffffffffff
N???C@_EAgKOB_aOSG?	46	3fffffffffff
N???C@_EAgKOB_aOSC?	46	3fffffffffff
N???C@_EAgKOB_aOQC?	46	3fffffffffff
N???C@_EAgKOB_aOOc?	46	3fffffffffff
N???C@_EAgKOB_aOSA?	46	3fffffffffff
N???C@_EAgKOB_aOQA?	46	7ffffffff7ff
N???C@_EAgKOB_aOOE?	46	3fffffffffff
N???C@_EAgKOB_`OU??	46	3fffffffffff
N???C@_EAgKOB_`OT??	46	3fffffffffff
N???C@_EAgKOB_`OR??	46	3fffffffffff
N???C@_EAgKOB_`OSO?	46	3ffffffffffcc
N???C@_EAgKOB_`OQO?	46	3fffffffffff
N???C@_EAgKOB_`OSG?	46	3ffffffffffcc
N???C@_EAgKOB_`OSC?	46	3ffffffffffcc
N???C@_EAgKOB_`OQC?	46	3fffffffffff
N???C@_EAgKOB_`OPC?	46	3fffffffffff
N???C@_EAgKOB_`OOS?	46	1ffffffffb7fe
N???C@_EAgKOB_`OSA?	46	3fffffffffff
N???C@_EAgKOB_`OQA?	46	3fffffffffff
N???C@_EAgKOB_`OOE?	46	3fffffffffff
N???C@_EAgKOB__oU??	46	3fffffffffff
N???C@_EAgKOB__oR??	46	3fffffffffff
N???C@_EAgKOB__oS_?	46	3ffffffffffcc
N???C@_EAgKOB__oQG?	46	3fffffffffff
N???C@_EAgKOB__oSA?	46	3fffffffffff
N???C@_EAgKOB__oQA?	46	3fffffffffff
N???C@_EAgKOB__oOE?	46	3fffffffffff
N???C@_EAgKOgOB_R??	46	3fffffffffff
N???C@_EAgKOgOB_P_?	46	3fffffffffff
N???C@_EAgKOgOB_QA?	46	7ffffffffffe
N???C@_EAgKOgOB_PA?	46	3fffffffffff
N???C@_EAgKOgOB_Oa?	46	3fffffffffff
N???C@_EAgKOcOB_T??	46	3fffffffffff
N???C@_EAgKOcOB_S_?	46	3fffffffffff
N???C@_EAgKOcOB_P_?	46	3fffffffffff
N???C@_EAgKOcOB_SO?	46	3fffffffffff
N???C@_EAgKOcOB_PO?	46	3fffffffffff
N???C@_EAgKOcOB_Oo?	46	3fffffffffff
N???C@_EAgKOcOB_SG?	46	fffffffff7fe
N???C@_EAgKOcOB_PG?	46	7fffffffefff
N???C@_EAgKOcOB_PC?	46	3fffffffffff
N???C@_EAgKOcOB_Oc?	46	3fffffffffff
N???C@_EAgKOcOB_SA?	46	7ffffffffffe
N???C@_EAgKOcOB_Oa?	46	3fffffffffff
N???C@_EAgKOaG@oF??	46	ffffffffe7ff
N???C@_EAgKOaG@oS_?	46	3ffffffffffcc
N???C@_EAgKOaG@oB_?	46	3fffffffffff
N???C@_EAgKOaG@oDO?	46	3fffffffffff
N???C@_EAgKOaG@oSG?	46	3ffffffffffcc
N???C@_EAgKOaG@oBG?	46	3fffffffffff
N???C@_EAgKOaG@oCW?	46	1ffffffffb7fe
N???C@_EAgKOaG@oQA?	46	7ffffffdffff
N???C@_EAgKOaG@oPA?	46	7ffffffdffff
N???C@_EAgKOaG@oCQ?	46	3fffffffffff
N???C@_EAgKOaG@oAI?	46	3fffffffffff
N???C@_EAgKOaG@o@I?	46	3fffffffffff
N???C@_EAgKO`GAoR??	46	3fffffffffff
N???C@_EAgKO`GAoF??	46	3fffffffffff
N???C@_EAgKO`GAoB_?	46	3fffffffffff
N???C@_EAgKO`GAoSO?	46	3ffffffffffcc
N???C@_EAgKO`GAoDO?	46	3fffffffffff
N???C@_EAgKO`GAoBG?	46	3fffffffffff
N???C@_EAgKO`GAoOg?	46	1ffffffffb7fe
N???C@_EAgKO`GAoCg?	46	1ffffffffb7fe
N???C@_EAgKO`GAoAg?	46	3fffffffffff
N???C@_EAgKO`GAoPA?	46	3fffffffffff
N???C@_EAgKO`GAoCQ?	46	3fffffffffff
N???C@_EAgKO`GAoAI?	46	3fffffffffff
N???C@_EAgKO`GAo@I?	46	7ffffffffeff
N???C@_EAgKOBG_oR??	46	3fffffffffff
N???C@_EAgKOBG_oP_?	46	3fffffffffff
N???C@_EAgKOBG_oSO?	46	ffffffffff74c
N???C@_EAgKOBG_oSA?	46	3fffffffffff
N???C@_EAgKO_gBOR??	46	3fffffffffff
N???C@_EAgKO_gBOF??	46	3fffffffffff
N???C@_EAgKO_gBOB_?	46	2ffeffffffefb
N???C@_EAgKO_gBODO?	46	3fffffffffff
N???C@_EAgKO_gBODG?	46	3fffffffffff
N???C@_EAgKO_gBOBG?	46	3fffffffffff
N???C@_EAgKO_gBOCg?	46	1ffffffffb7fe
N???C@_EAgKO_gBO@g?	46	3fffffffffff
N???C@_EAgKO_gBOCW?	46	7ffffffffb77c
N???C@_EAgKO_gBOQA?	46	7fffffffefff
N???C@_EAgKO_gBOPA?	46	7fffffffefff
N???C@_EAgKO_gBOCQ?	46	fffffffdf7ff
N???C@_EAgKO_gBOCI?	46	3fffffffffff
N???C@_EAgKO_gBO@I?	46	7fffffffff7f
N???C@_EAgKOAg`OR??	46	3fffffffffff
N???C@_EAgKOAg`OS_?	46	3ffffffffffcc
N???C@_EAgKOAg`OSA?	46	3fffffffffff
N???C@_EAgKOAg`OQA?	46	3fffffffffff
N???C@_EAgKO_WB_R??	46	3fffffffffff
N???C@_EAgKO_WB_SO?	46	ffffffffff74c
N???C@_EAgKO_WB_Og?	46	1ffffffffb7fe
N???C@_EAgKO_WB_SA?	46	7ffffffff7ff
N???C@_EAgKO_WB_PA?	46	3fffffffffff
N???C@_EAgKO_WB_OI?	46	7ffffffdffff
N???C@_EAgKOaC@oU??	46	7ffffffff7ff
N???C@_EAgKOaC@oT??	46	7ffffffff7ff
N???C@_EAgKOaC@oF??	46	ffffffffe7ff
N???C@_EAgKOaC@oS_?	46	3fffffffffff
N???C@_EAgKOaC@oQ_?	46	3fffffffffff
N???C@_EAgKOaC@oE_?	46	3ffffef7ef7ff
N???C@_EAgKOaC@oD_?	46	3fffffffffff
N???C@_EAgKOaC@oSO?	46	3fffffffffff
N???C@_EAgKOaC@oBO?	46	3fffffffffff
N???C@_EAgKOaC@oSG?	46	3fffffffffff
N???C@_EAgKOaC@oPG?	46	7ffffffff7ff
N???C@_EAgKOaC@oDG?	46	3fffffffffff
N???C@_EAgKOaC@oBG?	46	7fffffffff7f
N???C@_EAgKOaC@oCg?	46	3ffffffffffe1
N???C@_EAgKOaC@oCW?	46	3ffffffffffe1
N???C@_EAgKOaC@oSC?	46	7ffffffdffff
N???C@_EAgKOaC@oOc?	46	3fffffffffff
N???C@_EAgKOaC@oOS?	46	3fffffffffff
N???C@_EAgKOaC@o?k?	46	3effffffffcfe
N???C@_EAgKO`CAoU??	46	7fffffffff7f
N???C@_EAgKO`CAoT??	46	3fffffffffff
N???C@_EAgKO`CAoF??	46	3fffffffffff
N???C@_EAgKO`CAoS_?	46	7ffffffff7ff
N???C@_EAgKO`CAoE_?	46	ffffffffe7ff
N???C@_EAgKO`CAoD_?	46	3fffffffffff
N???C@_EAgKO`CAoSO?	46	3fffffffffff
N???C@_EAgKO`CAoBO?	46	3fffffffffff
N???C@_EAgKO`CAoSG?	46	3fffffffffff
N???C@_EAgKO`CAoDG?	46	3fffffffffff
N???C@_EAgKO`CAoAg?	46	3fffffffffff
N???C@_EAgKO`CAoCW?	46	3fffffffffff
N???C@_EAgKO`CAo@W?	46	7fffffffff7f
N???C@_EAgKO`CAoSC?	46	7ffffffeffff
N???C@_EAgKO`CAoPC?	46	3fffffffffff
N???C@_EAgKO`CAoOS?	46	3fffffffffff
N???C@_EAgKO`CAoOK?	46	3fffffffffff
N???C@_EAgKO`CAo@K?	46	3fffffffffff
N???C@_EAgKO`CAo?[?	46	3fffffffffff
N???C@_EAgKO_cBOT??	46	3fffffffffff
N???C@_EAgKO_cBOF??	46	3fffffffffff
N???C@_EAgKO_cBOS_?	46	3fffffffffff
N???C@_EAgKO_cBOQ_?	46	3fffffffffff
N???C@_EAgKO_cBOE_?	46	3fffffffffff
N???C@_EAgKO_cBOD_?	46	3fffffffffff
N???C@_EAgKO_cBOBO?	46	3fffffffffff
N???C@_EAgKO_cBOSG?	46	3fffffffffff
N???C@_EAgKO_cBODG?	46	3fffffffffff
N???C@_EAgKO_cBOCW?	46	3fffffffffff
N???C@_EAgKO_cBOPC?	46	3fffffffffff
N???C@_EAgKO_cBOOc?	46	3fffffffffff
N???C@_EAgKO_cBO?[?	46	3fffffffffff
N???C@_EAgKO_SB_U??	46	7ffffffffffe
N???C@_EAgKO_SB_T??	46	3fffffffffff
N???C@_EAgKO_SB_R??	46	7ffffffff7ff
N???C@_EAgKO_SB_S_?	46	7ffffffffffd
N???C@_EAgKO_SB_SO?	46	7ffffffffffd
N???C@_EAgKO_SB_SG?	46	7ffffffff7ff
N???C@_EAgKO_SB_SC?	46	fffffffff7fb
N???C@_EAgKO_SB_PC?	46	3fffffffffff
N???C@_EAgKO_SB_Oc?	46	7fffffffefff
N???C@_EAgKO_SB_OS?	46	7fffffffefff
N???C@_EAgEOq?@oT??	46	7ffffffffffe
N???C@_EAgEOq?@oS_?	46	3fffffffffff
N???C@_EAgEOq?@oP_?	46	3fffffffffff
N???C@_EAgEOq?@oD_?	46	3fffffffffff
N???C@_EAgEOq?@oSO?	46	3fffffffffff
N???C@_EAgEOq?@oPO?	46	3fffffffffff
N???C@_EAgEOq?@oSG?	46	3fffffffffff
N???C@_EAgEOq?@oPG?	46	3fffffffffff
N???C@_EAgEOq?@oDG?	46	3fffffffffff
N???C@_EAgEOq?@oCg?	46	3fffffffffff
N???C@_EAgEOq?@o@g?	46	3fffffffffff
N???C@_EAgEOq?@oCW?	46	3fffffffffff
N???C@_EAgEOq?@o@W?	46	3fffffffffff
N???C@_EAgEOq?@oPC?	46	7ffffffff7ff
N???C@_EAgEOq?@oOc?	46	3fffffffffff
N???C@_EAgEOq?@o@c?	46	3fffffffffff
N???C@_EAgEOq?@oOS?	46	3fffffffffff
N???C@_EAgEOq?@oCS?	46	3fffffffffff
N???C@_EAgEOq?@o@S?	46	3fffffffffff
N???C@_EAgEOq?@o?s?	46	3fffffffffff
N???C@_EAgEOq?@o?k?	46	3fffffffffff
N???C@_EAgEOq?@oOa?	46	3fffffffffff
N???C@_EAgEOq?@oOQ?	46	3fffffffffff
N???C@_EAgEOq?@oCQ?	46	3fffffffffff
N???C@_EAgEOq?@o@Q?	46	3fffffffffff
N???C@_EAgEOq?@oCI?	46	3fffffffffff
N???C@_EAgEOq?@o?i?	46	3fffffffffff
N???C@_EAgEOq?@o?e?	46	3fffffffffff
N???C@_EAgEOq?@o?M?	46	3fffffffffff
N???C@_EAgEOp?AoT??	46	3fffffffffff
N???C@_EAgEOp?AoP_?	46	3fffffffffff
N???C@_EAgEOp?AoSO?	46	3fffffffffff
N???C@_EAgEOp?AoPO?	46	3fffffffffff
N???C@_EAgEOp?AoCo?	46	3fffffffffff
N???C@_EAgEOp?AoDG?	46	3fffffffffff
N???C@_EAgEOp?AoCg?	46	3fffffffffff
N???C@_EAgEOp?Ao@g?	46	3fffffffffff
N???C@_EAgEOp?AoCW?	46	3fffffffffff
N???C@_EAgEOp?Ao@W?	46	3fffffffffff
N???C@_EAgEOp?Ao?w?	46	3fffffffffff
N???C@_EAgEOp?AoOc?	46	fffffffff77f
N???C@_EAgEOp?AoCc?	46	3ffffffffe67f
N???C@_EAgEOp?Ao@c?	46	3fffffffffff
N???C@_EAgEOp?AoCS?	46	3fffffffffff
N???C@_EAgEOp?Ao@S?	46	3fffffffffff
N???C@_EAgEOp?Ao@K?	46	3fffffffffff
N???C@_EAgEOp?Ao?k?	46	3fffffffffff
N???C@_EAgEOp?Ao?[?	46	3fffffffffff
N???C@_EAgEOp?AoSA?	46	7fffffffff7f
N???C@_EAgEOp?AoOa?	46	7ffffffff7ff
N???C@_EAgEOp?AoCQ?	46	3fffffffffff
N???C@_EAgEOp?Ao@Q?	46	3fffffffffff
N???C@_EAgEOp?AoCI?	46	3fffffffffff
N???C@_EAgEOp?Ao?i?	46	3fffffffffff
N???C@_EAgEOp?Ao?Y?	46	3fffffffffff
N???C@_EAgEOp?AoOE?	46	7ffffffeffff
N???C@_EAgEOp?Ao?e?	46	fffffffdf7ff
N???C@_EAgEOp?Ao?M?	46	3fffffffffff
N???C@_EAgEOb?Ao[??	46	3fffffffffff
N???C@_EAgEOb?AoWO?	46	3fffffffffff
N???C@_EAgEOb?AoSO?	46	3fffffffffff
N???C@_EAgEOb?AoOE?	46	3fffffffffff
N???C@_EAgEOR?_oT??	46	3fffffffffff
N???C@_EAgEOR?_oS_?	46	3fffffffffff
N???C@_EAgEOR?_oP_?	46	3fffffffffff
N???C@_EAgEOR?_oSO?	46	3fffffffffff
N???C@_EAgEOR?_oPO?	46	3fffffffffff
N???C@_EAgEOR?_oPG?	46	3fffffffffff
N???C@_EAgEOR?_oOc?	46	3fffffffffff
N???C@_EAgEOR?_oSA?	46	3fffffffffff
N???C@_EAgEOR?_oOa?	46	3fffffffffff
N???C@_EAgEOR?_oOQ?	46	3fffffffffff
N???C@_EAgEOR?_oOE?	46	3fffffffffff
N???C@_EAgEOJ?_oX??	46	3fffffffffff
N???C@_EAgEOJ?_oW_?	46	3fffffffffff
N???C@_EAgEOJ?_oWO?	46	3fffffffffff
N???C@_EAgEOJ?_oOo?	46	3fffffffffff
N???C@_EAgEOJ?_oPC?	46	3fffffffffff
N???C@_EAgEOJ?_oOc?	46	3fffffffffff
N???C@_EAgEOJ?_oOS?	46	3fffffffffff
N???C@_EAgEOJ?_oOE?	46	3fffffffffff
N???C@_EAgEO`_aOL??	46	7ffffffffffe
N???C@_EAgEO`_aOK_?	46	3ffffdefdefff
N???C@_EAgEO`_aOD_?	46	3fffffffffff
N???C@_EAgEO`_aO@o?	46	3ffffffffffd2
N???C@_EAgEO`_aOKG?	46	3fffffffffff
N???C@_EAgEO`_aOHC?	46	7ffffffff7ff
N???C@_EAgEO`_aO@K?	46	3fffffffffff
N???C@_EAgEO`_aOKA?	46	ffffffffe7ff
N???C@_EAgEO`_aOGE?	46	fffffffdff7f
N???C@_EAgEO`_BO[??	46	3fffffffffff
N???C@_EAgEO`_BOX??	46	3fffffffffff
N???C@_EAgEO`_BOT??	46	3fffffffffff
N???C@_EAgEO`_BOL??	46	3fffffffffff
N???C@_EAgEO`_BOKO?	46	3fffffffffff
N???C@_EAgEO`_BOPO?	46	3ffffffffffd2
N???C@_EAgEO`_BODO?	46	3fffffffffff
N???C@_EAgEO`_BOKG?	46	3fffffffffff
N???C@_EAgEO`_BOPG?	46	3ffffffffffd2
N???C@_EAgEO`_BOGW?	46	3fffffffffff
N???C@_EAgEO`_BOCW?	46	3fffffffffff
N???C@_EAgEO`_BO@W?	46	1ffffffffcffe
N???C@_EAgEO`_BOWC?	46	3fffffffffff
N???C@_EAgEO`_BOHC?	46	3fffffffffff
N???C@_EAgEO`_BODC?	46	3fffffffffff
N???C@_EAgEO`_BOGS?	46	3fffffffffff
N???C@_EAgEO`_BOGK?	46	3fffffffffff
N???C@_EAgEO`_BOCK?	46	3fffffffffff
N???C@_EAgEO`_BOWA?	46	3fffffffffff
N???C@_EAgEO`_BOKA?	46	3fffffffffff
N???C@_EAgEO`_BOOQ?	46	3ffffffffffcc
N???C@_EAgEO`_BOGI?	46	3fffffffffff
N???C@_EAgEO`_BOCI?	46	3fffffffffff
N???C@_EAgEO`_BOGE?	46	3fffffffffff
N???C@_EAgEO`_BO?M?	46	3fffffffffff
N???C@_EAgEOB_aO[??	46	3fffffffffff
N???C@_EAgEOB_aOS_?	46	3fffffffffff
N???C@_EAgEOB_aOWC?	46	3fffffffffff
N???C@_EAgEOB_aOOE?	46	3fffffffffff
N???C@_EAgEOB_`O[??	46	3fffffffffff
N???C@_EAgEOB_`OX??	46	3fffffffffff
N???C@_EAgEOB_`OT??	46	3fffffffffff
N???C@_EAgEOB_`OWO?	46	3fffffffffff
N???C@_EAgEOB_`OPO?	46	3ffffffffffd2
N???C@_EAgEOB_`OSG?	46	3fffffffffff
N???C@_EAgEOB_`OWC?	46	3fffffffffff
N???C@_EAgEOB_`OWA?	46	3fffffffffff
N???C@_EAgEOB_`OSA?	46	3fffffffffff
N???C@_EAgEOB_`OOE?	46	3fffffffffff
N???C@_EAgEOoOa_D_?	46	3fffffffffff
N???C@_EAgEOoOB_T??	46	3fffffffffff
N???C@_EAgEOoOB_S_?	46	3fffffffffff
N???C@_EAgEOoOB_P_?	46	3fffffffffff
N???C@_EAgEOoOB_SO?	46	3fffffffffff
N???C@_EAgEOoOB_PO?	46	3fffffffffff
N???C@_EAgEOoOB_Oo?	46	3fffffffffff
N???C@_EAgEOoOB_SG?	46	fffffffff7fe
N???C@_EAgEOoOB_PG?	46	3fffffffffff
N???C@_EAgEOoOB_PC?	46	3fffffffffff
N???C@_EAgEOoOB_Oc?	46	3fffffffffff
N???C@_EAgEOoOB_PA?	46	3fffffffffff
N???C@_EAgEOoOB_Oa?	46	3fffffffffff
N???C@_EAgEOoOB_OQ?	46	3fffffffffff
N???C@_EAgEOoOB_OE?	46	7ffffffff7ff
N???C@_EAgEO`Oa_L??	46	3fffffffffff
N???C@_EAgEO`Oa_K_?	46	fffffffff7fe
N???C@_EAgEO`Oa_H_?	46	3fffffffffff
N???C@_EAgEO`Oa_KO?	46	3fffffffffff
N???C@_EAgEO`Oa_KG?	46	3fffffffffff
N???C@_EAgEO`Oa_Cg?	46	3fffffffffff
N???C@_EAgEO`Oa_@W?	46	3ffffffffffd2
N???C@_EAgEO`Oa_HC?	46	3fffffffffff
N???C@_EAgEO`Oa_DC?	46	3fffffffffff
N???C@_EAgEO`Oa_CS?	46	3fffffffffff
N???C@_EAgEO`Oa_KA?	46	fffffffffe7f
N???C@_EAgEO`Oa_@Q?	46	3ffffffffffcc
N???C@_EAgEO`Oa_CE?	46	fffffffefffd
N???C@_EAgEOaG@oW_?	46	3fffffffffff
N???C@_EAgEOaG@oP_?	46	3fffffffffff
N???C@_EAgEOaG@oH_?	46	3fffffffffff
N???C@_EAgEOaG@oHG?	46	3fffffffffff
N???C@_EAgEOaG@oGg?	46	3fffffffffff
N???C@_EAgEOaG@oWA?	46	7ffffffdffff
N???C@_EAgEOaG@oOa?	46	3fffffffffff
N???C@_EAgEOaG@oGa?	46	3fffffffffff
N???C@_EAgEOaG@o@a?	46	3fffffffffff
N???C@_EAgEOaG@oGI?	46	3fffffffffff
N???C@_EAgEOaG@o@I?	46	3fffffffffff
N???C@_EAgEOaG@o?i?	46	3fffffffffff
N???C@_EAgEO`GAoT??	46	3fffffffffff
N???C@_EAgEO`GAoP_?	46	3fffffffffff
N???C@_EAgEO`GAoSO?	46	3fffffffffff
N???C@_EAgEO`GAoDO?	46	3fffffffffff
N???C@_EAgEO`GAoHG?	46	3fffffffffff
N???C@_EAgEO`GAoDG?	46	3fffffffffff
N???C@_EAgEO`GAoGg?	46	3fffffffffff
N???C@_EAgEO`GAo@g?	46	3fffffffffff
N???C@_EAgEO`GAoCW?	46	3fffffffffff
N???C@_EAgEO`GAo@W?	46	3fffffffffff
N???C@_EAgEO`GAoSA?	46	7ffffffeffff
N???C@_EAgEO`GAoPA?	46	3fffffffffff
N???C@_EAgEO`GAoOa?	46	7ffffffdffff
N???C@_EAgEO`GAoOQ?	46	3fffffffffff
N???C@_EAgEO`GAoCQ?	46	3fffffffffff
N???C@_EAgEO`GAoOI?	46	3fffffffffff
N???C@_EAgEO`GAoGI?	46	3fffffffffff
N???C@_EAgEO`GAoCI?	46	3fffffffffff
N???C@_EAgEO`GAo@I?	46	3fffffffffff
N???C@_EAgEO`GAo?Y?	46	3fffffffffff
N???C@_EAgEOBG_oX??	46	3fffffffffff
N???C@_EAgEOBG_oT??	46	3fffffffffff
N???C@_EAgEOBG_oP_?	46	3fffffffffff
N???C@_EAgEOBG_oSO?	46	3fffffffffff
N???C@_EAgEOBG_oPG?	46	3fffffffffff
N???C@_EAgEOBG_oWA?	46	3fffffffffff
N???C@_EAgEOBG_oSA?	46	3fffffffffff
N???C@_EAgEOBG_oPA?	46	3fffffffffff
N???C@_EAgEOBG_oOQ?	46	3fffffffffff
N???C@_EAgEO@gaOX??	46	3fffffffffff
N???C@_EAgEO@gaOWA?	46	3fffffffffff
N???C@_EAgEO_WB_[??	46	fffffffff7fe
N???C@_EAgEO_WB_X??	46	3fffffffffff
N???C@_EAgEO_WB_Oo?	46	7ffffffffffd
N???C@_EAgEO_WB_PG?	46	3fffffffffff
N???C@_EAgEO_WB_PA?	46	7ffffffffffb
N???C@_EAgEO_WB_Oa?	46	7ffffffffffb
N???C@_EAgEOaC@o[??	46	7ffffffff7ff
N???C@_EAgEOaC@oW_?	46	3fffffffffff
N???C@_EAgEOaC@oK_?	46	3ffffef7ef7ff
N???C@_EAgEOaC@oOo?	46	3ffffffffffcc
N???C@_EAgEOaC@oKG?	46	3fffffffffff
N???C@_EAgEOaC@o@c?	46	3fffffffffff
N???C@_EAgEOaC@oGK?	46	3fffffffffff
N???C@_EAgEOaC@o@K?	46	3fffffffffff
N???C@_EAgEO`CAo[??	46	7fffffffff7f
N???C@_EAgEO`CAoK_?	46	ffffffffe7ff
N???C@_EAgEO`CAoKO?	46	3fffffffffff
N???C@_EAgEO`CAoGo?	46	3fffffffffff
N???C@_EAgEO`CAoCo?	46	3fffffffffff
N???C@_EAgEO`CAoKG?	46	3fffffffffff
N???C@_EAgEO`CAoOg?	46	3ffffffffffcc
N???C@_EAgEO`CAoGg?	46	3fffffffffff
N???C@_EAgEO`CAoSC?	46	7ffffffeffff
N???C@_EAgEO`CAoPC?	46	3fffffffffff
N???C@_EAgEO`CAoGK?	46	3fffffffffff
N???C@_EAgEO`CAo@K?	46	3fffffffffff
N???C@_EAgEO_SB_[??	46	7ffffffffffe
N???C@_EAgEO_SB_P_?	46	3ffffffffffcc
N???C@_EAgEO_SB_Og?	46	3ffffffffffcc
N???C@_EAgEO_SB_PC?	46	3fffffffffff
N???C@_EAgEO_SB_OK?	46	7ffffffdffff
N???C@_EAgWGg_J?BO?	46	3fffffffffff
N???C@_EAgWGg_B_F??	46	3fffffffffff
N???C@_EAgWGg_B_E_?	46	3fffffffffff
N???C@_EAgWGg_B_D_?	46	3fffffffffff
N???C@_EAgWGg_B_B_?	46	3fffffffdef7e
N???C@_EAgWGg_B_BO?	46	7fffffffff7f
N???C@_EAgWGg_B_BG?	46	3fffffffffff
N???C@_EAgWGg_B_CK?	46	ffffffffff74c
N???C@_EAgWGg_B_EA?	46	7ffffffffffe
N???C@_EAgWGg_B_DA?	46	3fffffffffff
N???C@_EAgWGg_B_Ca?	46	3fffffffffff
N???C@_EAgWGg_B_Aa?	46	3fffffffe777f
N???C@_EAgWGa_H_F??	46	3fffffffffff
N???C@_EAgWGa_H_D_?	46	3fffffffffff
N???C@_EAgWGa_H_B_?	46	3fffffffffff
N???C@_EAgWGa_H_DO?	46	3fffffffffff
N???C@_EAgWGa_H_Co?	46	3ffffffffffcc
N???C@_EAgWGa_H_EG?	46	3fffffffffff
N???C@_EAgWGa_H_BG?	46	ffffffffeffe
N???C@_EAgWGa_H_AW?	46	3fffffffffff
N???C@_EAgWGa_H_BC?	46	7ffffffffffe
N???C@_EAgWGa_H_EA?	46	7fffffffff7f
N???C@_EAgWGa_H_DA?	46	3fffffffffff
N???C@_EAgWGa_H_Aa?	46	7ffffffff7ff
N???C@_EAgWGa_H_CI?	46	3fffffffffff
N???C@_EAgWGa_H_@E?	46	7fffffffff7f
N???C@_EA`[?B_@oR??	46	7ffffffff7ff
N???C@_EA`[?B_@oF??	46	ffffffff0e7ff
N???C@_EA`[?B_@oE_?	46	3fffffffffff
N???C@_EA`[?B_@oB_?	46	3ffffef7ef7ff
N???C@_EA`[?B_@oDG?	46	3fffffffffff
N???C@_EA`[?B_@oBG?	46	3fffffffffff
N???C@_EA`[?B_@o?w?	46	3ffe7f8f6b7ef07b
N???C@_EA`[?B_@oDA?	46	fffffbbfce7ff
N???C@_EA`[?B_@oBA?	46	fffffbbfce7ff
N???C@_EA`[?B_@oAI?	46	7ffffffdffff
N???C@_EA`U?B_@oP_?	46	3fffffffffff
N???C@_EA`U?B_@oD_?	46	3fffffffffff
N???C@_EA`U?B_@o@o?	46	6ffaffffffefb
N???C@_EA`U?B_@oHG?	46	3fffffffffff
N???C@_EA`U?B_@o@g?	46	6ffaffffffefb
N???C@_EA`U?B_@o?w?	46	6ffaffffffefb
N???C@_EA`U?B_@oWA?	46	fffffbbfce7ff
N???C@_EA`U?B_@oHA?	46	fffffbbfce7ff
N???C@_EA`U?B_@oGI?	46	7ffffffdffff
N???C@_EA`U?B_@o@I?	46	3fffffffffff
N???C@_EA`U?B_@o?i?	46	3fffffffffff
N???C@_EA`X?H_@oR??	46	fbffbfffff77c
N???C@_EA`X?H_@oF??	46	ffffffff0e7ff
N???C@_EA`X?H_@oS_?	46	3ffffffffffcc
N???C@_EA`X?H_@oB_?	46	3fffffffffff
N???C@_EA`X?H_@oCo?	46	3fdffffffb7fe
N???C@_EA`X?H_@oQG?	46	7fffffffff7f
N???C@_EA`X?H_@oDG?	46	3fffffffffff
N???C@_EA`X?H_@oBG?	46	7ffffffff7ff
N???C@_EA`X?H_@oQA?	46	fffeff7fd7e7f
N???C@_EA`X?H_@oDA?	46	fffffbbfce7ff
N???C@_EA`X?H_@oBA?	46	fffffbbfce7ff
N???C@_EA`X?H_@oCI?	46	3fffffffffff
N???C@_EA`X?H_@oAI?	46	7ffffffeffff
N???C@_EA`R?H_@oW_?	46	3fffffffffff
N???C@_EA`R?H_@o@o?	46	3fffffffffff
N???C@_EA`R?H_@oDG?	46	3fffffffffff
N???C@_EA`R?H_@oGg?	46	3fffffffffff
N???C@_EA`R?H_@o@g?	46	3fffffffffff
N???C@_EA`R?H_@o?w?	46	3ffffffffffe1
N???C@_EA`R?H_@oWA?	46	fffeff7fd7e7f
N???C@_EA`R?H_@oHA?	46	fffffbbfce7ff
N???C@_EA`R?H_@oGa?	46	3fffffffffff
N???C@_EA`R?H_@o@a?	46	3fffffffffff
N???C@_EA`R?H_@oGI?	46	7ffffffeffff
N???C@_EA`R?H_@o?i?	46	3fffffffffff
N???C@_EA`W_I_@oT??	46	7ffffffff7ff
N???C@_EA`W_I_@oR??	46	7ffffffff7ff
N???C@_EA`W_I_@oF??	46	3ffffffffe7f9
N???C@_EA`W_I_@oB_?	46	3fffffffffff
N???C@_EA`W_I_@oBO?	46	7fffffffff7f
N???C@_EA`W_I_@oSG?	46	3ffffffffffcc
N???C@_EA`W_I_@oBG?	46	3fffffffffff
N???C@_EA`W_I_@oQA?	46	fffffffdfffd
N???C@_EA`W_I_@oBA?	46	3fffffffdf6fe
N???C@_EA`W_I_@oAI?	46	7fffffffefff
N???C@_EA`W_H_AoT??	46	3fffffffffff
N???C@_EA`W_H_AoR??	46	7ffffffffffe
N???C@_EA`W_H_AoF??	46	3fffffffffff
N???C@_EA`W_H_AoB_?	46	3fffffffffff
N???C@_EA`W_H_AoBO?	46	3fffffffffff
N???C@_EA`W_H_AoCo?	46	1ffffffffb7fe
N???C@_EA`W_H_AoSG?	46	3ffffffffffcc
N???C@_EA`W_H_AoDG?	46	3fffffffffff
N???C@_EA`W_H_AoBG?	46	7ffffffff7ff
N???C@_EA`W_H_AoCW?	46	1ffffffffb7fe
N???C@_EA`W_H_AoQA?	46	fffffffeff7f
N???C@_EA`W_H_AoAI?	46	7ffffffeffff
N???C@_EA`W_B_GoR??	46	7fffffffff7f
N???C@_EA`W_B_GoF??	46	3fffffffffff
N???C@_EA`W_B_GoB_?	46	ffffffffe7ff
N???C@_EA`W_B_GoBO?	46	3fffffffffff
N???C@_EA`W_B_GoDG?	46	3fffffffffff
N???C@_EA`W_B_GoBG?	46	3fffffffffff
N???C@_EA`W_B_GoQA?	46	ffffffff77ff
N???C@_EA`W_B_GoBA?	46	fffffffef7ff
N???C@_EA`W_B_GoCQ?	46	3fffffffffff
N???C@_EA`W_B_GoAI?	46	7ffffffdffff
N???C@_EA`S_GoB_X??	46	3fffffffffff
N???C@_EA`S_GoB_R??	46	3fffffffffff
N???C@_EA`S_GoB_J??	46	7fffffffefff
N???C@_EA`S_GoB_B_?	46	3fffffffffff
N???C@_EA`S_GoB_Oa?	46	3fffffffffff
N???C@_EA`S_GoB_Ga?	46	3fffffffffff
N???C@_EA`K_`_AoR??	46	3fffffffffff
N???C@_EA`K_`_AoF??	46	3fffffffdef7e
N???C@_EA`K_`_AoS_?	46	ffffffffff74c
N???C@_EA`K_`_AoD_?	46	7fffffffff7f
N???C@_EA`K_`_AoBO?	46	3fffffffffff
N???C@_EA`K_`_AoSG?	46	3ffffffffffcc
N???C@_EA`K_`_AoDG?	46	7fffffffff7f
N???C@_EA`K_`_AoBG?	46	ffffffff7f7f
N???C@_EA`K_`_AoCW?	46	1ffffffffb7fe
N???C@_EA`K_`_AoQA?	46	7ffffffeffff
N???C@_EA`K_`_AoBA?	46	3fffffffe777f
N???C@_EA`K_`_AoAI?	46	ffffffff7eff
N???C@_EA`K_`_Ao@I?	46	fffdffdfd7e7f
N???C@_EA`K_B__oT??	46	3fffffffffff
N???C@_EA`K_B__oR??	46	3fffffffffff
N???C@_EA`K_B__oSO?	46	ffffffffff74c
N???C@_EA`K_B__oQA?	46	3fffffffef7fa
N???C@_EA`Q_I_@o[??	46	7ffffffff7ff
N???C@_EA`Q_I_@oX??	46	7ffffffff7ff
N???C@_EA`Q_I_@oT??	46	7ffffffff7ff
N???C@_EA`Q_I_@oP_?	46	3fffffffffff
N???C@_EA`Q_I_@oWO?	46	3fffffffffff
N???C@_EA`Q_I_@oSO?	46	3fffffffffff
N???C@_EA`Q_I_@oPO?	46	3fffffffffff
N???C@_EA`Q_I_@oOo?	46	3fffffffd77fd
N???C@_EA`Q_I_@oHG?	46	3fffffffffff
N???C@_EA`Q_I_@oDG?	46	3fffffffffff
N???C@_EA`Q_I_@o@g?	46	3fffffffffff
N???C@_EA`Q_I_@oGW?	46	3fffffffffff
N???C@_EA`Q_I_@oCW?	46	3fffffffffff
N???C@_EA`Q_I_@oWA?	46	fffffffdfffd
N???C@_EA`Q_I_@oHA?	46	3fffffffdf6fe
N???C@_EA`Q_I_@o@a?	46	3fffffffffff
N???C@_EA`Q_I_@oGI?	46	7fffffffefff
N???C@_EA`Q_I_@o@I?	46	3fffffffffff
N???C@_EA`Q_I_@o?Y?	46	3fffffffffff
N???C@_EA`Q_H_Ao[??	46	fffffffff77f
N???C@_EA`Q_H_AoX??	46	7ffffffffffe
N???C@_EA`Q_H_AoT??	46	3fffffffffff
N???C@_EA`Q_H_AoW_?	46	fffffffff77f
N???C@_EA`Q_H_AoP_?	46	3fffffffffff
N???C@_EA`Q_H_AoWO?	46	3fffffffffff
N???C@_EA`Q_H_AoPO?	46	3fffffffffff
N???C@_EA`Q_H_AoOo?	46	3fffffffffff
N???C@_EA`Q_H_Ao@o?	46	3fffffffffff
N???C@_EA`Q_H_AoHG?	46	7ffffffff7ff
N???C@_EA`Q_H_AoDG?	46	3fffffffffff
N???C@_EA`Q_H_AoOg?	46	3fffffffffff
N???C@_EA`Q_H_Ao@g?	46	3fffffffffff
N???C@_EA`Q_H_AoGW?	46	3fffffffffff
N???C@_EA`Q_H_Ao@W?	46	3fffffffffff
N???C@_EA`Q_H_AoWA?	46	fffffffeff7f
N???C@_EA`Q_H_AoOa?	46	7ffffffdffff
N???C@_EA`Q_H_AoGa?	46	fffffffdf7ff
N???C@_EA`Q_H_Ao@a?	46	3fffffffffff
N???C@_EA`Q_H_AoGQ?	46	3fffffffffff
N???C@_EA`Q_H_Ao@Q?	46	3fffffffffff
N???C@_EA`Q_H_AoGI?	46	7ffffffeffff
N???C@_EA`Q_H_Ao?Y?	46	3fffffffffff
N???C@_EA`Q_B_Go[??	46	fffffffff7fe
N???C@_EA`Q_B_GoX??	46	7fffffffff7f
N???C@_EA`Q_B_GoT??	46	3fffffffffff
N???C@_EA`Q_B_GoL??	46	3fffffffffff
N???C@_EA`Q_B_GoP_?	46	fffffffdf7ff
N???C@_EA`Q_B_GoD_?	46	3fffffffffff
N???C@_EA`Q_B_GoWO?	46	3fffffffffff
N???C@_EA`Q_B_GoPO?	46	3fffffffffff
N???C@_EA`Q_B_GoDO?	46	3fffffffffff
N???C@_EA`Q_B_GoOo?	46	3fffffffffff
N???C@_EA`Q_B_Go@o?	46	3fffffffffff
N???C@_EA`Q_B_GoHG?	46	3fffffffffff
N???C@_EA`Q_B_GoOg?	46	3fffffffffff
N???C@_EA`Q_B_Go@g?	46	3fffffffffff
N???C@_EA`Q_B_GoHA?	46	fffffffef7ff
N???C@_EA`Q_B_GoGI?	46	7ffffffdffff
N???C@_EA`Q_B_Go@I?	46	3fffffffffff
N???C@_EA`Q_B_Go?Y?	46	3fffffffffff
N???C@_EA`E_`_AoX??	46	3fffffffffff
N???C@_EA`E_`_AoL??	46	3fffffffdef7e
N???C@_EA`E_`_AoS_?	46	fffffffff77f
N???C@_EA`E_`_AoWO?	46	3fffffffffff
N???C@_EA`E_`_AoWG?	46	3fffffffffff
N???C@_EA`E_`_AoHG?	46	7fffffffff7f
N???C@_EA`E_`_AoDG?	46	7fffffffff7f
N???C@_EA`E_`_Ao@g?	46	3fffffffffff
N???C@_EA`E_`_AoGW?	46	3fffffffffff
N???C@_EA`E_`_Ao@W?	46	3fffffff0ffff
N???C@_EA`E_`_AoWA?	46	7ffffffeffff
N???C@_EA`E_`_AoPA?	46	3fffffffffff
N???C@_EA`E_`_AoHA?	46	3fffffffe777f
N???C@_EA`E_`_AoOQ?	46	3fffffffffff
N???C@_EA`E_`_AoGQ?	46	3fffffffffff
N???C@_EA`E_`_Ao@Q?	46	3fffffffffff
N???C@_EA`E_`_AoGI?	46	7fffffff7fff
N???C@_EA`E_`_Ao@I?	46	7fffffff7fff
N???C@_EA`E_`_Ao?Y?	46	3fffffffffff
N???C@_EA`E_B__oX??	46	3fffffffffff
N???C@_EA`E_B__oWO?	46	fffffffff77f
N???C@_EA`E_B__oOo?	46	7fdffffe67fff
N???C@_EA`E_B__oPG?	46	7fff5dfffeeff
N???C@_EA`E_B__oWA?	46	fffffffff7fe
N???C@_EA`E_B__oOQ?	46	7ffffffdffff
N???C@_EA`H_g_@oR??	46	7ffffffff7ff
N???C@_EA`H_g_@oF??	46	3ffffffffe67f
N???C@_EA`H_g_@oD_?	46	7fffffffff7f
N???C@_EA`H_g_@oB_?	46	3fffffffdef7e
N???C@_EA`H_g_@oBO?	46	3fffffffffff
N???C@_EA`H_g_@oSG?	46	3ffffffffffcc
N???C@_EA`H_g_@oDG?	46	3fffffffffff
N???C@_EA`H_g_@oBG?	46	7ffffffffffd
N???C@_EA`H_g_@oAg?	46	7ffffffffffd
N???C@_EA`H_g_@o?w?	46	7ffde7ffff77f
N???C@_EA`H_g_@oQA?	46	7ffffffdffff
N???C@_EA`H_g_@oCQ?	46	3fffffffffff
N???C@_EA`H_g_@oAI?	46	7ffffffffffb
N???C@_EA`H_H__oT??	46	3fffffffffff
N???C@_EA`H_H__oR??	46	fffffffffffa
N???C@_EA`H_H__oQ_?	46	3fffffffffff
N???C@_EA`H_H__oSG?	46	3ffffffffffcc
N???C@_EA`H_H__oQA?	46	ffffffffff7e
N???C@_EA`D_g_@oR??	46	7ffffffff7ff
N???C@_EA`D_g_@oJ??	46	3ffffffffe67f
N???C@_EA`D_g_@oB_?	46	7fffffffff7f
N???C@_EA`D_g_@oBO?	46	3fffffffffff
N???C@_EA`D_g_@oWG?	46	3ffffffffffcc
N???C@_EA`D_g_@oBG?	46	3fffffffffff
N???C@_EA`D_g_@oAg?	46	3fffffffffff
N???C@_EA`D_g_@oWA?	46	7ffffffdffff
N???C@_EA`D_g_@oGQ?	46	3fffffffffff
N???C@_EA`D_`_@oU??	46	3fffffffffff
N???C@_EA`D_`_@oR??	46	3fffffffffff
N???C@_EA`D_`_@oBO?	46	3fffffffffff
N???C@_EA`D_`_@oQA?	46	7ffffffffffe
N???C@_EA`D_`_@oPA?	46	3ffffffff87ff
N???C@_EA`D_`_@oOQ?	46	ffffffffc87ff
N???C@_EA`B_g_@o[??	46	7ffffffff7ff
N???C@_EA`B_g_@oX??	46	7ffffffff7ff
N???C@_EA`B_g_@oT??	46	7ffffffff7ff
N???C@_EA`B_g_@oPO?	46	3fffffffffff
N???C@_EA`B_g_@oDO?	46	3fffffffffff
N???C@_EA`B_g_@oWG?	46	3fffffffffff
N???C@_EA`B_g_@oPG?	46	3fffffffffff
N???C@_EA`B_g_@oHG?	46	7ffffffffffd
N???C@_EA`B_g_@oDG?	46	3fffffffffff
N???C@_EA`B_g_@oCg?	46	3fffffffffff
N???C@_EA`B_g_@o@g?	46	ffffffff7f7f
N???C@_EA`B_g_@oGW?	46	3fffffffffff
N???C@_EA`B_g_@o@W?	46	3fffffffffff
N???C@_EA`B_g_@o?w?	46	3ffffffffffe1
N???C@_EA`B_g_@oWA?	46	7ffffffdffff
N???C@_EA`B_g_@oOQ?	46	3fffffffffff
N???C@_EA`B_g_@oGI?	46	7ffffffffffb
N???C@_EA`B_g_@o?Y?	46	3fffffffffff
N???C@_EA`B_H__oX??	46	fffffffffffa
N???C@_EA`B_H__oT??	46	3fffffffffff
N???C@_EA`B_H__oWO?	46	7fffffffff7f
N???C@_EA`B_H__oPO?	46	fffffffdf7ff
N???C@_EA`B_H__oWA?	46	ffffffffff7e
N???C@_EA`B_H__oOQ?	46	fffffffcffff
N???C@_EA`Goh?AoT??	46	3fffffffffff
N???C@_EA`Goh?AoR??	46	3fffffffffff
N???C@_EA`Goh?AoF??	46	3fffffffffff
N???C@_EA`Goh?AoD_?	46	3fffffffffff
N???C@_EA`Goh?AoSG?	46	3ffffffffffcc
N???C@_EA`Goh?AoDG?	46	3fffffffffff
N???C@_EA`Goh?AoBG?	46	7ffffffffffe
N???C@_EA`Goh?AoCW?	46	1ffffffffb7fe
N???C@_EA`Goh?AoQA?	46	7ffffffeffff
N???C@_EA`Goh?AoBA?	46	fffffffff7fe
N???C@_EA`Goh?AoAI?	46	7ffffffffffd
N???C@_EA`Goh?Ao@I?	46	fffffffffefd
N???C@_EA`GoJ?_oR??	46	3fffffffffff
N???C@_EA`GoJ?_oSG?	46	3ffffffffffcc
N???C@_EA`GoJ?_oQA?	46	7ffffffffffe
N???C@_EA`Go`_IOR??	46	3fffffffffff
N???C@_EA`Go`_IOF??	46	effefffffeefa
N???C@_EA`Go`_IOOo?	46	7ffffffffb77c
N???C@_EA`Go`_IOAo?	46	3ffffffffe7f9
N???C@_EA`Go`_IOBG?	46	7fffffffff7f
N???C@_EA`Go`_IOCg?	46	1ffffffffb7fe
N???C@_EA`Go`_IO?w?	46	fffdf7ffff77c
N???C@_EA`Go`_IOSA?	46	3fffffffffff
N???C@_EA`Go`_IOQA?	46	7ffffffffffb
N???C@_EA`Go`_IOBA?	46	ffffffffff74c
N???C@_EA`Go`_IOAI?	46	7fffffff7fff
N???C@_EA`GoH_aOT??	46	3bffbffffff7d
N???C@_EA`GoB_gOT??	46	7fffffff7fff
N???C@_EA`GoB_gOR??	46	3fffffffffff
N???C@_EA`GoB_gOS_?	46	3ffffffffffcc
N???C@_EA`GoB_gOOo?	46	1ffffffffb7fe
N???C@_EA`GoB_gOQA?	46	7ffffffff7ff
N???C@_EA`Coi?@oR??	46	7ffffffff7ff
N???C@_EA`Coi?@oJ??	46	ffffffff0e7ff
N???C@_EA`Coi?@oW_?	46	3ffffffffffcc
N???C@_EA`Coi?@oOo?	46	3fefedefe76634fe
N???C@_EA`Coi?@oGo?	46	3fdffffffb7fe
N???C@_EA`Coi?@oBG?	46	3fffffffffff
N???C@_EA`Coi?@o?w?	46	3ffe7f8f6b7ef07b
N???C@_EA`Coi?@oWA?	46	7ffffffdffff
N???C@_EA`Coi?@oPA?	46	7ffffffdffff
N???C@_EA`Coi?@oGI?	46	3fffffffffff
N???C@_EA`Coi?@o@I?	46	3fffffffffff
N???C@_EA`Coh?AoX??	46	3fffffffffff
N???C@_EA`Coh?AoR??	46	3fffffffffff
N???C@_EA`Coh?AoJ??	46	fffffffdefff
N???C@_EA`Coh?AoW_?	46	ffffffffff74c
N???C@_EA`Coh?AoI_?	46	3ffffffffe67f
N???C@_EA`Coh?AoH_?	46	3fffffffffff
N???C@_EA`Coh?AoGo?	46	1ffffffffb7fe
N???C@_EA`Coh?AoWG?	46	3ffffffffffcc
N???C@_EA`Coh?AoHG?	46	3fffffffffff
N???C@_EA`Coh?AoBG?	46	3fffffffffff
N???C@_EA`Coh?AoGW?	46	1ffffffffb7fe
N???C@_EA`Coh?Ao@I?	46	ffffffff7eff
N???C@_EA`Co`_BOR??	46	3fffffffffff
N???C@_EA`Co`_BOJ??	46	3fffffffffff
N???C@_EA`Co`_BOBO?	46	3fffffffffff
N???C@_EA`Co`_BOKG?	46	1ffffffffb7fe
N???C@_EA`Co`_BOBG?	46	3fffffffffff
N???C@_EA`Co`_BOCW?	46	3ffe7f8f6b7ef07b
N???C@_EA`Co`_BOQA?	46	3fffffffffff
N???C@_EA`Co`_BOIA?	46	3fffffffffff
N???C@_EA`Co`_BOBA?	46	3fffffffffff
N???C@_EA`Co`_BOOQ?	46	3ffffffff87ff
N???C@_EA`Co`_BOAI?	46	3fffffffffff
N???C@_EA`Co`_BO@I?	46	3ffdffdfdff7f
N???C@_EA`CoB_`OR??	46	3fffffffffff
N???C@_EA`CoB_`OSO?	46	3fefedefe76634fe
N???C@_EA`CoB_`OOW?	46	3ffe7fda37bf077b
N???C@_EA`CoB_`OQA?	46	fffffffdfeff
N???C@_EA`CogOB_X??	46	3fffffffffff
N???C@_EA`CogOB_R??	46	7fffffff7fff
N???C@_EA`CogOB_WG?	46	ffffffffff74c
N???C@_EA`Aoh?Ao[??	46	fffffffff77f
N???C@_EA`Aoh?AoD_?	46	3fffffffffff
N???C@_EA`Aoh?AoWO?	46	3fffffffffff
N???C@_EA`Aoh?AoDO?	46	3fffffffffff
N???C@_EA`Aoh?AoOo?	46	3fffffffffff
N???C@_EA`Aoh?AoGo?	46	3fffffffffff
N???C@_EA`Aoh?Ao@o?	46	3fffffffffff
N???C@_EA`Aoh?AoWG?	46	3fffffffffff
N???C@_EA`Aoh?AoHG?	46	7ffffffffffe
N???C@_EA`Aoh?AoDG?	46	3fffffffffff
N???C@_EA`Aoh?AoGg?	46	3fffffffffff
N???C@_EA`Aoh?Ao@g?	46	3fffffffffff
N???C@_EA`Aoh?Ao@W?	46	ffffffff7f7f
N???C@_EA`Aoh?Ao?w?	46	3fffffffffff
N???C@_EA`Aoh?AoWA?	46	7ffffffeffff
N???C@_EA`Aoh?AoPA?	46	3fffffffffff
N???C@_EA`Aoh?AoHA?	46	fffffffff7fe
N???C@_EA`Aoh?AoGI?	46	7ffffffffffd
N???C@_EA`Aoh?Ao@I?	46	ffffffff7f7f
N???C@_EA`AoJ?_oT??	46	3fffffffffff
N???C@_EA`AoJ?_oW_?	46	3fffffffffff
N???C@_EA`AoJ?_oOo?	46	3fffffffd77fd
N???C@_EA`AoJ?_oPG?	46	3fffffffffff
N???C@_EA`AoJ?_oWA?	46	7ffffffffffe
N???C@_EA`Ao`_IOL??	46	effefffffeefa
N???C@_EA`Ao`_IOD_?	46	3fffffffffff
N???C@_EA`Ao`_IOOo?	46	3fffffffd77fd
N???C@_EA`Ao`_IO@o?	46	3fffffffffff
N???C@_EA`Ao`_IOWG?	46	3fffffffffff
N???C@_EA`Ao`_IODG?	46	ffffffffff7b
N???C@_EA`Ao`_IO@g?	46	3fffffffffff
N???C@_EA`Ao`_IO?w?	46	3ffffffff7f7a
N???C@_EA`Ao`_IOWA?	46	7ffffffffffb
N???C@_EA`Ao`_IOPA?	46	3fffffffffff
N???C@_EA`Ao`_IOHA?	46	ffffffffff74c
N???C@_EA`Ao`_IOGI?	46	7fffffff7fff
N???C@_EA`Ao`_IO@I?	46	7fffffff7fff
N???C@_EA`AoH_aOX??	46	7ffffffffffe
N???C@_EA`AoH_aOT??	46	7fffffff7fff
N???C@_EA`AoH_aOW_?	46	3ffffffe97fff
N???C@_EA`AoH_aOP_?	46	3fffffffffff
N???C@_EA`AoH_aOOo?	46	7fdffffe67fff
N???C@_EA`AoH_aOWA?	46	7fffffffff7f
N???C@_EA`AoB_gOX??	46	3fffffffffff
N???C@_EA`AoB_gOW_?	46	3fffffffffff
N???C@_EA`AoB_gOOo?	46	7fffaffbf7f7f
N???C@_EA`AoB_gOPG?	46	7ffffffffffb
N???C@_EA`AoB_gOWA?	46	7ffffffff7ff
N???C@_EA`@o`_HOR??	46	3fffffffffff
N???C@_EA`@o`_HOJ??	46	3fffffffffff
N???C@_EA`@o`_HOF??	46	3fffffffffff
N???C@_EA`@o`_HOWO?	46	1ffffffffb7fe
N???C@_EA`@o`_HOBO?	46	3fffffffffff
N???C@_EA`@o`_HOBG?	46	3fffffffffff
N???C@_EA`@o`_HOCW?	46	3ffe7f8f6b7ef07b
N???C@_EA`@o`_HOKA?	46	3fffffffffff
N???C@_EA`@o`_HOQA?	46	3fffffffffff
N???C@_EA`@o`_HOOQ?	46	3ffffffff87ff
N???C@_EA`@o`_HOCI?	46	3fffffffffff
N???C@_EA`@o`_HOAI?	46	3fffffffffff
N???C@_EA`@oaOH_[??	46	7fffffff7fff
N???C@_EA`@oaOH_U??	46	7fffffff7fff
N???C@_EA`@oaOH_W_?	46	3fffffffffff
N???C@_EA`@oaOH_Q_?	46	3fffffffffff
N???C@_EA`@oaOH_Oo?	46	3ffe7fda37bf077b
N???C@_EA`@oaOH_WA?	46	7fffffffff7f
N???C@_EA`@oaOH_QA?	46	fffffbbfce7ff
N???C@_EA`WGH_B_T??	46	3fffffffffff
N???C@_EA`WGH_B_R??	46	7ffffffffffe
N???C@_EA`WGH_B_S_?	46	3ffffffffffcc
N???C@_EA`WGH_B_QA?	46	ffffffffff74c
N???C@_EA`QGH_B_[??	46	fbffbfffff77c
N???C@_EA`QGH_B_T??	46	7fffffff7fff
N???C@_EA`QGH_B_W_?	46	3fffffffffff
N???C@_EA`QGH_B_P_?	46	fffffffd7fff
N???C@_EA`QGH_B_Oo?	46	3fffffffd77fd
N???C@_EA`QGH_B_PG?	46	fffffbbfce7ff
N???C@_EA`QGH_B_Og?	46	3fffffffffff
N???C@_EA`QGH_B_WA?	46	ffffffffff74c
N???C@_EA`SAB_@o[??	46	fffffbbfce7ff
N???C@_EA`SAB_@oY??	46	fffffbbfce7ff
N???C@_EA`SAB_@oR??	46	7ffffffdffff
N???C@_EA`SAB_@oK_?	46	3fffffffffff
N???C@_EA`SAB_@o@o?	46	3ffdffdfdff7f
N???C@_EA`SAB_@o?w?	46	3ffdffdfdff7f
N???C@_EA`PAH_@o[??	46	7ffffffdffff
N???C@_EA`PAH_@oJ??	46	fffffbbfce7ff
N???C@_EA`PAH_@oB_?	46	3fffffffffff
N???C@_EA`PAH_@oCo?	46	2ffdeff7fe70fccc
N???C@_EA`PAH_@oKG?	46	3ffffffffffe1
N???C@_EA`PAH_@oPG?	46	ffffffffc87ff
N???C@_EA`PAH_@oBG?	46	ffffffffd787f
N???C@_EA`PAH_@o?w?	46	3ff73fdb9cfdef61
N???C@_EA`OaI_@o[??	46	7ffffffdffff
N???C@_EA`OaI_@oY??	46	fffffffdfffd
N???C@_EA`OaI_@oR??	46	7ffffffdffff
N???C@_EA`OaI_@oK_?	46	3fffffffffff
N???C@_EA`OaI_@oB_?	46	3fffffffffff
N???C@_EA`OaH_Ao[??	46	7ffffffeffff
N???C@_EA`OaH_AoY??	46	fffffffeff7f
N???C@_EA`OaH_AoT??	46	3fffffffffff
N???C@_EA`OaH_AoB_?	46	3fffffffffff
N???C@_EA`OaH_AoBO?	46	3fffffffffff
N???C@_EA`OaH_AoCo?	46	3fffffffffff
N???C@_EA`OaH_AoKG?	46	3fffffffffff
N???C@_EA`OaH_AoIG?	46	7ffffffeffff
N???C@_EA`OaH_Ao@W?	46	3ffdffdfdff7f
N???C@_EA`OaB_Go[??	46	7ffffffff7ff
N???C@_EA`OaB_GoT??	46	3fffffffffff
N???C@_EA`OaB_GoR??	46	fffffffcffff
N???C@_EA`OaB_GoK_?	46	3fffffffffff
N???C@_EA`OaB_GoKO?	46	3fffffffffff
N???C@_EA`OaB_Go@o?	46	3ffdffdfdff7f
N???C@_EA`Caa_@oR??	46	7ffffffdffff
N???C@_EA`Caa_@oJ??	46	3fffffffd77fd
N???C@_EA`Caa_@oPO?	46	7fffdffff87ff
N???C@_EA`Caa_@oBO?	46	3fffffffffff
N???C@_EA`CaB__oR??	46	3fffffffffff
N???C@_EA`@ag_@o[??	46	ffffffffd787f
N???C@_EA`@ag_@oP_?	46	3ffffffff87ff
N???C@_EA`@ag_@oKO?	46	1ffffff7efffd
N???C@_EA`@aH__o[??	46	7ffbffffff87f
N???C@_EA`@aH__oY??	46	3ffffffff7f7a
N???C@_EA`OIB_H_[??	46	fffffffff7fb
N???C@_EA`OIB_H_R??	46	fffffbbfce7ff
N???CA@WEAB_E_H_EC?	46	7ffffffff7ff
N??CA?_cEAM?B_BGB_?	46	7fffffffefff
N??CA?_cEAM?B_BGDO?	46	7ffffffffeff
N??CA?_cEAM?B_BG@o?	46	3fffffffdef7e
N??CA?_cEAM?B_BGEG?	46	fffdf7ffff77c
N??CA?_cEAM?B_BG@g?	46	3fffffffffff
N??CA?_cEAM?B_BGAW?	46	ffffffff0e7ff
N??CA?_cEAM?B_BGBC?	46	7ffffffdffff
N??CA?_cEAM?B_BG@c?	46	3fffffffcff7d
N??CA?_cEAM?B_BGAS?	46	3fffffffffff
N??CA?_cEAM?B_BGAK?	46	7ffffffff7ff
N??CA?_cEAM?B_BG@K?	46	3fffffffffff
N??CA?_cEAM?B_BGDA?	46	3fffffffffff
N??CA?_cEAM?B_BGCI?	46	ffffffff0e7ff
N??CA?_cEAM?B_BGAI?	46	ffffffff0e7ff
N??CA?_cEAM?B_BG@I?	46	3fffffffffff
N??CA?_cEAM?B_BGCE?	46	7ffffffff7ff
N??CA?_cEAM?B_BGAE?	46	7ffffffff7ff
N??CA?_cEAM?B_BG@E?	46	7ffffffffffb
N??CA?_cEAM?B_BG?M?	46	7ffffffdffff
N??CA?_cEAL?F?@gE_?	46	7fffffffefff
N??CA?_cEAL?F?@gB_?	46	7fffffffefff
N??CA?_cEAL?F?@gEO?	46	3fffffffffff
N??CA?_cEAL?F?@gCo?	46	3fffffffffff
N??CA?_cEAL?F?@gEG?	46	7ffffffff7ff
N??CA?_cEAL?F?@gBG?	46	ffffffffe7ff
N??CA?_cEAL?F?@gAW?	46	3fffffffffff
N??CA?_cEAL?F?@gEC?	46	7ffffffdffff
N??CA?_cEAL?F?@gAc?	46	fffffffdfffd
N??CA?_cEAL?F?@gAK?	46	3fffffffffff
N??CA?_cEAL?F?@gEA?	46	7fffffffefff
N??CA?_cEAL?F?@gDA?	46	7fffffffefff
N??CA?_cEAL?F?@gCa?	46	3fffffffffff
N??CA?_cEAL?F?@gCI?	46	fffffffdfffe
N??CA?_cEAL?D_BGE_?	46	7fffffffefff
N??CA?_cEAL?D_BGB_?	46	7fffffffefff
N??CA?_cEAL?D_BGEO?	46	7ffffffffffd
N??CA?_cEAL?D_BGCo?	46	3fffffffffff
N??CA?_cEAL?D_BGEG?	46	7ffffffffffd
N??CA?_cEAL?D_BGEC?	46	7ffffffdffff
N??CA?_cEAL?D_BGBC?	46	7ffffffdffff
N??CA?_cEAL?D_BGAc?	46	fffffffdfffd
N??CA?_cEAL?D_BGAK?	46	3fffffffffff
N??CA?_cEAL?D_BGEA?	46	7ffffffffffb
N??CA?_cEAL?D_BGDA?	46	7ffffffffffe
N??CA?_cEAL?D_BGCa?	46	3fffffffffff
N??CA?_cEAL?D_BGCI?	46	ffffffffef7f
N??CA?_cEAL?B_DGE_?	46	7fffffffefff
N??CA?_cEAL?B_DGB_?	46	7fffffffefff
N??CA?_cEAL?B_DGEO?	46	3fffffffffff
N??CA?_cEAL?B_DGEG?	46	7ffffffffffe
N??CA?_cEAL?B_DGCg?	46	3fffffffffff
N??CA?_cEAL?B_DGCW?	46	fffffffff77f
N??CA?_cEAL?B_DGAW?	46	3fffffffffff
N??CA?_cEAL?B_DGBC?	46	7ffffffdffff
N??CA?_cEAL?B_DGAc?	46	fffffffdfffd
N??CA?_cEAL?B_DGAK?	46	7ffffffff7ff
N??CA?_cEAL?B_DGEA?	46	7ffffffffffe
N??CA?_cEAL?B_DGDA?	46	7ffffffffffb
N??CA?_cEAL?B_DGCa?	46	3fffffffffff
N??CA?_cEAL?B_DGCI?	46	fffffffff6ff
N??CA?_cEAJ?J?@gE_?	46	7fffffffefff
N??CA?_cEAJ?J?@gD_?	46	3ffffffffe67f
N??CA?_cEAJ?J?@gEO?	46	3fffffffffff
N??CA?_cEAJ?J?@gAo?	46	3fffffffffff
N??CA?_cEAJ?J?@gEG?	46	7ffffffff7ff
N??CA?_cEAJ?J?@gDG?	46	7ffffffff7ff
N??CA?_cEAJ?J?@gCg?	46	3fffffffffff
N??CA?_cEAJ?J?@gEC?	46	7ffffffdffff
N??CA?_cEAJ?J?@gAc?	46	7ffffffdffff
N??CA?_cEAJ?J?@gAS?	46	7ffffffffffe
N??CA?_cEAJ?J?@gAK?	46	7ffffffffffe
N??CA?_cEAJ?B_HGE_?	46	ffffffffeffd
N??CA?_cEAJ?B_HGEO?	46	3fffffffffff
N??CA?_cEAJ?B_HGEG?	46	fffffffffefe
N??CA?_cEAJ?B_HGCg?	46	7ffffffff7ff
N??CA?_cEAKOF?BGF??	46	7fffffffefff
N??CA?_cEAKOF?BGD_?	46	ffffffff0e7ff
N??CA?_cEAKOF?BGB_?	46	effefffffeefa
N??CA?_cEAKOF?BGEG?	46	7ffffffffffd
N??CA?_cEAKOF?BGAW?	46	ffffffff0e7ff
N??CA?_cEAKOF?BGEC?	46	7ffffffdffff
N??CA?_cEAKOF?BGBC?	46	fffeff7fd7e7f
N??CA?_cEAKOF?BGAK?	46	3fffffffffff
N??CA?_cEAKOF?BGEA?	46	7ffffffffffb
N??CA?_cEAKOF?BGDA?	46	3fffffffffff
N??CA?_cEAKOF?BGCI?	46	effefffffeefa
N??CA?_cEAKCB_F?F??	46	ffffffffeffb
N??CA?_cEAKCB_F?D_?	46	3ffffffffe7f9
N??CA?_cEAKCB_F?EO?	46	3fffffffffff
N??CA?_cEAKCB_F?DO?	46	3fffffffffff
N??CA?_cEAKCB_F?EG?	46	fffffffdfffe
N??CA?_cEAKCB_F?DA?	46	3fffffffffff
N??CA?_cEAKCB_F?CQ?	46	7ffffffffffe
N??CA?_cEAKCB_F?CI?	46	fbffbfffff77c
N??CA?_cEACEF?B_M??	46	7ffffffffffe
N??CA?_cEACEF?B_L??	46	3fffffffffff
N??CA?_cEACEF?B_KG?	46	fbffbfffff77c
N??CA?_EE_[?B_@WBO?	46	ffffffffe7ff
N??CA?_EE_[?B_@WAo?	46	3fffffffffff
N??CA?_EE_[?B_@WBG?	46	3fffffffffff
N??CA?_EE_[?B_@WAg?	46	3fffffffffff
N??CA?_EE_[?B_@WAW?	46	3fffffffffff
N??CA?_EE_[?B_@WCS?	46	3ffffffffffcc
N??CA?_EE_[?B_@WAS?	46	3fffffffffff
N??CA?_EE_[?B_@W@S?	46	3fffffffffff
N??CA?_EE_[?B_@W?s?	46	1ffffffffb7fe
N??CA?_EE_[?B_@W?k?	46	1ffffffffb7fe
N??CA?_EE_[?B_@W@I?	46	3fffffffffff
N??CA?_EE_[?B_@W@E?	46	3fffffffffff
N??CA?_EE_[?B_@W?e?	46	3fffffffffff
N??CA?_EE_[?@oBGBO?	46	3fffffffffff
N??CA?_EE_[?@oBGAW?	46	3ffffffffe67f
N??CA?_EE_[?@oBG@c?	46	3fffffffffff
N??CA?_EE_[?@oBGCS?	46	3ffffffffffcc
N??CA?_EE_[?@oBGAS?	46	3fffffffffff
N??CA?_EE_[?@oBG@S?	46	3fffffffffff
N??CA?_EE_[?@oBG?[?	46	1ffffffffb7fe
N??CA?_EE_[?@oBG@a?	46	3fffffffffff
N??CA?_EE_[?@oBG@Q?	46	3fffffffffff
N??CA?_EE_[?@oBG@E?	46	fffffffdfffe
N??CA?_EE_[?@oBG?e?	46	3fffffffffff
N??CA?_EE_X?H_@WBO?	46	3ffffffffe7f9
N??CA?_EE_X?H_@WCo?	46	3ffffffffffcc
N??CA?_EE_X?H_@WAW?	46	7fffffffff7f
N??CA?_EE_X?@oHGCW?	46	3ffffffffffcc
N??CA?_EE_X?@oHGCa?	46	fffffffdfffb
N??CA?_EE_T?@S@gM??	46	7fffffffefff
N??CA?_EE_T?@S@gK_?	46	3fffffffffff
N??CA?_EE_T?@S@gE_?	46	3fffffffffff
N??CA?_EE_T?@S@gH_?	46	3fffffffffff
N??CA?_EE_T?@S@gKO?	46	3fffffffffff
N??CA?_EE_T?@S@gAo?	46	3fffffffffff
N??CA?_EE_T?@S@gKG?	46	7ffffffdffff
N??CA?_EE_T?@S@gDG?	46	7ffffffdffff
N??CA?_EE_T?@S@gCg?	46	3fffffffffff
N??CA?_EE_T?@S@gCW?	46	3fffffffffff
N??CA?_EE_T?@S@g@W?	46	3fffffffffff
N??CA?_EE_T?@S@gIC?	46	3fffffffffff
N??CA?_EE_T?@S@gHC?	46	3fffffffffff
N??CA?_EE_T?@S@gBC?	46	3fffffffffff
N??CA?_EE_T?@S@gAc?	46	3fffffffffff
N??CA?_EE_T?@S@gGS?	46	3fffffffffff
N??CA?_EE_T?@S@gCK?	46	3fffffffffff
N??CA?_EE_T?@S@gAK?	46	3fffffffffff
N??CA?_EE_T?@S@g@K?	46	3fffffffffff
N??CA?_EE_T?@S@g?k?	46	3fffffffffff
N??CA?_EE_T?@S@g?[?	46	3fffffffffff
N??CA?_EE_KO@gBOR??	46	3fffffffffff
N??CA?_EE_KO@gBOB_?	46	3fffffffffff
N??CA?_EE_KO@gBOBG?	46	3fffffffffff
N??CA?_EE_KO@gBOBC?	46	3fffffffffff
N??CA?_EE_KO@gBOPA?	46	3fffffffffff
N??CA?_EE_KO@gBOAE?	46	7ffffffdffff
N??CA?_EE_KO@gBO@E?	46	3fffffffffff
N??CA?_EE_KO@gAWB_?	46	3fffffffffff
N??CA?_EE_KO?wBGB_?	46	3fffffffffff
N??CA?_EE_HOh?@WF??	46	7fffffffff7f
N??CA?_EE_HOh?@WBO?	46	3ffffffffe7f9
N??CA?_EE_HOh?@WCo?	46	3ffffffffffcc
N??CA?_EE_HOh?@WBG?	46	7ffffffffffd
N??CA?_EE_HOh?@WAW?	46	7fffffffff7f
N??CA?_EE_HOh?@W@K?	46	3fffffffffff
N??CA?_EE_HOh?@W?k?	46	1ffffffffb7fe
N??CA?_EE_HOh?@WAQ?	46	3fffffffdf6fe
N??CA?_EE_HOh?@WAE?	46	3fffffffffff
N??CA?_EE_HOHC@WU??	46	7ffffffeffff
N??CA?_EE_HOHC@WF??	46	7ffffffeffff
N??CA?_EE_HOHC@WS_?	46	3fffffffffff
N??CA?_EE_HOHC@WSO?	46	7ffffffdffff
N??CA?_EE_HOHC@WSG?	46	3fffffffffff
N??CA?_EE_HOHC@WEG?	46	3fffffffffff
N??CA?_EE_HOHC@WOg?	46	3fffffffffff
N??CA?_EE_HOHC@WCg?	46	7fffffffefff
N??CA?_EE_HOHC@WAg?	46	3fffffffffff
N??CA?_EE_HOHC@WSC?	46	3fffffffffff
N??CA?_EE_HOHC@WQC?	46	3fffffffffff
N??CA?_EE_HOHC@WBC?	46	3fffffffffff
N??CA?_EE_HOHC@WOc?	46	3fffffffffff
N??CA?_EE_HOHC@WOK?	46	3fffffffffff
N??CA?_EE_HOHC@WAK?	46	3fffffffffff
N??CA?_EE_ECGoB_H_?	46	3fffffffffff
N??CA?_EE?u?B_@WK_?	46	3fffffffffff
N??CA?_EE?u?B_@WKO?	46	7ffffffdffff
N??CA?_EE?u?B_@WGo?	46	3fffffffffff
N??CA?_EE?u?B_@WCo?	46	3fffffffffff
N??CA?_EE?u?B_@WKG?	46	7ffffffff7ff
N??CA?_EE?u?B_@WDG?	46	3fffffffffff
N??CA?_EE?u?B_@WBG?	46	3fffffffffff
N??CA?_EE?u?B_@WGg?	46	3fffffffffff
N??CA?_EE?u?B_@WCg?	46	3fffffffffff
N??CA?_EE?u?B_@WCW?	46	3fffffffffff
N??CA?_EE?u?B_@WAW?	46	3fffffffffff
N??CA?_EE?u?B_@W?w?	46	3fffffffffff
N??CA?_EE?u?B_@WBC?	46	3fffffffffff
N??CA?_EE?u?B_@WGc?	46	3fffffffffff
N??CA?_EE?u?B_@WGS?	46	3fffffffffff
N??CA?_EE?u?B_@WCS?	46	3fffffffffff
N??CA?_EE?u?B_@W?s?	46	3fffffffffff
N??CA?_EE?u?B_@WAK?	46	7ffffffdffff
N??CA?_EE?u?B_@W@K?	46	3fffffffffff
N??CA?_EE?u?B_@W?k?	46	3fffffffffff
N??CA?_EE?u?B_@W?[?	46	3fffffffffff
N??CA?_EE?u?@oBGK_?	46	3fffffffffff
N??CA?_EE?u?@oBGKO?	46	7fffffffefff
N??CA?_EE?u?@oBGAo?	46	3fffffffffff
N??CA?_EE?u?@oBG@o?	46	3fffffffffff
N??CA?_EE?u?@oBGKG?	46	7fffffffefff
N??CA?_EE?u?@oBGDG?	46	3fffffffffff
N??CA?_EE?u?@oBGBG?	46	3fffffffffff
N??CA?_EE?u?@oBGCg?	46	3fffffffffff
N??CA?_EE?u?@oBGAg?	46	3fffffffffff
N??CA?_EE?u?@oBG@g?	46	3fffffffffff
N??CA?_EE?u?@oBGGW?	46	fffffffdf7ff
N??CA?_EE?u?@oBGGc?	46	3fffffffffff
N??CA?_EE?u?@oBGGS?	46	3fffffffffff
N??CA?_EE?u?@oBGCS?	46	3fffffffffff
N??CA?_EE?u?@oBGGK?	46	3fffffffffff
N??CA?_EE?u?@oBGCK?	46	3fffffffffff
N??CA?_EE?u?@oBGAK?	46	3fffffffffff
N??CA?_EE?u?@oBG?k?	46	3fffffffffff
N??CA?_EE?u?@oBG?[?	46	3fffffffffff
N??CA?_EE?u?@gBOK_?	46	3fffffffffff
N??CA?_EE?u?@gBOD_?	46	3fffffffffff
N??CA?_EE?u?@gBOKO?	46	7ffffffff7ff
N??CA?_EE?u?@gBO@o?	46	3fffffffffff
N??CA?_EE?u?@gBOKG?	46	7ffffffdffff
N??CA?_EE?u?@gBODG?	46	7ffffffdffff
N??CA?_EE?u?@gBOCg?	46	3fffffffffff
N??CA?_EE?u?@gBOAW?	46	3fffffffffff
N??CA?_EE?u?@gBOBC?	46	3fffffffffff
N??CA?_EE?u?@gBO@c?	46	3fffffffffff
N??CA?_EE?u?@gBOGS?	46	7ffffffdffff
N??CA?_EE?u?@gBOCK?	46	3fffffffffff
N??CA?_EE?u?@gBOAK?	46	3fffffffffff
N??CA?_EE?u?@gBO?k?	46	3fffffffffff
N??CA?_EE?u?@gBO?[?	46	3fffffffffff
N??CA?_EE?s_F??wF??	46	fffffffdefff
N??CA?_EE?s_F??wKO?	46	7ffffffffffe
N??CA?_EE?s_F??wEO?	46	3fffffffffff
N??CA?_EE?s_F??wBO?	46	3fffffffffff
N??CA?_EE?s_F??wKG?	46	7ffffffffffe
N??CA?_EE?s_F??wEG?	46	3fffffffffff
N??CA?_EE?s_F??wBG?	46	3fffffffffff
N??CA?_EE?s_F??wGg?	46	3fffffffffff
N??CA?_EE?s_F??wCg?	46	3fffffffffff
N??CA?_EE?s_F??wGW?	46	7ffffffff7ff
N??CA?_EE?s_F??wCW?	46	7ffffffff7ff
N??CA?_EE?s_F??wAW?	46	3fffffffffff
N??CA?_EE?s_F??w?w?	46	3fffffffffff
N??CA?_EE?s_F??wBC?	46	3fffffffffff
N??CA?_EE?s_F??wGc?	46	3fffffffffff
N??CA?_EE?s_F??wCc?	46	3fffffffffff
N??CA?_EE?s_F??wGS?	46	7ffffffff7ff
N??CA?_EE?s_F??w?s?	46	3fffffffffff
N??CA?_EE?s_F??wAK?	46	3fffffffffff
N??CA?_EE?s_F??w?k?	46	3fffffffffff
N??CA?_EE?s_F??w?[?	46	7ffffffdffff
N??CA?_EE?s_E_@WK_?	46	7ffffffffffe
N??CA?_EE?s_E_@WKO?	46	7ffffffdffff
N??CA?_EE?s_E_@WBO?	46	3fffffffdef7e
N??CA?_EE?s_E_@WKG?	46	7ffffffffffd
N??CA?_EE?s_E_@WEG?	46	3fffffffffff
N??CA?_EE?s_E_@WGg?	46	7ffffffff7ff
N??CA?_EE?s_E_@WCg?	46	7ffffffff7ff
N??CA?_EE?s_E_@W?w?	46	3fffffffffff
N??CA?_EE?s_E_@WGc?	46	7ffffffff7ff
N??CA?_EE?s_E_@WCc?	46	7ffffffff7ff
N??CA?_EE?s_E_@WAc?	46	3fffffffffff
N??CA?_EE?s_E_@WGS?	46	3fffffffffff
N??CA?_EE?s_E_@WCS?	46	3fffffffffff
N??CA?_EE?s_E_@W?s?	46	3fffffffffff
N??CA?_EE?s_E_@WGK?	46	7fffffffefff
N??CA?_EE?s_E_@WCK?	46	7fffffffefff
N??CA?_EE?s_E_@WAK?	46	3fffffffffff
N??CA?_EE?s_E_@W?k?	46	7ffffffdffff
N??CA?_EE?s_E_@W?[?	46	3fffffffffff
N??CA?_EE?s_D_AWF??	46	3fffffffffff
N??CA?_EE?s_D_AWK_?	46	7ffffffeffff
N??CA?_EE?s_D_AWKO?	46	7ffffffeffff
N??CA?_EE?s_D_AWDO?	46	3fffffffffff
N??CA?_EE?s_D_AWBO?	46	3fffffffffff
N??CA?_EE?s_D_AWGo?	46	fffffffdf7ff
N??CA?_EE?s_D_AWCo?	46	fffffffdefff
N??CA?_EE?s_D_AWKG?	46	7fffffffff7f
N??CA?_EE?s_D_AWEG?	46	3fffffffffff
N??CA?_EE?s_D_AWDG?	46	7ffffffff7ff
N??CA?_EE?s_D_AWBG?	46	3fffffffffff
N??CA?_EE?s_D_AWGg?	46	3fffffffffff
N??CA?_EE?s_D_AWCg?	46	3fffffffffff
N??CA?_EE?s_D_AWCW?	46	3fffffffffff
N??CA?_EE?s_D_AW@W?	46	3fffffffffff
N??CA?_EE?s_D_AW?w?	46	3fffffffffff
N??CA?_EE?s_D_AWBC?	46	3fffffffffff
N??CA?_EE?s_D_AWGc?	46	3fffffffffff
N??CA?_EE?s_D_AWCc?	46	3fffffffffff
N??CA?_EE?s_D_AW@c?	46	3fffffffffff
N??CA?_EE?s_D_AWGS?	46	3fffffffffff
N??CA?_EE?s_D_AWCS?	46	3fffffffffff
N??CA?_EE?s_D_AWGK?	46	7ffffffeffff
N??CA?_EE?s_D_AWAK?	46	3fffffffffff
N??CA?_EE?s_D_AW@K?	46	7ffffffdffff
N??CA?_EE?s_D_AW?k?	46	3fffffffffff
N??CA?_EE?s_D_AW?[?	46	3fffffffffff
N??CA?_EE?s_CoBGF??	46	3fffffffffff
N??CA?_EE?s_CoBGK_?	46	7fffffffff7f
N??CA?_EE?s_CoBGKO?	46	7fffffffefff
N??CA?_EE?s_CoBGEO?	46	7fffffffefff
N??CA?_EE?s_CoBGDO?	46	3fffffffffff
N??CA?_EE?s_CoBGAo?	46	3fffffffffff
N??CA?_EE?s_CoBGKG?	46	7fffffffefff
N??CA?_EE?s_CoBGEG?	46	7fffffffefff
N??CA?_EE?s_CoBGDG?	46	3fffffffffff
N??CA?_EE?s_CoBGGg?	46	3fffffffffff
N??CA?_EE?s_CoBGCg?	46	3fffffffffff
N??CA?_EE?s_CoBGGW?	46	3fffffffd77fd
N??CA?_EE?s_CoBGAW?	46	3fffffffcff7d
N??CA?_EE?s_CoBGBC?	46	3fffffffffff
N??CA?_EE?s_CoBG@c?	46	fffffffdf7ff
N??CA?_EE?s_CoBGGS?	46	3fffffffffff
N??CA?_EE?s_CoBGCS?	46	3fffffffffff
N??CA?_EE?s_CoBGAS?	46	3fffffffffff
N??CA?_EE?s_CoBGGK?	46	3fffffffffff
N??CA?_EE?s_CoBGCK?	46	3fffffffffff
N??CA?_EE?s_CoBGAK?	46	3fffffffffff
N??CA?_EE?s_CoBG?k?	46	3fffffffffff
N??CA?_EE?s_CoBG?[?	46	3fffffffffff
N??CA?_EE?s_@oEGK_?	46	7ffffffffffb
N??CA?_EE?s_@oEGKO?	46	7ffffffffffb
N??CA?_EE?s_@oEGEO?	46	3fffffffffff
N??CA?_EE?s_@oEGGo?	46	ffffffff0e7ff
N??CA?_EE?s_@oEGAo?	46	3fffffffffff
N??CA?_EE?s_@oEGKG?	46	7ffffffffffb
N??CA?_EE?s_@oEGEG?	46	3fffffffffff
N??CA?_EE?s_@oEGBG?	46	3fffffffffff
N??CA?_EE?s_@oEGAg?	46	3fffffffffff
N??CA?_EE?s_@oEGGW?	46	ffffffff0e7ff
N??CA?_EE?s_@oEG?w?	46	fffeff7fd7e7f
N??CA?_EE?s_@oEGBC?	46	fffffffdf7ff
N??CA?_EE?s_@oEGGc?	46	3fffffffffff
N??CA?_EE?s_@oEGCc?	46	3fffffffffff
N??CA?_EE?s_@oEGGS?	46	3fffffffffff
N??CA?_EE?s_@oEGCS?	46	3fffffffffff
N??CA?_EE?s_@oEGGK?	46	3fffffffffff
N??CA?_EE?s_@oEGCK?	46	3fffffffffff
N??CA?_EE?s_@oEG?[?	46	3fffffffffff
N??CA?_EE?s_CgBOF??	46	3fffffffffff
N??CA?_EE?s_CgBOKO?	46	7ffffffff7ff
N??CA?_EE?s_CgBODO?	46	3fffffffffff
N??CA?_EE?s_CgBO@o?	46	3fffffffffff
N??CA?_EE?s_CgBOKG?	46	7fffffff7fff
N??CA?_EE?s_CgBOEG?	46	3fffffffffff
N??CA?_EE?s_CgBODG?	46	7ffffffeffff
N??CA?_EE?s_CgBOCg?	46	7ffffffeffff
N??CA?_EE?s_CgBOAW?	46	3fffffffffff
N??CA?_EE?s_CgBOGc?	46	3fffffffffff
N??CA?_EE?s_CgBOCc?	46	3fffffffffff
N??CA?_EE?s_CgBO@c?	46	3fffffffffff
N??CA?_EE?s_CgBOGS?	46	7ffffffdffff
N??CA?_EE?s_CgBOCK?	46	3fffffffffff
N??CA?_EE?s_CgBO?k?	46	3fffffffffff
N??CA?_EE?s_CgBO?[?	46	3fffffffffff
N??CA?_EE?s_@gEOF??	46	7fffffffefff
N??CA?_EE?s_@gEOKO?	46	7ffffffffffd
N??CA?_EE?s_@gEOEO?	46	3fffffffffff
N??CA?_EE?s_@gEOCg?	46	3fffffffffff
N??CA?_EE?s_@gEOCW?	46	3fffffffffff
N??CA?_EE?s_@gEOBC?	46	3fffffffffff
N??CA?_EE?s_@gEOGS?	46	7fffffffefff
N??CA?_EE?s_@gEOAS?	46	3fffffffffff
N??CA?_EE?s_@gEOCK?	46	3fffffffffff
N??CA?_EE?s_@gEO?[?	46	3fffffffffff
N??CA?_EE?sOF?@WK_?	46	3fffffffffff
N??CA?_EE?sOF?@WB_?	46	3fff7fefdfeff
N??CA?_EE?sOF?@WKO?	46	fffffffdfffe
N??CA?_EE?sOF?@WKG?	46	7ffffffffffe
N??CA?_EE?sOF?@WEG?	46	3fffffffffff
N??CA?_EE?sOF?@WBG?	46	3ffffffe97fff
N??CA?_EE?sOF?@WGg?	46	3fffffff0ffff
N??CA?_EE?sOF?@WCg?	46	7fffffff7fff
N??CA?_EE?sOF?@WGW?	46	7ffffffff7ff
N??CA?_EE?sOF?@WCW?	46	7ffffffff7ff
N??CA?_EE?sOF?@WAW?	46	3fffffffffff
N??CA?_EE?sOF?@W?w?	46	3fffffffffff
N??CA?_EE?sOF?@WGc?	46	3fffffffffff
N??CA?_EE?sOF?@WGS?	46	7ffffffff7ff
N??CA?_EE?sOF?@WCS?	46	7ffffffff7ff
N??CA?_EE?sOF?@WAS?	46	3fffffffffff
N??CA?_EE?sOF?@W?s?	46	3fffffffffff
N??CA?_EE?sOF?@WCK?	46	ffffffff77ff
N??CA?_EE?sOF?@WAK?	46	3fffffffffff
N??CA?_EE?sOF?@W?k?	46	7ffffffffffb
N??CA?_EE?sOF?@W?[?	46	7ffffffdffff
N??CA?_EE?sODOBGF??	46	3fffffffffff
N??CA?_EE?sODOBGK_?	46	3fffffffffff
N??CA?_EE?sODOBGB_?	46	3fff7fefdfeff
N??CA?_EE?sODOBGKO?	46	ffffffffef7f
N??CA?_EE?sODOBGAo?	46	3fffffffffff
N??CA?_EE?sODOBGKG?	46	7fffffffefff
N??CA?_EE?sODOBGDG?	46	3fffffffffff
N??CA?_EE?sODOBGCg?	46	3fffffffffff
N??CA?_EE?sODOBGCW?	46	7ffffffdffff
N??CA?_EE?sODOBG@W?	46	3fffffffffff
N??CA?_EE?sODOBGGc?	46	3fffffffffff
N??CA?_EE?sODOBGGS?	46	7ffffffeffff
N??CA?_EE?sODOBGCS?	46	fffffffef7ff
N??CA?_EE?sODOBGAS?	46	3fffffffffff
N??CA?_EE?sODOBG?[?	46	3fffffffffff
N??CA?_EE?kOF?@WF??	46	7ffffffeffff
N??CA?_EE?kOF?@WB_?	46	3fffffffffff
N??CA?_EE?kOF?@WBO?	46	fffffffdff7f
N??CA?_EE?kOF?@WSG?	46	7ffffffffffe
N??CA?_EE?kOF?@WBG?	46	3fffffffffff
N??CA?_EE?kOF?@WCg?	46	3fffffffffff
N??CA?_EE?kOF?@WOW?	46	7ffffffff7ff
N??CA?_EE?kOF?@WAW?	46	3fffffffffff
N??CA?_EE?kOF?@W?w?	46	3fffffffffff
N??CA?_EE?kOF?@WBC?	46	3fffffffffff
N??CA?_EE?kOF?@WOS?	46	7ffffffff7ff
N??CA?_EE?kOF?@WAS?	46	3fffffffffff
N??CA?_EE?kOF?@W?s?	46	3fffffffffff
N??CA?_EE?kOF?@WOK?	46	7ffffffff7ff
N??CA?_EE?kOF?@WAK?	46	3fffffffffff
N??CA?_EE?kODOBGF??	46	3fffffffffff
N??CA?_EE?kODOBGS_?	46	3fffffffffff
N??CA?_EE?kODOBGBO?	46	3fffffffffff
N??CA?_EE?kODOBGOo?	46	3fffffffffff
N??CA?_EE?kODOBGSG?	46	7fffffffefff
N??CA?_EE?kODOBGBG?	46	3fffffffffff
N??CA?_EE?kODOBGOg?	46	3fffffffffff
N??CA?_EE?kODOBGCg?	46	3fffffffffff
N??CA?_EE?kODOBG@W?	46	3fffffffffff
N??CA?_EE?kODOBG?w?	46	3fffffffffff
N??CA?_EE?kODOBGBC?	46	3fffffffffff
N??CA?_EE?kODOBGOc?	46	3fffffffffff
N??CA?_EE?kODOBGOS?	46	7ffffffeffff
N??CA?_EE?kODOBGAS?	46	3fffffffffff
N??CA?_EE?kODOBG@S?	46	7ffffffdffff
N??CA?_EE?kODOBG?s?	46	3fffffffffff
N??CA?_EE?kODOBGOK?	46	3fffffffffff
N??CA?_EE?kODOBG?[?	46	3fffffffffff
N??CA?_EE?iOHOBGF??	46	3fffffffffff
N??CA?_EE?iOHOBGE_?	46	3fffffffffff
N??CA?_EE?iOHOBGDO?	46	3fffffffffff
N??CA?_EE?iOHOBGCo?	46	3fffffffffff
N??CA?_EE?iOHOBG@o?	46	3fffffffffff
N??CA?_EE?iOHOBGSG?	46	7fffffffefff
N??CA?_EE?iOHOBGEG?	46	7fffffffefff
N??CA?_EE?iOHOBGDG?	46	3fffffffffff
N??CA?_EE?iOHOBGAg?	46	3fffffffffff
N??CA?_EE?iOHOBGOW?	46	3fffffffd77fd
N??CA?_EE?iOHOBGBC?	46	7fffffffefff
N??CA?_EE?iOHOBGOc?	46	3fffffffffff
N??CA?_EE?iOHOBGCS?	46	3fffffffffff
N??CA?_EE?iOHOBG@S?	46	7ffffffeffff
N??CA?_EE?iOHOBG?s?	46	3fffffffffff
N??CA?_EE?iOHOBGOK?	46	3fffffffffff
N??CA?_EE?iOHOBGCK?	46	3fffffffffff
N??CA?_EE?iOHOBGAK?	46	3fffffffffff
N??CA?_EE?iOBOHGF??	46	3fffffffffff
N??CA?_EE?iOBOHGS_?	46	7ffffffeffff
N??CA?_EE?iOBOHGE_?	46	7ffffffeffff
N??CA?_EE?iOBOHGDO?	46	3fffffffffff
N??CA?_EE?iOBOHGCo?	46	7ffffffdffff
N??CA?_EE?iOBOHGSG?	46	3fffffffffff
N??CA?_EE?iOBOHGEG?	46	3fffffffffff
N??CA?_EE?iOBOHGCS?	46	7ffffffdffff
N??CA?_EE?iOBOHGCK?	46	3fffffffffff
N??CA?_EE?goF?GWF??	46	3fffffffffff
N??CA?_EE?goF?GWEO?	46	3fffffffffff
N??CA?_EE?goF?GWSG?	46	7ffffffffffe
N??CA?_EE?goF?GWEG?	46	3fffffffffff
N??CA?_EE?goF?GWCW?	46	7ffffffff7ff
N??CA?_EE?goF?GWCS?	46	7ffffffff7ff
N??CA?_EE?goKOBGDO?	46	3fffffffffff
N??CA?_EE?goKOBGBO?	46	3fffffffffff
N??CA?_EE?goKOBGOo?	46	fffffffff7fd
N??CA?_EE?goKOBGSG?	46	7fffffffefff
N??CA?_EE?goKOBGAg?	46	3fffffffffff
N??CA?_EE?goKOBG@g?	46	3fffffffffff
N??CA?_EE?goKOBGOW?	46	fffffffdf7ff
N??CA?_EE?goKOBGOc?	46	7ffffffffffb
N??CA?_EE?goKOBGCS?	46	3fffffffffff
N??CA?_EE?goKOBGAS?	46	3fffffffffff
N??CA?_EE?goKOBG?s?	46	7fffffffefff
N??CA?_EE?goKOBGOK?	46	3fffffffffff
N??CA?_EE?goKOBGCK?	46	3fffffffffff
N??CA?_EE?goEOHGS_?	46	7ffffffffffd
N??CA?_EE?goEOHGE_?	46	3fffffffffff
N??CA?_EE?goEOHGEO?	46	3fffffffffff
N??CA?_EE?goEOHGCo?	46	7ffffffff7ff
N??CA?_EE?goEOHGSG?	46	3fffffffffff
N??CA?_EE?goEOHGCS?	46	7fffffffefff
N??CA?_EE?goEOHGCK?	46	3fffffffffff
N??CA?_EE?goHOEGF??	46	7ffffffeffff
N??CA?_EE?goHOEGE_?	46	3fffffffffff
N??CA?_EE?goHOEGEO?	46	3fffffffffff
N??CA?_EE?goHOEGBO?	46	fffffffff77f
N??CA?_EE?goHOEGOo?	46	ffffffff0e7ff
N??CA?_EE?goHOEGSG?	46	7ffffffffffb
N??CA?_EE?goHOEGAg?	46	3fffffffffff
N??CA?_EE?goHOEGOW?	46	ffffffff0e7ff
N??CA?_EE?goHOEGBC?	46	7fffffffefff
N??CA?_EE?goHOEGCS?	46	3fffffffffff
N??CA?_EE?goHOEGOK?	46	3fffffffffff
N??CA?_EE?goHOEGCK?	46	3fffffffffff
N??CA?_EE?goDOIGF??	46	7ffffffeffff
N??CA?_EE?goDOIGEO?	46	3fffffffffff
N??CA?_EE?goDOIGDO?	46	7ffffffff7ff
N??CA?_EE?goDOIGSG?	46	3fffffffffff
N??CA?_EE?goDOIGCS?	46	7ffffffeffff
N??CA?_EE?goDOIGCK?	46	3fffffffffff
N??CA?_EE?co?wF?[??	46	7ffffffffffe
N??CA?_EE?co?wF?U??	46	3fffffffffff
N??CA?_EE?co?wF?M??	46	3fffffffffff
N??CA?_EE?co?wF?R??	46	3fffffffffff
N??CA?_EE?co?wF?J??	46	7fffffffff7f
N??CA?_EE?co?wF?F??	46	3fffffffffff
N??CA?_EE?co?wF?WG?	46	7ffffffff7ff
N??CA?_EE?co?wF?SG?	46	7ffffffff7ff
N??CA?_EE?co?wF?KG?	46	7ffffffff7ff
N??CA?_EE?co?wF?QG?	46	3fffffffffff
N??CA?_EE?co?wF?EG?	46	3fffffffffff
N??CA?_EE?co?wF?BG?	46	3fffffffffff
N??CA?_EE?co?wF?Og?	46	3fffffffffff
N??CA?_EE?co?wF?Cg?	46	7ffffffffffb
N??CA?_EE?co?wF?WC?	46	7ffffffff7ff
N??CA?_EE?co?wF?IC?	46	3fffffffffff
N??CA?_EE?co?wF?BC?	46	3fffffffffff
N??CA?_EE?co?wF?Oc?	46	3fffffffffff
N??CA?_EE?co?wF?Gc?	46	3fffffffffff
N??CA?_EE?co?wF?OK?	46	7ffffffdffff
N??CA?_EE?aoGoBG[??	46	7fffffffefff
N??CA?_EE?aoGoBGL??	46	3fffffffffff
N??CA?_EE?aoGoBGR??	46	3fffffffffff
N??CA?_EE?aoGoBGJ??	46	3fffffffffff
N??CA?_EE?aoGoBGW_?	46	3fffffffffff
N??CA?_EE?aoGoBGS_?	46	3fffffffffff
N??CA?_EE?aoGoBGK_?	46	3fffffffffff
N??CA?_EE?aoGoBGI_?	46	3fffffffffff
N??CA?_EE?aoGoBGB_?	46	3fffffffffff
N??CA?_EE?aoGoBGSG?	46	7ffffffdffff
N??CA?_EE?aoGoBGPG?	46	3fffffffffff
N??CA?_EE?aoGoBGOg?	46	3fffffffffff
N??CA?_EE?aoGoBGAg?	46	3fffffffffff
N??CA?_EE?aoGoBGWC?	46	3fffffffffff
N??CA?_EE?aoGoBGKC?	46	3fffffffffff
N??CA?_EE?aoGoBGIC?	46	3fffffffffff
N??CA?_EE?aoGoBGHC?	46	3fffffffffff
N??CA?_EE?aoGoBGBC?	46	3fffffffffff
N??CA?_EE?aoGoBGGc?	46	3fffffffffff
N??CA?_EE?aoGoBGOK?	46	3fffffffffff
N??CA?_EE?aoGoBGAK?	46	3fffffffffff
N??CA?_EE?aoGgBO[??	46	7ffffffff7ff
N??CA?_EE?aoGgBOT??	46	3fffffffffff
N??CA?_EE?aoGgBOL??	46	3fffffffffff
N??CA?_EE?aoGgBOF??	46	3fffffffffff
N??CA?_EE?aoGgBOK_?	46	3fffffffffff
N??CA?_EE?aoGgBOSG?	46	3fffffffffff
N??CA?_EE?aoGgBOKG?	46	3fffffffffff
N??CA?_EE?aoGgBOCK?	46	3fffffffffff
N??CA?_EE?oWL?BGK_?	46	7ffffffffffb
N??CA?_EE?oWL?BGKO?	46	ffffffffeffd
N??CA?_EE?oWL?BGCo?	46	7fffffffefff
N??CA?_EE?oWL?BGAo?	46	3fffffffffff
N??CA?_EE?oWL?BGDG?	46	3fffffffffff
N??CA?_EE?oWL?BGBG?	46	7fffffffefff
N??CA?_EE?oWL?BGCg?	46	7fffffffefff
N??CA?_EE?oWL?BGCW?	46	fffffffdfffe
N??CA?_EE?oWL?BGCK?	46	7ffffffff7ff
N??CA?_EE?oWF?HGK_?	46	7ffffffffffb
N??CA?_EE?oWF?HGKO?	46	fffdf7ffff77c
N??CA?_EE?oWF?HGCo?	46	7fffffffefff
N??CA?_EE?oWF?HGEG?	46	3fffffffffff
N??CA?_EE?oWF?HGCg?	46	ffffffff6fff
N??CA?_EE?oWF?HGCW?	46	fbffbfffff77c
N??CA?_EE?oWF?HGCK?	46	ffffffff77ff
N??CA?_EE?_wGgF?[??	46	7ffffffffffe
N??CA?_EE?_wGgF?U??	46	3fffffffffff
N??CA?_EE?_wGgF?M??	46	3fffffffffff
N??CA?_EE?_wGgF?K_?	46	3fffffffffff
N??CA?_EE?_wGgF?SG?	46	7ffffffff7ff
N??CA?_EE?_wGgF?EG?	46	3fffffffffff
N??CA?_EE?_wGgF?Cc?	46	7ffffffffffb
N??CA?_EE?_wGgF?CK?	46	fffffffdfffb
N??CA?_EE?sCF?@oKO?	46	7ffffffffffe
N??CA?_EE?sCF?@oEO?	46	3fffffffffff
N??CA?_EE?sCF?@oEG?	46	3fffffffffff
N??CA?_EE?sCF?@oCg?	46	3fffffffffff
N??CA?_EE?sCF?@oCc?	46	3fffffffffff
N??CA?_EE?sCF?@oCK?	46	7ffffffff7ff
N??CA?_EE?sCD_BOF??	46	3fffffffffff
N??CA?_EE?sCD_BOKO?	46	7ffffffff7ff
N??CA?_EE?sCD_BODO?	46	3fffffffffff
N??CA?_EE?sCD_BOCo?	46	3fffffffffff
N??CA?_EE?sCD_BOEG?	46	3fffffffffff
N??CA?_EE?sCD_BODG?	46	7ffffffff7ff
N??CA?_EE?sCD_BOCg?	46	3fffffffffff
N??CA?_EE?sCD_BOCW?	46	3fffffffffff
N??CA?_EE?sCD_BOCc?	46	3fffffffffff
N??CA?_EE?sCD_BOCK?	46	7ffffffeffff
N??CAA_K?oJ?BOP_SC?	46	3fffffffffff
N??CAA_K?oJ?BOP_CS?	46	3fffffffffff
N??CAA_K?oJ?BOP_?[?	46	3fffffffffff
N??CAA_K?oJ?BOP_OE?	46	3fffffffffff
N??CAA_K?oJ?BOP_OH?	46	3fffffff0ffff
N??CAA_K?oJ?BOP_OD?	46	3fffffffffff
N??CAA_K?oJ?BOP_?T?	46	3fffffffffff
N??CAA_K?oJ?BOP_?L?	46	3fffffffffff
N??CAA_K?oJ?BO@oSC?	46	3fffffffffff
N??CAA_K?oJ?BO@oCS?	46	3fffffffffff
N??CAA_K?oJ?BO@o?U?	46	3fffffffffff
N??CAA_K?oW_Q_@o@g?	46	3faeffff75e937d2
N??CAA_K?oW_Q_@oEA?	46	3bffbffffff7d
N??CAA_K?oW_Q_@oDA?	46	3fffffffffff
N??CAA_K?oW_HOQ_BA?	46	3fffffffffff
N??CAA_K?oW_HOQ_A`?	46	3fffffffffff
N??CAA_K?oW_HOQ_AH?	46	3fffffffffff
N??CAA_K?oW_HOAoI@?	46	3fffffffffff
N??CAA_K?oW_GoR?Ag?	46	3fffffffffff
N??CAA_K?oW_GoR??w?	46	2ffdeff7fe70fccc
N??CAA_K?oW_GoR??[?	46	2ffdeff7fe70fccc
N??CAA_K?oW_GoR?BA?	46	3fffffffffff
N??CAA_K?oW_GoR?A`?	46	3fffffffffff
N??CAA_K?oW_GoR?AP?	46	3fffffffffff
N??CAA_K?oW_GoR?AH?	46	3fffffffffff
N??CAA_K?oW_GoBOBO?	46	3fffffffffff
N??CAA_K?oW_GoBOGo?	46	2ffdeff7fe70fccc
N??CAA_K?oW_GoBOI@?	46	3fffffffffff
N??CAA_K?oW_@oB_J??	46	3ffff7dfdf7ff
N??CAA_K?oW_@oB_HG?	46	3faeffff75e937d2
N??CAA_K?oW_@oB_BG?	46	3ffdffdfdff7f
N??CAA_K?oW_@oB_HC?	46	3faeffff75e937d2
N??CAA_K?oW_@oB_DC?	46	3ffffffe97fff
N??CAA_K?oW_@oB_GK?	46	3faeffff75e937d2
N??CAA_K?oW_@oB_CK?	46	3faeffff75e937d2
N??CAA_K?oW_@oB_@K?	46	3fefebfbbba64b7e
N??CAA_K?oW_@oB_IA?	46	3fffffffffff
N??CAA_K?oW_@oB_DA?	46	3fffffffffff
N??CAA_K?oW_@oB_BA?	46	3ffffffe97fff
N??CAA_K?oW_@oB_CI?	46	1ffffffffb7fe
N??CAA_K?oW_@oB_AI?	46	3fffffffffff
N??CAA_K?oW_@oB_GE?	46	1ffffffffb7fe
N??CAA_K?oW_@oB_AE?	46	1ffffffffb7fe
N??CAA_K?oW_@oB_E@?	46	1ffffeffff7fd
N??CAA_K?oW_@oB_B@?	46	3ffffffe97fff
N??CAA_K?oW_@oB_AH?	46	3ffffffe97fff
N??CAA_K?oW_@oB_@D?	46	1ffffffffb7fe
N??CAA_K?oW_@oB_CB?	46	3fff7fefdfeff
N??CAA_K?oW_QG@oBA?	46	7ffffffff7ff
N??CAA_K?oW_QG@oAI?	46	3fffffffffff
N??CAA_K?oW_QG@oAB?	46	7ffffffdffff
N??CAA_K?oW_AW@oIA?	46	3fffffffffff
N??CAA_K?oW_AW@oBA?	46	3fffffffffff
N??CAA_K?oW_AW@oAB?	46	3fffffffffff
N??CAA_K?oW_@WQ_F??	46	3fffffffffff
N??CAA_K?oW_@WQ_BA?	46	3fffffffffff
N??CAA_K?oW_@WQ_E@?	46	3fffffffffff
N??CAA_K?oW_@WQ_AP?	46	3fffffffffff
N??CAA_K?oW_@WQ_AB?	46	3fffffffffff
N??CAA_K?oW_@WB_DO?	46	3ffffffe97fff
N??CAA_K?oW_@WB_EG?	46	3fffffffffff
N??CAA_K?oW_@WB_CW?	46	3faeffff75e937d2
N??CAA_K?oW_@WB_IA?	46	3fffffffffff
N??CAA_K?oW_@WB_BA?	46	3fffffffffff
N??CAA_K?oW_@WB_E@?	46	3fffffffffff
N??CAA_K?oW_@WB_@P?	46	1ffffffffb7fe
N??CAA_K?oW_@WB_AH?	46	3fffffffffff
N??CAA_K?oW_@WB_AB?	46	3fffffffffff
N??CAA_K?oW_@WAoBA?	46	3fffffffffff
N??CAA_K?oW_@WAoAQ?	46	3fffffffffff
N??CAA_K?oW_@WAoE@?	46	3fffffffffff
N??CAA_K?oW_@WAoAP?	46	3fffffffffff
N??CAA_K?oW_@WAoAB?	46	3fffffffffff
N??CAA_K?oW_?wR?BA?	46	3fffffffffff
N??CAA_K?oW_?wR?AI?	46	3fffffffffff
N??CAA_K?oW_?wR?E@?	46	3fffffffffff
N??CAA_K?oW_?wR?AB?	46	3fffffffffff
N??CAA_K?oW_?wBOBO?	46	3fffffffffff
N??CAA_K?oW_?wBOIA?	46	3fffffffffff
N??CAA_K?oW_?wBOBA?	46	3fffffffffff
N??CAA_K?oW_?wBOE@?	46	3fffffffffff
N??CAA_K?oW_?wBOAP?	46	3fffffffffff
N??CAA_K?oW_?wBOAB?	46	3fffffffffff
N??CAA_K?oP_X?AoGS?	46	3fffffff0ffff
N??CAA_K?oP_X?Ao?k?	46	3ffffffe97fff
N??CAA_K?oP_X?AoIA?	46	3fffffffffff
N??CAA_K?oP_X?AoAI?	46	3fffffffffff
N??CAA_K?oP_X?Ao?i?	46	3fffffffffff
N??CAA_K?oP_X?AoAE?	46	3fffffffffff
N??CAA_K?oP_X?Ao?M?	46	3fffffffffff
N??CAA_K?oP_X?AoI@?	46	3fffffffffff
N??CAA_K?oP_X?Ao?d?	46	3fffffffffff
N??CAA_K?oP_X?AoGB?	46	3fffffffffff
N??CAA_K?oP_X?Ao?b?	46	3fffffffffff
N??CAA_K?oP_X?Ao?R?	46	3fffffffffff
N??CAA_K?oP_X?Ao?J?	46	3fffffffffff
N??CAA_K?oP_X?@oJ??	46	3fffffffffff
N??CAA_K?oP_X?@oHC?	46	3fffffff0ffff
N??CAA_K?oP_X?@oAS?	46	3fffffffffff
N??CAA_K?oP_X?@oBA?	46	3fffffffffff
N??CAA_K?oP_X?@o@E?	46	3fffffffffff
N??CAA_K?oP_X?@oI@?	46	3fffffffffff
N??CAA_K?oP_X?@oAP?	46	3fffffffffff
N??CAA_K?oP_X?@oAH?	46	3fffffffffff
N??CAA_K?oP_X?@oAD?	46	3fffffffffff
N??CAA_K?oP_X?@o@D?	46	3fffffffffff
N??CAA_K?oP_X?@oAB?	46	3fffffffffff
N??CAA_K?oP_X?@o@B?	46	3fffffffffff
N??CAA_K?oP_X?@o?R?	46	3fffffffffff
N??CAA_K?oP_X??sJ??	46	3fffffffffff
N??CAA_K?oP_X??sB_?	46	3fffffffffff
N??CAA_K?oP_X??sBO?	46	3fffffffffff
N??CAA_K?oP_X??sBG?	46	3fffffffffff
N??CAA_K?oP_X??sBC?	46	3fffffffffff
N??CAA_K?oP_X??s@K?	46	3fffffffffff
N??CAA_K?oP_X??s?k?	46	1ffffffffb7fe
N??CAA_K?oP_X??sI@?	46	3fffffffffff
N??CAA_K?oP_X??sA`?	46	3fffffffffff
N??CAA_K?oP_X??s@H?	46	3fffffffffff
N??CAA_K?oP_X??s?L?	46	3fffffffffff
N??CAA_K?oP_X??qJ??	46	3fffffffffff
N??CAA_K?oP_X??qAo?	46	3fffffffffff
N??CAA_K?oP_X??qIG?	46	3fffffffffff
N??CAA_K?oP_R?GoGS?	46	3fffffff0ffff
N??CAA_K?oP_R?Go?k?	46	3ffffffe97fff
N??CAA_K?oP_R?GoIA?	46	3fffffffffff
N??CAA_K?oP_R?GoGa?	46	3fffffffffff
N??CAA_K?oP_R?GoAE?	46	3fffffffffff
N??CAA_K?oP_R?Go?e?	46	3fffffffffff
N??CAA_K?oP_R?Go?M?	46	3fffffffffff
N??CAA_K?oP_R?GoAH?	46	3fffffffffff
N??CAA_K?oP_R?Go?T?	46	3fffffffffff
N??CAA_K?oP_R?GoGB?	46	3fffffffffff
N??CAA_K?oP_R?Go?b?	46	3fffffffffff
N??CAA_K?oP_R?Go?R?	46	3fffffffffff
N??CAA_K?oP_R?Go?J?	46	3fffffffffff
N??CAA_K?oP_R?@oKC?	46	3fffffff0ffff
N??CAA_K?oP_R?@oGS?	46	3faeffff75e937d2
N??CAA_K?oP_R?@oKA?	46	3fffffffffff
N??CAA_K?oP_R?@oEA?	46	3fffffffffff
N??CAA_K?oP_R?@oAI?	46	3fffffffffff
N??CAA_K?oP_R?@oGE?	46	3fffffffffff
N??CAA_K?oP_R?@oCE?	46	3fffffffffff
N??CAA_K?oP_R?@oAE?	46	3fffffffffff
N??CAA_K?oP_R?@oGP?	46	2ffdeff7fe70fccc
N??CAA_K?oP_R?@o?X?	46	3faeffff75e937d2
N??CAA_K?oP_R?@oCD?	46	3fffffffffff
N??CAA_K?oP_R?@o?T?	46	1ffffffffb7fe
N??CAA_K?oP_R?@oGB?	46	3fffffffffff
N??CAA_K?oP_R?@oCB?	46	3fffffffffff
N??CAA_K?oP_R?@o?F?	46	3fffffffffff
N??CAA_K?oP_R??wKO?	46	3fffffff0ffff
N??CAA_K?oP_R??wAo?	46	3fffffffffff
N??CAA_K?oP_R??wIA?	46	3fffffffffff
N??CAA_K?oP_R??wEA?	46	3fffffffffff
N??CAA_K?oP_R??wCa?	46	3fffffffffff
N??CAA_K?oP_R??wAa?	46	3fffffffffff
N??CAA_K?oP_R??wC`?	46	3fffffffffff
N??CAA_K?oP_R??qGo?	46	2ffdeff7fe70fccc
N??CAA_K?oP_R??qCS?	46	3fffffffffff
N??CAA_K?oP_R??qAS?	46	3fffffffffff
N??CAA_K?oP_R??q?k?	46	1ffffffffb7fe
N??CAA_K?oP_R??qKA?	46	3fffffffffff
N??CAA_K?oP_R??qCa?	46	3fffffffffff
N??CAA_K?oP_R??qCQ?	46	3fffffffffff
N??CAA_K?oP_R??q?q?	46	3fffffffffff
N??CAA_K?oP_R??qCI?	46	3fffffffffff
N??CAA_K?oP_R??qAE?	46	3fffffffffff
N??CAA_K?oP_R??q?M?	46	3fffffffffff
N??CAA_K?oP_W_@oJ??	46	3fffffffffff
N??CAA_K?oP_W_@oAc?	46	3fffffffffff
N??CAA_K?oP_W_@oBA?	46	3fffffffffff
N??CAA_K?oP_W_@oI@?	46	3fffffffffff
N??CAA_K?oP_W_@oA`?	46	3fffffffffff
N??CAA_K?oP_W_@oAH?	46	3fffffffffff
N??CAA_K?oP_W_@oAD?	46	3fffffffffff
N??CAA_K?oP_W_@o@D?	46	3fffffffffff
N??CAA_K?oP_W_@oGB?	46	3fffffffffff
N??CAA_K?oP_W_@o@B?	46	3fffffffffff
N??CAA_K?oP_W_@o?b?	46	3fffffffffff
N??CAA_K?oP_W_@SJ??	46	3fffffffffff
N??CAA_K?oP_W_@SB_?	46	3fffffffffff
N??CAA_K?oP_W_@SBO?	46	3fffffffffff
N??CAA_K?oP_W_@SBG?	46	3fffffffffff
N??CAA_K?oP_W_@SAg?	46	3fffffffffff
N??CAA_K?oP_W_@SHC?	46	3fffffffffff
N??CAA_K?oP_W_@SBC?	46	3fffffffffff
N??CAA_K?oP_W_@S@c?	46	3fffffffffff
N??CAA_K?oP_W_@S@K?	46	3fffffffffff
N??CAA_K?oP_W_@SI@?	46	3fffffffffff
N??CAA_K?oP_W_@SH@?	46	3fffffffffff
N??CAA_K?oP_W_@SA`?	46	3fffffffffff
N??CAA_K?oP_W_@SAH?	46	3fffffffffff
N??CAA_K?oP_W_@S@H?	46	3fffffffffff
N??CAA_K?oP_W_@QJ??	46	3fffffffffff
N??CAA_K?oP_W_@QAo?	46	3fffffffffff
N??CAA_K?oP_W_@QIG?	46	3fffffffffff
N??CAA_K?oP_W_@QBG?	46	3fffffffffff
N??CAA_K?oP_W_@QAW?	46	3fffffffffff
N??CAA_K?oP_Q_@oGc?	46	3faeffff75e937d2
N??CAA_K?oP_Q_@oKA?	46	3fffffffffff
N??CAA_K?oP_Q_@oIA?	46	3fffffffffff
N??CAA_K?oP_Q_@oEA?	46	3fffffffffff
N??CAA_K?oP_Q_@oGE?	46	3fffffffffff
N??CAA_K?oP_Q_@oAE?	46	3fffffffffff
N??CAA_K?oP_Q_@oG`?	46	2ffdeff7fe70fccc
N??CAA_K?oP_Q_@oGD?	46	3ffffffffffcc
N??CAA_K?oP_Q_@oCD?	46	3fffffffffff
N??CAA_K?oP_Q_@oAD?	46	3fffffffffff
N??CAA_K?oP_Q_@o?d?	46	1ffffffffb7fe
N??CAA_K?oP_Q_@oGB?	46	3fffffffffff
N??CAA_K?oP_Q_@oCB?	46	3fffffffffff
N??CAA_K?oP_Q_@WM??	46	3fffffffffff
N??CAA_K?oP_Q_@WAo?	46	3fffffffffff
N??CAA_K?oP_Q_@WCW?	46	3ffffffe97fff
N??CAA_K?oP_Q_@WAW?	46	3fffffffffff
N??CAA_K?oP_Q_@WKA?	46	3fffffffffff
N??CAA_K?oP_Q_@WIA?	46	3fffffffffff
N??CAA_K?oP_Q_@WEA?	46	3fffffffffff
N??CAA_K?oP_Q_@WCa?	46	3fffffffffff
N??CAA_K?oP_Q_@WAa?	46	3fffffffffff
N??CAA_K?oP_Q_@WC`?	46	3fffffffffff
N??CAA_K?oP_Q_@QEG?	46	3fffffffffff
N??CAA_K?oP_Q_@QGc?	46	3ffffffffffcc
N??CAA_K?oP_Q_@QCc?	46	3fffffffffff
N??CAA_K?oP_Q_@QCS?	46	3fffffffffff
N??CAA_K?oP_Q_@QAS?	46	3fffffffffff
N??CAA_K?oP_Q_@QAK?	46	3fffffffffff
N??CAA_K?oP_Q_@QKA?	46	3fffffffffff
N??CAA_K?oP_Q_@QCa?	46	3fffffffffff
N??CAA_K?oP_Q_@QCQ?	46	3fffffffffff
N??CAA_K?oP_Q_@Q?q?	46	3fffffffffff
N??CAA_K?oP_Q_@QCI?	46	3fffffffffff
N??CAA_K?oP_Q_@QAE?	46	3fffffffffff
N??CAA_K?oP_Q_@Q?M?	46	3fffffffffff
N??CAA_K?oP_QGCo?i?	46	3fffffffffff
N??CAA_K?oP_QG@oAo?	46	3fffffffffff
N??CAA_K?oP_QG@oAW?	46	3fffffffffff
N??CAA_K?oP_QG@o?w?	46	3fefebfbbba64b7e
N??CAA_K?oP_QG@oIA?	46	7ffffffff7ff
N??CAA_K?oP_QG@oEA?	46	ffffffffe7ff
N??CAA_K?oP_QG@oCa?	46	3fffffffffff
N??CAA_K?oP_QG@oAa?	46	3fffffffffff
N??CAA_K?oP_QG@oAI?	46	3fffffffffff
N??CAA_K?oP_QG@oC`?	46	3fffffffffff
N??CAA_K?oH_Q_@oOg?	46	3faeffff75e937d2
N??CAA_K?oH_Q_@oSA?	46	3fffffff0ffff
N??CAA_K?oH_Q_@o?h?	46	3faeffff75e937d2
N??CAA_K?oH_BOP_CS?	46	3faeffff75e937d2
N??CAA_K?oH_BOP_?X?	46	3faeffff75e937d2
N??CAA_K?oH_BOOoCS?	46	3faeffff75e937d2
N??CAA_K?oH_BOOoAE?	46	3fefedefe76634fe
N??CAA_K?oH_BOOoA`?	46	3faeffff75e937d2
N??CAA_K?oH_BOOo?p?	46	3faeffff75e937d2
N??CAA_K?oH_BO@aM??	46	3ffffef7ef7ff
N??CAA_K?oH_BO@aWO?	46	2ffdeff7fe70fccc
N??CAA_K?oH_BO@aQO?	46	3ffffffe97fff
N??CAA_K?oH_BO@aIO?	46	3faeffff75e937d2
N??CAA_K?oH_BO@aWC?	46	3ffffffffffcc
N??CAA_K?oH_BO@aKC?	46	3fffffffffff
N??CAA_K?oH_BO@aEC?	46	3ffffdefdefff
N??CAA_K?oH_BO@aSA?	46	1ffffffffb7fe
N??CAA_K?oWOB_HOJ??	46	3fffffffffff
N??CAA_K?oWOB_HOBC?	46	3fffffffffff
N??CAA_K?oWOB_HOGc?	46	2ffdeff7fe70fccc
N??CAA_K?oWOB_HOAc?	46	3fffffffffff
N??CAA_K?oWOB_HOI@?	46	3fffffffffff
N??CAA_K?oWOB_HOA`?	46	3fffffffffff
N??CAA_K?oWOB_HOAH?	46	3fffffffffff
N??CAA_K?oWOB_HOAD?	46	3fffffffffff
N??CAA_K?oWOB_HO@B?	46	3fffffffffff
N??CAA_K?oWOB_BOI_?	46	3ffff7dfdf7ff
N??CAA_K?oWOB_BOAc?	46	3fffffffffff
N??CAA_K?oWOB_BOIA?	46	3fffffffffff
N??CAA_K?oWOB_BOEA?	46	3fffffffffff
N??CAA_K?oWOB_BOCa?	46	3fffffffffff
N??CAA_K?oWOB_BOAa?	46	3fffffffffff
N??CAA_K?oWOB_BOAI?	46	3fffffffffff
N??CAA_K?oWOB_BO?i?	46	3fffffffffff
N??CAA_K?oWOB_BOGE?	46	3fffffffffff
N??CAA_K?oWOB_BOAE?	46	3fffffffffff
N??CAA_K?oWOB_BOG`?	46	2ffdeff7fe70fccc
N??CAA_K?oWOB_BOA`?	46	3ffffffe97fff
N??CAA_K?oWOB_BOGD?	46	3ffffffffffcc
N??CAA_K?oWOB_BOCD?	46	3fffffffffff
N??CAA_K?oWOB_BOAD?	46	3fffffffffff
N??CAA_K?oWOB_BO?d?	46	1ffffffffb7fe
N??CAA_K?oWOB_BOGB?	46	3fffffffffff
N??CAA_K?oWOB_BOCB?	46	3fffffffffff
N??CAA_K?oWOB_BOAB?	46	3fffffffffff
N??CAA_K?oWOB_@WM??	46	3fffffffffff
N??CAA_K?oWOB_@WJ??	46	3fffffffffff
N??CAA_K?oWOB_@WF??	46	3fffffffffff
N??CAA_K?oWOB_@WD_?	46	3ffffffe97fff
N??CAA_K?oWOB_@WCg?	46	3faeffff75e937d2
N??CAA_K?oWOB_@WIA?	46	3fffffffffff
N??CAA_K?oWOB_@WBA?	46	3fffffffffff
N??CAA_K?oWOB_@WI@?	46	3fffffffffff
N??CAA_K?oWOB_@WE@?	46	3fffffffffff
N??CAA_K?oWOB_@WH@?	46	3ffffffffffcc
N??CAA_K?oWOB_@WD@?	46	3fffffffffff
N??CAA_K?oWOB_@WAH?	46	3fffffffffff
N??CAA_K?oWOB_@WGB?	46	3fffffffffff
N??CAA_K?oWOB_@WAB?	46	3fffffffffff
N??CAA_K?oWOB_@QM??	46	3fffffffffff
N??CAA_K?oWOB_@QJ??	46	3fffffff0ffff
N??CAA_K?oWOB_@QB_?	46	3ffffffe97fff
N??CAA_K?oWOB_@QEG?	46	3fffffffffff
N??CAA_K?oWOB_@Q@g?	46	3faeffff75e937d2
N??CAA_K?oWOB_@QEC?	46	3fffffffffff
N??CAA_K?oWOB_@QBC?	46	3fffffffffff
N??CAA_K?oWOB_@QKA?	46	3fffffffffff
N??CAA_K?oWOB_@QIA?	46	3fffffffffff
N??CAA_K?oWOB_@QEA?	46	3fffffffffff
N??CAA_K?oWOB_@QCa?	46	3fffffffffff
N??CAA_K?oWOB_@QCI?	46	3fffffffffff
N??CAA_K?oWOB_@QGE?	46	3fffffffffff
N??CAA_K?oWOB_@QAE?	46	3fffffffffff
N??CAA_K?oWOHOR??w?	46	2ffdeff7fe70fccc
N??CAA_K?oWOHOR?BA?	46	3fffffffffff
N??CAA_K?oWOHOR?AP?	46	3fffffffffff
N??CAA_K?oWOHOR?AH?	46	3fffffffffff
N??CAA_K?oWOHOR??J?	46	3fffffffffff
N??CAA_K?oWOHOBOI_?	46	3fffffffffff
N??CAA_K?oWOHOBOGo?	46	2ffdeff7fe70fccc
N??CAA_K?oWOHOBOI@?	46	3fffffffffff
N??CAA_K?oWOHOBOA`?	46	3bfffffbf7ffd
N??CAA_K?oWOHOBOAP?	46	3fffffffffff
N??CAA_K?oWOHOBOGB?	46	3fffffffffff
N??CAA_K?oWOHOBO@B?	46	2ffeffffffefb
N??CAA_K?oWO@oR?@g?	46	3faeffff75e937d2
N??CAA_K?oWO@oR?BA?	46	3fffffff0ffff
N??CAA_K?oWO@oR?AI?	46	3fffffffffff
N??CAA_K?oWO@oR?AE?	46	3ffffffffffcc
N??CAA_K?oWO@oR??M?	46	1ffffffffb7fe
N??CAA_K?oWO@oR?E@?	46	3bffbffffff7d
N??CAA_K?oWO@oR?CB?	46	3ffffbbfeefff
N??CAA_K?oWO@oR?AB?	46	3ffffbbfeefff
N??CAA_K?oWO@oR??J?	46	3fffffffffff
N??CAA_K?oWO@oBOIA?	46	3fffffffffff
N??CAA_K?oWO@oBOGE?	46	1ffffffffb7fe
N??CAA_K?oWO@oBOAE?	46	1ffffffffb7fe
N??CAA_K?oWO@WR?F??	46	3fffffffffff
N??CAA_K?oWO@WR?EO?	46	3fffffffffff
N??CAA_K?oWO@WR?BO?	46	3fffffffffff
N??CAA_K?oWO@WR?BA?	46	3fffffffffff
N??CAA_K?oWO@WR?AI?	46	3fffffffffff
N??CAA_K?oWO@WR?E@?	46	3fffffffffff
N??CAA_K?oWO@WR?AB?	46	3fffffffffff
N??CAA_K?oWO@WBOIA?	46	3fffffffffff
N??CAA_K?oWO@WBOBA?	46	3fffffffffff
N??CAA_K?oWO@WBOE@?	46	3fffffffffff
N??CAA_K?oWO@WBOA`?	46	3fffffffffff
N??CAA_K?oWO@WBOAB?	46	3fffffffffff
N??CAA_K?oPOX?@SJ??	46	3fffffffffff
N??CAA_K?oPOX?@SB_?	46	3fffffffffff
N??CAA_K?oPOX?@SBO?	46	7ffffffffffe
N??CAA_K?oPOX?@SBG?	46	3fffffffffff
N??CAA_K?oPOX?@SGg?	46	2ffdeff7fe70fccc
N??CAA_K?oPOX?@S@W?	46	3fffffffffff
N??CAA_K?oPOX?@SHC?	46	3fffffffffff
N??CAA_K?oPOX?@SBC?	46	7ffffffffffd
N??CAA_K?oPOX?@S@S?	46	7fffffffff7f
N??CAA_K?oPOX?@SAK?	46	3ffffffe97fff
N??CAA_K?oPOX?@S@K?	46	3fffffffffff
N??CAA_K?oPOX?@S?[?	46	1ffffffffb7fe
N??CAA_K?oPOX?@SI@?	46	2fffff7ff7ffb
N??CAA_K?oPOX?@SH@?	46	3fffffffffff
N??CAA_K?oPOX?@S@P?	46	7fffffffff7f
N??CAA_K?oPOX?@S@H?	46	3fffffffffff
N??CAA_K?oPOR?HOGg?	46	3fffffff0ffff
N??CAA_K?oPOR?HOAg?	46	3fffffffffff
N??CAA_K?oPOR?HOGS?	46	3fffffff0ffff
N??CAA_K?oPOR?HO?[?	46	3ffffffe97fff
N??CAA_K?oPOR?HOIA?	46	3fffffffffff
N??CAA_K?oPOR?HOGa?	46	3fffffffffff
N??CAA_K?oPOR?HOGQ?	46	3fffffffffff
N??CAA_K?oPOR?HOGE?	46	3fffffffffff
N??CAA_K?oPOR?HO?M?	46	3fffffffffff
N??CAA_K?oPOR?HOGP?	46	3fffffffffff
N??CAA_K?oPOR?HOAP?	46	7ffffffffffe
N??CAA_K?oPOR?HOAH?	46	3fffffffffff
N??CAA_K?oPOR?HO?X?	46	3fffffffffff
N??CAA_K?oPOR?HO?L?	46	3fffffffffff
N??CAA_K?oPOR?HOGB?	46	3fffffffffff
N??CAA_K?oPOR?HO?b?	46	3fffffffffff
N??CAA_K?oPOR?HO?R?	46	7fffffffff7f
N??CAA_K?oPOR?HO?J?	46	3fffffffffff
N??CAA_K?oPOR?@oKC?	46	3fffffff0ffff
N??CAA_K?oPOR?@oGc?	46	3faeffff75e937d2
N??CAA_K?oPOR?@oCK?	46	3ffffffe97fff
N??CAA_K?oPOR?@oKA?	46	3fffffffffff
N??CAA_K?oPOR?@oIA?	46	3fffffffffff
N??CAA_K?oPOR?@oEA?	46	7ffffffffffe
N??CAA_K?oPOR?@oAI?	46	3fffffffffff
N??CAA_K?oPOR?@oGE?	46	3fffffffffff
N??CAA_K?oPOR?@oAE?	46	7fffffffff7f
N??CAA_K?oPOR?@o?M?	46	3fffffffffff
N??CAA_K?oPOR?@oI@?	46	3fffffff0ffff
N??CAA_K?oPOR?@oAH?	46	3ffffffe97fff
N??CAA_K?oPOR?@oGD?	46	3ffffffffffcc
N??CAA_K?oPOR?@oCD?	46	7fffffffff7f
N??CAA_K?oPOR?@oAD?	46	7fffffffff7f
N??CAA_K?oPOR?@o?d?	46	1ffffffffb7fe
N??CAA_K?oPOR?@o?L?	46	1ffffffffb7fe
N??CAA_K?oPOR?@oCB?	46	7fffffffff7f
N??CAA_K?oPOR?@o?J?	46	3fffffffffff
N??CAA_K?oPOR?@o?F?	46	7fffffff7fff
N??CAA_K?oPOR?@WM??	46	3fffffffffff
N??CAA_K?oPOR?@WKO?	46	3fffffff0ffff
N??CAA_K?oPOR?@WCW?	46	3ffffffe97fff
N??CAA_K?oPOR?@WAW?	46	3fffffffffff
N??CAA_K?oPOR?@WKA?	46	3fffffffffff
N??CAA_K?oPOR?@WIA?	46	3fffffffffff
N??CAA_K?oPOR?@WAa?	46	3fffffffffff
N??CAA_K?oPOR?@WAQ?	46	7fffffffff7f
N??CAA_K?oPOR?@WCP?	46	7fffffffff7f
N??CAA_K?oPOR?@QKO?	46	3fffffffffff
N??CAA_K?oPOR?@QIO?	46	3fffffff0ffff
N??CAA_K?oPOR?@QGg?	46	2ffdeff7fe70fccc
N??CAA_K?oPOR?@QCW?	46	3fffffffffff
N??CAA_K?oPOR?@QAW?	46	3ffffffe97fff
N??CAA_K?oPOR?@QCS?	46	7fffffffff7f
N??CAA_K?oPOR?@QAS?	46	7fffffffff7f
N??CAA_K?oPOR?@QCK?	46	3fffffffffff
N??CAA_K?oPOR?@Q?[?	46	1ffffffffb7fe
N??CAA_K?oPOR?@QKA?	46	3fffffffffff
N??CAA_K?oPOR?@QCa?	46	3fffffffffff
N??CAA_K?oPOR?@QCQ?	46	7fffffffff7f
N??CAA_K?oPOR?@Q?q?	46	3fffffffffff
N??CAA_K?oPOR?@QCI?	46	3fffffffffff
N??CAA_K?oPOR?@Q?Y?	46	3fffffffffff
N??CAA_K?oPOR?@QAE?	46	7ffffffffeff
N??CAA_K?oPOR?@Q?M?	46	3fffffffffff
N??CAA_K?oPOP_HOJ??	46	3fffffffffff
N??CAA_K?oPOP_HOBG?	46	3fffffffffff
N??CAA_K?oPOP_HOGg?	46	2ffdeff7fe70fccc
N??CAA_K?oPOP_HOIC?	46	3fffffffffff
N??CAA_K?oPOP_HOHC?	46	3fffffff0ffff
N??CAA_K?oPOP_HOAc?	46	3fffffffffff
N??CAA_K?oPOP_HO@K?	46	3ffffffe97fff
N??CAA_K?oPOP_HOBA?	46	7ffffffffffe
N??CAA_K?oPOP_HO@E?	46	7fffffffff7f
N??CAA_K?oPOP_HO?M?	46	1ffffffffb7fe
N??CAA_K?oPOP_HOI@?	46	3fffffffffff
N??CAA_K?oPOP_HOB@?	46	7ffffffffffe
N??CAA_K?oPOP_HOAH?	46	3fffffffffff
N??CAA_K?oPOP_HO@H?	46	3fffffffffff
N??CAA_K?oPOP_HOAD?	46	7fffffffff7f
N??CAA_K?oPOP_HO?L?	46	3fffffffffff
N??CAA_K?oPOP_HO@B?	46	7fffffffff7f
N??CAA_K?oPOP_HO?J?	46	3fffffffffff
N??CAA_K?oDOOgDO?h?	46	3fffffffffff
N??CAA_K?oBOR?HOWO?	46	3fffffffffff
N??CAA_K?oBOR?HOOg?	46	3fffffffffff
N??CAA_K?oBOR?HOGg?	46	3ffffffff87ff
N??CAA_K?oBOR?HOOW?	46	3fffffffffff
N??CAA_K?oBOR?HOWC?	46	3fffffffffff
N??CAA_K?oBOR?HOGS?	46	3fffffffffff
N??CAA_K?oBOR?HO?s?	46	3fffffffffff
N??CAA_K?oBOR?HOOK?	46	3fffffffffff
N??CAA_K?oBOR?HO?[?	46	3fffffffffff
N??CAA_K?oBOR?HO?M?	46	3fffffffffff
N??CAA_K?oBOR?HOOP?	46	7ffffffffffe
N??CAA_K?oBOR?HO?X?	46	3fffffffffff
N??CAA_K?oBOR?HO?T?	46	7ffffffff7ff
N??CAA_K?oBOR?HO?J?	46	3fffffff0ffff
N??CAA_K?oBOR?@o[??	46	3fffffffffff
N??CAA_K?oBOR?@oSG?	46	3fffffffffff
N??CAA_K?oBOR?@oGg?	46	3ff73fdb9cfdef61
N??CAA_K?oBOR?@oCg?	46	3fffffffffff
N??CAA_K?oBOR?@oSC?	46	7ffffffffffe
N??CAA_K?oBOR?@oKC?	46	3fffffffffff
N??CAA_K?oBOR?@oCc?	46	3fffffffffff
N??CAA_K?oBOR?@oCK?	46	3fffffffffff
N??CAA_K?oBOR?@oSA?	46	7ffffffffffe
N??CAA_K?oBOR?@oW@?	46	3fffffff0ffff
N??CAA_K?oBOR?@oOH?	46	3ffffffe97fff
N??CAA_K?oBOR?@oCH?	46	3fffffffffff
N??CAA_K?oBOR?@oCD?	46	7ffffffff7ff
N??CAA_K?oBOR?@o?d?	46	3fffffffffff
N??CAA_K?oBOR?@o?L?	46	3fffffffffff
N??CAA_K?oBOR?@oOB?	46	7fffffffff7f
N??CAA_K?oBOR?@oGB?	46	3ffffffffffcc
N??CAA_K?oBOR?@o?J?	46	3effffffffb7e
N??CAA_K?oBOR?@QWO?	46	3fffffff0ffff
N??CAA_K?oBOR?@QGo?	46	3faeffff75e937d2
N??CAA_K?oBOR?@QOW?	46	3ffffffe97fff
N??CAA_K?oBOR?@Q?w?	46	3fefedefe76634fe
N??CAA_K?oBOR?@QWC?	46	3fffffffffff
N??CAA_K?oBOR?@QSC?	46	7ffffffffffd
N??CAA_K?oBOR?@QKC?	46	3fffffffffff
N??CAA_K?oBOR?@QGS?	46	3fffffffffff
N??CAA_K?oBOR?@QCS?	46	7ffffffff7ff
N??CAA_K?oBOR?@Q?[?	46	3fffffffffff
N??CAA_K?oBOR?@QOQ?	46	7fffffffff7f
N??CAA_K?oBOR?@QGQ?	46	3ffffffffffcc
N??CAA_K?oBOR?@Q?q?	46	3effffffffb7e
N??CAA_K?oBOR?@Q?U?	46	7ffffffeffff
N??CAA_K?o@oQ_`OK_?	46	3fffffff0ffff
N??CAA_K?o@oQ_`OAg?	46	3ffdffdfdff7f
N??CAA_K?o@oQ_`OGc?	46	3faeffff75e937d2
N??CAA_K?o@oQ_`OAc?	46	3fffffffffff
N??CAA_K?o@oQ_`OIA?	46	3fffffffffff
N??CAA_K?o@oQ_`OEA?	46	3fffffffffff
N??CAA_K?o@oQ_`OAa?	46	3fffffffffff
N??CAA_K?o@oQ_`O?i?	46	3fffffffffff
N??CAA_K?o@oQ_`OGE?	46	3fffffffffff
N??CAA_K?o@oQ_`OAE?	46	3fffffffffff
N??CAA_K?o@oQ_`OA`?	46	3ffffffe97fff
N??CAA_K?o@oQ_`O?h?	46	3faeffff75e937d2
N??CAA_K?o@oQ_`OGD?	46	3ffffffffffcc
N??CAA_K?o@oQ_`OCD?	46	3fffffffffff
N??CAA_K?o@oQ_`OAD?	46	3fffffffffff
N??CAA_K?o@oQ_`O?d?	46	1ffffffffb7fe
N??CAA_K?o@oQ_`OCB?	46	3fffffffffff
N??CAA_K?o@oQ_`OAB?	46	3fffffffffff
N??CAA_K?o@oQ_`O?F?	46	3fffffffffff
N??CAA_K?o@oQ_POOg?	46	3faeffff75e937d2
N??CAA_K?o@oQ_DOCg?	46	3fffffffffff
N??CAA_K?o@oQ_DOKC?	46	3fffffffffff
N??CAA_K?o@oQ_DOOc?	46	3fffffffffff
N??CAA_K?o@oQ_DOCc?	46	3fffffffffff
N??CAA_K?o@oQ_DOCK?	46	3fffffffffff
N??CAA_K?o@oQ_DOSA?	46	3fffffffffff
N??CAA_K?o@oQ_DOOE?	46	3fffffffffff
N??CAA_K?o@oQ_DO?M?	46	3fffffffffff
N??CAA_K?o@oQ_DOC`?	46	3fffffffffff
N??CAA_K?o@oQ_DOCD?	46	3fffffffffff
N??CAA_K?o@oQ_DO?d?	46	3fffffffffff
N??CAA_K?o@oQ_DOOB?	46	3fffffffffff
N??CAA_K?oGgR?B_CS?	46	3faeffff75e937d2
N??CAA_K?oGgR?B_OK?	46	3faeffff75e937d2
N??CAA_K?oGgR?B_CK?	46	3ffffffe97fff
N??CAA_K?oGgR?B_?X?	46	3faeffff75e937d2
N??CAA_K?oGgR?AoOc?	46	3faeffff75e937d2
N??CAA_K?oGgR?AoCc?	46	3ffffffe97fff
N??CAA_K?oGgR?AoCS?	46	3faeffff75e937d2
N??CAA_K?oGgR?AoCa?	46	3ffff7dfdf7ff
N??CAA_K?oGgR?AoAa?	46	3faeffff75e937d2
N??CAA_K?oGgR?Ao?p?	46	3faeffff75e937d2
N??CAA_K?oGgR?@oR??	46	3ffff7dfdf7ff
N??CAA_K?oGgR?@oEO?	46	3fffffffffff
N??CAA_K?oGgR?@oPO?	46	3faeffff75e937d2
N??CAA_K?oGgR?@oSC?	46	2ffdeff7fe70fccc
N??CAA_K?oGgR?@oDC?	46	3ffffffe97fff
N??CAA_K?oGgR?@oCS?	46	3faeffff75e937d2
N??CAA_K?oGgR?@oQA?	46	3fff7fefdfeff
N??CAA_K?oGgR?@oEA?	46	3ff8ffe76cfdf6e1
N??CAA_K?oGgR?@oOE?	46	3fefedefe76634fe
N??CAA_K?oGgQOB_SC?	46	2ffdeff7fe70fccc
N??CAA_K?oGgQOB_Oc?	46	3faeffff75e937d2
N??CAA_K?oGgQOB_Cc?	46	3ffffffe97fff
N??CAA_K?oGgQOB_CS?	46	3faeffff75e937d2
N??CAA_K?oGgQOB_AS?	46	3fffffffffff
N??CAA_K?oGgQOB_Ca?	46	3ffff7dfdf7ff
N??CAA_K?oGgQOB_Aa?	46	3faeffff75e937d2
N??CAA_K?oGgQOB_OE?	46	3fefedefe76634fe
N??CAA_K?oGgQOB_CE?	46	3fefedefe76634fe
N??CAA_K?oGgQOB_AE?	46	3fefedefe76634fe
N??CAA_K?oGgQOB_E@?	46	3ff8ffe76cfdf6e1
N??CAA_K?oGgQOB_?p?	46	3faeffff75e937d2
N??CAA_K?oGgQOB_CD?	46	7edfffffffcfe
N??CAA_K?oGgQOB_OB?	46	3fffffffffff
N??CAA_K?oGgQOB_CB?	46	2ffdeff7fe70fccc
N??CAA_K?oGgQO@aF??	46	3ffff7dfdf7ff
N??CAA_K?oGgQO@aEC?	46	3fffffff0ffff
N??CAA_K?oGgQO@aDC?	46	3fffffffffff
N??CAA_K?oGgQO@aSA?	46	3bffbffffff7d
N??CAA_K?oWCR?@oBO?	46	3fffffffffff
N??CAA_K?oWCR?@oBG?	46	3fffffffffff
N??CAA_K?oWCR?@oAW?	46	3fffffffffff
N??CAA_K?oWCR?@oBA?	46	7ffffffff7ff
N??CAA_K?oWCR?@oE@?	46	7ffffffff7ff
N??CAA_K?oWCR?@oAP?	46	3fffffffffff
N??CAA_K?oWCR?@oAH?	46	3fffffffffff
N??CAA_K?oWCR?@o?X?	46	3ffffffffffcc
N??CAA_K?oWCJ?@oHO?	46	3fffffff0ffff
N??CAA_K?oWCJ?@oBO?	46	3fffffffffff
N??CAA_K?oWCJ?@oGW?	46	2ffdeff7fe70fccc
N??CAA_K?oWCJ?@o@W?	46	3ffffffe97fff
N??CAA_K?oWCJ?@oBA?	46	3ffffffffe67f
N??CAA_K?oWCJ?@o@a?	46	7fffffffff7f
N??CAA_K?oWCJ?@oI@?	46	7ffffffff7ff
N??CAA_K?oWCJ?@oA`?	46	7fffffffff7f
N??CAA_K?oWCJ?@oAP?	46	3fffffffffff
N??CAA_K?oWCJ?@oAH?	46	3fffffffffff
N??CAA_K?oWCJ?@oAB?	46	3fffffffd77fd
N??CAA_K?oWCP_BOBG?	46	3fffffffffff
N??CAA_K?oWCP_BOAW?	46	3fffffffffff
N??CAA_K?oWCP_BOBA?	46	fffffffef7ff
N??CAA_K?oWCP_BOE@?	46	fffffffff7fd
N??CAA_K?oWCP_BOAH?	46	3fffffffffff
N??CAA_K?oWCP_BO?X?	46	3ffffffffffcc
N??CAA_K?oWCH_BO@o?	46	3ffffffe97fff
N??CAA_K?oWCH_BO@W?	46	3ffffffe97fff
N??CAA_K?oWCH_BO?w?	46	3faeffff75e937d2
N??CAA_K?oWCH_BOBA?	46	fffffffeefff
N??CAA_K?oWCH_BOAQ?	46	3ffffffffe67f
N??CAA_K?oWCH_BO@Q?	46	3fffffffffff
N??CAA_K?oWCH_BOI@?	46	7ffffffffffd
N??CAA_K?oWCH_BOAP?	46	ffffffffe7ff
N??CAA_K?oWCH_BOAH?	46	3fffffffffff
N??CAA_K?oWCH_BO?X?	46	3fffffffffff
N??CAA_K?oWCH_BOGB?	46	7fffffffefff
N??CAA_K?oWCH_BOAB?	46	ffffffffe7ff
N??CAA_K?oWCH_BO@B?	46	ffffffffe7ff
N??CAA_K?oWCB_BOCW?	46	3ffffffe97fff
N??CAA_K?oWCB_BO?w?	46	3fefebfbbba64b7e
N??CAA_K?oWCB_BOIA?	46	3fffffffffff
N??CAA_K?oWCB_BOEA?	46	ffffffffeeff
N??CAA_K?oWCB_BOAa?	46	ffffffffeffe
N??CAA_K?oWCB_BOAQ?	46	3fffffffffff
N??CAA_K?oWCB_BOAI?	46	7ffffffffffd
N??CAA_K?oWCB_BOE@?	46	ffffffffeeff
N??CAA_K?oWCB_BOGP?	46	3ffffffffffcc
N??CAA_K?oWCB_BOCP?	46	3fffffffffff
N??CAA_K?oWCB_BO?p?	46	1ffffffffb7fe
N??CAA_K?oWCB_BOCB?	46	fffffffff7fd
N??CAA_K?oWCB_BOAB?	46	fffffffff7fd
N??CAA_K?oWCB_@oM??	46	3fffffffffff
N??CAA_K?oWCB_@oJ??	46	3fffffffffff
N??CAA_K?oWCB_@oF??	46	3fffffffffff
N??CAA_K?oWCB_@oK_?	46	2ffdeff7fe70fccc
N??CAA_K?oWCB_@oD_?	46	3ffffffe97fff
N??CAA_K?oWCB_@oCg?	46	3faeffff75e937d2
N??CAA_K?oWCB_@oBA?	46	3fffffffffff
N??CAA_K?oWCB_@oAa?	46	3fffffffffff
N??CAA_K?oWCB_@oI@?	46	3fffffffffff
N??CAA_K?oWCB_@oE@?	46	3fffffffffff
N??CAA_K?oWCB_@oD@?	46	3fffffffffff
N??CAA_K?oWCB_@o@`?	46	1ffffffffb7fe
N??CAA_K?oWCB_@oAH?	46	3fffffffffff
N??CAA_K?oWCB_@oAB?	46	3fffffffffff
N??CAA_K?oWCPOB_BO?	46	3fffffffffff
N??CAA_K?oWCPOB_BG?	46	3fffffffffff
N??CAA_K?oWCPOB_AW?	46	3fffffffffff
N??CAA_K?oWCPOB_BA?	46	3ffffffffe67f
N??CAA_K?oWCPOB_E@?	46	3fffffffdf6fe
N??CAA_K?oWCPOB_AP?	46	3fffffffffff
N??CAA_K?oWCPOB_AH?	46	7ffffffff7ff
N??CAA_K?oWCPOB_?X?	46	3ffffffffffcc
N??CAA_K?oWCHOB_Ao?	46	3fffffffffff
N??CAA_K?oWCHOB_@o?	46	3ffffffe97fff
N??CAA_K?oWCHOB_Gg?	46	2ffdeff7fe70fccc
N??CAA_K?oWCHOB_@W?	46	3ffffffe97fff
N??CAA_K?oWCHOB_BA?	46	7fffffffefff
N??CAA_K?oWCHOB_AQ?	46	3fffffffffff
N??CAA_K?oWCHOB_I@?	46	7ffffffffffe
N??CAA_K?oWCHOB_A`?	46	3fffffffffff
N??CAA_K?oWCHOB_AP?	46	3fffffffffff
N??CAA_K?oWCHOB_AH?	46	7ffffffff7ff
N??CAA_K?oWCHOB_GB?	46	7ffffffff7ff
N??CAA_K?oWCHOB_AB?	46	7ffffffff7ff
N??CAA_K?oWCHOB_@B?	46	7ffffffff7ff
N??CAA_K?oWCHOB_?b?	46	3fffffffffff
N??CAA_K?oWC@oBOJ??	46	3fffffffffff
N??CAA_K?oWC@oBOBA?	46	ffffffffff7d
N??CAA_K?oWC@oBOI@?	46	3fffffffffff
N??CAA_K?oWC@oBOE@?	46	ffffffff7f7f
N??CAA_K?oWC@oBOAB?	46	ffffffff7ffb
N??CAA_K?oWC@SB_F??	46	3fffffffffff
N??CAA_K?oWC@SB_B_?	46	ffffffffeffe
N??CAA_K?oWC@SB_BO?	46	3fffffffffff
N??CAA_K?oWC@SB_BG?	46	7ffffffffffd
N??CAA_K?oWC@SB_E@?	46	7ffffffff7ff
N??CAA_K?oWC@SB_AH?	46	fffffffdfffb
N??CAA_K?oWC@SB_@H?	46	7ffffffffffb
N??CAA_K?oWC@SBOBO?	46	7ffffffffffd
N??CAA_K?oWC@SAoB_?	46	7ffffffffffd
N??CAA_K?oWC@QB_M??	46	7ffffffffffe
N??CAA_K?oWC@QB_F??	46	3fffffffffff
N??CAA_K?oWC@QB_E_?	46	3fffffffffff
N??CAA_K?oWC@QB_IO?	46	3fffffffffff
N??CAA_K?oWC@QB_EO?	46	3fffffffffff
N??CAA_K?oWC@QB_EG?	46	7ffffffff7ff
N??CAA_K?oWC@QB_@g?	46	7ffffffffb77c
N??CAA_K?oWC@QB_@W?	46	1ffffffffb7fe
N??CAA_K?oWC@QB_?w?	46	1ffffffffb7fe
N??CAA_K?oWC@QB_KA?	46	ffffffff77ff
N??CAA_K?oWC@QB_DA?	46	3fffffffffff
N??CAA_K?oWC@QB_AI?	46	fffffffdfffb
N??CAA_K?oWC@QB_@I?	46	7ffffffffffb
N??CAA_K?oWC@QB_?i?	46	7ffffffffffb
N??CAA_K?oKCb?@oAo?	46	3fffffffffff
N??CAA_K?oKCb?@o@o?	46	3ffffffe97fff
N??CAA_K?oKCb?@oGW?	46	2ffdeff7fe70fccc
N??CAA_K?oKCb?@o@W?	46	3ffffffe97fff
N??CAA_K?oKCb?@o?w?	46	3faeffff75e937d2
N??CAA_K?oKCb?@oBA?	46	ffffffffe7ff
N??CAA_K?oKCb?@o@a?	46	3fffffffffff
N??CAA_K?oKCb?@oAQ?	46	3fffffffffff
N??CAA_K?oKCb?@oI@?	46	7ffffffff7ff
N??CAA_K?oKCb?@oA`?	46	3fffffffffff
N??CAA_K?oKCb?@o@`?	46	3fffffffffff
N??CAA_K?oKCb?@oAP?	46	3fffffffffff
N??CAA_K?oKCb?@oAH?	46	3fffffffffff
N??CAA_K?oKCb?@oGB?	46	7ffffffdffff
N??CAA_K?oKCb?@oAB?	46	fffffffdf7ff
N??CAA_K?oKC`_BOHO?	46	3fffffff0ffff
N??CAA_K?oKC`_BOGW?	46	2ffdeff7fe70fccc
N??CAA_K?oKC`_BO@W?	46	3ffffffe97fff
N??CAA_K?oKC`_BOHA?	46	3fffffffffff
N??CAA_K?oKC`_BOBA?	46	3fffffffe6eff
N??CAA_K?oKC`_BOAQ?	46	3ffffffffe67f
N??CAA_K?oKC`_BO@Q?	46	3fffffffffff
N??CAA_K?oKC`_BOI@?	46	ffffffff7ffd
N??CAA_K?oKC`_BOAP?	46	ffffffffe7ff
N??CAA_K?oKC`_BOAH?	46	ffffffff7ffb
N??CAA_K?oKC`_BO?X?	46	3fffffffffff
N??CAA_K?oKC`_BOGB?	46	ffffffffeffb
N??CAA_K?oKC`_BOAB?	46	3ffffffffe7f9
N??CAA_K?oKC`_BO@B?	46	3ffffffffe7f9
N??CAA_K?oKCP_BOOo?	46	2ffdeff7fe70fccc
N??CAA_K?oKCP_BOAg?	46	3fffffffffff
N??CAA_K?oKCP_BO@g?	46	3ffffffe97fff
N??CAA_K?oKCP_BOOW?	46	2ffdeff7fe70fccc
N??CAA_K?oKCP_BO@W?	46	3ffffffe97fff
N??CAA_K?oKCP_BO?w?	46	3faeffff75e937d2
N??CAA_K?oKCP_BOPA?	46	3fffffffffff
N??CAA_K?oKCP_BOBA?	46	7ffffffeffff
N??CAA_K?oKCP_BOAI?	46	3fffffffffff
N??CAA_K?oKCP_BOQ@?	46	7ffffffffffd
N??CAA_K?oKCP_BOO`?	46	3fffffffffff
N??CAA_K?oKCP_BOA`?	46	3fffffffffff
N??CAA_K?oKCP_BOAH?	46	3fffffffffff
N??CAA_K?oKCP_BOOB?	46	7fffffffefff
N??CAA_K?oKCP_BOAB?	46	7fffffffefff
N??CAA_K?oKCP_BO@B?	46	7fffffffefff
N??CAA_K?oKCP_BO?b?	46	3fffffffffff
N??CAA_K?oKCB_BOW_?	46	3fffffff0ffff
N??CAA_K?oKCB_BOOW?	46	3ffffffe97fff
N??CAA_K?oKCB_BOAW?	46	7ffffffffffd
N??CAA_K?oKCB_BO?w?	46	fffffffe67ff9
N??CAA_K?oKCB_BOWA?	46	fffffffff77f
N??CAA_K?oKCB_BOQA?	46	ffffffffeeff
N??CAA_K?oKCB_BOAQ?	46	3fffffffffff
N??CAA_K?oKCB_BO?q?	46	3fffffffffff
N??CAA_K?oKCB_BOW@?	46	3fffffffffff
N??CAA_K?oKCB_BOQ@?	46	3fffffffffff
N??CAA_K?oKCB_BOA`?	46	3fffffffcfefb
N??CAA_K?oKCB_BOAP?	46	fffffffffefb
N??CAA_K?oKCB_BO?p?	46	3fffffffffe79
N??CAA_K?oKCB_BO?X?	46	fffffffffff9
N??CAA_K?oKCB_BOOB?	46	3fffffffffff
N??CAA_K?oKCB_BO?b?	46	3fffffffffff
N??CAA_K?oKCB_BO?R?	46	3fffffffffff
N??CAA_K?oKCB_@oBG?	46	7ffffffffffd
N??CAA_K?oKCB_@oBA?	46	fffffffffefb
N??CAA_K?oKCB_@oQ@?	46	3fffffffffff
N??CAA_K?oKCB_@oB@?	46	fffffffffefb
N??CAA_K?oKCB_@oA`?	46	fffffffffefb
N??CAA_K?oKCB_@oAH?	46	7ffffffffffb
N??CAA_K?oKCB_@oGB?	46	3fffffffffff
N??CAA_K?oKCB_@o@B?	46	ffffffffff7e
N??CAA_K?oKCBC@oY??	46	7ffffffff7ff
N??CAA_K?oKCBC@oX??	46	7ffffffff7ff
N??CAA_K?oKCBC@oR??	46	ffffffffe7ff
N??CAA_K?oKCBC@oW_?	46	3ffffffffffcc
N??CAA_K?oKCBC@oB_?	46	3fffffffcfefb
N??CAA_K?oKCBC@oPO?	46	3fffffffffff
N??CAA_K?oKCBC@oHO?	46	3fffffffffff
N??CAA_K?oKCBC@oBO?	46	3fffffffffff
N??CAA_K?oKCBC@oGo?	46	1ffffffffb7fe
N??CAA_K?oKCBC@oAo?	46	3fffffffffff
N??CAA_K?oKCBC@oW@?	46	7ffffffdffff
N??CAA_K?oKCBC@oQ@?	46	fffffffdf7ff
N??CAA_K?oKCBC@oAP?	46	3fffffffffff
N??CAA_K?oKCBC@o@P?	46	3fffffffffff
N??CAA_K?oKC@cBOY??	46	fffffffff7fd
N??CAA_K?oKC@cBOX??	46	3fffffffffff
N??CAA_K?oKC@cBOR??	46	3fffffffffff
N??CAA_K?oKC@cBOJ??	46	3fffffffffff
N??CAA_K?oKC@cBOW_?	46	3ffffffffffcc
N??CAA_K?oKC@cBOQ_?	46	3fffffffffff
N??CAA_K?oKC@cBOB_?	46	3fffffffffff
N??CAA_K?oKC@cBOBO?	46	3fffffffffff
N??CAA_K?oKC@cBOOo?	46	1ffffffffb7fe
N??CAA_K?oKC@cBOBG?	46	3fffffffffff
N??CAA_K?oKC@cBOOg?	46	1ffffffffb7fe
N??CAA_K?oKC@cBOAg?	46	3fffffffffff
N??CAA_K?oKC@cBO@g?	46	3fffffffffff
N??CAA_K?oKC@cBOOW?	46	1ffffffffb7fe
N??CAA_K?oKC@cBO@W?	46	3fffffffffff
N??CAA_K?oKC@cBOW@?	46	7fffffffefff
N??CAA_K?oKC@cBOQ@?	46	ffffffffe7ff
N??CAA_K?oKC@cBOI@?	46	7fffffffefff
N??CAA_K?oKC@cBOP@?	46	3fffffffffff
N??CAA_K?oKC@cBOH@?	46	3fffffffffff
N??CAA_K?oKC@cBOO`?	46	3fffffffffff
N??CAA_K?oKC@cBOG`?	46	3fffffffffff
N??CAA_K?oKC@cBOAP?	46	fffffffdff7f
N??CAA_K?oKC@cBO@P?	46	3fffffffffff
N??CAA_K?oKC@cBOAH?	46	3fffffffffff
N??CAA_K?oKC@aBOY??	46	7ffffffffffd
N??CAA_K?oKC@aBOX??	46	3fffffffffff
N??CAA_K?oKC@aBOR??	46	3fffffffffff
N??CAA_K?oKC@aBOJ??	46	3fffffffffff
N??CAA_K?oKC@aBOW_?	46	3fffffffffff
N??CAA_K?oKC@aBOQ_?	46	3fffffffffff
N??CAA_K?oKC@aBOBO?	46	fffffffffefb
N??CAA_K?oKC@aBOBG?	46	ffffffffeffb
N??CAA_K?oKC@aBOAg?	46	ffffffffeffb
N??CAA_K?oKC@aBO@g?	46	3ffffffffe7f9
N??CAA_K?oKC@aBOOW?	46	3fffffffffff
N??CAA_K?oKC@aBOAW?	46	7ffffffffffb
N??CAA_K?oKC@aBOWA?	46	ffffffff6fff
N??CAA_K?oKC@aBOPA?	46	3fffffffffff
N??CAA_K?oKC@aBOOI?	46	3fffffffffff
N??CAA_K?oPCX?@oIO?	46	3fffffffffff
N??CAA_K?oPCX?@oHO?	46	3fffffff0ffff
N??CAA_K?oPCX?@oAo?	46	3fffffffffff
N??CAA_K?oPCX?@o@W?	46	3ffffffe97fff
N??CAA_K?oPCX?@oHA?	46	7ffffffff7ff
N??CAA_K?oPCX?@oBA?	46	3ffffffffe7f9
N??CAA_K?oPCX?@o@a?	46	3fffffffffff
N??CAA_K?oPCX?@oAQ?	46	7fffffffff7f
N??CAA_K?oPCX?@o@Q?	46	7fffffffff7f
N??CAA_K?oPCX?@o@I?	46	3fffffffffff
N??CAA_K?oPCX?@o?Y?	46	1ffffffffb7fe
N??CAA_K?oPCX?@oI@?	46	7ffffffff7ff
N??CAA_K?oPCX?@oH@?	46	7ffffffff7ff
N??CAA_K?oPCX?@o@`?	46	3fffffffffff
N??CAA_K?oPCX?@oGP?	46	3fffffffffff
N??CAA_K?oPCX?@oAP?	46	7fffffffff7f
N??CAA_K?oPCX?@o@B?	46	3fffffffdf6fe
N??CAA_K?oPCP_@oM??	46	3fffffffffff
N??CAA_K?oPCP_@oL??	46	3fffffff0ffff
N??CAA_K?oPCP_@oK_?	46	2ffdeff7fe70fccc
N??CAA_K?oPCP_@oD_?	46	3ffffffe97fff
N??CAA_K?oPCP_@oKA?	46	3ffffffffffcc
N??CAA_K?oPCP_@oIA?	46	7ffffffffffb
N??CAA_K?oPCP_@oCa?	46	1ffffffffb7fe
N??CAA_K?oPCP_@oAa?	46	7fffffffefff
N??CAA_K?oPCH_POHA?	46	3fffffffffff
N??CAA_K?oPCH_POGQ?	46	3ffffffffffcc
N??CAA_K?oPCH_POH@?	46	3fffffffffff
N??CAA_K?oPCH_POGP?	46	3fffffffffff
N??CAA_K?oPCPOP_AI?	46	3fffffffffe79
N??CAA_K?oPCPC@oM??	46	7ffffffff7ff
N??CAA_K?oPCPC@oL??	46	7ffffffff7ff
N??CAA_K?oPCPC@oF??	46	3ffffffffe7f9
N??CAA_K?oPCPC@oK_?	46	3ffffffffffcc
N??CAA_K?oPCPC@oD_?	46	3fffffffffff
N??CAA_K?oPCPC@oKO?	46	3ffffffffffcc
N??CAA_K?oPCPC@oHO?	46	3fffffffffff
N??CAA_K?oPCPC@oBO?	46	7fffffffff7f
N??CAA_K?oPCPC@oGo?	46	7ffffffffb77c
N??CAA_K?oPCPC@oAW?	46	3fffffffffff
N??CAA_K?oPCPC@oG`?	46	7fffffffff7f
N??CAA_K?oCSp?BOHO?	46	3fffffff0ffff
N??CAA_K?oCSp?BO@o?	46	3ffffffe97fff
N??CAA_K?oCSp?BOGW?	46	2ffdeff7fe70fccc
N??CAA_K?oCSp?BO@W?	46	3ffffffe97fff
N??CAA_K?oCSp?BO?w?	46	3faeffff75e937d2
N??CAA_K?oCSp?BOBA?	46	3fffffffeeffc
N??CAA_K?oCSp?BO@Q?	46	7fffffffff7f
N??CAA_K?oCSp?BOAP?	46	3ffffffffe67f
N??CAA_K?oCSp?BO@B?	46	3ffffffffe67f
N??CAA_K?oCSp?BO?J?	46	7fffffff7fff
N??CAA_K?oCSb?POIO?	46	3fffffffffff
N??CAA_K?oCSb?POGW?	46	2ffdeff7fe70fccc
N??CAA_K?oCSb?POGB?	46	fffffffff7fd
N??CAA_K?oCSR?BOWO?	46	3fffffff0ffff
N??CAA_K?oCSR?BOWA?	46	3ffffdefdefff
N??CAA_K?oCSR?BOW@?	46	3effffffffb7e
N??CAA_K?oCSPCBOY??	46	fffffffff7fd
N??CAA_K?oCSPCBOX??	46	3fffffffffff
N??CAA_K?oCSPCBOR??	46	7ffffffffffd
N??CAA_K?oCSPCBOWO?	46	ffffffffff74c
N??CAA_K?oCSPCBOPO?	46	7fffffffff7f
N??CAA_K?oCSPCBOPG?	46	3fffffffffff
N??CAA_K?oCSPCBOOg?	46	1ffffffffb7fe
N??CAA_K?oCSBCPOX??	46	3fffffffffff
N??CAA_K?oCSBCPOW_?	46	3ffffffffffcc
N??CAA_K?oCSPABOX??	46	3effffffffb7e
N??CAA_K?oCSPABOWO?	46	7ffffffff7ff
N??CAA_K?oCSPABOPG?	46	1ffffeffff7fd
N??CAA_K?oCSPABOWA?	46	7fffffffefff
N??CAA_K?oCSPABOOI?	46	3fffffffffff
N??CAA_K?oKAb?@oJ??	46	7ffffffffffe
N??CAA_K?oKAb?@oB_?	46	3fffffffffff
N??CAA_K?oKAb?@oBO?	46	3fffffffffff
N??CAA_K?oKAb?@oBC?	46	ffffffffe7ff
N??CAA_K?oKAb?@oI@?	46	ffffffff77ff
N??CAA_K?oKAb?@o@`?	46	ffffffffeffb
N??CAA_K?oKAb?@o@H?	46	7ffffffffffb
N??CAA_K?oKAR?@oR??	46	7ffffffffffe
N??CAA_K?oKAR?@oB_?	46	3ffffef7ef7ff
N??CAA_K?oKAR?@oBO?	46	3fffffffffff
N??CAA_K?oKAR?@oBG?	46	3ffff7dfdf7ff
N??CAA_K?oKAR?@oBC?	46	fffffffef7ff
N??CAA_K?oKAR?@oOc?	46	3ffffffffffcc
N??CAA_K?oKAR?@oOS?	46	3ffffffffffcc
N??CAA_K?oKAR?@oAS?	46	3fffffffffff
N??CAA_K?oKAR?@o@S?	46	3fffffffffff
N??CAA_K?oKAR?@o?s?	46	1ffffffffb7fe
N??CAA_K?oKAR?@oAK?	46	3fffffffffff
N??CAA_K?oKAR?@o?[?	46	1ffffffffb7fe
N??CAA_K?oKAR?@oA`?	46	3ffffdefdefff
N??CAA_K?oKAR?@oAP?	46	3fffffffffff
N??CAA_K?oKAF?@oWO?	46	3fffffffffff
N??CAA_K?oKAF?@oPO?	46	3fffffffffff
N??CAA_K?oKAF?@oHO?	46	3fffffffffff
N??CAA_K?oKAF?@oHG?	46	3ffff7dfdf7ff
N??CAA_K?oKAF?@o@W?	46	3fffffffffff
N??CAA_K?oKAF?@oWC?	46	7ffffffff7ff
N??CAA_K?oKAF?@oPC?	46	ffffffffe7ff
N??CAA_K?oKAF?@oHC?	46	fffffffef7ff
N??CAA_K?oKAF?@oGS?	46	3fffffffffff
N??CAA_K?oKAF?@o@S?	46	3fffffffffff
N??CAA_K?oKAF?@o?s?	46	3fffffffffff
N??CAA_K?oKAF?@oOK?	46	3fffffffffff
N??CAA_K?oKAF?@o?[?	46	3fffffffffff
N??CAA_K?oKAF?@oW@?	46	7ffffffff7ff
N??CAA_K?oKAF?@oH@?	46	fffffdefce7ff
N??CAA_K?oKAF?@oOP?	46	3fffffffffff
N??CAA_K?oKAF?@oGP?	46	3fffffffffff
N??CAA_K?oKAF?@o@H?	46	3fffffff0ffff
N??CAA_K?oKAF?@o?h?	46	3fffffff0ffff
N??CAA_K?oKAF?@o?X?	46	3fffffffffff
N??CAA_K?oKAF?@oOD?	46	fffffffdf7ff
N??CAA_K?oKAF?@oGD?	46	fffffffdefff
N??CAA_K?oKAF?@o?T?	46	3fffffffffff
N??CAA_K?oKAF?@o?L?	46	3fffffffffff
N??CAA_K?oKA`_BOJ??	46	3fffbffbf7f7f
N??CAA_K?oKA`_BOBO?	46	3fffffffffff
N??CAA_K?oKA`_BOBG?	46	1ffffff7efffd
N??CAA_K?oKA`_BO@g?	46	3fffffffffe79
N??CAA_K?oKA`_BO?w?	46	7ffffffffb77c
N??CAA_K?oKA`_BOHC?	46	3fffffffffff
N??CAA_K?oKA`_BOBC?	46	3fffffffffff
N??CAA_K?oKA`_BO?[?	46	1ffffffffb7fe
N??CAA_K?oKA`_BOI@?	46	f7ffffbfe7ff9
N??CAA_K?oKA`_BOB@?	46	77fbffbfefffb
N??CAA_K?oKA`_BO@`?	46	3ffffffffe7f9
N??CAA_K?oKA`_BO@D?	46	3fffffffffff
N??CAA_K?oKAD_BOH_?	46	3ffffef7ef7ff
N??CAA_K?oKAD_BOPO?	46	3fffffffffff
N??CAA_K?oKAD_BOHO?	46	3fffffffffff
N??CAA_K?oKAD_BOOo?	46	3fffffffffff
N??CAA_K?oKAD_BOOW?	46	3fffffffffff
N??CAA_K?oKAD_BOGW?	46	3fffffffffff
N??CAA_K?oKAD_BO@W?	46	3fffffffffff
N??CAA_K?oKAD_BOWC?	46	fffffffff7fd
N??CAA_K?oKAD_BOPC?	46	3fffffffffff
N??CAA_K?oKAD_BOHC?	46	3fffffffffff
N??CAA_K?oKAD_BOGS?	46	fffffffff77f
N??CAA_K?oKAD_BO@S?	46	3fffffffffff
N??CAA_K?oKAD_BO?s?	46	3fffffffffff
N??CAA_K?oKAD_BOOK?	46	3fffffffffff
N??CAA_K?oKAD_BO@K?	46	3fffffffffff
N??CAA_K?oKAD_BO?k?	46	3fffffffffff
N??CAA_K?oKAD_BO?[?	46	3fffffffffff
N??CAA_K?oKAD_BOG`?	46	3ffffdefdefff
N??CAA_K?oKAD_BO?h?	46	3fffffff0ffff
N??CAA_K?oKAD_BOOD?	46	ffffffffe7ff
N??CAA_K?oKAD_BOGD?	46	7fffffffefff
N??CAA_K?oKAD_BO?T?	46	fffffffdff7f
N??CAA_K?oKAD_BO?L?	46	3fffffffffff
N??CAA_K?oKAB_BOI_?	46	3ffffef7ef7ff
N??CAA_K?oKAB_BOQO?	46	3fffffffffff
N??CAA_K?oKAB_BOIO?	46	3fffffffffff
N??CAA_K?oKAB_BOOo?	46	3fffffffcff7d
N??CAA_K?oKAB_BOIG?	46	3ffff7dfdf7ff
N??CAA_K?oKAB_BOOg?	46	ffffffffff7d
N??CAA_K?oKAB_BOOW?	46	ffffffffff7d
N??CAA_K?oKAB_BOAW?	46	3fffffffffff
N??CAA_K?oKAB_BO?w?	46	3ffffffffe7f9
N??CAA_K?oKAB_BOWC?	46	fffffffff77f
N??CAA_K?oKAB_BOQC?	46	ffffffffeeff
N??CAA_K?oKAB_BOIC?	46	fffffffe7fff
N??CAA_K?oKAB_BOGS?	46	3fffffffffff
N??CAA_K?oKAB_BOAS?	46	3fffffffffff
N??CAA_K?oKAB_BO?s?	46	3fffffffffff
N??CAA_K?oKAB_BOOK?	46	3fffffffffff
N??CAA_K?oKAB_BOAK?	46	3fffffffffff
N??CAA_K?oKAB_BO?k?	46	3fffffffffff
N??CAA_K?oKAB_BO?[?	46	3fffffffffff
N??CAA_K?oKAB_BOG`?	46	3ffffdefdefff
N??CAA_K?oKAB_BOOP?	46	ffffffffeffb
N??CAA_K?oKAB_BO?p?	46	3ffffffffe67f
N??CAA_K?oKAB_BO?h?	46	ffffffff0e7ff
N??CAA_K?oKAB_BOOD?	46	3fffffffffff
N??CAA_K?oKAB_BO?T?	46	3fffffffffff
N??CAA_K?oKA`OB_J??	46	3fffffffffff
N??CAA_K?oKA`OB_B_?	46	3fffffffffff
N??CAA_K?oKA`OB_Gg?	46	3ffffffffffcc
N??CAA_K?oKA`OB_HC?	46	3fffffffffff
N??CAA_K?oKA`OB_BC?	46	3fffffffffff
N??CAA_K?oKA`OB_Gc?	46	3ffffffffffcc
N??CAA_K?oKA`OB_Ac?	46	3fffffffffff
N??CAA_K?oKA`OB_B@?	46	3fffffffffff
N??CAA_K?oKA`OB_@H?	46	7ffffffffffb
N??CAA_K?oKA`OB_?h?	46	7ffffffffffb
N??CAA_K?oKA`OB_@D?	46	3fffffffffff
N??CAA_K?oKAPOB_B_?	46	3ffffef7ef7ff
N??CAA_K?oKAPOB_BO?	46	3fffffffffff
N??CAA_K?oKAPOB_BG?	46	3ffff7dfdf7ff
N??CAA_K?oKAPOB_OW?	46	3ffffffffffcc
N??CAA_K?oKAPOB_AW?	46	3fffffffffff
N??CAA_K?oKAPOB_BC?	46	3fffffffffff
N??CAA_K?oKAPOB_OS?	46	3ffffffffffcc
N??CAA_K?oKAPOB_AK?	46	3ffffffffe67f
N??CAA_K?oKADOB_H_?	46	3ffffef7ef7ff
N??CAA_K?oKADOB_WO?	46	3fffffffffff
N??CAA_K?oKADOB_HO?	46	3fffffffffff
N??CAA_K?oKADOB_HG?	46	3ffff7dfdf7ff
N??CAA_K?oKADOB_Gg?	46	3ffff7dfdf7ff
N??CAA_K?oKADOB_GW?	46	3fffffffffff
N??CAA_K?oKADOB_@W?	46	3fffffffffff
N??CAA_K?oKADOB_WC?	46	fffffffff7fe
N??CAA_K?oKADOB_PC?	46	3fffffffffff
N??CAA_K?oKADOB_HC?	46	3fffffffffff
N??CAA_K?oKADOB_GS?	46	3fffffffffff
N??CAA_K?oKADOB_@S?	46	3fffffffffff
N??CAA_K?oKADOB_?s?	46	3fffffffffff
N??CAA_K?oKADOB_OK?	46	fffffffff77f
N??CAA_K?oKADOB_?[?	46	3fffffffffff
N??CAA_K?oKADOB_W@?	46	7ffffffffffe
N??CAA_K?oKADOB_O`?	46	3fffffffffff
N??CAA_K?oKADOB_G`?	46	3ffffdefdefff
N??CAA_K?oKADOB_OP?	46	3fffffffffff
N??CAA_K?oKADOB_GP?	46	3fffffffffff
N??CAA_K?oKADOB_?h?	46	3fffffff0ffff
N??CAA_K?oKADOB_OD?	46	7ffffffff7ff
N??CAA_K?oKADOB_GD?	46	ffffffffe7ff
N??CAA_K?oKADOB_?T?	46	3fffffffffff
N??CAA_K?oKABO@oJ??	46	3ffff7dfdf7ff
N??CAA_K?oKABO@oBO?	46	3fffffffffff
N??CAA_K?oKABO@oIC?	46	3fffffffffff
N??CAA_K?oKABO@oBC?	46	3fffffffffff
N??CAA_K?oDAp?@oJ??	46	7ffffffffffe
N??CAA_K?oDAp?@oB_?	46	3fffffffffff
N??CAA_K?oDAp?@oBO?	46	7ffffffffffe
N??CAA_K?oDAp?@oBG?	46	3fffffffffff
N??CAA_K?oDAp?@oIC?	46	7ffffffff7ff
N??CAA_K?oDAp?@oAK?	46	3fffffffffff
N??CAA_K?oDAp?@oI@?	46	7ffffffff7ff
N??CAA_K?oDAp?@oG`?	46	7ffffffffffb
N??CAA_K?oDAT?@oX??	46	7ffffffffffe
N??CAA_K?oDAT?@oW_?	46	3fffffffffff
N??CAA_K?oDAT?@oH_?	46	3ffffef7ef7ff
N??CAA_K?oDAT?@oWO?	46	3fffffffffff
N??CAA_K?oDAT?@oHO?	46	3fffffffffff
N??CAA_K?oDAT?@oHG?	46	3ffff7dfdf7ff
N??CAA_K?oDAT?@o@g?	46	3ffff7dfdf7ff
N??CAA_K?oDAT?@oOW?	46	7fffffffff7f
N??CAA_K?oDAT?@o@W?	46	3fffffffffff
N??CAA_K?oDAT?@o?w?	46	7ffbfef7ef7ff
N??CAA_K?oDAT?@oWC?	46	7ffffffff7ff
N??CAA_K?oDAT?@oPC?	46	3ffffffffe7f9
N??CAA_K?oDAT?@oHC?	46	fffffffef7ff
N??CAA_K?oDAT?@oGS?	46	3fffffffffff
N??CAA_K?oDAT?@o@S?	46	7ffffffff7ff
N??CAA_K?oDAT?@o?s?	46	3fffffffffff
N??CAA_K?oDAT?@oOK?	46	7fffffffff7f
N??CAA_K?oDAT?@o@K?	46	3fffffffffff
N??CAA_K?oDAT?@o?k?	46	3fffffffffff
N??CAA_K?oDAT?@o?[?	46	7ffffffffffd
N??CAA_K?oDAT?@oG`?	46	3ffffdefdefff
N??CAA_K?oDAT?@o@P?	46	7ffffffff7ff
N??CAA_K?oDAT?@o?h?	46	3fffffff0ffff
N??CAA_K?oDAT?@o?X?	46	3fffffffffff
N??CAA_K?oDAT?@oOD?	46	3fffffffdf6fe
N??CAA_K?oDAT?@o?T?	46	7ffffffeffff
N??CAA_K?oDAT?@o?L?	46	3fffffffffff
N??CAA_K?oDA`_POJ??	46	3ffe7fda37bf077b
N??CAA_K?oDA`_POIC?	46	3ffdffdfdff7f
N??CAA_K?oDAP_@oJ??	46	2ffeffffffefb
N??CAA_K?oDAP_@oI_?	46	3ffff7dfdf7ff
N??CAA_K?oDAP_@oB_?	46	2ffeffffffefb
N??CAA_K?oDAP_@oIC?	46	3fffffffffff
N??CAA_K?oDAP_@oI@?	46	3ffffffffffcc
N??CAA_K?oDAD_POH_?	46	3ffffef7ef7ff
N??CAA_K?oDAD_POHO?	46	3fffffffffff
N??CAA_K?oDAD_POGo?	46	3ffff7dfdf7ff
N??CAA_K?oDAD_POHG?	46	3ffff7dfdf7ff
N??CAA_K?oDAD_POWC?	46	7ffffffff7ff
N??CAA_K?oDAD_POHC?	46	3fffffffffff
N??CAA_K?oDAD_POGS?	46	3fffffffffff
N??CAA_K?oDAD_POG`?	46	3ffffdefdefff
N??CAA_K?oDAD_POGH?	46	3fffffff0ffff
N??CAA_K?oDAD_POGD?	46	3fffffffffff
N??CAA_K?oDAPOP_B_?	46	3ffe7f8f6b7ef07b
N??CAA_K?oDAPOP_BG?	46	3ff8ffe76cfdf6e1
N??CAA_K?oDAPG@oY??	46	7ffffffff7ff
N??CAA_K?oDAPG@oR??	46	3ffffffffe7f9
N??CAA_K?oDAPG@oJ??	46	fffffffef7ff
N??CAA_K?oDAPG@oB_?	46	3fffffffffff
N??CAA_K?oDAPG@oIO?	46	3fffffffffff
N??CAA_K?oDAPG@oBO?	46	7ffffffff7ff
N??CAA_K?oDAPG@oQG?	46	3fffffffffff
N??CAA_K?oDAPG@oBG?	46	3fffffffffff
N??CAA_K?oDAPG@oAg?	46	3fffffffffff
N??CAA_K?oDAPG@oAW?	46	3fffffffffff
N??CAA_K?oDAPG@oQ@?	46	3fffffffdf6fe
N??CAA_K?oDAPG@oI@?	46	fffffffdefff
N??CAA_K?oDAPG@oAP?	46	7ffffffeffff
N??CAA_K?oDAPG@oAH?	46	3fffffffffff
N??CAA_K?oDA@gPOY??	46	3fffffffffff
N??CAA_K?oDA@gPOJ??	46	77ffebfffeffb
N??CAA_K?oDA@gPOIO?	46	3fffffffffff
N??CAA_K?oDA@gPOI@?	46	1ffffffffb7fe
N??CAA_K?oDAPA@oJ??	46	fffffdefce7ff
N??CAA_K?oDAPA@oWO?	46	7ffffffffffb
N??CAA_K?oDAPA@oBO?	46	7ffffffff7ff
N??CAA_K?oDAPA@oGg?	46	ffffffff0e7ff
N??CAA_K?oDAPA@oOW?	46	ffffffff6fff
N??CAA_K?oDAPA@oAW?	46	3fffffffffff
N??CAA_K?oDAPA@oAS?	46	7ffffffeffff
N??CA?oI?gX?p?Ao?w?	46	3ff8ffe76cfdf6e1
N??CA?oI?gX?p?Ao?Y?	46	3faeffff75e937d2
N??CA?oI?gX?Q_`O?w?	46	3ff8ffe76cfdf6e1
N??CA?oI?gX?Q_`OAS?	46	3fffffffffff
N??CA?oI?gX?Q_`OAE?	46	3ffffffffffcc
N??CA?oI?gX?Q_`O?U?	46	1ffffffffb7fe
N??CA?oI?gX?Q_`OAP?	46	3fffffff0ffff
N??CA?oI?gX?Q_HOAc?	46	3ffdf7ffff77f
N??CA?oI?gX?Q_HOOI?	46	2ffdeff7fe70fccc
N??CA?oI?gX?Q_HOQ@?	46	3fffffffffff
N??CA?oI?gX?Q_HOA`?	46	3fff7dfffeeff
N??CA?oI?gX?Q_HOAH?	46	3fffffffffff
N??CA?oI?gX?Q_@SE_?	46	3fffffffffff
N??CA?oI?gX?Q_@SSG?	46	2ffdeff7fe70fccc
N??CA?oI?gX?Q_@SCg?	46	3ffffffe97fff
N??CA?oI?gX?Q_@SQC?	46	3fffffffffff
N??CA?oI?gX?Q_@SAc?	46	3fffffffffff
N??CA?oI?gX?Q_@SE@?	46	3fffffffffff
N??CA?oI?gX?Q_@SAH?	46	3fffffffffff
N??CA?oI?gX?Q_@SAD?	46	3fffffffffff
N??CA?oI?gX?B_`OIO?	46	3ffff7dfdf7ff
N??CA?oI?gX?B_`OEC?	46	3fffffffffff
N??CA?oI?gX?B_`OAE?	46	3fffffffffff
N??CA?oI?gX?B_`O?R?	46	1ffffffffb7fe
N??CA?oI?gX?B_`O?F?	46	3fffffffffff
N??CA?oI?gX?Ao`_I_?	46	3ffff7dfdf7ff
N??CA?oI?gX?Ao`_Gg?	46	3ff8ffe76cfdf6e1
N??CA?oI?gX?Ao`_IC?	46	3fffffffffff
N??CA?oI?gX?Ao`_EC?	46	1ffffeffff7fd
N??CA?oI?gX?Ao`_Cc?	46	3fffffffffff
N??CA?oI?gX?Ao`_Ac?	46	3ffffffe97fff
N??CA?oI?gX?Ao`_KA?	46	2ffdeff7fe70fccc
N??CA?oI?gX?Ao`_Ga?	46	3faeffff75e937d2
N??CA?oI?gX?Ao`_Ca?	46	3ffffffe97fff
N??CA?oI?gX?Ao`_GI?	46	3faeffff75e937d2
N??CA?oI?gX?Ao`_AE?	46	1ffffffffb7fe
N??CA?oI?gX?Ao`_I@?	46	3fffffff0ffff
N??CA?oI?gX?Ao`_E@?	46	37fffbfffeffb
N??CA?oI?gX?Ao`_A`?	46	3ffffffe97fff
N??CA?oI?gX?Ao`_CD?	46	3fff7fefdfeff
N??CA?oI?gX?Ao`_?b?	46	1ffffffffb7fe
N??CA?oI?gX?AoP_Og?	46	3ff8ffe76cfdf6e1
N??CA?oI?gX?AoP_EC?	46	1ffffeffff7fd
N??CA?oI?gX?AoP_E@?	46	37fffbfffeffb
N??CA?oI?gR?p?@oCK?	46	3fffffffffff
N??CA?oI?gR?p?@oKA?	46	3fffffffffff
N??CA?oI?gR?p?@oCQ?	46	3fffffffffff
N??CA?oI?gR?p?@oCI?	46	3fffffffffff
N??CA?oI?gR?p?@oCE?	46	3fffffffffff
N??CA?oI?gR?p?@o@E?	46	3fffffffffff
N??CA?oI?gR?p?@o?M?	46	3fffffffffff
N??CA?oI?gR?p?@oGP?	46	2ffdeff7fe70fccc
N??CA?oI?gR?p?@o@D?	46	3fffffffffff
N??CA?oI?gR?p?@oCB?	46	3fffffffffff
N??CA?oI?gR?p??qKC?	46	3fffffffffff
N??CA?oI?gR?p??qHC?	46	3fffffffffff
N??CA?oI?gR?p??q@c?	46	3fffffffffff
N??CA?oI?gR?p??qCS?	46	3fffffffffff
N??CA?oI?gR?p??qKA?	46	3fffffffffff
N??CA?oI?gR?p??qCa?	46	3fffffffffff
N??CA?oI?gR?X??sX??	46	3fffffffffff
N??CA?oI?gR?X??sW_?	46	3fffffffffff
N??CA?oI?gR?X??sP_?	46	3fffffffffff
N??CA?oI?gR?X??sPO?	46	3fffffffffff
N??CA?oI?gR?X??sHO?	46	3fffffffffff
N??CA?oI?gR?X??sGo?	46	3fffffffffff
N??CA?oI?gR?X??s@o?	46	3fffffffffff
N??CA?oI?gR?X??sPG?	46	3fffffffffff
N??CA?oI?gR?X??sOg?	46	3fffffffffff
N??CA?oI?gR?X??s@g?	46	3fffffffffff
N??CA?oI?gR?X??sWC?	46	3fffffffffff
N??CA?oI?gR?X??sOc?	46	3fffffffffff
N??CA?oI?gR?X??s@c?	46	3fffffffffff
N??CA?oI?gR?X??sOK?	46	3fffffffffff
N??CA?oI?gR?X??sW@?	46	3fffffffffff
N??CA?oI?gR?X??sP@?	46	3fffffffffff
N??CA?oI?gR?R?GoWO?	46	3fffffffffff
N??CA?oI?gR?R?GoOo?	46	3fffffffffff
N??CA?oI?gR?R?GoGo?	46	3fffffffffff
N??CA?oI?gR?R?GoOg?	46	3fffffffffff
N??CA?oI?gR?R?GoOW?	46	3fffffffffff
N??CA?oI?gR?R?GoGW?	46	3fffffffffff
N??CA?oI?gR?R?Go?w?	46	3fffffffffff
N??CA?oI?gR?R?GoWC?	46	3fffffffffff
N??CA?oI?gR?R?GoGS?	46	3fffffffffff
N??CA?oI?gR?R?Go?k?	46	3fffffffffff
N??CA?oI?gR?R?GoWA?	46	3fffffffffff
N??CA?oI?gR?R?GoOa?	46	3fffffffffff
N??CA?oI?gR?R?GoGa?	46	3fffffffffff
N??CA?oI?gR?R?GoGQ?	46	3fffffffffff
N??CA?oI?gR?R?Go?q?	46	3fffffffffff
N??CA?oI?gR?R?GoOI?	46	3fffffffffff
N??CA?oI?gR?R?GoGI?	46	3fffffffffff
N??CA?oI?gR?R?Go?i?	46	3fffffffffff
N??CA?oI?gR?R?Go?e?	46	3fffffffffff
N??CA?oI?gR?R?Go?U?	46	3fffffffffff
N??CA?oI?gR?R?GoGP?	46	3fffffffffff
N??CA?oI?gR?R?GoOH?	46	3fffffffffff
N??CA?oI?gR?R?GoGH?	46	3fffffffffff
N??CA?oI?gR?R?Go?h?	46	3fffffffffff
N??CA?oI?gR?R?Go?X?	46	3fffffffffff
N??CA?oI?gR?R?GoOD?	46	3fffffffffff
N??CA?oI?gR?R?GoGD?	46	3fffffffffff
N??CA?oI?gR?R?Go?T?	46	3fffffffffff
N??CA?oI?gR?R?Go?L?	46	3fffffffffff
N??CA?oI?gR?R?GoOB?	46	3fffffffffff
N??CA?oI?gR?R?GoGB?	46	3fffffffffff
N??CA?oI?gR?R?Go?R?	46	3fffffffffff
N??CA?oI?gR?R?Go?J?	46	3fffffffffff
N??CA?oI?gR?R?@oWG?	46	3ffff7dfdf7ff
N??CA?oI?gR?R?@oWC?	46	3fffffffffff
N??CA?oI?gR?R?@oGS?	46	3fffffffffff
N??CA?oI?gR?R?@oOK?	46	3fffffffffff
N??CA?oI?gR?R?@oSA?	46	3fffffffffff
N??CA?oI?gR?R?@oGQ?	46	3fffffffffff
N??CA?oI?gR?R?@oCQ?	46	3fffffffffff
N??CA?oI?gR?R?@oOI?	46	3fffffffffff
N??CA?oI?gR?R?@oCI?	46	3fffffffffff
N??CA?oI?gR?R?@oOE?	46	3fffffffffff
N??CA?oI?gR?R?@oGE?	46	3fffffffffff
N??CA?oI?gR?R?@o?U?	46	3fffffffffff
N??CA?oI?gR?R?@o?M?	46	3fffffffffff
N??CA?oI?gR?R?@oW@?	46	3fffffff0ffff
N??CA?oI?gR?R?@oGP?	46	3ffffffe97fff
N??CA?oI?gR?R?@oCH?	46	3fffffffffff
N??CA?oI?gR?R?@o?T?	46	3fffffffffff
N??CA?oI?gR?R?@o?L?	46	3fffffffffff
N??CA?oI?gR?R?@o?F?	46	3fffffffffff
N??CA?oI?gR?R??w[??	46	3fffffffffff
N??CA?oI?gR?R??wW_?	46	3fffffffffff
N??CA?oI?gR?R??wS_?	46	3fffffffffff
N??CA?oI?gR?R??wK_?	46	3fffffffffff
N??CA?oI?gR?R??wWO?	46	3fffffffffff
N??CA?oI?gR?R??wKO?	46	3fffffffffff
N??CA?oI?gR?R??wGo?	46	3fffffffffff
N??CA?oI?gR?R??wCo?	46	3fffffffffff
N??CA?oI?gR?R??wSG?	46	3fffffffffff
N??CA?oI?gR?R??wOg?	46	3fffffffffff
N??CA?oI?gR?R??wCg?	46	3fffffffffff
N??CA?oI?gR?R??wCW?	46	3fffffffffff
N??CA?oI?gR?R??wWA?	46	3fffffffffff
N??CA?oI?gR?R??wOa?	46	3fffffffffff
N??CA?oI?gR?R??wCa?	46	3fffffffffff
N??CA?oI?gR?R??wOQ?	46	3fffffffffff
N??CA?oI?gR?R??wOI?	46	3fffffffffff
N??CA?oI?gR?R??wW@?	46	3fffffffffff
N??CA?oI?gR?R??wS@?	46	3fffffffffff
N??CA?oI?gR?R??s[??	46	3fffffffffff
N??CA?oI?gR?R??sW_?	46	3fffffffffff
N??CA?oI?gR?R??sWO?	46	3fffffffffff
N??CA?oI?gR?R??sKO?	46	3fffffffffff
N??CA?oI?gR?R??sGo?	46	3fffffffffff
N??CA?oI?gR?R??sCo?	46	3fffffffffff
N??CA?oI?gR?R??sSG?	46	3fffffffffff
N??CA?oI?gR?R??sOg?	46	3fffffffffff
N??CA?oI?gR?R??sCg?	46	3fffffffffff
N??CA?oI?gR?R??sCW?	46	3fffffffffff
N??CA?oI?gR?R??s?w?	46	3fffffffffff
N??CA?oI?gR?R??sOS?	46	3fffffffffff
N??CA?oI?gR?R??sGS?	46	3fffffffffff
N??CA?oI?gR?R??sOK?	46	3fffffffffff
N??CA?oI?gR?R??s?k?	46	3fffffffffff
N??CA?oI?gR?R??sOH?	46	3fffffffffff
N??CA?oI?gR?R??s?X?	46	3fffffffffff
N??CA?oI?gR?R??qW_?	46	3fffffff0ffff
N??CA?oI?gR?R??qWO?	46	3fffffff0ffff
N??CA?oI?gR?R??qKO?	46	3fffffffffff
N??CA?oI?gR?R??qGo?	46	3ffffffe97fff
N??CA?oI?gR?R??qOg?	46	3ffffffe97fff
N??CA?oI?gR?R??qCg?	46	3fffffffffff
N??CA?oI?gR?R??q?w?	46	3ffffffe67fff
N??CA?oI?gR?R??qWC?	46	3fffffffffff
N??CA?oI?gR?R??qKC?	46	3fffffffffff
N??CA?oI?gR?R??qCc?	46	3fffffffffff
N??CA?oI?gR?R??qGS?	46	3fffffffffff
N??CA?oI?gR?R??qCS?	46	3fffffffffff
N??CA?oI?gR?R??q?s?	46	3fffffffffff
N??CA?oI?gR?R??qOK?	46	3fffffffffff
N??CA?oI?gR?R??qCK?	46	3fffffffffff
N??CA?oI?gR?R??q?k?	46	3fffffffffff
N??CA?oI?gR?R??qWA?	46	3fffffffffff
N??CA?oI?gR?R??qSA?	46	3fffffffffff
N??CA?oI?gR?R??qKA?	46	3fffffffffff
N??CA?oI?gR?R??qGQ?	46	3fffffffffff
N??CA?oI?gR?R??qCQ?	46	3fffffffffff
N??CA?oI?gR?R??qOI?	46	3fffffffffff
N??CA?oI?gR?R??qCI?	46	3fffffffffff
N??CA?oI?gR?R??qOE?	46	3fffffffffff
N??CA?oI?gR?R??qGE?	46	3fffffffffff
N??CA?oI?gR?R??qCE?	46	3fffffffffff
N??CA?oI?gR?R??q?e?	46	3fffffffffff
N??CA?oI?gR?R??q?U?	46	3fffffffffff
N??CA?oI?gR?R??q?M?	46	3fffffffffff
N??CA?oI?gR?Q_`OK_?	46	3fffffffffff
N??CA?oI?gR?Q_`OGo?	46	3ffff7dfdf7ff
N??CA?oI?gR?Q_`OCo?	46	3fffffffffff
N??CA?oI?gR?Q_`OGW?	46	3ffff7dfdf7ff
N??CA?oI?gR?Q_`OCW?	46	3fffffffffff
N??CA?oI?gR?Q_`O?w?	46	3ffdffdfdff7f
N??CA?oI?gR?Q_`OGc?	46	3fffffffffff
N??CA?oI?gR?Q_`OCS?	46	3fffffffffff
N??CA?oI?gR?Q_`OCK?	46	3fffffffffff
N??CA?oI?gR?Q_`O?[?	46	3fffffffffff
N??CA?oI?gR?Q_`OKA?	46	3fffffffffff
N??CA?oI?gR?Q_`OGa?	46	3fffffffffff
N??CA?oI?gR?Q_`OCa?	46	3fffffffffff
N??CA?oI?gR?Q_`OCI?	46	3fffffffffff
N??CA?oI?gR?Q_`OGE?	46	3fffffffffff
N??CA?oI?gR?Q_`O?e?	46	3fffffffffff
N??CA?oI?gR?Q_`O?U?	46	3fffffffffff
N??CA?oI?gR?Q_`O?M?	46	3fffffffffff
N??CA?oI?gR?Q_`OG`?	46	3fffffff0ffff
N??CA?oI?gR?Q_`OGP?	46	3fffffff0ffff
N??CA?oI?gR?Q_`O?X?	46	3ffffffe97fff
N??CA?oI?gR?Q_`OGD?	46	3fffffffffff
N??CA?oI?gR?Q_`O?d?	46	3fffffffffff
N??CA?oI?gR?Q_`O?L?	46	3fffffffffff
N??CA?oI?gR?Q_`OGB?	46	3fffffffffff
N??CA?oI?gR?Q_`OCB?	46	3fffffffffff
N??CA?oI?gR?Q_`O?J?	46	3fffffffffff
N??CA?oI?gR?Q_`O?F?	46	3fffffffffff
N??CA?oI?gR?Q_HOW_?	46	3fffffffffff
N??CA?oI?gR?Q_HOOo?	46	3fffffffffff
N??CA?oI?gR?Q_HOGo?	46	3fffffffffff
N??CA?oI?gR?Q_HOOg?	46	3fffffffffff
N??CA?oI?gR?Q_HOGg?	46	3fffffffffff
N??CA?oI?gR?Q_HOOW?	46	3fffffffffff
N??CA?oI?gR?Q_HO?w?	46	3fffffffffff
N??CA?oI?gR?Q_HOOK?	46	3fffffffffff
N??CA?oI?gR?Q_HO?[?	46	3fffffffffff
N??CA?oI?gR?Q_HOWA?	46	3fffffffffff
N??CA?oI?gR?Q_HOOa?	46	3fffffffffff
N??CA?oI?gR?Q_HOGa?	46	3fffffffffff
N??CA?oI?gR?Q_HOGQ?	46	3fffffffffff
N??CA?oI?gR?Q_HO?q?	46	3fffffffffff
N??CA?oI?gR?Q_HOOI?	46	3fffffffffff
N??CA?oI?gR?Q_HO?Y?	46	3fffffffffff
N??CA?oI?gR?Q_HOW@?	46	3fffffffffff
N??CA?oI?gR?Q_HOOH?	46	3fffffffffff
N??CA?oI?gR?Q_HO?X?	46	3fffffffffff
N??CA?oI?gR?Q_HOOD?	46	3fffffffffff
N??CA?oI?gR?Q_HOGD?	46	3fffffffffff
N??CA?oI?gR?Q_HO?T?	46	3fffffffffff
N??CA?oI?gR?Q_HO?L?	46	3fffffffffff
N??CA?oI?gR?Q_HOOB?	46	3fffffffffff
N??CA?oI?gR?Q_HOGB?	46	3fffffffffff
N??CA?oI?gR?Q_HO?R?	46	3fffffffffff
N??CA?oI?gR?Q_HO?J?	46	3fffffffffff
N??CA?oI?gR?Q_@oW_?	46	3ffff7dfdf7ff
N??CA?oI?gR?Q_@oS_?	46	3fffffffffff
N??CA?oI?gR?Q_@oWG?	46	3ffff7dfdf7ff
N??CA?oI?gR?Q_@oSG?	46	3fffffffffff
N??CA?oI?gR?Q_@oSC?	46	3fffffffffff
N??CA?oI?gR?Q_@oGc?	46	3fffffffffff
N??CA?oI?gR?Q_@oOK?	46	3fffffffffff
N??CA?oI?gR?Q_@oCK?	46	3fffffffffff
N??CA?oI?gR?Q_@oKA?	46	3fffffffffff
N??CA?oI?gR?Q_@oCa?	46	3fffffffffff
N??CA?oI?gR?Q_@oOE?	46	3fffffffffff
N??CA?oI?gR?Q_@oGE?	46	3fffffffffff
N??CA?oI?gR?Q_@o?e?	46	3fffffffffff
N??CA?oI?gR?Q_@oW@?	46	3fffffff0ffff
N??CA?oI?gR?Q_@oOH?	46	3ffffffe97fff
N??CA?oI?gR?Q_@oCH?	46	3fffffffffff
N??CA?oI?gR?Q_@oGD?	46	3fffffffffff
N??CA?oI?gR?Q_@oCD?	46	3fffffffffff
N??CA?oI?gR?Q_@o?L?	46	3fffffffffff
N??CA?oI?gR?Q_@oGB?	46	3fffffffffff
N??CA?oI?gR?Q_@oCB?	46	3fffffffffff
N??CA?oI?gR?Q_@o?J?	46	3fffffffffff
N??CA?oI?gR?Q_@o?F?	46	3fffffffffff
N??CA?oI?gR?Q_@W[??	46	3fffffffffff
N??CA?oI?gR?Q_@WW_?	46	3fffffffffff
N??CA?oI?gR?Q_@WK_?	46	3fffffffffff
N??CA?oI?gR?Q_@WSO?	46	3fffffffffff
N??CA?oI?gR?Q_@WKO?	46	3fffffffffff
N??CA?oI?gR?Q_@WGo?	46	3fffffffffff
N??CA?oI?gR?Q_@WCo?	46	3fffffffffff
N??CA?oI?gR?Q_@WSG?	46	3fffffffffff
N??CA?oI?gR?Q_@WOg?	46	3fffffffffff
N??CA?oI?gR?Q_@WGg?	46	3fffffffffff
N??CA?oI?gR?Q_@WCg?	46	3fffffffffff
N??CA?oI?gR?Q_@WCW?	46	3fffffffffff
N??CA?oI?gR?Q_@WWA?	46	3fffffffffff
N??CA?oI?gR?Q_@WOa?	46	3fffffffffff
N??CA?oI?gR?Q_@WOQ?	46	3fffffffffff
N??CA?oI?gR?Q_@WOI?	46	3fffffffffff
N??CA?oI?gR?Q_@WW@?	46	3fffffffffff
N??CA?oI?gR?Q_@WS@?	46	3fffffffffff
N??CA?oI?gR?H_oOH_?	46	3fffffffffff
N??CA?oI?gR?H_oOHO?	46	3fffffffffff
N??CA?oI?gR?H_oOGo?	46	3fffffffffff
N??CA?oI?gR?H_oOHC?	46	3fffffffffff
N??CA?oI?gR?H_oOGc?	46	3fffffffffff
N??CA?oI?gR?H_oOGK?	46	3fffffffffff
N??CA?oI?gR?H_oOGa?	46	3fffffffffff
N??CA?oI?gR?H_oOGE?	46	3fffffffffff
N??CA?oI?gR?H_oOGP?	46	3fffffffffff
N??CA?oI?gR?H_oOGH?	46	3fffffffffff
N??CA?oI?gR?H_oOGD?	46	3fffffffffff
N??CA?oI?gR?H_oOGB?	46	3fffffffffff
N??CA?oI?gR?B_oOGo?	46	3ffff7dfdf7ff
N??CA?oI?gR?B_oOKC?	46	3fffffffffff
N??CA?oI?gR?B_oOGc?	46	3fffffffffff
N??CA?oI?gR?B_oOGS?	46	3fffffffffff
N??CA?oI?gR?B_oOGK?	46	3fffffffffff
N??CA?oI?gR?B_oOKA?	46	3fffffffffff
N??CA?oI?gR?B_oOGa?	46	3fffffffffff
N??CA?oI?gR?B_oOGQ?	46	3fffffffffff
N??CA?oI?gR?B_oOGE?	46	3fffffffffff
N??CA?oI?gR?B_oOGP?	46	3fffffff0ffff
N??CA?oI?gR?B_oOGH?	46	3fffffff0ffff
N??CA?oI?gR?B_oOGD?	46	3fffffffffff
N??CA?oI?gR?B_oOGB?	46	3fffffffffff
N??CA?oI?gR?B_WOW_?	46	7ffffffff7ff
N??CA?oI?gR?B_WOWO?	46	7ffffffff7ff
N??CA?oI?gR?B_WOGo?	46	7ffffffff7ff
N??CA?oI?gR?B_WOGg?	46	3fffffffffff
N??CA?oI?gR?B_WOGW?	46	3fffffffffff
N??CA?oI?gR?B_WOWC?	46	3fffffffffff
N??CA?oI?gR?B_WOGc?	46	3fffffffffff
N??CA?oI?gR?B_WOGS?	46	3fffffffffff
N??CA?oI?gR?B_WOWA?	46	3fffffffffff
N??CA?oI?gR?B_WOGa?	46	3fffffffffff
N??CA?oI?gR?B_WOGQ?	46	3fffffffffff
N??CA?oI?gR?B_WOGI?	46	3fffffffffff
N??CA?oI?gR?B_WOGE?	46	3fffffffffff
N??CA?oI?gR?B_WOW@?	46	7ffffffdffff
N??CA?oI?gR?B_WOG`?	46	7ffffffdffff
N??CA?oI?gR?B_WOGP?	46	7ffffffdffff
N??CA?oI?gR?B_WOGH?	46	3fffffffffff
N??CA?oI?gR?B_WOGD?	46	3fffffffffff
N??CA?oI?gR?B_WOGB?	46	3fffffffffff
N??CA?oI?gR?B_POWO?	46	3ffff7dfdf7ff
N??CA?oI?gR?B_POWG?	46	3ffff7dfdf7ff
N??CA?oI?gR?B_POWC?	46	3fffffffffff
N??CA?oI?gR?B_POKC?	46	3fffffffffff
N??CA?oI?gR?B_POWA?	46	3fffffffffff
N??CA?oI?gR?B_POKA?	46	3fffffffffff
N??CA?oI?gR?B_POGQ?	46	3fffffffffff
N??CA?oI?gR?B_POGE?	46	3fffffffffff
N??CA?oI?gR?B_POK@?	46	3fffffffffff
N??CA?oI?gR?B_POGP?	46	3ffffffe97fff
N??CA?oI?gR?B_Oo[??	46	3fffffffffff
N??CA?oI?gR?B_OoW_?	46	3ffff7dfdf7ff
N??CA?oI?gR?B_OoWC?	46	3fffffffffff
N??CA?oI?gR?B_OoKC?	46	3fffffffffff
N??CA?oI?gR?B_OoWA?	46	3fffffffffff
N??CA?oI?gR?B_OoKA?	46	3fffffffffff
N??CA?oI?gR?B_OoGE?	46	3fffffffffff
N??CA?oI?gR?B_OoW@?	46	3fffffff0ffff
N??CA?oI?gR?B_OoK@?	46	3fffffffffff
N??CA?oI?gR?B_OoGD?	46	3fffffffffff
N??CA?oI?gR?B_OQW_?	46	3fffffff0ffff
N??CA?oI?gR?B_OQWO?	46	3fffffff0ffff
N??CA?oI?gR?B_OQKO?	46	3fffffffffff
N??CA?oI?gR?B_OQGo?	46	3ffffffe97fff
N??CA?oI?gR?B_OQGW?	46	3ffffffe97fff
N??CA?oI?gR?B_OQWC?	46	3fffffffffff
N??CA?oI?gR?B_OQKC?	46	3fffffffffff
N??CA?oI?gR?B_OQGc?	46	3fffffffffff
N??CA?oI?gR?B_OQGS?	46	3fffffffffff
N??CA?oI?gR?B_OQGK?	46	3fffffffffff
N??CA?oI?gR?B_OQWA?	46	3fffffffffff
N??CA?oI?gR?B_OQKA?	46	3fffffffffff
N??CA?oI?gR?B_OQGQ?	46	3fffffffffff
N??CA?oI?gR?B_OQGE?	46	3fffffffffff
N??CA?oI?gR?QOP_S_?	46	3fffffffffff
N??CA?oI?gR?QOP_Og?	46	3ffff7dfdf7ff
N??CA?oI?gR?QOP_OW?	46	3ffff7dfdf7ff
N??CA?oI?gR?QOP_CW?	46	3fffffffffff
N??CA?oI?gR?QOP_?w?	46	3ffdffdfdff7f
N??CA?oI?gR?QOP_Oc?	46	3fffffffffff
N??CA?oI?gR?QOP_CS?	46	3fffffffffff
N??CA?oI?gR?QOP_?k?	46	3fffffffffff
N??CA?oI?gR?QOP_?[?	46	3fffffffffff
N??CA?oI?gR?QOP_SA?	46	fffffffff7fe
N??CA?oI?gR?QOP_Oa?	46	3fffffffffff
N??CA?oI?gR?QOP_Ca?	46	3fffffffffff
N??CA?oI?gR?QOP_?Y?	46	3fffffffffff
N??CA?oI?gR?QOP_OE?	46	fffffffff77f
N??CA?oI?gR?QOP_?e?	46	3fffffffffff
N??CA?oI?gR?QOP_?M?	46	3fffffffffff
N??CA?oI?gR?QOP_CP?	46	3fffffffffff
N??CA?oI?gR?QOP_OH?	46	3fffffff0ffff
N??CA?oI?gR?QOP_CH?	46	3fffffffffff
N??CA?oI?gR?QOP_?X?	46	3ffffffe97fff
N??CA?oI?gR?QOP_OD?	46	7ffffffff7ff
N??CA?oI?gR?QOP_CD?	46	fffffffef7ff
N??CA?oI?gR?QOP_?T?	46	3fffffffffff
N??CA?oI?gR?QOP_OB?	46	7ffffffff7ff
N??CA?oI?gR?QOP_CB?	46	fffffffef7ff
N??CA?oI?gR?QOP_?R?	46	3fffffffffff
N??CA?oI?gR?QOP_?F?	46	fffffffdefff
N??CA?oI?gR?QOH_W_?	46	3fffffffffff
N??CA?oI?gR?QOH_Go?	46	3fffffffffff
N??CA?oI?gR?QOH_Gg?	46	3fffffffffff
N??CA?oI?gR?QOH_GW?	46	3fffffffffff
N??CA?oI?gR?QOH_Gc?	46	3fffffffffff
N??CA?oI?gR?QOH_GS?	46	3fffffffffff
N??CA?oI?gR?QOH_WA?	46	3fffffffffff
N??CA?oI?gR?QOH_Ga?	46	3fffffffffff
N??CA?oI?gR?QOH_GQ?	46	3fffffffffff
N??CA?oI?gR?QOH_GP?	46	3fffffffffff
N??CA?oI?gR?QOH_GH?	46	3fffffffffff
N??CA?oI?gR?QOH_GD?	46	3fffffffffff
N??CA?oI?gR?QOH_GB?	46	3fffffffffff
N??CA?oI?gR?QO@g[??	46	3fffffffffff
N??CA?oI?gR?QO@gW_?	46	3fffffffffff
N??CA?oI?gR?QO@gK_?	46	3fffffffffff
N??CA?oI?gR?QO@gWO?	46	3fffffffffff
N??CA?oI?gR?QO@gKO?	46	3fffffffffff
N??CA?oI?gR?QO@gGo?	46	3fffffffffff
N??CA?oI?gR?QO@gGg?	46	3fffffffffff
N??CA?oI?gR?QO@gGW?	46	3fffffffffff
N??CA?oI?gR?QO@gWA?	46	3fffffffffff
N??CA?oI?gR?QO@gGa?	46	3fffffffffff
N??CA?oI?gR?QO@gGQ?	46	3fffffffffff
N??CA?oI?gR?QO@gGI?	46	3fffffffffff
N??CA?oI?gR?QO@gW@?	46	3fffffffffff
N??CA?oI?gR?QO@gK@?	46	3fffffffffff
N??CA?oI?gR?QO@gG`?	46	3fffffffffff
N??CA?oI?gR?QO@gGP?	46	3fffffffffff
N??CA?oI?gR?QO@gGB?	46	3fffffffffff
N??CA?oI?gR?QO@c[??	46	3fffffffffff
N??CA?oI?gR?QO@cW_?	46	3fffffffffff
N??CA?oI?gR?QO@cK_?	46	3fffffffffff
N??CA?oI?gR?QO@cKO?	46	3fffffffffff
N??CA?oI?gR?QO@cGo?	46	3fffffffffff
N??CA?oI?gR?QO@cGW?	46	3fffffffffff
N??CA?oI?gR?QO@cGc?	46	3fffffffffff
N??CA?oI?gR?QO@cGS?	46	3fffffffffff
N??CA?oI?gR?BGOo[??	46	3fffffffffff
N??CA?oI?gR?BGOoK_?	46	3fffffffff87f
N??CA?oI?gR?BGOoKO?	46	3fffffffffff
N??CA?oI?gR?BGOoWA?	46	3fffffffffff
N??CA?oI?gR?BGOoGa?	46	3bfffffbf7ffd
N??CA?oI?gR?BGOoGQ?	46	3fffffffffff
N??CA?oI?gR?BGOoGB?	46	2ffeffffffefb
N??CA?oI?gR?oAHO?Y?	46	3fffffffffff
N??CA?oI?gR?oA@o@c?	46	3fffffffffff
N??CA?oI?gR?oA@oCS?	46	3fffffffffff
N??CA?oI?gR?oA@oCa?	46	3fffffffffff
N??CA?oI?gR?oA@oCI?	46	3fffffffffff
N??CA?oI?gP_q?GoGW?	46	3defbfffdea94fcc
N??CA?oI?gP_q?GoAW?	46	3fffffffffff
N??CA?oI?gP_q?GoAK?	46	3fffffffffff
N??CA?oI?gP_q?GoAQ?	46	3fffffffffff
N??CA?oI?gP_q?GoAI?	46	3fffffffffff
N??CA?oI?gP_q?Go?e?	46	3fffffffffff
N??CA?oI?gP_q?GoAP?	46	3fffffffffff
N??CA?oI?gP_q?Go?p?	46	3fffffffffff
N??CA?oI?gP_q?GoAH?	46	3fffffffffff
N??CA?oI?gP_q?GoAD?	46	3fffffffffff
N??CA?oI?gP_q?Go?d?	46	3fffffffffff
N??CA?oI?gP_q?Go?L?	46	3fffffffffff
N??CA?oI?gP_q?GoAB?	46	3fffffffffff
N??CA?oI?gP_q?@oIO?	46	3ffff7dfdf7ff
N??CA?oI?gP_q?@oCW?	46	3fff7fefdfeff
N??CA?oI?gP_q?@oAQ?	46	3fffffffffff
N??CA?oI?gP_q?@oCE?	46	3fffffffffff
N??CA?oI?gP_q?@oAE?	46	3fffffffffff
N??CA?oI?gP_q?@o?M?	46	3fffffffffff
N??CA?oI?gP_q?@oGP?	46	37ff6fdff9f0fb52
N??CA?oI?gP_q?@oCP?	46	3fffffffffff
N??CA?oI?gP_q?@oGD?	46	3fffffffffff
N??CA?oI?gP_q?@oCD?	46	3fffffffffff
N??CA?oI?gP_q?@o?L?	46	3fffffffffff
N??CA?oI?gP_q?@oCB?	46	3fffffffffff
N??CA?oI?gP_q?@oAB?	46	3fffffffffff
N??CA?oI?gP_q?@o?R?	46	1ffffffffb7fe
N??CA?oI?gP_q?@o?J?	46	1ffffffffb7fe
N??CA?oI?gP_q?@o?F?	46	3fffffffffff
N??CA?oI?gP_q??sM??	46	3fffffffffff
N??CA?oI?gP_q??sE_?	46	3fffffffffff
N??CA?oI?gP_q??sCo?	46	3ffffffe97fff
N??CA?oI?gP_q??sCg?	46	3ffffffe97fff
N??CA?oI?gP_q??sAg?	46	3fffffffffff
N??CA?oI?gP_q??sCc?	46	3fffffffffff
N??CA?oI?gP_q??sAc?	46	3fffffffffff
N??CA?oI?gP_q??sI@?	46	3fffffffffff
N??CA?oI?gP_q??sE@?	46	3fffffffffff
N??CA?oI?gP_q??sC`?	46	3fffffffffff
N??CA?oI?gP_q??sA`?	46	3fffffffffff
N??CA?oI?gP_q??sAD?	46	3fffffffffff
N??CA?oI?gP_q??qEO?	46	3fffffffffff
N??CA?oI?gP_q??qCo?	46	3fffffffffff
N??CA?oI?gP_q??qEG?	46	3fffffffffff
N??CA?oI?gP_q??qGW?	46	37ff6fdff9f0fb52
N??CA?oI?gP_q??qKC?	46	3fffffffffff
N??CA?oI?gP_q??qCS?	46	3fffffffffff
N??CA?oI?gP_q??q?s?	46	3fffffffffff
N??CA?oI?gP_q??qCK?	46	3fffffffffff
N??CA?oI?gP_q??qAK?	46	3fffffffffff
N??CA?oI?gP_q??q?k?	46	3fffffffffff
N??CA?oI?gP_q??qEA?	46	3fffffffffff
N??CA?oI?gP_q??qAa?	46	3fffffffffff
N??CA?oI?gP_q??qAE?	46	3fffffffffff
N??CA?oI?gD_q?_oAK?	46	3fffffffffff
N??CA?oI?gD_q?_oGQ?	46	2ffdeff7fe70fccc
N??CA?oI?gD_q?_oAI?	46	3fffffffffff
N??CA?oI?gD_q?_o?i?	46	3ffffffe97fff
N??CA?oI?gD_q?_o?M?	46	1ffffffffb7fe
N??CA?oI?gD_q?_oI@?	46	7fffffff7fff
N??CA?oI?gD_q?_oAP?	46	7ffffffeffff
N??CA?oI?gD_q?_o?p?	46	3fffffffffff
N??CA?oI?gD_q?_oAH?	46	7ffffffeffff
N??CA?oI?gD_q?_o?T?	46	3fffffffffff
N??CA?oI?gD_q?_o?L?	46	3fffffffffff
N??CA?oI?gD_q?CoW_?	46	3fffffffffff
N??CA?oI?gD_q?CoGo?	46	3fffffffffff
N??CA?oI?gD_q?CoOW?	46	fffffffffe7f
N??CA?oI?gD_q?Co?w?	46	3fffffffffff
N??CA?oI?gD_q?CoGS?	46	3fffffffffff
N??CA?oI?gD_q?Co?[?	46	3fffffffffff
N??CA?oI?gD_q?CoWA?	46	3fffffffffff
N??CA?oI?gD_q?CoGQ?	46	3fffffffffff
N??CA?oI?gD_q?Co?Y?	46	3fffffffffff
N??CA?oI?gD_q?CoW@?	46	3fffffffffff
N??CA?oI?gD_q?CoO`?	46	3fffffffffff
N??CA?oI?gD_q?CoOP?	46	3fffffffffff
N??CA?oI?gD_q?CoGP?	46	3fffffffffff
N??CA?oI?gD_q?Co?p?	46	3fffffffffff
N??CA?oI?gD_q?Co?X?	46	3fffffffffff
N??CA?oI?gD_q?CoOD?	46	3fffffffffff
N??CA?oI?gD_q?Co?T?	46	3fffffffffff
N??CA?oI?gD_q?CoOB?	46	3fffffffffff
N??CA?oI?gD_q?Co?R?	46	3fffffffffff
N??CA?oI?gD_q?@oOW?	46	3fff7fefdfeff
N??CA?oI?gD_q?@oGS?	46	3fffffffffff
N??CA?oI?gD_q?@o?[?	46	3fffffffffff
N??CA?oI?gD_q?@oWA?	46	3fffffff0ffff
N??CA?oI?gD_q?@oGQ?	46	3ffffffe97fff
N??CA?oI?gD_q?@oQ@?	46	3fffffffffff
N??CA?oI?gD_q?@oOP?	46	3fffffffffff
N??CA?oI?gD_q?@oGP?	46	3fffffffffff
N??CA?oI?gD_q?@oAP?	46	3fffffffffff
N??CA?oI?gD_q?@oOD?	46	3fffffffffff
N??CA?oI?gD_q?@o?T?	46	3fffffffffff
N??CA?oI?gD_q?@o?F?	46	3fffffffdef7e
N??CA?oI?gD_q??sW_?	46	3fffffff0ffff
N??CA?oI?gD_q??sIO?	46	3fffffffffff
N??CA?oI?gD_q??sGo?	46	3ffffffe97fff
N??CA?oI?gD_q??s?w?	46	3ffffffe67fff
N??CA?oI?gD_q??sAc?	46	3fffffffcfefb
N??CA?oI?gD_q??sQ@?	46	3fffffffffff
N??CA?oI?gD_p?CoHO?	46	3fffffffffff
N??CA?oI?gD_p?CoOW?	46	7ffffffffeff
N??CA?oI?gD_p?Co@W?	46	3fffffffffff
N??CA?oI?gD_p?CoGS?	46	3fffffffffff
N??CA?oI?gD_p?CoOQ?	46	3fffffffffff
N??CA?oI?gD_p?CoGQ?	46	3fffffffffff
N??CA?oI?gD_p?Co?Y?	46	3fffffffffff
N??CA?oI?gD_p?CoW@?	46	3fffffffffff
N??CA?oI?gD_p?CoP@?	46	3fffffffffff
N??CA?oI?gD_p?CoOP?	46	3fffffffffff
N??CA?oI?gD_p?CoGP?	46	3fffffffffff
N??CA?oI?gD_p?Co@P?	46	3fffffffffff
N??CA?oI?gD_p?CoOB?	46	3fffffffffff
N??CA?oI?gD_p?Co?R?	46	3fffffffffff
N??CA?oI?gD_p??wX??	46	3fffffffffff
N??CA?oI?gD_p??wIO?	46	3fffffffffff
N??CA?oI?gD_p??wHO?	46	3fffffffffff
N??CA?oI?gD_p??wAW?	46	3fffffffffff
N??CA?oI?gD_p??w@W?	46	3fffffffffff
N??CA?oI?gD_p??wQA?	46	3fffffffffff
N??CA?oI?gD_p??wAQ?	46	3fffffffffff
N??CA?oI?gD_p??sQO?	46	3fffffffffff
N??CA?oI?gD_p??sIO?	46	3fffffffffff
N??CA?oI?gD_p??sHO?	46	3ffffffe97fff
N??CA?oI?gD_p??sGS?	46	3fffffffffff
N??CA?oI?gD_p??sQ@?	46	3fffffffffff
N??CA?oI?gD_p??sGP?	46	3fffffffffff
N??CA?oI?gD_p??sAP?	46	3fffffffffff
N??CA?oI?gD_p??s@D?	46	3fffffffdef7e
N??CA?oI?gD_a_oOIC?	46	3fffffffffff
N??CA?oI?gD_a_oOIA?	46	3fffffffffff
N??CA?oI?gD_a_oOGa?	46	3fffffff0ffff
N??CA?oI?gD_a_oOGE?	46	3ffffffffffcc
N??CA?oI?gD_a_oOI@?	46	ffffffff7f7f
N??CA?oI?gD_a_oOGD?	46	3fffffffffff
N??CA?oI?gD_a_SOW_?	46	7fffffffefff
N??CA?oI?gD_a_SOWO?	46	ffffffffe7ff
N??CA?oI?gD_a_SOWG?	46	ffffffffe7ff
N??CA?oI?gD_a_SOWC?	46	3fffffffffff
N??CA?oI?gD_a_SOWA?	46	fffffffdf7ff
N??CA?oI?gD_a_SOW@?	46	3fffffffffff
N??CA?oI?gD_a_POWO?	46	3ffffdefdefff
N??CA?oI?gD_a_POWG?	46	3ffffdefdefff
N??CA?oI?gD_a_POWC?	46	3fffffffffff
N??CA?oI?gD_a_POWA?	46	3fffffff0ffff
N??CA?oI?gD_a_POW@?	46	3fffffffffff
N??CA?oI?gD_a_OSY??	46	3fffffffffff
N??CA?oI?gD_a_OSW_?	46	3fffffff0ffff
N??CA?oI?gD_`_oOHO?	46	3ffffdefdefff
N??CA?oI?gD_`_oOIC?	46	7fffffffefff
N??CA?oI?gD_`_oOHC?	46	3fffffffffff
N??CA?oI?gD_`_oOGS?	46	7ffffffffeff
N??CA?oI?gD_`_oOIA?	46	3fffffffffff
N??CA?oI?gD_`_oOHA?	46	3fffffff0ffff
N??CA?oI?gD_`_oOGQ?	46	3fffffff0ffff
N??CA?oI?gD_`_oOGE?	46	3fffffffffff
N??CA?oI?gD_`_oOI@?	46	3fffffffffff
N??CA?oI?gD_`_oOH@?	46	3fffffffffff
N??CA?oI?gD_`_oOGP?	46	3ffff7dfdf7ff
N??CA?oI?gD_`_oOGD?	46	3fffffffffff
N??CA?oI?gD_`_oOGB?	46	3fffffffffff
N??CA?oI?gD_`_SOX??	46	7fffffffefff
N??CA?oI?gD_`_SOWO?	46	7fffffffefff
N??CA?oI?gD_`_SOWG?	46	7fffffffefff
N??CA?oI?gD_`_SOWC?	46	7fffffffefff
N??CA?oI?gD_`_SOWA?	46	7ffffffdffff
N??CA?oI?gD_`_SOW@?	46	3fffffffffff
N??CA?oI?gD_`_OWY??	46	7fffffffefff
N??CA?oI?gD_`_OWX??	46	3fffffffffff
N??CA?oI?gD_`_OWWO?	46	7ffffffffeff
N??CA?oI?gD_`_OSY??	46	3fffffffffff
N??CA?oI?gD_`_OSX??	46	3fffffff0ffff
N??CA?oI?gD_`_OSWO?	46	3fffffff0ffff
N??CA?oI?gD_`_OSWG?	46	3fffffff0ffff
N??CA?oI?gD_`_OSWC?	46	3fffffffffff
N??CA?oI?gD_`_OSW@?	46	3fffffffffff
N??CA?oI?gD_aGOoY??	46	3fffffffffff
N??CA?oI?gD_aGOoW_?	46	3fffffffffff
N??CA?oI?gD_aGOoIO?	46	3fffffffffff
N??CA?oI?gD_aGOoGo?	46	3fffffffffff
N??CA?oI?gD_aGOoWA?	46	3ffffffffffcc
N??CA?oI?gD_aGOoGQ?	46	1ffffffffb7fe
N??CA?oI?gD_aGOoI@?	46	3bfffffbf7ffd
N??CA?oI?gD_aGOoGP?	46	ffffffffe7ff
N??CA?oI?gD_aGOoGH?	46	ffffffffe7ff
N??CA?oI?gWOq?BOAS?	46	3fffffffffff
N??CA?oI?gWOq?BOAE?	46	3ffffffffffcc
N??CA?oI?gWOq?BO?U?	46	1ffffffffb7fe
N??CA?oI?gWOq?@o@g?	46	3ff8ffe76cfdf6e1
N??CA?oI?gWOq?@oDC?	46	2ffdeff7fe70fccc
N??CA?oI?gWOq?@oBC?	46	3fff7fefdfeff
N??CA?oI?gWOq?@oAc?	46	37ff6fdff9f0fb52
N??CA?oI?gWOq?@oEA?	46	3ff8ffe76cfdf6e1
N??CA?oI?gWOq?@oAa?	46	3fffffffffff
N??CA?oI?gWOq?@oCE?	46	3fefebfbbba64b7e
N??CA?oI?gWOq?@o@E?	46	3fefedefe76634fe
N??CA?oI?gWOq?@oE@?	46	3ff73fdb9cfdef61
N??CA?oI?gWOq?@oCD?	46	3defbfffdea94fcc
N??CA?oI?gWOq?@oCB?	46	3fbffffffcffe
N??CA?oI?gWOq?@SE_?	46	3fffffffff87f
N??CA?oI?gWOq?@SAc?	46	1ffffff7efffd
N??CA?oI?gWOq?@SAD?	46	37fffbfffeffb
N??CA?oI?gWOa_POE_?	46	3ffffef7ef7ff
N??CA?oI?gWOa_PO@g?	46	3ff8ffe76cfdf6e1
N??CA?oI?gWOa_POEC?	46	3ff8ffe76cfdf6e1
N??CA?oI?gWOa_PODC?	46	2ffdeff7fe70fccc
N??CA?oI?gWOa_POBC?	46	3fff7fefdfeff
N??CA?oI?gWOa_POAc?	46	37ff6fdff9f0fb52
N??CA?oI?gWOa_POEA?	46	3ff8ffe76cfdf6e1
N??CA?oI?gWOa_POE@?	46	3ff73fdb9cfdef61
N??CA?oI?gWOa_PO?h?	46	37ff6fdff9f0fb52
N??CA?oI?gWOa_POAD?	46	3defbfffdea94fcc
N??CA?oI?gWOa_HOJ??	46	3fffffffffff
N??CA?oI?gWOa_HOI_?	46	3fffffffffff
N??CA?oI?gWOa_HOH_?	46	3ffffdefdefff
N??CA?oI?gWOa_HOB_?	46	3fffffffffff
N??CA?oI?gWOa_HOBG?	46	3fffffffffff
N??CA?oI?gWOa_HO@g?	46	3fff7fefdfeff
N??CA?oI?gWOa_HOGc?	46	3fffffffffff
N??CA?oI?gWOa_HOAc?	46	3ffe7fda37bf077b
N??CA?oI?gWOa_HOGK?	46	3effffffffb7e
N??CA?oI?gWOa_HO@K?	46	1ffffffffb7fe
N??CA?oI?gWOa_HOIA?	46	3fffffffffff
N??CA?oI?gWOa_HOAa?	46	3ffffffff87ff
N??CA?oI?gWOa_HOGI?	46	37ff6fdff9f0fb52
N??CA?oI?gWOa_HOI@?	46	3fffffffffff
N??CA?oI?gWOa_HOAH?	46	3ffeff7ff7eff
N??CA?oI?gWOa_BOI_?	46	3ffff7dfdf7ff
N??CA?oI?gWOa_BOE_?	46	3fffffffffff
N??CA?oI?gWOa_BOEG?	46	3fffffffffff
N??CA?oI?gWOa_BOAg?	46	3ffdffdfdff7f
N??CA?oI?gWOa_BOKC?	46	3ffffffffffcc
N??CA?oI?gWOa_BOEC?	46	5fffdeffff7fd
N??CA?oI?gWOa_BOGc?	46	3fffffffffff
N??CA?oI?gWOa_BOCc?	46	3fffffffffff
N??CA?oI?gWOa_BOAc?	46	3ffffffe97fff
N??CA?oI?gWOa_BOCK?	46	1ffffffffb7fe
N??CA?oI?gWOa_BOAK?	46	3fffffffffff
N??CA?oI?gWOa_BOCa?	46	3ffffffe97fff
N??CA?oI?gWOa_BO?i?	46	3fefebfbbba64b7e
N??CA?oI?gWOa_BOGE?	46	1ffffffffb7fe
N??CA?oI?gWOa_BOAE?	46	1ffffffffb7fe
N??CA?oI?gWOa_BO?M?	46	3ffdf7ffff77f
N??CA?oI?gWOa_BOI@?	46	3fffffff0ffff
N??CA?oI?gWOa_BOE@?	46	77ffebfffeffb
N??CA?oI?gWOa_BOC`?	46	3fffffffffff
N??CA?oI?gWOa_BOAH?	46	3ffffffe97fff
N??CA?oI?gWOa_BOCD?	46	3fff7fefdfeff
N??CA?oI?gWOa_BOCB?	46	3fffffffffff
N??CA?oI?gWOa_BO?b?	46	1ffffffffb7fe
N??CA?oI?gWOa_@SM??	46	3fffffffffff
N??CA?oI?gWOa_@SK_?	46	3fffffff0ffff
N??CA?oI?gWOa_@SI_?	46	3fffffffffff
N??CA?oI?gWOa_@SE_?	46	3ffffffff87ff
N??CA?oI?gWOa_@SH_?	46	3faeffff75e937d2
N??CA?oI?gWOa_@SD_?	46	3ffffffe97fff
N??CA?oI?gWOa_@SBG?	46	3fffffffffff
N??CA?oI?gWOa_@SAg?	46	3fffffffffff
N??CA?oI?gWOa_@SIC?	46	3fffffffffff
N??CA?oI?gWOa_@SAc?	46	3ffff7dfdf7ff
N??CA?oI?gWOa_@SAK?	46	3fffffffffff
N??CA?oI?gWOa_@S@K?	46	3ffdf7ffff77f
N??CA?oI?gWOa_@SI@?	46	3fffffffffff
N??CA?oI?gWOa_@SE@?	46	7ffbfef7ef7ff
N??CA?oI?gWOa_@SAH?	46	3fffffffffff
N??CA?oI?gWOa_@SGD?	46	3fffffffffff
N??CA?oI?gWOa_@SAD?	46	3ffffdefdefff
N??CA?oI?gWOa_@QM??	46	3fffffffffff
N??CA?oI?gWOa_@QL??	46	3ffe7f8f6b7ef07b
N??CA?oI?gWOa_@QF??	46	3ffffffffffe1
N??CA?oI?gWOa_@QB_?	46	3ffffffe97fff
N??CA?oI?gWOa_@QEG?	46	3ffeff7ff7eff
N??CA?oI?gWOa_@QDG?	46	3ffdffdfdff7f
N??CA?oI?gWOa_@QBG?	46	3ffffffe97fff
N??CA?oI?gWOa_@Q@g?	46	3defbfffdea94fcc
N??CA?oI?gWOa_@QKC?	46	7bffdffbf7ffd
N??CA?oI?gWOa_@QDC?	46	2ffdeff7fe70fccc
N??CA?oI?gWOa_@QBC?	46	7edfffffffcfe
N??CA?oI?gWOa_@QCc?	46	3faeffff75e937d2
N??CA?oI?gWOa_@QCK?	46	6fffef7ff7ffb
N??CA?oI?gWOa_@QAK?	46	3faeffff75e937d2
N??CA?oI?gWOa_@QKA?	46	3defbfffdea94fcc
N??CA?oI?gWOa_@QEA?	46	3fefedefe76634fe
N??CA?oI?gWOa_@QDA?	46	2ffdeff7fe70fccc
N??CA?oI?gWOa_@Q@a?	46	1ffffffffb7fe
N??CA?oI?gWOa_@QGE?	46	37fffbfffeffb
N??CA?oI?gWOa_@QCE?	46	3ff73fdb9cfdef61
N??CA?oI?gWOoOB_EG?	46	3fffffffffff
N??CA?oI?gWOoOB_@g?	46	3ff8ffe76cfdf6e1
N??CA?oI?gWOoOB_?J?	46	3ffffffffffcc
N??CA?oI?gWOaOR?EC?	46	3bffbffffff7d
N??CA?oI?gWOaOR?E@?	46	2ffeffffffefb
N??CA?oI?gWOaOB_I_?	46	3ffff7dfdf7ff
N??CA?oI?gWOaOB_Ag?	46	3ffdffdfdff7f
N??CA?oI?gWOaOB_KC?	46	3ffffffffffcc
N??CA?oI?gWOaOB_IC?	46	3fffffffffff
N??CA?oI?gWOaOB_EC?	46	1ffffeffff7fd
N??CA?oI?gWOaOB_Cc?	46	3fffffffffff
N??CA?oI?gWOaOB_Ac?	46	3ffffffe97fff
N??CA?oI?gWOaOB_CK?	46	1ffffffffb7fe
N??CA?oI?gWOaOB_AK?	46	3fffffffffff
N??CA?oI?gWOaOB_Ga?	46	3faeffff75e937d2
N??CA?oI?gWOaOB_Ca?	46	3ffffffe97fff
N??CA?oI?gWOaOB_CI?	46	3faeffff75e937d2
N??CA?oI?gWOaOB_?i?	46	3fefebfbbba64b7e
N??CA?oI?gWOaOB_GE?	46	1ffffffffb7fe
N??CA?oI?gWOaOB_AE?	46	1ffffffffb7fe
N??CA?oI?gWOaOB_?M?	46	3ffdf7ffff77f
N??CA?oI?gWOaOB_I@?	46	3fffffff0ffff
N??CA?oI?gWOaOB_E@?	46	37fffbfffeffb
N??CA?oI?gWOaOB_AH?	46	3ffffffe97fff
N??CA?oI?gWOaOB_?h?	46	3defbfffdea94fcc
N??CA?oI?gWOaOB_CD?	46	3fff7fefdfeff
N??CA?oI?gWOaOB_?b?	46	1ffffffffb7fe
N??CA?oI?gWOaOPO@o?	46	3ff8ffe76cfdf6e1
N??CA?oI?gWOaOPOAc?	46	37ff6fdff9f0fb52
N??CA?oI?gWOaOPOEA?	46	3ff8ffe76cfdf6e1
N??CA?oI?gWOaOPO@Q?	46	3faeffff75e937d2
N??CA?oI?gWOaOPOAE?	46	3fefebfbbba64b7e
N??CA?oI?gWOaO@oH_?	46	3ff8ffe76cfdf6e1
N??CA?oI?gWOaO@oDC?	46	3faeffff75e937d2
N??CA?oI?gWO_oR?EG?	46	3fffffffffff
N??CA?oI?gWO_oR?@g?	46	3ff8ffe76cfdf6e1
N??CA?oI?gWO_oR??J?	46	3ffffffffffcc
N??CA?oI?gPOq?POAS?	46	3fff7fefdfeff
N??CA?oI?gPOq?POAE?	46	3defbfffdea94fcc
N??CA?oI?gPOq?POAP?	46	3fffffff0ffff
N??CA?oI?gPOq?HOAg?	46	3fffbffbf7f7f
N??CA?oI?gPOq?HOAW?	46	3fffffffffff
N??CA?oI?gPOq?HO?w?	46	3fff7fefdfeff
N??CA?oI?gPOq?HOAc?	46	3ffe7fda37bf077b
N??CA?oI?gPOq?HOAK?	46	3bfffffbf7ffd
N??CA?oI?gPOq?HO?Y?	46	3faeffff75e937d2
N??CA?oI?gPOq?HOI@?	46	3fffffffffff
N??CA?oI?gPOq?HOA`?	46	3ffdbfe5c7bf06fd
N??CA?oI?gPOq?HOAP?	46	3fffffffffff
N??CA?oI?gPOq?HOAH?	46	2fffff7ff7ffb
N??CA?oI?gPOq?HOAD?	46	3faeffff75e937d2
N??CA?oI?gPOq?HO?d?	46	3faeffff75e937d2
N??CA?oI?gPOq?HO?L?	46	2ffeffffffefb
N??CA?oI?gPOq?HOAB?	46	3ffff7dfdf7ff
N??CA?oI?gPOq?DOGo?	46	3ffff7dfdf7ff
N??CA?oI?gPOq?DOCW?	46	3fffffffffff
N??CA?oI?gPOq?DO?w?	46	3ffdffdfdff7f
N??CA?oI?gPOq?DOCc?	46	3ffe7fda37bf077b
N??CA?oI?gPOq?DO?s?	46	3fffffffffff
N??CA?oI?gPOq?DOCK?	46	3bfffffbf7ffd
N??CA?oI?gPOq?DO?[?	46	3fffffffffff
N??CA?oI?gPOq?DOCa?	46	3ffffffff87ff
N??CA?oI?gPOq?DOGE?	46	3fffffffffff
N??CA?oI?gPOq?DO?e?	46	3ffff7dfdf7ff
N??CA?oI?gPOq?DO?U?	46	7ffbfef7ef7ff
N??CA?oI?gPOq?DOGP?	46	3fffffff0ffff
N??CA?oI?gPOq?DOCP?	46	3fffffffffff
N??CA?oI?gPOq?DOCH?	46	2fffff7ff7ffb
N??CA?oI?gPOq?DO?h?	46	3faeffff75e937d2
N??CA?oI?gPOq?DO?X?	46	3ffffffe97fff
N??CA?oI?gPOq?DOCD?	46	3faeffff75e937d2
N??CA?oI?gPOq?DOCB?	46	3ffff7dfdf7ff
N??CA?oI?gPOq?DO?F?	46	3fffffff0ffff
N??CA?oI?gPOq?@oI_?	46	3ffff7dfdf7ff
N??CA?oI?gPOq?@oE_?	46	3fffffffffff
N??CA?oI?gPOq?@oEG?	46	3fffffffffff
N??CA?oI?gPOq?@oGg?	46	3ff8ffe76cfdf6e1
N??CA?oI?gPOq?@oCc?	46	3fffffffffff
N??CA?oI?gPOq?@oAc?	46	3ffffffe97fff
N??CA?oI?gPOq?@oCK?	46	1ffffffffb7fe
N??CA?oI?gPOq?@oAK?	46	3fffffffffff
N??CA?oI?gPOq?@oCa?	46	3ffffffe97fff
N??CA?oI?gPOq?@o?i?	46	3fefebfbbba64b7e
N??CA?oI?gPOq?@oGE?	46	1ffffffffb7fe
N??CA?oI?gPOq?@oAE?	46	1ffffffffb7fe
N??CA?oI?gPOq?@o?M?	46	3ffdf7ffff77f
N??CA?oI?gPOq?@oI@?	46	3fffffff0ffff
N??CA?oI?gPOq?@oE@?	46	77ffebfffeffb
N??CA?oI?gPOq?@oC`?	46	3fffffffffff
N??CA?oI?gPOq?@oAH?	46	3ffffffe97fff
N??CA?oI?gPOq?@oCD?	46	3fff7fefdfeff
N??CA?oI?gPOq?@oCB?	46	3fffffffffff
N??CA?oI?gPOq?@o?b?	46	1ffffffffb7fe
N??CA?oI?gPOq?@WI_?	46	3ffffffffffd2
N??CA?oI?gPOq?@WE_?	46	3ffe7fda37bf077b
N??CA?oI?gPOq?@WKO?	46	3ffffffffffcc
N??CA?oI?gPOq?@WGo?	46	3fffffffffff
N??CA?oI?gPOq?@WCo?	46	3fffffffffff
N??CA?oI?gPOq?@WAo?	46	3fffffffffff
N??CA?oI?gPOq?@WEG?	46	3bfffffbf7ffd
N??CA?oI?gPOq?@WCW?	46	1ffffffffb7fe
N??CA?oI?gPOq?@WGQ?	46	1ffffffffb7fe
N??CA?oI?gPOq?@WE@?	46	3faeffff75e937d2
N??CA?oI?gPOq?@WC`?	46	3faeffff75e937d2
N??CA?oI?gPOq?@WCH?	46	2ffeffffffefb
N??CA?oI?gPOq?@SE_?	46	3ffffffff87ff
N??CA?oI?gPOq?@SGo?	46	3faeffff75e937d2
N??CA?oI?gPOq?@SCo?	46	3ffffffe97fff
N??CA?oI?gPOq?@SAW?	46	3fffffffffff
N??CA?oI?gPOq?@SAc?	46	3ffff7dfdf7ff
N??CA?oI?gPOq?@SAS?	46	3fffffffffff
N??CA?oI?gPOq?@SE@?	46	3ffff7dfdf7ff
N??CA?oI?gPOq?@SCP?	46	3fffffffffff
N??CA?oI?gPOq?@S?p?	46	1ffffffffb7fe
N??CA?oI?gPOq?@QE_?	46	3ffdbfe5c7bf06fd
N??CA?oI?gPOq?@QIO?	46	3fffffff0ffff
N??CA?oI?gPOq?@QEO?	46	3ffffffffffe1
N??CA?oI?gPOq?@QGo?	46	37ff6fdff9f0fb52
N??CA?oI?gPOq?@QEG?	46	2fffff7ff7ffb
N??CA?oI?gPOq?@QCg?	46	2fffff7ff7ffb
N??CA?oI?gPOq?@QAW?	46	3ffffffe97fff
N??CA?oI?gPOq?@QCc?	46	3faeffff75e937d2
N??CA?oI?gPOq?@QAc?	46	3faeffff75e937d2
N??CA?oI?gPOq?@QCS?	46	2ffdeff7fe70fccc
N??CA?oI?gPOq?@QAS?	46	7edfffffffcfe
N??CA?oI?gPOq?@QCK?	46	6ffaffffffefb
N??CA?oI?gPOq?@QEA?	46	3faeffff75e937d2
N??CA?oI?gPOq?@Q?q?	46	1ffffffffb7fe
N??CA?oI?gPOq?@QAE?	46	37ff6fdff9f0fb52
N??CA?oI?gPOb?WOIO?	46	7ffffffff7ff
N??CA?oI?gPOb?WOGo?	46	fffffdefce7ff
N??CA?oI?gPOb?WOGW?	46	3defbfffdea94fcc
N??CA?oI?gPOb?WOIC?	46	3fefebfbbba64b7e
N??CA?oI?gPOb?WOGS?	46	3ffffffffffcc
N??CA?oI?gPOb?WOGQ?	46	2ffdeff7fe70fccc
N??CA?oI?gPOb?WOI@?	46	fffeff7fd7e7f
N??CA?oI?gPOb?WOGH?	46	37ffffbfefffb
N??CA?oI?gPOb?WOGD?	46	37ffffbfefffb
N??CA?oI?gPOb?SOKO?	46	ffffffffe7ff
N??CA?oI?gPOb?SOGo?	46	fffff7dfce7ff
N??CA?oI?gPOb?SOGW?	46	3ffff7dfdf7ff
N??CA?oI?gPOb?SOKC?	46	3fefebfbbba64b7e
N??CA?oI?gPOb?SOGS?	46	3fffffffffff
N??CA?oI?gPOb?SOGK?	46	2ffdeff7fe70fccc
N??CA?oI?gPOb?SOKA?	46	fffffbbfce7ff
N??CA?oI?gPOb?SOGQ?	46	3fffffffdef7e
N??CA?oI?gPOb?SOGE?	46	3fff7fefdfeff
N??CA?oI?gPOb?SOK@?	46	3ffeff7ff7eff
N??CA?oI?gPOb?SOGP?	46	3fffffff0ffff
N??CA?oI?gPOb?SOGH?	46	37ff6fdff9f0fb52
N??CA?oI?gPOb?SOGD?	46	37ff6fdff9f0fb52
N??CA?oI?gPOb?POKO?	46	3ffffdefdefff
N??CA?oI?gPOb?POIO?	46	3ffff7dfdf7ff
N??CA?oI?gPOb?POGS?	46	3fffffffffff
N??CA?oI?gPOb?POGQ?	46	3faeffff75e937d2
N??CA?oI?gPOb?POGP?	46	37ff6fdff9f0fb52
N??CA?oI?gPOb?POGB?	46	3ffffffffffcc
N??CA?oI?gPOb?OoI_?	46	3ffff7dfdf7ff
N??CA?oI?gPOb?OoKC?	46	ffffffffff74c
N??CA?oI?gPOb?OoIC?	46	3ffffffffe67f
N??CA?oI?gPOb?OoGc?	46	3fffffffffff
N??CA?oI?gPOb?OoKA?	46	2ffdeff7fe70fccc
N??CA?oI?gPOb?OoGa?	46	3faeffff75e937d2
N??CA?oI?gPOR?`OCW?	46	3fff7fefdfeff
N??CA?oI?gPOR?`OEC?	46	3fffffffffff
N??CA?oI?gPOR?`OAS?	46	3fffffffffff
N??CA?oI?gPOR?`OCQ?	46	3ffffffe97fff
N??CA?oI?gPOR?`OAE?	46	3fffffffffff
N??CA?oI?gPOR?`OCD?	46	3fffffffffff
N??CA?oI?gPOR?`OAD?	46	3fffffffffff
N??CA?oI?gPOR?`O?R?	46	1ffffffffb7fe
N??CA?oI?gPO`_QOK_?	46	3ffffdefdefff
N??CA?oI?gPO`_QOI_?	46	3ffff7dfdf7ff
N??CA?oI?gPO`_QOGg?	46	3ff8ffe76cfdf6e1
N??CA?oI?gPO`_QOKC?	46	ffffffffff74c
N??CA?oI?gPO`_QOIC?	46	3ffffffffe67f
N??CA?oI?gPO`_QOGc?	46	3fffffffffff
N??CA?oI?gPO`_QOKA?	46	2ffdeff7fe70fccc
N??CA?oI?gPO`_QOGa?	46	3faeffff75e937d2
N??CA?oI?gPO`_QOGI?	46	3faeffff75e937d2
N??CA?oI?gPO`_QOI@?	46	ffffffff0e7ff
N??CA?oI?gPO`_QOG`?	46	37ff6fdff9f0fb52
N??CA?oI?gPO`_QOGD?	46	fffffffdf7ff
N??CA?oI?gPO`_OSM??	46	3ffeff7ff7eff
N??CA?oI?gPO`_OSL??	46	2ffdeff7fe70fccc
N??CA?oI?gPO`_OSJ??	46	3fffffffffff
N??CA?oI?gPO`_OSK_?	46	3fffffff0ffff
N??CA?oI?gPO`_OSI_?	46	ffffffffeffe
N??CA?oI?gPO`_OSH_?	46	3faeffff75e937d2
N??CA?oI?gPO`_OSIC?	46	f7ffffbfe7ff9
N??CA?oI?gPO`_OSHC?	46	1ffffffffb7fe
N??CA?oI?gPO`_OSGc?	46	7fffffffff7f
N??CA?oI?gPO`_OSI@?	46	3fffffffd77fd
N??CA?oI?gPO`_OSH@?	46	3ffffffffffcc
N??CA?oI?gPO`_OSG`?	46	ffffffffff74c
N??CA?oI?gPOoOR?EC?	46	7bf7bffffff7d
N??CA?oI?gPOoOR?E@?	46	6ffaffffffefb
N??CA?oI?gPOQOp?EC?	46	fbffbfffff77c
N??CA?oI?gPOQOp?AS?	46	3fffffffffff
N??CA?oI?gPOQOp?E@?	46	effefffffeefa
N??CA?oI?gSCq?@oI_?	46	3fffffffffff
N??CA?oI?gSCq?@oB_?	46	3fffffffffff
N??CA?oI?gSCq?@oGo?	46	3fffffffffff
N??CA?oI?gSCq?@oAo?	46	3fffffffffff
N??CA?oI?gSCq?@o@o?	46	3fffffffffff
N??CA?oI?gSCq?@oBG?	46	3fffffffffff
N??CA?oI?gSCq?@oAg?	46	3fffffffffff
N??CA?oI?gSCq?@o@g?	46	3fffffffffff
N??CA?oI?gSCq?@o@W?	46	1ffffffffb7fe
N??CA?oI?gSCq?@oIA?	46	fffffffff77f
N??CA?oI?gSCq?@oGa?	46	3fffffffffff
N??CA?oI?gSCq?@oAa?	46	3fffffffffff
N??CA?oI?gSCq?@o@a?	46	3fffffffffff
N??CA?oI?gSCq?@oGQ?	46	3effffffffb7e
N??CA?oI?gSCq?@oGI?	46	3effffffffb7e
N??CA?oI?gSCq?@oAI?	46	3fffffffffff
N??CA?oI?gSCq?@o@I?	46	1ffffffffb7fe
N??CA?oI?gSCq?@o?i?	46	3fffffffffff
N??CA?oI?gSCq?@o?Y?	46	1ffffeffff7fd
N??CA?oI?gSCq?@oI@?	46	7ffffffff7ff
N??CA?oI?gSCq?@oB@?	46	ffffffffe7ff
N??CA?oI?gSCq?@oG`?	46	3fffffffffff
N??CA?oI?gSCq?@oA`?	46	3fffffffffff
N??CA?oI?gSCq?@o?p?	46	3fffffffffff
N??CA?oI?gSCq?@oAH?	46	3fffffffffff
N??CA?oI?gSCq?@oGB?	46	7ffffffdffff
N??CA?oI?gSCq?@oAB?	46	fffffffdf7ff
N??CA?oI?gSCU?@oX??	46	fffffffff7fe
N??CA?oI?gSCU?@oW_?	46	3fffffffffff
N??CA?oI?gSCU?@oP_?	46	3fffffffffff
N??CA?oI?gSCU?@oH_?	46	3fffffffffff
N??CA?oI?gSCU?@oPO?	46	3fffffffffff
N??CA?oI?gSCU?@oHO?	46	3fffffffffff
N??CA?oI?gSCU?@oOo?	46	3fffffffffff
N??CA?oI?gSCU?@oGo?	46	3fffffffffff
N??CA?oI?gSCU?@oPG?	46	3fffffffffff
N??CA?oI?gSCU?@oHG?	46	3fffffffffff
N??CA?oI?gSCU?@oOg?	46	3fffffffffff
N??CA?oI?gSCU?@o@g?	46	3fffffffffff
N??CA?oI?gSCU?@o@W?	46	3fffffffffff
N??CA?oI?gSCU?@o?w?	46	7ffffffffffb
N??CA?oI?gSCU?@oWA?	46	fffffffff77f
N??CA?oI?gSCU?@oOa?	46	3fffffffffff
N??CA?oI?gSCU?@oGa?	46	3fffffffffff
N??CA?oI?gSCU?@o@a?	46	3fffffffffff
N??CA?oI?gSCU?@oGQ?	46	3fffffffffff
N??CA?oI?gSCU?@o?q?	46	3fffffffffff
N??CA?oI?gSCU?@oOI?	46	3fffffffffff
N??CA?oI?gSCU?@o?i?	46	3fffffffffff
N??CA?oI?gSCU?@o?Y?	46	3fffffffffff
N??CA?oI?gSCU?@oW@?	46	7ffffffff7ff
N??CA?oI?gSCU?@oP@?	46	ffffffffe7ff
N??CA?oI?gSCU?@oH@?	46	fffffffef7ff
N??CA?oI?gSCU?@oGP?	46	3fffffffffff
N??CA?oI?gSCU?@o@P?	46	3fffffffffff
N??CA?oI?gSCU?@oOH?	46	3fffffffffff
N??CA?oI?gSCU?@o@H?	46	3fffffffffff
N??CA?oI?gSCU?@o?X?	46	3fffffffffff
N??CA?oI?gSCU?@oOB?	46	fffffffdf7ff
N??CA?oI?gSCU?@oGB?	46	fffffffdefff
N??CA?oI?gSCU?@o?R?	46	3fffffffffff
N??CA?oI?gSCU?@o?J?	46	3fffffffffff
N??CA?oI?gSCp?AoB_?	46	3fffffffffff
N??CA?oI?gSCp?AoHO?	46	3ffffffffffcc
N??CA?oI?gSCp?AoAo?	46	3fffffffffff
N??CA?oI?gSCp?Ao@o?	46	3fffffffffff
N??CA?oI?gSCp?AoGg?	46	3fffffffffff
N??CA?oI?gSCp?AoAg?	46	3fffffffffff
N??CA?oI?gSCp?Ao@g?	46	3fffffffffff
N??CA?oI?gSCp?Ao@W?	46	1ffffffffb7fe
N??CA?oI?gSCp?Ao?w?	46	3fffffffffff
N??CA?oI?gSCp?AoIA?	46	7fffffffff7f
N??CA?oI?gSCp?AoHA?	46	3ffffffffffcc
N??CA?oI?gSCp?AoGa?	46	7ffffffff7ff
N??CA?oI?gSCp?AoAa?	46	ffffffffe7ff
N??CA?oI?gSCp?AoGQ?	46	3effffffffb7e
N??CA?oI?gSCp?AoGI?	46	3effffffffb7e
N??CA?oI?gSCp?AoAI?	46	3fffffffffff
N??CA?oI?gSCp?Ao?i?	46	3fffffffffff
N??CA?oI?gSCp?Ao?Y?	46	1ffffeffff7fd
N??CA?oI?gSCp?AoI@?	46	fffffffff77f
N??CA?oI?gSCp?AoB@?	46	3fffffffffff
N??CA?oI?gSCp?Ao?p?	46	3fffffffffff
N??CA?oI?gSCp?AoAH?	46	3fffffffffff
N??CA?oI?gSCp?Ao?h?	46	3fffffffffff
N??CA?oI?gSCp?AoAB?	46	fffffffef7ff
N??CA?oI?gSCT?AoX??	46	3fffffffffff
N??CA?oI?gSCT?AoW_?	46	ffffffffeffe
N??CA?oI?gSCT?AoP_?	46	3fffffffffff
N??CA?oI?gSCT?AoPO?	46	3bfffffbf7ffd
N??CA?oI?gSCT?AoHO?	46	7fffffffff7f
N??CA?oI?gSCT?AoOo?	46	3fffffffffff
N??CA?oI?gSCT?AoPG?	46	3fffffffffff
N??CA?oI?gSCT?AoOg?	46	3fffffffffff
N??CA?oI?gSCT?Ao@g?	46	3fffffffffff
N??CA?oI?gSCT?Ao@W?	46	7ffffffffffd
N??CA?oI?gSCT?AoWA?	46	7fffffffff7f
N??CA?oI?gSCT?AoOa?	46	ffffffffe7ff
N??CA?oI?gSCT?AoOI?	46	3fffffffffff
N??CA?oI?gSCT?AoW@?	46	fffffffff77f
N??CA?oI?gSCT?AoP@?	46	3fffffffffff
N??CA?oI?gSCT?AoH@?	46	3fffffffffff
N??CA?oI?gSCT?Ao@`?	46	3fffffffffff
N??CA?oI?gSCT?Ao@P?	46	3fffffffffff
N??CA?oI?gSCT?AoOH?	46	3fffffffffff
N??CA?oI?gSCT?Ao@H?	46	3fffffffffff
N??CA?oI?gSCT?Ao?h?	46	3ffffffffe7f9
N??CA?oI?gSCT?AoOB?	46	fffffffef7ff
N??CA?oI?gSCb?OoI_?	46	3fffffffffff
N??CA?oI?gSCb?OoIO?	46	3fffffffffff
N??CA?oI?gSCb?OoHO?	46	3ffffffffffcc
N??CA?oI?gSCb?OoGo?	46	3fffffffffff
N??CA?oI?gSCb?OoIA?	46	3fffffffffff
N??CA?oI?gSCb?OoHA?	46	3ffffffffffcc
N??CA?oI?gSCb?OoGa?	46	3fffffffffff
N??CA?oI?gSCb?OoGQ?	46	3effffffffb7e
N??CA?oI?gSCb?OoI@?	46	3fffffffffff
N??CA?oI?gSCb?OoG`?	46	3fffffffffff
N??CA?oI?gSCR?AoY??	46	3fffffffffff
N??CA?oI?gSCR?AoW_?	46	3fffffffffff
N??CA?oI?gSCR?AoQ_?	46	3fffffffffff
N??CA?oI?gSCR?AoI_?	46	3fffffffffff
N??CA?oI?gSCR?AoGo?	46	ffffffffff7d
N??CA?oI?gSCR?AoOg?	46	3fffffffffff
N??CA?oI?gSCR?AoAg?	46	3fffffffffff
N??CA?oI?gSCR?AoWA?	46	3ffffffffffcc
N??CA?oI?gSCR?AoAa?	46	3fffffffffff
N??CA?oI?gSCR?AoGQ?	46	1ffffffffb7fe
N??CA?oI?gSCR?Ao?q?	46	3fffffffffff
N??CA?oI?gSCR?AoOI?	46	1ffffffffb7fe
N??CA?oI?gSCR?Ao?i?	46	3fffffffffff
N??CA?oI?gSCR?Ao?Y?	46	3ffdf7ffff77f
N??CA?oI?gSCR?AoQ@?	46	7fffffffefff
N??CA?oI?gSCR?AoI@?	46	3fffffffffff
N??CA?oI?gSCR?AoGP?	46	7ffffffffffb
N??CA?oI?gSCR?AoAP?	46	3fffffffffff
N??CA?oI?gSCR?Ao?p?	46	7ffffffffeff
N??CA?oI?gSCR?AoAH?	46	3fffffffffff
N??CA?oI?gSCR?Ao?b?	46	3fffffffffff
N??CA?oI?gSCR?@oY??	46	3fffffffffff
N??CA?oI?gSCR?@oX??	46	3fffffffffff
N??CA?oI?gSCR?@oR??	46	3fffffffffff
N??CA?oI?gSCR?@oWO?	46	3fffffffffff
N??CA?oI?gSCR?@oQO?	46	3fffffffffff
N??CA?oI?gSCR?@oIO?	46	3fffffffffff
N??CA?oI?gSCR?@oPO?	46	3fffffffffff
N??CA?oI?gSCR?@oHO?	46	ffffffffff7d
N??CA?oI?gSCR?@oQG?	46	3fffffffffff
N??CA?oI?gSCR?@oPG?	46	3fffffffffff
N??CA?oI?gSCR?@oWA?	46	3fffffffffff
N??CA?oI?gSCR?@oQA?	46	7fffffffefff
N??CA?oI?gSCR?@oW@?	46	3fffffffffff
N??CA?oI?gSCR?@oP@?	46	3fffffffffff
N??CA?oI?gSCR?@oH@?	46	fffffffefffb
N??CA?oI?gSCR?@oOP?	46	3fffffffffff
N??CA?oI?gSCR?@oGP?	46	fffffffffff9
N??CA?oI?gSCR?@o@P?	46	7ffffffffeff
N??CA?oI?gSCR?@oOH?	46	3fffffffffff
N??CA?oI?gSCR?@oOB?	46	3fffffffffff
N??CA?oI?gSCF?OoX??	46	3fffffffffff
N??CA?oI?gSCF?OoW_?	46	3fffffffffff
N??CA?oI?gSCF?OoHO?	46	7fffffffff7f
N??CA?oI?gSCF?OoGo?	46	3fffffffffff
N??CA?oI?gSCF?OoWA?	46	3fffffffffff
N??CA?oI?gSCF?OoGa?	46	3bfffffbf7ffd
N??CA?oI?gSCF?OoGQ?	46	3fffffffffff
N??CA?oI?gSCF?OoW@?	46	3fffffffffff
N??CA?oI?gSCF?OoH@?	46	3bfffffbf7ffd
N??CA?oI?gSCF?OoGP?	46	3fffffffffff
N??CA?oI?gSCF?OoGB?	46	2ffeffffffefb
N??CA?oI?gSCo_BOI_?	46	3fffffffffff
N??CA?oI?gSCo_BOH_?	46	fffffffff7fd
N??CA?oI?gSCo_BOB_?	46	3ffffffff87ff
N??CA?oI?gSCo_BOHO?	46	3ffffffffffcc
N??CA?oI?gSCo_BOBO?	46	3fffffffffff
N??CA?oI?gSCo_BOAo?	46	3fffffffffff
N??CA?oI?gSCo_BO@o?	46	3fffffffffff
N??CA?oI?gSCo_BOAg?	46	3fffffffffff
N??CA?oI?gSCo_BOAW?	46	3fffffffffff
N??CA?oI?gSCo_BO@W?	46	1ffffffffb7fe
N??CA?oI?gSCo_BO?w?	46	3fffffffffff
N??CA?oI?gSCo_BOIA?	46	ffffffffff7d
N??CA?oI?gSCo_BOGa?	46	3fffffffffff
N??CA?oI?gSCo_BOAa?	46	3ffff7dfdf7ff
N??CA?oI?gSCo_BOGQ?	46	feffffffff37c
N??CA?oI?gSCo_BOAI?	46	3fffffffffff
N??CA?oI?gSCo_BO@I?	46	3fdffffffb7fe
N??CA?oI?gSCo_BO?i?	46	3fffffffffff
N??CA?oI?gSCo_BO?Y?	46	1ffffeffff7fd
N??CA?oI?gSCo_BOI@?	46	fffffffff7fd
N??CA?oI?gSCo_BOB@?	46	3ffff7dfdf7ff
N??CA?oI?gSCo_BOA`?	46	3ffff7dfdf7ff
N??CA?oI?gSCo_BO?p?	46	3fffffffffff
N??CA?oI?gSCo_BOAH?	46	3fffffffffff
N??CA?oI?gSCo_BO?h?	46	3fffffffeeffc
N??CA?oI?gSCo_BOAB?	46	ffffffff0e7ff
N??CA?oI?gSCa_POJ??	46	3ffffdefdefff
N??CA?oI?gSCa_POH_?	46	feffffffff37c
N??CA?oI?gSCa_POHO?	46	2ffdeff7fe70fccc
N??CA?oI?gSCa_POGo?	46	7ebfffffffb7e
N??CA?oI?gSCa_POIA?	46	3ffffffe97fff
N??CA?oI?gSCa_POGa?	46	7bf7bffffff7d
N??CA?oI?gSCa_POGQ?	46	3fefebfbbba64b7e
N??CA?oI?gSCa_POGP?	46	3fffffffffff
N??CA?oI?gSCE_POX??	46	3ffffdefdefff
N??CA?oI?gSCE_POW_?	46	3fffffffffff
N??CA?oI?gSCE_POH_?	46	3fffffffffff
N??CA?oI?gSCE_POHO?	46	3fff7fefdfeff
N??CA?oI?gSCE_POWA?	46	3ffffffe97fff
N??CA?oI?gSCE_POW@?	46	3fffffffffff
N??CA?oI?gSCE_POH@?	46	3fffffffffff
N??CA?oI?gSC`_QOJ??	46	7ff7fbbfeefff
N??CA?oI?gSC`_QOI_?	46	3ffff7dfdf7ff
N??CA?oI?gSC`_QOH_?	46	3ffffffffe7f9
N??CA?oI?gSC`_QOHO?	46	3ffffffffffcc
N??CA?oI?gSC`_QOIA?	46	3fff7fefdfeff
N??CA?oI?gSC`_QOGa?	46	7ffffffffeff
N??CA?oI?gSC`_QOGQ?	46	3effffffffb7e
N??CA?oI?gSC`_QOI@?	46	3fffffff0ffff
N??CA?oI?gSCB_QOY??	46	3fffffffffff
N??CA?oI?gSCB_QOW_?	46	3fffffffffff
N??CA?oI?gSCB_QOI_?	46	3fffffffffff
N??CA?oI?gSCB_QOWO?	46	3ffffffffffcc
N??CA?oI?gSCB_QOGW?	46	7ffffffffb77c
N??CA?oI?gSCB_QOWA?	46	3ffffffffffcc
N??CA?oI?gSCB_QOIA?	46	3fffffffffff
N??CA?oI?gSCB_QOGa?	46	3fffffffffff
N??CA?oI?gSCB_QOGQ?	46	1ffffffffb7fe
N??CA?oI?gSCB_QOI@?	46	3fffffffffff
N??CA?oI?gSCB_QOG`?	46	fffffffefffb
N??CA?oI?gSCB_QOGP?	46	7ffffffffffb
N??CA?oI?gSCoOB_J??	46	3fffffffffff
N??CA?oI?gSCoOB_I_?	46	3fffffffffff
N??CA?oI?gSCoOB_H_?	46	3fffffffffff
N??CA?oI?gSCoOB_IO?	46	3fffffffffff
N??CA?oI?gSCoOB_HO?	46	3ffffffffffcc
N??CA?oI?gSCoOB_Go?	46	3fffffffffff
N??CA?oI?gSCoOB_Gg?	46	3fffffffffff
N??CA?oI?gSCoOB_IA?	46	ffffffffff7e
N??CA?oI?gSCoOB_HA?	46	3ffffffffffcc
N??CA?oI?gSCoOB_Ga?	46	3fffffffffff
N??CA?oI?gSCoOB_GQ?	46	3effffffffb7e
N??CA?oI?gSCoOB_GI?	46	feffffffff37c
N??CA?oI?gSCoOB_I@?	46	fffffffff7fe
N??CA?oI?gSCoOB_G`?	46	3fffffffffff
N??CA?oI?gSCSOB_X??	46	3fffffffffff
N??CA?oI?gSCSOB_W_?	46	3fffffffffff
N??CA?oI?gSCSOB_H_?	46	3fffffffffff
N??CA?oI?gSCSOB_WO?	46	3fffffffffff
N??CA?oI?gSCSOB_HO?	46	3fffffffffff
N??CA?oI?gSCSOB_HG?	46	3fffffffffff
N??CA?oI?gSCSOB_WA?	46	ffffffffff7e
N??CA?oI?gSCSOB_W@?	46	fffffffff7fe
N??CA?oI?gSCSOB_H@?	46	3fffffffffff
N??CA?oI?gSCQOP_R??	46	fffffffff7fe
N??CA?oI?gSCQOP_Q_?	46	3ffff7dfdf7ff
N??CA?oI?gSCQOP_P_?	46	3fffffffffff
N??CA?oI?gSCQOP_B_?	46	3fffffffffff
N??CA?oI?gSCQOP_PO?	46	3ffffffffffcc
N??CA?oI?gSCQOP_Ao?	46	3ffdffdfdff7f
N??CA?oI?gSCQOP_@o?	46	ffffffffff7d
N??CA?oI?gSCQOP_PG?	46	3ffffffffffcc
N??CA?oI?gSCQOP_Ag?	46	3fffffffffff
N??CA?oI?gSCQOP_@g?	46	3fffffffcff7d
N??CA?oI?gSCQOP_@W?	46	7ffffffffb77c
N??CA?oI?gSCQOP_?w?	46	3fffffffffe79
N??CA?oI?gSCQOP_QA?	46	3ffffffffe67f
N??CA?oI?gSCQOP_Oa?	46	3fffffffffff
N??CA?oI?gSCQOP_Aa?	46	3fffffffffff
N??CA?oI?gSCQOP_OQ?	46	3effffffffb7e
N??CA?oI?gSCQOP_OI?	46	3effffffffb7e
N??CA?oI?gSCQOP_AI?	46	3fffffffffff
N??CA?oI?gSCQOP_@I?	46	1ffffffffb7fe
N??CA?oI?gSCQOP_Q@?	46	ffffffff0e7ff
N??CA?oI?gSCQOP_B@?	46	fffffffef7ff
N??CA?oI?gSCQOP_O`?	46	3ffffffe97fff
N??CA?oI?gSCQOP_@`?	46	fffffffefffb
N??CA?oI?gSCQOP_AP?	46	3ffffffe97fff
N??CA?oI?gSCQOP_@P?	46	7ffffffffffb
N??CA?oI?gSCQOP_?p?	46	fffffffe67ff9
N??CA?oI?gSCQOP_AB?	46	3fffffffdef7e
N??CA?oI?gSCQOP_?b?	46	3fffffffffff
N??CA?oI?gSCPOQ_Q_?	46	ffffffffeffe
N??CA?oI?gSCPOQ_P_?	46	3fffffffffff
N??CA?oI?gSCPOQ_B_?	46	3fffffffffff
N??CA?oI?gSCPOQ_PG?	46	3ffffffffffcc
N??CA?oI?gSCPOQ_Ag?	46	3fffffffe6eff
N??CA?oI?gSCPOQ_@g?	46	3fffffffcff7d
N??CA?oI?gSCPOQ_@W?	46	7ffffffffb77c
N??CA?oI?gSCPOQ_QA?	46	fffffffe97e7f
N??CA?oI?gSCPOQ_PA?	46	3defbfffdea94fcc
N??CA?oI?gSCPOQ_Oa?	46	7ffffffff7ff
N??CA?oI?gSCPOQ_OI?	46	3effffffffb7e
N??CA?oI?gSCPOQ_Q@?	46	3ffffffffe67f
N??CA?oI?gSCPOQ_B@?	46	3fffffffffff
N??CA?oI?gSCPOQ_AH?	46	3ffffffffe67f
N??CA?oI?gSCPOQ_@H?	46	ffffffffeffb
N??CA?oI?gSCPOQ_?h?	46	3ffffffffe7f9
N??CA?oI?gSCPOB_Y??	46	3fffffffffff
N??CA?oI?gSCPOB_X??	46	3fffffffffff
N??CA?oI?gSCPOB_J??	46	3fffffffffff
N??CA?oI?gSCPOB_WO?	46	3fffffffffff
N??CA?oI?gSCPOB_HO?	46	ffffffffff7d
N??CA?oI?gSCPOB_HG?	46	3fffffffcff7d
N??CA?oI?gSCPOB_WA?	46	3fffffffffff
N??CA?oI?gSCPOB_W@?	46	3fffffffffff
N??CA?oI?gSCPOB_I@?	46	3fffffffe777f
N??CA?oI?gSCPOB_H@?	46	fffffffefffb
N??CA?oI?gSCPOB_GH?	46	3ffffffffe7f9
N??CA?oI?gSCQA@oY??	46	7ffffffff7ff
N??CA?oI?gSCQA@oX??	46	7ffffffff7ff
N??CA?oI?gSCQA@oR??	46	ffffffffe7ff
N??CA?oI?gSCQA@oW_?	46	3fffffffffff
N??CA?oI?gSCQA@oIO?	46	3fffffffffff
N??CA?oI?gSCQA@oHO?	46	7ffffffffffb
N??CA?oI?gSCQA@oBO?	46	3fffffffffff
N??CA?oI?gSCQA@o@o?	46	7ffffffffeff
N??CA?oI?gSCQA@oQG?	46	3fffffffffff
N??CA?oI?gSCQA@oIG?	46	3fffffffffff
N??CA?oI?gSCQA@oHG?	46	ffffffffeffb
N??CA?oI?gSCQA@oBG?	46	3fffffffffff
N??CA?oI?gSCQA@o@g?	46	ffffffffeeff
N??CA?oI?gSCQA@oOW?	46	3fffffffffff
N??CA?oI?gSCQA@oAW?	46	3fffffffffff
N??CA?oI?gSCQA@o@W?	46	7ffffffffeff
N??CA?oI?gSCQA@o?w?	46	fffffffffefe
N??CA?oI?gSCQA@oWA?	46	7ffffffdffff
N??CA?oI?gSCQA@oQA?	46	fffffffdf7ff
N??CA?oI?gSCQA@oIA?	46	fffffffdefff
N??CA?oI?gSCQA@oHA?	46	fffffffdefff
N??CA?oI?gSCQA@oOa?	46	3fffffffffff
N??CA?oI?gSCQA@oAQ?	46	3fffffffffff
N??CA?oI?gSCQA@oOI?	46	3fffffffffff
N??CA?oI?gSCQA@oAI?	46	3fffffffffff
N??CA?oI?gSCQA@o?i?	46	3fffffffffff
N??CA?oI?gSCPAAoY??	46	fffffffff77f
N??CA?oI?gSCPAAoX??	46	3fffffffffff
N??CA?oI?gSCPAAoR??	46	3ffffef7ef7ff
N??CA?oI?gSCPAAoJ??	46	3fffffffffff
N??CA?oI?gSCPAAoW_?	46	fffffffff77f
N??CA?oI?gSCPAAoH_?	46	fffffffefffb
N??CA?oI?gSCPAAoB_?	46	3fffffffffff
N??CA?oI?gSCPAAoWO?	46	3fffffffffff
N??CA?oI?gSCPAAoHO?	46	ffffffff7ffb
N??CA?oI?gSCPAAoBO?	46	3ffdffdfdff7f
N??CA?oI?gSCPAAo@o?	46	7ffffffffeff
N??CA?oI?gSCPAAoQG?	46	3fffffffffff
N??CA?oI?gSCPAAoHG?	46	3fffffffd6ffb
N??CA?oI?gSCPAAoBG?	46	3fffffffffff
N??CA?oI?gSCPAAoOg?	46	3fffffffffff
N??CA?oI?gSCPAAoAg?	46	3ffffffffe7f9
N??CA?oI?gSCPAAo@W?	46	7ffffffffcefa
N??CA?oI?gSCPAAoWA?	46	7ffffffeffff
N??CA?oI?gSCPAAoQA?	46	fffffdefce7ff
N??CA?oI?gSCPAAoOa?	46	fffffffdf7ff
N??CA?oI?gSCPAAoOI?	46	3ffffffffffd2
N??CA?oI?gSCBAOoY??	46	3ffffbbfeefff
N??CA?oI?gSCBAOoJ??	46	3bfffffbf7ffd
N??CA?oI?gSCBAOoW_?	46	7ffffffffffb
N??CA?oI?gSCBAOoIO?	46	3fff7fefdfeff
N??CA?oI?gSCBAOoHO?	46	3fffffffd6ffb
N??CA?oI?gSCBAOoGo?	46	3ffffffffe7f9
N??CA?oI?gSCBAOoHG?	46	3fffffffd6ffb
N??CA?oI?gSCBAOoWA?	46	3ffffffffffe1
N??CA?oI?gSCBAOoIA?	46	2ffeffffffefb
N??CA?oI?gSCBAOoGQ?	46	1ffffffffcffe
N??CA?oI?gSCAaPOY??	46	3fffffffffff
N??CA?oI?gSCAaPOJ??	46	3fffffffffff
N??CA?oI?gSCAaPOI_?	46	3fffffffe777f
N??CA?oI?gSCAaPOH_?	46	fffffffefffb
N??CA?oI?gSCAaPOWO?	46	3fffffffffff
N??CA?oI?gSCAaPOHO?	46	7ffffffffffb
N??CA?oI?gSCAaPOHG?	46	ffffffffeffb
N??CA?oI?gSCAaPOWA?	46	3fffffffffff
N??CA?oI?gSCOQB_Y??	46	fffffffff7fe
N??CA?oI?gSCOQB_X??	46	7ffffffffffd
N??CA?oI?gSCOQB_J??	46	3fffffffffff
N??CA?oI?gSCOQB_W_?	46	3fffffffffff
N??CA?oI?gSCOQB_I_?	46	3fffffffe777f
N??CA?oI?gSCOQB_H_?	46	fffffffefffb
N??CA?oI?gSCOQB_WO?	46	7fffffffff7f
N??CA?oI?gSCOQB_HO?	46	fffffffff7fb
N??CA?oI?gSCOQB_HG?	46	ffffffffeffb
N??CA?oI?gSCOQB_WA?	46	fffffffff6ff
N??CA?oI?gDCs?@oX??	46	fffffffff7fe
N??CA?oI?gDCs?@oP_?	46	3fffffffffff
N??CA?oI?gDCs?@oHO?	46	3fffffffffff
N??CA?oI?gDCs?@o@o?	46	3fffffffffff
N??CA?oI?gDCs?@o@W?	46	3fffffffffff
N??CA?oI?gDCs?@o@a?	46	3fffffffcfefb
N??CA?oI?gDCs?@oP@?	46	ffffffffe7ff
N??CA?oI?gDCs?@o@P?	46	3fffffffffff
N??CA?oI?gDCq?@oQ_?	46	3fffffffffff
N??CA?oI?gDCq?@oGo?	46	3ffffffe97fff
N??CA?oI?gDCq?@oAo?	46	ffffffff7ffd
N??CA?oI?gDCq?@oAW?	46	7ffffffffffd
N??CA?oI?gDCq?@o?w?	46	fffffffe67ff9
N??CA?oI?gDCq?@oWA?	46	ffffffffff74c
N??CA?oI?gDCq?@oAa?	46	3fffffffcfefb
N??CA?oI?gDCq?@oGQ?	46	1ffffffffb7fe
N??CA?oI?gDCq?@o?Y?	46	3ffdf7ffff77f
N??CA?oI?gDCq?@oQ@?	46	ffffffffe7ff
N??CA?oI?gDCq?@oAP?	46	fffffffffefb
N??CA?oI?gDCq?@oOB?	46	fffffffdf7ff
N??CA?oI?gDCp?@oX??	46	3fffffff0ffff
N??CA?oI?gDCp?@oR??	46	3fffffffffff
N??CA?oI?gDCp?@oHO?	46	3ffffffe97fff
N??CA?oI?gDCp?@oP@?	46	3fffffffffff
N??CA?oI?gDCd?OoX??	46	3fffffffffff
N??CA?oI?gDCd?OoH_?	46	3fffffffff87f
N??CA?oI?gDCd?OoHO?	46	3bfffffbf7ffd
N??CA?oI?gDCd?OoH@?	46	3bfffffbf7ffd
N??CA?oI?gDCb?OoY??	46	7fffffff7fff
N??CA?oI?gDCb?OoW_?	46	3fffffff0ffff
N??CA?oI?gDCb?OoI_?	46	3fffffffff87f
N??CA?oI?gDCb?OoGo?	46	3ffffffe97fff
N??CA?oI?gDCb?OoWA?	46	3ffffffffffcc
N??CA?oI?gDCb?OoGQ?	46	3fdffffffb7fe
N??CA?oI?gDCb?OoI@?	46	fbfffffbe7ff9
N??CA?oI?gDCo_`OH_?	46	3fffffff0ffff
N??CA?oI?gDCo_`OBG?	46	5fffdeffff7fd
N??CA?oI?gDCo_`OHA?	46	ffffffffff74c
N??CA?oI?gDCo_`O@I?	46	1ffffffffb7fe
N??CA?oI?gDCc_POX??	46	fffffdefce7ff
N??CA?oI?gDCa_POY??	46	3ffffdefdefff
N??CA?oI?gDCa_POW_?	46	37ff6fdff9f0fb52
N??CA?oI?gDCa_POWA?	46	3defbfffdea94fcc
N??CA?oI?gDC`_oOH_?	46	3fffffff0ffff
N??CA?oI?gDC`_oOHO?	46	2ffdeff7fe70fccc
N??CA?oI?gDC`_oOHA?	46	2ffdeff7fe70fccc
N??CA?oI?gDC`_POX??	46	ffffffff0e7ff
N??CA?oI?gDCoA@oX??	46	7ffffffff7ff
N??CA?oI?gDCoA@oR??	46	ffffffffe7ff
N??CA?oI?gDCoA@oBO?	46	3fffffffffff
N??CA?oI?gDCoA@o@W?	46	3fffffffffff
N??CA?oI?gDCoA@oPA?	46	fffffffdf7ff
N??CA?oI?gDCoA@o@Q?	46	3fffffffffff
N??CA?oI?gDC`AOoJ??	46	3ffdbfe5c7bf06fd
N??CA?oI?gDC`AOoHA?	46	3ff8ffe76cfdf6e1
N??CA?oI?g@cw?CoX??	46	3fffffffffff
N??CA?oI?g@cw?CoW_?	46	3fffffffffff
N??CA?oI?g@cw?CoP_?	46	3fffffffffff
N??CA?oI?g@cw?CoHO?	46	3fffffffffff
N??CA?oI?g@cw?CoWA?	46	3fffffffffff
N??CA?oI?g@cw?CoOa?	46	3fffffffffff
N??CA?oI?g@cw?CoGQ?	46	3fffffffffff
N??CA?oI?g@cw?Co?q?	46	3fffffffffff
N??CA?oI?g@cw?Co?Y?	46	3fffffffffff
N??CA?oI?g@cw?CoOB?	46	3fffffffffff
N??CA?oI?g@cw?AoQ_?	46	3fffffffffff
N??CA?oI?g@cw?AoIO?	46	3fffffffffff
N??CA?oI?g@cw?AoAa?	46	3fffffffcfefb
N??CA?oI?g@cw?AoGQ?	46	1ffffffffb7fe
N??CA?oI?g@cw?AoGP?	46	3fffffffffff
N??CA?oI?g@cw?@oY??	46	3fffffffffff
N??CA?oI?g@cw?@oR??	46	3fffffffffff
N??CA?oI?g@cw?@oIO?	46	3fffffffffff
N??CA?oI?g@cw?@oWA?	46	3fffffffffff
N??CA?oI?g@cw?@oQA?	46	3fffffffffff
N??CA?oI?g@cw?@oGQ?	46	3fffffffffff
N??CA?oI?g@cw?@oAQ?	46	3fffffffffff
N??CA?oI?g@cw?@o?Y?	46	3fffffffffff
N??CA?oI?g@cw?@oOB?	46	3fffffffffff
N??CA?oI?g@cw??sX??	46	3ffffffffffcc
N??CA?oI?g@cw??sW_?	46	3fffffffffff
N??CA?oI?g@cw??sQ_?	46	3fffffffffff
N??CA?oI?g@cw??sB_?	46	3fffffffcfefb
N??CA?oI?g@cw??sQO?	46	3fffffffffff
N??CA?oI?g@cw??sIO?	46	3fffffffffff
N??CA?oI?g@cw??sHO?	46	1ffffffffb7fe
N??CA?oI?g@cw??sGo?	46	3fffffffffff
N??CA?oI?g@cw??sAo?	46	3fffffffffff
N??CA?oI?g@cw??s@W?	46	3ffdf7ffff77f
N??CA?oI?g@cw??sQ@?	46	3fffffffffff
N??CA?oI?g@cw??sAP?	46	3fffffffffff
N??CA?oI?g@cw??qY??	46	3fffffffffff
N??CA?oI?g@cw??qX??	46	3fffffffffff
N??CA?oI?g@cw??qQO?	46	3fffffffffff
N??CA?oI?g@cw??qIO?	46	3fffffffffff
N??CA?oI?g@cw??qPO?	46	3fffffffffff
N??CA?oI?g@cw??qHO?	46	3fffffffffff
N??CA?oI?g@cw??qGo?	46	3fffffffffff
N??CA?oI?g@cw??q@W?	46	3fffffffffff
N??CA?oI?g@cw??qWA?	46	3fffffffffff
N??CA?oI?g@cw??qQA?	46	3fffffffffff
N??CA?oI?g@cw??qGQ?	46	3fffffffffff
N??CA?oI?g@cw??qAQ?	46	3fffffffffff
N??CA?oI?g@cw??q?Y?	46	3fffffffffff
N??CA?oI?g@ci?OoI_?	46	3fffffffff87f
N??CA?oI?g@ci?OoIO?	46	3fffffffffff
N??CA?oI?g@ci?OoWA?	46	3ffffffffffcc
N??CA?oI?g@ci?OoGQ?	46	1ffffffffb7fe
N??CA?oI?g@ci?OoGP?	46	ffffffffe7ff
N??CA?oI?g@ci?OoGH?	46	ffffffffe7ff
N??CA?oI?g@cg_oOJ??	46	3fffffffffff
N??CA?oI?g@cg_oOI_?	46	3fffffffffff
N??CA?oI?g@cg_oOH_?	46	3fffffffffff
N??CA?oI?g@cg_oOIO?	46	3fffffffffff
N??CA?oI?g@cg_oOHO?	46	3ffffffffffcc
N??CA?oI?g@cg_oOGo?	46	3fffffffffff
N??CA?oI?g@cg_oOGa?	46	3fffffffffff
N??CA?oI?g@cg_oOGQ?	46	7ebfffffffb7e
N??CA?oI?g@cg_oOI@?	46	3fffffffffff
N??CA?oI?g@cg_oOH@?	46	3fffffffffff
N??CA?oI?g@cg_oOG`?	46	3fffffffffff
N??CA?oI?g@cg_SOX??	46	3fffffffffff
N??CA?oI?g@cg_SOWO?	46	3fffffffffff
N??CA?oI?g@cg_SOWA?	46	3fffffffffff
N??CA?oI?g@cg_QOY??	46	3fffffffffff
N??CA?oI?g@cg_QOWO?	46	3ffffffffffcc
N??CA?oI?g@cg_QOWA?	46	3ffffffffffcc
N??CA?oI?g@cg_QOW@?	46	3fffffffffff
N??CA?oI?g@cg_POY??	46	3fffffffffff
N??CA?oI?g@cg_POWO?	46	3fffffffffff
N??CA?oI?g@cg_POWA?	46	3fffffffffff
N??CA?oI?g@cg_OSY??	46	3fffffffffff
N??CA?oI?g@cg_OSX??	46	3ffffffffffcc
N??CA?oI?g@cg_OSWO?	46	7ebfffffffb7e
N??CA?oI?g@cg_OQY??	46	3fffffffffff
N??CA?oI?g@cg_OQX??	46	7ffffffffffd
N??CA?oI?g@cg_OQW_?	46	3fffffffffff
N??CA?oI?g@cg_OQWO?	46	7fffffffff7f
N??CA?oI?g@cg_OQWG?	46	7fffffffff7f
N??CA?oI?g@cg_OQWA?	46	7ffffffffeff
N??CA?oI?g@coC_oI_?	46	7ffffffffffb
N??CA?oI?g@coC_oEO?	46	3fffffffffff
N??CA?oI?g@coC_oAo?	46	7fffffffefff
N??CA?oI?g@coC_oDG?	46	1ffffffffb7fe
N??CA?oI?g@coC_oBG?	46	3fffffffffff
N??CA?oI?g@coC_oAg?	46	7fffffffefff
N??CA?oI?g@coC_oCW?	46	1ffffeffff7fd
N??CA?oI?g@coC_oI@?	46	7ffffffffffe
N??CA?oI?g@coC_oGP?	46	fffffffefeff
N??CA?oI?g@coC_oAH?	46	7ffffffff7ff
N??CA?oI?g@coC_o?X?	46	fffffffffefd
N??CA?oI?g@coC?qY??	46	3fffffffffff
N??CA?oI?g@coC?qU??	46	3fffffffffff
N??CA?oI?g@coC?qKO?	46	3fffffffffff
N??CA?oI?g@c_coOL??	46	3ffffffffffcc
N??CA?oI?g@c_coOI_?	46	fffffffffffa
N??CA?oI?g@c_coOI@?	46	fffffffffffc
N??CA?oI?g@c_coOGP?	46	fffffffefeff
N??CA?oI?g@c_cOQ[??	46	7ffffffffeff
N??CA?oI?g@c_cOQWO?	46	fffffffefeff
N??CA?oI?gWAQ_`OAo?	46	3fffffffffff
N??CA?oI?gWAQ_`OAW?	46	3fffffffffff
N??CA?oI?gWAQ_`OAc?	46	3fffffffffff
N??CA?oI?gWAQ_`OAK?	46	3fffffffffff
N??CA?oI?gWAQ_`O?[?	46	1ffffeffff7fd
N??CA?oI?gWAQ_`OE@?	46	3fffffffffff
N??CA?oI?gWAQ_`OAH?	46	3fffffffffff
N??CA?oI?gWAQ_`OAD?	46	3fffffffffff
N??CA?oI?gWAQ_BOE_?	46	3fffffffffff
N??CA?oI?gWAQ_BOSG?	46	2ffdeff7fe70fccc
N??CA?oI?gWAQ_BOCg?	46	3ffffffe97fff
N??CA?oI?gWAQ_BOCW?	46	3faeffff75e937d2
N??CA?oI?gWAQ_BOAc?	46	3fffffffffff
N??CA?oI?gWAQ_BOAS?	46	3fffffffffff
N??CA?oI?gWAQ_BOE@?	46	3fffffffffff
N??CA?oI?gWAQ_BOAD?	46	3fffffffffff
N??CA?oI?gWAQ_@oE_?	46	3fffffffffff
N??CA?oI?gWAQ_@oAc?	46	3fffffffffff
N??CA?oI?gWAQ_@oAD?	46	3fffffffffff
N??CA?oI?gWA_oR?Ag?	46	3fffffffffff
N??CA?oI?gWA_oR?Ac?	46	7ffffffffffb
N??CA?oI?gWA_oR??[?	46	1ffffeffff7fd
N??CA?oI?gWA_oR?E@?	46	7ffffffffffb
N??CA?oI?gWA_oR??X?	46	3ffffffffffcc
N??CA?oI?gWA_oR?AD?	46	7ffffffffffe
N??CA?oI?gWA_oB_M??	46	3fffffffffff
N??CA?oI?gWA_oB_L??	46	2ffdeff7fe70fccc
N??CA?oI?gWA_oB_I_?	46	3fffffffffff
N??CA?oI?gWA_oB_E_?	46	3fffffffffff
N??CA?oI?gWA_oB_H_?	46	3faeffff75e937d2
N??CA?oI?gWA_oB_D_?	46	3ffffffe97fff
N??CA?oI?gWA_oB_EG?	46	3fffffffffff
N??CA?oI?gWA_oB_DG?	46	3faeffff75e937d2
N??CA?oI?gWA_oB_Ag?	46	3fffffffffff
N??CA?oI?gWA_oB_IC?	46	3fffffffffff
N??CA?oI?gWA_oB_EC?	46	7fffffffefff
N??CA?oI?gWA_oB_Ac?	46	7fffffffefff
N??CA?oI?gWA_oB_GK?	46	1ffffeffff7fd
N??CA?oI?gWA_oB_AK?	46	3fffffffffff
N??CA?oI?gWA_oB_I@?	46	3fffffffffff
N??CA?oI?gWA_oB_E@?	46	7fffffffefff
N??CA?oI?gWA_oB_AH?	46	3fffffffffff
N??CA?oI?gWA_oB_GD?	46	3fffffffffff
N??CA?oI?gWA_oB_AD?	46	7ffffffff7ff
N??CA?oI?gWA_oB_?L?	46	3fffffffffff
N??CA?oI?gWA_oBOE_?	46	3fffffffffff
N??CA?oI?gWA_oBOAc?	46	7fffffffefff
N??CA?oI?gWA_oBOGS?	46	1ffffeffff7fd
N??CA?oI?gWA_oBOAD?	46	7ffffffff7ff
N??CA?oI?gWAGoP_B@?	46	7fffffffefff
N??CA?oI?gSAq?@oGo?	46	3fffffff0ffff
N??CA?oI?gSAq?@o@o?	46	3ffffffe97fff
N??CA?oI?gSAq?@oHG?	46	2ffdeff7fe70fccc
N??CA?oI?gSAq?@o@W?	46	3faeffff75e937d2
N??CA?oI?gSAq?@o@c?	46	3fffffffffff
N??CA?oI?gSAq?@o?s?	46	3fffffffffff
N??CA?oI?gSAq?@o@K?	46	1ffffffffb7fe
N??CA?oI?gSAq?@oB@?	46	ffffffffe7ff
N??CA?oI?gSAq?@o@`?	46	3fffffffffff
N??CA?oI?gSAq?@oAP?	46	3fffffffffff
N??CA?oI?gSAq?@oAH?	46	3fffffffffff
N??CA?oI?gSAq?@o@H?	46	3fffffffffff
N??CA?oI?gSAU?@oX??	46	fffffffff7fe
N??CA?oI?gSAU?@oP_?	46	3fffffffffff
N??CA?oI?gSAU?@oH_?	46	3fffffffffff
N??CA?oI?gSAU?@oGo?	46	7ffffffffffd
N??CA?oI?gSAU?@oHG?	46	3fffffffffff
N??CA?oI?gSAU?@o@g?	46	3fffffffffff
N??CA?oI?gSAU?@oGW?	46	7ffffffffffd
N??CA?oI?gSAU?@o@W?	46	3fffffffffff
N??CA?oI?gSAU?@o?w?	46	ffffffffff7b
N??CA?oI?gSAU?@oGc?	46	3fffffffffff
N??CA?oI?gSAU?@o@S?	46	3fffffffffff
N??CA?oI?gSAU?@oW@?	46	7ffffffff7ff
N??CA?oI?gSAU?@oH@?	46	fffffffef7ff
N??CA?oI?gSAU?@oGP?	46	7ffffffffffb
N??CA?oI?gSAp?AoHO?	46	2ffdeff7fe70fccc
N??CA?oI?gSAp?Ao@o?	46	3ffffffe97fff
N??CA?oI?gSAp?Ao?w?	46	3ffffffe97fff
N??CA?oI?gSAp?Ao?s?	46	3fffffffffff
N??CA?oI?gSAp?AoI@?	46	7fffffffff7f
N??CA?oI?gSAp?AoH@?	46	3fffffffffff
N??CA?oI?gSAp?AoB@?	46	3fffffffffff
N??CA?oI?gSAp?Ao@`?	46	3fffffffffff
N??CA?oI?gSAp?AoAP?	46	3fffffffffff
N??CA?oI?gSAp?AoAH?	46	3fffffffffff
N??CA?oI?gSAT?AoH_?	46	3fffffffffff
N??CA?oI?gSAT?AoHO?	46	3fffffffffff
N??CA?oI?gSAT?AoGo?	46	7ffffffffffd
N??CA?oI?gSAT?AoPG?	46	3bfffffbf7ffd
N??CA?oI?gSAT?AoHG?	46	3fffffffffff
N??CA?oI?gSAT?AoGg?	46	3fffffffeeffc
N??CA?oI?gSAT?Ao@g?	46	3fffffffffff
N??CA?oI?gSAT?AoGW?	46	7ffffffffffd
N??CA?oI?gSAT?Ao?w?	46	7fffffffff7f
N??CA?oI?gSAT?Ao@S?	46	3ffffffffffd2
N??CA?oI?gSAT?Ao?s?	46	3fffffffffff
N??CA?oI?gSAT?Ao?k?	46	7fffffffff7f
N??CA?oI?gSAT?AoH@?	46	3fffffffffff
N??CA?oI?gSAT?AoGP?	46	7ffffffffffb
N??CA?oI?gSAT?AoGH?	46	3ffffffffe7f9
N??CA?oI?gSAT?Ao@H?	46	3fffffffffff
N??CA?oI?gSAT?Ao?h?	46	3ffffffffe67f
N??CA?oI?gSAT?Ao?X?	46	7ffffffffeff
N??CA?oI?gSAT?AoGD?	46	3fffffffeeffc
N??CA?oI?gSAT?Ao?L?	46	7ffffffffeff
N??CA?oI?gSAb?OoH_?	46	3fffffff0ffff
N??CA?oI?gSAb?OoHO?	46	2ffdeff7fe70fccc
N??CA?oI?gSAb?OoGo?	46	3fffffff0ffff
N??CA?oI?gSAb?OoI@?	46	fffffffefffb
N??CA?oI?gSAR?OoAo?	46	7ffffffffffd
N??CA?oI?gSAR?Oo@o?	46	3ffffffe97fff
N??CA?oI?gSAR?OoBG?	46	3fffffffffff
N??CA?oI?gSAR?OoAg?	46	fffffffefffd
N??CA?oI?gSAR?Oo@g?	46	3ffffffe97fff
N??CA?oI?gSAR?OoOW?	46	37ff6fdff9f0fb52
N??CA?oI?gSAR?OoAW?	46	7ffffffffffd
N??CA?oI?gSAR?OoAc?	46	fbfffffbe7ff9
N??CA?oI?gSAR?Oo@c?	46	3bfffffbf7ffd
N??CA?oI?gSAR?Oo@S?	46	1ffffffffb7fe
N??CA?oI?gSAR?OoAK?	46	3fffffffffff
N??CA?oI?gSAR?OoQ@?	46	fffffffffff9
N??CA?oI?gSAR?OoB@?	46	3bfffffbf7ffd
N??CA?oI?gSAR?OoA`?	46	fbfffffbe7ff9
N??CA?oI?gSAR?OoAP?	46	fffffffff7fb
N??CA?oI?gSAR?Oo?p?	46	fffffffffe7f
N??CA?oI?gSAR?OoAH?	46	ffffffffeffb
N??CA?oI?gSAR?OoAD?	46	effefffffeefa
N??CA?oI?gSAR?Oo?d?	46	effefffffeefa
N??CA?oI?gSAR?@oX??	46	3fffffff0ffff
N??CA?oI?gSAR?@oWO?	46	3fffffff0ffff
N??CA?oI?gSAR?@oIO?	46	7ffffffffffd
N??CA?oI?gSAR?@oHO?	46	3ffffffe97fff
N??CA?oI?gSAR?@oPG?	46	3ffffffe97fff
N??CA?oI?gSAR?@oBG?	46	3fffffffffff
N??CA?oI?gSAR?@oOW?	46	3ffffffe97fff
N??CA?oI?gSAR?@oIC?	46	3fffffffffff
N??CA?oI?gSAR?@oOS?	46	3fffffffffff
N??CA?oI?gSAR?@oAS?	46	3fffffffffff
N??CA?oI?gSAR?@o@S?	46	3fffffffffff
N??CA?oI?gSAR?@oOK?	46	3fffffffffff
N??CA?oI?gSAR?@oAK?	46	3fffffffffff
N??CA?oI?gSAR?@o@K?	46	3fffffffffff
N??CA?oI?gSAR?@oI@?	46	fffffffefffb
N??CA?oI?gSAR?@oB@?	46	3fffffffffff
N??CA?oI?gSAR?@oGP?	46	fffffffffe7f
N??CA?oI?gSAR?@oAP?	46	7ffffffffeff
N??CA?oI?gSAR?@o@P?	46	3fffffffffff
N??CA?oI?gSAR?@oOH?	46	3fffffffffff
N??CA?oI?gSAR?@oAH?	46	ffffffffeeff
N??CA?oI?gSAR?@o@H?	46	3fffffffffff
N??CA?oI?gSAR?@oOD?	46	3fffffffffff
N??CA?oI?gSAR?@oGD?	46	3fffffffffff
N??CA?oI?gSAR?@oAD?	46	3fffffffffff
N??CA?oI?gSAR?@o@D?	46	3fffffffffff
N??CA?oI?gSAR?@o?T?	46	3fffffffffff
N??CA?oI?gSAR?@o?L?	46	3fffffffffff
N??CA?oI?gSAF?OoX??	46	3fffffffffff
N??CA?oI?gSAF?OoH_?	46	3fffffffff87f
N??CA?oI?gSAF?OoHO?	46	3fffffffffff
N??CA?oI?gSAF?OoGo?	46	fffffffefffd
N??CA?oI?gSAF?OoHG?	46	3fffffffffff
N??CA?oI?gSAF?OoGg?	46	fffffffefffd
N??CA?oI?gSAF?OoGc?	46	3bfffffbf7ffd
N??CA?oI?gSAo_BOH_?	46	3fffffff0ffff
N??CA?oI?gSAo_BO@o?	46	3ffffffe97fff
N??CA?oI?gSAo_BO@W?	46	3faeffff75e937d2
N??CA?oI?gSAo_BO?w?	46	3ffffffe97fff
N??CA?oI?gSAo_BO@c?	46	3ffff7dfdf7ff
N??CA?oI?gSAo_BO?s?	46	3fffffffffff
N??CA?oI?gSAo_BOH@?	46	3fffffffffff
N??CA?oI?gSAo_BOB@?	46	3ffff7dfdf7ff
N??CA?oI?gSAo_BOAP?	46	ffffffffe7ff
N??CA?oI?gSAo_BO?X?	46	3fffffffffff
N??CA?oI?gSAS_BOX??	46	3fffffffffff
N??CA?oI?gSAS_BOH_?	46	3fffffffffff
N??CA?oI?gSAS_BOGo?	46	7ffffffffffd
N??CA?oI?gSAS_BOHG?	46	3fffffffffff
N??CA?oI?gSAS_BOOg?	46	3fffffffffff
N??CA?oI?gSAS_BOGg?	46	fffffffefffd
N??CA?oI?gSAS_BO@g?	46	3fffffffffff
N??CA?oI?gSAS_BO@W?	46	3fffffffffff
N??CA?oI?gSAS_BO?w?	46	7fffffffff7f
N??CA?oI?gSAS_BOWC?	46	ffffffffff7d
N??CA?oI?gSAS_BOGc?	46	3fffffffffff
N??CA?oI?gSAS_BO@c?	46	3fffffffffff
N??CA?oI?gSAS_BO@S?	46	3fffffffffff
N??CA?oI?gSAS_BO?s?	46	3fffffffffff
N??CA?oI?gSAS_BOOK?	46	3fffffffffff
N??CA?oI?gSAS_BOGK?	46	3fffffffffff
N??CA?oI?gSAS_BO?k?	46	3fffffffffff
N??CA?oI?gSAS_BO?[?	46	3fffffffffff
N??CA?oI?gSAS_BOW@?	46	7ffffffffffd
N??CA?oI?gSAS_BOH@?	46	3fffffffffff
N??CA?oI?gSAS_BO?p?	46	7ffffffffeff
N??CA?oI?gSAS_BOGH?	46	ffffffffeffb
N??CA?oI?gSAS_BO@H?	46	3fffffffffff
N??CA?oI?gSAS_BO?X?	46	7ffffffffeff
N??CA?oI?gSAS_BOGD?	46	7fffffffefff
N??CA?oI?gSAS_BO?d?	46	3fffffffffff
N??CA?oI?gSAS_BO?L?	46	3fffffffffff
N??CA?oI?gSAa_POGo?	46	37ff6fdff9f0fb52
N??CA?oI?gSAQ_BOY??	46	3fffffffffff
N??CA?oI?gSAQ_BOI_?	46	3fffffffffff
N??CA?oI?gSAQ_BOOo?	46	3ffffffe97fff
N??CA?oI?gSAQ_BOGo?	46	3ffffffe97fff
N??CA?oI?gSAQ_BOIG?	46	3fffffffffff
N??CA?oI?gSAQ_BOOg?	46	3ffffffe97fff
N??CA?oI?gSAQ_BOGg?	46	3ffffffe97fff
N??CA?oI?gSAQ_BOOW?	46	3faeffff75e937d2
N??CA?oI?gSAQ_BOGW?	46	3faeffff75e937d2
N??CA?oI?gSAQ_BOAW?	46	3fffffffffff
N??CA?oI?gSAQ_BO?w?	46	3ffffffe67fff
N??CA?oI?gSAQ_BOWC?	46	3ffffffffffcc
N??CA?oI?gSAQ_BOGc?	46	3fffffffffff
N??CA?oI?gSAQ_BOAc?	46	3fffffffffff
N??CA?oI?gSAQ_BO?s?	46	3fffffffffff
N??CA?oI?gSAQ_BOOK?	46	1ffffffffb7fe
N??CA?oI?gSAQ_BO?[?	46	3ffdf7ffff77f
N??CA?oI?gSAQ_BOW@?	46	3fffffffffff
N??CA?oI?gSAQ_BOQ@?	46	3fffffffffff
N??CA?oI?gSAQ_BOI@?	46	3fffffffffff
N??CA?oI?gSAQ_BOG`?	46	3fffffffffff
N??CA?oI?gSAQ_BOA`?	46	3fffffffffff
N??CA?oI?gSAQ_BOAP?	46	3fffffffffff
N??CA?oI?gSAQ_BO?p?	46	3fffffffffff
N??CA?oI?gSAQ_BOOH?	46	3fffffffffff
N??CA?oI?gSAQ_BOAH?	46	3fffffffffff
N??CA?oI?gSAQ_BO?X?	46	3fffffffffff
N??CA?oI?gSAQ_BOOD?	46	3fffffffffff
N??CA?oI?gSAQ_BOGD?	46	3fffffffffff
N??CA?oI?gSAQ_BO?d?	46	3fffffffffff
N??CA?oI?gSAQ_BO?T?	46	3fffffffffff
N??CA?oI?gSAQ_BO?L?	46	3fffffffffff
N??CA?oI?gSAQ_@oI_?	46	7ffffffffffd
N??CA?oI?gSAQ_@oP_?	46	3ffffffe97fff
N??CA?oI?gSAQ_@oPG?	46	3faeffff75e937d2
N??CA?oI?gSAQ_@oOc?	46	3fffffffffff
N??CA?oI?gSAQ_@oAc?	46	7ffffffffeff
N??CA?oI?gSAQ_@oQ@?	46	3fffffffffff
N??CA?oI?gSAQ_@oI@?	46	7ffffffffffb
N??CA?oI?gSAQ_@oG`?	46	fffffffffe7f
N??CA?oI?gSAQ_@oA`?	46	7ffffffffeff
N??CA?oI?gSAQ_@oOH?	46	3fffffffffff
N??CA?oI?gSAQ_@oAH?	46	7ffffffffeff
N??CA?oI?gSAQ_@o@H?	46	3fffffffffff
N??CA?oI?gSA`_QOHO?	46	2ffdeff7fe70fccc
N??CA?oI?gSA`_QOGS?	46	3effffffffb7e
N??CA?oI?gSA`_QOI@?	46	3fffffffe6eff
N??CA?oI?gSA`_QOGP?	46	3fffffffffff
N??CA?oI?gSAD_QOX??	46	1ffffff7efffd
N??CA?oI?gSAD_QOH_?	46	fffffffdff7f
N??CA?oI?gSAD_QOHO?	46	7fffffffff7f
N??CA?oI?gSAD_QOGo?	46	ffffffff7ffd
N??CA?oI?gSAD_QOGW?	46	7ffffffffffd
N??CA?oI?gSAD_QOWC?	46	3fffffffffff
N??CA?oI?gSAD_QOGc?	46	3fffffffffff
N??CA?oI?gSAD_QOH@?	46	fffffffe7fff
N??CA?oI?gSAD_QOGP?	46	fffffffffefb
N??CA?oI?gSAD_QOGD?	46	3fffffffffff
N??CA?oI?gSAB_POX??	46	3fffffff0ffff
N??CA?oI?gSAB_POWO?	46	3fffffff0ffff
N??CA?oI?gSAB_POIO?	46	7ffffffffffd
N??CA?oI?gSAB_POHO?	46	3ffffffe97fff
N??CA?oI?gSAB_POGW?	46	fffffffe97e7f
N??CA?oI?gSAB_POWC?	46	3fffffffffff
N??CA?oI?gSAB_POIC?	46	7ffffffffffe
N??CA?oI?gSAB_POHC?	46	3fffffffffff
N??CA?oI?gSAB_POW@?	46	3fffffffffff
N??CA?oI?gSAB_POI@?	46	3fffffffef7fa
N??CA?oI?gSAB_POGP?	46	fffffffffe7f
N??CA?oI?gSAB_POGD?	46	7fffffffff7f
N??CA?oI?gSAB_OoI_?	46	7ffffffffffd
N??CA?oI?gSAB_OoHC?	46	1ffffffffb7fe
N??CA?oI?gSAB_OoW@?	46	3fffffffffff
N??CA?oI?gSAB_OoI@?	46	fffffffdfffb
N??CA?oI?gSAB_OoG`?	46	fffffffffe7f
N??CA?oI?gSAoOB_HO?	46	2ffdeff7fe70fccc
N??CA?oI?gSAoOB_Go?	46	3fffffff0ffff
N??CA?oI?gSAoOB_HG?	46	2ffdeff7fe70fccc
N??CA?oI?gSAoOB_HC?	46	3ffffffffffcc
N??CA?oI?gSAoOB_I@?	46	fffffffefffe
N??CA?oI?gSASOB_X??	46	fffffffdf7ff
N??CA?oI?gSASOB_W_?	46	7ffffffdffff
N??CA?oI?gSASOB_H_?	46	7ffffffdffff
N??CA?oI?gSASOB_HO?	46	fffffffdff7f
N??CA?oI?gSASOB_Go?	46	fffffffdfffd
N??CA?oI?gSASOB_HG?	46	3fffffffffff
N??CA?oI?gSASOB_Gg?	46	3fffffffeeffc
N??CA?oI?gSASOB_GW?	46	7ffffffffffd
N??CA?oI?gSASOB_WC?	46	ffffffffff7e
N??CA?oI?gSASOB_HC?	46	3fffffffffff
N??CA?oI?gSASOB_Gc?	46	7ffffffffffe
N??CA?oI?gSASOB_GS?	46	3fffffffffff
N??CA?oI?gSASOB_H@?	46	3fffffffffff
N??CA?oI?gSASOB_GP?	46	7ffffffffffb
N??CA?oI?gSASOB_GH?	46	3ffffffffe7f9
N??CA?oI?gSASOB_GD?	46	3ffffffffe7f9
N??CA?oI?gSAQOP_AW?	46	7ffffffffffd
N??CA?oI?gSAQOP_Ac?	46	3fffffffcfefb
N??CA?oI?gSAQOP_Q@?	46	ffffffffe7ff
N??CA?oI?gSAQOP_B@?	46	fffffffef7ff
N??CA?oI?gSAQOP_A`?	46	3fffffffcfefb
N??CA?oI?gSAQOP_AP?	46	fffffffffefb
N??CA?oI?gSAQOP_@P?	46	3fffffffffff
N??CA?oI?gSAQOP_AH?	46	ffffffffeffb
N??CA?oI?gSAQOP_AD?	46	3fffffffdef7e
N??CA?oI?gSAQOB_Y??	46	3fffffffffff
N??CA?oI?gSAQOB_I_?	46	3fffffffffff
N??CA?oI?gSAQOB_IO?	46	3fffffffffff
N??CA?oI?gSAQOB_Go?	46	3ffffffe97fff
N??CA?oI?gSAQOB_WC?	46	3ffffffffffcc
N??CA?oI?gSAQOB_IC?	46	3fffffffffff
N??CA?oI?gSAQOB_Gc?	46	3fffffffffff
N??CA?oI?gSAQOB_GS?	46	1ffffffffb7fe
N??CA?oI?gSAQOB_W@?	46	3fffffffffff
N??CA?oI?gSAQOB_I@?	46	7ffffffeffff
N??CA?oI?gSAQOB_GP?	46	3fffffffffff
N??CA?oI?gSAQOB_GD?	46	3fffffffffff
N??CA?oI?gSAPOQ_Ao?	46	7ffffffffffd
N??CA?oI?gSAPOQ_BG?	46	3fffffffffff
N??CA?oI?gSAPOQ_AW?	46	7ffffffffffd
N??CA?oI?gSAPOQ_@W?	46	3faeffff75e937d2
N??CA?oI?gSAPOQ_Ac?	46	3fffffffef7fa
N??CA?oI?gSAPOQ_AK?	46	7ffffffffffd
N??CA?oI?gSAPOQ_?k?	46	7fffffffff7f
N??CA?oI?gSAPOQ_P@?	46	3fffffffffff
N??CA?oI?gSAPOQ_B@?	46	3fffffffffff
N??CA?oI?gSAPOQ_AP?	46	7ffffffffffb
N??CA?oI?gSAPOQ_AH?	46	3ffffffffe7f9
N??CA?oI?gSAPOQ_AD?	46	3fffffffeeffc
N??CA?oI?gSAPOQ_@D?	46	3fffffffffff
N??CA?oI?gSAPOQ_?d?	46	3fffffffdef7e
N??CA?oI?gSAOoP_B@?	46	fefffffffecfa
N??CA?oI?gSAQG@oX??	46	ffffffffff74c
N??CA?oI?gSAQG@oQ_?	46	3fffffffffff
N??CA?oI?gSAQG@oI_?	46	3fffffffffff
N??CA?oI?gSAQG@oB_?	46	3fffffffffff
N??CA?oI?gSAQG@oHO?	46	1ffffffffb7fe
N??CA?oI?gSAQG@oBO?	46	3fffffffffff
N??CA?oI?gSAQG@oOo?	46	3fffffffffff
N??CA?oI?gSAQG@oGo?	46	3fffffffffff
N??CA?oI?gSAQG@oAo?	46	3fffffffffff
N??CA?oI?gSAQG@o@o?	46	3fffffffffff
N??CA?oI?gSAQG@oPG?	46	1ffffffffb7fe
N??CA?oI?gSAQG@oHG?	46	1ffffffffb7fe
N??CA?oI?gSAQG@oBG?	46	3fffffffffff
N??CA?oI?gSAQG@oOg?	46	3fffffffffff
N??CA?oI?gSAQG@oAg?	46	3fffffffffff
N??CA?oI?gSAQG@o@g?	46	3fffffffffff
N??CA?oI?gSAQG@oOW?	46	1ffffeffff7fd
N??CA?oI?gSAQG@o@W?	46	3ffdf7ffff77f
N??CA?oI?gSAQG@oQ@?	46	fffffffdf7ff
N??CA?oI?gSAQG@oI@?	46	fffffffdefff
N??CA?oI?gSAQG@oA`?	46	3fffffffffff
N??CA?oI?gSAQG@o@`?	46	3fffffffffff
N??CA?oI?gSAQG@oAH?	46	3fffffffffff
N??CA?oI?gSAQG@o@H?	46	3fffffffffff
N??CA?oI?gSAPGAoX??	46	3ffffffffffcc
N??CA?oI?gSAPGAoW_?	46	7ffffffff7ff
N??CA?oI?gSAPGAoQ_?	46	ffffffffe7ff
N??CA?oI?gSAPGAoI_?	46	3fffffffef7fa
N??CA?oI?gSAPGAoB_?	46	3fffffffffff
N??CA?oI?gSAPGAoWO?	46	3effffffffb7e
N??CA?oI?gSAPGAoPO?	46	3fdffffffb7fe
N??CA?oI?gSAPGAoHO?	46	1ffffffffb7fe
N??CA?oI?gSAPGAoOo?	46	3fffffffffff
N??CA?oI?gSAPGAoAo?	46	3fffffffffff
N??CA?oI?gSAPGAo@o?	46	3fffffffffff
N??CA?oI?gSAPGAoPG?	46	3fdffffffb7fe
N??CA?oI?gSAPGAoAg?	46	7fffffffff7f
N??CA?oI?gSAPGAo@g?	46	3fffffffffff
N??CA?oI?gSAPGAo@W?	46	7ff9f7ffff77f
N??CA?oI?gSAPGAoI@?	46	3fffffffeeffc
N??CA?oI?gSAPGAoH@?	46	3fffffffffff
N??CA?oI?gSAPGAoG`?	46	3fffffffdef7e
N??CA?oI?gSAPGAoA`?	46	3fffffffdef7e
N??CA?oI?gSAPGAo@`?	46	3fffffffffff
N??CA?oI?gSAPGAoAH?	46	7ffffffffeff
N??CA?oI?gSAPGAo@H?	46	3fffffffffff
N??CA?oI?gSAPGAo?h?	46	7fffffff7fff
N??CA?oI?gSABGOoX??	46	3ffffffffffcc
N??CA?oI?gSABGOoW_?	46	3fffffffffff
N??CA?oI?gSABGOoI_?	46	3bfffffbf7ffd
N??CA?oI?gSABGOoIO?	46	3fffffffffff
N??CA?oI?gSABGOoHO?	46	1ffffffffb7fe
N??CA?oI?gSABGOoIG?	46	3fffffffffff
N??CA?oI?gSABGOoI@?	46	2ffeffffffefb
N??CA?oI?gSAOgBOY??	46	ffffffffff7d
N??CA?oI?gSAOgBOX??	46	3ffffffffffcc
N??CA?oI?gSAOgBOW_?	46	3fffffffffff
N??CA?oI?gSAOgBOQ_?	46	3fffffffffff
N??CA?oI?gSAOgBOI_?	46	3fffffffffff
N??CA?oI?gSAOgBOB_?	46	3fffffffffff
N??CA?oI?gSAOgBOWO?	46	feffffffff37c
N??CA?oI?gSAOgBOHO?	46	1ffffffffb7fe
N??CA?oI?gSAOgBOOo?	46	3fffffffffff
N??CA?oI?gSAOgBOAo?	46	3fffffffffff
N??CA?oI?gSAOgBOPG?	46	1ffffffffb7fe
N??CA?oI?gSAOgBOAg?	46	3fffffffffff
N??CA?oI?gSAOgBOAW?	46	3fffffffffff
N??CA?oI?gSAOgBO@W?	46	3ffdf7ffff77f
N??CA?oI?gSAOgBO?w?	46	3fffffffffff
N??CA?oI?gSAOgBOW@?	46	7fffffffefff
N??CA?oI?gSAOgBOQ@?	46	ffffffffe7ff
N??CA?oI?gSAOgBOI@?	46	7fffffffefff
N??CA?oI?gSAOgBOH@?	46	3fffffffffff
N??CA?oI?gSAOgBOG`?	46	3fffffffffff
N??CA?oI?gSAOgBOAH?	46	3fffffffffff
N??CA?oI?gSAAgPOX??	46	3defbfffdea94fcc
N??CA?oI?gSAAgPOW_?	46	3bffbffffff7d
N??CA?oI?gSAAgPOH_?	46	1ffffeffff7fd
N??CA?oI?gSAAgPOHO?	46	3fefedefe76634fe
N??CA?oI?gSAAgPOGo?	46	1ffffeffff7fd
N??CA?oI?gSAAgPOH@?	46	3fffffffffff
N??CA?oI?gSA@gQOX??	46	3ffffffffffcc
N??CA?oI?gSA@gQOJ??	46	3fffffffffff
N??CA?oI?gSA@gQOW_?	46	3fffffffffff
N??CA?oI?gSA@gQOI_?	46	3fffffffffff
N??CA?oI?gSA@gQOH_?	46	3fffffffffff
N??CA?oI?gSA@gQOHO?	46	1ffffffffb7fe
N??CA?oI?gSA@gQOI@?	46	3fffffffffff
N??CA?oI?gSAOWB_Y??	46	ffffffffff7e
N??CA?oI?gSAOWB_X??	46	3ffffffffffcc
N??CA?oI?gSAOWB_W_?	46	3fffffffffff
N??CA?oI?gSAOWB_I_?	46	7ffffffffffe
N??CA?oI?gSAOWB_H_?	46	3fffffffffff
N??CA?oI?gSAOWB_WO?	46	3effffffffb7e
N??CA?oI?gSAOWB_IO?	46	3fffffffffff
N??CA?oI?gSAOWB_HO?	46	1ffffffffb7fe
N??CA?oI?gSAOWB_Go?	46	3fffffffffff
N??CA?oI?gSAOWB_HG?	46	1ffffffffb7fe
N??CA?oI?gSAOWB_Gg?	46	7fffffffff7f
N??CA?oI?gSAOWB_I@?	46	3ffffffffe7f9
N??CA?oI?gSAQA@oX??	46	7ffffffff7ff
N??CA?oI?gSAQA@oB_?	46	3fffffffffff
N??CA?oI?gSAQA@oIO?	46	7ffffffffffb
N??CA?oI?gSAQA@oHO?	46	3fffffffffff
N??CA?oI?gSAQA@oOo?	46	3fffffffffff
N??CA?oI?gSAQA@oGo?	46	fffffffffe7f
N??CA?oI?gSAQA@oAo?	46	7ffffffffeff
N??CA?oI?gSAQA@oIG?	46	ffffffffeffb
N??CA?oI?gSAQA@oPG?	46	3fffffffffff
N??CA?oI?gSAQA@oBG?	46	3fffffffffff
N??CA?oI?gSAQA@oOg?	46	3fffffffffff
N??CA?oI?gSAQA@oAg?	46	ffffffffeeff
N??CA?oI?gSAQA@oAW?	46	7ffffffffeff
N??CA?oI?gSAQA@o@W?	46	3fffffffffff
N??CA?oI?gSAQA@o?w?	46	ffffffff7ffd
N??CA?oI?gSAQA@oWC?	46	7ffffffdffff
N??CA?oI?gSAQA@oIC?	46	fffffffdefff
N??CA?oI?gSAQA@oPC?	46	fffffffdf7ff
N??CA?oI?gSAQA@oHC?	46	fffffffdefff
N??CA?oI?gSAQA@oAc?	46	3fffffffffff
N??CA?oI?gSAQA@o@S?	46	3fffffffffff
N??CA?oI?gSAQA@oOK?	46	3fffffffffff
N??CA?oI?gSAQA@o@K?	46	3fffffffffff
N??CA?oI?gSAOaBOX??	46	3fffffffffff
N??CA?oI?gSAOaBOJ??	46	3fffffffffff
N??CA?oI?gSAOaBOW_?	46	3fffffffffff
N??CA?oI?gSAOaBOI_?	46	fffffffefffb
N??CA?oI?gSAOaBOB_?	46	3fffffffffff
N??CA?oI?gSAOaBOWO?	46	7ffffffff7ff
N??CA?oI?gSAOaBOIO?	46	fffffffff7fb
N??CA?oI?gSAOaBOHO?	46	3fffffffffff
N??CA?oI?gSAOaBOOo?	46	3fffffffffff
N??CA?oI?gSAOaBOGo?	46	fffffffffe7f
N??CA?oI?gSAOaBOAo?	46	7ffffffffeff
N??CA?oI?gSAOaBO@o?	46	3fffffffffff
N??CA?oI?gSAOaBOIG?	46	ffffffffeffb
N??CA?oI?gSAOaBOPG?	46	3fffffffffff
N??CA?oI?gSAOaBOBG?	46	3fffffffffff
N??CA?oI?gSAOaBOAg?	46	ffffffffeeff
N??CA?oI?gSAOaBOOW?	46	3fffffffffff
N??CA?oI?gSAOaBOGW?	46	fffffffffe7f
N??CA?oI?gSAOaBOAW?	46	7ffffffffeff
N??CA?oI?gSAOaBO@W?	46	3fffffffffff
N??CA?oI?gSAOaBO?w?	46	ffffffff7ffd
N??CA?oI?gSAOaBOWC?	46	7fffffffefff
N??CA?oI?gSAOaBOIC?	46	7fffffffefff
N??CA?oI?gSAOaBOPC?	46	3fffffffffff
N??CA?oI?gSAOaBOHC?	46	3fffffffffff
N??CA?oI?gSAOaBOGc?	46	3fffffffffff
N??CA?oI?gSAOaBOGS?	46	7ffffffdffff
N??CA?oI?gSAOaBO@S?	46	3fffffffffff
N??CA?oI?gSAOaBOOK?	46	3fffffffffff
N??CA?oI?gSAOaBOAK?	46	3fffffffffff
N??CA?oI?gSAOaBO@K?	46	3fffffffffff
N??CA?oI?gSAAaPOX??	46	3fffffffffff
N??CA?oI?gSAAaPOJ??	46	3fffffffffff
N??CA?oI?gSAAaPOW_?	46	3fffffffffff
N??CA?oI?gSAAaPOI_?	46	3fffffffef7fa
N??CA?oI?gSAAaPOIO?	46	7ffffffffffb
N??CA?oI?gSAAaPOHO?	46	3fffffffffff
N??CA?oI?gSAAaPOGo?	46	fffffffffe7f
N??CA?oI?gSAAaPOGW?	46	fffffffffe7f
N??CA?oI?gSAAaPOWC?	46	3fffffffffff
N??CA?oI?gSAAaPOIC?	46	7ffffffffffd
N??CA?oI?gSAAaPOHC?	46	3fffffffffff
N??CA?oI?gSA@aQOX??	46	3ffdbf739b7ee87d
N??CA?oI?gSA@aQOJ??	46	ffffffffe7fe1
N??CA?oI?gSA@aQOW_?	46	3fffffffffff
N??CA?oI?gSA@aQOI_?	46	3fffffffcfefb
N??CA?oI?gSA@aQOH_?	46	3fffffffe777f
N??CA?oI?gSA@aQOWO?	46	3ffffdefdefff
N??CA?oI?gSA@aQOIO?	46	fffffffffefb
N??CA?oI?gSA@aQOWC?	46	3bfffffbf7ffd
N??CA?oI?gSAOQB_Y??	46	7ffffffffffe
N??CA?oI?gSAOQB_X??	46	fffffffff7fd
N??CA?oI?gSAOQB_J??	46	3fffffffffff
N??CA?oI?gSAOQB_W_?	46	3fffffffffff
N??CA?oI?gSAOQB_I_?	46	3fffffffef7fa
N??CA?oI?gSAOQB_H_?	46	3fffffffffff
N??CA?oI?gSAOQB_WO?	46	fffffffff77f
N??CA?oI?gSAOQB_IO?	46	7ffffffffffb
N??CA?oI?gSAOQB_HO?	46	fffffffff77f
N??CA?oI?gSAOQB_Go?	46	fffffffffe7f
N??CA?oI?gSAOQB_GW?	46	fffffffffe7f
N??CA?oI?gSAOQB_WC?	46	fffffffff6ff
N??CA?oI?gSAOQB_HC?	46	7fffffffefff
N??CA?oI?gSAOQB_GS?	46	7ffffffeffff
N??CA?oI?gPAw?@oAo?	46	3fffffffffff
N??CA?oI?gPAw?@oHG?	46	2ffdeff7fe70fccc
N??CA?oI?gPAw?@oAg?	46	3fffffffffff
N??CA?oI?gPAw?@o@g?	46	3ffffffe97fff
N??CA?oI?gPAw?@oAc?	46	fffffffdefff
N??CA?oI?gPAw?@o@c?	46	3fffffffffff
N??CA?oI?gPAw?@o@K?	46	1ffffffffb7fe
N??CA?oI?gPAw?@oI@?	46	7ffffffff7ff
N??CA?oI?gPAw?@oB@?	46	ffffffffe7ff
N??CA?oI?gPAw?@oA`?	46	fffffffdefff
N??CA?oI?gPAw?@oAP?	46	3fffffffffff
N??CA?oI?gPAw?@oAH?	46	3fffffffffff
N??CA?oI?gPAw?@o@H?	46	3fffffffffff
N??CA?oI?gPAw?@o?h?	46	ffffffffff7d
N??CA?oI?gPAw?@oGD?	46	7ffffffdffff
N??CA?oI?gPAw?@oAD?	46	fffffffdf7ff
N??CA?oI?gPAw?@o?d?	46	fffffffef7ff
N??CA?oI?gPAq?@oE_?	46	7ffffffffffe
N??CA?oI?gPAq?@oCo?	46	3ffffffe97fff
N??CA?oI?gPAq?@oEG?	46	3fffffffffff
N??CA?oI?gPAq?@oAg?	46	fffffffffefe
N??CA?oI?gPAq?@oAW?	46	3fffffffffff
N??CA?oI?gPAq?@oCc?	46	7fffffffff7f
N??CA?oI?gPAq?@oAc?	46	3fffffffdef7e
N??CA?oI?gPAq?@oGS?	46	1ffffffffb7fe
N??CA?oI?gPAq?@oCK?	46	1ffffffffb7fe
N??CA?oI?gPAq?@oAK?	46	7ffffffffffd
N??CA?oI?gPAq?@oE@?	46	3ffffffffe67f
N??CA?oI?gPAq?@oC`?	46	7fffffffff7f
N??CA?oI?gPAq?@oA`?	46	3fffffffdef7e
N??CA?oI?gPAq?@oCP?	46	3fffffffffff
N??CA?oI?gPAq?@oCH?	46	3fffffffffff
N??CA?oI?gPAq?@oAH?	46	ffffffffff7d
N??CA?oI?gPAq?@o?h?	46	7ffffffffb77c
N??CA?oI?gPAp?@oEO?	46	3fffffffffff
N??CA?oI?gPAp?@oEG?	46	3fffffffffff
N??CA?oI?gPAp?@oBG?	46	3fffffffffff
N??CA?oI?gPAp?@oGW?	46	3faeffff75e937d2
N??CA?oI?gPAp?@oEC?	46	3fffffffffff
N??CA?oI?gPAp?@oAS?	46	3fffffffffff
N??CA?oI?gPAp?@oCK?	46	3fffffffffff
N??CA?oI?gPAp?@oAK?	46	3fffffffffff
N??CA?oI?gPAp?@oE@?	46	3fffffffffff
N??CA?oI?gPAp?@oD@?	46	3fffffffffff
N??CA?oI?gPAp?@oB@?	46	3fffffffffff
N??CA?oI?gPAp?@oCD?	46	3fffffffffff
N??CA?oI?gPAp?@oAD?	46	3fffffffffff
N??CA?oI?gPAX?Oo@o?	46	3ffffffe97fff
N??CA?oI?gPAX?OoOg?	46	3fffffff0ffff
N??CA?oI?gPAX?OoQC?	46	3fffffffffff
N??CA?oI?gPAX?Oo@c?	46	3bfffffbf7ffd
N??CA?oI?gPAX?OoQ@?	46	3fffffffffff
N??CA?oI?gPAX?OoB@?	46	3bfffffbf7ffd
N??CA?oI?gPAX?@oX??	46	3fffffff0ffff
N??CA?oI?gPAX?@oHO?	46	3ffffffe97fff
N??CA?oI?gPAX?@oWG?	46	3fffffff0ffff
N??CA?oI?gPAX?@oQG?	46	3fffffffffff
N??CA?oI?gPAX?@oPG?	46	3ffffffe97fff
N??CA?oI?gPAX?@oGW?	46	3ffffffe97fff
N??CA?oI?gPAX?@oWC?	46	3fffffffffff
N??CA?oI?gPAX?@oQC?	46	3fffffffffff
N??CA?oI?gPAX?@oBC?	46	3fffffffffff
N??CA?oI?gPAX?@oGS?	46	3fffffffffff
N??CA?oI?gPAX?@oAS?	46	3fffffffffff
N??CA?oI?gPAX?@o@S?	46	3fffffffffff
N??CA?oI?gPAX?@oOK?	46	3fffffffffff
N??CA?oI?gPAX?@oGK?	46	3ffff7dfdf7ff
N??CA?oI?gPAX?@oAK?	46	3ffff7dfdf7ff
N??CA?oI?gPAX?@oW@?	46	3fffffffffff
N??CA?oI?gPAX?@oQ@?	46	3fffffffffff
N??CA?oI?gPAX?@oI@?	46	3ffffffff87ff
N??CA?oI?gPAX?@oGP?	46	3fffffffffff
N??CA?oI?gPAX?@oAP?	46	3fffffffffff
N??CA?oI?gPAX?@o@P?	46	3fffffffffff
N??CA?oI?gPAX?@oOH?	46	3fffffffffff
N??CA?oI?gPAX?@oAH?	46	3ffff7dfdf7ff
N??CA?oI?gPAX?@oOD?	46	3fffffffffff
N??CA?oI?gPAX?@oGD?	46	3ffff7dfdf7ff
N??CA?oI?gPAX?@oAD?	46	3ffff7dfdf7ff
N??CA?oI?gPAX?@o@D?	46	3fffffffffff
N??CA?oI?gPAX?@o?T?	46	3fffffffffff
N??CA?oI?gPAX?@o?L?	46	3fffffff0ffff
N??CA?oI?gPAX??wY??	46	3fffffffffff
N??CA?oI?gPAX??wX??	46	3ffffffffffcc
N??CA?oI?gPAX??wW_?	46	3fffffffffff
N??CA?oI?gPAX??wQ_?	46	3fffffffffff
N??CA?oI?gPAX??wI_?	46	3ffffffff87ff
N??CA?oI?gPAX??wB_?	46	3fffffffffff
N??CA?oI?gPAX??wIO?	46	3fffffffffff
N??CA?oI?gPAX??wHO?	46	1ffffffffb7fe
N??CA?oI?gPAX??wGo?	46	3fffffffffff
N??CA?oI?gPAX??wAo?	46	3fffffffffff
N??CA?oI?gPAX??w@o?	46	3fffffffffff
N??CA?oI?gPAX??wWG?	46	3effffffffb7e
N??CA?oI?gPAX??wQG?	46	3fffffffffff
N??CA?oI?gPAX??wPG?	46	1ffffffffb7fe
N??CA?oI?gPAX??wOg?	46	3fffffffffff
N??CA?oI?gPAX??wGg?	46	3ffff7dfdf7ff
N??CA?oI?gPAX??wAg?	46	3ffff7dfdf7ff
N??CA?oI?gPAX??w@W?	46	3ffdf7ffff77f
N??CA?oI?gPAX??w?w?	46	3fffffffffff
N??CA?oI?gPAX??wQ@?	46	3fffffffffff
N??CA?oI?gPAX??wI@?	46	3ffffef7ef7ff
N??CA?oI?gPAX??wAP?	46	3fffffffffff
N??CA?oI?gPAX??w@P?	46	3fffffffffff
N??CA?oI?gPAX??w?p?	46	3fffffffffff
N??CA?oI?gPAX??wOH?	46	3fffffffffff
N??CA?oI?gPAX??wAH?	46	3ffffdefdefff
N??CA?oI?gPAX??w@H?	46	3fffffffffff
N??CA?oI?gPAX??qY??	46	3fffffffffff
N??CA?oI?gPAX??qX??	46	3fffffffffff
N??CA?oI?gPAX??qR??	46	3fffffffffff
N??CA?oI?gPAX??qJ??	46	3fffffffffff
N??CA?oI?gPAX??qW_?	46	3fffffffffff
N??CA?oI?gPAX??qQ_?	46	3fffffffffff
N??CA?oI?gPAX??qI_?	46	3ffffffff87ff
N??CA?oI?gPAX??qB_?	46	3fffffffffff
N??CA?oI?gPAX??qQO?	46	3fffffffffff
N??CA?oI?gPAX??qIO?	46	3fffffffffff
N??CA?oI?gPAX??qHO?	46	3fffffffffff
N??CA?oI?gPAX??qGo?	46	3fffffffffff
N??CA?oI?gPAX??qAo?	46	3fffffffffff
N??CA?oI?gPAX??qQG?	46	3fffffffffff
N??CA?oI?gPAX??qPG?	46	3fffffffffff
N??CA?oI?gPAX??qBG?	46	3fffffffffff
N??CA?oI?gPAX??qOg?	46	3fffffffffff
N??CA?oI?gPAX??qGg?	46	3ffff7dfdf7ff
N??CA?oI?gPAX??qAg?	46	3ffff7dfdf7ff
N??CA?oI?gPAX??qAW?	46	3fffffffffff
N??CA?oI?gPAX??q@W?	46	3fffffffffff
N??CA?oI?gPAX??q?w?	46	3fffffffffff
N??CA?oI?gPAX??qWC?	46	3fffffffffff
N??CA?oI?gPAX??qPC?	46	3fffffffffff
N??CA?oI?gPAX??qHC?	46	3fffffffffff
N??CA?oI?gPAX??qBC?	46	3fffffffffff
N??CA?oI?gPAX??qGS?	46	3fffffffffff
N??CA?oI?gPAX??q@S?	46	3fffffffffff
N??CA?oI?gPAX??q?s?	46	3fffffffffff
N??CA?oI?gPAX??qOK?	46	3fffffffffff
N??CA?oI?gPAX??qAK?	46	3ffffdefdefff
N??CA?oI?gPAX??q@K?	46	3fffffffffff
N??CA?oI?gPAX??q?[?	46	3fffffffffff
N??CA?oI?gPAR?OoU??	46	3fffffffffff
N??CA?oI?gPAR?OoS_?	46	3fffffff0ffff
N??CA?oI?gPAR?OoEO?	46	3fffffffffff
N??CA?oI?gPAR?OoCo?	46	3ffffffe97fff
N??CA?oI?gPAR?OoAo?	46	3fffffffffff
N??CA?oI?gPAR?OoCg?	46	3ffffffe97fff
N??CA?oI?gPAR?OoCc?	46	3bfffffbf7ffd
N??CA?oI?gPAR?OoAc?	46	3bfffffbf7ffd
N??CA?oI?gPAR?OoCS?	46	1ffffffffb7fe
N??CA?oI?gPAR?OoQ@?	46	3fffffffffff
N??CA?oI?gPAR?OoE@?	46	7bffdffbf7ffd
N??CA?oI?gPAR?OoO`?	46	3ffffffffffcc
N??CA?oI?gPAR?OoC`?	46	3bfffffbf7ffd
N??CA?oI?gPAR?OoAP?	46	3fffffffffff
N??CA?oI?gPAR?Oo?p?	46	1ffffffffb7fe
N??CA?oI?gPAR?Oo?h?	46	1ffffffffb7fe
N??CA?oI?gPAR?OoAD?	46	2ffeffffffefb
N??CA?oI?gPAR?Co[??	46	3fffffffffff
N??CA?oI?gPAR?CoW_?	46	3fffffffffff
N??CA?oI?gPAR?CoWO?	46	3fffffffffff
N??CA?oI?gPAR?CoKO?	46	3fffffffffff
N??CA?oI?gPAR?CoGo?	46	3fffffffffff
N??CA?oI?gPAR?CoCo?	46	3fffffffffff
N??CA?oI?gPAR?CoSG?	46	3fffffffffff
N??CA?oI?gPAR?CoOg?	46	3fffffffffff
N??CA?oI?gPAR?CoCg?	46	3fffffffffff
N??CA?oI?gPAR?CoGW?	46	3fffffffffff
N??CA?oI?gPAR?CoCW?	46	3fffffffffff
N??CA?oI?gPAR?Co?w?	46	3fffffffffff
N??CA?oI?gPAR?CoOS?	46	3fffffffffff
N??CA?oI?gPAR?CoGS?	46	3fffffffffff
N??CA?oI?gPAR?CoOK?	46	3fffffffffff
N??CA?oI?gPAR?Co?k?	46	3fffffffffff
N??CA?oI?gPAR?Co?[?	46	3fffffffffff
N??CA?oI?gPAR?CoOH?	46	3fffffffffff
N??CA?oI?gPAR?Co?X?	46	3fffffffffff
N??CA?oI?gPAR?@o[??	46	3fffffff0ffff
N??CA?oI?gPAR?@oY??	46	3fffffffffff
N??CA?oI?gPAR?@oU??	46	3fffffffffff
N??CA?oI?gPAR?@oSO?	46	3ffffffe97fff
N??CA?oI?gPAR?@oKO?	46	3ffffffe97fff
N??CA?oI?gPAR?@oIO?	46	3fffffffffff
N??CA?oI?gPAR?@oEO?	46	3fffffffffff
N??CA?oI?gPAR?@oSG?	46	3ffffffe97fff
N??CA?oI?gPAR?@oQG?	46	3fffffffffff
N??CA?oI?gPAR?@oEG?	46	3fffffffffff
N??CA?oI?gPAR?@oOW?	46	3fefebfbbba64b7e
N??CA?oI?gPAR?@oGW?	46	3fefebfbbba64b7e
N??CA?oI?gPAR?@oWC?	46	3fffffffffff
N??CA?oI?gPAR?@oQC?	46	3fffffffffff
N??CA?oI?gPAR?@oIC?	46	3fffffffffff
N??CA?oI?gPAR?@oEC?	46	3fffffffffff
N??CA?oI?gPAR?@oGS?	46	3fffffffffff
N??CA?oI?gPAR?@oCS?	46	3fffffffffff
N??CA?oI?gPAR?@oAS?	46	3fffffffffff
N??CA?oI?gPAR?@oOK?	46	3fffffffffff
N??CA?oI?gPAR?@oCK?	46	3fffffffffff
N??CA?oI?gPAR?@oAK?	46	3fffffffffff
N??CA?oI?gPAR?@oW@?	46	3ffffffffffcc
N??CA?oI?gPAR?@oE@?	46	3fffffffffff
N??CA?oI?gPAR?@oGP?	46	1ffffffffb7fe
N??CA?oI?gPAR?@oCP?	46	3fffffffffff
N??CA?oI?gPAR?@oOH?	46	1ffffffffb7fe
N??CA?oI?gPAR?@oGH?	46	1ffffffffb7fe
N??CA?oI?gPAR?@oCH?	46	3fffffffffff
N??CA?oI?gPAR?@oGD?	46	3fffffffffff
N??CA?oI?gPAR?@oCD?	46	3fffffffffff
N??CA?oI?gPAR?@oAD?	46	3fffffffffff
N??CA?oI?gPAR?@o?L?	46	3fffffffffff
N??CA?oI?gPAR??w[??	46	3ffffffffffcc
N??CA?oI?gPAR??wY??	46	3fffffffffff
N??CA?oI?gPAR??wQ_?	46	3fffffffffff
N??CA?oI?gPAR??wI_?	46	3fffffffffff
N??CA?oI?gPAR??wE_?	46	3fffffffffff
N??CA?oI?gPAR??wWO?	46	1ffffffffb7fe
N??CA?oI?gPAR??wKO?	46	1ffffffffb7fe
N??CA?oI?gPAR??wGo?	46	3fffffffffff
N??CA?oI?gPAR??wCo?	46	3fffffffffff
N??CA?oI?gPAR??wAo?	46	3fffffffffff
N??CA?oI?gPAR??wSG?	46	1ffffffffb7fe
N??CA?oI?gPAR??wOg?	46	3fffffffffff
N??CA?oI?gPAR??wAg?	46	3fffffffffff
N??CA?oI?gPAR??wCW?	46	3ffdf7ffff77f
N??CA?oI?gPAR??wW@?	46	3fffffffffff
N??CA?oI?gPAR??wK@?	46	3fffffffffff
N??CA?oI?gPAR??wQ@?	46	3fffffffffff
N??CA?oI?gPAR??wO`?	46	3fffffffffff
N??CA?oI?gPAR??wG`?	46	3fffffffffff
N??CA?oI?gPAR??wCP?	46	3fffffffffff
N??CA?oI?gPAR??wAP?	46	3fffffffffff
N??CA?oI?gPAR??wOH?	46	3fffffffffff
N??CA?oI?gPAR??wCH?	46	3fffffffffff
N??CA?oI?gPAR??wAH?	46	3fffffffffff
N??CA?oI?gPAR??w?h?	46	3fffffffffff
N??CA?oI?gPAR??q[??	46	3fffffffffff
N??CA?oI?gPAR??qY??	46	3fffffffffff
N??CA?oI?gPAR??qU??	46	3fffffffffff
N??CA?oI?gPAR??qM??	46	3fffffffffff
N??CA?oI?gPAR??qW_?	46	3ffffffffffcc
N??CA?oI?gPAR??qE_?	46	3fffffffffff
N??CA?oI?gPAR??qKO?	46	3fffffffffff
N??CA?oI?gPAR??qQO?	46	3fffffffffff
N??CA?oI?gPAR??qIO?	46	3fffffffffff
N??CA?oI?gPAR??qEO?	46	3fffffffffff
N??CA?oI?gPAR??qGo?	46	1ffffffffb7fe
N??CA?oI?gPAR??qCo?	46	3fffffffffff
N??CA?oI?gPAR??qSG?	46	3fffffffffff
N??CA?oI?gPAR??qQG?	46	3fffffffffff
N??CA?oI?gPAR??qEG?	46	3fffffffffff
N??CA?oI?gPAR??qOg?	46	1ffffffffb7fe
N??CA?oI?gPAR??qCg?	46	3fffffffffff
N??CA?oI?gPAR??q?w?	46	3ffdf7ffff77f
N??CA?oI?gPAR??qSC?	46	3fffffffffff
N??CA?oI?gPAR??qKC?	46	3fffffffffff
N??CA?oI?gPAR??qQC?	46	3fffffffffff
N??CA?oI?gPAR??qCS?	46	3fffffffffff
N??CA?oI?gPAR??qAS?	46	3fffffffffff
N??CA?oI?gPAR??qOK?	46	3fffffffffff
N??CA?oI?gPAR??qCK?	46	3fffffffffff
N??CA?oI?gPAR??qAK?	46	3fffffffffff
N??CA?oI?gPAJ?OoY??	46	7fffffff7fff
N??CA?oI?gPAJ?OoW_?	46	3fffffff0ffff
N??CA?oI?gPAJ?OoIO?	46	3fffffffcff7d
N??CA?oI?gPAJ?OoGo?	46	3ffffffe97fff
N??CA?oI?gPAJ?OoI@?	46	fbfffffbe7ff9
N??CA?oI?gPAo_X?AH?	46	7ffffffeffff
N??CA?oI?gPAo_POE_?	46	3fffffffff87f
N??CA?oI?gPAo_POB_?	46	3fffffffffff
N??CA?oI?gPAo_POAc?	46	3ffdbf739b7ee87d
N??CA?oI?gPAo_POAK?	46	7fffaffbf7f7f
N??CA?oI?gPAo_POAD?	46	3ffe7fda37bf077b
N??CA?oI?gPAo_HOI_?	46	3fffffffffff
N??CA?oI?gPAo_HOH_?	46	3fffffff0ffff
N??CA?oI?gPAo_HOAo?	46	3fffffffffff
N??CA?oI?gPAo_HO@o?	46	3ffffffe97fff
N??CA?oI?gPAo_HO@W?	46	3faeffff75e937d2
N??CA?oI?gPAo_HOIC?	46	3fffffffffff
N??CA?oI?gPAo_HOAc?	46	3ff8ffe76cfdf6e1
N??CA?oI?gPAo_HO@c?	46	3ffff7dfdf7ff
N??CA?oI?gPAo_HOAK?	46	3ffffffffffd2
N??CA?oI?gPAo_HO?k?	46	3effffffffcfe
N??CA?oI?gPAo_HOI@?	46	3fffffffffff
N??CA?oI?gPAo_HOH@?	46	3fffffffffff
N??CA?oI?gPAo_HOB@?	46	3ffff7dfdf7ff
N??CA?oI?gPAo_HOG`?	46	3fffffffffff
N??CA?oI?gPAo_HOA`?	46	3ff8ffe76cfdf6e1
N??CA?oI?gPAo_HOAP?	46	3fffffffffff
N??CA?oI?gPAo_HOAH?	46	3ffffffffffd2
N??CA?oI?gPAo_HO@H?	46	3fffffffffff
N??CA?oI?gPAo_HOGD?	46	3fffffffffff
N??CA?oI?gPAo_HOAD?	46	37ff6fdff9f0fb52
N??CA?oI?gPAo_HO?d?	46	2ffdeff7fe70fccc
N??CA?oI?gPAo_DOL??	46	3ffdffdfdff7f
N??CA?oI?gPAo_DOK_?	46	3fffffffffff
N??CA?oI?gPAo_DOH_?	46	3fffffffffff
N??CA?oI?gPAo_DOD_?	46	3ffffffff87ff
N??CA?oI?gPAo_DOGo?	46	3ffffef7ef7ff
N??CA?oI?gPAo_DOCo?	46	3fffffffffff
N??CA?oI?gPAo_DOKG?	46	3fffffffffff
N??CA?oI?gPAo_DODG?	46	3fffffffffff
N??CA?oI?gPAo_DOGg?	46	3ffe7f8f6b7ef07b
N??CA?oI?gPAo_DOCg?	46	3ffffffffffe1
N??CA?oI?gPAo_DO@g?	46	3fffffffffff
N??CA?oI?gPAo_DOGW?	46	7fdffef7ef7ff
N??CA?oI?gPAo_DO@W?	46	7fbfbffbf7f7f
N??CA?oI?gPAo_DOGc?	46	3fffffffff87f
N??CA?oI?gPAo_DOCc?	46	3ff8ffe76cfdf6e1
N??CA?oI?gPAo_DO@c?	46	3ffff7dfdf7ff
N??CA?oI?gPAo_DO?s?	46	3fffffffffff
N??CA?oI?gPAo_DOGK?	46	3fffbffbf7f7f
N??CA?oI?gPAo_DO@K?	46	3fffffffffff
N??CA?oI?gPAo_DO?k?	46	2ffdeff7fe70fccc
N??CA?oI?gPAo_DO?h?	46	2ffdeff7fe70fccc
N??CA?oI?gPAo_BOM??	46	3fffffffffff
N??CA?oI?gPAo_BOK_?	46	3fffffff0ffff
N??CA?oI?gPAo_BOI_?	46	3fffffffffff
N??CA?oI?gPAo_BOE_?	46	3ffffffff87ff
N??CA?oI?gPAo_BOCo?	46	3ffffffe97fff
N??CA?oI?gPAo_BOEG?	46	3fffffffffff
N??CA?oI?gPAo_BOCg?	46	3ffffffe97fff
N??CA?oI?gPAo_BOAW?	46	3fffffffffff
N??CA?oI?gPAo_BOCc?	46	3ffff7dfdf7ff
N??CA?oI?gPAo_BOAc?	46	3ffff7dfdf7ff
N??CA?oI?gPAo_BOGS?	46	1ffffffffb7fe
N??CA?oI?gPAo_BO?[?	46	3ffdf7ffff77f
N??CA?oI?gPAo_BOK@?	46	3fffffffffff
N??CA?oI?gPAo_BOI@?	46	3fffffffffff
N??CA?oI?gPAo_BOE@?	46	3ffff7dfdf7ff
N??CA?oI?gPAo_BOG`?	46	3ffffffffffcc
N??CA?oI?gPAo_BOC`?	46	3ffff7dfdf7ff
N??CA?oI?gPAo_BOCP?	46	3fffffffffff
N??CA?oI?gPAo_BOAH?	46	3fffffffffff
N??CA?oI?gPAo_BO?T?	46	3fffffffffff
N??CA?oI?gPAo_@oM??	46	3fffffffffff
N??CA?oI?gPAo_@oI_?	46	3ffffef7ef7ff
N??CA?oI?gPAo_@oE_?	46	3fffffffffff
N??CA?oI?gPAo_@oD_?	46	3ffffffe97fff
N??CA?oI?gPAo_@oBG?	46	3fffffffffff
N??CA?oI?gPAo_@o@g?	46	3fefebfbbba64b7e
N??CA?oI?gPAo_@oIC?	46	3fffffffffff
N??CA?oI?gPAo_@oHC?	46	1ffffffffb7fe
N??CA?oI?gPAo_@oAc?	46	3fff7fefdfeff
N??CA?oI?gPAo_@oAK?	46	3fffffffffff
N??CA?oI?gPAo_@o@K?	46	3ffdf7ffff77f
N??CA?oI?gPAo_@oI@?	46	3ffffbbfeefff
N??CA?oI?gPAo_@oE@?	46	1ffffffffb7fe
N??CA?oI?gPAo_@oD@?	46	3fffffffffff
N??CA?oI?gPAo_@oGD?	46	3fffffffffff
N??CA?oI?gPAo_@oAD?	46	3ffdffdfdff7f
N??CA?oI?gPAo_@o@D?	46	3fffffffffff
N??CA?oI?gPAo_@WM??	46	3fffffffffff
N??CA?oI?gPAo_@WK_?	46	3fffffffffff
N??CA?oI?gPAo_@WI_?	46	3fffffffff87f
N??CA?oI?gPAo_@WE_?	46	3ff8ffe76cfdf6e1
N??CA?oI?gPAo_@WD_?	46	3ffff7dfdf7ff
N??CA?oI?gPAo_@WB_?	46	3ffff7dfdf7ff
N??CA?oI?gPAo_@WAo?	46	3fffffffffff
N??CA?oI?gPAo_@WEG?	46	3ffffffffffd2
N??CA?oI?gPAo_@WDG?	46	1ffffffffb7fe
N??CA?oI?gPAo_@WGW?	46	1ffffeffff7fd
N??CA?oI?gPAo_@W@W?	46	7ffde7ffff77f
N??CA?oI?gPAo_@WI@?	46	3fffbffbf7f7f
N??CA?oI?gPAo_@WE@?	46	37ff6fdff9f0fb52
N??CA?oI?gPAo_@WGP?	46	3fffffffffff
N??CA?oI?gPAo_@W@P?	46	3fffffffffff
N??CA?oI?gPAo_@WAH?	46	37ff6fdff9f0fb52
N??CA?oI?gPAo_@W?h?	46	3ff73fdb9cfdef61
N??CA?oI?gPAW_`OI_?	46	3fffffffffff
N??CA?oI?gPAW_`OH_?	46	3fffffff0ffff
N??CA?oI?gPAW_`OAo?	46	3fffffffffff
N??CA?oI?gPAW_`O@W?	46	3faeffff75e937d2
N??CA?oI?gPAW_`OAc?	46	3fffffffffff
N??CA?oI?gPAW_`OAK?	46	3fffffffffff
N??CA?oI?gPAW_`OI@?	46	3fffffffffff
N??CA?oI?gPAW_`OB@?	46	3fffffffffff
N??CA?oI?gPAW_`OG`?	46	3fffffffffff
N??CA?oI?gPAW_`OA`?	46	3fffffffffff
N??CA?oI?gPAW_`OAP?	46	3fffffffffff
N??CA?oI?gPAW_`OAH?	46	3fffffffffff
N??CA?oI?gPAW_`OAD?	46	3fffffffffff
N??CA?oI?gPAW_`O?d?	46	3fffffffffff
N??CA?oI?gPAW_`O?L?	46	3fffffffffff
N??CA?oI?gPAW_BOY??	46	3fffffffffff
N??CA?oI?gPAW_BOW_?	46	3fffffff0ffff
N??CA?oI?gPAW_BOQ_?	46	3fffffffffff
N??CA?oI?gPAW_BOI_?	46	3fffffffffff
N??CA?oI?gPAW_BOOo?	46	3ffffffe97fff
N??CA?oI?gPAW_BOAo?	46	3fffffffffff
N??CA?oI?gPAW_BOQG?	46	3fffffffffff
N??CA?oI?gPAW_BOIG?	46	3fffffffffff
N??CA?oI?gPAW_BOOg?	46	3ffffffe97fff
N??CA?oI?gPAW_BOGg?	46	3ffffffe97fff
N??CA?oI?gPAW_BOOW?	46	3faeffff75e937d2
N??CA?oI?gPAW_BOAW?	46	3fffffffffff
N??CA?oI?gPAW_BO?w?	46	3ffffffe67fff
N??CA?oI?gPAW_BOWC?	46	3ffffffffffcc
N??CA?oI?gPAW_BOGc?	46	3fffffffffff
N??CA?oI?gPAW_BOAc?	46	3fffffffffff
N??CA?oI?gPAW_BO?s?	46	3fffffffffff
N??CA?oI?gPAW_BOOK?	46	1ffffffffb7fe
N??CA?oI?gPAW_BO?[?	46	3ffdf7ffff77f
N??CA?oI?gPAW_BOW@?	46	3fffffffffff
N??CA?oI?gPAW_BOQ@?	46	3fffffffffff
N??CA?oI?gPAW_BOI@?	46	3fffffffffff
N??CA?oI?gPAW_BOG`?	46	3fffffffffff
N??CA?oI?gPAW_BOGP?	46	3fffffffffff
N??CA?oI?gPAW_BOAP?	46	3fffffffffff
N??CA?oI?gPAW_BO?p?	46	3fffffffffff
N??CA?oI?gPAW_BOOH?	46	3fffffffffff
N??CA?oI?gPAW_BOAH?	46	3fffffffffff
N??CA?oI?gPAW_BO?X?	46	3fffffffffff
N??CA?oI?gPAW_BOOD?	46	3fffffffffff
N??CA?oI?gPAW_BOGD?	46	3fffffffffff
N??CA?oI?gPAW_BO?d?	46	3fffffffffff
N??CA?oI?gPAW_BO?T?	46	3fffffffffff
N??CA?oI?gPAW_BO?L?	46	3fffffffffff
N??CA?oI?gPAW_@oQ_?	46	3fffffffffff
N??CA?oI?gPAW_@oP_?	46	3ffffffe97fff
N??CA?oI?gPAW_@oAc?	46	3fffffffffff
N??CA?oI?gPAW_@oQ@?	46	3fffffffffff
N??CA?oI?gPAW_@oI@?	46	3fffffffffff
N??CA?oI?gPAW_@oA`?	46	3fffffffffff
N??CA?oI?gPAW_@oAH?	46	3fffffffffff
N??CA?oI?gPAW_@o@H?	46	3fffffffffff
N??CA?oI?gPAW_@oAD?	46	3fffffffffff
N??CA?oI?gPAS_`OL??	46	3fffffffffff
N??CA?oI?gPAS_`OK_?	46	3fffffffffff
N??CA?oI?gPAS_`OH_?	46	3fffffffffff
N??CA?oI?gPAS_`OD_?	46	3fffffffffff
N??CA?oI?gPAS_`OKO?	46	3fffffffffff
N??CA?oI?gPAS_`OGo?	46	3ffffef7ef7ff
N??CA?oI?gPAS_`OCo?	46	3fffffffffff
N??CA?oI?gPAS_`ODG?	46	3fffffffffff
N??CA?oI?gPAS_`OCg?	46	3fffffffffff
N??CA?oI?gPAS_`OGW?	46	7fdffef7ef7ff
N??CA?oI?gPAS_`OCW?	46	3fffffffffff
N??CA?oI?gPAS_`O@W?	46	3fffffffffff
N??CA?oI?gPAS_`ODC?	46	3fffffffffff
N??CA?oI?gPAS_`OGc?	46	3fffffffffff
N??CA?oI?gPAS_`OCc?	46	3fffffffffff
N??CA?oI?gPAS_`O@c?	46	3fffffffffff
N??CA?oI?gPAS_`OGS?	46	3fffffffffff
N??CA?oI?gPAS_`O@S?	46	3fffffffffff
N??CA?oI?gPAS_`O?s?	46	3fffffffffff
N??CA?oI?gPAS_`OCK?	46	3fffffffffff
N??CA?oI?gPAS_`O@K?	46	3fffffffffff
N??CA?oI?gPAS_`O?[?	46	3fffffffffff
N??CA?oI?gPAS_`OK@?	46	3fffffffffff
N??CA?oI?gPAS_`OH@?	46	3fffffffffff
N??CA?oI?gPAS_`OD@?	46	3fffffffffff
N??CA?oI?gPAS_`OGP?	46	3ffffbbfeefff
N??CA?oI?gPAS_`OCP?	46	3fffffffffff
N??CA?oI?gPAS_`OCH?	46	3fffffffffff
N??CA?oI?gPAS_`O@H?	46	3fffffffffff
N??CA?oI?gPAS_`O?X?	46	3fff7fefdfeff
N??CA?oI?gPAS_`OCD?	46	3fffffffffff
N??CA?oI?gPAS_`O@D?	46	3fffffffffff
N??CA?oI?gPAS_`O?d?	46	3fffffffffff
N??CA?oI?gPAS_`O?T?	46	3fffffffffff
N??CA?oI?gPAS_`O?L?	46	3fffffffffff
N??CA?oI?gPAQ_`OM??	46	3fffffffffff
N??CA?oI?gPAQ_`OI_?	46	3fffffffffff
N??CA?oI?gPAQ_`OE_?	46	3fffffffffff
N??CA?oI?gPAQ_`OCo?	46	3ffffffe97fff
N??CA?oI?gPAQ_`OEG?	46	3fffffffffff
N??CA?oI?gPAQ_`OAW?	46	3fffffffffff
N??CA?oI?gPAQ_`O?w?	46	3fefebfbbba64b7e
N??CA?oI?gPAQ_`OAc?	46	3fffffffffff
N??CA?oI?gPAQ_`OGS?	46	1ffffffffb7fe
N??CA?oI?gPAQ_`OI@?	46	3fffffffffff
N??CA?oI?gPAQ_`OE@?	46	3fffffffffff
N??CA?oI?gPAQ_`OG`?	46	3ffffffffffcc
N??CA?oI?gPAQ_`OC`?	46	3fffffffffff
N??CA?oI?gPAQ_`OA`?	46	3fffffffffff
N??CA?oI?gPAQ_`OCP?	46	3fffffffffff
N??CA?oI?gPAQ_`OAH?	46	3fffffffffff
N??CA?oI?gPAQ_`OAD?	46	3fffffffffff
N??CA?oI?gPAQ_POU??	46	3ffffdefdefff
N??CA?oI?gPAQ_POQ_?	46	3fffffffffff
N??CA?oI?gPAQ_POE_?	46	3fffffffffff
N??CA?oI?gPAQ_POSG?	46	2ffdeff7fe70fccc
N??CA?oI?gPAQ_POCg?	46	3ffffffe97fff
N??CA?oI?gPAQ_POCW?	46	3faeffff75e937d2
N??CA?oI?gPAQ_POCc?	46	3fffffffffff
N??CA?oI?gPAQ_POAc?	46	1ffffeffff7fd
N??CA?oI?gPAQ_POAS?	46	3ffffffe67fff
N??CA?oI?gPAQ_POQ@?	46	3fffffffffff
N??CA?oI?gPAQ_POE@?	46	3ffffffe97fff
N??CA?oI?gPAQ_PO?h?	46	1ffffffffb7fe
N??CA?oI?gPAQ_POAD?	46	37ffffbfefffb
N??CA?oI?gPAQ_HOY??	46	3fffffffffff
N??CA?oI?gPAQ_HOW_?	46	3fffffff0ffff
N??CA?oI?gPAQ_HOQ_?	46	3fffffffffff
N??CA?oI?gPAQ_HOI_?	46	3fffffffffff
N??CA?oI?gPAQ_HOOo?	46	3ffffffe97fff
N??CA?oI?gPAQ_HOGo?	46	3ffffffe97fff
N??CA?oI?gPAQ_HOAo?	46	3fffffffffff
N??CA?oI?gPAQ_HOWG?	46	2ffdeff7fe70fccc
N??CA?oI?gPAQ_HOQG?	46	3fffffffffff
N??CA?oI?gPAQ_HOOg?	46	3ffffffe97fff
N??CA?oI?gPAQ_HOOW?	46	3faeffff75e937d2
N??CA?oI?gPAQ_HOAW?	46	3fffffffffff
N??CA?oI?gPAQ_HO?w?	46	3ffffffe67fff
N??CA?oI?gPAQ_HOWC?	46	3ffffffffffcc
N??CA?oI?gPAQ_HOGc?	46	3fffffffffff
N??CA?oI?gPAQ_HOAc?	46	77ffebfffeffb
N??CA?oI?gPAQ_HO?s?	46	3fffffffffff
N??CA?oI?gPAQ_HOOK?	46	1ffffffffb7fe
N??CA?oI?gPAQ_HOW@?	46	3fffffffffff
N??CA?oI?gPAQ_HOQ@?	46	3fffffffffff
N??CA?oI?gPAQ_HOI@?	46	3fffffffffff
N??CA?oI?gPAQ_HOA`?	46	77ffebfffeffb
N??CA?oI?gPAQ_HOAP?	46	3fffffffffff
N??CA?oI?gPAQ_HO?p?	46	3fffffffffff
N??CA?oI?gPAQ_HOOH?	46	3fffffffffff
N??CA?oI?gPAQ_HOAH?	46	3fffffffffff
N??CA?oI?gPAQ_HOOD?	46	3fffffffffff
N??CA?oI?gPAQ_HOGD?	46	3fffffffffff
N??CA?oI?gPAQ_HO?d?	46	3fdffffffb7fe
N??CA?oI?gPAQ_HO?T?	46	3fffffffffff
N??CA?oI?gPAQ_@oM??	46	3fffffffffff
N??CA?oI?gPAQ_@oS_?	46	3ffffffe97fff
N??CA?oI?gPAQ_@oE_?	46	3fffffffffff
N??CA?oI?gPAQ_@oQG?	46	3fffffffffff
N??CA?oI?gPAQ_@oWC?	46	1ffffffffb7fe
N??CA?oI?gPAQ_@oAc?	46	3fffffffffff
N??CA?oI?gPAQ_@oS@?	46	3fffffffffff
N??CA?oI?gPAQ_@oI@?	46	3fffffffffff
N??CA?oI?gPAQ_@oE@?	46	3fffffffffff
N??CA?oI?gPAQ_@oAH?	46	3fffffffffff
N??CA?oI?gPAQ_@oAD?	46	3fffffffffff
N??CA?oI?gPA`_WOI_?	46	fffffffdff7f
N??CA?oI?gPA`_WOH_?	46	3fffffff0ffff
N??CA?oI?gPA`_WOIO?	46	7fffffffff7f
N??CA?oI?gPA`_WOHO?	46	2ffdeff7fe70fccc
N??CA?oI?gPA`_WOHG?	46	2ffdeff7fe70fccc
N??CA?oI?gPA`_WOGg?	46	3fffffff0ffff
N??CA?oI?gPA`_WOHC?	46	2ffdeff7fe70fccc
N??CA?oI?gPA`_WOI@?	46	ffffffffe7fe1
N??CA?oI?gPA`_WOH@?	46	3fffffffffff
N??CA?oI?gPA`_QOM??	46	3ffffbbfeefff
N??CA?oI?gPA`_QOI_?	46	ffffffffeffe
N??CA?oI?gPA`_QOKO?	46	2ffdeff7fe70fccc
N??CA?oI?gPA`_QOGo?	46	3faeffff75e937d2
N??CA?oI?gPA`_QOI@?	46	3fffffffe777f
N??CA?oI?gPA`_QOG`?	46	ffffffffff74c
N??CA?oI?gPA`_QOGP?	46	3ffffffffffcc
N??CA?oI?gPA`_OWM??	46	3ff8ffe76cfdf6e1
N??CA?oI?gPA`_OWL??	46	2ffdeff7fe70fccc
N??CA?oI?gPA`_OWI_?	46	3fffffffff87f
N??CA?oI?gPA`_OWKO?	46	3effffffffb7e
N??CA?oI?gPA`_OWHO?	46	7ffffffffb77c
N??CA?oI?gPA`_OWGo?	46	3fffffffcff7d
N??CA?oI?gPA`_OWG`?	46	fbfffffbe7ff9
N??CA?oI?gPA`_OWGH?	46	3ffe7fda37bf077b
N??CA?oI?gPAH_oOI_?	46	7ffffffffffe
N??CA?oI?gPAH_oOHO?	46	2ffdeff7fe70fccc
N??CA?oI?gPAH_oOHC?	46	3ffffffffffcc
N??CA?oI?gPAH_oOI@?	46	fffffffeff7f
N??CA?oI?gPAH_oOG`?	46	7ffffffff7ff
N??CA?oI?gPAH_POY??	46	3fffffffffff
N??CA?oI?gPAH_POX??	46	3fffffff0ffff
N??CA?oI?gPAH_POWO?	46	3fffffff0ffff
N??CA?oI?gPAH_POHO?	46	3ffffffe97fff
N??CA?oI?gPAH_POWG?	46	3fffffff0ffff
N??CA?oI?gPAH_POGW?	46	3ffffffe97fff
N??CA?oI?gPAH_POWC?	46	3fffffffffff
N??CA?oI?gPAH_POIC?	46	3ffffffff87ff
N??CA?oI?gPAH_POHC?	46	3fffffffffff
N??CA?oI?gPAH_POGS?	46	3fffffffffff
N??CA?oI?gPAH_POGK?	46	3ffff7dfdf7ff
N??CA?oI?gPAH_POW@?	46	3fffffffffff
N??CA?oI?gPAH_POI@?	46	7fffeffff87ff
N??CA?oI?gPAH_POGP?	46	3fffffffffff
N??CA?oI?gPAH_POGD?	46	3ffff7dfdf7ff
N??CA?oI?gPAH_OoY??	46	3fffffffffff
N??CA?oI?gPAH_OoHC?	46	1ffffffffb7fe
N??CA?oI?gPAH_OoI@?	46	7ffffffdffff
N??CA?oI?gPAH_OWY??	46	3fffffffffff
N??CA?oI?gPAH_OWX??	46	3ffffffffffcc
N??CA?oI?gPAH_OWJ??	46	3fffffffffff
N??CA?oI?gPAH_OWW_?	46	3fffffffffff
N??CA?oI?gPAH_OWI_?	46	3ffffffff87ff
N??CA?oI?gPAH_OWH_?	46	3fffffffffff
N??CA?oI?gPAH_OWIO?	46	3fffffffffff
N??CA?oI?gPAH_OWHO?	46	1ffffffffb7fe
N??CA?oI?gPAH_OWGo?	46	3fffffffffff
N??CA?oI?gPAH_OWHG?	46	1ffffffffb7fe
N??CA?oI?gPAH_OWGW?	46	1ffffeffff7fd
N??CA?oI?gPAH_OWW@?	46	3fffffffffff
N??CA?oI?gPAH_OWI@?	46	7ffbfef7ef7ff
N??CA?oI?gPAH_OQY??	46	3fffffffffff
N??CA?oI?gPAH_OQX??	46	fffffffff7fd
N??CA?oI?gPAH_OQJ??	46	3fffffffffff
N??CA?oI?gPAH_OQW_?	46	3fffffffffff
N??CA?oI?gPAH_OQI_?	46	7fffeffff87ff
N??CA?oI?gPAH_OQH_?	46	3fffffffffff
N??CA?oI?gPAH_OQWO?	46	fffffffff77f
N??CA?oI?gPAH_OQIO?	46	3fffffffffff
N??CA?oI?gPAH_OQHO?	46	fffffffff77f
N??CA?oI?gPAH_OQGo?	46	3fffffffffff
N??CA?oI?gPAH_OQWG?	46	3fffffffffff
N??CA?oI?gPAH_OQGW?	46	3fffffffffff
N??CA?oI?gPAH_OQWC?	46	7ffffffffeff
N??CA?oI?gPAH_OQHC?	46	7fffffffefff
N??CA?oI?gPAH_OQGS?	46	7ffffffeffff
N??CA?oI?gPAD_oOL??	46	1ffffff7efffd
N??CA?oI?gPAD_oOK_?	46	7ffffffffffe
N??CA?oI?gPAD_oOH_?	46	3fffffffffff
N??CA?oI?gPAD_oOHO?	46	3ffff7dfdf7ff
N??CA?oI?gPAD_oOKG?	46	3ffff7dfdf7ff
N??CA?oI?gPAD_oOHG?	46	3ffff7dfdf7ff
N??CA?oI?gPAD_oOGg?	46	3ffffef7ef7ff
N??CA?oI?gPAD_oOKC?	46	7fffffffff7f
N??CA?oI?gPAD_oOHC?	46	3fffffffffff
N??CA?oI?gPAD_oOGc?	46	fffffffdf7ff
N??CA?oI?gPAD_oOGS?	46	3fffffffffff
N??CA?oI?gPAD_oOK@?	46	7fffffffff7f
N??CA?oI?gPAD_oOH@?	46	3fffffffffff
N??CA?oI?gPAD_oOGP?	46	3ffffbbfeefff
N??CA?oI?gPAD_oOGD?	46	fffffffcffff
N??CA?oI?gPAD_PO[??	46	3fffffffffff
N??CA?oI?gPAD_POX??	46	ffffffffeffe
N??CA?oI?gPAD_POL??	46	fffffffdff7f
N??CA?oI?gPAD_POKO?	46	3fffffffffff
N??CA?oI?gPAD_POHO?	46	3fffffffffff
N??CA?oI?gPAD_POKG?	46	3ffffffff87ff
N??CA?oI?gPAD_POHG?	46	3fffffffffff
N??CA?oI?gPAD_POWC?	46	3fffffffffff
N??CA?oI?gPAD_POHC?	46	3fffffffffff
N??CA?oI?gPAD_POK@?	46	3ffffffff87ff
N??CA?oI?gPAD_POGP?	46	3ff8ffe76cfdf6e1
N??CA?oI?gPAD_POGD?	46	3ff8ffe76cfdf6e1
N??CA?oI?gPAB_oOM??	46	3fffffffffff
N??CA?oI?gPAB_oOI_?	46	3fffffffffff
N??CA?oI?gPAB_oOKO?	46	2ffdeff7fe70fccc
N??CA?oI?gPAB_oOGo?	46	3faeffff75e937d2
N??CA?oI?gPAB_oOKC?	46	3ffffffffffcc
N??CA?oI?gPAB_oOIC?	46	ffffffff7f7f
N??CA?oI?gPAB_oOI@?	46	fffffffef7ff
N??CA?oI?gPAB_PO[??	46	3fffffff0ffff
N??CA?oI?gPAB_POY??	46	3fffffffffff
N??CA?oI?gPAB_POM??	46	7ffffffdffff
N??CA?oI?gPAB_POWO?	46	3faeffff75e937d2
N??CA?oI?gPAB_POKO?	46	3ffffffe97fff
N??CA?oI?gPAB_POIO?	46	3fffffffffff
N??CA?oI?gPAB_POWG?	46	3faeffff75e937d2
N??CA?oI?gPAB_POGW?	46	3fefebfbbba64b7e
N??CA?oI?gPAB_POWC?	46	3fffffffffff
N??CA?oI?gPAB_POKC?	46	7ffffffeffff
N??CA?oI?gPAB_POIC?	46	7ffffffeffff
N??CA?oI?gPAB_POGS?	46	3fffffffffff
N??CA?oI?gPAB_POW@?	46	3ffffffffffcc
N??CA?oI?gPAB_POI@?	46	1ffffeffff7fd
N??CA?oI?gPAB_POGP?	46	1ffffffffb7fe
N??CA?oI?gPAB_POGH?	46	1ffffffffb7fe
N??CA?oI?gPAB_POGD?	46	3fffffffffff
N??CA?oI?gPAB_Oo[??	46	2ffdeff7fe70fccc
N??CA?oI?gPAB_OoM??	46	3fffffffffff
N??CA?oI?gPAB_OoW_?	46	3faeffff75e937d2
N??CA?oI?gPAB_OoWC?	46	1ffffffffb7fe
N??CA?oI?gPAB_OoKC?	46	1ffffffffb7fe
N??CA?oI?gPAB_OW[??	46	3ffffffffffcc
N??CA?oI?gPAB_OWY??	46	3fffffffffff
N??CA?oI?gPAB_OWM??	46	5fffdeffff7fd
N??CA?oI?gPAB_OWW_?	46	ffffffffff7d
N??CA?oI?gPAB_OWK_?	46	3fffffffffff
N??CA?oI?gPAB_OWI_?	46	3fffffffffff
N??CA?oI?gPAB_OWWO?	46	7ffffffffb77c
N??CA?oI?gPAB_OWKO?	46	1ffffffffb7fe
N??CA?oI?gPAB_OWGo?	46	fffffffff7fd
N??CA?oI?gPAB_OWKG?	46	1ffffffffb7fe
N??CA?oI?gPAB_OWW@?	46	7ffffffffffb
N??CA?oI?gPAB_OWG`?	46	7fffffffefff
N??CA?oI?gPAB_OQ[??	46	fffffffff7fd
N??CA?oI?gPAB_OQY??	46	3fffffffffff
N??CA?oI?gPAB_OQM??	46	3fffffffffff
N??CA?oI?gPAB_OQW_?	46	3ffffffffffcc
N??CA?oI?gPAB_OQK_?	46	3fffffffffff
N??CA?oI?gPAB_OQI_?	46	1ffffeffff7fd
N??CA?oI?gPAB_OQWO?	46	ffffffffff74c
N??CA?oI?gPAB_OQKO?	46	fffffffff77f
N??CA?oI?gPAB_OQIO?	46	3fffffffffff
N??CA?oI?gPAB_OQGo?	46	1ffffffffb7fe
N??CA?oI?gPAB_OQWC?	46	7fffffffefff
N??CA?oI?gPAB_OQKC?	46	7fffffffefff
N??CA?oI?gPAB_OQIC?	46	1ffffffffb7fe
N??CA?oI?gPAoOP_E_?	46	7ffffffffffe
N??CA?oI?gPAoOP_B_?	46	3fffffffffff
N??CA?oI?gPAoOP_EG?	46	3fffffffffff
N??CA?oI?gPAoOP_Ag?	46	3ffffef7ef7ff
N??CA?oI?gPAoOP_Ac?	46	fffffbbfce7ff
N??CA?oI?gPAoOP_E@?	46	ffffffffff74c
N??CA?oI?gPAoOP_B@?	46	7ffffffff7ff
N??CA?oI?gPAoOP_AD?	46	ffffffffc87ff
N??CA?oI?gPAWOP_Q_?	46	7fffffffff7f
N??CA?oI?gPAWOP_B_?	46	3fffffffffff
N??CA?oI?gPAWOP_QG?	46	3fffffffffff
N??CA?oI?gPAWOP_Og?	46	3fffffff0ffff
N??CA?oI?gPAWOP_@g?	46	3ffffffe97fff
N??CA?oI?gPAWOP_@W?	46	3faeffff75e937d2
N??CA?oI?gPAWOP_?w?	46	3ffffffe97fff
N??CA?oI?gPAWOP_Ac?	46	ffffffffc87ff
N??CA?oI?gPAWOP_?k?	46	3ffff7dfdf7ff
N??CA?oI?gPAWOP_?[?	46	1ffffeffff7fd
N??CA?oI?gPAWOP_Q@?	46	ffffffff77ff
N??CA?oI?gPAWOP_B@?	46	fffffffef7ff
N??CA?oI?gPAWOP_O`?	46	fffffffef7ff
N??CA?oI?gPAWOP_A`?	46	ffffffffc87ff
N??CA?oI?gPAWOP_AP?	46	fffffffcffff
N??CA?oI?gPAWOP_@P?	46	3fffffffffff
N??CA?oI?gPAWOP_OH?	46	3fffffffffff
N??CA?oI?gPAWOP_AH?	46	3ffffef7ef7ff
N??CA?oI?gPAWOB_Y??	46	3fffffffffff
N??CA?oI?gPAWOB_W_?	46	3fffffff0ffff
N??CA?oI?gPAWOB_I_?	46	7ffffffdffff
N??CA?oI?gPAWOB_WO?	46	2ffdeff7fe70fccc
N??CA?oI?gPAWOB_IO?	46	3fffffffffff
N??CA?oI?gPAWOB_Go?	46	3ffffffe97fff
N??CA?oI?gPAWOB_Gg?	46	3ffffffe97fff
N??CA?oI?gPAWOB_GW?	46	3faeffff75e937d2
N??CA?oI?gPAWOB_WC?	46	3ffffffffffcc
N??CA?oI?gPAWOB_IC?	46	5fffdeffff7fd
N??CA?oI?gPAWOB_Gc?	46	3fffffffffff
N??CA?oI?gPAWOB_GS?	46	1ffffffffb7fe
N??CA?oI?gPAWOB_W@?	46	3fffffffffff
N??CA?oI?gPAWOB_I@?	46	7ffffffeffff
N??CA?oI?gPAWOB_G`?	46	7ffffffeffff
N??CA?oI?gPAWOB_GP?	46	3fffffffffff
N??CA?oI?gPAQOP_U??	46	fffffffff7fe
N??CA?oI?gPAQOP_Q_?	46	3fffffffffff
N??CA?oI?gPAQOP_E_?	46	7ffffffffffe
N??CA?oI?gPAQOP_Cg?	46	3ffffffe97fff
N??CA?oI?gPAQOP_Ac?	46	3fffffffcff7d
N??CA?oI?gPAQOP_AK?	46	3fffffffffff
N??CA?oI?gPAQOP_Q@?	46	7ffffffff7ff
N??CA?oI?gPAQOP_E@?	46	3fffffffe777f
N??CA?oI?gPAQOP_AP?	46	ffffffffff7d
N??CA?oI?gPAQOP_?h?	46	1ffffffffb7fe
N??CA?oI?gPAQOH_Y??	46	3fffffffffff
N??CA?oI?gPAQOH_W_?	46	3fffffff0ffff
N??CA?oI?gPAQOH_I_?	46	3fffffffffff
N??CA?oI?gPAQOH_WO?	46	2ffdeff7fe70fccc
N??CA?oI?gPAQOH_IO?	46	3fffffffffff
N??CA?oI?gPAQOH_Go?	46	3ffffffe97fff
N??CA?oI?gPAQOH_Gg?	46	3ffffffe97fff
N??CA?oI?gPAQOH_GW?	46	3faeffff75e937d2
N??CA?oI?gPAQOH_WC?	46	3ffffffffffcc
N??CA?oI?gPAQOH_IC?	46	3fffffffffff
N??CA?oI?gPAQOH_Gc?	46	3fffffffffff
N??CA?oI?gPAQOH_W@?	46	3fffffffffff
N??CA?oI?gPAQOH_I@?	46	7ffffffeffff
N??CA?oI?gPAQOH_G`?	46	3fffffffffff
N??CA?oI?gPAQOH_GD?	46	3fffffffffff
N??CA?oI?gPAQOD_[??	46	1ffffff7efffd
N??CA?oI?gPAQOD_W_?	46	3fffffffffff
N??CA?oI?gPAQOD_K_?	46	3fffffffffff
N??CA?oI?gPAQOD_KO?	46	3fffffffffff
N??CA?oI?gPAQOD_Go?	46	fffffffffefe
N??CA?oI?gPAQOD_Gc?	46	fffffffefffd
N??CA?oI?gPAPGGoY??	46	3fffffffffff
N??CA?oI?gPAPGGoX??	46	3ffffffffffcc
N??CA?oI?gPAPGGoW_?	46	3fffffffffff
N??CA?oI?gPAPGGoQ_?	46	3fffffffffff
N??CA?oI?gPAPGGoI_?	46	7fffeffff87ff
N??CA?oI?gPAPGGoB_?	46	3fffffffffff
N??CA?oI?gPAPGGoIO?	46	3fffffffffff
N??CA?oI?gPAPGGoHO?	46	1ffffffffb7fe
N??CA?oI?gPAPGGoGo?	46	3fffffffffff
N??CA?oI?gPAPGGoAo?	46	3fffffffffff
N??CA?oI?gPAPGGo@o?	46	3fffffffffff
N??CA?oI?gPAPGGoPG?	46	3fdffffffb7fe
N??CA?oI?gPAPGGoOg?	46	3fffffffffff
N??CA?oI?gPAPGGoAg?	46	3ffff7dfdf7ff
N??CA?oI?gPAPGGo@g?	46	3fffffffffff
N??CA?oI?gPAPGGo@W?	46	7ff9f7ffff77f
N??CA?oI?gPAPGGo?w?	46	3fffffffffff
N??CA?oI?gPAPGGoW@?	46	3fffffffffff
N??CA?oI?gPAPGGoQ@?	46	3fffffffffff
N??CA?oI?gPAPGGoI@?	46	7fdffef7ef7ff
N??CA?oI?gPAPGGoG`?	46	3ffff7dfdf7ff
N??CA?oI?gPAPGGoA`?	46	3ffff7dfdf7ff
N??CA?oI?gPAPGGoAP?	46	3fffffffffff
N??CA?oI?gPAPGGo@P?	46	3fffffffffff
N??CA?oI?gPAPGGoAH?	46	3ffffdefdefff
N??CA?oI?gPAPGGo@H?	46	3fffffffffff
N??CA?oI?gPAPGGo?h?	46	3fffffff0ffff
N??CA?oI?gPAPGCo[??	46	3fffffffffff
N??CA?oI?gPAPGCoX??	46	3fffffffffff
N??CA?oI?gPAPGCoW_?	46	3fffffffffff
N??CA?oI?gPAPGCoS_?	46	3fffffffffff
N??CA?oI?gPAPGCoK_?	46	3ffffffff87ff
N??CA?oI?gPAPGCoP_?	46	3fffffffffff
N??CA?oI?gPAPGCoD_?	46	3fffffffffff
N??CA?oI?gPAPGCoKO?	46	3fffffffffff
N??CA?oI?gPAPGCoDO?	46	3fffffffffff
N??CA?oI?gPAPGCoOo?	46	3fffffffffff
N??CA?oI?gPAPGCoGo?	46	3ffffffffffe1
N??CA?oI?gPAPGCoCo?	46	3fffffffffff
N??CA?oI?gPAPGCoSG?	46	3fffffffffff
N??CA?oI?gPAPGCoOg?	46	3fffffffffff
N??CA?oI?gPAPGCoCg?	46	3ffff7dfdf7ff
N??CA?oI?gPAPGCo@g?	46	3fffffffffff
N??CA?oI?gPAPGCoCW?	46	3fffffffffff
N??CA?oI?gPAPGCo@W?	46	3fffffffffff
N??CA?oI?gPAPGCo?w?	46	3effffffffcfe
N??CA?oI?gPAPGCoW@?	46	3fffffffffff
N??CA?oI?gPAPGCoS@?	46	3fffffffffff
N??CA?oI?gPAPGCoK@?	46	3ffffef7ef7ff
N??CA?oI?gPAPGCoP@?	46	3fffffffffff
N??CA?oI?gPAPGCoO`?	46	3fffffffffff
N??CA?oI?gPAPGCoGP?	46	3ffffffffffe1
N??CA?oI?gPAPGCoCP?	46	3fffffffffff
N??CA?oI?gPAPGCo@P?	46	3fffffffffff
N??CA?oI?gPAPGCoOH?	46	3fffffffffff
N??CA?oI?gPAPGCoCH?	46	3ffffdefdefff
N??CA?oI?gPAPGCo@H?	46	3fffffffffff
N??CA?oI?gPAPGCo?h?	46	2ffdeff7fe70fccc
N??CA?oI?gPAPGCo?X?	46	3effffffffcfe
N??CA?oI?gPAPGAo[??	46	3ffffffffffcc
N??CA?oI?gPAPGAoY??	46	3fffffffffff
N??CA?oI?gPAPGAoQ_?	46	3fffffffffff
N??CA?oI?gPAPGAoE_?	46	3ffffffe97fff
N??CA?oI?gPAPGAoKO?	46	1ffffffffb7fe
N??CA?oI?gPAPGAoCo?	46	3fffffffffff
N??CA?oI?gPAPGAoAo?	46	3fffffffffff
N??CA?oI?gPAPGAoSG?	46	3fdffffffb7fe
N??CA?oI?gPAPGAoOg?	46	3fffffffffff
N??CA?oI?gPAPGAoCg?	46	3fffffffffff
N??CA?oI?gPAPGAoAg?	46	3fffffffffff
N??CA?oI?gPAPGAoOW?	46	7ffde7ffff77f
N??CA?oI?gPAPGAoW@?	46	3fffffffffff
N??CA?oI?gPAPGAoQ@?	46	3fffffffffff
N??CA?oI?gPAPGAoG`?	46	37ffffbfefffb
N??CA?oI?gPAPGAoCP?	46	3fffffffffff
N??CA?oI?gPAPGAoAP?	46	3fffffffffff
N??CA?oI?gPAPGAoOH?	46	3fffffffffff
N??CA?oI?gPAPGAoCH?	46	3fffffffffff
N??CA?oI?gPAPGAoAH?	46	3fffffffffff
N??CA?oI?gPAPGAo?h?	46	3fffffffffff
N??CA?oI?gPAPG@o[??	46	3fffffffffff
N??CA?oI?gPAPG@oU??	46	3fffffffffff
N??CA?oI?gPAPG@oX??	46	3fffffffffff
N??CA?oI?gPAPG@oF??	46	3fffffffffff
N??CA?oI?gPAPG@oKO?	46	3fffffffffff
N??CA?oI?gPAPG@oQO?	46	3fffffffffff
N??CA?oI?gPAPG@oEO?	46	3fffffffffff
N??CA?oI?gPAPG@oHO?	46	3fffffffffff
N??CA?oI?gPAPG@oDO?	46	3fffffffffff
N??CA?oI?gPAPG@oSG?	46	3fffffffffff
N??CA?oI?gPAPG@oQG?	46	3fffffffffff
N??CA?oI?gPAPG@oEG?	46	3ffff7dfdf7ff
N??CA?oI?gPAPG@oPG?	46	3fffffffffff
N??CA?oI?gPAPG@oDG?	46	3fffffffffff
N??CA?oI?gPAPG@oBG?	46	3fffffffffff
N??CA?oI?gPAPG@oOW?	46	3fffffffffff
N??CA?oI?gPAPG@o@W?	46	3fffffffffff
N??CA?oI?gPAPG@oW@?	46	3fffffffffff
N??CA?oI?gPAPG@oQ@?	46	3fffffffffff
N??CA?oI?gPAPG@oP@?	46	3fffffffffff
N??CA?oI?gPAPG@oH@?	46	3fffffffffff
N??CA?oI?gPAPG@oGP?	46	3ffffffffffd2
N??CA?oI?gPAPG@oAP?	46	3effffffffcfe
N??CA?oI?gPAPG@oOH?	46	3fffffffffff
N??CA?oI?gPAPG@oCH?	46	3fffffff0ffff
N??CA?oI?gPAPG@oAH?	46	2ffdeff7fe70fccc
N??CA?oI?gPAPG@o@H?	46	3fffffffffff
N??CA?oI?gPAPG@o?X?	46	3effffffffb7e
N??CA?oI?gPAPG?q[??	46	3fffffffffff
N??CA?oI?gPAPG?qY??	46	3fffffffffff
N??CA?oI?gPAPG?qX??	46	3fffffffffff
N??CA?oI?gPAPG?qL??	46	3fffffffffff
N??CA?oI?gPAPG?qW_?	46	3fffffffffff
N??CA?oI?gPAPG?qQ_?	46	3fffffffffff
N??CA?oI?gPAPG?qH_?	46	3fffffffffff
N??CA?oI?gPAPG?qKO?	46	3fffffffffff
N??CA?oI?gPAPG?qIO?	46	3ffffffffffe1
N??CA?oI?gPAPG?qPO?	46	3fffffffffff
N??CA?oI?gPAPG?qDO?	46	3fffffffffff
N??CA?oI?gPAPG?qGo?	46	3ffffffffffd2
N??CA?oI?gPAPG?qAo?	46	3effffffffcfe
N??CA?oI?gPAPG?qSG?	46	3fffffffffff
N??CA?oI?gPAPG?qEG?	46	3ffffdefdefff
N??CA?oI?gPAPG?qPG?	46	3fffffffffff
N??CA?oI?gPAPG?qDG?	46	3fffffffffff
N??CA?oI?gPAPG?qOg?	46	3fffffffffff
N??CA?oI?gPAPG?qAg?	46	2ffdeff7fe70fccc
N??CA?oI?gPAPG?qCW?	46	3fffffffffff
N??CA?oI?gPAOg`OK_?	46	3fffffffffff
N??CA?oI?gPAOg`OI_?	46	3fffffffffff
N??CA?oI?gPAOg`OE_?	46	3fffffffffff
N??CA?oI?gPAOg`OB_?	46	3fffffffffff
N??CA?oI?gPAOg`OAo?	46	3fffffffffff
N??CA?oI?gPAOg`OEG?	46	3fffffffffff
N??CA?oI?gPAOg`OGW?	46	1ffffeffff7fd
N??CA?oI?gPAOg`OAW?	46	3fffffffffff
N??CA?oI?gPAOg`O@W?	46	3ffdf7ffff77f
N??CA?oI?gPAOg`OE@?	46	3fffffffffff
N??CA?oI?gPAOg`OAH?	46	3fffffffffff
N??CA?oI?gPAOgDO[??	46	3fffffffffff
N??CA?oI?gPAOgDOW_?	46	3fffffffffff
N??CA?oI?gPAOgDOS_?	46	3fffffffffff
N??CA?oI?gPAOgDOK_?	46	3ffffffff87ff
N??CA?oI?gPAOgDOP_?	46	3fffffffffff
N??CA?oI?gPAOgDOH_?	46	3fffffffffff
N??CA?oI?gPAOgDOD_?	46	3fffffffffff
N??CA?oI?gPAOgDOKO?	46	3fffffffffff
N??CA?oI?gPAOgDODO?	46	7fffaffbf7f7f
N??CA?oI?gPAOgDOOo?	46	3fffffffffff
N??CA?oI?gPAOgDOCo?	46	3fffffffffff
N??CA?oI?gPAOgDOWG?	46	3fffffffffff
N??CA?oI?gPAOgDOSG?	46	3fffffffffff
N??CA?oI?gPAOgDOPG?	46	3fffffffffff
N??CA?oI?gPAOgDOOg?	46	3fffffffffff
N??CA?oI?gPAOgDOOW?	46	3fffffffffff
N??CA?oI?gPAOgDOCW?	46	3fffffffffff
N??CA?oI?gPAOgDO?w?	46	3effffffffcfe
N??CA?oI?gPAOgDOW@?	46	3fffffffffff
N??CA?oI?gPAOgDOS@?	46	3fffffffffff
N??CA?oI?gPAOgDOK@?	46	3ffffef7ef7ff
N??CA?oI?gPAOgDOP@?	46	3fffffffffff
N??CA?oI?gPAOgDOH@?	46	3fffffffffff
N??CA?oI?gPAOgDOO`?	46	3fffffffffff
N??CA?oI?gPAOgDOCP?	46	3fffffffffff
N??CA?oI?gPAOgDO@P?	46	3fffffffffff
N??CA?oI?gPAOgDO?p?	46	3effffffffcfe
N??CA?oI?gPAOgDOOH?	46	3fffffffffff
N??CA?oI?gPAOgDOCH?	46	3ffffdefdefff
N??CA?oI?gPAOgDO?h?	46	2ffdeff7fe70fccc
N??CA?oI?gPAOg@oQ_?	46	3fffffffffff
N??CA?oI?gPAOg@oI_?	46	3ffffffffffe1
N??CA?oI?gPAOg@oE_?	46	3fffffffffff
N??CA?oI?gPAOg@oQG?	46	3fffffffffff
N??CA?oI?gPAOg@oEG?	46	3fffffffffff
N??CA?oI?gPAOg@oPG?	46	3ffdf7ffff77f
N??CA?oI?gPAOg@oDG?	46	3ffdf7ffff77f
N??CA?oI?gPA@goOL??	46	3ffffffffffcc
N??CA?oI?gPA@goOK_?	46	7ffffffff7ff
N??CA?oI?gPA@goOI_?	46	fffffffdf7ff
N??CA?oI?gPA@goOHO?	46	1ffffffffb7fe
N??CA?oI?gPA@gWOX??	46	3ffffffffffcc
N??CA?oI?gPA@gWOJ??	46	3fffffffffff
N??CA?oI?gPA@gWOW_?	46	3fffffffffff
N??CA?oI?gPA@gWOI_?	46	3ffffffff87ff
N??CA?oI?gPA@gWOH_?	46	3fffffffffff
N??CA?oI?gPA@gWOHO?	46	1ffffffffb7fe
N??CA?oI?gPA@gWOGg?	46	3ffff7dfdf7ff
N??CA?oI?gPA@gWOGW?	46	1ffffeffff7fd
N??CA?oI?gPA@gSO[??	46	3fffffffffff
N??CA?oI?gPA@gSOL??	46	3fffffffffff
N??CA?oI?gPA@gSOW_?	46	3fffffffffff
N??CA?oI?gPA@gSOK_?	46	3ffffffff87ff
N??CA?oI?gPA@gSOH_?	46	3fffffffffff
N??CA?oI?gPA@gSOWO?	46	3fffffffffff
N??CA?oI?gPA@gSOKO?	46	3fffffffffff
N??CA?oI?gPA@gSOWG?	46	3fffffffffff
N??CA?oI?gPA@gSOGg?	46	3ff8ffe76cfdf6e1
N??CA?oI?gPA@gSOGW?	46	3ffffffffffe1
N??CA?oI?gPA@gSOW@?	46	3fffffffffff
N??CA?oI?gPA@gSOK@?	46	3ffffef7ef7ff
N??CA?oI?gPA@gSOGP?	46	3ffffffffffe1
N??CA?oI?gPA@gQO[??	46	3ffffffffffcc
N??CA?oI?gPA@gQOW_?	46	3fffffffffff
N??CA?oI?gPA@gQOK_?	46	3fffffffffff
N??CA?oI?gPA@gQOI_?	46	fffffffefffd
N??CA?oI?gPA@gQOKO?	46	1ffffffffb7fe
N??CA?oI?gPA@gQOK@?	46	3fffffffffff
N??CA?oI?gPA@gQOG`?	46	ffffffffeffb
N??CA?oI?gPA@gPO[??	46	3fffffffffff
N??CA?oI?gPA@gPOY??	46	3fffffffffff
N??CA?oI?gPA@gPOM??	46	3ffffffff87ff
N??CA?oI?gPA@gPOX??	46	7fffffffff7f
N??CA?oI?gPA@gPOL??	46	3fffffffffff
N??CA?oI?gPA@gPOJ??	46	3fffffffffff
N??CA?oI?gPA@gPOWO?	46	3fffffffffff
N??CA?oI?gPA@gPOKO?	46	3fffffffffff
N??CA?oI?gPA@gPOIO?	46	3ffffffffffe1
N??CA?oI?gPA@gPOHO?	46	3fffffffffff
N??CA?oI?gPA@gPOWG?	46	3fffffffffff
N??CA?oI?gPA@gPOW@?	46	3fffffffffff
N??CA?oI?gPA@gPOK@?	46	3ffff7dfdf7ff
N??CA?oI?gPA@gPOI@?	46	3ff8ffe76cfdf6e1
N??CA?oI?gPA@gPOH@?	46	3fffffffffff
N??CA?oI?gPA@gPOGP?	46	3ffffffffffd2
N??CA?oI?gPA@gOoY??	46	3fffffffffff
N??CA?oI?gPA@gOoX??	46	1ffffffffb7fe
N??CA?oI?gPA@gOoL??	46	1ffffffffb7fe
N??CA?oI?gPA@gOoI_?	46	3ffffffffffe1
N??CA?oI?gPA@gOoG`?	46	3ffffffffffd2
N??CA?oI?gPA@gOQ[??	46	7ffffffffeff
N??CA?oI?gPA@gOQX??	46	ffffffff6fff
N??CA?oI?gPA@gOQL??	46	7fffffffefff
N??CA?oI?gPA@gOQW_?	46	3fffffffffff
N??CA?oI?gPA@gOQI_?	46	3ff8ffe76cfdf6e1
N??CA?oI?gPA@gOQWO?	46	7ffffffeffff
N??CA?oI?gPA@gOQKO?	46	7ffffffeffff
N??CA?oI?gPA@gOQGo?	46	3ffffffffffd2
N??CA?oI?gPA@gOQWG?	46	3fffffffffff
N??CA?oI?gPA@gOQGW?	46	3ffffffffffd2
N??CA?oI?gPAOWP_Q_?	46	3fffffffffff
N??CA?oI?gPAOWP_E_?	46	3ffffffff87ff
N??CA?oI?gPAOWP_D_?	46	3fffffffffff
N??CA?oI?gPAOWP_B_?	46	3fffffffffff
N??CA?oI?gPAOWP_DO?	46	7ffffffffb77c
N??CA?oI?gPAOWP_QG?	46	3fffffffffff
N??CA?oI?gPAOWP_Ag?	46	3ff8ffe76cfdf6e1
N??CA?oI?gPAOWP_CW?	46	1ffffeffff7fd
N??CA?oI?gPAOWP_AW?	46	3ffffffffffe1
N??CA?oI?gPAOWP_Q@?	46	7ffffffdffff
N??CA?oI?gPAOWP_O`?	46	fffffffefffb
N??CA?oI?gPAOWP_@`?	46	7fffffffefff
N??CA?oI?gPAOWP_AP?	46	3ffffffffffe1
N??CA?oI?gPAOWP_OH?	46	3fffffffffff
N??CA?oI?gPAOWD_[??	46	3fffffffffff
N??CA?oI?gPAOWD_X??	46	7fffffffff7f
N??CA?oI?gPAOWD_W_?	46	3fffffffffff
N??CA?oI?gPAOWD_K_?	46	3ffffffff87ff
N??CA?oI?gPAOWD_H_?	46	3fffffffffff
N??CA?oI?gPAOWD_KO?	46	3fffffffffff
N??CA?oI?gPAOWD_Go?	46	3ffffffffffe1
N??CA?oI?gPAOWD_WG?	46	3fffffffffff
N??CA?oI?gPAOWD_Gg?	46	3ff8ffe76cfdf6e1
N??CA?oI?gPAOWD_GW?	46	3ffffffffffe1
N??CA?oI?gPAOWD_W@?	46	3fffffffffff
N??CA?oI?gPAOWD_K@?	46	3ffffef7ef7ff
N??CA?oI?gPAOWD_GP?	46	3ffffffffffe1
N??CA?oI?gPAPA_oM??	46	3bfffffbf7ffd
N??CA?oI?gPAPA_oL??	46	7ff7fbbfeefff
N??CA?oI?gPAPA_oF??	46	3fefedefe76634fe
N??CA?oI?gPAPA_oK_?	46	5ff7fff7efffd
N??CA?oI?gPAPA_oE_?	46	2ffdeff7fe70fccc
N??CA?oI?gPAPA_oEO?	46	3ffff7dfdf7ff
N??CA?oI?gPAPA_oEG?	46	3fffffffffff
N??CA?oI?gPAPA_oDG?	46	3ff8ffe76cfdf6e1
N??CA?oI?gPAPA_oBG?	46	3fffffffffff
N??CA?oI?gPAPA_oCg?	46	3fffffffffff
N??CA?oI?gPAPA_o@g?	46	1ffffffffb7fe
N??CA?oI?gPAPA_o?w?	46	3faeffff75e937d2
N??CA?oI?gPAPA_oKC?	46	37fffbfffeffb
N??CA?oI?gPAPA_oIC?	46	3ffe7fda37bf077b
N??CA?oI?gPAPA_oAc?	46	3ffdbf739b7ee87d
N??CA?oI?gPAPA_o@S?	46	2ffdeff7fe70fccc
N??CA?oI?gPAPA_oCK?	46	3ffffffffffd2
N??CA?oI?gPAPA_oAK?	46	77fbffbfefffb
N??CA?oI?gPAPA_o?[?	46	7ebfffffffb7e
N??CA?oI?gPAPAGoY??	46	3fffffffffff
N??CA?oI?gPAPAGoX??	46	3ffffbbfeefff
N??CA?oI?gPAPAGoR??	46	3ffffef7ef7ff
N??CA?oI?gPAPAGoJ??	46	3fffffffffff
N??CA?oI?gPAPAGoW_?	46	3fffffffffff
N??CA?oI?gPAPAGoQ_?	46	3fffffffffff
N??CA?oI?gPAPAGoI_?	46	7fffeffff87ff
N??CA?oI?gPAPAGoQO?	46	3ffff7dfdf7ff
N??CA?oI?gPAPAGoIO?	46	3fffffffffff
N??CA?oI?gPAPAGoHO?	46	3fff7fefdfeff
N??CA?oI?gPAPAGoGo?	46	3fffffffffff
N??CA?oI?gPAPAGoAo?	46	3fffffffffff
N??CA?oI?gPAPAGoQG?	46	3fffffffffff
N??CA?oI?gPAPAGoIG?	46	7ffbfef7ef7ff
N??CA?oI?gPAPAGoPG?	46	3ff8ffe76cfdf6e1
N??CA?oI?gPAPAGoBG?	46	3fffffffffff
N??CA?oI?gPAPAGoOg?	46	3fffffffffff
N??CA?oI?gPAPAGoGg?	46	3ffff7dfdf7ff
N??CA?oI?gPAPAGoAg?	46	3ffff7dfdf7ff
N??CA?oI?gPAPAGo@g?	46	3fffffffffff
N??CA?oI?gPAPAGoAW?	46	3fffffffffff
N??CA?oI?gPAPAGo@W?	46	3fefebfbbba64b7e
N??CA?oI?gPAPAGo?w?	46	3fffffffffff
N??CA?oI?gPAPAGoWC?	46	3fffffffffff
N??CA?oI?gPAPAGoPC?	46	3ff73fdb9cfdef61
N??CA?oI?gPAPAGoHC?	46	3fffffffffff
N??CA?oI?gPAPAGoBC?	46	3fff7fefdfeff
N??CA?oI?gPAPAGoAc?	46	3ffff7dfdf7ff
N??CA?oI?gPAPAGo@c?	46	3fffffffffff
N??CA?oI?gPAPAGoGS?	46	3fffffffffff
N??CA?oI?gPAPAGo@S?	46	3defbfffdea94fcc
N??CA?oI?gPAPAGo?s?	46	3fffffffffff
N??CA?oI?gPAPAGo@K?	46	1ffffffffcffe
N??CA?oI?gPAPAGo?k?	46	3fffffff0ffff
N??CA?oI?gPAPAGo?[?	46	1ffffffffb7fe
N??CA?oI?gPAPAAo[??	46	3ffffbbfeefff
N??CA?oI?gPAPAAoY??	46	3fffffffffff
N??CA?oI?gPAPAAoU??	46	3ffffef7ef7ff
N??CA?oI?gPAPAAoM??	46	3fffffffffff
N??CA?oI?gPAPAAoW_?	46	3ffffffffffcc
N??CA?oI?gPAPAAoE_?	46	3ffffffe97fff
N??CA?oI?gPAPAAoSO?	46	3ff8ffe76cfdf6e1
N??CA?oI?gPAPAAoIO?	46	3fffffffffff
N??CA?oI?gPAPAAoEO?	46	3ffdffdfdff7f
N??CA?oI?gPAPAAoGo?	46	1ffffffffb7fe
N??CA?oI?gPAPAAoCo?	46	3fffffffffff
N??CA?oI?gPAPAAoAo?	46	3fffffffffff
N??CA?oI?gPAPAAoWG?	46	2ffdeff7fe70fccc
N??CA?oI?gPAPAAoSG?	46	3ff8ffe76cfdf6e1
N??CA?oI?gPAPAAoQG?	46	3fffffffffff
N??CA?oI?gPAPAAoEG?	46	3fffffffffff
N??CA?oI?gPAPAAoOg?	46	1ffffffffb7fe
N??CA?oI?gPAPAAoCg?	46	3fffffffffff
N??CA?oI?gPAPAAoAg?	46	3fdffffffb7fe
N??CA?oI?gPAPAAo?w?	46	3ffdf7ffff77f
N??CA?oI?gPAPAAoWC?	46	3fffffffffff
N??CA?oI?gPAPAAoSC?	46	3ff73fdb9cfdef61
N??CA?oI?gPAPAAoKC?	46	3fffffffffff
N??CA?oI?gPAPAAoCc?	46	3fff7fefdfeff
N??CA?oI?gPAPAAoAc?	46	3fff7fefdfeff
N??CA?oI?gPAPAAoCS?	46	3defbfffdea94fcc
N??CA?oI?gPAPAAoAS?	46	3ffffffe97fff
N??CA?oI?gPAPAAoOK?	46	3effffffffcfe
N??CA?oI?gPAPAAoCK?	46	1ffffffffcffe
N??CA?oI?gPAPAAoAK?	46	3fffffffffff
N??CA?oI?gPAPA?w[??	46	3fffffffffff
N??CA?oI?gPAPA?wX??	46	3fffffffffff
N??CA?oI?gPAPA?wL??	46	3fffffffffff
N??CA?oI?gPAPA?wIO?	46	3ffffffffffe1
N??CA?oI?gPAPA?wPO?	46	2ffdeff7fe70fccc
N??CA?oI?gPAPA?wDO?	46	3defbfffdea94fcc
N??CA?oI?gPAPA?wGo?	46	3ffffffffffd2
N??CA?oI?gPAPA?wAo?	46	3effffffffcfe
N??CA?oI?gPAOa`OM??	46	3fffffffffff
N??CA?oI?gPAOa`OJ??	46	3fffffffffff
N??CA?oI?gPAOa`OF??	46	3fffffffffff
N??CA?oI?gPAOa`OK_?	46	3fffffffffff
N??CA?oI?gPAOa`OE_?	46	3fffffffffff
N??CA?oI?gPAOa`OH_?	46	3ffffffffffcc
N??CA?oI?gPAOa`OD_?	46	3fffffffffff
N??CA?oI?gPAOa`OB_?	46	3fffffffffff
N??CA?oI?gPAOa`OEO?	46	3fffffffffff
N??CA?oI?gPAOa`OBO?	46	3fffffffffff
N??CA?oI?gPAOa`OEG?	46	3fffffffffff
N??CA?oI?gPAOa`OBG?	46	3fffffffffff
N??CA?oI?gPAOa`OIC?	46	3fffffffffff
N??CA?oI?gPAOa`OGS?	46	3fffffffffff
N??CA?oI?gPAOa`OCK?	46	3fffffffffff
N??CA?oI?gPAOa`OAK?	46	3fffffffffff
N??CA?oI?gPAOa@oU??	46	3fffffffffff
N??CA?oI?gPAOa@oM??	46	3fffffffffff
N??CA?oI?gPAOa@oT??	46	3fffffffffff
N??CA?oI?gPAOa@oR??	46	3fffffffffff
N??CA?oI?gPAOa@oW_?	46	3defbfffdea94fcc
N??CA?oI?gPAOa@oE_?	46	3fffffffffff
N??CA?oI?gPAOa@oEG?	46	3fffffffffff
N??CA?oI?gPAOa@oDG?	46	3fffffffffff
N??CA?oI?gPAOa@oBG?	46	3fffffffffff
N??CA?oI?gPAOa@oGg?	46	3faeffff75e937d2
N??CA?oI?gPAOa@oWC?	46	3fffffffffff
N??CA?oI?gPAOa@oAc?	46	3effffffffcfe
N??CA?oI?gPAOa@oCK?	46	3fffffffffff
N??CA?oI?gPAOa@oAK?	46	3effffffffcfe
N??CA?oI?gPA@aoOM??	46	ffffffff7f7f
N??CA?oI?gPA@aoOK_?	46	7ffffffff7ff
N??CA?oI?gPA@aoOHO?	46	2ffdeff7fe70fccc
N??CA?oI?gPA@aoOHG?	46	2ffdeff7fe70fccc
N??CA?oI?gPA@aoOKC?	46	fbfffffbe7ff9
N??CA?oI?gPA@aWOY??	46	7fffffff7fff
N??CA?oI?gPA@aWOX??	46	3ffdbf739b7ee87d
N??CA?oI?gPA@aWOJ??	46	3ffffffffffe1
N??CA?oI?gPA@aWOW_?	46	fffffffef7ff
N??CA?oI?gPA@aWOI_?	46	ffffffffc87ff
N??CA?oI?gPA@aWOH_?	46	3fffffffffff
N??CA?oI?gPA@aWOWO?	46	fffffdefce7ff
N??CA?oI?gPA@aWOIO?	46	fffffffcffff
N??CA?oI?gPA@aWOHO?	46	3fff7fefdfeff
N??CA?oI?gPA@aWOGo?	46	3fffffffcff7d
N??CA?oI?gPA@aWOWG?	46	3defbfffdea94fcc
N??CA?oI?gPA@aWOIG?	46	3fefedefe76634fe
N??CA?oI?gPA@aWOGg?	46	3ffff7dfdf7ff
N??CA?oI?gPA@aWOGW?	46	3ffffffe97fff
N??CA?oI?gPA@aWOHC?	46	2ffdeff7fe70fccc
N??CA?oI?gPA@aWOGS?	46	3fffffffffff
N??CA?oI?gPA@aQO[??	46	3ffdbf739b7ee87d
N??CA?oI?gPA@aQOY??	46	3fffffffffff
N??CA?oI?gPA@aQOM??	46	3ffffffffffe1
N??CA?oI?gPA@aQOW_?	46	3ffffffffffcc
N??CA?oI?gPA@aQOK_?	46	3fffffffffff
N??CA?oI?gPA@aQOWO?	46	2ffdeff7fe70fccc
N??CA?oI?gPA@aQOIO?	46	ffffffffff7d
N??CA?oI?gPA@aQOGo?	46	7ffffffffb77c
N??CA?oI?gPA@aQOKC?	46	2ffdeff7fe70fccc
N??CA?oI?gPA@aQOIC?	46	fefffffffecfa
N??CA?oI?gPA@aOW[??	46	3bfffffbf7ffd
N??CA?oI?gPA@aOWM??	46	3fefedefe76634fe
N??CA?oI?gPA@aOWX??	46	dffffff7e7ff9
N??CA?oI?gPA@aOWH_?	46	7fffffffefff
N??CA?oI?gPA@aOWWO?	46	3fffffffcfefb
N??CA?oI?gPA@aOWWG?	46	37fffbfffeffb
N??CA?oI?gPAOQP_U??	46	7ffffffff7ff
N??CA?oI?gPAOQP_R??	46	7ffffffff7ff
N??CA?oI?gPAOQP_F??	46	fffffdefce7ff
N??CA?oI?gPAOQP_S_?	46	3fffffffffff
N??CA?oI?gPAOQP_EO?	46	3fffffffffff
N??CA?oI?gPAOQP_DO?	46	ffffffffff74c
N??CA?oI?gPAOQP_BO?	46	3fffffffffff
N??CA?oI?gPAOQP_SG?	46	3fffffffffff
N??CA?oI?gPAOQP_QG?	46	3ffffbbfeefff
N??CA?oI?gPAOQP_EG?	46	3ffffef7ef7ff
N??CA?oI?gPAOQP_QC?	46	7ffffffdffff
N??CA?oI?gPAOQP_DC?	46	fffffef7ce7ff
N??CA?oI?gPAOQP_AS?	46	3ffffffffffe1
N??CA?oI?gPAOQP_OK?	46	3fffffffffff
N??CA?oI?gPAOQP_?[?	46	3ffffffffffd2
N??CA?oI?gOaw?AoBO?	46	3fffffffffff
N??CA?oI?gOaw?AoBG?	46	3fffffffffff
N??CA?oI?gOaw?Ao@W?	46	3faeffff75e937d2
N??CA?oI?gOaw?Ao@c?	46	3fffffffffff
N??CA?oI?gOaw?Ao?s?	46	3fffffffffff
N??CA?oI?gOaw?AoI@?	46	7fffffffff7f
N??CA?oI?gOaw?AoB@?	46	3fffffffffff
N??CA?oI?gOaw?AoAP?	46	3fffffffffff
N??CA?oI?gOaw?AoAH?	46	3fffffffffff
N??CA?oI?gOaq?AoM??	46	3fffffffffff
N??CA?oI?gOaq?AoE_?	46	3fffffffffff
N??CA?oI?gOaq?AoKO?	46	2ffdeff7fe70fccc
N??CA?oI?gOaq?AoGo?	46	3faeffff75e937d2
N??CA?oI?gOaq?AoCo?	46	3ffffffe97fff
N??CA?oI?gOaq?AoCW?	46	3faeffff75e937d2
N??CA?oI?gOaq?AoCc?	46	3fffffffffff
N??CA?oI?gOaq?AoI@?	46	3fffffffffff
N??CA?oI?gOaq?AoE@?	46	3fffffffffff
N??CA?oI?gOaq?AoC`?	46	3fffffffffff
N??CA?oI?gOaq?AoA`?	46	3fffffffffff
N??CA?oI?gOaq?AoAD?	46	3fffffffffff
N??CA?oI?gOaq?@oKO?	46	3fffffff0ffff
N??CA?oI?gOaq?@oBO?	46	3fffffffffff
N??CA?oI?gOaq?@oCW?	46	3ffffffe97fff
N??CA?oI?gOaq?@oIC?	46	3fffffffffff
N??CA?oI?gOaq?@oCS?	46	3fffffffffff
N??CA?oI?gOaq?@oAS?	46	3fffffffffff
N??CA?oI?gOaq?@oAK?	46	3fffffffffff
N??CA?oI?gOaq?@oE@?	46	3fffffffffff
N??CA?oI?gOaq?@oD@?	46	3fffffffffff
N??CA?oI?gOaq?@o@H?	46	1ffffffffb7fe
N??CA?oI?gOaq?@oGD?	46	3fffffffffff
N??CA?oI?gOaq?@oAD?	46	3fffffffffff
N??CA?oI?gOaq?@o?L?	46	3fffffffffff
N??CA?oI?gOaq??wM??	46	3fffffffffff
N??CA?oI?gOaq??wI_?	46	3fffffffffff
N??CA?oI?gOaq??wCo?	46	3fffffffffff
N??CA?oI?gOaq??wAo?	46	3fffffffffff
N??CA?oI?gOaq??wEG?	46	3fffffffffff
N??CA?oI?gOaq??wDG?	46	1ffffffffb7fe
N??CA?oI?gOaq??wAg?	46	3fffffffffff
N??CA?oI?gOaq??wGW?	46	1ffffeffff7fd
N??CA?oI?gOaq??wCW?	46	1ffffeffff7fd
N??CA?oI?gOaq??wI@?	46	3fffffffffff
N??CA?oI?gOaq??wG`?	46	3fffffffffff
N??CA?oI?gOaq??w?h?	46	3fffffffffff
N??CA?oI?gOaq??w?X?	46	3fffffffffff
N??CA?oI?gOaX?AoX??	46	3fffffff0ffff
N??CA?oI?gOaX?AoWO?	46	3fffffff0ffff
N??CA?oI?gOaX?AoHO?	46	3ffffffe97fff
N??CA?oI?gOaX?AoPG?	46	3ffffffe97fff
N??CA?oI?gOaX?AoOW?	46	3ffffffe97fff
N??CA?oI?gOaX?AoGW?	46	3ffffffe97fff
N??CA?oI?gOaX?AoAW?	46	3fffffffffff
N??CA?oI?gOaX?Ao@W?	46	3ffffffe67fff
N??CA?oI?gOaX?AoWC?	46	7ffffffff7ff
N??CA?oI?gOaX?AoOS?	46	3fffffffffff
N??CA?oI?gOaX?AoGS?	46	3fffffffffff
N??CA?oI?gOaX?AoAS?	46	3fffffffffff
N??CA?oI?gOaX?Ao@S?	46	3fffffffffff
N??CA?oI?gOaX?AoAK?	46	3fffffffffff
N??CA?oI?gOaX?Ao@K?	46	3fffffffffff
N??CA?oI?gOaX?Ao?[?	46	3fffffffffff
N??CA?oI?gOaX?AoQ@?	46	ffffffffe7ff
N??CA?oI?gOaX?AoI@?	46	fffffffef7ff
N??CA?oI?gOaX?AoB@?	46	3fffffffffff
N??CA?oI?gOaX?AoGP?	46	3fffffffffff
N??CA?oI?gOaX?AoAP?	46	3fffffffffff
N??CA?oI?gOaX?AoAH?	46	3fffffffffff
N??CA?oI?gOaX?Ao?X?	46	3fffffffffff
N??CA?oI?gOaX?AoOD?	46	fffffffdf7ff
N??CA?oI?gOaX?AoGD?	46	fffffffdefff
N??CA?oI?gOaX?AoAD?	46	3fffffffdef7e
N??CA?oI?gOaX?Ao@D?	46	3fffffffffff
N??CA?oI?gOaX?Ao?T?	46	3fffffffffff
N??CA?oI?gOaX?Ao?L?	46	3fffffffffff
N??CA?oI?gOaR?OoEO?	46	3fffffffffff
N??CA?oI?gOaR?OoDO?	46	3ffffffe97fff
N??CA?oI?gOaR?OoEG?	46	3fffffffffff
N??CA?oI?gOaR?OoBG?	46	3fffffffffff
N??CA?oI?gOaR?OoOW?	46	3faeffff75e937d2
N??CA?oI?gOaR?OoQC?	46	3fffffffffff
N??CA?oI?gOaR?OoCS?	46	3fffffffffff
N??CA?oI?gOaR?OoAS?	46	3fffffffffff
N??CA?oI?gOaR?Oo@S?	46	3fffffffffff
N??CA?oI?gOaR?OoAK?	46	3fffffffffff
N??CA?oI?gOaR?Oo@K?	46	3fffffffffff
N??CA?oI?gOaR?OoE@?	46	3bfffffbf7ffd
N??CA?oI?gOaR?OoP@?	46	3ffffffffffcc
N??CA?oI?gOaR?OoD@?	46	3bfffffbf7ffd
N??CA?oI?gOaR?OoB@?	46	3bfffffbf7ffd
N??CA?oI?gOaR?Oo@P?	46	1ffffffffb7fe
N??CA?oI?gOaR?OoCD?	46	2ffeffffffefb
N??CA?oI?gOaR?GoX??	46	3fffffff0ffff
N??CA?oI?gOaR?GoWO?	46	3fffffff0ffff
N??CA?oI?gOaR?GoIO?	46	3fffffffffff
N??CA?oI?gOaR?GoHO?	46	3ffffffe97fff
N??CA?oI?gOaR?GoPG?	46	3ffffffe97fff
N??CA?oI?gOaR?GoBG?	46	3fffffffffff
N??CA?oI?gOaR?GoOW?	46	3ffffffe97fff
N??CA?oI?gOaR?Go@W?	46	3ffffffe67fff
N??CA?oI?gOaR?GoIC?	46	3fffffffffff
N??CA?oI?gOaR?GoBC?	46	3fffffffffff
N??CA?oI?gOaR?GoOS?	46	3fffffffffff
N??CA?oI?gOaR?GoGS?	46	3fffffffffff
N??CA?oI?gOaR?GoAS?	46	3fffffffffff
N??CA?oI?gOaR?Go@S?	46	3fffffffffff
N??CA?oI?gOaR?GoOK?	46	3fffffffffff
N??CA?oI?gOaR?GoAK?	46	3fffffffffff
N??CA?oI?gOaR?Go@K?	46	3fffffffffff
N??CA?oI?gOaR?GoQ@?	46	3fffffffffff
N??CA?oI?gOaR?GoI@?	46	3fffffffffff
N??CA?oI?gOaR?GoGP?	46	3fffffffffff
N??CA?oI?gOaR?GoAP?	46	3fffffffffff
N??CA?oI?gOaR?GoOH?	46	3fffffffffff
N??CA?oI?gOaR?GoAH?	46	3fffffffffff
N??CA?oI?gOaR?GoOD?	46	3fffffffffff
N??CA?oI?gOaR?GoGD?	46	3fffffffffff
N??CA?oI?gOaR?GoAD?	46	3fffffffffff
N??CA?oI?gOaR?Go@D?	46	3fffffffffff
N??CA?oI?gOaR?Go?T?	46	3fffffffffff
N??CA?oI?gOaR?Go?L?	46	3fffffffffff
N??CA?oI?gOaR?Co[??	46	3fffffffffff
N??CA?oI?gOaR?CoX??	46	3fffffffffff
N??CA?oI?gOaR?CoT??	46	3fffffffffff
N??CA?oI?gOaR?CoL??	46	3fffffffffff
N??CA?oI?gOaR?CoKO?	46	3fffffffffff
N??CA?oI?gOaR?CoPO?	46	3fffffffffff
N??CA?oI?gOaR?CoHO?	46	3fffffffffff
N??CA?oI?gOaR?CoDO?	46	3fffffffffff
N??CA?oI?gOaR?CoSG?	46	3fffffffffff
N??CA?oI?gOaR?CoKG?	46	3fffffffffff
N??CA?oI?gOaR?CoPG?	46	3fffffffffff
N??CA?oI?gOaR?CoHG?	46	3fffffffffff
N??CA?oI?gOaR?CoDG?	46	3fffffffffff
N??CA?oI?gOaR?CoGW?	46	3fffffffffff
N??CA?oI?gOaR?CoCW?	46	3fffffffffff
N??CA?oI?gOaR?Co@W?	46	3fffffffffff
N??CA?oI?gOaR?CoWC?	46	3fffffffffff
N??CA?oI?gOaR?CoGS?	46	3fffffffffff
N??CA?oI?gOaR?CoCS?	46	3fffffffffff
N??CA?oI?gOaR?Co@S?	46	3fffffffffff
N??CA?oI?gOaR?CoOK?	46	3fffffffffff
N??CA?oI?gOaR?Co@K?	46	3fffffffffff
N??CA?oI?gOaR?CoW@?	46	3fffffffffff
N??CA?oI?gOaR?CoK@?	46	3fffffffffff
N??CA?oI?gOaR?CoGP?	46	3fffffffffff
N??CA?oI?gOaR?CoCP?	46	3fffffffffff
N??CA?oI?gOaR?CoOH?	46	3fffffffffff
N??CA?oI?gOaR?CoCH?	46	3fffffffffff
N??CA?oI?gOaR?Co?X?	46	3fffffffffff
N??CA?oI?gOaR?CoOD?	46	3fffffffffff
N??CA?oI?gOaR?CoGD?	46	3fffffffffff
N??CA?oI?gOaR?Co@D?	46	3fffffffffff
N??CA?oI?gOaR?Co?T?	46	3fffffffffff
N??CA?oI?gOaR?Co?L?	46	3fffffffffff
N??CA?oI?gOaR?Ao[??	46	3fffffff0ffff
N??CA?oI?gOaR?AoY??	46	3fffffffffff
N??CA?oI?gOaR?AoU??	46	3fffffffffff
N??CA?oI?gOaR?AoM??	46	3fffffffffff
N??CA?oI?gOaR?AoKO?	46	3ffffffe97fff
N??CA?oI?gOaR?AoIO?	46	3fffffffffff
N??CA?oI?gOaR?AoEO?	46	3fffffffffff
N??CA?oI?gOaR?AoQG?	46	3fffffffffff
N??CA?oI?gOaR?AoEG?	46	3fffffffffff
N??CA?oI?gOaR?AoGW?	46	3fefebfbbba64b7e
N??CA?oI?gOaR?AoWC?	46	3fffffffffff
N??CA?oI?gOaR?AoIC?	46	3fffffffffff
N??CA?oI?gOaR?AoEC?	46	3fffffffffff
N??CA?oI?gOaR?AoGS?	46	3fffffffffff
N??CA?oI?gOaR?AoCS?	46	3fffffffffff
N??CA?oI?gOaR?AoAS?	46	3fffffffffff
N??CA?oI?gOaR?AoCK?	46	3fffffffffff
N??CA?oI?gOaR?AoAK?	46	3fffffffffff
N??CA?oI?gOaR?AoW@?	46	3ffffffffffcc
N??CA?oI?gOaR?AoE@?	46	3fffffffffff
N??CA?oI?gOaR?AoGP?	46	1ffffffffb7fe
N??CA?oI?gOaR?AoCP?	46	3fffffffffff
N??CA?oI?gOaR?AoAP?	46	3fffffffffff
N??CA?oI?gOaR?AoOH?	46	1ffffffffb7fe
N??CA?oI?gOaR?AoGH?	46	1ffffffffb7fe
N??CA?oI?gOaR?AoCH?	46	3fffffffffff
N??CA?oI?gOaR?AoAH?	46	3fffffffffff
N??CA?oI?gOaR?AoGD?	46	3fffffffffff
N??CA?oI?gOaR?AoCD?	46	3fffffffffff
N??CA?oI?gOaR?AoAD?	46	3fffffffffff
N??CA?oI?gOaR?Ao?T?	46	3fffffffffff
N??CA?oI?gOaR?Ao?L?	46	3fffffffffff
N??CA?oI?gOaR??wY??	46	3fffffffffff
N??CA?oI?gOaR??wM??	46	3fffffffffff
N??CA?oI?gOaR??wX??	46	3fffffffffff
N??CA?oI?gOaR??wF??	46	3fffffffffff
N??CA?oI?gOaR??wKO?	46	3fffffffffff
N??CA?oI?gOaR??wIO?	46	3fffffffffff
N??CA?oI?gOaR??wEO?	46	3fffffffffff
N??CA?oI?gOaR??wHO?	46	3fffffffffff
N??CA?oI?gOaR??wDO?	46	3fffffffffff
N??CA?oI?gOaR??wBO?	46	3fffffffffff
N??CA?oI?gOaR??wSG?	46	3fffffffffff
N??CA?oI?gOaR??wQG?	46	3fffffffffff
N??CA?oI?gOaR??wEG?	46	3fffffffffff
N??CA?oI?gOaR??wPG?	46	3fffffffffff
N??CA?oI?gOaR??wDG?	46	3fffffffffff
N??CA?oI?gOaR??wGW?	46	3fffffffffff
N??CA?oI?gOaR??wCW?	46	3fffffffffff
N??CA?oI?gOaR??wAW?	46	3fffffffffff
N??CA?oI?gOaR??w@W?	46	3fffffffffff
N??CA?oI?gOaR??wW@?	46	3fffffffffff
N??CA?oI?gOaR??wQ@?	46	3fffffffffff
N??CA?oI?gOaR??wI@?	46	3fffffffffff
N??CA?oI?gOaR??wP@?	46	3fffffffffff
N??CA?oI?gOaR??wH@?	46	3fffffffffff
N??CA?oI?gOaR??wGP?	46	3fffffffffff
N??CA?oI?gOaR??wCP?	46	3fffffffffff
N??CA?oI?gOaR??wAP?	46	3fffffffffff
N??CA?oI?gOaR??w@P?	46	3fffffffffff
N??CA?oI?gOaR??wOH?	46	3fffffffffff
N??CA?oI?gOaR??wAH?	46	3fffffffffff
N??CA?oI?gOaR??w@H?	46	3fffffffffff
N??CA?oI?gOaR??w?X?	46	3fffffffffff
N??CA?oI?gOaR??qY??	46	3fffffffffff
N??CA?oI?gOaR??qU??	46	3fffffffffff
N??CA?oI?gOaR??qM??	46	3fffffffffff
N??CA?oI?gOaR??qX??	46	3ffffffffffcc
N??CA?oI?gOaR??qF??	46	3fffffffffff
N??CA?oI?gOaR??qKO?	46	3fffffffffff
N??CA?oI?gOaR??qIO?	46	3fffffffffff
N??CA?oI?gOaR??qEO?	46	3fffffffffff
N??CA?oI?gOaR??qHO?	46	1ffffffffb7fe
N??CA?oI?gOaR??qBO?	46	3fffffffffff
N??CA?oI?gOaR??qSG?	46	3fffffffffff
N??CA?oI?gOaR??qQG?	46	3fffffffffff
N??CA?oI?gOaR??qEG?	46	3fffffffffff
N??CA?oI?gOaR??qPG?	46	1ffffffffb7fe
N??CA?oI?gOaR??qBG?	46	3fffffffffff
N??CA?oI?gOaR??qCW?	46	3fffffffffff
N??CA?oI?gOaR??q@W?	46	3ffdf7ffff77f
N??CA?oI?gOaR??qQC?	46	3fffffffffff
N??CA?oI?gOaR??qIC?	46	3fffffffffff
N??CA?oI?gOaR??qBC?	46	3fffffffffff
N??CA?oI?gOaR??qCS?	46	3fffffffffff
N??CA?oI?gOaR??qAS?	46	3fffffffffff
N??CA?oI?gOaR??qOK?	46	3fffffffffff
N??CA?oI?gOaR??qAK?	46	3fffffffffff
N??CA?oI?gOao_BOL??	46	3fffffff0ffff
N??CA?oI?gOao_BOHO?	46	3faeffff75e937d2
N??CA?oI?gOao_BOBO?	46	3fffffffffff
N??CA?oI?gOao_BOCW?	46	3ffffffe97fff
N??CA?oI?gOao_BOIC?	46	3fffffffffff
N??CA?oI?gOao_BODC?	46	3ffff7dfdf7ff
N??CA?oI?gOao_BOCS?	46	3fffffffffff
N??CA?oI?gOao_BOAS?	46	3fffffffffff
N??CA?oI?gOao_BOAK?	46	3fffffffffff
N??CA?oI?gOao_BOI@?	46	3fffffffffff
N??CA?oI?gOao_BOE@?	46	3ffff7dfdf7ff
N??CA?oI?gOao_BOH@?	46	3ffffffffffcc
N??CA?oI?gOao_BOD@?	46	3ffff7dfdf7ff
N??CA?oI?gOao_BOGD?	46	3fffffffffff
N??CA?oI?gOao_BOAD?	46	3fffffff0ffff
N??CA?oI?gOao_AoM??	46	3fffffffffff
N??CA?oI?gOao_AoL??	46	2ffdeff7fe70fccc
N??CA?oI?gOao_AoI_?	46	3fffffffffff
N??CA?oI?gOao_AoH_?	46	3faeffff75e937d2
N??CA?oI?gOao_AoD_?	46	3ffffffe97fff
N??CA?oI?gOao_Ao@g?	46	3fefebfbbba64b7e
N??CA?oI?gOao_AoIC?	46	3fffffffffff
N??CA?oI?gOao_AoCc?	46	3fffffffffff
N??CA?oI?gOao_AoAc?	46	3fffffffffff
N??CA?oI?gOao_AoI@?	46	3fffffffffff
N??CA?oI?gOao_AoE@?	46	3fffffffffff
N??CA?oI?gOao_AoAD?	46	3fffffffffff
N??CA?oI?gOao_AWL??	46	3ffffffffffcc
N??CA?oI?gOao_AWI_?	46	3fffffffffff
N??CA?oI?gOao_AWD_?	46	3ffff7dfdf7ff
N??CA?oI?gOao_AWKO?	46	3effffffffb7e
N??CA?oI?gOao_AWCo?	46	3fffffffffff
N??CA?oI?gOao_AWAo?	46	3fffffffffff
N??CA?oI?gOao_AWDG?	46	1ffffffffb7fe
N??CA?oI?gOao_AWAg?	46	3fffffffffff
N??CA?oI?gOao_AWCW?	46	1ffffeffff7fd
N??CA?oI?gOao_AWI@?	46	3fffffffffff
N??CA?oI?gOao_AWG`?	46	3fffffffffff
N??CA?oI?gOao_AWAH?	46	3fffffffffff
N??CA?oI?gOao_AW?h?	46	3fffffffffff
N??CA?oI?gOaW_aOJ??	46	3fffffffffff
N??CA?oI?gOaW_aOBO?	46	3fffffffffff
N??CA?oI?gOaW_aOAW?	46	3fffffffffff
N??CA?oI?gOaW_aO@c?	46	3fffffffffff
N??CA?oI?gOaW_aO?s?	46	3fffffffffff
N??CA?oI?gOaW_aOAK?	46	3fffffffffff
N??CA?oI?gOaW_aOI@?	46	3fffffffffff
N??CA?oI?gOaW_aOB@?	46	3fffffffffff
N??CA?oI?gOaW_aOAP?	46	3fffffffffff
N??CA?oI?gOaW_aOAH?	46	3fffffffffff
N??CA?oI?gOaW_aO?L?	46	3fffffffffff
N??CA?oI?gOaW_AoR??	46	3fffffffffff
N??CA?oI?gOaW_AoHG?	46	3faeffff75e937d2
N??CA?oI?gOaW_AoAg?	46	3fffffffffff
N??CA?oI?gOaW_AoOc?	46	3fffffffffff
N??CA?oI?gOaW_AoAc?	46	3fffffffffff
N??CA?oI?gOaW_AoQ@?	46	3fffffffffff
N??CA?oI?gOaW_AoI@?	46	3fffffffffff
N??CA?oI?gOaW_AoB@?	46	3fffffffffff
N??CA?oI?gOaW_AoAH?	46	3fffffffffff
N??CA?oI?gOaW_Ao?h?	46	3fffffffffff
N??CA?oI?gOaW_AoAD?	46	3fffffffffff
N??CA?oI?gOaW_Ao?d?	46	3fffffffffff
N??CA?oI?gOaP_Ao[??	46	3fffffff0ffff
N??CA?oI?gOaP_AoWG?	46	3faeffff75e937d2
N??CA?oI?gOaP_AoEG?	46	3fffffffffff
N??CA?oI?gOaP_AoSC?	46	3fffffffffff
N??CA?oI?gOaP_AoQC?	46	3fffffffffff
N??CA?oI?gOaP_AoIC?	46	3fffffffffff
N??CA?oI?gOaP_AoEC?	46	3fffffffffff
N??CA?oI?gOaP_AoBC?	46	3fffffffffff
N??CA?oI?gOaP_AoCK?	46	3fffffffffff
N??CA?oI?gOaP_AoAK?	46	3fffffffffff
N??CA?oI?gOaP_AoE@?	46	3fffffffffff
N??CA?oI?gOaP_AoGD?	46	3fffffffffff
N??CA?oI?gOaP_AoCD?	46	3fffffffffff
N??CA?oI?gOaH_QOX??	46	3fffffff0ffff
N??CA?oI?gOaH_QOWO?	46	3fffffff0ffff
N??CA?oI?gOaH_QOHO?	46	3ffffffe97fff
N??CA?oI?gOaH_QOIC?	46	3fffffffffff
N??CA?oI?gOaH_QOHC?	46	3fffffffffff
N??CA?oI?gOaH_QOGS?	46	3fffffffffff
N??CA?oI?gOaH_QOI@?	46	3fffffffffff
N??CA?oI?gOaH_QOH@?	46	3fffffffffff
N??CA?oI?gOaH_QOGP?	46	3fffffffffff
N??CA?oI?gOaH_QOGD?	46	3fffffffffff
N??CA?oI?gOaB_oOKO?	46	3fffffff0ffff
N??CA?oI?gOaB_oOIC?	46	7fffffff7fff
N??CA?oI?gOaB_oOGD?	46	3fffffffffff
N??CA?oI?gOaB_WOX??	46	3fffffff0ffff
N??CA?oI?gOaB_WOWO?	46	3fffffff0ffff
N??CA?oI?gOaB_WOIO?	46	3fffffffffff
N??CA?oI?gOaB_WOHO?	46	3ffffffe97fff
N??CA?oI?gOaB_WOGW?	46	3ffffffe97fff
N??CA?oI?gOaB_WOWC?	46	3fffffffffff
N??CA?oI?gOaB_WOIC?	46	3fffffffffff
N??CA?oI?gOaB_WOHC?	46	3fffffffffff
N??CA?oI?gOaB_WOGS?	46	3fffffffffff
N??CA?oI?gOaB_WOW@?	46	3fffffffffff
N??CA?oI?gOaB_WOI@?	46	3fffffffffff
N??CA?oI?gOaB_WOH@?	46	3fffffffffff
N??CA?oI?gOaB_WOGD?	46	3fffffffffff
N??CA?oI?gOaB_SO[??	46	7ffffffdffff
N??CA?oI?gOaB_SOX??	46	fffffffdefff
N??CA?oI?gOaB_SOL??	46	7ffffffdffff
N??CA?oI?gOaB_SOKO?	46	7ffffffdffff
N??CA?oI?gOaB_SOHO?	46	fffffffdfeff
N??CA?oI?gOaB_SOKG?	46	3fffffffffff
N??CA?oI?gOaB_SOGW?	46	3fffffffffff
N??CA?oI?gOaB_SOWC?	46	3fffffffffff
N??CA?oI?gOaB_SOHC?	46	3fffffffffff
N??CA?oI?gOaB_SOGS?	46	3fffffffffff
N??CA?oI?gOaB_SOW@?	46	3fffffffffff
N??CA?oI?gOaB_SOK@?	46	3fffffffffff
N??CA?oI?gOaB_SOH@?	46	3fffffffffff
N??CA?oI?gOaB_SOGP?	46	3fffffffffff
N??CA?oI?gOaB_SOGD?	46	3fffffffffff
N??CA?oI?gOaB_QOY??	46	3fffffffffff
N??CA?oI?gOaB_QOM??	46	3fffffffffff
N??CA?oI?gOaB_QOKO?	46	3ffffffe97fff
N??CA?oI?gOaB_QOIO?	46	3fffffffffff
N??CA?oI?gOaB_QOWG?	46	3faeffff75e937d2
N??CA?oI?gOaB_QOIC?	46	7ffffffeffff
N??CA?oI?gOaB_QOGS?	46	3fffffffffff
N??CA?oI?gOaB_QOW@?	46	3ffffffffffcc
N??CA?oI?gOaB_QOK@?	46	3fffffffffff
N??CA?oI?gOaB_QOGP?	46	1ffffffffb7fe
N??CA?oI?gOaB_QOGH?	46	1ffffffffb7fe
N??CA?oI?gOaB_QOGD?	46	3fffffffffff
N??CA?oI?gOaB_OoM??	46	3fffffffffff
N??CA?oI?gOaB_OoX??	46	3faeffff75e937d2
N??CA?oI?gOaB_OoIC?	46	7ffffffeffff
N??CA?oI?gOaB_OW[??	46	3fffffffffff
N??CA?oI?gOaB_OWY??	46	3fffffffffff
N??CA?oI?gOaB_OWM??	46	3fffffffffff
N??CA?oI?gOaB_OWX??	46	ffffffffff7d
N??CA?oI?gOaB_OWL??	46	3fffffffffff
N??CA?oI?gOaB_OWJ??	46	3fffffffffff
N??CA?oI?gOaB_OWWO?	46	ffffffffff7d
N??CA?oI?gOaB_OWKO?	46	3fffffffffff
N??CA?oI?gOaB_OWIO?	46	3fffffffffff
N??CA?oI?gOaB_OWHO?	46	fffffffff7fd
N??CA?oI?gOaB_OWIG?	46	3fffffffffff
N??CA?oI?gOaB_OWGW?	46	3fffffffffff
N??CA?oI?gOaB_OWW@?	46	7ffffffffffb
N??CA?oI?gOaB_OWH@?	46	7fffffffefff
N??CA?oI?gOaB_OWGP?	46	7fffffffefff
N??CA?oI?gOaB_OQ[??	46	3fffffffffff
N??CA?oI?gOaB_OQY??	46	3fffffffffff
N??CA?oI?gOaB_OQM??	46	3fffffffffff
N??CA?oI?gOaB_OQX??	46	3ffffffffffcc
N??CA?oI?gOaB_OQL??	46	3fffffffffff
N??CA?oI?gOaB_OQJ??	46	3fffffffffff
N??CA?oI?gOaB_OQWO?	46	3ffffffffffcc
N??CA?oI?gOaB_OQKO?	46	3fffffffffff
N??CA?oI?gOaB_OQIO?	46	3fffffffffff
N??CA?oI?gOaB_OQHO?	46	1ffffffffb7fe
N??CA?oI?gOaB_OQKG?	46	3fffffffffff
N??CA?oI?gOaB_OQIG?	46	3fffffffffff
N??CA?oI?gOaB_OQWC?	46	3fffffffffff
N??CA?oI?gOaB_OQIC?	46	3fffffffffff
N??CA?oI?gOaPOQ_F??	46	3fffffffffff
N??CA?oI?gOaPOQ_EO?	46	3fffffffffff
N??CA?oI?gOaPOQ_EG?	46	3fffffffffff
N??CA?oI?gOaPOQ_OW?	46	3faeffff75e937d2
N??CA?oI?gOaPOQ_CW?	46	3ffffffe97fff
N??CA?oI?gOaPOQ_@W?	46	3fefebfbbba64b7e
N??CA?oI?gOaPOQ_QC?	46	7ffffffff7ff
N??CA?oI?gOaPOQ_BC?	46	3fffffffffff
N??CA?oI?gOaPOQ_CS?	46	3fffffffffff
N??CA?oI?gOaPOQ_AS?	46	3fffffffffff
N??CA?oI?gOaPOQ_AK?	46	3fffffffffff
N??CA?oI?gOaPOQ_?[?	46	3fffffffffff
N??CA?oI?gOaPOQ_E@?	46	fffffffef7ff
N??CA?oI?gOaPOQ_CH?	46	3fffffffffff
N??CA?oI?gOaPOQ_@H?	46	1ffffffffb7fe
N??CA?oI?gOaPOQ_CD?	46	fffffffdefff
N??CA?oI?gOaOgAo[??	46	3effffffffb7e
N??CA?oI?gOaOgAoS_?	46	3fffffffffff
N??CA?oI?gOaOgAoQ_?	46	3fffffffffff
N??CA?oI?gOaOgAoI_?	46	3fffffffffff
N??CA?oI?gOaOgAoE_?	46	3fffffffffff
N??CA?oI?gOaOgAoB_?	46	3fffffffffff
N??CA?oI?gOaOgAoCg?	46	3fffffffffff
N??CA?oI?gOaOgAoAg?	46	3fffffffffff
N??CA?oI?gOaOgAoG`?	46	3fffffffffff
N??CA?oI?gOaOgAo?h?	46	3fffffffffff
N??CA?oI?gOaQA_oM??	46	3fffffffffff
N??CA?oI?gOaQA_oF??	46	3effffffffcfe
N??CA?oI?gOaQA_oE_?	46	3effffffffcfe
N??CA?oI?gOaQA_oD_?	46	3effffffffcfe
N??CA?oI?gOaQA_oEO?	46	3fffffffffff
N??CA?oI?gOaQA_oEG?	46	3fffffffffff
N??CA?oI?gOaQA_oBG?	46	3fffffffffff
N??CA?oI?gOaQA_oAg?	46	3fffffffffff
N??CA?oI?gOaQA_o@g?	46	1ffffffffb7fe
N??CA?oI?gOaQA_o@W?	46	1ffffffffb7fe
N??CA?oI?gOaQA_oAc?	46	3bffbffffff7d
N??CA?oI?gOaQA_oCK?	46	3fffffffffff
N??CA?oI?gOaQAGoY??	46	3fffffffffff
N??CA?oI?gOaQAGoX??	46	3fffffffffff
N??CA?oI?gOaQAGoQ_?	46	3fffffffffff
N??CA?oI?gOaQAGoQO?	46	3fffffffffff
N??CA?oI?gOaQAGoIO?	46	3fffffffffff
N??CA?oI?gOaQAGoHO?	46	3fffffffffff
N??CA?oI?gOaQAGoBO?	46	3fffffffffff
N??CA?oI?gOaQAGoOo?	46	3fffffffffff
N??CA?oI?gOaQAGoGo?	46	3fffffffffff
N??CA?oI?gOaQAGoAo?	46	3fffffffffff
N??CA?oI?gOaQAGoWG?	46	3fffffffffff
N??CA?oI?gOaQAGoQG?	46	3fffffffffff
N??CA?oI?gOaQAGoIG?	46	3fffffffffff
N??CA?oI?gOaQAGoPG?	46	3fffffffffff
N??CA?oI?gOaQAGoBG?	46	3fffffffffff
N??CA?oI?gOaQAGoOg?	46	3fffffffffff
N??CA?oI?gOaQAGoAg?	46	3fffffffffff
N??CA?oI?gOaQAGoAW?	46	3fffffffffff
N??CA?oI?gOaQAGo@W?	46	3fffffffffff
N??CA?oI?gOaQAGo?w?	46	3fffffffffff
N??CA?oI?gOaQAGoWC?	46	3fffffffffff
N??CA?oI?gOaQAGoQC?	46	3fffffffffff
N??CA?oI?gOaQAGoPC?	46	3fffffffffff
N??CA?oI?gOaQAGoHC?	46	3fffffffffff
N??CA?oI?gOaQAGo@c?	46	3fffffffffff
N??CA?oI?gOaQAGo@S?	46	3fffffffffff
N??CA?oI?gOaQAGo?s?	46	3fffffffffff
N??CA?oI?gOaQAGoOK?	46	3fffffffffff
N??CA?oI?gOaQAGo@K?	46	3fffffffffff
N??CA?oI?gOaQAGo?[?	46	3fffffffffff
N??CA?oI?gOaQAAo[??	46	3fffffffffff
N??CA?oI?gOaQAAoU??	46	3fffffffffff
N??CA?oI?gOaQAAoM??	46	3fffffffffff
N??CA?oI?gOaQAAoW_?	46	3ffffffffffcc
N??CA?oI?gOaQAAoE_?	46	3fffffffffff
N??CA?oI?gOaQAAoKO?	46	3fffffffffff
N??CA?oI?gOaQAAoIO?	46	3fffffffffff
N??CA?oI?gOaQAAoEO?	46	3fffffffffff
N??CA?oI?gOaQAAoGo?	46	1ffffffffb7fe
N??CA?oI?gOaQAAoCo?	46	3fffffffffff
N??CA?oI?gOaQAAoAo?	46	3fffffffffff
N??CA?oI?gOaQAAoQG?	46	3fffffffffff
N??CA?oI?gOaQAAoEG?	46	3fffffffffff
N??CA?oI?gOaQAAoOg?	46	1ffffffffb7fe
N??CA?oI?gOaQAAoCg?	46	3fffffffffff
N??CA?oI?gOaQAAoAg?	46	3fffffffffff
N??CA?oI?gOaQAAo?w?	46	3ffdf7ffff77f
N??CA?oI?gOaQAAoWC?	46	3fffffffffff
N??CA?oI?gOaQAAoSC?	46	3fffffffffff
N??CA?oI?gOaQAAoKC?	46	3fffffffffff
N??CA?oI?gOaQAAoCc?	46	3fffffffffff
N??CA?oI?gOaQAAoAc?	46	3fffffffffff
N??CA?oI?gOaQAAoGS?	46	3fffffffffff
N??CA?oI?gOaQAAoCS?	46	3fffffffffff
N??CA?oI?gOaQAAoAS?	46	3fffffffffff
N??CA?oI?gOaQAAoCK?	46	3fffffffffff
N??CA?oI?gOaQAAoAK?	46	3fffffffffff
N??CA?oI?gOaQA?wX??	46	3fffffffffff
N??CA?oI?gOaQA?wT??	46	3fffffffffff
N??CA?oI?gOaQA?wL??	46	3fffffffffff
N??CA?oI?gOaQA?wKO?	46	3fffffffffff
N??CA?oI?gOaQA?wHO?	46	3fffffffffff
N??CA?oI?gOaQA?wDO?	46	3fffffffffff
N??CA?oI?gOaQA?wGo?	46	3fffffffffff
N??CA?oI?gOaQA?wAo?	46	3fffffffffff
N??CA?oI?gOaQA?w@W?	46	3fffffffffff
N??CA?oI?gOaOaaOM??	46	3fffffffffff
N??CA?oI?gOaOaaOJ??	46	3fffffffffff
N??CA?oI?gOaOaaOF??	46	3fffffffffff
N??CA?oI?gOaOaaOE_?	46	3fffffffffff
N??CA?oI?gOaOaaOH_?	46	3ffffffffffcc
N??CA?oI?gOaOaaOB_?	46	3fffffffffff
N??CA?oI?gOaOaaOEO?	46	3fffffffffff
N??CA?oI?gOaOaaOEG?	46	3fffffffffff
N??CA?oI?gOaOaaOKC?	46	3fffffffffff
N??CA?oI?gOaOaaOAc?	46	3fffffffffff
N??CA?oI?gOaOaaOCK?	46	3fffffffffff
N??CA?oI?gOaOaAoU??	46	3fffffffffff
N??CA?oI?gOaOaAoM??	46	3fffffffffff
N??CA?oI?gOaOaAoF??	46	3fffffffffff
N??CA?oI?gOaOaAoE_?	46	3fffffffffff
N??CA?oI?gOaOaAoEG?	46	3fffffffffff
N??CA?oI?gOaOaAoHG?	46	1ffffffffb7fe
N??CA?oI?gOaOaAoCg?	46	3fffffffffff
N??CA?oI?gOaOaAoAg?	46	3fffffffffff
N??CA?oI?gOaOaAoDC?	46	3fffffffffff
N??CA?oI?gOaOaAoCK?	46	3fffffffffff
N??CA?oI?gOaAaoOM??	46	3fffffffffff
N??CA?oI?gOaAaoOJ??	46	3fffffffffff
N??CA?oI?gOaAaoOGg?	46	3ffffffffffcc
N??CA?oI?gOaAaoOIC?	46	3fffffffffff
N??CA?oI?gOaAaWOY??	46	3fffffffffff
N??CA?oI?gOaAaWOX??	46	3fffffffffff
N??CA?oI?gOaAaWOJ??	46	3fffffffffff
N??CA?oI?gOaAaWOW_?	46	3fffffffffff
N??CA?oI?gOaAaWOI_?	46	3fffffffffff
N??CA?oI?gOaAaWOH_?	46	3fffffffffff
N??CA?oI?gOaAaWOWO?	46	3fffffffffff
N??CA?oI?gOaAaWOIO?	46	3fffffffffff
N??CA?oI?gOaAaWOHO?	46	3fffffffffff
N??CA?oI?gOaAaWOGo?	46	3fffffffffff
N??CA?oI?gOaAaWOWG?	46	3fffffffffff
N??CA?oI?gOaAaWOIG?	46	3fffffffffff
N??CA?oI?gOaAaWOGW?	46	3fffffffffff
N??CA?oI?gOaAaWOWC?	46	3fffffffffff
N??CA?oI?gOaAaQOY??	46	3fffffffffff
N??CA?oI?gOaAaQOM??	46	3fffffffffff
N??CA?oI?gOaAaQOW_?	46	3ffffffffffcc
N??CA?oI?gOaAaQOWO?	46	3ffffffffffcc
N??CA?oI?gOaAaQOKO?	46	3fffffffffff
N??CA?oI?gOaAaQOIO?	46	3fffffffffff
N??CA?oI?gOaAaQOGo?	46	1ffffffffb7fe
N??CA?oI?gOaAaQOIG?	46	3fffffffffff
N??CA?oI?gOaAaQOKC?	46	3fffffffffff
N??CA?oI?gOaAaQOIC?	46	3fffffffffff
N??CA?oI?gOaAaOWY??	46	3fffffffffff
N??CA?oI?gOaAaOWM??	46	3fffffffffff
N??CA?oI?gOaAaOWX??	46	7ffffffffffb
N??CA?oI?gOaAaOWW_?	46	7ffffffffffb
N??CA?oI?gOaAaOWH_?	46	7fffffffefff
N??CA?oI?gOaAaOWWO?	46	7ffffffffffb
N??CA?oI?gOaAaOWWG?	46	3fffffffffff
N??CA?oI?gOaOQQ_U??	46	7fffffffff7f
N??CA?oI?gOaOQQ_F??	46	3fffffffffff
N??CA?oI?gOaOQQ_EO?	46	3fffffffffff
N??CA?oI?gOaOQQ_Ao?	46	3fffffffffff
N??CA?oI?gOaOQQ_SG?	46	3fffffffffff
N??CA?oI?gOaOQQ_EG?	46	3fffffffffff
N??CA?oI?gOaOQQ_Cg?	46	3fffffffffff
N??CA?oI?gOaOQQ_SC?	46	fffffffefeff
N??CA?oI?gOaOQQ_Oc?	46	7ffffffdffff
N??CA?oI?gOaOQQ_OK?	46	3fffffffffff
N??CA?oI?gOaOQQ_?[?	46	3fffffffffff
N??CA?oI?gCas?AoX??	46	7fffffff7fff
N??CA?oI?gCas?AoWO?	46	3fffffffcff7d
N??CA?oI?gCas?AoHO?	46	7ffffffeffff
N??CA?oI?gCas?Ao@W?	46	7ffffffdffff
N??CA?oI?gCas?Ao?w?	46	3fffffffffff
N??CA?oI?gCas?AoWC?	46	7fffffffff7f
N??CA?oI?gCas?AoOc?	46	ffffffffe7ff
N??CA?oI?gCas?AoOS?	46	3fffffffffff
N??CA?oI?gCas?AoGS?	46	3fffffffffff
N??CA?oI?gCas?Ao?[?	46	3fffffffffff
N??CA?oI?gCas?AoW@?	46	ffffffffff7b
N??CA?oI?gCas?AoOP?	46	7fffffffefff
N??CA?oI?gCas?AoGP?	46	7fffffffefff
N??CA?oI?gCas?Ao?X?	46	7ffffffdffff
N??CA?oI?gCaq?AoW_?	46	3fffffff0ffff
N??CA?oI?gCaq?AoGo?	46	3ffffffe97fff
N??CA?oI?gCaq?AoQ@?	46	3fffffffffff
N??CA?oI?gCae?oOGP?	46	7ffffffffffb
N??CA?oI?gCae?OoX??	46	7fffffff7fff
N??CA?oI?gCae?OoHO?	46	7ffffffeffff
N??CA?oI?gCae?OoWC?	46	3fffffffffff
N??CA?oI?gCae?OoGc?	46	3bfffffbf7ffd
N??CA?oI?gCae?OoGS?	46	3fffffffffff
N??CA?oI?gCae?OoGK?	46	3fffffffffff
N??CA?oI?gCae?OoW@?	46	7ffffffffffb
N??CA?oI?gCae?OoGP?	46	7fffffffefff
N??CA?oI?gCae?OoGH?	46	7fffffffefff
N??CA?oI?gCap?AoWO?	46	3fffffff0ffff
N??CA?oI?gCap?AoHO?	46	3ffffffe97fff
N??CA?oI?gCap?AoOW?	46	3ffffffe97fff
N??CA?oI?gCap?Ao@W?	46	3ffffffe67fff
N??CA?oI?gCap?AoWC?	46	7ffffffff7ff
N??CA?oI?gCap?AoOS?	46	3fffffffffff
N??CA?oI?gCap?AoGS?	46	3fffffffffff
N??CA?oI?gCap?Ao?[?	46	3fffffffffff
N??CA?oI?gCap?AoB@?	46	3fffffffcfefb
N??CA?oI?gCap?AoGP?	46	3fffffffffff
N??CA?oI?gCap?Ao?X?	46	3fffffffffff
N??CA?oI?gCap?AoOD?	46	fffffffdf7ff
N??CA?oI?gCap?Ao@D?	46	3fffffffdef7e
N??CA?oI?gCap?Ao?T?	46	3fffffffffff
N??CA?oI?gCab?OoX??	46	3fffffff0ffff
N??CA?oI?gCab?OoHO?	46	3ffffffe97fff
N??CA?oI?gCab?OoWC?	46	3fffffffffff
N??CA?oI?gCab?OoGS?	46	3fffffffffff
N??CA?oI?gCab?OoGK?	46	3fffffffffff
N??CA?oI?gCab?OoW@?	46	3fffffffffff
N??CA?oI?gCab?OoGP?	46	3fffffffffff
N??CA?oI?gCab?OoGD?	46	2ffeffffffefb
N??CA?oI?gCao_aOH_?	46	3fffffff0ffff
N??CA?oI?gCao_aO?s?	46	3fffffffffff
N??CA?oI?gCao_aOAK?	46	3fffffffffff
N??CA?oI?gCao_aO?k?	46	3fffffffffff
N??CA?oI?gCao_aOI@?	46	ffffffffff7b
N??CA?oI?gCao_aOAP?	46	7fffffffefff
N??CA?oI?gCao_aOAH?	46	7fffffffefff
N??CA?oI?gCac_QOX??	46	3fffffffe777f
N??CA?oI?gCac_QOW_?	46	7ffffffeffff
N??CA?oI?gCac_QOWO?	46	3fffffffcff7d
N??CA?oI?gCac_QOWG?	46	3fffffffcff7d
N??CA?oI?gCac_QOWC?	46	3fffffffffff
N??CA?oI?gCac_QOW@?	46	ffffffffeffb
N??CA?oI?gCac_OQX??	46	ffffffffff7b
N??CA?oI?gCaa_oOH_?	46	3fffffff0ffff
N??CA?oI?gCaa_oOI@?	46	fbfffffbe7ff9
N??CA?oI?gCaa_QOW_?	46	3fffffff0ffff
N??CA?oI?gCa`_QOX??	46	3fffffff0ffff
N??CA?oI?gCa`_QOWO?	46	3fffffff0ffff
N??CA?oI?gCa`_QOWG?	46	3fffffff0ffff
N??CA?oI?gCa`_QOWC?	46	3fffffffffff
N??CA?oI?gCa`_QOW@?	46	3fffffffffff
N??CA?oI?g@aw?_oBO?	46	3fffffffffff
N??CA?oI?g@aw?_oGo?	46	ffffffff0e7ff
N??CA?oI?g@aw?_oAo?	46	7ffffffeffff
N??CA?oI?g@aw?_oAg?	46	7ffffffeffff
N??CA?oI?g@aw?_o@g?	46	3ffffffe97fff
N??CA?oI?g@aw?_o@K?	46	1ffffffffb7fe
N??CA?oI?g@aw?_oI@?	46	7ffffffffffb
N??CA?oI?g@aw?_oAP?	46	7fffffffefff
N??CA?oI?g@aw?_oAH?	46	7fffffffefff
N??CA?oI?g@aw?_o@H?	46	3fffffffffff
N??CA?oI?g@aw?_o?h?	46	7fffffffefff
N??CA?oI?g@aw?AoW_?	46	3fffffff0ffff
N??CA?oI?g@aw?AoQ_?	46	3fffffffffff
N??CA?oI?g@aw?AoQO?	46	3fffffffffff
N??CA?oI?g@aw?AoIO?	46	3fffffffffff
N??CA?oI?g@aw?AoGo?	46	3ffffffe97fff
N??CA?oI?g@aw?AoAo?	46	3fffffffffff
N??CA?oI?g@aw?Ao?w?	46	3ffffffe67fff
N??CA?oI?g@aw?AoWC?	46	3ffffffffffcc
N??CA?oI?g@aw?AoAc?	46	3fffffffcfefb
N??CA?oI?g@aw?AoGS?	46	1ffffffffb7fe
N??CA?oI?g@aw?Ao?[?	46	3ffdf7ffff77f
N??CA?oI?g@aw?AoW@?	46	3fffffffffff
N??CA?oI?g@aw?AoQ@?	46	3fffffffffff
N??CA?oI?g@aw?AoGP?	46	3fffffffffff
N??CA?oI?g@aw?AoAP?	46	3fffffffffff
N??CA?oI?g@aw?AoOD?	46	3fffffffffff
N??CA?oI?g@aw?Ao?d?	46	3fffffffdef7e
N??CA?oI?g@aw?Ao?T?	46	3fffffffffff
N??CA?oI?g@aw?@oIO?	46	3fffffffffff
N??CA?oI?g@aw?@oHO?	46	3ffffffe97fff
N??CA?oI?g@aw?@oQC?	46	3fffffffffff
N??CA?oI?g@aw?@oGS?	46	3fffffffffff
N??CA?oI?g@aw?@oAS?	46	3fffffffffff
N??CA?oI?g@aw?@oOD?	46	3fffffffffff
N??CA?oI?g@aw?@o@D?	46	3fffffffdef7e
N??CA?oI?g@aw??wX??	46	3ffffffffffcc
N??CA?oI?g@aw??wQ_?	46	3fffffffffff
N??CA?oI?g@aw??wB_?	46	3fffffffcfefb
N??CA?oI?g@aw??wIO?	46	37ffffbfefffb
N??CA?oI?g@aw??wHO?	46	1ffffffffb7fe
N??CA?oI?g@aw??wAo?	46	3fffffffffff
N??CA?oI?g@aw??w?w?	46	3fffffffffff
N??CA?oI?g@aw??wQ@?	46	3fffffffffff
N??CA?oI?g@aw??w@`?	46	3fffffffdef7e
N??CA?oI?g@aw??wAP?	46	3fffffffffff
N??CA?oI?g@aw??qX??	46	3fffffffffff
N??CA?oI?g@aw??qW_?	46	3fffffffffff
N??CA?oI?g@aw??qQ_?	46	3fffffffffff
N??CA?oI?g@aw??qQO?	46	3fffffffffff
N??CA?oI?g@aw??qIO?	46	3fffffffffff
N??CA?oI?g@aw??qHO?	46	3fffffffffff
N??CA?oI?g@aw??qGo?	46	3fffffffffff
N??CA?oI?g@aw??qAo?	46	3fffffffffff
N??CA?oI?g@aw??qAW?	46	3fffffffffff
N??CA?oI?g@aw??q@W?	46	3fffffffffff
N??CA?oI?g@aw??q?w?	46	3fffffffffff
N??CA?oI?g@aw??qWC?	46	3fffffffffff
N??CA?oI?g@aw??qPC?	46	3fffffffffff
N??CA?oI?g@aw??qGS?	46	3fffffffffff
N??CA?oI?g@aw??qAS?	46	3fffffffffff
N??CA?oI?g@aw??q@S?	46	3fffffffffff
N??CA?oI?g@aw??q?[?	46	3fffffffffff
N??CA?oI?g@aq?_oKO?	46	2ffdeff7fe70fccc
N??CA?oI?g@aq?_oCo?	46	3ffffffe97fff
N??CA?oI?g@aq?_oEG?	46	3fffffffffff
N??CA?oI?g@aq?_oCg?	46	3ffffffe97fff
N??CA?oI?g@aq?_oCK?	46	1ffffffffb7fe
N??CA?oI?g@aq?_oAK?	46	7fffffffefff
N??CA?oI?g@aq??wY??	46	3fffffffffff
N??CA?oI?g@aq??wQ_?	46	3fffffffffff
N??CA?oI?g@aq??wE_?	46	3fffffffcfefb
N??CA?oI?g@aq??wKO?	46	1ffffffffb7fe
N??CA?oI?g@aq??wIO?	46	3fffffffffff
N??CA?oI?g@aq??wGo?	46	3fffffffffff
N??CA?oI?g@aq??wAo?	46	3fffffffffff
N??CA?oI?g@aq??wO`?	46	3fffffffffff
N??CA?oI?g@aq??w?p?	46	3fffffffffff
N??CA?oI?g@ah?OoX??	46	3fffffff0ffff
N??CA?oI?g@ah?OoIO?	46	fffffffcffff
N??CA?oI?g@ah?OoHO?	46	3ffffffe97fff
N??CA?oI?g@ah?OoIG?	46	fffffffcffff
N??CA?oI?g@ah?OoWC?	46	3fffffffffff
N??CA?oI?g@ah?OoIC?	46	3bfffffbf7ffd
N??CA?oI?g@ah?OoGS?	46	3fffffffffff
N??CA?oI?g@ah?OoGD?	46	2ffeffffffefb
N??CA?oI?g@ag_oOI_?	46	ffffffff7ffd
N??CA?oI?g@ag_oOH_?	46	3fffffff0ffff
N??CA?oI?g@ag_oOHO?	46	2ffdeff7fe70fccc
N??CA?oI?g@ag_oOGo?	46	ffffffff0e7ff
N??CA?oI?g@ag_oOHC?	46	3ffffffffffcc
N??CA?oI?g@ag_oOI@?	46	3fffffffcfefb
N??CA?oI?g@ag_oOH@?	46	3fffffffffff
N??CA?oI?g@ag_oOG`?	46	3ffffffffe7f9
N??CA?oI?g@ag_QOY??	46	3fffffffffff
N??CA?oI?g@ag_QOW_?	46	3fffffff0ffff
N??CA?oI?g@ag_QOWG?	46	2ffdeff7fe70fccc
N??CA?oI?g@ag_QOWC?	46	3ffffffffffcc
N??CA?oI?g@ag_QOW@?	46	3fffffffffff
N??CA?oI?g@ag_POY??	46	fffffffffefd
N??CA?oI?g@ag_POX??	46	3fffffff0ffff
N??CA?oI?g@ag_POWO?	46	ffffffff0e7ff
N??CA?oI?g@ag_POWC?	46	fffffffef7ff
N??CA?oI?g@ag_OWY??	46	3ffeff7ff7eff
N??CA?oI?g@ag_OWX??	46	3ffffffffffcc
N??CA?oI?g@ag_OWW_?	46	3fffffffffff
N??CA?oI?g@ag_OWWO?	46	37ff6fdff9f0fb52
N??CA?oI?g@ag_OQY??	46	fffffffdfeff
N??CA?oI?g@ag_OQX??	46	fffffffff7fd
N??CA?oI?g@ag_OQW_?	46	ffffffffe7ff
N??CA?oI?g@ag_OQWO?	46	3fffffffe777f
N??CA?oI?g@ag_OQWG?	46	3fffffffe777f
N??CA?oI?g@ag_OQWC?	46	ffffffff7eff
N??CA?oI?g@aa_oOM??	46	3fffffffffff
N??CA?oI?g@aa_oOK_?	46	3fffffff0ffff
N??CA?oI?g@aa_oOKO?	46	2ffdeff7fe70fccc
N??CA?oI?g@aa_oOKC?	46	3ffffffffffcc
N??CA?oI?g@aa_oOIC?	46	3ffffffff7f7a
N??CA?oI?g@aa_OW[??	46	3ffffffffffcc
N??CA?oI?g@aa_OWY??	46	ffffffffff7e
N??CA?oI?g@aa_OWW_?	46	ffffffffff7d
N??CA?oI?g@aa_OWWO?	46	7ffffffffb77c
N??CA?oI?g@aoG_oI_?	46	3fffffffffff
N??CA?oI?g@aoG_oAo?	46	3fffffffffff
N??CA?oI?g@aoG_oEG?	46	37ffffbfefffb
N??CA?oI?g@aoG_oDG?	46	1ffffffffb7fe
N??CA?oI?g@aoG_oBG?	46	3fffffffffff
N??CA?oI?g@aoG_oCg?	46	3fffffffffff
N??CA?oI?g@aoG_oAg?	46	3fffffffffff
N??CA?oI?g@aoG_o@g?	46	7fffffffefff
N??CA?oI?g@aoG_oG`?	46	7ffffffffffe
N??CA?oI?g@aoG_oGP?	46	fbfffffbe7ff9
N??CA?oI?g@aoG_o?h?	46	7ffffffff7ff
N??CA?oI?g@aoG_o?X?	46	f7fffbfffeefa
N??CA?oI?g@aoGCo[??	46	3ffeff7ff7eff
N??CA?oI?g@aoGCoW_?	46	3fffffffffff
N??CA?oI?g@aoGCoS_?	46	3fffffffffff
N??CA?oI?g@aoGCoD_?	46	3fffffffcfefb
N??CA?oI?g@aoGCoKO?	46	37ffffbfefffb
N??CA?oI?g@aoGCoHO?	46	3fffffffffff
N??CA?oI?g@aoGCoOo?	46	3fffffffffff
N??CA?oI?g@aoGCoGo?	46	3fffffffffff
N??CA?oI?g@aoGCoCo?	46	3fffffffffff
N??CA?oI?g@aoGCoOW?	46	3ffdbf739b7ee87d
N??CA?oI?g@aoGCoCW?	46	3fff7dfffeeff
N??CA?oI?g@aoGCo?w?	46	3fffffffffff
N??CA?oI?g@aoGCoW@?	46	3fffffffff87f
N??CA?oI?g@aoGCoS@?	46	3fffffffffff
N??CA?oI?g@aoGCoO`?	46	3fffffffffff
N??CA?oI?g@aoGCoGP?	46	1ffffff7efffd
N??CA?oI?g@aoGCoCP?	46	3fffffffffff
N??CA?oI?g@aoGCo?X?	46	3fff7dfffeeff
N??CA?oI?g@aoG?qT??	46	3fffffffffff
N??CA?oI?g@aoG?qW_?	46	3fffffffffff
N??CA?oI?g@aoG?qQ_?	46	3fffffffffff
N??CA?oI?g@aoG?qKO?	46	3fffffffffff
N??CA?oI?g@a_goOM??	46	3ffeff7ff7eff
N??CA?oI?g@a_goOL??	46	3ffffffffffcc
N??CA?oI?g@a_goOJ??	46	3fffffffffff
N??CA?oI?g@a_goOK_?	46	3fffffffffff
N??CA?oI?g@a_goOI_?	46	3fffffffffff
N??CA?oI?g@a_goOH_?	46	3ffffffff7f7a
N??CA?oI?g@a_goOKO?	46	37ff6fdff9f0fb52
N??CA?oI?g@a_goOHO?	46	7ffffffffb77c
N??CA?oI?g@a_goOG`?	46	3fffffffeeffc
N??CA?oI?g@a_goOGP?	46	fbfffffbe7ff9
N??CA?oI?g@a_gSO[??	46	3ffeff7ff7eff
N??CA?oI?g@a_gSOX??	46	3fffffffffff
N??CA?oI?g@a_gSOW_?	46	3fffffffffff
N??CA?oI?g@a_gSOWO?	46	3ffe7f8f6b7ef07b
N??CA?oI?g@a_gSOWG?	46	3ffe7f8f6b7ef07b
N??CA?oI?g@a_gSOW@?	46	3fffffffff87f
N??CA?oI?g@a_gOQ[??	46	ffffffff7eff
N??CA?oI?g@a_gOQWO?	46	fbfffffbe7ff9
N??CA?oI?gOQw?BOAg?	46	3fffffffffff
N??CA?oI?gOQw?BOGW?	46	37ff6fdff9f0fb52
N??CA?oI?gOQw?BOAW?	46	3fffffffffff
N??CA?oI?gOQw?BO?w?	46	3ffffffe97fff
N??CA?oI?gOQw?BOAc?	46	fffffffeefff
N??CA?oI?gOQw?BOAS?	46	3ffffffffe7f9
N??CA?oI?gOQw?BO?s?	46	3fffffffffff
N??CA?oI?gOQw?BOA`?	46	fffffffeefff
N??CA?oI?gOQw?BOAP?	46	ffffffffe7ff
N??CA?oI?gOQw?BOAH?	46	3fffffffffff
N??CA?oI?gOQw?BO@H?	46	3fffffffffff
N??CA?oI?gOQw?BO?h?	46	ffffffffff7e
N??CA?oI?gOQw?BOGD?	46	7fffffffefff
N??CA?oI?gOQw?BOAD?	46	ffffffffe7ff
N??CA?oI?gOQw?BO?d?	46	ffffffffe7ff
N??CA?oI?gOQq?HOI_?	46	3fffffffffff
N??CA?oI?gOQq?HOIO?	46	3fffffffffff
N??CA?oI?gOQq?HO@o?	46	3ffffffe97fff
N??CA?oI?gOQq?HO@W?	46	3faeffff75e937d2
N??CA?oI?gOQq?HOIC?	46	3fffffffffff
N??CA?oI?gOQq?HOAc?	46	effefffffeefa
N??CA?oI?gOQq?HO?s?	46	3fffffffffff
N??CA?oI?gOQq?HOAK?	46	7ffffffffffd
N??CA?oI?gOQq?HO?k?	46	7fffffffff7f
N??CA?oI?gOQq?HOI@?	46	3fffffffffff
N??CA?oI?gOQq?HOG`?	46	3fffffffffff
N??CA?oI?gOQq?HOA`?	46	effefffffeefa
N??CA?oI?gOQq?HOAP?	46	3fffffffffff
N??CA?oI?gOQq?HOAH?	46	7ffffffffffd
N??CA?oI?gOQq?HO?X?	46	3fffffffffff
N??CA?oI?gOQq?HOGD?	46	3fffffffffff
N??CA?oI?gOQq?HOAD?	46	feffffffff37c
N??CA?oI?gOQq?HO?d?	46	ffffffffff74c
N??CA?oI?gOQq?DOK_?	46	3fffffffffff
N??CA?oI?gOQq?DOKO?	46	3ffff7dfdf7ff
N??CA?oI?gOQq?DOGo?	46	3fffffffffff
N??CA?oI?gOQq?DOCo?	46	3fffffffffff
N??CA?oI?gOQq?DOKG?	46	3fffffffffff
N??CA?oI?gOQq?DOGg?	46	effefffffeefa
N??CA?oI?gOQq?DOCg?	46	7ffffffffffe
N??CA?oI?gOQq?DO@g?	46	3fffffffffff
N??CA?oI?gOQq?DOCW?	46	3fffffffffff
N??CA?oI?gOQq?DO@W?	46	7fbfbffbf7f7f
N??CA?oI?gOQq?DO?w?	46	3fffffffffff
N??CA?oI?gOQq?DOGc?	46	7ffffffffffe
N??CA?oI?gOQq?DOCc?	46	effefffffeefa
N??CA?oI?gOQq?DO@c?	46	3fffffffffff
N??CA?oI?gOQq?DO?s?	46	3fffffffffff
N??CA?oI?gOQq?DOGK?	46	7ffffffffffd
N??CA?oI?gOQq?DO?[?	46	3fffffffffff
N??CA?oI?gOQq?DOG`?	46	fbffbfffff77c
N??CA?oI?gOQq?DO?h?	46	ffffffffff74c
N??CA?oI?gOQq?BOCo?	46	3ffffffe97fff
N??CA?oI?gOQq?BOAW?	46	3fffffffffff
N??CA?oI?gOQq?BOAc?	46	3fffffffffff
N??CA?oI?gOQq?BOGS?	46	1ffffffffb7fe
N??CA?oI?gOQq?BOE@?	46	3fffffffffff
N??CA?oI?gOQq?BOCP?	46	3fffffffffff
N??CA?oI?gOQq?BOAD?	46	3fffffffffff
N??CA?oI?gOQq?BO?d?	46	3fffffffffff
N??CA?oI?gOQq?@oM??	46	3fffffffffff
N??CA?oI?gOQq?@oK_?	46	3fffffff0ffff
N??CA?oI?gOQq?@oI_?	46	3fffffffffff
N??CA?oI?gOQq?@oE_?	46	3fffffffffff
N??CA?oI?gOQq?@oD_?	46	3ffffffe97fff
N??CA?oI?gOQq?@oIG?	46	3fffffffffff
N??CA?oI?gOQq?@oEG?	46	3fffffffffff
N??CA?oI?gOQq?@oBG?	46	3fffffffffff
N??CA?oI?gOQq?@oIC?	46	3fffffffffff
N??CA?oI?gOQq?@oHC?	46	1ffffffffb7fe
N??CA?oI?gOQq?@oCc?	46	3fffffffffff
N??CA?oI?gOQq?@oAc?	46	3fffffffffff
N??CA?oI?gOQq?@oGK?	46	1ffffeffff7fd
N??CA?oI?gOQq?@oAK?	46	3fffffffffff
N??CA?oI?gOQq?@oI@?	46	3fffffffffff
N??CA?oI?gOQq?@oE@?	46	3fffffffffff
N??CA?oI?gOQq?@oD@?	46	3fffffffffff
N??CA?oI?gOQq?@oAH?	46	3fffffffffff
N??CA?oI?gOQq?@oGD?	46	3fffffffffff
N??CA?oI?gOQq?@oAD?	46	3fffffffffff
N??CA?oI?gOQq?@o?L?	46	3fffffffffff
N??CA?oI?gOQq?@WM??	46	3fffffffffff
N??CA?oI?gOQq?@WI_?	46	7ffffffffffe
N??CA?oI?gOQq?@WE_?	46	effefffffeefa
N??CA?oI?gOQq?@WB_?	46	3fffffffffff
N??CA?oI?gOQq?@WGo?	46	3fffffffffff
N??CA?oI?gOQq?@WCo?	46	3fffffffffff
N??CA?oI?gOQq?@WAo?	46	3fffffffffff
N??CA?oI?gOQq?@WEG?	46	7ffffffffffd
N??CA?oI?gOQq?@WAg?	46	ffffffffff74c
N??CA?oI?gOQq?@WCW?	46	1ffffeffff7fd
N??CA?oI?gOQq?@WAW?	46	3fffffffffff
N??CA?oI?gOQq?@WE@?	46	feffffffff37c
N??CA?oI?gOQq?@WG`?	46	7fffffffff7f
N??CA?oI?gOQq?@W@`?	46	3fffffffffff
N??CA?oI?gOQq?@WGP?	46	3fffffffffff
N??CA?oI?gOQq?@WAH?	46	fffffffffeed2
N??CA?oI?gOQq?@W?h?	46	ffffffffe7fe1
N??CA?oI?gOQq?@W?X?	46	3fffffffffff
N??CA?oI?gOQp?BOHO?	46	3faeffff75e937d2
N??CA?oI?gOQp?BODO?	46	3ffffffe97fff
N??CA?oI?gOQp?BOEG?	46	3fffffffffff
N??CA?oI?gOQp?BOCW?	46	3ffffffe97fff
N??CA?oI?gOQp?BOAW?	46	3fffffffffff
N??CA?oI?gOQp?BOEC?	46	7fffffffefff
N??CA?oI?gOQp?BOBC?	46	3fffffffffff
N??CA?oI?gOQp?BOCS?	46	3fffffffffff
N??CA?oI?gOQp?BOAS?	46	3fffffffffff
N??CA?oI?gOQp?BOAK?	46	7ffffffff7ff
N??CA?oI?gOQp?BO@K?	46	3fffffffffff
N??CA?oI?gOQp?BOE@?	46	7fffffffefff
N??CA?oI?gOQp?BOCD?	46	7ffffffff7ff
N??CA?oI?gOQp?BOAD?	46	7ffffffff7ff
N??CA?oI?gOQp?BO@D?	46	3fffffffffff
N??CA?oI?gOQh?SOH@?	46	3fffffffffff
N??CA?oI?gOQh?QOHO?	46	2ffdeff7fe70fccc
N??CA?oI?gOQh?QOIC?	46	3fffffffffff
N??CA?oI?gOQh?QOGc?	46	3fffffffffff
N??CA?oI?gOQh?QOI@?	46	fffffffeefff
N??CA?oI?gOQh?QOG`?	46	3fffffffffff
N??CA?oI?gOQh?OQJ??	46	3fffffffffff
N??CA?oI?gOQb?WOI_?	46	7ffffffdffff
N??CA?oI?gOQb?WOIO?	46	3fffffffffff
N??CA?oI?gOQb?WOHO?	46	2ffdeff7fe70fccc
N??CA?oI?gOQb?WOGo?	46	3fffffff0ffff
N??CA?oI?gOQb?WOGg?	46	3fffffff0ffff
N??CA?oI?gOQb?WOGW?	46	37ff6fdff9f0fb52
N??CA?oI?gOQb?WOI@?	46	fffffffefffe
N??CA?oI?gOQb?WOH@?	46	3fffffffffff
N??CA?oI?gOQb?WOGP?	46	3fffffffffff
N??CA?oI?gOQb?QOM??	46	3fffffffffff
N??CA?oI?gOQb?QOK_?	46	3fffffff0ffff
N??CA?oI?gOQb?QOKO?	46	2ffdeff7fe70fccc
N??CA?oI?gOQb?OoM??	46	3fffffffffff
N??CA?oI?gOQb?OoL??	46	2ffdeff7fe70fccc
N??CA?oI?gOQb?OoK_?	46	3fffffff0ffff
N??CA?oI?gOQb?OoIC?	46	ffffffff7ffd
N??CA?oI?gOQb?OoGK?	46	1ffffeffff7fd
N??CA?oI?gOQb?OoGD?	46	3fffffffffff
N??CA?oI?gOQb?OWM??	46	dffffeffff77c
N??CA?oI?gOQb?OWL??	46	3ffffffffffcc
N??CA?oI?gOQb?OWJ??	46	3fffffffffff
N??CA?oI?gOQb?OWI_?	46	7ffffffffffe
N??CA?oI?gOQb?OWH_?	46	ffffffffff7d
N??CA?oI?gOQb?OWKO?	46	3effffffffb7e
N??CA?oI?gOQb?OWIO?	46	3fffffffffff
N??CA?oI?gOQb?OWHO?	46	7ffffffffb77c
N??CA?oI?gOQb?OWGo?	46	ffffffffff7d
N??CA?oI?gOQb?OWI@?	46	feffffffff37c
N??CA?oI?gOQb?OWG`?	46	ffffffffff7b
N??CA?oI?gOQb?OWGP?	46	7ffffffffffb
N??CA?oI?gOQb?OWGH?	46	ffffbffbd7e7f
N??CA?oI?gOQoOR?E_?	46	7ffffffffffe
N??CA?oI?gOQoOR?Ac?	46	3fffffffef7fa
N??CA?oI?gOQoOR??[?	46	1ffffeffff7fd
N??CA?oI?gOQoOR?AD?	46	3fffffffeeffc
N??CAAAW?oSOL?BOBC?	46	3ffff7dfdf7ff
N??CAAAW?oSOL?BO@K?	46	3fffffffffff
N??CAAAW?oSOL?BO@E?	46	3fffffffffff
N??CAAAW?oSOL?BO?M?	46	7ffffffffb77c
N??CAAAW?oSOHOF?BC?	46	3ffff7dfdf7ff
N??CAAAW?oSOHOF?AE?	46	3fffffffffff
N??CAAAW?oSODOF?HC?	46	3fffffffffff
N??CAAAW?oSODOF?DC?	46	3ffff7dfdf7ff
N??CAAAW?oSODOF?@K?	46	3ffffffffffd2
N??CAAAW?oSODOF?@E?	46	3ffffef7ef7ff
N??CAAAW?oSODOBOEC?	46	3fffffffffff
N??CAAAW?oSODOBOBC?	46	3ffffffffffd2
N??CAAAW?oSODGBOJ??	46	3fffffffffff
N??CAAAW?oSODGBOF??	46	3ffff7dfdf7ff
N??CAAAW?oSODGBOI_?	46	3fffffffffff
N??CAAAW?oSODGBOB_?	46	3faeffff75e937d2
N??CAAAW?oSODGBOKG?	46	ffffffffff74c
N??CAAAW?oSODGBODG?	46	3fffffffffff
N??CAAAW?oSODGBOBG?	46	3ffffffffffd2
N??CAAAW?oSODGBO@g?	46	3ffffffffffd2
N??CAAAW?oSODGBOIA?	46	fffffffff77f
N??CAAAW?oSODGBOHA?	46	ffffffffff7e
N??CAAAW?oSODGBODA?	46	3fffffffffff
N??CAAAW?oSODGBOBA?	46	3fffffffffff
N??CAAAW?oSODGBOGa?	46	1ffffffffb7fe
N??CAAAW?oSODGBOGI?	46	7ffffffffb77c
N??CAAAW?oSODGBOCI?	46	7ffffffffb77c
N??CAAAW?oSODGBO@I?	46	fffffffff7fd
N??CAAAW?oSODGBO?i?	46	3ffdf7ffff77f
N??CAAAW?oSODGBOB@?	46	2ffdeff7fe70fccc
N??CAAAW?oSODGBOG`?	46	3fffffffffff
N??CAAAW?oSODGBOGH?	46	fffffffff7fd
N??CAAAW?oSODGBOCH?	46	3fffffffffff
N??CAAAW?oSODGBOGB?	46	fffffffdfffd
N??CAAAW?oSODGBO?J?	46	7fffffffefff
N??CAAAW?oSO@WF?J??	46	3fffffffdef7e
N??CAAAW?oSO@WF?F??	46	3ffff7dfdf7ff
N??CAAAW?oSO@WF?I_?	46	7fffffffff7f
N??CAAAW?oSO@WF?E_?	46	3ffff7dfdf7ff
N??CAAAW?oSO@WF?IG?	46	3fffffffffff
N??CAAAW?oSO@WF?BG?	46	3ffffffffffd2
N??CAAAW?oSO@WF?Ag?	46	3ffffffffffd2
N??CAAAW?oSO@WF?IA?	46	7fffffffff7f
N??CAAAW?oSO@WF?EA?	46	3fffffffffff
N??CAAAW?oSO@WF?BA?	46	3ffffffffe7f9
N??CAAAW?oSO@WF?G`?	46	7fffffff7fff
N??CAAAW?oSO@WF?C`?	46	3fffffff0ffff
N??CAAAW?oSO@WF??h?	46	3ffffffffffcc
N??CAAAW?oSO@WF?GB?	46	ffffffff77ff
N??CAAAW?oSO@WF??b?	46	7ffffffffffb
N??CAAAW?oSO@SF?EC?	46	3fffffffffff
N??CAAAW?oSO@SF?BC?	46	1ffffffffb7fe
N??CAAAW?oSO@SF?AK?	46	3fffffffffff
N??CAAAW?oSO@SF??d?	46	3fffffffffff
N??CAAAW?oSO@SF??L?	46	7ffffffdffff
N??CAAAW?oSODABOBC?	46	2ffdeff7fe70fccc
N??CAAAW?oSO@QF?BC?	46	2ffdeff7fe70fccc
N??CAAAW?oQOX?BOEC?	46	fffffffff7fe
N??CAAAW?oQOX?BODC?	46	7ffffffff7ff
N??CAAAW?oQOX?BOCK?	46	3ffffffffffcc
N??CAAAW?oQOX?BOCD?	46	fffffffdf7ff
N??CAAAW?oQOL?BOKC?	46	fffffffff7fe
N??CAAAW?oQOL?BOHC?	46	3fffffffffff
N??CAAAW?oQOL?BODC?	46	3ffff7dfdf7ff
N??CAAAW?oQOL?BOGE?	46	fffffffff77f
N??CAAAW?oQOJ?BOKC?	46	3fffffffffff
N??CAAAW?oQOJ?BOCK?	46	3fffffffffff
N??CAAAW?oQOJ?BOGE?	46	ffffffffff7d
N??CAAAW?oQOJ?BOGD?	46	fffffffef7ff
N??CAAAW?oQOF?HOGK?	46	3fffffffffff
N??CAAAW?oQOF?HOCK?	46	3fffffffffff
N??CAAAW?oQOF?HOGE?	46	7fffffffff7f
N??CAAAW?oQOHOJ?AK?	46	3fffffffffff
N??CAAAW?oQOHOJ?AE?	46	3fffffffffff
N??CAAAW?oQOHGBOL??	46	3fffffffffff
N??CAAAW?oQOHGBOJ??	46	3fffffffffff
N??CAAAW?oQOHGBOF??	46	3ffff7dfdf7ff
N??CAAAW?oQOHGBOI_?	46	3fffffffffff
N??CAAAW?oQOHGBOB_?	46	3faeffff75e937d2
N??CAAAW?oQOHGBOKG?	46	ffffffffff74c
N??CAAAW?oQOHGBOIG?	46	3fffffffffff
N??CAAAW?oQOHGBOBG?	46	3ffffffffffd2
N??CAAAW?oQOHGBO@g?	46	3ffffffffffd2
N??CAAAW?oQOHGBOIA?	46	fffffffff77f
N??CAAAW?oQOHGBOEA?	46	3ffffffffe67f
N??CAAAW?oQOHGBOHA?	46	ffffffffff7e
N??CAAAW?oQOHGBODA?	46	3fffffffffff
N??CAAAW?oQOHGBOBA?	46	3fffffffffff
N??CAAAW?oQOHGBOGa?	46	1ffffffffb7fe
N??CAAAW?oQOHGBOCI?	46	7ffffffffb77c
N??CAAAW?oQOHGBO@I?	46	fffffffff7fd
N??CAAAW?oQOHGBO?i?	46	3ffdf7ffff77f
N??CAAAW?oQOHGBOH@?	46	fffffffff7fe
N??CAAAW?oQOHGBOG`?	46	3fffffffffff
N??CAAAW?oQOHGBOGB?	46	fffffffdfffd
N??CAAAW?oQOHGBO@B?	46	7ffffffff7ff
N??CAAAW?oQOBGHOJ??	46	3fffffffdef7e
N??CAAAW?oQOBGHOF??	46	3ffff7dfdf7ff
N??CAAAW?oQOBGHOI_?	46	7fffffffff7f
N??CAAAW?oQOBGHOE_?	46	3ffff7dfdf7ff
N??CAAAW?oQOBGHOH_?	46	7fffffffff7f
N??CAAAW?oQOBGHOD_?	46	3ffff7dfdf7ff
N??CAAAW?oQOBGHOIG?	46	3fffffffffff
N??CAAAW?oQOBGHOEG?	46	3fffffffffff
N??CAAAW?oQOBGHOIA?	46	7fffffffff7f
N??CAAAW?oQOBGHOHA?	46	7fffffffff7f
N??CAAAW?oQOBGHOGB?	46	ffffffff77ff
N??CAAAW?oQOHABOKC?	46	7ffffffff7ff
N??CAAAW?oQOHABOGE?	46	fffffffdfffb
N??CAAAW?oQOHABO?M?	46	3fffffffffff
N??CAAAW?oQOBAHOKC?	46	3fffffffff87f
N??CAAAW?oQOBAHOGE?	46	dffffff7e7ff9
N??CAAAW?oOo[?BOBC?	46	3fffffffffff
N??CAAAW?oOo[?BOAc?	46	3fffffffffff
N??CAAAW?oOo[?BOCK?	46	3ffffffffffcc
N??CAAAW?oOo[?BOAK?	46	3fffffffffff
N??CAAAW?oOo[?BOAE?	46	fffffffff77f
N??CAAAW?oOo[?BO@E?	46	3fffffffffff
N??CAAAW?oOo[?BO?e?	46	1ffffffffb7fe
N??CAAAW?oOo[?BOCD?	46	7ffffffff7ff
N??CAAAW?oOo[?BO@D?	46	1ffffff7efffd
N??CAAAW?oOo[?BO?d?	46	1ffffff7efffd
N??CAAAW?oOo[?BO?F?	46	7ffffffdffff
N??CAAAW?oOoU?HOEC?	46	7ffffffff7ff
N??CAAAW?oOoU?HOBC?	46	3fffffffdef7e
N??CAAAW?oOoU?HOAc?	46	7fffffffff7f
N??CAAAW?oOoU?HOAE?	46	7fffffffff7f
N??CAAAW?oOoU?HOCD?	46	7ffffffdffff
N??CAAAW?oOoU?HO?d?	46	7fffffff7fff
N??CAAAW?oOoU?HO?F?	46	7fffffff7fff
N??CAAAW?oOoL?IOBC?	46	3ffff7dfdf7ff
N??CAAAW?oOoL?IO@c?	46	3ffff7dfdf7ff
N??CAAAW?oOoL?IOGK?	46	3ffffffffffcc
N??CAAAW?oOoL?IO?M?	46	1ffffffffb7fe
N??CAAAW?oOoL?EOHC?	46	3fffffffffff
N??CAAAW?oOoL?EO@c?	46	3faeffff75e937d2
N??CAAAW?oOoL?EO?k?	46	3ffffffffffd2
N??CAAAW?oOoL?EOGE?	46	7fffffffff7f
N??CAAAW?oOoL?EO@E?	46	3fffffffffff
N??CAAAW?oOoL?EO?M?	46	7ffffffffffd
N??CAAAW?oOoL?EO?F?	46	3fffffffffff
N??CAAAW?oOoL?BOIC?	46	3fffffffffff
N??CAAAW?oOoL?BODC?	46	3ffff7dfdf7ff
N??CAAAW?oOoL?BOBC?	46	3faeffff75e937d2
N??CAAAW?oOoL?BOGE?	46	1ffffffffb7fe
N??CAAAW?oOoL?BOGD?	46	3fffffffffff
N??CAAAW?oOoF?KOKC?	46	3fffffffffff
N??CAAAW?oOoF?KOHC?	46	7fffffffff7f
N??CAAAW?oOoF?KODC?	46	3ffff7dfdf7ff
N??CAAAW?oOoF?KOCc?	46	3ffff7dfdf7ff
N??CAAAW?oOoF?KOGE?	46	7fffffffff7f
N??CAAAW?oOoF?KOGD?	46	7fffffff7fff
N??CAAAW?oOoF?KOCD?	46	3fffffff0ffff
N??CAAAW?oOoF?HOIC?	46	7fffffffff7f
N??CAAAW?oOoF?HOEC?	46	3ffff7dfdf7ff
N??CAAAW?oOoF?HOGD?	46	7fffffff7fff
N??CAAAW?oOoF?HOCD?	46	3fffffff0ffff
N??CAAAW?oOoHOM?BC?	46	3ffff7dfdf7ff
N??CAAAW?oOoHOM?AE?	46	3fffffffffff
N??CAAAW?oOoKGBOJ??	46	3fffffffffff
N??CAAAW?oOoKGBOF??	46	3ffff7dfdf7ff
N??CAAAW?oOoKGBOI_?	46	3fffffffffff
N??CAAAW?oOoKGBOD_?	46	3ffff7dfdf7ff
N??CAAAW?oOoKGBOB_?	46	3faeffff75e937d2
N??CAAAW?oOoKGBOKG?	46	ffffffffff74c
N??CAAAW?oOoKGBOIG?	46	3fffffffffff
N??CAAAW?oOoKGBOEG?	46	3fffffffffff
N??CAAAW?oOoKGBOBG?	46	3ffffffffffd2
N??CAAAW?oOoKGBOAg?	46	3ffffffffffd2
N??CAAAW?oOoKGBOKA?	46	ffffffffff74c
N??CAAAW?oOoKGBOIA?	46	fffffffff77f
N??CAAAW?oOoKGBOEA?	46	3ffffffffe67f
N??CAAAW?oOoKGBOHA?	46	ffffffffff7e
N??CAAAW?oOoKGBODA?	46	3fffffffffff
N??CAAAW?oOoKGBOBA?	46	3fffffffffff
N??CAAAW?oOoKGBOGa?	46	1ffffffffb7fe
N??CAAAW?oOoKGBO@a?	46	3fffffffffff
N??CAAAW?oOoKGBOGI?	46	7ffffffffb77c
N??CAAAW?oOoKGBOCI?	46	7ffffffffb77c
N??CAAAW?oOoKGBOK@?	46	7ffffffff7ff
N??CAAAW?oOoKGBOH@?	46	fffffffff7fe
N??CAAAW?oOoKGBOB@?	46	2ffdeff7fe70fccc
N??CAAAW?oOoKGBOG`?	46	3fffffffffff
N??CAAAW?oOoKGBOAH?	46	3ffffffffffcc
N??CAAAW?oOoKGBOGB?	46	fffffffdfffd
N??CAAAW?oOoKGBO?b?	46	3fffffffffff
N??CAAAW?oOoKGBO?J?	46	7fffffffefff
N??CAAAW?oOoEGHOM??	46	3fffffffffff
N??CAAAW?oOoEGHOI_?	46	7fffffffff7f
N??CAAAW?oOoEGHOE_?	46	3ffff7dfdf7ff
N??CAAAW?oOoEGHOIG?	46	3fffffffffff
N??CAAAW?oOoEGHOIA?	46	7fffffffff7f
N??CAAAW?oOoEGHOK@?	46	7ffffffffffe
N??CAAAW?oOoEGHOG`?	46	7fffffff7fff
N??CAAAW?oOoEGHOC`?	46	3fffffff0ffff
N??CAAAW?oOoEGHOGB?	46	ffffffff77ff
N??CAAAW?oOoHGEOB_?	46	3faeffff75e937d2
N??CAAAW?oOoDGIOD_?	46	3ffff7dfdf7ff
N??CAAAW?oOoDGIOGa?	46	7ffffffffb77c
N??CAAAW?oOoGWF?J??	46	3fffffffdef7e
N??CAAAW?oOoGWF?F??	46	3ffff7dfdf7ff
N??CAAAW?oOoGWF?I_?	46	7fffffffff7f
N??CAAAW?oOoGWF?E_?	46	3ffff7dfdf7ff
N??CAAAW?oOoGWF?EG?	46	3fffffffffff
N??CAAAW?oOoGWF?IA?	46	7fffffffff7f
N??CAAAW?oOoGWF?I@?	46	3fffffffe777f
N??CAAAW?oOoGWF?E@?	46	3fffffff0ffff
N??CAAAW?oOoGWF?G`?	46	7fffffff7fff
N??CAAAW?oOoGWF?C`?	46	3fffffff0ffff
N??CAAAW?oOoGWF?GB?	46	ffffffff77ff
N??CAAAW?oOoKABOKC?	46	fffffffdf7ff
N??CAAAW?oOoKABOGE?	46	ffffffffd787f
N??CAAAW?oOoKABO?e?	46	1ffffff7efffd
N??CAAAW?oOoHAEO?k?	46	3ffffffffffcc
N??CAAAW?oOoHAEOGE?	46	ffffffff6fff
N??CAAAW?oOoHAEO?M?	46	7ffffffffffb
N??CAAAW?oOoGQF?KC?	46	7ffffffffffe
N??CAAAW?oOoGQF?Cc?	46	3fffffff0ffff
N??CAAAW?oOoGQF?CK?	46	7ffffffff7ff
N??CAAAW?oOoGQF?GE?	46	ffffffff77ff
