N????B?kCWEOBOOoM??	46	7ffffffffffd
N????B?kCWEOBOOoEO?	46	7ffffffff7ff
N????B?kCWEOBOOo@o?	46	3fffffffffff
N????B?kCWEOBOOoGW?	46	3fffffffffff
N????B?kCWEOBOOoEC?	46	ffffffff6fff
N????B?kCWDODOOoM??	46	3fffffffffff
N????B?kCWDODOOoEO?	46	3fffffffffff
N????B?kCWDODOOoGW?	46	3fffffffffff
N????B?kCWCWF?OoM??	46	3fffffffffff
N????B?kCWCWF?OoEO?	46	3fffffffffff
N????B?kCWCWF?Oo@o?	46	3fffffffffff
N????B?kCWCWF?OoGW?	46	7ffffffff7ff
N????B?kCWCWF?OoCW?	46	7ffffffff7ff
N????B?kCWCWF?Oo@c?	46	ffffffffe7fe1
N????B?kCWCWE_POM??	46	3fffffffffff
N????B?kCWCWE_POE_?	46	3fffffffffff
N????B?kCWCWE_POD_?	46	3fffffffffff
N????B?kCWCWE_PO@o?	46	3fffffffffff
N????B?kCWCWE_POEG?	46	3fffffffffff
N????B?kCWCWE_POGg?	46	7ffffffff7ff
N????B?kCWCWE_POCW?	46	3fffffffffff
N????B?kCWCWE_POHC?	46	7fffffff7fff
N????B?kCWCWB_SOF??	46	3fffffffffff
N????B?kCWCWB_SOH_?	46	7fffffffff7f
N????B?kCWCWB_SOEO?	46	3fffffffffff
N????B?kCWCWB_SO@o?	46	fffffffff77f
N????B?kCWCWB_SOIG?	46	7ffffffff7ff
N????B?kCWCWB_SO@g?	46	3fffffffffff
N????B?kCWCWB_SOCW?	46	3fffffffffff
N????B?kCWCWB_SO@c?	46	fffffffefeff
N????B?kCWCWCoR?M??	46	3fffffffffff
N????B?kCWCWCoR?D_?	46	7ffffffff7ff
N????B?kCWCWAoT?E_?	46	7ffffffff7ff
N????B?kCWCWAoT?EO?	46	3fffffffffff
N????B?kCWCWAoT?KC?	46	7ffffffeffff
N????B?MDGKOEO@oW_?	46	7ffffffffffd
N????B?MDGKODOAoW_?	46	7ffffffff7ff
N????B?MDGKODOAoAg?	46	3ffffffffffcc
N????B?KG[PGP_KO[??	46	7ffffffff7ff
N????B?KG[PGP_KOF??	46	7ffffffff7ff
N????B?KG[PGP_KOW_?	46	7ffffffffffb
N????B?KG[PGP_KO@o?	46	fffffffdfffb
N????B?KG[PGP_KOPG?	46	7fffffff7fff
N????B?KG[PGH_SO[??	46	7ffffffff7ff
N????B?KG[PGH_SOU??	46	7ffffffff7ff
N????B?KG[PGH_SOX??	46	7fffffffff7f
N????B?KG[PGH_SO@o?	46	fffffffefeff
N????B?KG[PGH_SOEG?	46	7ffffffdffff
N????B?KG[PGH_SOPG?	46	7ffffffeffff
N????B?KG[PGPOK_X??	46	7ffffffffffd
N????B?KG[PGPOK_PG?	46	7fffffffefff
N????B?KG[PGHOS_PG?	46	7ffffffffeff
N????B?KG[@go_KOX??	46	7ffffffffffb
N????B?KG[@gg_SOWO?	46	7ffffffdffff
N????B?KG[@g_o[?EO?	46	7ffffffdffff
N???C@?kCWF?Oo@gHO?	46	3fffffffffff
N???C@?kCWF?Oo@g@o?	46	3fffffffffff
N???C@?kCWF?Oo@gKG?	46	7ffffffdffff
N???C@?kCWF?Oo@gEG?	46	3fffffffd77fd
N???C@?kCWF?Oo@gHG?	46	7ffffffdffff
N???C@?kCWF?Oo@gGg?	46	7ffffffffffe
N???C@?kCWF?Oo@gCW?	46	3fffffffffff
N???C@?kCWF?Oo@g@W?	46	3fffffffffff
N???C@?kCWF?Oo@gCS?	46	3fffffffffff
N???C@?kCWF?Oo@g@S?	46	3fffffffffff
N???C@?kCWF?Oo@gGK?	46	7ffffffffffe
N???C@?kCWEOB_OWM??	46	7ffffffffffe
N???C@?kCWEOB_OWGW?	46	3fffffffffff
N???C@?kCWEOQO@gM??	46	7fffffffefff
N???C@?kCWEOQO@gEO?	46	fffffffff7fd
N???C@?kCWEOQO@g@o?	46	3fffffffffff
N???C@?kCWEOQO@gKG?	46	7ffffffdffff
N???C@?kCWEOQO@gEG?	46	fffffffdf7ff
N???C@?kCWEOQO@g@g?	46	7ffffffff7ff
N???C@?kCWEOQO@gGW?	46	3fffffffffff
N???C@?kCWEOQO@g?w?	46	3fffffffffff
N???C@?kCWEOQO@gEC?	46	7ffffffffffb
N???C@?kCWEOQO@g@S?	46	3fffffffffff
N???C@?kCWEOQO@gGK?	46	7ffffffffffb
N???C@?kCWEOQO@gCK?	46	3fffffffffff
N???C@?kCWEOOoBGM??	46	7ffffffffffb
N???C@?kCWEOOoBGH_?	46	fffffffdfffe
N???C@?kCWEOOoBGEO?	46	ffffffff0e7ff
N???C@?kCWEOOoBGHO?	46	3fffffffffff
N???C@?kCWEOOoBG@o?	46	3fffffffffff
N???C@?kCWEOOoBGKG?	46	7fffffffefff
N???C@?kCWEOOoBGEG?	46	ffffffff0e7ff
N???C@?kCWEOOoBG@g?	46	7ffffffff7ff
N???C@?kCWEOOoBG@W?	46	3fffffffffff
N???C@?kCWEOOoBGEC?	46	7fffffff7fff
N???C@?kCWDOD_OWKG?	46	7fffffffff7f
N???C@?kCWDOD_OWGW?	46	3fffffffffff
N???C@?kCWDOSO@gHG?	46	7ffffffdffff
N???C@?kCWDOSO@gGg?	46	7fffffffff7f
N???C@?kCWDOSO@gGW?	46	3fffffffffff
N???C@?kCWDOSO@gAW?	46	3fffffffffff
N???C@?kCWDOSO@g?w?	46	3fffffffffff
N???C@?kCWDOSO@gEC?	46	3fffffffffff
N???C@?kCWDOSO@g@c?	46	7ffffffffeff
N???C@?kCWDOSO@gAS?	46	3fffffffffff
N???C@?kCWDOOoDGKG?	46	7ffffffffeff
N???C@?kCWDOOoDGAW?	46	3fffffffffff
N???C@?kCWDOOoDGEC?	46	7fffffff7fff
N???C@?kCWDGS_@gH_?	46	3fffffffffff
N???C@?kCWDGS_@gKO?	46	3fffffffffff
N???C@?kCWDGS_@gEO?	46	3fffffffffff
N???C@?kCWDGS_@gHO?	46	3fffffffffff
N???C@?kCWDGS_@gEG?	46	3fffffffd77fd
N???C@?kCWDGS_@gGg?	46	3fffffffffff
N???C@?kCWDGS_@gAW?	46	3fffffffffff
N???C@?kCWDGD_OgM??	46	3fffffffffff
N???C@?kCWCWF?OgM??	46	3fffffffffff
N???C@?kCWCWF?OgGK?	46	7ffffffff7ff
N???C@?kCWCWS_BGM??	46	7ffffffffffb
N???C@?kCWCWS_BGH_?	46	ffffffffef7f
N???C@?kCWCWS_BGHO?	46	3fffffffffff
N???C@?kCWCWS_BG@o?	46	3fffffffffff
N???C@?kCWCWS_BGEG?	46	ffffffff0e7ff
N???C@?kCWCWS_BGCW?	46	fffffbbfce7ff
N???C@?kCWCWS_BGEC?	46	3fffffffffff
N???C@?kCWCWQ_DGM??	46	3fffffffffff
N???C@?kCWCWQ_DGGo?	46	3fffffffffff
N???C@?kCWCWQ_DG@o?	46	3fffffffffff
N???C@?kCWCWQ_DGIG?	46	3fffffffffff
N???C@?kCWCWQ_DGEG?	46	fffffffff7fd
N???C@?kCWCWQ_DGCW?	46	fffffffef7ff
N???C@?kCWCWQ_DGEC?	46	7ffffffffffd
N???C@?kCWCWQ_DG?[?	46	3fffffffffff
N???C@?kCWCWE_PGM??	46	3fffffffffff
N???C@?kCWCWB_SGH_?	46	7fffffffff7f
N???C@?kCWCWB_SGGK?	46	7ffffffdffff
N???C@?MF?CKD_B_W_?	46	7ffffffffffe
N???C@?gT_B_Q_@gKG?	46	fffffffdfffe
N???C@?gT_B_Q_@gHG?	46	7ffffffdffff
N???C@?gT_B_Q_@gGW?	46	fffffffdf7ff
N???C@?gT_B_Q_@g@W?	46	3fffffffffff
N???C@?gT_B_B_OgKG?	46	fbffbfffff77c
N???C@?gT_B_B_OgHG?	46	3fffffffffff
N???C@?gT_B_B_OgGW?	46	fffffbbfce7ff
N???C@?gT_@oU?@gM??	46	effefffffeefa
N???C@?gT_@oU?@gKG?	46	fffffbbfce7ff
N???C@?gT_@oU?@gHG?	46	7ffffffdffff
N???C@?gT_@oU?@gGg?	46	3fffffffffff
N???C@?gT_@oU?@gGK?	46	7ffffffdffff
N???C@?gT_@oU?@gCK?	46	fffffffdfffe
N???C@?gT_@oU?@g?k?	46	ffffffff7f7f
N???CB?KBOM?B_@oOK?	46	7ffffffff7ff
N???CB?KBOM?B_@oAK?	46	7ffffffff7ff
N???CB?KBOM?B_@o@K?	46	3fffffffffff
N???CB?KBOM?B_@o?k?	46	3fffffffffff
N???CB?KBOM?B_@oAa?	46	3fffffff0ffff
N???CB?KBOM?B_@o?M?	46	7ffffffdffff
N???CB?KBOJ?B_@oU??	46	7ffffffffffe
N???CB?KBOJ?B_@oE_?	46	3ffff7dfdf7ff
N???CB?KBOJ?B_@oEG?	46	3fffffffffff
N???CB?KBOJ?B_@oEC?	46	ffffffff0e7ff
N???CB?KBOJ?B_@oCK?	46	3fffffffffff
N???CB?KBOJ?B_@o?k?	46	1ffffffffb7fe
N???CB?KBOF?B_@oWG?	46	7ffffffff7ff
N???CB?KBOF?B_@o?w?	46	3ffffffffffd2
N???CB?KBOF?B_@oQC?	46	7ffffffff7ff
N???CB?KBOF?B_@oOc?	46	3fffffffffff
N???CB?KBOF?B_@oOK?	46	7fffffffff7f
N???CB?KBOF?B_@oGK?	46	7fffffffff7f
N???CB?KBOF?B_@oAI?	46	3ffffffffffcc
N???CB?KBOI_?wB_U??	46	7ffffffffffe
N???CB?KBOI_?wB_F??	46	3fffffffffff
N???CB?KBOI_?wB_EG?	46	7ffffffff7ff
N???CB?KBOI_?wB_SA?	46	7ffffffff7ff
N???CB?KBOI_?wB_CI?	46	7ffffffdffff
N???CB?KBOI_?sB_OW?	46	3fffffffffff
N???CB?KBOI_?sB_CK?	46	7ffffffdffff
N???CB?KBOI_?sB_@K?	46	3fffffffffff
N???CB?KBOI_?sB_?[?	46	3fffffffffff
N???CB?KBOE_CoB_WO?	46	3fffffffffff
N???CB?KBOE_CoB_WG?	46	7ffffffffffe
N???CB?KBOE_CoB_WC?	46	7ffffffffffe
N???CB?KBOE_CoB_PC?	46	3fffffffffff
N???CB?KBOE_CoB_Oc?	46	3fffffffffff
N???CB?KBOE_CoB_OE?	46	7ffffffff7ff
N???CB?KBOE_?wB_Y??	46	7ffffffffffe
N???CB?KBOE_?wB_R??	46	3fffffffffff
N???CB?KBOE_?wB_J??	46	3fffffffffff
N???CB?KBOE_?wB_Q_?	46	3fffffffffff
N???CB?KBOE_?wB_QO?	46	3fffffffffff
N???CB?KBOE_?wB_IO?	46	3fffffffffff
N???CB?KBOE_?wB_@o?	46	3fffffffffff
N???CB?KBOE_?wB_IG?	46	7ffffffff7ff
N???CB?KBOE_?wB_HG?	46	3fffffffffff
N???CB?KBOE_?wB_BG?	46	3fffffffffff
N???CB?KBOE_?wB_Ag?	46	3fffffffffff
N???CB?KBOE_?wB_AW?	46	3fffffffffff
N???CB?KBOE_?wB_QA?	46	7ffffffff7ff
N???CB?KBOE_?wB_Oa?	46	3fffffffffff
N???CB?KBOE_?wB_OQ?	46	3fffffffffff
N???CB?KBOE_?wB_AQ?	46	3fffffffffff
N???CB?KBOE_?wB_AI?	46	7ffffffdffff
N???CB?KBOE_?wB_@I?	46	3fffffffffff
N???CB?KBOE_?wB_?i?	46	3fffffffffff
N???CB?KBOE_?wB_?Y?	46	3fffffffffff
N???CB?KBOE_?sB_R??	46	3fffffffffff
N???CB?KBOE_?sB_QC?	46	7ffffffff7ff
N???CB?KBOE_?sB_PC?	46	3fffffffffff
N???CB?KBOE_?sB_Oc?	46	3fffffffffff
N???CB?KBOE_?sB_OS?	46	3fffffffffff
N???CB?KBOE_?sB_AS?	46	3fffffffffff
N???CB?KBOE_?sB_GK?	46	7ffffffdffff
N???CB?KBODGB_D_Y??	46	3fffffffffff
N???CB?KBODGB_D_Ao?	46	3faeffff75e937d2
N???CB?KBODGB_D_WG?	46	fbffbfffff77c
N???CB?KBODGB_D_IG?	46	3fffffffffff
N???CB?KBODGB_D_Gg?	46	3fffffffffff
N???CB?KBODGB_D_QC?	46	3fffffffffff
N???CB?KBODGB_D_Ga?	46	3fffffff0ffff
N???CB?KBOCgS_B_Q_?	46	3fffffffffff
N???CB?KBOCgS_B_B_?	46	3ffff7dfdf7ff
N???CB?KBOCgS_B_BO?	46	3ffff7dfdf7ff
N???CB?KBOCgS_B_QG?	46	7ffffffffffe
N???CB?KBOCgS_B_BG?	46	3fffffffffff
N???CB?KBOCgS_B_Og?	46	3fffffffffff
N???CB?KBOCgS_B_Ag?	46	3fffffffffff
N???CB?KBOCgS_B_AW?	46	3fffffffffff
N???CB?KBOCgS_B_QC?	46	7ffffffffffe
N???CB?KBOCgS_B_@c?	46	3fffffffffff
N???CB?KBOCgS_B_@K?	46	3fffffffffff
N???CB?KBOCgS_B_?k?	46	3fffffffffff
N???CB?KBOCgS_B_?[?	46	3fffffffffff
N???CB?KBOCgS_B_AQ?	46	3fffffff0ffff
N???CB?KBOCgB_E_Ao?	46	3faeffff75e937d2
N???CB?KBOCgB_E_WG?	46	3fffffffffff
N???CB?KBOCgB_E_Gg?	46	3fffffffffff
N???CB?KBOCgB_E_AW?	46	3ffffffffffd2
N???CB?KBOCgB_E_?w?	46	3ffffffffffd2
N???CB?KBOCgB_E_QC?	46	3fffffffffff
N???CB?KBOCgB_E_OS?	46	3fffffffffff
N???CB?KBOCgB_E_GK?	46	3fffffffffff
N???CB?KBOCgB_E_WA?	46	3fffffffffff
N???CB?KBOCgB_E_Ga?	46	3fffffff0ffff
N???CB?KBOCgB_E_?i?	46	3ffffffffffcc
N???CB?KBOCgB_E_OE?	46	3fffffffffff
N???CB?KB?j?B_@oSC?	46	fffffbbfce7ff
N???CB?KB?j?B_@oOK?	46	7ffffffdffff
N???CB?KB?j?B_@oCK?	46	7ffffffdffff
N???CB?KB?j?B_@o?k?	46	3fffffffffff
N???CB?KB?f?B_@oQ_?	46	3fffffffffff
N???CB?KB?f?B_@oWG?	46	fffffbbfce7ff
N???CB?KB?f?B_@oQG?	46	7ffffffff7ff
N???CB?KB?f?B_@oIG?	46	7ffffffff7ff
N???CB?KB?f?B_@oBG?	46	3ffffffffffcc
N???CB?KB?f?B_@oWC?	46	fffffbbfce7ff
N???CB?KB?f?B_@oQC?	46	fffffbbfce7ff
N???CB?KB?f?B_@oGK?	46	ffffffffd787f
N???CB?KB?h_E_@oD_?	46	3fffffff0ffff
N???CB?KB?h_E_@oSC?	46	fffffffdfffd
N???CB?KB?h_E_@oCK?	46	7fffffffefff
N???CB?KB?h_E_@o?[?	46	3fffffffffff
N???CB?KB?h_B_Co@o?	46	3fffffff0ffff
N???CB?KB?h_B_CoSC?	46	ffffffff77ff
N???CB?KB?h_B_CoOK?	46	7ffffffdffff
N???CB?KB?h_B_CoCK?	46	7ffffffdffff
N???CB?KB?h_B_Co?[?	46	3fffffffffff
N???CB?KB?d_E_@oQ_?	46	3fffffffffff
N???CB?KB?d_E_@oB_?	46	2ffdeff7fe70fccc
N???CB?KB?d_E_@oQO?	46	3fffffffffff
N???CB?KB?d_E_@oWG?	46	fffffffdfffd
N???CB?KB?d_E_@oIG?	46	3fffffffffff
N???CB?KB?d_E_@oWC?	46	fffffffdfffd
N???CB?KB?d_E_@oQC?	46	7ffffffdffff
N???CB?KB?d_E_@oOS?	46	3fffffffffff
N???CB?KB?d_E_@oGK?	46	ffffffff6fff
N???CB?KB?d_B_CoR??	46	3fffffffffff
N???CB?KB?d_B_CoQO?	46	3fffffffffff
N???CB?KB?d_B_CoWG?	46	ffffffff77ff
N???CB?KB?d_B_CoWC?	46	ffffffff77ff
N???CB?KB?d_B_CoQC?	46	7ffffffff7ff
N???CB?KB?d_B_CoAS?	46	3fffffffffff
N???CB?KB?d_B_CoGK?	46	fffffffdfffb
N???CB?KB?hGD_B_@K?	46	ffffffffd787f
N???CB?KB?dGD_B_Q_?	46	3fffffffffff
N???CB?KB?dGD_B_Ao?	46	2ffdeff7fe70fccc
N???CB?KB?dGD_B_QG?	46	7ffffffff7ff
N???CB?KB?dGD_B_HG?	46	7ffffffff7ff
N???CB?KB?dGD_B_BG?	46	3ffffffffffcc
N???CB?KB?dGD_B_QC?	46	7ffffffff7ff
N???CB?KB?dGD_B_HC?	46	7ffffffff7ff
N???CB?KB?dGD_B_GK?	46	ffffffffc87ff
N???C@_S@oU?B_@oGg?	46	3fffffffffff
N???C@_S@oU?B_@o?w?	46	3ffffffe97fff
N???C@_S@oU?B_@oWC?	46	fbffbfffff77c
N???C@_S@oU?B_@oGK?	46	7ffffffff7ff
N???C@_S@oU?B_@oOE?	46	fffffbbfce7ff
N???C@_S@oU?B_@o@E?	46	fffffbbfce7ff
N???C@_S@oU?B_@o?e?	46	3fffffffffff
N???C@_S@oU?B_@o?M?	46	7ffffffdffff
N???C@_S@oT?B_@oIG?	46	3fffffffffff
N???C@_S@oT?B_@o?w?	46	3faeffff75e937d2
N???C@_S@oT?B_@oIC?	46	ffffffff0e7ff
N???C@_S@oT?B_@oAc?	46	3fffffffffff
N???C@_S@oT?B_@oGK?	46	3fffffffffff
N???C@_S@oT?B_@oAK?	46	3fffffffffff
N???C@_S@oT?B_@oWA?	46	7ffffffff7ff
N???C@_S@oT?B_@oGa?	46	3fffffffffff
N???C@_S@oT?B_@oGI?	46	3fffffffffff
N???C@_S@oT?B_@oGE?	46	fffffbbfce7ff
N???C@_S@oT?B_@oAE?	46	fffffbbfce7ff
N???C@_S@oS_B_@oR??	46	3fffffff0ffff
N???C@_S@oS_B_@oIO?	46	3fffffffffff
N???C@_S@oS_B_@oIC?	46	3fffffffffff
N???C@_S@oS_B_@oBC?	46	3fffffffffff
N???C@_S@oS_B_@oWA?	46	3fffffffffff
N???C@_S@oS_B_@oIA?	46	3fffffffffff
N???C@_S@oS_B_@oHA?	46	3fffffffffff
N???C@_S@oS_B_@oGQ?	46	3fffffffffff
N???C@_S@oS_B_@oGI?	46	3fffffffffff
N???C@_S@oS_B_@oOE?	46	3fffffffffff
N???C@_S@oS_B_@oAE?	46	3fffffffffff
N???C@_S@oS_OoB_Q_?	46	3fffffffffff
N???C@_S@oS_OoB_QO?	46	3fffffffffff
N???C@_S@oS_OoB_Ao?	46	3fffffffffff
N???C@_S@oS_OoB_BG?	46	3fffffffffff
N???C@_S@oS_OoB_Ag?	46	3fffffffffff
N???C@_S@oS_OoB_AW?	46	3fffffffffff
N???C@_S@oS_OoB_AK?	46	7ffffffff7ff
N???C@_S@oS_OoB_@K?	46	3fffffffffff
N???C@_S@oS_OoB_PA?	46	3fffffffffff
N???C@_S@oS_OoB_OQ?	46	3fffffffffff
N???C@_S@oS_OoB_?q?	46	3fffffffffff
N???C@_S@oS_OoB_@I?	46	3fffffffffff
N???C@_S@oS_OoB_?i?	46	3fffffffffff
N???C@_S@oS_OoB_?Y?	46	3fffffffffff
N???C@_S@oS_OoB_OE?	46	7ffffffff7ff
N???C@_S@oS_CoB_WO?	46	3fffffffffff
N???C@_S@oS_CoB_WC?	46	7ffffffffffe
N???C@_S@oS_CoB_PC?	46	3fffffffffff
N???C@_S@oS_CoB_@S?	46	3fffffffffff
N???C@_S@oS_CoB_GK?	46	7ffffffff7ff
N???C@_S@oS_CoB_@K?	46	3fffffffffff
N???C@_S@oS_CoB_OE?	46	7ffffffff7ff
N???C@_S@oS_CoB_@E?	46	3fffffffffff
N???C@_S@oS_CoB_?e?	46	3fffffffffff
N???C@_S@oS_?wB_Y??	46	7ffffffffffe
N???C@_S@oS_?wB_X??	46	3fffffffffff
N???C@_S@oS_?wB_R??	46	3fffffffffff
N???C@_S@oS_?wB_J??	46	3fffffffffff
N???C@_S@oS_?wB_I_?	46	3fffffffffff
N???C@_S@oS_?wB_IO?	46	3fffffffffff
N???C@_S@oS_?wB_IG?	46	7ffffffff7ff
N???C@_S@oS_?wB_HG?	46	3fffffffffff
N???C@_S@oS_?wB_BG?	46	3fffffffffff
N???C@_S@oS_?wB_OW?	46	3ffffffffffcc
N???C@_S@oS_?wB_AW?	46	3fffffffffff
N???C@_S@oS_?wB_WA?	46	7ffffffff7ff
N???C@_S@oS_?wB_GI?	46	7ffffffdffff
N???C@_S@oS_?wB_AI?	46	7ffffffdffff
N???C@_S@oS_?sB_Y??	46	7ffffffffffe
N???C@_S@oS_?sB_X??	46	3fffffffffff
N???C@_S@oS_?sB_R??	46	3fffffffffff
N???C@_S@oS_?sB_Q_?	46	3fffffffffff
N???C@_S@oS_?sB_I_?	46	3fffffffffff
N???C@_S@oS_?sB_WO?	46	3fffffffffff
N???C@_S@oS_?sB_IO?	46	3fffffffffff
N???C@_S@oS_?sB_Go?	46	3fffffffffff
N???C@_S@oS_?sB_@o?	46	3fffffffffff
N???C@_S@oS_?sB_HG?	46	3fffffffffff
N???C@_S@oS_?sB_BG?	46	3fffffffffff
N???C@_S@oS_?sB_Og?	46	3fffffffffff
N???C@_S@oS_?sB_Gg?	46	3fffffffffff
N???C@_S@oS_?sB_AW?	46	3fffffffffff
N???C@_S@oS_?sB_WC?	46	7ffffffff7ff
N???C@_S@oS_?sB_Oc?	46	3fffffffffff
N???C@_S@oS_?sB_Gc?	46	3fffffffffff
N???C@_S@oS_?sB_GK?	46	7ffffffdffff
N???C@_S@oS_?sB_AK?	46	7ffffffdffff
N???C@_S@oS_?sB_@K?	46	3fffffffffff
N???C@_S@oS_?sB_?[?	46	3fffffffffff
N???C@_SE@D_E_@oU??	46	7ffffffff7ff
N???C@_SE@D_E_@oT??	46	7ffffffff7ff
N???C@_SE@D_E_@oE_?	46	3fffffffffff
N???C@_SE@D_E_@oBO?	46	ffffffffeffb
N???C@_SE@D_E_@oPG?	46	3fffffffffff
N???C@_SE@D_E_@oBG?	46	7ffffffffffb
N???C@_SE@D_E_@oAW?	46	fffffffff7fb
N???C@_SE@D_E_@oSA?	46	fffffffdfffd
N???C@_SE@D_E_@oOQ?	46	7fffffffff7f
N???C@_SE@D_B_CoU??	46	7ffffffffffe
N???C@_SE@D_B_CoT??	46	fffffffff77f
N???C@_SE@D_B_CoF??	46	3fffffffffff
N???C@_SE@D_B_CoBO?	46	ffffffffeffb
N???C@_SE@D_B_CoPG?	46	3fffffffffff
N???C@_SE@D_B_CoBG?	46	7ffffffffffb
N???C@_SE@D_B_CoOW?	46	7fffffffff7f
N???C@_SE@D_B_CoAW?	46	fffffffff7fb
N???C@_SE@D_B_CoSA?	46	ffffffff77ff
N???C@_SE@D_B_CoPA?	46	7ffffffeffff
N???C@_SE@D_B_CoOQ?	46	7fffffffff7f
N???C@_SE@@oM?@oF??	46	ffffffff0e7ff
N???C@_SE@@oM?@oAo?	46	ffffffffeffb
N???C@_SE@@oM?@o@o?	46	3ffffffffe7f9
N???C@_SE@@oM?@oDG?	46	3fffffffffff
N???C@_SE@@oM?@oBG?	46	7ffffffffffb
N???C@_SE@@oM?@oAg?	46	7ffffffffffb
N???C@_SE@@oM?@o?w?	46	3ffffffffe7f9
N???C@_SE@@oM?@oSA?	46	fffffbbfce7ff
N???C@_SE@@oM?@oEA?	46	fffffbbfce7ff
N???C@_SE@@oM?@oDA?	46	fffffbbfce7ff
N???C@_SE@@oM?@oAa?	46	3fffffffffff
N???C@_SE@@oM?@oCI?	46	7ffffffdffff
N???C@_EEAS_D_E_L??	46	3fffffffffff
N???C@_EEAS_D_E_H_?	46	7fffffffff7f
N???C@_EEAS_D_E_KO?	46	3fffffffffff
N???C@_EEAS_D_E_HG?	46	3fffffffffff
N???C@_EEAS_D_E_DG?	46	3fffffffffff
N???C@_EEAS_D_E_DC?	46	3fffffffffff
N???C@_EEAS_D_E_@K?	46	3fffffffffff
N???C@_EEAS_D_E_KA?	46	3fffffffffff
N???C@_EEAS_D_E_@I?	46	3ffffffffffcc
N???C@_EEAS_CoB_M??	46	fffffffff7fe
N???C@_EEAS_CoB_L??	46	3fffffffffff
N???C@_EEAS_CoB_J??	46	3fffffffffff
N???C@_EEAS_CoB_F??	46	3fffffffffff
N???C@_EEAS_CoB_K_?	46	ffffffffff74c
N???C@_EEAS_CoB_B_?	46	3ffffffffffd2
N???C@_EEAS_CoB_KO?	46	3ffffffffffcc
N???C@_EEAS_CoB_IO?	46	3fffffffffff
N???C@_EEAS_CoB_BO?	46	3ffffffffffd2
N???C@_EEAS_CoB_KC?	46	ffffffffff74c
N???C@_EEAS_CoB_BC?	46	3fffffffffff
N???C@_EEAS_CoB_KA?	46	7ffffffff7ff
N???C@_EEAS_CoB_BA?	46	3ffffffffffcc
N???C@_EEAS_CoB_Ga?	46	3fffffffffff
N???C@_EEAS_CgB_BO?	46	3ffffffffe7f9
N???C@_EEAS_CgB_KG?	46	ffffffffff74c
N???C@_EEAS_CgB_BG?	46	3fffffffffff
N???C@_EEAS_CgB_AQ?	46	3fffffffef7fa
N???C@_EEAS_@gE_J??	46	7ffffffffffd
N???C@_EEAS_@gE_F??	46	3fffffffffff
N???C@_EEAS_@gE_B_?	46	7ffffffffffd
N???C@_EEAS_@gE_BG?	46	3fffffffffff
N???C@_EEAQ_F?I_KO?	46	3fffffffffff
N???C@_EEAQ_W_B_F??	46	3fffffffffff
N???C@_EEAQ_W_B_E_?	46	3fffffffffff
N???C@_EEAQ_W_B_D_?	46	3fffffffffff
N???C@_EEAQ_W_B_BO?	46	3fffffffffff
N???C@_EEAQ_W_B_@o?	46	3fffffffffff
N???C@_EEAQ_W_B_BG?	46	3fffffffffff
N???C@_EEAQ_W_B_Ag?	46	3fffffffffff
N???C@_EEAQ_W_B_BC?	46	3fffffffffff
N???C@_EEAQ_W_B_EA?	46	7ffffffffffe
N???C@_EEAQ_W_B_DA?	46	7ffffffffffd
N???C@_EEAQ_W_B_Ca?	46	3fffffffffff
N???C@_EEAQ_W_B_CI?	46	7ffffffff7ff
N???C@_EEAQ_W_B_AE?	46	7ffffffff7ff
N???C@_EEAQ_E_H_L??	46	3fffffffffff
N???C@_EEAQ_E_H_K_?	46	3fffffffffff
N???C@_EEAQ_E_H_KO?	46	7ffffffff7ff
N???C@_EEAQ_E_H_KG?	46	7ffffffff7ff
N???C@_EEAQ_E_H_HG?	46	ffffffffeffe
N???C@_EEAQ_E_H_DG?	46	3fffffffffff
N???C@_EEAQ_E_H_@g?	46	3ffffffffffd2
N???C@_EEAQ_E_H_HC?	46	7ffffffffffe
N???C@_EEAQ_E_H_DC?	46	3fffffffffff
N???C@_EEAQ_E_H_KA?	46	3fffffffffff
N???C@_EEAQ_E_H_GE?	46	7fffffffff7f
N???C@_EEAQ_E_H_?e?	46	3fffffffffff
N???C@_EEAQ_AoH_M??	46	3fffffffffff
N???C@_EEAQ_AoH_J??	46	ffffffffeffe
N???C@_EEAQ_AoH_F??	46	3fffffffffff
N???C@_EEAQ_AoH_K_?	46	3ffffffffffcc
N???C@_EEAQ_AoH_I_?	46	3fffffffffff
N???C@_EEAQ_AoH_B_?	46	3ffffffffffd2
N???C@_EEAQ_AoH_BC?	46	7ffffffff7ff
N???C@_EEAQ_AoH_KA?	46	3fffffffffff
N???C@_EEAQ_AoH_CE?	46	3fffffffffff
N???C@_EEAQ_AgH_J??	46	7ffffffffffe
N???C@_EEAQ_AgH_F??	46	3fffffffffff
N???C@_EEAQ_AgH_B_?	46	3fffffffffff
N???C@_EEAQ_AgH_BO?	46	3fffffffffff
N???C@_EEAQ_AgH_BG?	46	7ffffffff7ff
N???C@_EEAQ_AgH_@Q?	46	fffffffdf7ff
N???C@_EEAQ_GcB_M??	46	7ffffffffffe
N???C@_EEAQ_GcB_L??	46	7ffffffffffd
N???C@_EEAQ_GcB_K_?	46	3fffffffffff
N???C@_EEAQ_GcB_KO?	46	7fffffffff7f
N???C@_EEAQ_GcB_KG?	46	fffffffff6ff
N???C@_EEAQ_GcB_BG?	46	3ffffffffffcc
N???C@_EEAQ_GcB_Ag?	46	3ffffffffffcc
N???C@_EEAQ_GcB_CS?	46	fffffffef7ff
N???C@_EEAQGH_B_M??	46	fbffbfffff77c
N???C@_EEAQGH_B_L??	46	3fffffffffff
N???C@_EEAQGH_B_K_?	46	3ffffffffffcc
N???C@_EEAQGH_B_I_?	46	3fffffffffff
N???C@_EEAQGH_B_DC?	46	3ffeff7ff7eff
N???C@_EEAQGH_B_BC?	46	7ffffffff7ff
N???C@_EAH[?D_AoF??	46	3fffffffffff
N???C@_EAH[?D_AoD_?	46	3fffffffffff
N???C@_EAH[?D_AoB_?	46	3ffffef7ef7ff
N???C@_EAH[?D_AoBO?	46	3ffe7f8f6b7ef07b
N???C@_EAH[?D_AoBG?	46	3fffffffff87f
N???C@_EAH[?D_AoCg?	46	7ffffffffb77c
N???C@_EAH[?D_Ao@g?	46	3fffffffffff
N???C@_EAH[?D_Ao?w?	46	3ffdf7ffff77f
N???C@_EAH[?D_AoEA?	46	fffffffef7ff
N???C@_EAH[?D_AoDA?	46	7ffffffff7ff
N???C@_EAH[?D_AoCa?	46	fffffffdf7ff
N???C@_EAH[?D_AoCQ?	46	3fffffffffff
N???C@_EAH[?D_Ao?i?	46	3fffffffffff
N???C@_EAH[?@oE_F??	46	3ffffffffe7f9
N???C@_EAH[?@oE_B_?	46	7ffbfef7ef7ff
N???C@_EAH[?@oE_EO?	46	7fffffffff7f
N???C@_EAH[?@oE_BG?	46	7ffbffffff87f
N???C@_EAH[?@oE_CQ?	46	7fffffff7fff
N???C@_EAH[?@oE_?q?	46	3ffffbbfeefff
N???C@_EAHY?I_@oT??	46	7ffffffff7ff
N???C@_EAHY?I_@oR??	46	7ffffffff7ff
N???C@_EAHY?I_@oF??	46	ffffffffe7ff
N???C@_EAHY?I_@oB_?	46	3fffffffffff
N???C@_EAHY?I_@oSO?	46	3ffffffffffcc
N???C@_EAHY?I_@oBO?	46	3fffffffffff
N???C@_EAHY?I_@oOo?	46	1ffffffffb7fe
N???C@_EAHY?I_@oSG?	46	3ffffffffffcc
N???C@_EAHY?I_@oAa?	46	7ffffffff7ff
N???C@_EAHY?I_@o@a?	46	3fffffffffff
N???C@_EAHY?I_@o?q?	46	3fffffffffff
N???C@_EAHY?I_@oCI?	46	3fffffffffff
N???C@_EAHY?H_AoR??	46	7ffffffffffe
N???C@_EAHY?H_AoF??	46	3fffffffffff
N???C@_EAHY?H_AoS_?	46	ffffffffff74c
N???C@_EAHY?H_AoE_?	46	3ffffffffe67f
N???C@_EAHY?H_AoSG?	46	3ffffffffffcc
N???C@_EAHY?H_AoDG?	46	3fffffffffff
N???C@_EAHY?H_AoBG?	46	7ffffffff7ff
N???C@_EAHY?H_AoEA?	46	fffffffef7ff
N???C@_EAHY?H_AoDA?	46	3fffffffffff
N???C@_EAHM?`_AoF??	46	3fffffffdef7e
N???C@_EAHM?`_AoS_?	46	ffffffffff74c
N???C@_EAHM?`_AoD_?	46	7fffffffff7f
N???C@_EAHM?`_AoB_?	46	7fffffffff7f
N???C@_EAHM?`_AoSG?	46	3ffffffffffcc
N???C@_EAHM?`_AoDG?	46	7fffffffff7f
N???C@_EAHM?`_AoBG?	46	ffffffff7f7f
N???C@_EAHM?`_Ao@g?	46	37ffffbfefffb
N???C@_EAHM?`_AoCW?	46	1ffffffffb7fe
N???C@_EAHM?`_Ao?w?	46	3ffe7f8f6b7ef07b
N???C@_EAHM?`_AoEA?	46	3fffffffe777f
N???C@_EAHM?`_Ao?q?	46	3fffffffffff
N???C@_EAHM?B__oT??	46	3fffffffffff
N???C@_EAHM?B__oSO?	46	ffffffffff74c
N???C@_EAHM?B__oOo?	46	3fefedefe76634fe
N???C@_EAHM?B__oOa?	46	3fffffffffff
N???C@_EAHJ?g_@oU??	46	7ffffffff7ff
N???C@_EAHJ?g_@oR??	46	fffffffff7fb
N???C@_EAHJ?g_@oEO?	46	3fffffffffff
N???C@_EAHJ?g_@oSA?	46	7ffffffdffff
N???C@_EAHJ?g_@oCQ?	46	3fffffffffff
N???C@_EAHJ?H__oU??	46	3fffffffffff
N???C@_EAHJ?H__oR??	46	ffff7dfffeefa
N???C@_EAHJ?H__oSA?	46	3fffffffffff
N???C@_EAHF?c_@o[??	46	7ffffffff7ff
N???C@_EAHF?c_@oX??	46	7ffffffff7ff
N???C@_EAHF?c_@oT??	46	fffffffdf7ff
N???C@_EAHF?c_@oW_?	46	3fffffffffff
N???C@_EAHF?c_@oS_?	46	3fffffffffff
N???C@_EAHF?c_@oP_?	46	3fffffffffff
N???C@_EAHF?c_@oH_?	46	7fffffffff7f
N???C@_EAHF?c_@oPO?	46	3ffffffff87ff
N???C@_EAHF?c_@o@o?	46	3fffffffffff
N???C@_EAHF?c_@oPG?	46	3ffffffff87ff
N???C@_EAHF?c_@oHG?	46	3fffffffffff
N???C@_EAHF?c_@oDG?	46	3fffffffffff
N???C@_EAHF?c_@oGg?	46	7ffffffffffd
N???C@_EAHF?c_@o@g?	46	3fffffffffff
N???C@_EAHF?c_@oOW?	46	7fdffef7ef7ff
N???C@_EAHF?c_@o@W?	46	3ffdffdfdff7f
N???C@_EAHF?c_@oOa?	46	3fffffffffff
N???C@_EAHF?c_@oOQ?	46	3ffffef7ef7ff
N???C@_EAHF?c_@o@Q?	46	3ffdffdfdff7f
N???C@_EAHF?c_@o@I?	46	3ffdffdfdff7f
N???C@_EAHS_c_AoF??	46	3fffffffffff
N???C@_EAHE_g_AoR??	46	3fffffffffff
N???C@_EAHE_g_AoJ??	46	7fffffffff7f
N???C@_EAHE_g_AoW_?	46	ffffffffff74c
N???C@_EAHE_g_AoH_?	46	7fffffffff7f
N???C@_EAHE_g_AoB_?	46	7fffffffff7f
N???C@_EAHE_g_AoBO?	46	3fffffffffff
N???C@_EAHE_g_AoHG?	46	3fffffffffff
N???C@_EAHE_g_AoBG?	46	7fffffff7fff
N???C@_EAHE_g_Ao@g?	46	3fffffffffff
N???C@_EAHE_g_AoOW?	46	3fdffffffb7fe
N???C@_EAHE_g_AoGW?	46	1ffffffffb7fe
N???C@_EAHE_g_AoPA?	46	3fffffffffff
N???C@_EAHE_g_AoGQ?	46	3fffffffffff
N???C@_EAHE_g_Ao@I?	46	7ffffffffeff
N???C@_EAHE_c_Ao[??	46	fffffffff77f
N???C@_EAHE_c_AoT??	46	3fffffffffff
N???C@_EAHE_c_AoS_?	46	fffffffff77f
N???C@_EAHE_c_AoDG?	46	3fffffffffff
N???C@_EAHE_E__oX??	46	3fffffffffff
N???C@_EAHWOL?AoF??	46	7fffffffff7f
N???C@_EAHWOL?AoS_?	46	ffffffffff74c
N???C@_EAHWOL?AoD_?	46	7fffffffff7f
N???C@_EAHWOL?AoSO?	46	3ffffffffffcc
N???C@_EAHWOL?AoCo?	46	1ffffffffb7fe
N???C@_EAHWOL?AoDG?	46	3fffffffffff
N???C@_EAHWOL?AoBG?	46	7fffffff7fff
N???C@_EAHWOL?AoCQ?	46	3fffffffffff
N???C@_EAHWOK_BOF??	46	3fffffffffff
N???C@_EAHWOK_BOB_?	46	3fffffffffff
N???C@_EAHWOK_BOSO?	46	ffffffffff74c
N???C@_EAHWOK_BOBO?	46	3fffffffffff
N???C@_EAHWOK_BOOo?	46	1ffffffffb7fe
N???C@_EAHWOK_BOBG?	46	3fffffffffff
N???C@_EAHWOK_BOAa?	46	3fffffffffff
N???C@_EAHWOK_BOCI?	46	3fffffffffff
N???C@_EAHWOK_BO?i?	46	7fffffffefff
N???C@_EAHWOH_EOF??	46	2ffeffffffefb
N???C@_EAHWOH_EOEA?	46	3ffffffffffcc
N???C@_EAHWOHOE_R??	46	7ffffffffffd
N???C@_EAHWOHOE_F??	46	3fffffffffff
N???C@_EAHWOHOE_BG?	46	7fffffff7fff
N???C@_EAHWOHOE_CQ?	46	3fffffffffff
N???C@_EAHWOGoF?R??	46	7fffffffff7f
N???C@_EAHWOGoF?F??	46	7fffffffff7f
N???C@_EAHWOGoF?BO?	46	3fffffffffff
N???C@_EAHWOGoF?Ao?	46	3fffffffffff
N???C@_EAHWOGoF?BG?	46	3fffffffffff
N???C@_EAHWOGoF?Ag?	46	3fffffffffff
N???C@_EAHWOGoF??q?	46	3fffffffffff
N???C@_EAHWOGoF??i?	46	3fffffffffff
N???C@_EAHSOe?@oBG?	46	ffffffffc87ff
N???C@_EAHSOM?@oY??	46	7ffffffff7ff
N???C@_EAHSOM?@oR??	46	fffffffdf7ff
N???C@_EAHSOM?@oJ??	46	3ffffffffe67f
N???C@_EAHSOM?@oB_?	46	7fffffffff7f
N???C@_EAHSOM?@oIG?	46	3fffffffffff
N???C@_EAHSOM?@oBG?	46	3fffffffffff
N???C@_EAHSOM?@oWA?	46	7ffffffdffff
N???C@_EAHSOM?@oGQ?	46	3fffffffffff
N???C@_EAHSOM?@oGI?	46	3fffffffffff
N???C@_EAHSOM?@oAI?	46	3fffffffffff
N???C@_EAHSOd?AoJ??	46	3fffffffffff
N???C@_EAHSOd?AoF??	46	3fffffffffff
N???C@_EAHSOd?AoBO?	46	3ffffffff87ff
N???C@_EAHSOd?AoBG?	46	3ffffffff87ff
N???C@_EAHSOd?AoGg?	46	1ffffffffb7fe
N???C@_EAHSOd?AoCW?	46	3fdffffffb7fe
N???C@_EAHSOc_BOF??	46	3fffffffffff
N???C@_EAHSOc_BOB_?	46	3fffffffffff
N???C@_EAHSOc_BOBG?	46	3ffffffff87ff
N???C@_EAHSOc_BOGg?	46	1ffffffffb7fe
N???C@_EAHSOcOB_J??	46	7fffffffff7f
N???C@_EAHSOcOB_F??	46	3fffffffffff
N???C@_EAHSOcOB_B_?	46	fffffffdf7ff
N???C@_EAHSOcOB_BG?	46	ffffffffc87ff
N???C@_EAHSOcOB_Gg?	46	1ffffffffb7fe
N???C@_EAHSOcOB_CW?	46	1ffffffffb7fe
N???C@_EAHSOKOB_R??	46	3fffffffffff
N???C@_EAHSOKOB_J??	46	3fffffffffff
N???C@_EAHSOKOB_B_?	46	3fffffffffff
N???C@_EAHSOKOB_BO?	46	3fffffffffff
N???C@_EAHSOKOB_BG?	46	3fffffffffff
N???C@_EAHSOKOB_GW?	46	1ffffffffb7fe
N???C@_EAHSOKOB_PA?	46	3fffffffffff
N???C@_EAHSOKOB_HA?	46	3fffffffffff
N???C@_EAHSOKOB_BA?	46	3fffffffffff
N???C@_EAHSOKOB_Ga?	46	3fffffffffff
N???C@_EAHSOKOB_OQ?	46	3fffffffffff
N???C@_EAHSOKOB_GQ?	46	3fffffffffff
N???C@_EAHSOKOB_GI?	46	7ffffffdffff
N???C@_EAHSOKOB_AI?	46	fffffffdfeff
N???C@_EAHSOKOB_@I?	46	3fffffffffff
N???C@_EAHSOHOE_R??	46	3fffffffffff
N???C@_EAHSOHOE_J??	46	3fffffffffff
N???C@_EAHSOHOE_B_?	46	3fffffffffff
N???C@_EAHSOHOE_QO?	46	3fffffffffff
N???C@_EAHSOHOE_BG?	46	7fffffff7fff
N???C@_EAHSOHOE_QA?	46	3fffffffffff
N???C@_EAHSOHOE_OQ?	46	3fffffffffff
N???C@_EAHSOHOE_GQ?	46	3fffffffffff
N???C@_EAHSOGoF?R??	46	3ffeff7ff7eff
N???C@_EAHSOGoF?BO?	46	37ffffbfefffb
N???C@_EAHSO@oE_U??	46	3fffffffffff
N???C@_EAHSO@oE_R??	46	3ffffffff87ff
N???C@_EAHSO@oE_F??	46	3fffffffffff
N???C@_EAHSO@oE_SA?	46	3fffffffffff
N???C@_EAHSO@oE_KA?	46	3fffffffffff
N???C@_EAHSO@oE_QA?	46	3ffffef7ef7ff
N???C@_EAHKOF?_oR??	46	3ffdbfe5c7bf06fd
N???C@_EAHKOF?_oQ_?	46	3bfffffbf7ffd
N???C@_EAHKOF?_oOa?	46	2ffeffffffefb
N???C@_EAHKOc_BOR??	46	3ffffffff87ff
N???C@_EAHKOc_BOQ_?	46	3fffffffffff
N???C@_EAHKOc_BOD_?	46	3fffffffdef7e
N???C@_EAHKOc_BOB_?	46	3fffffffffff
N???C@_EAHKOc_BOSO?	46	ffffffffff74c
N???C@_EAHKOc_BOEO?	46	3ffffffffe67f
N???C@_EAHKOc_BOBG?	46	3ffdffdfdff7f
N???C@_EAHKOc_BOOg?	46	3fdffffffb7fe
N???C@_EAHKOc_BOCg?	46	7ffffffffb77c
N???C@_EAHKOc_BOAa?	46	3fffffffffff
N???C@_EAHKOc_BO@a?	46	3ffffffffe67f
N???C@_EAHKOE_`OR??	46	3ffe7fda37bf077b
N???C@_EAHKO`_EOB_?	46	6ffaffffffefb
N???C@_EAHKO`_EOAa?	46	7ebfffffffb7e
N???C@_EAHKOD_aOS_?	46	3defbfffdea94fcc
N???C@_EAHKOD_aOP_?	46	5fffdeffff7fd
N???C@_EAHKOD_aOSO?	46	3defbfffdea94fcc
N???C@_EAHKOD_aOOg?	46	3fdffffffb7fe
N???C@_EAHKOD_aOOa?	46	3fffffffffff
N???C@_EAHQOi?@oJ??	46	7ffffffff7ff
N???C@_EAHQOi?@oB_?	46	3fffffffffff
N???C@_EAHQOi?@oKG?	46	3ffffffffffcc
N???C@_EAHQOi?@oDA?	46	fffffffcffff
N???C@_EAHQOa_HOJ??	46	7ffffffffffd
N???C@_EAHQOa_HOF??	46	3fffffffffff
N???C@_EAHQOKOB_T??	46	3fffffffffff
N???C@_EAHQOKOB_L??	46	3fffffffffff
N???C@_EAHQOKOB_W_?	46	3fffffffffff
N???C@_EAHQOKOB_@o?	46	3fffffffffff
N???C@_EAHQOKOB_DG?	46	3fffffffffff
N???C@_EAHQOKOB_@g?	46	3fffffffffff
N???C@_EAHQOKOB_OW?	46	7ffbfef7ef7ff
N???C@_EAHQOKOB_@W?	46	3ffdffdfdff7f
N???C@_EAHQOKOB_Oa?	46	3fffffffffff
N???C@_EAHQOKOB_OQ?	46	3ffffef7ef7ff
N???C@_EAHQOKOB_CI?	46	fffffffdfeff
N???C@_EAHQOKOB_@I?	46	3ffdffdfdff7f
N???C@_EAHQOKOB_?i?	46	3fffffffffff
N???C@_EAHQOEOH_[??	46	3fffffffffff
N???C@_EAHQOEOH_X??	46	7ffffffffffe
N???C@_EAHQOEOH_T??	46	3fffffffffff
N???C@_EAHQOEOH_L??	46	3fffffffffff
N???C@_EAHQOEOH_KG?	46	7fffffffff7f
N???C@_EAHQOEOH_SA?	46	3fffffffffff
N???C@_EAHQOEOH_KA?	46	3fffffffffff
N???C@_EAHQOEOH_CI?	46	3fffffffffff
N???C@_EAHQOCoJ?[??	46	3ffffbbfeefff
N???C@_EAHQOCoJ?T??	46	3fffffffffff
N???C@_EAHQOCoJ?S_?	46	3ffeff7ff7eff
N???C@_EAHQOCoJ?SA?	46	3fffffffffff
N???C@_EAHIOh?AoF??	46	3fffffffffff
N???C@_EAHIOh?AoD_?	46	3fffffffffff
N???C@_EAHIOh?AoDG?	46	3fffffffffff
N???C@_EAHIOh?AoBG?	46	7ffffffffffe
N???C@_EAHIOh?AoCg?	46	7ffffffffb77c
N???C@_EAHIOh?AoCW?	46	1ffffffffb7fe
N???C@_EAHIOh?AoCa?	46	fffffffdf7ff
N???C@_EAHIOh?AoCI?	46	3fffffffffff
N???C@_EAHIOJ?_oSO?	46	3ffffffffffcc
N???C@_EAHIOJ?_oSA?	46	3fffffffffff
N???C@_EAHIOg_BOF??	46	3fffffffffff
N???C@_EAHIOg_BOB_?	46	ffffffffeffe
N???C@_EAHIOg_BOBG?	46	7ffffffffffd
N???C@_EAHIOg_BOOg?	46	1ffffffffb7fe
N???C@_EAHIOg_BOCW?	46	1ffffffffb7fe
N???C@_EAHIOg_BO?w?	46	3ffdf7ffff77f
N???C@_EAHIOI_`OSA?	46	3fffffffffff
N???C@_EAHIOI_`OOa?	46	ffffffffef7f
N???C@_EAHIOH_aOT??	46	3bffbffffff7d
N???C@_EAHIOH_aOS_?	46	3defbfffdea94fcc
N???C@_EAHIOH_aOSG?	46	3ffffffffffcc
N???C@_EAHIOH_aOSA?	46	3fffffffffff
N???C@_EAHEOi?@oY??	46	7ffffffff7ff
N???C@_EAHEOi?@oR??	46	fffffffdf7ff
N???C@_EAHEOi?@oJ??	46	ffffffffe7ff
N???C@_EAHEOi?@oB_?	46	3fffffffffff
N???C@_EAHEOi?@oWO?	46	3ffffffffffcc
N???C@_EAHEOi?@oBO?	46	3fffffffffff
N???C@_EAHEOi?@oWG?	46	3ffffffffffcc
N???C@_EAHEOi?@oBG?	46	3fffffffffff
N???C@_EAHEOi?@oGg?	46	1ffffffffb7fe
N???C@_EAHEOi?@oWA?	46	7ffffffdffff
N???C@_EAHEOi?@oPA?	46	fffffffcffff
N???C@_EAHEOi?@oGI?	46	3fffffffffff
N???C@_EAHEOi?@o@I?	46	3fffffffffff
N???C@_EAHEOe?@o[??	46	7ffffffff7ff
N???C@_EAHEOe?@oL??	46	ffffffffe7ff
N???C@_EAHEOe?@oW_?	46	7fffffffff7f
N???C@_EAHEOe?@oH_?	46	3fffffffffff
N???C@_EAHEOe?@oSO?	46	3fffffffffff
N???C@_EAHEOe?@oKO?	46	3effffffffcfe
N???C@_EAHEOe?@oDO?	46	3fffffffffff
N???C@_EAHEOe?@o@o?	46	3fffffffffff
N???C@_EAHEOe?@oKG?	46	3fffffffffff
N???C@_EAHEOe?@oHG?	46	3fffffffffff
N???C@_EAHEOe?@oDG?	46	3fffffffffff
N???C@_EAHEOe?@oGg?	46	7ffffffffffd
N???C@_EAHEOe?@o@g?	46	3fffffffffff
N???C@_EAHEOe?@oCW?	46	3fffffffffff
N???C@_EAHEOe?@oOa?	46	3fffffffffff
N???C@_EAHEOe?@oGa?	46	3fffffffffff
N???C@_EAHEOe?@o@Q?	46	3ffdffdfdff7f
N???C@_EAHEOe?@o?i?	46	3fffffffffff
N???C@_EAHEOe?@o?Y?	46	3fff7fefdfeff
N???C@_EAHEOh?AoR??	46	3fffffffffff
N???C@_EAHEOh?AoJ??	46	3fffffffffff
N???C@_EAHEOh?AoH_?	46	3fffffffffff
N???C@_EAHEOh?AoB_?	46	3fffffffffff
N???C@_EAHEOh?AoBO?	46	6ffaffffffefb
N???C@_EAHEOh?AoHG?	46	3fffffffffff
N???C@_EAHEOh?AoBG?	46	3fffffffffff
N???C@_EAHEOh?AoGg?	46	7ffffffffb77c
N???C@_EAHEOh?AoGW?	46	1ffffffffb7fe
N???C@_EAHEOh?Ao@W?	46	3fffffffffff
N???C@_EAHEOh?AoPA?	46	7ffffffeffff
N???C@_EAHEOh?AoGa?	46	fffffffdf7ff
N???C@_EAHEOh?AoGI?	46	3fffffffffff
N???C@_EAHEOd?AoT??	46	3fffffffffff
N???C@_EAHEOd?AoL??	46	3fffffffffff
N???C@_EAHEOd?AoW_?	46	fffffffff77f
N???C@_EAHEOd?AoH_?	46	3fffffffffff
N???C@_EAHEOd?AoSO?	46	3fffffffffff
N???C@_EAHEOd?AoKO?	46	3fffffffffff
N???C@_EAHEOd?AoPO?	46	3ffffffff87ff
N???C@_EAHEOd?AoDO?	46	3fffffffffff
N???C@_EAHEOd?Ao@o?	46	3fffffffffff
N???C@_EAHEOd?AoKG?	46	3fffffffffff
N???C@_EAHEOd?AoDG?	46	3fffffffffff
N???C@_EAHEOd?Ao@g?	46	3fffffffffff
N???C@_EAHEOd?AoCW?	46	3fffffffffff
N???C@_EAHEOd?Ao@W?	46	3ffdffdfdff7f
N???C@_EAHEOd?AoOa?	46	7ffffffdffff
N???C@_EAHEOd?AoGa?	46	fffffffdf7ff
N???C@_EAHEOd?Ao@I?	46	3ffdffdfdff7f
N???C@_EAHEOd?Ao?i?	46	3fffffffffff
N???C@_EAHEOd?Ao?Y?	46	3fff7fefdfeff
N???C@_EAHEOJ?_oR??	46	3fffffffffff
N???C@_EAHEOJ?_oWO?	46	3ffffffffffcc
N???C@_EAHEOJ?_oWA?	46	3fffffffffff
N???C@_EAHEOJ?_oQA?	46	3fffffffffff
N???C@_EAHEOF?_o[??	46	3fffffffffff
N???C@_EAHEOF?_oX??	46	3fffffffffff
N???C@_EAHEOF?_oW_?	46	7fffffffff7f
N???C@_EAHEOF?_oP_?	46	3fffffffffff
N???C@_EAHEOF?_oSO?	46	3ffff7dfdf7ff
N???C@_EAHEOF?_oPO?	46	3ffffffff87ff
N???C@_EAHEOF?_oPG?	46	3ffffffff87ff
N???C@_EAHEOF?_oOa?	46	3fffffffffff
N???C@_EAHEOF?_oOQ?	46	3ffffef7ef7ff
N???C@_EAHEOg_BOR??	46	3fffffffffff
N???C@_EAHEOg_BOJ??	46	3fffffffffff
N???C@_EAHEOg_BOH_?	46	3fffffffffff
N???C@_EAHEOg_BOB_?	46	3fffffffffff
N???C@_EAHEOg_BOIO?	46	3ffffffffe67f
N???C@_EAHEOg_BOBO?	46	3fffffffffff
N???C@_EAHEOg_BOBG?	46	3fffffffffff
N???C@_EAHEOg_BOGW?	46	1ffffffffb7fe
N???C@_EAHEOg_BOGI?	46	3fffffffffff
N???C@_EAHEOg_BOAI?	46	3fffffffffff
N???C@_EAHEOc_BOT??	46	3fffffffffff
N???C@_EAHEOc_BOL??	46	3fffffffffff
N???C@_EAHEOc_BOW_?	46	3fffffffffff
N???C@_EAHEOc_BOP_?	46	3fffffffffff
N???C@_EAHEOc_BOH_?	46	fffffffeefff
N???C@_EAHEOc_BOPO?	46	3ffffffff87ff
N???C@_EAHEOc_BO@o?	46	3fffffffffff
N???C@_EAHEOc_BODG?	46	3fffffffffff
N???C@_EAHEOc_BOGg?	46	fffffffffffc
N???C@_EAHEOc_BO@g?	46	ffffffff7ffb
N???C@_EAHEOc_BO@W?	46	3ffdffdfdff7f
N???C@_EAHEOc_BOOa?	46	3fffffffffff
N???C@_EAHEOc_BOGa?	46	3fffffffffff
N???C@_EAHEOc_BOOQ?	46	fffffef7ce7ff
N???C@_EAHEOc_BO@Q?	46	3ffdffdfdff7f
N???C@_EAHEOc_BOCI?	46	3fffffffffff
N???C@_EAHEOc_BO?i?	46	3fffffffffff
N???C@_EAHEOI_`OR??	46	3fffbffbf7f7f
N???C@_EAHEOI_`OWO?	46	3ffffffffffcc
N???C@_EAHEOI_`OQO?	46	3bfffffbf7ffd
N???C@_EAHEOI_`OWA?	46	7ffffffffffd
N???C@_EAHEOI_`OQA?	46	2fffff7ff7ffb
N???C@_EAHEOE_`OX??	46	3fffffffffff
N???C@_EAHEOE_`OT??	46	3fffbffbf7f7f
N???C@_EAHEOE_`OP_?	46	3ffffef7ef7ff
N???C@_EAHEOE_`OSO?	46	3bfffffbf7ffd
N???C@_EAHEOE_`OPG?	46	3ffffffff87ff
N???C@_EAHEOE_`OSA?	46	2fffff7ff7ffb
N???C@_EAHEOE_`OPA?	46	3ffe7fda37bf077b
N???C@_EAHEO`_AoJ??	46	3fffffffffff
N???C@_EAHEO`_AoF??	46	3fffffffffff
N???C@_EAHEO`_AoB_?	46	3fffffffffff
N???C@_EAHEO`_AoKG?	46	1ffffffffb7fe
N???C@_EAHEO`_AoBG?	46	3ffdffdfdff7f
N???C@_EAHEO`_AoGg?	46	3ffdf7ffff77f
N???C@_EAHEO`_AoQA?	46	3ffffef7ef7ff
N???C@_EAHEO`_AoBA?	46	3ffdffdfdff7f
N???C@_EAHEO`_AoOa?	46	3fffffffffff
N???C@_EAHEO`_AoGa?	46	3fffffffffff
N???C@_EAHEO`_AoAI?	46	3fff7fefdfeff
N???C@_EAHEO`_Ao@I?	46	3fff7fefdfeff
N???C@_EAHEOB__o[??	46	3ffffffffffcc
N???C@_EAHEOB__oQA?	46	3ffffef7ef7ff
N???C@_EAHEOgOB_R??	46	3fffffffffff
N???C@_EAHEOgOB_WO?	46	3ffffffffffcc
N???C@_EAHEOgOB_WG?	46	ffffffffff74c
N???C@_EAHEOgOB_WA?	46	7ffffffff7ff
N???C@_EAHEOgOB_PA?	46	3fffffffffff
N???C@_EAHEOgOB_OI?	46	fffffffdefff
N???C@_EAHEOcOB_[??	46	fffffffff7fe
N???C@_EAHEOcOB_X??	46	3fffffffffff
N???C@_EAHEOcOB_T??	46	3fffffffffff
N???C@_EAHEOcOB_W_?	46	3fffffffffff
N???C@_EAHEOcOB_P_?	46	3fffffffffff
N???C@_EAHEOcOB_SO?	46	3fffffffffff
N???C@_EAHEOcOB_Oo?	46	3fffffffffff
N???C@_EAHEOcOB_PG?	46	ffffffffc87ff
N???C@_EAHEOcOB_WA?	46	7ffffffff7ff
N???C@_EAHEOcOB_Oa?	46	3fffffffffff
N???C@_EAHBOk?@oX??	46	7ffffffff7ff
N???C@_EAHBOk?@oT??	46	fffffffdf7ff
N???C@_EAHBOk?@oL??	46	ffffffffe7ff
N???C@_EAHBOk?@oP_?	46	3fffffffffff
N???C@_EAHBOk?@oH_?	46	3fffffffffff
N???C@_EAHBOk?@oPO?	46	3ffffffff87ff
N???C@_EAHBOk?@oPG?	46	3ffffffff87ff
N???C@_EAHBOk?@oHG?	46	3fffffffffff
N???C@_EAHBOk?@oDG?	46	3fffffffffff
N???C@_EAHBOk?@o@g?	46	3fffffffffff
N???C@_EAHBOk?@o@W?	46	3ffdffdfdff7f
N???C@_EAHBOk?@oSA?	46	fffffffcffff
N???C@_EAHBOk?@oOa?	46	3fffffffffff
N???C@_EAHBOk?@o?Y?	46	3fff7fefdfeff
N???C@_EAHBOc_HOT??	46	3fffffffffff
N???C@_EAHBOc_HOL??	46	3ffffffffffd2
N???C@_EAHBOc_HOHG?	46	3fffffffffff
N???C@_EAHBOc_HODG?	46	3fffffffffff
N???C@_EAHBOcOH_[??	46	3ffdffdfdff7f
N???C@_EAHBOcOH_X??	46	7ffffffffffe
N???C@_EAHBOcOH_T??	46	3fffffffffff
N???C@_EAHBOcOH_WA?	46	7fffffffff7f
N???C@_EAHBOcOH_SA?	46	3fffffffffff
N???C@_EAHCok?AoR??	46	3fffffffffff
N???C@_EAHCok?AoJ??	46	3fffffffffff
N???C@_EAHCok?AoW_?	46	ffffffffff74c
N???C@_EAHCok?AoI_?	46	3ffffffffe67f
N???C@_EAHCok?AoB_?	46	3fffffffffff
N???C@_EAHCok?AoWG?	46	3ffffffffffcc
N???C@_EAHCok?AoHG?	46	3fffffffffff
N???C@_EAHCok?AoBG?	46	3fffffffffff
N???C@_EAHCok?AoWA?	46	7ffffffeffff
N???C@_EAHCok?AoQA?	46	7ffffffeffff
N???C@_EAHCok?AoIA?	46	fffffffef7ff
N???C@_EAHCok?AoPA?	46	3fffffffffff
N???C@_EAHCok?AoHA?	46	3fffffffffff
N???C@_EAHCok?AoBA?	46	3fffffffffff
N???C@_EAHCok?AoAI?	46	3fffffffffff
N???C@_EAHCok?Ao@I?	46	7ffffffffeff
N???C@_EAHCoM?_oY??	46	3fffffffffff
N???C@_EAHCoM?_oR??	46	7fff5dfffeeff
N???C@_EAHCoM?_oWA?	46	3fffffffffff
N???C@_EAHCoM?_oQA?	46	1ffffeffff7fd
N???C@_EAHCog_EOJ??	46	2ffeffffffefb
N???C@_EAHCog_EOB_?	46	2ffeffffffefb
N???C@_EAHCog_EOIA?	46	3ffffffffffcc
N???C@_EAHCoK_aOX??	46	3bffbffffff7d
N???C@_EAHCoK_aOW_?	46	3defbfffdea94fcc
N???C@_EAHCoK_aOWG?	46	3ffffffffffcc
N???C@_EAHCoK_aOWA?	46	3fffffffffff
N???C@_EAHCogOE_R??	46	7ffde7ffff77f
N???C@_EAHCogOE_WA?	46	7ffffffffffd
N???C@_EAHCogOE_QA?	46	3ffffffe97fff
N???C@_EAHWGH_E_R??	46	fffdf7ffff77c
N???C@_EAHSGc_B_F??	46	3fffffffffff
N???C@_EAHSGc_B_B_?	46	3fffbffbf7f7f
N???C@_EAHSGc_B_BO?	46	3ffe7fda37bf077b
N???C@_EAHSGc_B_KG?	46	ffffffffff74c
N???C@_EAHSGc_B_BG?	46	3ffffffff87ff
N???C@_EAHQGa_H_J??	46	7ffffffffffe
N???C@_EAHQGa_H_F??	46	3fffffffffff
N???C@_EAHQGa_H_KG?	46	3ffffffffffcc
N???C@_EAHOWk?B_J??	46	3fffffffffff
N???C@_EAHOWk?B_B_?	46	3fffffffffff
N???C@_EAHOWk?B_BO?	46	3ffffffff87ff
N???C@_EAHOWk?B_BG?	46	3ffffffff87ff
N???C@_EAHSAE_@oR??	46	ffffffffc87ff
N???C@_EAHSAE_@oKO?	46	3fffffffffff
N???C@_EAHSAE_@oGo?	46	7ffffffffffb
N???C@_EAHSAE_@oKG?	46	7fffffffefff
N???C@_EAHSAD_AoF??	46	3fffffffffff
N???C@_EAHSAD_AoKO?	46	3fffffffffff
N???C@_EAHSAD_AoBO?	46	3ffdffdfdff7f
N???C@_EAHSAD_AoKG?	46	7ffffffeffff
N???C@_EAHSAD_AoBG?	46	3ffdffdfdff7f
N???C@_EAHSAD_AoGg?	46	3fffffffffff
N???C@_EAHSAD_Ao@W?	46	3fff7fefdfeff
N???C@_EAHQAI_@o[??	46	7ffffffdffff
N???C@_EAHQAI_@oW_?	46	ffffffff7f7f
N???C@_EAHQAI_@oS_?	46	3fffffffffff
N???C@_EAHQAI_@oB_?	46	3fffffffffff
N???C@_EAHQAI_@oBO?	46	3ffdffdfdff7f
N???C@_EAHQAI_@oGo?	46	3defbfffdea94fcc
N???C@_EAHQAI_@oBG?	46	fffdffdfd7e7f
N???C@_EAHQAH_Ao[??	46	3fffffffcfefb
N???C@_EAHQAH_AoF??	46	3fffffffffff
N???C@_EAHOQM?@o[??	46	7ffffffdffff
N???C@_EAHOQM?@oR??	46	ffffffffc87ff
N???C@_EAHOQM?@oW_?	46	7ffffffffffe
N???C@_EAHOQM?@oS_?	46	3fffffffffff
N???C@_EAHOQM?@oQ_?	46	3fffffffffff
N???C@_EAHOQM?@oKO?	46	3fffffffffff
N???C@_EAHOQM?@oBO?	46	3ffdffdfdff7f
N???C@_EAHOQM?@oBG?	46	3ffdffdfdff7f
N???C@_EAHOQM?@oGg?	46	fffffffff7fb
N???C@_EAHOQM?@oOW?	46	fffffbbfce7ff
N???C@_EAHOQL?Ao[??	46	7ffffffeffff
N???C@_EAHOQL?AoT??	46	3fffffffffff
N???C@_EAHOQL?AoKO?	46	3fffffffffff
N???C@_EAHOQK_BO[??	46	7fffffffefff
N???C@_EAHOQK_BOT??	46	3fffffffffff
N???C@_EAHOQK_BOR??	46	3ffffffff87ff
N???C@_EAHOQK_BOW_?	46	7ffffffffffd
N???C@_EAHOQK_BOS_?	46	3fffffffffff
N???C@_EAHOQK_BOQ_?	46	3fffffffffff
N???C@_EAHOQK_BOB_?	46	3fffffffffff
N???C@_EAHOQK_BOBO?	46	3ffdffdfdff7f
N???C@_EAHOQK_BOGo?	46	3fffffffffff
N???C@_EAHOQK_BOGg?	46	ffffffffeffd
N???C@_EAHOQK_BO@g?	46	fffffffd7fff
N???C@_EAHOQE_HOKO?	46	3bffbffffff7d
N???C@_EAHOQH_EO[??	46	7ffffffffffb
N???C@_EAHOQH_EOU??	46	3fffffffffff
N???C@_EAHOQH_EOF??	46	3fffffffffff
N???C@_EAHAQi?@o[??	46	fffffef7ce7ff
N???C@_EAHAQJ?_o[??	46	3ffe7f8f6b7ef07b
N???C@_EAHOIK_B_[??	46	fffffffff7fb
N???C@_EAHOIK_B_R??	46	ffffffffc87ff
N???C@_EAHOIK_B_QG?	46	fffffef7ce7ff
N???C@_EAHOIE_H_[??	46	fffffffe67ff9
N??CA?_cB_KOBOBGAW?	46	7ffffffff7ff
N??CA?_cB_KOBOBGAK?	46	3fffffff0ffff
N??CA?_cB_KOBOBGPA?	46	3fffffffffff
N??CA?_cB_KOBOBGOI?	46	7fffffffefff
N??CA?_cB_EGBGB_GW?	46	7ffffffff7ff
N??CA?_cB_EGBGB_GQ?	46	7fffffffefff
N??CA?_cB_EGBGB_@Q?	46	3fffffffffff
N??CA?_cB_EGBGB_?U?	46	3fffffffffff
N??CA?_cECM?BOBGDO?	46	3fffffffffff
N??CA?_cECM?BOBG@g?	46	1ffffffffb7fe
N??CA?_cECM?BOBGAW?	46	ffffffff0e7ff
N??CA?_cECM?BOBG@W?	46	3fffffffffff
N??CA?_cECM?BOBGBC?	46	3fffffffffff
N??CA?_cECM?BOBGCS?	46	7ffffffff7ff
N??CA?_cECM?BOBGAS?	46	7ffffffff7ff
N??CA?_cECM?BOBG@S?	46	3fffffffffff
N??CA?_cECM?BOBGAK?	46	3fffffffffff
N??CA?_cECM?BOBGDA?	46	3fffffffffff
N??CA?_cECM?BOBGCQ?	46	ffffffff0e7ff
N??CA?_cECM?BOBGAQ?	46	ffffffff0e7ff
N??CA?_cECM?BOBG@E?	46	3fffffffffff
N??CA?_cECM?BOBG?U?	46	7ffffffdffff
N??CA?_cECM?BOBG?M?	46	3fffffffffff
N??CA?_cECD_F?AWM??	46	3fffffffffff
N??CA?_cECD_F?AWK_?	46	3ffffffffffcc
N??CA?_cECD_F?AWI_?	46	3fffffffffff
N??CA?_cECD_F?AWE_?	46	3ffdbfe5c7bf06fd
N??CA?_cECD_F?AWKO?	46	3fffffffffff
N??CA?_cECD_F?AWAo?	46	3fffffffffff
N??CA?_cECD_F?AWIG?	46	3fffffffffff
N??CA?_cECD_F?AWEG?	46	2fffff7ff7ffb
N??CA?_cECD_F?AWCg?	46	3faeffff75e937d2
N??CA?_cECD_F?AWAg?	46	2fffff7ff7ffb
N??CA?_cECD_F?AWCW?	46	3fffffffffff
N??CA?_cECD_F?AWIC?	46	3fffffffffff
N??CA?_cECD_F?AWAc?	46	3faeffff75e937d2
N??CA?_cECD_F?AWGS?	46	3fffffffffff
N??CA?_cECD_F?AWAS?	46	3fffffffffff
N??CA?_cECD_F?AWAK?	46	2ffeffffffefb
N??CA?_cECD_F?AW?k?	46	3ffe7f8f6b7ef07b
N??CA?_cECD_F?AW?[?	46	3fffffffffff
N??CA?_cECD_F?AWKA?	46	3fffffffffff
N??CA?_cECD_F?AWGa?	46	3fffffffffff
N??CA?_cECD_F?AWCa?	46	3ffff7dfdf7ff
N??CA?_cECD_F?AWGQ?	46	3fffffffffff
N??CA?_cECD_F?AWCQ?	46	3fffffffffff
N??CA?_cECD_F?AWAQ?	46	3fffffffffff
N??CA?_cECD_F?AWGI?	46	3fffffffffff
N??CA?_cECD_F?AWCI?	46	3fffffffffff
N??CA?_cECD_F?AW?i?	46	3fffffffffff
N??CA?_cECD_F?AW?Y?	46	3fffffffffff
N??CA?_cECD_F?AWGE?	46	3fffffffffff
N??CA?_cECD_F?AWCE?	46	3fffffff0ffff
N??CA?_cECD_F?AW?U?	46	3fffffffffff
N??CA?_cECD_F?AW?M?	46	3fffffffffff
N??CA?_cECD_KOBGJ??	46	3fffffffffff
N??CA?_cECD_KOBGH_?	46	ffffffffff74c
N??CA?_cECD_KOBGIC?	46	3fffffffffff
N??CA?_cECD_KOBGAK?	46	2ffeffffffefb
N??CA?_cECD_KOBGHA?	46	7fffffffff7f
N??CA?_cECD_KOBGGE?	46	7fffffff7fff
N??CA?_cECD_BGEOM??	46	3fffffffffff
N??CA?_cECD_BGEOK_?	46	ffffffffff74c
N??CA?_cECD_BGEOI_?	46	3fffffffffff
N??CA?_cECD_BGEOE_?	46	3ffdbfe5c7bf06fd
N??CA?_cECD_BGEOKO?	46	7ffffffffeff
N??CA?_cECD_BGEOEO?	46	3fffffffffff
N??CA?_cECD_BGEOKG?	46	3effffffffb7e
N??CA?_cECD_BGEOEG?	46	2fffff7ff7ffb
N??CA?_cECD_BGEOAg?	46	2fffff7ff7ffb
N??CA?_cECD_BGEOKA?	46	7fffffffff7f
N??CA?_cECD_BGEOGa?	46	7ffffffff7ff
N??CA?_cECB_KOBGL??	46	3fffffffffff
N??CA?_cECB_KOBGH_?	46	3fffffffffff
N??CA?_cECB_KOBGD_?	46	3ffdbfe5c7bf06fd
N??CA?_cECB_KOBG@g?	46	2fffff7ff7ffb
N??CA?_cECB_KOBGKC?	46	3fffffffffff
N??CA?_cECB_KOBGHC?	46	3fffffffffff
N??CA?_cECB_KOBG@c?	46	3faeffff75e937d2
N??CA?_cECB_KOBGGS?	46	3fffffffffff
N??CA?_cECB_KOBGGK?	46	3fffffffffff
N??CA?_cECB_KOBGKA?	46	7ffffffffffb
N??CA?_cECB_KOBGCI?	46	7fffffffefff
N??CA?_cECB_KOBG?Y?	46	fffeff7fd7e7f
N??CA?_cECB_KOBGGE?	46	3fffffffffff
N??CA?_cECB_KOBG?M?	46	3fffffffffff
N??CA?_cECB_BOIGM??	46	3fffffffffff
N??CA?_cECB_BOIGE_?	46	3ffdbfe5c7bf06fd
N??CA?_cECB_BOIGKO?	46	fffffffdf7ff
N??CA?_cECB_BOIGEO?	46	3fffffffffff
N??CA?_cECB_BOIGEG?	46	2fffff7ff7ffb
N??CA?_cECB_BOIGKC?	46	3effffffffb7e
N??CA?_cECB_BOIGKA?	46	3fffffffffff
N??CA?_cECB_KGBOL??	46	3fffffffffff
N??CA?_cECB_KGBOKO?	46	fffffffdfffe
N??CA?_cECB_KGBOKC?	46	7ffffffffffd
N??CA?_cECB_KGBOCK?	46	2ffeffffffefb
N??CA?_cECB_KGBOKA?	46	7ffffffffffd
N??CA?_cECB_KGBOCQ?	46	ffffffff0e7ff
N??CA?_cECB_KGBOCI?	46	3fffffffffff
N??CA?_cECEOBGBOM??	46	fffdf7ffff77c
N??CA?_cECEOBGBOL??	46	3fffffffffff
N??CA?_cECEOBGBOJ??	46	3fffffffffff
N??CA?_cECEOBGBOIG?	46	ffffffff0e7ff
N??CA?_cECEOBGBOEG?	46	7ffffffff7ff
N??CA?_cECEOBGBODG?	46	3fffffffffff
N??CA?_cECEOBGBO@g?	46	3ffffffffffd2
N??CA?_cECEOBGBOIC?	46	7ffffffff7ff
N??CA?_cECEOBGBOHC?	46	3fffffffffff
N??CA?_cECEOBGBOCK?	46	3fffffffffff
N??CA?_cECEOBGBOKA?	46	ffffffff0e7ff
N??CA?_cECEOBGBOHA?	46	3fffffffffff
N??CA?_cECEOBGBODA?	46	3fffffffffff
N??CA?_cECEOBGBOCI?	46	7ffffffdffff
N??CA?_cECEOBGBOAI?	46	fffeff7fd7e7f
N??CA?_cECEOBGBOGE?	46	7ffffffdffff
N??CA?_cECEOBGBOCE?	46	fffffbbfce7ff
N??CA?_cECEOBGBOAE?	46	fffffbbfce7ff
N??CA?_cECEOBGBO@E?	46	3fffffffffff
N??CA?_cECEOBGBO?M?	46	3fffffffffff
N??CA?_cECDOF?@WM??	46	7ffffffff7ff
N??CA?_cECDOF?@WL??	46	7ffffffff7ff
N??CA?_cECDOF?@WF??	46	fffffffef7ff
N??CA?_cECDOF?@WK_?	46	3fffffffffff
N??CA?_cECDOF?@WB_?	46	3fffffffffff
N??CA?_cECDOF?@WKG?	46	fffffffff7fe
N??CA?_cECDOF?@WIG?	46	3fffffffffff
N??CA?_cECDOF?@WDG?	46	3fffffffffff
N??CA?_cECDOF?@WCg?	46	3fffffffffff
N??CA?_cECDOF?@WIC?	46	3fffffffffff
N??CA?_cECDOF?@WHC?	46	3fffffffffff
N??CA?_cECDOF?@WGc?	46	3fffffffffff
N??CA?_cECDOF?@WAc?	46	3fffffffffff
N??CA?_cECDOF?@WAK?	46	3fffffffffff
N??CA?_cECDOF?@W@K?	46	3fffffffffff
N??CA?_cECDOF?@W?k?	46	3fffffffffff
N??CA?_cECDOF?@WKA?	46	fffffffdfffe
N??CA?_cECDOF?@WEA?	46	fffffffdefff
N??CA?_cECDOF?@WHA?	46	fffffffdf7ff
N??CA?_cECDOF?@WDA?	46	fffffffdefff
N??CA?_cECDOF?@WGa?	46	3fffffffffff
N??CA?_cECDOF?@WCa?	46	3fffffffffff
N??CA?_cECDOF?@WCI?	46	7ffffffff7ff
N??CA?_cECDOF?@WAI?	46	3fffffffffff
N??CA?_cECDOF?@W@I?	46	3fffffffffff
N??CA?_cECDOF?@W?i?	46	3fffffffffff
N??CA?_cECDOF?@WGE?	46	7ffffffff7ff
N??CA?_cECDOF?@WCE?	46	7ffffffff7ff
N??CA?_cECDOF?@W@E?	46	3fffffffffff
N??CA?_cECDOF?@W?e?	46	3fffffffffff
N??CA?_cECDOF?@W?M?	46	7ffffffdffff
N??CA?_cECDOBGDOM??	46	7ffffffffffd
N??CA?_cECDOBGDOL??	46	fffffffff7fe
N??CA?_cECDOBGDOJ??	46	3fffffffffff
N??CA?_cECDOBGDOF??	46	3fffffffffff
N??CA?_cECDOBGDOK_?	46	3fffffffffff
N??CA?_cECDOBGDOI_?	46	7ffffffffffd
N??CA?_cECDOBGDOKG?	46	7ffffffff7ff
N??CA?_cECDOBGDOKC?	46	fffffffff77f
N??CA?_cECDOBGDOIC?	46	3fffffffffff
N??CA?_cECDOBGDOGc?	46	3fffffffffff
N??CA?_cECDOBGDOAc?	46	3fffffffffff
N??CA?_cECDOBGDOAK?	46	3fffffffffff
N??CA?_cECDOBGDOKA?	46	ffffffffef7f
N??CA?_cECDOBGDOHA?	46	7ffffffff7ff
N??CA?_cECDOBGDOGa?	46	7ffffffffeff
N??CA?_cECDOBGDOGE?	46	7ffffffeffff
N??CA?_cECBOJ?@WM??	46	7ffffffff7ff
N??CA?_cECBOJ?@WL??	46	7ffffffff7ff
N??CA?_cECBOJ?@WF??	46	fffffffef7ff
N??CA?_cECBOJ?@WK_?	46	3fffffffffff
N??CA?_cECBOJ?@WDG?	46	3fffffffffff
N??CA?_cECBOJ?@WCg?	46	7edfffffffcfe
N??CA?_cECBOJ?@WIC?	46	7ffffffffffe
N??CA?_cECBOJ?@WHC?	46	3fffffffffff
N??CA?_cECBOJ?@WBC?	46	3fffffffffff
N??CA?_cECBOJ?@WGc?	46	3fffffffffff
N??CA?_cECBOJ?@WGK?	46	7fffffffff7f
N??CA?_cECBOJ?@WAK?	46	7ffffffff7ff
N??CA?_cECBOJ?@W@K?	46	3fffffffffff
N??CA?_cECBOJ?@W?k?	46	7fffaffbf7f7f
N??CA?_cECBOJ?@WKA?	46	7ffffffdffff
N??CA?_cECBOJ?@WIA?	46	3fffffffdf6fe
N??CA?_cECBOJ?@WEA?	46	fffffffdefff
N??CA?_cECBOJ?@WHA?	46	3fffffffdf6fe
N??CA?_cECBOJ?@WDA?	46	fffffffdefff
N??CA?_cECBOJ?@WGa?	46	3fffffffffff
N??CA?_cECBOJ?@WCa?	46	3fffffffffff
N??CA?_cECBOJ?@WAa?	46	3fffffffffff
N??CA?_cECBOJ?@WCI?	46	3fffffffffff
N??CA?_cECBOJ?@W?i?	46	3fffffffffff
N??CA?_cECBOJ?@WGE?	46	7fffffffff7f
N??CA?_cECBOJ?@WAE?	46	7ffffffff7ff
N??CA?_cECBOJ?@W@E?	46	3fffffffffff
N??CA?_cECBOJ?@W?e?	46	3fffffffffff
N??CA?_cECBOJ?@W?M?	46	7ffffffeffff
N??CA?_cECBOBOHGM??	46	fffffffffefe
N??CA?_cECBOBOHGL??	46	3fffffffffff
N??CA?_cECBOBOHGF??	46	3fffffffffff
N??CA?_cECBOBOHGK_?	46	7ffffffff7ff
N??CA?_cECBOBOHGE_?	46	fffffffef7ff
N??CA?_cECBOBOHGDG?	46	3fffffffffff
N??CA?_cECBOBOHGCg?	46	7edfffffffcfe
N??CA?_cECBOBOHGKC?	46	7ffffffff7ff
N??CA?_cECBOBOHGCK?	46	7edfffffffcfe
N??CA?_cECBOBOHGKA?	46	fffffffff7fd
N??CA?_cECBOBOHGEA?	46	3ffffffffe7f9
N??CA?_cECBOBOHGDA?	46	3fffffffffff
N??CA?_cECBOBOHGCa?	46	fffffffdefff
N??CA?_cECBOBOHGCI?	46	3fffffffffff
N??CA?_cEC@oM?@WM??	46	7ffffffff7ff
N??CA?_cEC@oM?@WL??	46	7ffffffff7ff
N??CA?_cEC@oM?@WJ??	46	ffffffffe7ff
N??CA?_cEC@oM?@WF??	46	fffffffef7ff
N??CA?_cEC@oM?@WK_?	46	3fffffffffff
N??CA?_cEC@oM?@WIG?	46	3fffffffffff
N??CA?_cEC@oM?@WEG?	46	3fffffffffff
N??CA?_cEC@oM?@WDG?	46	3fffffffffff
N??CA?_cEC@oM?@WCg?	46	3fffffffffff
N??CA?_cEC@oM?@WIC?	46	3fffffffffff
N??CA?_cEC@oM?@WHC?	46	3fffffffffff
N??CA?_cEC@oM?@WGc?	46	ffffffffff7e
N??CA?_cEC@oM?@WGK?	46	ffffffffff7e
N??CA?_cEC@oM?@WKA?	46	7ffffffdffff
N??CA?_cEC@oM?@WHA?	46	fffffffdf7ff
N??CA?_cEC@oJ?CWM??	46	3fffffffffff
N??CA?_cEC@oJ?CWJ??	46	3fffffffffff
N??CA?_cEC@oJ?CWB_?	46	3fffffffffff
N??CA?_cEC@oJ?CWIG?	46	effefffffeefa
N??CA?_cEC@oJ?CWEG?	46	7fffffff7fff
N??CA?_cEC@oJ?CWIC?	46	7ffffffffffe
N??CA?_cEC@oJ?CWHC?	46	3fffffffffff
N??CA?_cEC@oJ?CWBC?	46	3fffffffffff
N??CA?_cEC@oJ?CW@c?	46	3ffffffffe7f9
N??CA?_cEC@oJ?CWAK?	46	fffffffff7fb
N??CA?_cEC@oJ?CWKA?	46	7fffffff7fff
N??CA?_cEC@oJ?CWHA?	46	fffffffef7ff
N??CA?_cEC@oJ?CWGE?	46	7fffffffff7f
N??CA?_cEC@oF?GWM??	46	3fffffffffff
N??CA?_cEC@oF?GWL??	46	3fffffffffff
N??CA?_cEC@oF?GWEG?	46	7fffffff7fff
N??CA?_cEC@oF?GWDG?	46	3fffffffffff
N??CA?_cEC@oF?GWEC?	46	7fffffff7fff
N??CA?_cEC@oF?GWKA?	46	7ffffffffffe
N??CA?_cEC@oF?GWDA?	46	2ffeffffffefb
N??CA?_cEC@oF?GWCI?	46	7ffffffff7ff
N??CA?_cEC@oIGDOM??	46	3fffffffffff
N??CA?_cEC@oIGDOL??	46	fffffffff7fe
N??CA?_cEC@oIGDOF??	46	3fffffffffff
N??CA?_cEC@oIGDOK_?	46	3fffffffffff
N??CA?_cEC@oIGDOEG?	46	3fffffffffff
N??CA?_cEC@oIGDOKC?	46	fffffffff77f
N??CA?_cEC@oIGDOEC?	46	3fffffffffff
N??CA?_cEC@oIGDOKA?	46	7fffffffff7f
N??CA?_cECKGF?BGF??	46	3fff7fefdfeff
N??CA?_cECKGF?BGB_?	46	3ff8ffe76cfdf6e1
N??CA?_cECKGF?BGDO?	46	3fffffffffff
N??CA?_cECKGF?BGEG?	46	7ffffffffffd
N??CA?_cECKGF?BGAW?	46	ffffffff0e7ff
N??CA?_cECKGF?BGEC?	46	3ffffffe67fff
N??CA?_cECKGF?BGBC?	46	3fefedefe76634fe
N??CA?_cECKGF?BGAS?	46	3fffffffffff
N??CA?_cECKGF?BGCK?	46	fbffbfffff77c
N??CA?_cECKGF?BGEA?	46	7ffffffffffb
N??CA?_cECKGF?BGDA?	46	3fffffffffff
N??CA?_cECKGF?BGCQ?	46	effefffffeefa
N??CA?_cECKCBOF?F??	46	fffffffff77f
N??CA?_cECKCBOF?EO?	46	7ffffffffffe
N??CA?_cECKCBOF?EG?	46	3fffffffffff
N??CA?_cECKCBOF?CW?	46	fbffbfffff77c
N??CA?_cECKCBOF?CS?	46	fbffbfffff77c
N??CA?_cECKCBOF?EA?	46	fffffffdfffd
N??CA?_cECKCBOF?DA?	46	7ffffffdffff
N??CA?_cECKCBOF?CQ?	46	fbffbfffff77c
N??CA?_cECKCBOF?CE?	46	effefffffeefa
N??CA?_cECCSF?BOM??	46	7ffffffffffe
N??CA?_cECCSF?BOL??	46	3fffffffffff
N??CA?_cECCSF?BOKG?	46	fbffbfffff77c
N??CA?_cECCSF?BOEC?	46	ffffffff0e7ff
N??CA?_cECCSF?BOKA?	46	fbffbfffff77c
N??CA?_cAQM?F?@gOo?	46	3fffffffffff
N??CA?_cAQM?F?@g@g?	46	3ffffdefdefff
N??CA?_cAQM?F?@gOW?	46	3fffffffffff
N??CA?_cAQM?F?@gOS?	46	7ffffffffeff
N??CA?_cAQM?F?@g?s?	46	3fffffffffff
N??CA?_cAQM?F?@gCK?	46	3fffffff0ffff
N??CA?_cAQM?F?@gSA?	46	7fffffffefff
N??CA?_cAQM?F?@gOa?	46	3fffffffffff
N??CA?_cAQM?F?@gOQ?	46	3fffffffffff
N??CA?_cAQM?F?@gCQ?	46	3fffffffffff
N??CA?_cAQM?F?@g@Q?	46	3fffffffffff
N??CA?_cAQM?F?@gOI?	46	fffffffdf7ff
N??CA?_cAQM?F?@g?Y?	46	3fffffffffff
N??CA?_cAQM?F?@gOE?	46	3fffffffffff
N??CA?_cAQM?F?@g?U?	46	3fffffffffff
N??CA?_cAQM?H_BGOK?	46	3fffffffffff
N??CA?_cAQM?H_BG@K?	46	2ffdeff7fe70fccc
N??CA?_cAQM?H_BGPA?	46	3fffffffffff
N??CA?_cAQM?H_BGOa?	46	3fffffffffff
N??CA?_cAQM?H_BGAQ?	46	ffffffffeeff
N??CA?_cAQM?H_BGOI?	46	7fffffffefff
N??CA?_cAQM?H_BGOE?	46	3fffffffffff
N??CA?_cAQM?D_BGCW?	46	7ffffffff7ff
N??CA?_cAQM?D_BG@W?	46	3fffffffffff
N??CA?_cAQM?D_BGCK?	46	3fffffff0ffff
N??CA?_cAQM?D_BGOa?	46	3ffffffffe67f
N??CA?_cAQM?D_BGCQ?	46	ffffffffeeff
N??CA?_cAQM?D_BG@Q?	46	3fffffffffff
N??CA?_cAQM?D_BG?q?	46	3fffffffffe79
N??CA?_cAQM?D_BGOE?	46	3fffffffffff
N??CA?_cAQM?HGB_PA?	46	ffffffff7f7f
N??CA?_cAQM?HGB_OQ?	46	3ffffffff7efc
N??CA?_cAQM?HGB_OI?	46	fffffffff7fd
N??CA?_cAQM?DGB_OW?	46	3fffffffffff
N??CA?_cAQM?DGB_CW?	46	3fffffffffff
N??CA?_cAQM?DGB_PC?	46	3fffffffffff
N??CA?_cAQM?DGB_Cc?	46	3ffffdefdefff
N??CA?_cAQM?DGB_OS?	46	3fffffffffff
N??CA?_cAQM?DGB_Oa?	46	3fffffffffff
N??CA?_cAQM?DGB_OQ?	46	3fffffffffff
N??CA?_cAQM?DGB_CQ?	46	3fffffffffff
N??CA?_cAQM?DGB_@Q?	46	3fffffffffff
N??CA?_cAQM?DGB_?q?	46	3fffffffffff
N??CA?_cAQM?DGB_OI?	46	7ffffffff7ff
N??CA?_cAQM?DGB_?Y?	46	3fffffffffff
N??CA?_cAQL?d?@gEG?	46	ffffffffe7ff
N??CA?_cAQL?d?@gBG?	46	ffffffffe7ff
N??CA?_cAQL?d?@gAW?	46	3ffffef7ef7ff
N??CA?_cAQL?d?@gAK?	46	7ffffffdffff
N??CA?_cAQL?d?@g?k?	46	3fffffffffff
N??CA?_cAQL?L?@gOI?	46	fffffffdfffd
N??CA?_cAQL?F?@gQO?	46	fffff7dfce7ff
N??CA?_cAQL?F?@gQG?	46	ffffffffe7ff
N??CA?_cAQL?F?@g?w?	46	3effffffffb7e
N??CA?_cAQL?F?@gOK?	46	3fffffffffff
N??CA?_cAQL?F?@g?k?	46	37ff6fdff9f0fb52
N??CA?_cAQL?F?@gSA?	46	ffffffffeffd
N??CA?_cAQL?F?@gAQ?	46	fffffffe97e7f
N??CA?_cAQL?F?@gOI?	46	fffffffdf7ff
N??CA?_cAQL?F?@gAI?	46	3fffffffdef7e
N??CA?_cAQL?F?@gOE?	46	ffffffffe7ff
N??CA?_cAQL?D_DG@W?	46	3fffffffffff
N??CA?_cAQL?D_DGOK?	46	7ffffffdffff
N??CA?_cAQL?D_DG?[?	46	3fffffffffff
N??CA?_cAQL?D_DG@Q?	46	3ffffffe97fff
N??CA?_cAQL?DG@gQG?	46	3fffffffffff
N??CA?_cAQL?DG@gOI?	46	fffffffeefff
N??CA?_cAQL?BGD_AW?	46	3fffffffffff
N??CA?_cAQL?BGD_SA?	46	fffffffefffe
N??CA?_cAQL?BGD_OI?	46	7ffffffff7ff
N??CA?_cAQJ?h?@gDO?	46	3ffffdefdefff
N??CA?_cAQJ?h?@gEG?	46	7ffffffff7ff
N??CA?_cAQJ?h?@gDG?	46	7ffffffff7ff
N??CA?_cAQJ?h?@gCW?	46	3ffffbbfeefff
N??CA?_cAQJ?h?@g@S?	46	3ffffffe97fff
N??CA?_cAQJ?h?@g?[?	46	3fff7fefdfeff
N??CA?_cAQJ?h?@gCI?	46	7ffffffdffff
N??CA?_cAQJ?h?@g?i?	46	3fffffffffff
N??CA?_cAQJ?h?@g?M?	46	3fffffffffff
N??CA?_cAQJ?L?@gDO?	46	3fffffffffff
N??CA?_cAQJ?L?@gDG?	46	fffffdefce7ff
N??CA?_cAQJ?L?@g@W?	46	7ffffffff7ff
N??CA?_cAQJ?L?@g@S?	46	3fffffffffff
N??CA?_cAQJ?L?@gDA?	46	fffffffeefff
N??CA?_cAQJ?L?@g@Q?	46	7fffffffefff
N??CA?_cAQJ?J?@gSG?	46	7ffffffff7ff
N??CA?_cAQJ?J?@gCW?	46	3ffffffffffcc
N??CA?_cAQJ?J?@gAW?	46	7ffffffff7ff
N??CA?_cAQJ?J?@g?w?	46	3effffffffb7e
N??CA?_cAQJ?J?@gOS?	46	fffffffe97e7f
N??CA?_cAQJ?J?@gAS?	46	7ffffffff7ff
N??CA?_cAQJ?J?@g?k?	46	37ff6fdff9f0fb52
N??CA?_cAQJ?J?@g?[?	46	3effffffffb7e
N??CA?_cAQJ?J?@gAQ?	46	3ffffffffe67f
N??CA?_cAQJ?J?@gOI?	46	3fffffffdf6fe
N??CA?_cAQJ?J?@gOE?	46	fffffffffe7f
N??CA?_cAQJ?J?@g?U?	46	fffffffefffd
N??CA?_cAQJ?H_@gT??	46	3ffffdefdefff
N??CA?_cAQJ?H_@gF??	46	3effffffffb7e
N??CA?_cAQJ?H_@gSG?	46	3ffffbbfeefff
N??CA?_cAQJ?H_@gDG?	46	3ffffffffffcc
N??CA?_cAQJ?H_@gCI?	46	3fffffffffff
N??CA?_cAQJ?B_HGE_?	46	fffffbbfce7ff
N??CA?_cAQJ?B_HGCW?	46	3ffffffffffcc
N??CA?_cAQJ?B_HGCK?	46	2ffdeff7fe70fccc
N??CA?_cAQJ?B_HGSA?	46	3ffffffffe67f
N??CA?_cAQJ?B_HGCI?	46	3fffffffffff
N??CA?_cAQJ?HO@gQO?	46	3fffffffdef7e
N??CA?_cAQJ?HO@gDO?	46	3ffffffffffcc
N??CA?_cAQJ?HO@gBO?	46	7ffffffff7ff
N??CA?_cAQJ?HO@g@o?	46	3effffffffb7e
N??CA?_cAQJ?HO@gDC?	46	2ffdeff7fe70fccc
N??CA?_cAQJ?HO@gCc?	46	2ffdeff7fe70fccc
N??CA?_cAQJ?HO@g@c?	46	37ff6fdff9f0fb52
N??CA?_cAQJ?HO@gOS?	46	ffff7fefd7e7f
N??CA?_cAQJ?HO@g@S?	46	3effffffffb7e
N??CA?_cAQJ?HO@gSA?	46	7ffffffdffff
N??CA?_cAQJ?HO@gPA?	46	3fffffffdf6fe
N??CA?_cAQJ?HO@gOa?	46	3fffffffffff
N??CA?_cAQJ?HO@gCQ?	46	3fffffffffff
N??CA?_cAQJ?HO@g?q?	46	3fffffffffff
N??CA?_cAQJ?HO@gOE?	46	ffffffff7f7f
N??CA?_cAQJ?HO@g?U?	46	fffffffefffb
N??CA?_cAQK_M?@gQO?	46	7ffffffeffff
N??CA?_cAQK_M?@g@K?	46	2ffdeff7fe70fccc
N??CA?_cAQK_M?@g?k?	46	2ffdeff7fe70fccc
N??CA?_cAQK_M?@gOa?	46	3fffffffffff
N??CA?_cAQK_M?@gOQ?	46	7ffffffffeff
N??CA?_cAQK_M?@gOI?	46	7ffffffdffff
N??CA?_cAQK_M?@gOE?	46	3fffffffffff
N??CA?_cAQK_M?@g?e?	46	3fffffffffff
N??CA?_cAQK_M?@g?U?	46	3fffffffffff
N??CA?_cAQK_d?AgF??	46	3fffffffffff
N??CA?_cAQK_d?AgEO?	46	3fffffffffff
N??CA?_cAQK_d?AgBG?	46	3fffffffffff
N??CA?_cAQK_d?AgAW?	46	3fffffffffff
N??CA?_cAQK_d?AgEC?	46	3fffffffffff
N??CA?_cAQK_d?AgBC?	46	7ffffffffffd
N??CA?_cAQK_d?AgCc?	46	3fffffffffff
N??CA?_cAQK_d?AgAc?	46	3fffffffffff
N??CA?_cAQK_d?AgAS?	46	fffffffffe7f
N??CA?_cAQK_d?AgAK?	46	3fffffffffff
N??CA?_cAQK_d?AgEA?	46	ffffffffeeff
N??CA?_cAQK_d?AgDA?	46	3fffffffffff
N??CA?_cAQK_d?AgCa?	46	ffffffffeeff
N??CA?_cAQK_d?AgCQ?	46	3fffffffffff
N??CA?_cAQK_d?AgCI?	46	7ffffffeffff
N??CA?_cAQK_d?Ag@I?	46	3fffffffffff
N??CA?_cAQK_d?Ag?i?	46	fffffffdf7ff
N??CA?_cAQK_d?Ag@E?	46	7ffffffffeff
N??CA?_cAQK_d?Ag?U?	46	ffffffff7ffd
N??CA?_cAQK_d?Ag?M?	46	3fffffffffff
N??CA?_cAQK_L?AgQO?	46	fffffffe7fff
N??CA?_cAQK_L?AgOc?	46	3fffffffffff
N??CA?_cAQK_L?Ag@K?	46	2ffdeff7fe70fccc
N??CA?_cAQK_L?AgQA?	46	ffffffffeeff
N??CA?_cAQK_L?AgPA?	46	3fffffffffff
N??CA?_cAQK_L?AgOa?	46	ffffffffeeff
N??CA?_cAQK_L?AgOQ?	46	fffffffffefb
N??CA?_cAQK_L?AgAQ?	46	fffffffffefb
N??CA?_cAQK_L?AgOI?	46	7ffffffeffff
N??CA?_cAQK_L?AgOE?	46	3fffffffffff
N??CA?_cAQK_L?Ag?U?	46	3fffffffffff
N??CA?_cAQK_F?CgSO?	46	7ffffffffffe
N??CA?_cAQK_F?CgOo?	46	3fffffffffff
N??CA?_cAQK_F?CgOW?	46	3fffffffffff
N??CA?_cAQK_F?CgOK?	46	3fffffffffff
N??CA?_cAQK_F?Cg@K?	46	3fffffff0ffff
N??CA?_cAQK_F?CgSA?	46	7ffffffffffd
N??CA?_cAQK_F?CgOQ?	46	3ffffffffe67f
N??CA?_cAQK_F?CgCQ?	46	7ffffffff7ff
N??CA?_cAQK_F?Cg@Q?	46	fffffffff77f
N??CA?_cAQK_F?CgOI?	46	3fffffffffff
N??CA?_cAQK_F?Cg?Y?	46	3fffffffffff
N??CA?_cAQK_F?CgOE?	46	3ffffffffe67f
N??CA?_cAQK_F?Cg?U?	46	3fffffffcff7d
N??CA?_cAQK_F?AgU??	46	3fffffffffff
N??CA?_cAQK_F?AgQO?	46	ffffffffeffe
N??CA?_cAQK_F?Ag?w?	46	3effffffffb7e
N??CA?_cAQK_F?AgAK?	46	3fffffff0ffff
N??CA?_cAQK_F?Ag?k?	46	37ff6fdff9f0fb52
N??CA?_cAQK_F?AgSA?	46	3fffffffffff
N??CA?_cAQK_F?AgAQ?	46	fffffffff77f
N??CA?_cAQK_F?AgOI?	46	3fffffffffff
N??CA?_cAQK_F?AgCI?	46	3fffffffffff
N??CA?_cAQK_F?AgOE?	46	7ffffffffeff
N??CA?_cAQK_F?@gU??	46	3fffffffffff
N??CA?_cAQK_F?@gQO?	46	3fffffffffff
N??CA?_cAQK_F?@g@W?	46	3effffffffb7e
N??CA?_cAQK_F?@gCK?	46	2ffdeff7fe70fccc
N??CA?_cAQK_F?@g@K?	46	37ff6fdff9f0fb52
N??CA?_cAQK_F?@gSA?	46	3fffffffffff
N??CA?_cAQK_F?@gQA?	46	3fffffffffff
N??CA?_cAQK_F?@gOQ?	46	3fffffffffff
N??CA?_cAQK_F?@gCQ?	46	3fffffffffff
N??CA?_cAQK_F?@gOI?	46	3fffffffffff
N??CA?_cAQK_F?@g?Y?	46	3fffffffffff
N??CA?_cAQK_F?@gOE?	46	3fffffffffff
N??CA?_cAQK_K_BGPA?	46	3fffffffffff
N??CA?_cAQK_K_BGOa?	46	3fffffffffff
N??CA?_cAQK_K_BGOI?	46	7fffffffefff
N??CA?_cAQK_K_BGOE?	46	7fffffffefff
N??CA?_cAQK_E_DGSO?	46	3fffffffffff
N??CA?_cAQK_E_DGCc?	46	3ffffdefdefff
N??CA?_cAQK_E_DG@S?	46	7ffffffff7ff
N??CA?_cAQK_E_DG?s?	46	3fffffffffff
N??CA?_cAQK_E_DGOK?	46	3fffffffffff
N??CA?_cAQK_E_DG@K?	46	3fffffff0ffff
N??CA?_cAQK_E_DG?[?	46	3fffffffffff
N??CA?_cAQK_E_DGSA?	46	3fffffffffff
N??CA?_cAQK_E_DGCQ?	46	3fffffffffff
N??CA?_cAQK_E_DG@Q?	46	3ffffffffe67f
N??CA?_cAQK_E_DGOE?	46	fffffffffe7f
N??CA?_cAQK_E_DG?M?	46	3fffffffffff
N??CA?_cAQK_D_EG@W?	46	3fffffffffff
N??CA?_cAQK_D_EGOK?	46	3fffffffffff
N??CA?_cAQK_D_EGSA?	46	3fffffffffff
N??CA?_cAQK_D_EGCQ?	46	3fffffffffff
N??CA?_cAQK_D_EG@Q?	46	fffffffff77f
N??CA?_cAQK_D_EG?q?	46	3fffffffffe79
N??CA?_cAQK_D_EGOE?	46	fffffffffe7f
N??CA?_cAQK_CoBGU??	46	7ffffffffffd
N??CA?_cAQK_CoBGT??	46	7ffffffffeff
N??CA?_cAQK_CoBGF??	46	3ffffdefdefff
N??CA?_cAQK_CoBGB_?	46	3ffffdefdefff
N??CA?_cAQK_CoBGAo?	46	3fffffffffff
N??CA?_cAQK_CoBGPC?	46	7ffffffeffff
N??CA?_cAQK_CoBGBC?	46	3fffffff0ffff
N??CA?_cAQK_CoBGAS?	46	3fffffffffff
N??CA?_cAQK_CoBGSA?	46	7fffffffefff
N??CA?_cAQK_CoBGPA?	46	7ffffffffeff
N??CA?_cAQK_CoBGOa?	46	3fffffffffff
N??CA?_cAQK_CoBGOE?	46	3fffffffffff
N??CA?_cAQK_cGB_F??	46	3fffffffffff
N??CA?_cAQK_cGB_E_?	46	3fffffffffff
N??CA?_cAQK_cGB_EO?	46	7ffffffffffe
N??CA?_cAQK_cGB_EG?	46	7ffffffffffe
N??CA?_cAQK_cGB_DG?	46	3ffdffdfdff7f
N??CA?_cAQK_cGB_Cg?	46	3ffdffdfdff7f
N??CA?_cAQK_cGB_Ag?	46	3fffffffffff
N??CA?_cAQK_cGB_AW?	46	3fffffffffff
N??CA?_cAQK_cGB_BC?	46	7ffffffffffd
N??CA?_cAQK_cGB_Cc?	46	3fffffffffff
N??CA?_cAQK_cGB_Ac?	46	3fffffffffff
N??CA?_cAQK_cGB_?[?	46	3fffffffffff
N??CA?_cAQK_cGB_DA?	46	3fffffffffff
N??CA?_cAQK_cGB_Ca?	46	3fffffffffff
N??CA?_cAQK_cGB_CQ?	46	7ffffffff7ff
N??CA?_cAQK_cGB_?q?	46	3fffffffffff
N??CA?_cAQK_cGB_CI?	46	7ffffffff7ff
N??CA?_cAQK_cGB_@I?	46	3fffffffffff
N??CA?_cAQK_cGB_?i?	46	3fffffffffff
N??CA?_cAQK_cGB_?Y?	46	3fffffffffff
N??CA?_cAQK_cGB_@E?	46	7ffffffffeff
N??CA?_cAQK_cGB_?e?	46	3fffffffffff
N??CA?_cAQK_cGB_?U?	46	3fffffffd77fd
N??CA?_cAQK_cGB_?M?	46	7ffffffdffff
N??CA?_cAQK_KGB_QO?	46	3fffffffef7fa
N??CA?_cAQK_KGB_Oc?	46	3fffffffffff
N??CA?_cAQK_KGB_@K?	46	2ffdeff7fe70fccc
N??CA?_cAQK_KGB_?k?	46	2ffdeff7fe70fccc
N??CA?_cAQK_KGB_QA?	46	3fffffffeeffc
N??CA?_cAQK_KGB_PA?	46	fffffffef7ff
N??CA?_cAQK_KGB_Oa?	46	3fffffffffff
N??CA?_cAQK_KGB_OQ?	46	3fffffffdf6fe
N??CA?_cAQK_KGB_AQ?	46	3fffffffdf6fe
N??CA?_cAQK_KGB_OI?	46	7ffffffff7ff
N??CA?_cAQK_IGD_OI?	46	7fffffffff7f
N??CA?_cAQK_`GE_F??	46	3fffffffffff
N??CA?_cAQK_`GE_E_?	46	3fffffffffff
N??CA?_cAQK_`GE_BG?	46	7ffffffffffd
N??CA?_cAQK_`GE_BC?	46	7ffffffffffd
N??CA?_cAQK_`GE_Cc?	46	3fffffffdf6fe
N??CA?_cAQK_`GE_Ac?	46	3fffffffffff
N??CA?_cAQK_`GE_@S?	46	7fffffffff7f
N??CA?_cAQK_`GE_?s?	46	3fffffffffff
N??CA?_cAQK_`GE_AK?	46	3fffffffffff
N??CA?_cAQK_`GE_@K?	46	7ffffffeffff
N??CA?_cAQK_`GE_?[?	46	3fffffffffff
N??CA?_cAQK_`GE_EA?	46	3fffffffffff
N??CA?_cAQK_`GE_DA?	46	3fffffffffff
N??CA?_cAQK_`GE_Ca?	46	fffffffffefe
N??CA?_cAQK_`GE_@a?	46	3fffffffffff
N??CA?_cAQK_`GE_CQ?	46	3fffffffffff
N??CA?_cAQK_`GE_?q?	46	3fffffffffff
N??CA?_cAQK_`GE_CI?	46	7ffffffffffd
N??CA?_cAQK_`GE_@I?	46	7ffffffffeff
N??CA?_cAQK_`GE_?i?	46	7ffffffff7ff
N??CA?_cAQK_`GE_CE?	46	ffffffffff7d
N??CA?_cAQK_`GE_AE?	46	fffffffffe7f
N??CA?_cAQK_`GE_@E?	46	7ffffffffeff
N??CA?_cAQK_`GE_?e?	46	fffffffff7fd
N??CA?_cAQK_`GE_?U?	46	ffffffff7ffd
N??CA?_cAQK_`GE_?M?	46	7fffffffefff
N??CA?_cAQK_HGE_OE?	46	7ffffffffb77c
N??CA?_cAQK_DGAgU??	46	3fffffffffff
N??CA?_cAQK_DGAgQG?	46	3fffffffffff
N??CA?_cAQK_DGAgDG?	46	2ffdeff7fe70fccc
N??CA?_cAQK_DGAgBG?	46	3fffffff0ffff
N??CA?_cAQK_DGAgCg?	46	2ffdeff7fe70fccc
N??CA?_cAQK_DGAgSA?	46	3fffffffffff
N??CA?_cAQK_DGAgPA?	46	7ffffffffeff
N??CA?_cAQK_DGAgOa?	46	3fffffffffff
N??CA?_cAQK_DGAgCQ?	46	3fffffffffff
N??CA?_cAQK_DGAgOI?	46	3fffffffffff
N??CA?_cAQK_DGAg?Y?	46	3fffffffffff
N??CA?_cAQK_BGE_U??	46	3fffffffffff
N??CA?_cAQK_BGE_SG?	46	7ffffffffeff
N??CA?_cAQK_BGE_EG?	46	3ffffdefdefff
N??CA?_cAQK_BGE_AW?	46	7ffffffff7ff
N??CA?_cAQK_BGE_OK?	46	7ffffffeffff
N??CA?_cAQK_BGE_AK?	46	3fffffff0ffff
N??CA?_cAQK_BGE_SA?	46	3fffffffffff
N??CA?_cAQK_BGE_Oa?	46	3fffffffffff
N??CA?_cAQK_BGE_OI?	46	7ffffffffeff
N??CA?_cAQK_BGE_OE?	46	7ffffffffeff
N??CA?_cAQK_BGD_U??	46	3fffffffffff
N??CA?_cAQK_BGD_R??	46	3fffffffffff
N??CA?_cAQK_BGD_SG?	46	7ffffffffeff
N??CA?_cAQK_BGD_QG?	46	3fffffffffff
N??CA?_cAQK_BGD_EG?	46	3ffffdefdefff
N??CA?_cAQK_BGD_SA?	46	3fffffffffff
N??CA?_cAQK_BGD_PA?	46	3fffffffffff
N??CA?_cAQK_BGD_OI?	46	3fffffffffff
N??CA?_cAQK_BGD_OE?	46	3fffffffffff
N??CA?_cAQK_BGCgU??	46	7ffffffffffd
N??CA?_cAQK_BGCgQG?	46	3fffffffffff
N??CA?_cAQK_BGCgSA?	46	7fffffffefff
N??CA?_cAQK_BGCgPA?	46	7ffffffffeff
N??CA?_cAQK_BGCgOa?	46	3fffffffffff
N??CA?_cAQK_BGCgOI?	46	3fffffffffff
N??CA?_cAQK_CWB_U??	46	7ffffffffffe
N??CA?_cAQK_CWB_T??	46	3fffffffffff
N??CA?_cAQK_CWB_Q_?	46	3fffffffffff
N??CA?_cAQK_CWB_B_?	46	3ffffdefdefff
N??CA?_cAQK_CWB_QO?	46	7fffffffefff
N??CA?_cAQK_CWB_QC?	46	7ffffffff7ff
N??CA?_cAQK_CWB_DC?	46	2ffdeff7fe70fccc
N??CA?_cAQK_CWB_@c?	46	37ff6fdff9f0fb52
N??CA?_cAQK_CWB_AS?	46	3fffffffffff
N??CA?_cAQK_CWB_@S?	46	3effffffffb7e
N??CA?_cAQK_CWB_SA?	46	7ffffffff7ff
N??CA?_cAQK_CWB_QA?	46	7ffffffff7ff
N??CA?_cAQK_CWB_PA?	46	3fffffffffff
N??CA?_cAQK_CWB_Oa?	46	3fffffffffff
N??CA?_cAQK_CWB_OQ?	46	7ffffffff7ff
N??CA?_cAQK_CWB_AQ?	46	7fffffffff7f
N??CA?_cAQK_CWB_OE?	46	7ffffffdffff
N??CA?_cAQK_AWD_S_?	46	7ffffffffeff
N??CA?_cAQK_AWD_E_?	46	3ffffdefdefff
N??CA?_cAQK_AWD_BO?	46	3fffffffffff
N??CA?_cAQK_AWD_SA?	46	7fffffffff7f
N??CA?_cAQK_AWD_PA?	46	7ffffffff7ff
N??CA?_cAQK_AWD_OE?	46	fffffffeff7f
N??CA?_cAQK_@WE_T??	46	7ffffffffeff
N??CA?_cAQK_@WE_F??	46	3ffffdefdefff
N??CA?_cAQK_@WE_B_?	46	3ffffdefdefff
N??CA?_cAQK_@WE_SA?	46	7ffffffffffd
N??CA?_cAQK_@WE_Oa?	46	7ffffffff7ff
N??CA?_cAQI_M?@gSO?	46	3fffffffffff
N??CA?_cAQI_M?@g?k?	46	3fffffff0ffff
N??CA?_cAQI_M?@gCa?	46	3fffffffffff
N??CA?_cAQI_M?@g@Q?	46	3fffffffffff
N??CA?_cAQI_M?@g?q?	46	3fffffffffff
N??CA?_cAQI_M?@g@I?	46	3fffffffdef7e
N??CA?_cAQI_M?@gOE?	46	3fffffffffff
N??CA?_cAQI_M?@g?U?	46	3fffffffffff
N??CA?_cAQI_h?AgF??	46	3fffffffffff
N??CA?_cAQI_h?AgEO?	46	3fffffffffff
N??CA?_cAQI_h?AgBO?	46	3fffffffffff
N??CA?_cAQI_h?AgCo?	46	3fffffffffff
N??CA?_cAQI_h?AgDG?	46	3fffffffffff
N??CA?_cAQI_h?AgCW?	46	3fffffffffff
N??CA?_cAQI_h?AgEC?	46	3fffffffffff
N??CA?_cAQI_h?AgBC?	46	3fffffffffff
N??CA?_cAQI_h?Ag?k?	46	3fffffffffff
N??CA?_cAQI_h?AgEA?	46	ffffffffeeff
N??CA?_cAQI_h?AgDA?	46	7ffffffffffd
N??CA?_cAQI_h?AgCa?	46	ffffffffeeff
N??CA?_cAQI_h?Ag?q?	46	3fffffffffff
N??CA?_cAQI_h?AgCI?	46	7ffffffeffff
N??CA?_cAQI_h?Ag@I?	46	3fffffffffff
N??CA?_cAQI_h?AgCE?	46	fffffffffe7f
N??CA?_cAQI_h?Ag@E?	46	7fffffffefff
N??CA?_cAQI_h?Ag?U?	46	fffffffefffd
N??CA?_cAQI_h?Ag?M?	46	3fffffffffff
N??CA?_cAQI_L?AgSO?	46	3fffffffffff
N??CA?_cAQI_L?Ag?w?	46	3fffffffffff
N??CA?_cAQI_L?AgCc?	46	3ffffdefdefff
N??CA?_cAQI_L?Ag@S?	46	fffffffff7fd
N??CA?_cAQI_L?Ag@K?	46	3fffffff0ffff
N??CA?_cAQI_L?Ag@Q?	46	3fffffffffff
N??CA?_cAQI_L?Ag?q?	46	3fffffffffff
N??CA?_cAQI_L?AgOE?	46	3fffffffffff
N??CA?_cAQI_L?Ag@E?	46	3fffffffffff
N??CA?_cAQI_L?Ag?U?	46	3fffffffffff
N??CA?_cAQI_J?GgQC?	46	7ffffffffffd
N??CA?_cAQI_J?GgPA?	46	7ffffffffffd
N??CA?_cAQI_J?GgAQ?	46	3ffffffffe67f
N??CA?_cAQI_J?GgOI?	46	ffffffffeffe
N??CA?_cAQI_J?GgOE?	46	3ffffffffe67f
N??CA?_cAQI_J?Gg?M?	46	3fffffffffff
N??CA?_cAQI_J?AgU??	46	3fffffffffff
N??CA?_cAQI_J?AgQO?	46	7fffffffefff
N??CA?_cAQI_J?AgSG?	46	3fffffffffff
N??CA?_cAQI_J?Ag?w?	46	3effffffffb7e
N??CA?_cAQI_J?AgQC?	46	3fffffffffff
N??CA?_cAQI_J?AgOK?	46	3fffffffffff
N??CA?_cAQI_J?AgAK?	46	3fffffff0ffff
N??CA?_cAQI_J?Ag?k?	46	37ff6fdff9f0fb52
N??CA?_cAQI_J?AgSA?	46	7ffffffffffd
N??CA?_cAQI_J?AgQA?	46	7ffffffff7ff
N??CA?_cAQI_J?AgOa?	46	3fffffffffff
N??CA?_cAQI_J?AgAQ?	46	7fffffffff7f
N??CA?_cAQI_J?Ag?q?	46	3fffffffffff
N??CA?_cAQI_J?AgOI?	46	3fffffffffff
N??CA?_cAQI_J?AgCI?	46	3fffffffffff
N??CA?_cAQI_J?AgOE?	46	7fffffffefff
N??CA?_cAQI_J?AgAE?	46	3fffffffffff
N??CA?_cAQI_J?Ag?U?	46	7ffffffdffff
N??CA?_cAQI_J?@gU??	46	3fffffffffff
N??CA?_cAQI_J?@gQO?	46	3fffffffffff
N??CA?_cAQI_J?@gAW?	46	3fffffffffff
N??CA?_cAQI_J?@g@W?	46	3effffffffb7e
N??CA?_cAQI_J?@gQC?	46	3fffffffffff
N??CA?_cAQI_J?@gAS?	46	3fffffffffff
N??CA?_cAQI_J?@gOK?	46	3fffffffffff
N??CA?_cAQI_J?@g@K?	46	37ff6fdff9f0fb52
N??CA?_cAQI_J?@gSA?	46	3fffffffffff
N??CA?_cAQI_J?@gPA?	46	3fffffffffff
N??CA?_cAQI_J?@gOQ?	46	3fffffffffff
N??CA?_cAQI_J?@gAQ?	46	3fffffffffff
N??CA?_cAQI_J?@g@Q?	46	3fffffffffff
N??CA?_cAQI_J?@gOI?	46	3fffffffffff
N??CA?_cAQI_J?@gOE?	46	3fffffffffff
N??CA?_cAQI_g_BGF??	46	3fffffffffff
N??CA?_cAQI_g_BGE_?	46	3fffffffffff
N??CA?_cAQI_g_BGBO?	46	3fffffffffff
N??CA?_cAQI_g_BGCo?	46	3fffffffffff
N??CA?_cAQI_g_BGEG?	46	7ffffffffffd
N??CA?_cAQI_g_BGDG?	46	3effffffffb7e
N??CA?_cAQI_g_BGCg?	46	3effffffffb7e
N??CA?_cAQI_g_BGEC?	46	7ffffffffffd
N??CA?_cAQI_g_BGBC?	46	2fffff7ff7ffb
N??CA?_cAQI_g_BGAc?	46	2fffff7ff7ffb
N??CA?_cAQI_g_BGCS?	46	3ffffffffe67f
N??CA?_cAQI_g_BG?[?	46	3fffffffffff
N??CA?_cAQI_g_BGDA?	46	7ffffffffffd
N??CA?_cAQI_g_BGCa?	46	3fffffffffff
N??CA?_cAQI_g_BGCQ?	46	3ffffffffe67f
N??CA?_cAQI_g_BG?q?	46	3fffffffffff
N??CA?_cAQI_g_BGCI?	46	7fffffffefff
N??CA?_cAQI_g_BG@I?	46	3fffffff0ffff
N??CA?_cAQI_g_BGCE?	46	3ffffffffe67f
N??CA?_cAQI_g_BG@E?	46	7fffffffefff
N??CA?_cAQI_g_BG?e?	46	3fffffffffff
N??CA?_cAQI_g_BG?U?	46	3fffffffcff7d
N??CA?_cAQI_g_BG?M?	46	3fffffffffff
N??CA?_cAQI_K_BGSO?	46	3fffffffeeffc
N??CA?_cAQI_K_BGDO?	46	3fffffffffff
N??CA?_cAQI_K_BGCg?	46	3ffffdefdefff
N??CA?_cAQI_K_BG?w?	46	3fffffffffff
N??CA?_cAQI_K_BGOS?	46	7ffffffff7ff
N??CA?_cAQI_K_BGSA?	46	3ffffffffe7f9
N??CA?_cAQI_K_BGDA?	46	3fffffffffff
N??CA?_cAQI_K_BGCQ?	46	3ffffffffe67f
N??CA?_cAQI_K_BG@Q?	46	3fffffffffff
N??CA?_cAQI_K_BG?q?	46	3fffffffffff
N??CA?_cAQI_K_BGOE?	46	7fffffffefff
N??CA?_cAQI_E_HGDO?	46	3fffffffffff
N??CA?_cAQI_E_HGCo?	46	3fffffffffff
N??CA?_cAQI_E_HGCg?	46	3ffffdefdefff
N??CA?_cAQI_E_HGSA?	46	3fffffffffff
N??CA?_cAQI_E_HGDA?	46	3fffffffffff
N??CA?_cAQI_H_AgU??	46	3fffffffffff
N??CA?_cAQI_H_AgR??	46	3fffffffffff
N??CA?_cAQI_H_AgQ_?	46	3fffffffffff
N??CA?_cAQI_H_AgSG?	46	3fffffffffff
N??CA?_cAQI_H_AgQG?	46	3fffffffffff
N??CA?_cAQI_H_AgAg?	46	3fffffffffff
N??CA?_cAQI_H_AgQC?	46	3fffffffffff
N??CA?_cAQI_H_AgBC?	46	3fffffffffff
N??CA?_cAQI_H_Ag?k?	46	3effffffffb7e
N??CA?_cAQI_H_AgSA?	46	fffffffffe7f
N??CA?_cAQI_H_AgOa?	46	3fffffffffff
N??CA?_cAQI_H_AgCI?	46	3fffffffffff
N??CA?_cAQI_H_AgOE?	46	fffffffefffd
N??CA?_cAQI_H_Ag?M?	46	3fffffffffff
N??CA?_cAQI_D_IGCo?	46	3ffdffdfdff7f
N??CA?_cAQI_D_IGCg?	46	3ffffdefdefff
N??CA?_cAQI_D_IGSA?	46	3fffffff0ffff
N??CA?_cAQI_D_IGCa?	46	3ffffffe97fff
N??CA?_cAQI_B_IGSG?	46	3fffffffffff
N??CA?_cAQI_B_IGSA?	46	fffffffffefd
N??CA?_cAQI_B_IGCI?	46	3fffffffffff
N??CA?_cAQI_B_HGU??	46	3fffffffffff
N??CA?_cAQI_B_HGF??	46	3ffffbbfeefff
N??CA?_cAQI_B_HGSG?	46	3fffffffffff
N??CA?_cAQI_B_HGSA?	46	7ffffffffeff
N??CA?_cAQI_B_GgU??	46	7ffffffffffe
N??CA?_cAQI_B_GgE_?	46	3fffffffffff
N??CA?_cAQI_B_GgD_?	46	3ffffffffffcc
N??CA?_cAQI_B_GgSG?	46	3fffffffffff
N??CA?_cAQI_B_GgDG?	46	3ffffffffffcc
N??CA?_cAQI_B_GgCg?	46	3ffffffffffcc
N??CA?_cAQI_B_GgSA?	46	3ffffffffe67f
N??CA?_cAQI_B_GgEA?	46	7ffffffff7ff
N??CA?_cAQI_IO@gQO?	46	fffffef7ce7ff
N??CA?_cAQI_IO@gAo?	46	3ffdffdfdff7f
N??CA?_cAQI_IO@g@o?	46	3effffffffb7e
N??CA?_cAQI_IO@gPC?	46	3fffffffffff
N??CA?_cAQI_IO@gOc?	46	3fffffffffff
N??CA?_cAQI_IO@g@c?	46	37ff6fdff9f0fb52
N??CA?_cAQI_IO@gSA?	46	fffffffdfffe
N??CA?_cAQI_IO@gPA?	46	fffffffdf7ff
N??CA?_cAQI_IO@gOa?	46	3ffffdefdefff
N??CA?_cAQI_IO@gOE?	46	fffffffef7ff
N??CA?_cAQI_IO@g?U?	46	fffffffdfeff
N??CA?_cAQI_HOAgQO?	46	fffffffeefff
N??CA?_cAQI_HOAgCo?	46	3ffffffffffcc
N??CA?_cAQI_HOAgAo?	46	3fffffffffff
N??CA?_cAQI_HOAg@o?	46	3effffffffb7e
N??CA?_cAQI_HOAgBC?	46	3fffffff0ffff
N??CA?_cAQI_HOAg@c?	46	37ff6fdff9f0fb52
N??CA?_cAQI_HOAgSA?	46	7ffffffeffff
N??CA?_cAQI_HOAgPA?	46	3fffffffffff
N??CA?_cAQI_HOAgDA?	46	3fffffffffff
N??CA?_cAQI_HOAgOa?	46	fffffffdf7ff
N??CA?_cAQI_HOAgOE?	46	3fffffffffff
N??CA?_cAQI_HOAg?U?	46	3fffffffffff
N??CA?_cAQI_GoBGU??	46	7ffffffffffd
N??CA?_cAQI_GoBGF??	46	3ffffdefdefff
N??CA?_cAQI_GoBGD_?	46	3defbfffdea94fcc
N??CA?_cAQI_GoBGQO?	46	ffffffffe7ff
N??CA?_cAQI_GoBGAo?	46	3fffffffffff
N??CA?_cAQI_GoBG@o?	46	3effffffffb7e
N??CA?_cAQI_GoBGDC?	46	2ffdeff7fe70fccc
N??CA?_cAQI_GoBGSA?	46	7fffffffefff
N??CA?_cAQI_GoBGPA?	46	3fffffffffff
N??CA?_cAQI_GoBGOa?	46	3fffffffffff
N??CA?_cAQI_GoBGOQ?	46	fffffffdf7ff
N??CA?_cAQI_GoBGOE?	46	3fffffffffff
N??CA?_cAQI_GoBGCE?	46	3fffffffffff
N??CA?_cAQI_GoBG@E?	46	3fffffffffff
N??CA?_cAQI_GoBG?U?	46	3fffffffffff
N??CA?_cAQI_AoHGU??	46	3fffffffffff
N??CA?_cAQI_AoHGT??	46	3fffffffffff
N??CA?_cAQI_AoHGS_?	46	3fffffffd77fd
N??CA?_cAQI_AoHGDC?	46	2ffdeff7fe70fccc
N??CA?_cAQI_AoHGSA?	46	3ffffffff7efc
N??CA?_cAQI_@oIGU??	46	3fffffffffff
N??CA?_cAQI_@oIGT??	46	fffffffdf7ff
N??CA?_cAQI_@oIGE_?	46	3ffffdefdefff
N??CA?_cAQI_@oIGD_?	46	3defbfffdea94fcc
N??CA?_cAQI_@oIGSA?	46	ffffffff7f7f
N??CA?_cAQI_gGB_F??	46	7ffffffeffff
N??CA?_cAQI_gGB_E_?	46	7ffffffeffff
N??CA?_cAQI_gGB_EO?	46	7ffffffffffe
N??CA?_cAQI_gGB_Co?	46	3fffffffffff
N??CA?_cAQI_gGB_EG?	46	fffffffdfffe
N??CA?_cAQI_gGB_DG?	46	fffffffdf7ff
N??CA?_cAQI_gGB_Cg?	46	fffffffdf7ff
N??CA?_cAQI_gGB_CW?	46	3fffffffffff
N??CA?_cAQI_gGB_EC?	46	3fffffffeeffc
N??CA?_cAQI_gGB_DA?	46	7ffffffffffd
N??CA?_cAQI_gGB_Ca?	46	3fffffffffff
N??CA?_cAQI_gGB_CQ?	46	3ffffffffe67f
N??CA?_cAQI_gGB_CI?	46	7ffffffff7ff
N??CA?_cAQI_KGB_T??	46	3fffffffffff
N??CA?_cAQI_KGB_D_?	46	3ffffbbfeefff
N??CA?_cAQI_KGB_SO?	46	7ffffffffffe
N??CA?_cAQI_KGB_Co?	46	3fffffffffff
N??CA?_cAQI_KGB_DG?	46	3ffffdefdefff
N??CA?_cAQI_KGB_Cg?	46	3ffffdefdefff
N??CA?_cAQI_KGB_Cc?	46	3ffffdefdefff
N??CA?_cAQI_IGH_QC?	46	3fffffffffff
N??CA?_cAQI_IGH_PA?	46	ffffffffeffd
N??CA?_cAQI_IGH_OI?	46	fffffffdff7f
N??CA?_cAQI_HGI_QC?	46	3fffffffffff
N??CA?_cAQI_HGI_PA?	46	ffffffffff7d
N??CA?_cAQI_HGI_OI?	46	fffffffefffd
N??CA?_cAQI_GWB_U??	46	7ffffffffffe
N??CA?_cAQI_GWB_T??	46	3fffffffffff
N??CA?_cAQI_GWB_D_?	46	3defbfffdea94fcc
N??CA?_cAQI_GWB_SC?	46	7ffffffff7ff
N??CA?_cAQI_GWB_SA?	46	ffffffff77ff
N??CA?_cAQI_GWB_DA?	46	3fffffffffff
N??CA?_cAQI_HCAgT??	46	7ffffffffffd
N??CA?_cAQI_HCAgR??	46	3fffffffffff
N??CA?_cAQI_HCAgDO?	46	7ffffffff7ff
N??CA?_cAQI_HCAgCo?	46	3fffffffffff
N??CA?_cAQI_HCAg@o?	46	3fffffffffff
N??CA?_cAQI_HCAgSG?	46	7ffffffeffff
N??CA?_cAQI_HCAgPG?	46	3fffffffffff
N??CA?_cAQI_HCAgCW?	46	3fffffffffff
N??CA?_cAQI_HCAg@S?	46	fffffffdfffb
N??CA?_cAQI_HCAg?[?	46	3fffffffffff
N??CA?_cAQI_GcBGU??	46	3ffffffffe7f9
N??CA?_cAQI_GcBGT??	46	7ffffffffffd
N??CA?_cAQI_GcBGR??	46	3fffffffffff
N??CA?_cAQI_GcBGF??	46	3fffffffffff
N??CA?_cAQI_GcBGS_?	46	3fffffffffff
N??CA?_cAQI_GcBGE_?	46	3fffffffffff
N??CA?_cAQI_GcBGCo?	46	3fffffffffff
N??CA?_cAQI_GcBG@o?	46	3fffffffffff
N??CA?_cAQI_GcBGSG?	46	7fffffffefff
N??CA?_cAQI_GcBGPG?	46	3fffffffffff
N??CA?_cAQI_GcBGAg?	46	3fdffffffb7fe
N??CA?_cAQI_GcBGCW?	46	7ffffffdffff
N??CA?_cAQI_GcBGSC?	46	3ffffffffe67f
N??CA?_cAQI_GcBGQC?	46	7fffffffefff
N??CA?_cAQI_GcBGPC?	46	7fffffffefff
N??CA?_cAQI_GcBGOc?	46	3fffffffffff
N??CA?_cAQI_GcBGAc?	46	3fffffffffff
N??CA?_cAQI_GcBG@c?	46	3fdffffffb7fe
N??CA?_cAQI_GcBGOS?	46	3fffffffcff7d
N??CA?_cAQI_GcBGCS?	46	3fffffffcff7d
N??CA?_cAQI_GcBG@S?	46	7ffffffdffff
N??CA?_cAQI_GcBGOK?	46	3fffffffffff
N??CA?_cAQI_GcBGCK?	46	3fffffffffff
N??CA?_cAQI_GcBG@K?	46	3fbffffffcffe
N??CA?_cAQI_GcBG?[?	46	3fffffffffff
N??CA?_cAQI_@cIGU??	46	3fffffff0ffff
N??CA?_cAQI_@cIGT??	46	fffffffffffc
N??CA?_cAQI_@cIGE_?	46	3ffffffe97fff
N??CA?_cAQI_@cIGSG?	46	7fffffffff7f
N??CA?_cAQI_@cIGSC?	46	fffffffffe7f
N??CA?_cAQI_GKB_U??	46	3fffffffeeffc
N??CA?_cAQI_GKB_T??	46	7ffffffffffd
N??CA?_cAQI_GKB_F??	46	3fffffffffff
N??CA?_cAQI_GKB_S_?	46	3fffffffffff
N??CA?_cAQI_GKB_E_?	46	3fffffffffff
N??CA?_cAQI_GKB_D_?	46	fffffffefffb
N??CA?_cAQI_GKB_DO?	46	fffffffff7fb
N??CA?_cAQI_GKB_SG?	46	7ffffffff7ff
N??CA?_cAQI_GKB_DG?	46	ffffffffeffb
N??CA?_cAQI_GKB_CW?	46	7ffffffffffb
N??CA?_cAQI_GKB_SC?	46	3ffffffffe67f
N??CA?_cAQI_GKB_CS?	46	3fffffffcff7d
N??CA?_cAQH_k?@gF??	46	fffffffefffd
N??CA?_cAQH_k?@gDG?	46	7ffffffff7ff
N??CA?_cAQH_k?@gBG?	46	ffffffffe7ff
N??CA?_cAQH_k?@gCW?	46	3fffffffffff
N??CA?_cAQH_k?@gAW?	46	3fffffffffff
N??CA?_cAQH_k?@g@c?	46	3effffffffcfe
N??CA?_cAQH_k?@gCK?	46	3fffffffffff
N??CA?_cAQH_k?@gAK?	46	3fffffffffff
N??CA?_cAQH_k?@g@K?	46	3bfffffbf7ffd
N??CA?_cAQH_k?@g?[?	46	3fffffffffff
N??CA?_cAQH_k?@gDA?	46	ffffffffeeff
N??CA?_cAQH_k?@g@a?	46	fffffffdf7ff
N??CA?_cAQH_k?@gCI?	46	fffffffd7fff
N??CA?_cAQH_k?@g@I?	46	fffffffdf7ff
N??CA?_cAQH_k?@g?Y?	46	3fffffffffff
N??CA?_cAQH_k?@g@E?	46	3fffffffffff
N??CA?_cAQH_k?@g?M?	46	3fffffffffff
N??CA?_cAQH_M?@gQO?	46	3fffffffe6eff
N??CA?_cAQH_M?@gSG?	46	7ffffffff7ff
N??CA?_cAQH_M?@gQG?	46	ffffffffe7ff
N??CA?_cAQH_M?@gAW?	46	3fffffffffff
N??CA?_cAQH_M?@gOc?	46	ffffffffff7d
N??CA?_cAQH_M?@gOK?	46	3fffffffffff
N??CA?_cAQH_M?@gCK?	46	2ffdeff7fe70fccc
N??CA?_cAQH_M?@gOa?	46	fffffffff7fd
N??CA?_cAQH_M?@gAQ?	46	3fffffffffe79
N??CA?_cAQH_M?@gOI?	46	fffffffdf7ff
N??CA?_cAQH_M?@gOE?	46	fffffffffff9
N??CA?_cAQH_M?@g?U?	46	ffffffffeffe
N??CA?_cAQH_h?CgEG?	46	3fffffffffff
N??CA?_cAQH_h?CgCW?	46	3fffffffffff
N??CA?_cAQH_h?CgAW?	46	3fffffffffff
N??CA?_cAQH_h?CgBC?	46	3fffffffffff
N??CA?_cAQH_h?CgAK?	46	3fffffffffff
N??CA?_cAQH_h?Cg@K?	46	7ffffffeffff
N??CA?_cAQH_h?Cg?[?	46	3fffffffffff
N??CA?_cAQH_h?Cg@a?	46	ffffffffe7ff
N??CA?_cAQH_h?CgCI?	46	7fffffff7fff
N??CA?_cAQH_h?Cg@I?	46	fffffffef7ff
N??CA?_cAQH_h?Cg?Y?	46	3fffffffffff
N??CA?_cAQH_h?Cg@E?	46	3fffffffffff
N??CA?_cAQH_h?Cg?M?	46	3fffffffffff
N??CA?_cAQH_d?GgEG?	46	3fffffffffff
N??CA?_cAQH_d?GgDG?	46	1ffffffffcffe
N??CA?_cAQH_d?GgCW?	46	3ffdffdfdff7f
N??CA?_cAQH_d?GgDA?	46	3fffffffffff
N??CA?_cAQH_d?GgCI?	46	3fffffffffff
N??CA?_cAQH_L?GgQG?	46	3fffffffffff
N??CA?_cAQH_L?GgPA?	46	3fffffffffe79
N??CA?_cAQH_L?GgOI?	46	3ffffffff7efc
N??CA?_cAQH_L?Gg?M?	46	3fffffffffff
N??CA?_cAQH_L?CgSG?	46	3fffffffffff
N??CA?_cAQH_L?CgOW?	46	3fffffffffff
N??CA?_cAQH_L?CgCW?	46	3fffffffffff
N??CA?_cAQH_L?Cg@W?	46	3fffffffffff
N??CA?_cAQH_L?CgOK?	46	3fffffffffff
N??CA?_cAQH_L?Cg@K?	46	3fffffff0ffff
N??CA?_cAQH_L?Cg@Q?	46	3fffffffffff
N??CA?_cAQH_L?CgOI?	46	3fffffffffff
N??CA?_cAQH_L?CgCI?	46	3fffffffffff
N??CA?_cAQH_L?Cg?Y?	46	3fffffffffff
N??CA?_cAQH_L?@gPG?	46	3fffffffffff
N??CA?_cAQH_L?@gPC?	46	3fffffffffff
N??CA?_cAQH_L?@gPA?	46	7ffffffff7ff
N??CA?_cAQH_L?@gOI?	46	7ffffffff7ff
N??CA?_cAQH_J?CgAW?	46	3ffdffdfdff7f
N??CA?_cAQH_J?CgOa?	46	ffffffff0e7ff
N??CA?_cAQH_J?CgOI?	46	fffffdefce7ff
N??CA?_cAQH_F?GgSG?	46	7ff7fbbfeefff
N??CA?_cAQH_F?GgCW?	46	2ffdeff7fe70fccc
N??CA?_cAQH_F?GgCK?	46	2ffdeff7fe70fccc
N??CA?_cAQH_F?GgCI?	46	2ffeffffffefb
N??CA?_cAQH_g_DGF??	46	3fffffffffff
N??CA?_cAQH_g_DGD_?	46	ffffffffff74c
N??CA?_cAQH_g_DGEG?	46	3fffffffffff
N??CA?_cAQH_g_DGDG?	46	feffffffff37c
N??CA?_cAQH_g_DGCW?	46	3fffffffe777f
N??CA?_cAQH_g_DGAW?	46	3fffffffffff
N??CA?_cAQH_g_DGBC?	46	2fffff7ff7ffb
N??CA?_cAQH_g_DGAK?	46	2ffeffffffefb
N??CA?_cAQH_g_DGDA?	46	fffffffffefb
N??CA?_cAQH_g_DGCI?	46	ffffffff7eff
N??CA?_cAQH_E_HGS_?	46	3fffffffef7fa
N??CA?_cAQH_E_HGE_?	46	7fbffbbfeefff
N??CA?_cAQH_E_HGSG?	46	7ffffffffeff
N??CA?_cAQH_E_HGEG?	46	3ffffdefdefff
N??CA?_cAQH_E_HGSA?	46	fffffffe97e7f
N??CA?_cAQH_D_KGDG?	46	3ffffdefdefff
N??CA?_cAQH_D_KGCW?	46	3fffffffffff
N??CA?_cAQH_D_KGCI?	46	3fffffffffff
N??CA?_cAQH_D_HGT??	46	7ffffffffffb
N??CA?_cAQH_D_HGF??	46	3ffffbbfeefff
N??CA?_cAQH_KO@gU??	46	fffffffdf7ff
N??CA?_cAQH_KO@gT??	46	7ffffffff7ff
N??CA?_cAQH_KO@gR??	46	ffffffffe7ff
N??CA?_cAQH_KO@gP_?	46	3fffffffffff
N??CA?_cAQH_KO@gQO?	46	3fffffffd6ffb
N??CA?_cAQH_KO@gEO?	46	3fffffffffff
N??CA?_cAQH_KO@gBO?	46	3fffffffffff
N??CA?_cAQH_KO@gSC?	46	3fffffffffff
N??CA?_cAQH_KO@gQC?	46	3fffffffffff
N??CA?_cAQH_KO@gPC?	46	3fffffffffff
N??CA?_cAQH_KO@gOS?	46	3ffffffff7f7a
N??CA?_cAQH_KO@gSA?	46	fffffffd7fff
N??CA?_cAQH_KO@gQA?	46	3fffffffd77fd
N??CA?_cAQH_KO@gPA?	46	fffffffdf7ff
N??CA?_cAQH_KO@gOa?	46	fffffffff7fe
N??CA?_cAQH_KO@gOQ?	46	3fffffffef7fa
N??CA?_cAQH_KO@gCQ?	46	3fffffffffff
N??CA?_cAQH_KO@gAQ?	46	3ffffffff7f7a
N??CA?_cAQH_KO@gOE?	46	fffffffffffa
N??CA?_cAQH_KO@g?U?	46	fffffffff7fe
N??CA?_cAQH_HOCgBO?	46	3ffdffdfdff7f
N??CA?_cAQH_HOCgPA?	46	fffffdefce7ff
N??CA?_cAQH_HOCgOa?	46	fffffdefce7ff
N??CA?_cAQH_DOGgT??	46	7ff7fbbfeefff
N??CA?_cAQH_DOGgDO?	46	2ffdeff7fe70fccc
N??CA?_cAQH_DOGgDA?	46	2ffeffffffefb
N??CA?_cAQH_CoHGU??	46	3fffbffbf7f7f
N??CA?_cAQH_CoHGT??	46	7ffffffffeff
N??CA?_cAQH_CoHGF??	46	3ffffdefdefff
N??CA?_cAQH_CoHGSO?	46	1ffffff7efffd
N??CA?_cAQH_CoHGEO?	46	1ffffff7efffd
N??CA?_cAQH_CoHGSA?	46	f7ffffbfe7ff9
N??CA?_cAQH_gGD_F??	46	7ffffffeffff
N??CA?_cAQH_gGD_EG?	46	7ffffffdffff
N??CA?_cAQH_gGD_DG?	46	3fffffffdf6fe
N??CA?_cAQH_gGD_CW?	46	3fffffffffff
N??CA?_cAQH_gGD_DA?	46	fffffffffefe
N??CA?_cAQH_gGD_CI?	46	ffffffff7f7f
N??CA?_cAQH_HGK_QG?	46	3fffbffbf7f7f
N??CA?_cAQH_HGK_PA?	46	fffffffe97e7f
N??CA?_cAQH_HGK_OI?	46	f7ffffbfe7ff9
N??CA?_cAQH_GWD_U??	46	3ffffef7ef7ff
N??CA?_cAQH_GWD_SA?	46	ffff7fefd7e7f
N??CA?_cAQIOL?BGSO?	46	fffffffefffd
N??CA?_cAQIOL?BGDO?	46	3fffffffffff
N??CA?_cAQIOL?BGDG?	46	3ffffdefdefff
N??CA?_cAQIOL?BGCW?	46	7ffffffff7ff
N??CA?_cAQIOL?BGOS?	46	3fffffffffff
N??CA?_cAQIOL?BG@K?	46	3fffffff0ffff
N??CA?_cAQIOL?BG?[?	46	3fffffffffff
N??CA?_cAQIOL?BGSA?	46	ffffffffeffb
N??CA?_cAQIOL?BGDA?	46	3fffffffffff
N??CA?_cAQIOL?BGOQ?	46	3ffffffffe67f
N??CA?_cAQIOL?BGCQ?	46	ffffffffeeff
N??CA?_cAQIOL?BG?q?	46	3fffffffffff
N??CA?_cAQIOL?BG?Y?	46	3fffffffcff7d
N??CA?_cAQIOL?BGOE?	46	3fffffffffff
N??CA?_cAQIOL?BG?U?	46	3fffffffffff
N??CA?_cAQIOF?HGD_?	46	7fbffbbfeefff
N??CA?_cAQIOF?HGCW?	46	3fffffffffff
N??CA?_cAQIOF?HGSA?	46	3fffffffffff
N??CA?_cAQIOF?HGCQ?	46	3fffffffffff
N??CA?_cAQIOF?HGCI?	46	3fffffffffff
N??CA?_cAQKGF?@gU??	46	7ffffffff7ff
N??CA?_cAQKGF?@gQO?	46	fffffef7ce7ff
N??CA?_cAQKGF?@gEO?	46	3fffffffffff
N??CA?_cAQKGF?@g@o?	46	3effffffffb7e
N??CA?_cAQKGF?@gPC?	46	3fffffffffff
N??CA?_cAQKGF?@g@c?	46	37ff6fdff9f0fb52
N??CA?_cAQKGF?@gSA?	46	fffffffdfffe
N??CA?_cAQKGF?@gQA?	46	fffffbbfce7ff
N??CA?_cAQKGF?@gPA?	46	fffffffdf7ff
N??CA?_cAQKGF?@gOa?	46	3ffffdefdefff
N??CA?_cAQKGF?@gOQ?	46	fffffdefce7ff
N??CA?_cAQKGF?@gCQ?	46	7ffffffff7ff
N??CA?_cAQKGF?@gAQ?	46	ffff7fefd7e7f
N??CA?_cAQKGF?@g?q?	46	3ffffffe97fff
N??CA?_cAQKGF?@gOE?	46	fffffffef7ff
N??CA?_cAQKGF?@gCE?	46	7ffffffff7ff
N??CA?_cAQKGF?@g?U?	46	fffffffdfeff
N??CA?_cAQKGBGD_U??	46	7ffffffffffd
N??CA?_cAQKGBGD_S_?	46	7ffffffffeff
N??CA?_cAQKGBGD_E_?	46	3ffffdefdefff
N??CA?_cAQKGBGD_EO?	46	7ffffffff7ff
N??CA?_cAQKGBGD_BO?	46	3fffffffffff
N??CA?_cAQKGBGD_SA?	46	ffffffffef7f
N??CA?_cAQKGBGD_PA?	46	7ffffffff7ff
N??CA?_cAQKGBGD_OE?	46	7ffffffeffff
N??CA?_cAQIGJ?@gU??	46	7ffffffff7ff
N??CA?_cAQIGJ?@gQO?	46	3fffffffdef7e
N??CA?_cAQIGJ?@gEO?	46	3fffffffffff
N??CA?_cAQIGJ?@gDO?	46	3ffffffffffcc
N??CA?_cAQIGJ?@gBO?	46	7ffffffff7ff
N??CA?_cAQIGJ?@gAo?	46	3fffffffffff
N??CA?_cAQIGJ?@g@o?	46	3effffffffb7e
N??CA?_cAQIGJ?@gSC?	46	3ffffbbfeefff
N??CA?_cAQIGJ?@gQC?	46	7ffffffffffe
N??CA?_cAQIGJ?@gDC?	46	2ffdeff7fe70fccc
N??CA?_cAQIGJ?@gOc?	46	3fff7fefdfeff
N??CA?_cAQIGJ?@g@c?	46	37ff6fdff9f0fb52
N??CA?_cAQIGJ?@gOS?	46	ffff7fefd7e7f
N??CA?_cAQIGJ?@gAS?	46	7ffffffff7ff
N??CA?_cAQIGJ?@g@S?	46	3effffffffb7e
N??CA?_cAQIGJ?@gSA?	46	7ffffffdffff
N??CA?_cAQIGJ?@gQA?	46	3fffffffdf6fe
N??CA?_cAQIGJ?@gPA?	46	3fffffffdf6fe
N??CA?_cAQIGJ?@gOa?	46	3fffffffffff
N??CA?_cAQIGJ?@gAQ?	46	3fffffffe777f
N??CA?_cAQIGJ?@gOE?	46	ffffffff7f7f
N??CA?_cAQIGJ?@g?U?	46	fffffffefffb
N??CA?_cAQIGB_HGU??	46	fffffffffefe
N??CA?_cAQIGB_HGS_?	46	fffffbbfce7ff
N??CA?_cAQIGB_HGSO?	46	7fbffbbfeefff
N??CA?_cAQIGB_HGEO?	46	3fffffffffff
N??CA?_cAQIGB_HGDC?	46	2ffdeff7fe70fccc
N??CA?_cAQIGB_HGSA?	46	3fffffffd77fd
N??CA?_cAQIGB_HGDA?	46	3fffffffffff
N??CA?_cAQGgM?@gU??	46	fffffffdf7ff
N??CA?_cAQGgM?@gT??	46	7ffffffff7ff
N??CA?_cAQGgM?@gR??	46	ffffffffe7ff
N??CA?_cAQGgM?@gBO?	46	3fffffffffff
N??CA?_cAQGgM?@gPC?	46	3fffffffffff
N??CA?_cAQGgM?@gSA?	46	fffffffd7fff
N??CA?_cAQGgM?@gPA?	46	fffffffdf7ff
N??CA?_cAQGgJ?CgBO?	46	3ffdffdfdff7f
N??CA?_cAQGgJ?CgPA?	46	fffffdefce7ff
N??CA?_cAQGgF?GgT??	46	7ff7fbbfeefff
N??CA?_cAQGgF?GgDO?	46	2ffdeff7fe70fccc
N??CA?_cAQGgF?GgDA?	46	2ffeffffffefb
N??CA?_cAQGgE_HGT??	46	7ffffffffeff
N??CA?_cAQGgE_HGF??	46	3ffffdefdefff
N??CA?_cAQGgE_HGSA?	46	f7ffffbfe7ff9
N??CA?_cAQKCL?B_QO?	46	fbfffffbe7ff9
N??CA?_cAQKCL?B_OK?	46	7ffffffff7ff
N??CA?_cAQKCL?B_PA?	46	fffffffffffa
N??CA?_cAQKCL?B_Oa?	46	37fffbfffeffb
N??CA?_cAQKCL?B_OQ?	46	f7fffbfffeefa
N??CA?_cAQKCL?B_OE?	46	fffffffff77f
N??CA?_cAQKCJ?D_PA?	46	7ffffffffffe
N??CA?_cAQKCJ?D_OE?	46	7fffffffff7f
N??CA?_ECg[?R??wBO?	46	3fffffffffff
N??CA?_ECg[?R??w@o?	46	3fffffffffff
N??CA?_ECg[?R??wBC?	46	3fffffffffff
N??CA?_ECg[?R??wAa?	46	fffffffdf7ff
N??CA?_ECg[?Q_@WF??	46	7fffffffff7f
N??CA?_ECg[?Q_@WBO?	46	ffffffffe7ff
N??CA?_ECg[?Q_@W@o?	46	3fffffffffff
N??CA?_ECg[?Q_@WBG?	46	3fffffffffff
N??CA?_ECg[?Q_@WAg?	46	3fffffffffff
N??CA?_ECg[?Q_@WBC?	46	3fffffffffff
N??CA?_ECg[?Q_@WAc?	46	3fffffffffff
N??CA?_ECg[?Q_@W@c?	46	3fffffffffff
N??CA?_ECg[?Q_@WCS?	46	3ffffffffffcc
N??CA?_ECg[?Q_@W@S?	46	3fffffffffff
N??CA?_ECg[?Q_@W?s?	46	1ffffffffb7fe
N??CA?_ECg[?Q_@W?k?	46	1ffffffffb7fe
N??CA?_ECg[?Q_@W?U?	46	3fffffffffff
N??CA?_ECg[?B_AWKO?	46	3fffffffffff
N??CA?_ECg[?B_AWIO?	46	3fffffffffff
N??CA?_ECg[?B_AWIG?	46	3fffffffffff
N??CA?_ECg[?B_AWEG?	46	3fffffffffff
N??CA?_ECg[?B_AWCg?	46	3fffffffffff
N??CA?_ECg[?B_AWGW?	46	3fffffffffff
N??CA?_ECg[?B_AWCW?	46	3fffffffffff
N??CA?_ECg[?B_AWAW?	46	3fffffffffff
N??CA?_ECg[?B_AWGK?	46	3fffffffffff
N??CA?_ECg[?B_AW?[?	46	3fffffffffff
N??CA?_ECg[?B_AWKA?	46	3fffffffffff
N??CA?_ECg[?B_AWGI?	46	3fffffffffff
N??CA?_ECg[?B_AWCI?	46	3fffffffffff
N??CA?_ECg[?B_AW?Y?	46	3fffffffffff
N??CA?_ECg[?B_AW?M?	46	3fffffffffff
N??CA?_ECg[?B_?wJ??	46	3fffffffffff
N??CA?_ECg[?B_?wK_?	46	3ffffffffffcc
N??CA?_ECg[?B_?wB_?	46	3fffffffcfefb
N??CA?_ECg[?B_?wEG?	46	3fffffffffff
N??CA?_ECg[?B_?wCg?	46	1ffffffffb7fe
N??CA?_ECg[?B_?wKA?	46	3fffffffffff
N??CA?_ECg[?B_?wCI?	46	3fffffffffff
N??CA?_ECg[?QO@gF??	46	7ffffffffffd
N??CA?_ECg[?QO@gBO?	46	3fffffffffff
N??CA?_ECg[?QO@gAo?	46	3fff7fefdfeff
N??CA?_ECg[?QO@gBG?	46	ffffffffe7ff
N??CA?_ECg[?QO@gAg?	46	3fffffffffff
N??CA?_ECg[?QO@gBC?	46	3fffffffffff
N??CA?_ECg[?QO@g?s?	46	3fefedefe76634fe
N??CA?_ECg[?QO@gCK?	46	3ffffffffffcc
N??CA?_ECg[?QO@gAK?	46	3fffffffffff
N??CA?_ECg[?QO@g@K?	46	3fffffffffff
N??CA?_ECg[?QO@g?k?	46	1ffffffffb7fe
N??CA?_ECg[?QO@g@I?	46	fffffffdf7ff
N??CA?_ECg[?QO@g@E?	46	3fffffffffff
N??CA?_ECg[?IO@gBO?	46	3fffffffffff
N??CA?_ECg[?IO@gBG?	46	7ffffffff7ff
N??CA?_ECg[?IO@gGW?	46	3ffffffffffcc
N??CA?_ECg[?IO@gBC?	46	3fffffffffff
N??CA?_ECg[?IO@gGK?	46	3ffffffffffcc
N??CA?_ECg[?IO@gAK?	46	3fffffffffff
N??CA?_ECg[?IO@g?[?	46	1ffffffffb7fe
N??CA?_ECg[?IO@g@a?	46	3fffffffffff
N??CA?_ECg[?IO@gAI?	46	7ffffffdffff
N??CA?_ECg[?IO@g?i?	46	3fffffffffff
N??CA?_ECg[?IO@g?Y?	46	3fffffffffff
N??CA?_ECg[?IO@g@E?	46	3fffffffffff
N??CA?_ECg[?IO@g?U?	46	3fffffffffff
N??CA?_ECg[?HOAgBO?	46	3fffffffffff
N??CA?_ECg[?HOAgBG?	46	3fffffffffff
N??CA?_ECg[?HOAg@W?	46	3fffffffffff
N??CA?_ECg[?HOAgBC?	46	3fffffffffff
N??CA?_ECg[?HOAg@a?	46	3fffffffffff
N??CA?_ECg[?HOAg@I?	46	3fffffffffff
N??CA?_ECg[?HOAg?U?	46	3fffffffffff
N??CA?_ECg[?BO?wJ??	46	3fffffffffff
N??CA?_ECg[?BO?wF??	46	3fffffffffff
N??CA?_ECg[?BO?wI_?	46	3fffffffffff
N??CA?_ECg[?BO?wE_?	46	3fffffffffff
N??CA?_ECg[?BO?wD_?	46	3fffffffffff
N??CA?_ECg[?BO?wEA?	46	3fffffffffff
N??CA?_ECg[?BO?wDA?	46	3fffffffffff
N??CA?_ECg[?BO?wAa?	46	3fffffffffff
N??CA?_ECg[?GoBGB_?	46	3fffffffffff
N??CA?_ECg[?GoBGBO?	46	3fffffffffff
N??CA?_ECg[?GoBGBG?	46	3fffffffffff
N??CA?_ECg[?GoBGAg?	46	3fffffffffff
N??CA?_ECg[?GoBG@g?	46	3fffffffffff
N??CA?_ECg[?GoBGBC?	46	3fffffffffff
N??CA?_ECg[?GoBGAc?	46	3fffffffffff
N??CA?_ECg[?GoBGGS?	46	ffffffffff74c
N??CA?_ECg[?GoBG@Q?	46	3fffffffffff
N??CA?_ECg[?GoBGAI?	46	7fffffffefff
N??CA?_ECg[?GoBG@I?	46	3fffffffffff
N??CA?_ECg[?GoBG?i?	46	3fffffffffff
N??CA?_ECg[?@oAWJ??	46	3fffffffffff
N??CA?_ECg[?@oAWF??	46	3fffffffffff
N??CA?_ECg[?@oAWD_?	46	3fffffffffff
N??CA?_ECg[?@oAWB_?	46	3fffffffffff
N??CA?_ECg[?@oAWBO?	46	3fffffffffff
N??CA?_ECg[?@oAWKC?	46	3ffffffffffcc
N??CA?_ECg[?@oAWIC?	46	3fffffffffff
N??CA?_ECg[?@oAWHC?	46	3fffffffffff
N??CA?_ECg[?@oAWGS?	46	1ffffffffb7fe
N??CA?_ECg[?@oAW?s?	46	3ffdf7ffff77f
N??CA?_ECg[?@oAWEA?	46	3fffffffffff
N??CA?_ECg[?@oAWHA?	46	3fffffffffff
N??CA?_ECg[?@oAWDA?	46	3fffffffffff
N??CA?_ECg[?@oAWGQ?	46	3fffffffffff
N??CA?_ECg[?@oAW?U?	46	3fffffffffff
N??CA?_ECg[?OWB_BG?	46	3fffffffffff
N??CA?_ECg[?OWB_CW?	46	ffffffffff74c
N??CA?_ECg[?OWB_BC?	46	3fffffffffff
N??CA?_ECg[?OWB_@c?	46	3fffffffffff
N??CA?_ECg[?OWB_@I?	46	3fffffffffff
N??CA?_ECg[?OWB_AE?	46	7ffffffff7ff
N??CA?_ECg[?OWB_@E?	46	3fffffffffff
N??CA?_ECg[?OWB_?e?	46	3fffffffffff
N??CA?_ECg[?OWB_?U?	46	3fffffffffff
N??CA?_ECg[??[B_I_?	46	3fffffffffff
N??CA?_ECg[??[B_KO?	46	3fffffffffff
N??CA?_ECg[??[B_EG?	46	7ffffffff7ff
N??CA?_ECg[??[B_DG?	46	3fffffffffff
N??CA?_ECg[??[B_Cg?	46	3fffffffffff
N??CA?_ECg[??[B_Ag?	46	3fffffffffff
N??CA?_ECg[??[B_CW?	46	3fffffffffff
N??CA?_ECg[??[B_GK?	46	fffffffdfffe
N??CA?_ECgY?J?AWCW?	46	3fffffffffff
N??CA?_ECgY?J??wL??	46	7ffffffff7ff
N??CA?_ECgY?J??wK_?	46	7ffffffff7ff
N??CA?_ECgY?J??wKO?	46	3fffffffffff
N??CA?_ECgY?J??wHO?	46	3fffffffffff
N??CA?_ECgY?J??wDO?	46	3fffffffffff
N??CA?_ECgY?J??wDG?	46	3fffffffffff
N??CA?_ECgY?J??wCg?	46	3fffffffffff
N??CA?_ECgY?J??w@g?	46	3fffffffffff
N??CA?_ECgY?J??wGW?	46	3fffffffdef7e
N??CA?_ECgY?J??wCW?	46	3fffffffffff
N??CA?_ECgY?J??wHC?	46	3fffffffffff
N??CA?_ECgY?J??wGc?	46	3fffffffffff
N??CA?_ECgY?J??wCc?	46	3fffffffffff
N??CA?_ECgY?J??wGS?	46	ffffffffff7e
N??CA?_ECgY?J??wGK?	46	ffffffffff7e
N??CA?_ECgY?J??wKA?	46	7ffffffdffff
N??CA?_ECgY?I_AWCg?	46	3fffffffffff
N??CA?_ECgY?I_@WK_?	46	3fffffffffff
N??CA?_ECgY?I_@WKO?	46	7ffffffff7ff
N??CA?_ECgY?I_@WHO?	46	ffffffffe7ff
N??CA?_ECgY?I_@WDO?	46	fffffffef7ff
N??CA?_ECgY?I_@W@o?	46	3fffffffffff
N??CA?_ECgY?I_@WDG?	46	3fffffffffff
N??CA?_ECgY?I_@WCg?	46	3fffffffffff
N??CA?_ECgY?I_@W@g?	46	3fffffffffff
N??CA?_ECgY?I_@WGW?	46	3fffffffffff
N??CA?_ECgY?I_@WCW?	46	3fffffffffff
N??CA?_ECgY?I_@WHC?	46	3fffffffffff
N??CA?_ECgY?I_@WDC?	46	3fffffffffff
N??CA?_ECgY?I_@WGc?	46	ffffffffff7e
N??CA?_ECgY?I_@WCc?	46	3fffffffffff
N??CA?_ECgY?I_@WGS?	46	3fffffffffff
N??CA?_ECgY?I_@WGK?	46	ffffffffff7d
N??CA?_ECgY?I_@WKA?	46	7ffffffeffff
N??CA?_ECgY?H_AWL??	46	3fffffffffff
N??CA?_ECgY?H_AWKO?	46	fffffffff77f
N??CA?_ECgY?H_AWHO?	46	3fffffffffff
N??CA?_ECgY?H_AWDO?	46	3fffffffffff
N??CA?_ECgY?H_AWDG?	46	3fffffffffff
N??CA?_ECgY?H_AW@g?	46	3fffffffffff
N??CA?_ECgY?H_AWGW?	46	3fffffffffff
N??CA?_ECgY?H_AWDC?	46	3fffffffffff
N??CA?_ECgY?H_AWGc?	46	3fffffffffff
N??CA?_ECgY?H_AW@c?	46	3fffffffffff
N??CA?_ECgY?H_AWGS?	46	3fffffffffff
N??CA?_ECgY?H_AW@S?	46	3fffffffffff
N??CA?_ECgY?H_AW?s?	46	3fffffffffff
N??CA?_ECgY?H_AW@K?	46	fffffffff7fb
N??CA?_ECgY?H_AWKA?	46	7fffffff7fff
N??CA?_ECgY?H_AWGa?	46	fffffffef7ff
N??CA?_ECgY?H_AWGE?	46	7fffffffff7f
N??CA?_ECgY?B_GWL??	46	3fffffffffff
N??CA?_ECgY?B_GWK_?	46	3fffffffffff
N??CA?_ECgY?B_GWKO?	46	3fffffffffff
N??CA?_ECgY?B_GWDO?	46	3bfffffbf7ffd
N??CA?_ECgY?B_GWDG?	46	3fffffffffff
N??CA?_ECgY?B_GWCg?	46	3fffffffffff
N??CA?_ECgY?B_GWCW?	46	3fffffffffff
N??CA?_ECgY?B_GWDC?	46	3fffffffffff
N??CA?_ECgY?B_GWCc?	46	3fffffffffff
N??CA?_ECgY?B_GWCS?	46	3fffffffffff
N??CA?_ECgY?B_GWKA?	46	7ffffffffffe
N??CA?_ECgY?B_GWCa?	46	2ffeffffffefb
N??CA?_ECgY?B_GWCQ?	46	2ffeffffffefb
N??CA?_ECgY?B_GWCI?	46	7ffffffff7ff
N??CA?_ECgY?IGHO@W?	46	3fffffffffff
N??CA?_ECgY?IGGo@g?	46	3fffffffffff
N??CA?_ECgY?HGAoL??	46	3fffffffffff
N??CA?_ECgY?HGAoK_?	46	fffffffff7fe
N??CA?_ECgY?HGAoD_?	46	3fffffffffff
N??CA?_ECgY?HGAoKO?	46	3fffffffffff
N??CA?_ECgY?HGAoDO?	46	3fffffffffff
N??CA?_ECgY?HGAoDG?	46	3fffffffffff
N??CA?_ECgY?HGAoCg?	46	3fffffffffff
N??CA?_ECgY?HGAoCW?	46	3fffffffffff
N??CA?_ECgY?HGAoCK?	46	3fffffffffff
N??CA?_ECgY?HGAoKA?	46	7fffffffff7f
N??CA?_ECgY?HGAoCa?	46	ffffffffe7ff
N??CA?_ECgY?HGAoCQ?	46	3fffffffffff
N??CA?_ECgY?HGAoCI?	46	3fffffffffff
N??CA?_ECgM?Q_@WT??	46	7fffffffff7f
N??CA?_ECgM?Q_@WS_?	46	3fffffffffff
N??CA?_ECgM?Q_@WSG?	46	3fffffffffff
N??CA?_ECgM?Q_@WPG?	46	3fffffffffff
N??CA?_ECgM?Q_@WDG?	46	3fffffffffff
N??CA?_ECgM?Q_@W@g?	46	3fffffffffff
N??CA?_ECgM?Q_@WOW?	46	3fffffffffff
N??CA?_ECgM?Q_@WCW?	46	3fffffffffff
N??CA?_ECgM?Q_@W@W?	46	3fffffffffff
N??CA?_ECgM?Q_@WSC?	46	3fffffffffff
N??CA?_ECgM?Q_@WPC?	46	3fffffffffff
N??CA?_ECgM?Q_@WOc?	46	3fffffffffff
N??CA?_ECgM?Q_@W@c?	46	3fffffffffff
N??CA?_ECgM?Q_@WOS?	46	3fffffffffff
N??CA?_ECgM?Q_@WCS?	46	3fffffffffff
N??CA?_ECgM?Q_@W@S?	46	3fffffffffff
N??CA?_ECgM?Q_@W?s?	46	3fffffffffff
N??CA?_ECgM?Q_@WOK?	46	3fffffffffff
N??CA?_ECgM?Q_@WCK?	46	3fffffffffff
N??CA?_ECgM?Q_@W@K?	46	3fffffffffff
N??CA?_ECgM?Q_@W?[?	46	3fffffffffff
N??CA?_ECgM?Q_@WSA?	46	7ffffffeffff
N??CA?_ECgM?Q_@WOa?	46	3fffffffffff
N??CA?_ECgM?Q_@WCQ?	46	7ffffffdffff
N??CA?_ECgM?Q_@WOI?	46	3fffffffffff
N??CA?_ECgM?Q_@WCI?	46	3fffffffffff
N??CA?_ECgM?Q_@W?Y?	46	3fffffffffff
N??CA?_ECgM?Q_@WOE?	46	3fffffffffff
N??CA?_ECgM?Q_@WCE?	46	3fffffffffff
N??CA?_ECgM?Q_@W@E?	46	3fffffffffff
N??CA?_ECgM?Q_@W?e?	46	3fffffffffff
N??CA?_ECgM?Q_@W?U?	46	3fffffffffff
N??CA?_ECgM?B_AW[??	46	3fffffffffff
N??CA?_ECgM?B_AWWG?	46	3fffffffffff
N??CA?_ECgM?B_AWSG?	46	3fffffffffff
N??CA?_ECgM?B_AWCg?	46	3fffffffffff
N??CA?_ECgM?B_AWWA?	46	3fffffffffff
N??CA?_ECgM?B_AWGQ?	46	3fffffffffff
N??CA?_ECgM?B_AWCI?	46	7fffffffff7f
N??CA?_ECgM?aO@gK_?	46	3fffffffffff
N??CA?_ECgM?aO@gH_?	46	3fffffffffff
N??CA?_ECgM?aO@gD_?	46	3fffffffffff
N??CA?_ECgM?aO@gKO?	46	3fffffffffff
N??CA?_ECgM?aO@gHO?	46	3fffffffffff
N??CA?_ECgM?aO@gDO?	46	3fffffffffff
N??CA?_ECgM?aO@gCo?	46	3fffffffffff
N??CA?_ECgM?aO@g@o?	46	3fffffffffff
N??CA?_ECgM?aO@gGg?	46	3fffffffffff
N??CA?_ECgM?aO@gCg?	46	3fffffffffff
N??CA?_ECgM?aO@gGW?	46	3fffffffffff
N??CA?_ECgM?aO@gCW?	46	3fffffffffff
N??CA?_ECgM?aO@gKC?	46	3fffffffffff
N??CA?_ECgM?aO@gHC?	46	3fffffffffff
N??CA?_ECgM?aO@gDC?	46	3fffffffffff
N??CA?_ECgM?aO@gGc?	46	3fffffffffff
N??CA?_ECgM?aO@gGS?	46	3fffffffffff
N??CA?_ECgM?aO@g@S?	46	3fffffffffff
N??CA?_ECgM?aO@gCK?	46	3fffffffffff
N??CA?_ECgM?aO@g@K?	46	3fffffffffff
N??CA?_ECgM?aO@g?k?	46	3fffffffffff
N??CA?_ECgM?aO@g?[?	46	3fffffffffff
N??CA?_ECgM?aO@gKA?	46	7fffffffefff
N??CA?_ECgM?aO@gHA?	46	ffffffffe7ff
N??CA?_ECgM?aO@gGa?	46	3fffffffffff
N??CA?_ECgM?aO@gCa?	46	3fffffffffff
N??CA?_ECgM?aO@gGQ?	46	3fffffffffff
N??CA?_ECgM?aO@gCQ?	46	3fffffffffff
N??CA?_ECgM?aO@g@Q?	46	3fffffffffff
N??CA?_ECgM?aO@g?i?	46	3fffffffffff
N??CA?_ECgM?aO@g?Y?	46	3fffffffffff
N??CA?_ECgM?aO@gGE?	46	3fffffffffff
N??CA?_ECgM?aO@g?e?	46	3fffffffffff
N??CA?_ECgM?aO@g?M?	46	3fffffffffff
N??CA?_ECgM?IO@gX??	46	7ffffffffffd
N??CA?_ECgM?IO@gW_?	46	3fffffffffff
N??CA?_ECgM?IO@gP_?	46	3fffffffffff
N??CA?_ECgM?IO@gPO?	46	3fffffffffff
N??CA?_ECgM?IO@gWG?	46	7ffffffff7ff
N??CA?_ECgM?IO@gPG?	46	7ffffffff7ff
N??CA?_ECgM?IO@gOg?	46	3fffffffffff
N??CA?_ECgM?IO@gGg?	46	3fffffffffff
N??CA?_ECgM?IO@gOW?	46	3fffffffffff
N??CA?_ECgM?IO@gGW?	46	3fffffffffff
N??CA?_ECgM?IO@g?w?	46	3fffffffffff
N??CA?_ECgM?IO@gWC?	46	3fffffffffff
N??CA?_ECgM?IO@gPC?	46	3fffffffffff
N??CA?_ECgM?IO@gHC?	46	7ffffffffffe
N??CA?_ECgM?IO@g@c?	46	3fffffffffff
N??CA?_ECgM?IO@gGS?	46	3fffffffffff
N??CA?_ECgM?IO@g@S?	46	3fffffffffff
N??CA?_ECgM?IO@gOK?	46	3fffffffffff
N??CA?_ECgM?IO@g?k?	46	3fffffffffff
N??CA?_ECgM?IO@g?[?	46	3fffffffffff
N??CA?_ECgM?IO@gWA?	46	7fffffffefff
N??CA?_ECgM?IO@gOa?	46	3fffffffffff
N??CA?_ECgM?IO@gGa?	46	3fffffffffff
N??CA?_ECgM?IO@gGQ?	46	3fffffffffff
N??CA?_ECgM?IO@g@Q?	46	3fffffffffff
N??CA?_ECgM?IO@gGI?	46	3fffffffdef7e
N??CA?_ECgM?IO@g?Y?	46	3fffffffffff
N??CA?_ECgM?IO@gOE?	46	3fffffffffff
N??CA?_ECgM?IO@gGE?	46	7fffffffff7f
N??CA?_ECgM?IO@g?U?	46	3fffffffffff
N??CA?_ECgM?IO@g?M?	46	7fffffff7fff
N??CA?_ECgM?BOAg[??	46	3fffffffffff
N??CA?_ECgM?BOAgS_?	46	3fffffffffff
N??CA?_ECgM?BOAgSO?	46	3fffffffffff
N??CA?_ECgM?BOAgKO?	46	3fffffffffff
N??CA?_ECgM?BOAgCo?	46	3fffffffffff
N??CA?_ECgM?BOAgSG?	46	3fffffffffff
N??CA?_ECgM?BOAgOg?	46	3fffffffffff
N??CA?_ECgM?BOAgCW?	46	3fffffffffff
N??CA?_ECgM?BOAgWA?	46	3fffffffffff
N??CA?_ECgM?BOAgSA?	46	3fffffffffff
N??CA?_ECgM?BOAgKA?	46	3fffffffffff
N??CA?_ECgM?BOAgGa?	46	3fffffffffff
N??CA?_ECgM?BOAgOQ?	46	3fffffffffff
N??CA?_ECgM?BOAgGQ?	46	3fffffffffff
N??CA?_ECgM?BOAgCQ?	46	3fffffffffff
N??CA?_ECgM?BOAgOI?	46	3fffffffffff
N??CA?_ECgM?BOAgCI?	46	3fffffffffff
N??CA?_ECgM?BO?w[??	46	3fffffffffff
N??CA?_ECgM?BO?wX??	46	3fffffffffff
N??CA?_ECgM?BO?wT??	46	3fffffffffff
N??CA?_ECgM?BO?wS_?	46	3fffffffffff
N??CA?_ECgM?BO?wH_?	46	3fffffffffff
N??CA?_ECgM?BO?wWO?	46	3fffffffffff
N??CA?_ECgM?BO?wSO?	46	3fffffffffff
N??CA?_ECgM?BO?wKO?	46	3fffffffffff
N??CA?_ECgM?BO?wPO?	46	3fffffffffff
N??CA?_ECgM?BO?wHO?	46	3fffffffffff
N??CA?_ECgM?BO?wDO?	46	3fffffffffff
N??CA?_ECgM?BO?wCo?	46	3fffffffffff
N??CA?_ECgM?BO?w@o?	46	3fffffffffff
N??CA?_ECgM?BO?wWC?	46	3fffffffffff
N??CA?_ECgM?BO?wPC?	46	3fffffffffff
N??CA?_ECgM?BO?wHC?	46	3fffffffffff
N??CA?_ECgM?BO?wOc?	46	3fffffffffff
N??CA?_ECgM?BO?wGc?	46	3fffffffffff
N??CA?_ECgM?BO?w@c?	46	3fffffffffff
N??CA?_ECgM?BO?wGS?	46	3fffffffffff
N??CA?_ECgM?BO?wWA?	46	3fffffffffff
N??CA?_ECgM?BO?wSA?	46	3fffffffffff
N??CA?_ECgM?BO?wKA?	46	3fffffffffff
N??CA?_ECgM?BO?wPA?	46	3fffffffffff
N??CA?_ECgM?BO?wHA?	46	3fffffffffff
N??CA?_ECgM?BO?wDA?	46	3fffffffffff
N??CA?_ECgM?BO?wOa?	46	3fffffffffff
N??CA?_ECgM?BO?w@a?	46	3fffffffffff
N??CA?_ECgM?BO?wGQ?	46	3fffffffffff
N??CA?_ECgM?BO?wCQ?	46	3fffffffffff
N??CA?_ECgM?BO?w?q?	46	3fffffffffff
N??CA?_ECgM?BO?wOE?	46	3fffffffffff
N??CA?_ECgM?BO?wGE?	46	3fffffffffff
N??CA?_ECgM?BO?w?e?	46	3fffffffffff
N??CA?_ECgM?GoBGW_?	46	3fffffffffff
N??CA?_ECgM?GoBGPO?	46	3fffffffffff
N??CA?_ECgM?GoBGHO?	46	3fffffffffff
N??CA?_ECgM?GoBGGo?	46	3fffffffffff
N??CA?_ECgM?GoBGPG?	46	3fffffffffff
N??CA?_ECgM?GoBGOg?	46	3fffffffffff
N??CA?_ECgM?GoBGGg?	46	3fffffffffff
N??CA?_ECgM?GoBG@g?	46	3fffffffffff
N??CA?_ECgM?GoBGWC?	46	3fffffffffff
N??CA?_ECgM?GoBGPC?	46	3fffffffffff
N??CA?_ECgM?GoBG@c?	46	3fffffffffff
N??CA?_ECgM?GoBGOS?	46	3fffffffffff
N??CA?_ECgM?GoBGGS?	46	3fffffffffff
N??CA?_ECgM?GoBG@S?	46	3fffffffffff
N??CA?_ECgM?GoBG@K?	46	3fffffffffff
N??CA?_ECgM?GoBG?k?	46	3fffffffffff
N??CA?_ECgM?GoBGWA?	46	7ffffffffffb
N??CA?_ECgM?GoBGPA?	46	3fffffffffff
N??CA?_ECgM?GoBGOa?	46	3fffffffffff
N??CA?_ECgM?GoBGGQ?	46	7fffffffefff
N??CA?_ECgM?GoBG@Q?	46	3fffffffffff
N??CA?_ECgM?GoBG?q?	46	3fffffffffff
N??CA?_ECgM?GoBGOI?	46	7fffffffefff
N??CA?_ECgM?GoBG@I?	46	3fffffffffff
N??CA?_ECgM?GoBG?i?	46	3fffffffffff
N??CA?_ECgM?GoBG?Y?	46	7ffffffdffff
N??CA?_ECgM?GoBGOE?	46	3fffffffffff
N??CA?_ECgM?GoBGGE?	46	3fffffffffff
N??CA?_ECgM?GoBG@E?	46	3fffffffffff
N??CA?_ECgM?GoBG?U?	46	3fffffffffff
N??CA?_ECgM?GoBG?M?	46	3fffffffffff
N??CA?_ECgM?@oAW[??	46	3fffffffffff
N??CA?_ECgM?@oAWX??	46	3fffffffffff
N??CA?_ECgM?@oAWT??	46	3fffffffffff
N??CA?_ECgM?@oAWL??	46	7ffffffffffe
N??CA?_ECgM?@oAWS_?	46	3fffffffffff
N??CA?_ECgM?@oAWP_?	46	3fffffffffff
N??CA?_ECgM?@oAWH_?	46	3fffffffffff
N??CA?_ECgM?@oAWD_?	46	3fffffffffff
N??CA?_ECgM?@oAWKO?	46	3fffffffffff
N??CA?_ECgM?@oAWPO?	46	3fffffffffff
N??CA?_ECgM?@oAWHO?	46	3fffffffffff
N??CA?_ECgM?@oAWDO?	46	3fffffffffff
N??CA?_ECgM?@oAWOo?	46	3fffffffffff
N??CA?_ECgM?@oAW@o?	46	3fffffffffff
N??CA?_ECgM?@oAWWC?	46	3fffffffffff
N??CA?_ECgM?@oAWSC?	46	3fffffffffff
N??CA?_ECgM?@oAWHC?	46	7fffffffff7f
N??CA?_ECgM?@oAWOc?	46	3fffffffffff
N??CA?_ECgM?@oAWGc?	46	3fffffffffff
N??CA?_ECgM?@oAWGS?	46	3fffffffffff
N??CA?_ECgM?@oAW@S?	46	3fffffffffff
N??CA?_ECgM?@oAW?s?	46	3fffffffffff
N??CA?_ECgM?@oAWWA?	46	3fffffffffff
N??CA?_ECgM?@oAWSA?	46	3fffffffffff
N??CA?_ECgM?@oAWKA?	46	7fffffffff7f
N??CA?_ECgM?@oAWPA?	46	3fffffffffff
N??CA?_ECgM?@oAWOa?	46	3fffffffffff
N??CA?_ECgM?@oAWCa?	46	3fffffffffff
N??CA?_ECgM?@oAWGQ?	46	3fffffffffff
N??CA?_ECgM?@oAWCQ?	46	3fffffffffff
N??CA?_ECgM?@oAW@Q?	46	3fffffffffff
N??CA?_ECgM?@oAW?q?	46	3fffffffffff
N??CA?_ECgM?@oAWOE?	46	3fffffffffff
N??CA?_ECgM?@oAWGE?	46	7fffffff7fff
N??CA?_ECgM?@oAW?e?	46	3fffffffffff
N??CA?_ECgM?@oAW?U?	46	3fffffffffff
N??CA?_ECgM?_WB_L??	46	3fffffffffff
N??CA?_ECgM?_WB_K_?	46	3fffffffffff
N??CA?_ECgM?_WB_KO?	46	3fffffffffff
N??CA?_ECgM?_WB_HO?	46	3fffffffffff
N??CA?_ECgM?_WB_KG?	46	fffffffff7fe
N??CA?_ECgM?_WB_HG?	46	3fffffffffff
N??CA?_ECgM?_WB_DG?	46	3fffffffffff
N??CA?_ECgM?_WB_Gg?	46	3fffffffffff
N??CA?_ECgM?_WB_Cg?	46	3fffffffffff
N??CA?_ECgM?_WB_GW?	46	3fffffffffff
N??CA?_ECgM?_WB_CW?	46	3fffffffffff
N??CA?_ECgM?_WB_@W?	46	3fffffffffff
N??CA?_ECgM?_WB_@K?	46	3fffffffffff
N??CA?_ECgM?_WB_KA?	46	7ffffffffffe
N??CA?_ECgM?_WB_Ga?	46	3fffffffffff
N??CA?_ECgM?_WB_GQ?	46	3fffffffffff
N??CA?_ECgM?_WB_CI?	46	7ffffffff7ff
N??CA?_ECgM?_WB_?i?	46	3fffffffffff
N??CA?_ECgM?_WBODO?	46	3fffffffffff
N??CA?_ECgM?@WAo[??	46	3fffffffffff
N??CA?_ECgM?@WAoX??	46	3fffffffffff
N??CA?_ECgM?@WAoT??	46	3fffffffffff
N??CA?_ECgM?@WAoL??	46	3fffffffffff
N??CA?_ECgM?@WAoS_?	46	3fffffffffff
N??CA?_ECgM?@WAoH_?	46	3fffffffffff
N??CA?_ECgM?@WAoD_?	46	3fffffffffff
N??CA?_ECgM?@WAoWO?	46	3fffffffffff
N??CA?_ECgM?@WAoSO?	46	3fffffffffff
N??CA?_ECgM?@WAoKO?	46	3fffffffffff
N??CA?_ECgM?@WAoCo?	46	3fffffffffff
N??CA?_ECgM?@WAoWC?	46	3fffffffffff
N??CA?_ECgM?@WAoKC?	46	3fffffffffff
N??CA?_ECgM?@WAoPC?	46	3fffffffffff
N??CA?_ECgM?@WAoHC?	46	3fffffffffff
N??CA?_ECgM?@WAoDC?	46	3fffffffffff
N??CA?_ECgM?@WAoOS?	46	3fffffffffff
N??CA?_ECgM?@WAoGS?	46	3fffffffffff
N??CA?_ECgM?@WAo@S?	46	3fffffffffff
N??CA?_ECgM?@WAoWA?	46	3fffffffffff
N??CA?_ECgM?@WAoSA?	46	3fffffffffff
N??CA?_ECgM?@WAoKA?	46	3fffffffffff
N??CA?_ECgM?@WAoOa?	46	3fffffffffff
N??CA?_ECgM?@WAoCa?	46	3fffffffffff
N??CA?_ECgM?@WAoGQ?	46	3fffffffffff
N??CA?_ECgM?@WAoCQ?	46	3fffffffffff
N??CA?_ECgM?@WAoOE?	46	3fffffffffff
N??CA?_ECgM?@WAo@E?	46	3fffffffffff
N??CA?_ECgM?@WAo?U?	46	3fffffffffff
N??CA?_ECgM??sBG[??	46	7ffffffffffb
N??CA?_ECgM??sBGX??	46	3fffffffffff
N??CA?_ECgM??sBGT??	46	3fffffffffff
N??CA?_ECgM??sBGW_?	46	3fffffffffff
N??CA?_ECgM??sBGS_?	46	3fffffffffff
N??CA?_ECgM??sBGD_?	46	3fffffffffff
N??CA?_ECgM??sBGKO?	46	7fffffffefff
N??CA?_ECgM??sBGPO?	46	3fffffffffff
N??CA?_ECgM??sBGHO?	46	3fffffffffff
N??CA?_ECgM??sBGDO?	46	3fffffffffff
N??CA?_ECgM??sBGGo?	46	3fffffffffff
N??CA?_ECgM??sBGCo?	46	3fffffffffff
N??CA?_ECgM??sBG@o?	46	3fffffffffff
N??CA?_ECgM??sBGSG?	46	7fffffffefff
N??CA?_ECgM??sBGPG?	46	3fffffffffff
N??CA?_ECgM??sBGDG?	46	3fffffffffff
N??CA?_ECgM??sBGOg?	46	3fffffffffff
N??CA?_ECgM??sBGGg?	46	3fffffffffff
N??CA?_ECgM??sBGCg?	46	3fffffffffff
N??CA?_ECgM??sBGWC?	46	3fffffffffff
N??CA?_ECgM??sBGPC?	46	3fffffffffff
N??CA?_ECgM??sBGHC?	46	3fffffffffff
N??CA?_ECgM??sBGDC?	46	3fffffffffff
N??CA?_ECgM??sBGOc?	46	3fffffffffff
N??CA?_ECgM??sBGGS?	46	3fffffffffff
N??CA?_ECgM??sBGCS?	46	3fffffffffff
N??CA?_ECgM??sBG@S?	46	3fffffffffff
N??CA?_ECgM??sBGOK?	46	3fffffffffff
N??CA?_ECgM??sBG@K?	46	3fffffffffff
N??CA?_ECgM??sBG?k?	46	3fffffffffff
N??CA?_ECgM??sBG?[?	46	3fffffffffff
N??CA?_ECgM??[B_[??	46	7ffffffffffe
N??CA?_ECgM??[B_X??	46	3fffffffffff
N??CA?_ECgM??[B_L??	46	7ffffffffffe
N??CA?_ECgM??[B_W_?	46	3fffffffffff
N??CA?_ECgM??[B_KO?	46	3fffffffffff
N??CA?_ECgM??[B_HO?	46	3fffffffffff
N??CA?_ECgM??[B_SG?	46	7ffffffff7ff
N??CA?_ECgM??[B_KG?	46	3ffffffffe67f
N??CA?_ECgM??[B_PG?	46	3fffffffffff
N??CA?_ECgM??[B_DG?	46	7fffffffff7f
N??CA?_ECgM??[B_Og?	46	3fffffffffff
N??CA?_ECgM??[B_Gg?	46	3fffffffffff
N??CA?_ECgM??[B_Cg?	46	3fffffffffff
N??CA?_ECgM??[B_GW?	46	3fffffffffff
N??CA?_ECgM??[B_CW?	46	3fffffffffff
N??CA?_ECgM??[B_@W?	46	3fffffffffff
N??CA?_ECgM??[B_OK?	46	7ffffffdffff
N??CA?_ECgM??[B_@K?	46	7fffffff7fff
N??CA?_ECgX?X??wEO?	46	3fffffffffff
N??CA?_ECgX?X??wBO?	46	3fffffffffff
N??CA?_ECgX?X??w@o?	46	3fffffffffff
N??CA?_ECgX?X??wEG?	46	3fffffffffff
N??CA?_ECgX?X??wAc?	46	3fffffffffff
N??CA?_ECgX?X??wAS?	46	3fffffffffff
N??CA?_ECgX?X??wAK?	46	3fffffffffff
N??CA?_ECgX?X??w?k?	46	1ffffffffb7fe
N??CA?_ECgX?X??w?Y?	46	3fffffffffff
N??CA?_ECgX?X??w?U?	46	3fffffffffff
N??CA?_ECgX?X??w?M?	46	3fffffffffff
N??CA?_ECgX?J?GoAK?	46	3fffffffffff
N??CA?_ECgX?J??wM??	46	7ffffffff7ff
N??CA?_ECgX?J??wK_?	46	7ffffffff7ff
N??CA?_ECgX?J??wKO?	46	3fffffffffff
N??CA?_ECgX?J??wEO?	46	3fffffffffff
N??CA?_ECgX?J??wKG?	46	3fffffffffff
N??CA?_ECgX?J??wEG?	46	3fffffffffff
N??CA?_ECgX?J??wGg?	46	3fffffffffff
N??CA?_ECgX?J??wCg?	46	3fffffffffff
N??CA?_ECgX?J??wAg?	46	3fffffffffff
N??CA?_ECgX?J??wCW?	46	3fffffffffff
N??CA?_ECgX?J??wAW?	46	3fffffffffff
N??CA?_ECgX?J??wIC?	46	3fffffffffff
N??CA?_ECgX?J??wEC?	46	3fffffffffff
N??CA?_ECgX?J??wAc?	46	3fffffffffff
N??CA?_ECgX?J??wGS?	46	3fffffffffff
N??CA?_ECgX?J??wCS?	46	3fffffffffff
N??CA?_ECgX?J??wAS?	46	3fffffffffff
N??CA?_ECgX?J??wCK?	46	3fffffffffff
N??CA?_ECgX?J??wAK?	46	3fffffffffff
N??CA?_ECgX?J??w?k?	46	3fffffffffff
N??CA?_ECgX?J??w?[?	46	3fffffffffff
N??CA?_ECgX?J??wKA?	46	7ffffffdffff
N??CA?_ECgX?J??wEA?	46	fffffffdefff
N??CA?_ECgX?J??wGa?	46	fffffffdf7ff
N??CA?_ECgX?J??wCa?	46	fffffffdefff
N??CA?_ECgX?J??wAa?	46	3fffffffdef7e
N??CA?_ECgX?J??wGQ?	46	3fffffffffff
N??CA?_ECgX?J??wCQ?	46	3fffffffffff
N??CA?_ECgX?J??wAQ?	46	3fffffffffff
N??CA?_ECgX?J??wCI?	46	3fffffffffff
N??CA?_ECgX?J??wAI?	46	3fffffffffff
N??CA?_ECgX?J??w?Y?	46	3fffffffffff
N??CA?_ECgX?J??wGE?	46	3fffffffffff
N??CA?_ECgX?J??w?e?	46	3fffffffffff
N??CA?_ECgX?J??w?U?	46	3fffffffffff
N??CA?_ECgX?J??w?M?	46	3fffffffffff
N??CA?_ECgX?W_@WF??	46	7fffffffff7f
N??CA?_ECgX?W_@WE_?	46	3fffffffffff
N??CA?_ECgX?W_@WBO?	46	ffffffffe7ff
N??CA?_ECgX?W_@W@o?	46	3fffffffffff
N??CA?_ECgX?W_@WEG?	46	3fffffffffff
N??CA?_ECgX?W_@WAc?	46	3fffffffffff
N??CA?_ECgX?W_@WCS?	46	3ffffffffffcc
N??CA?_ECgX?W_@WAS?	46	3fffffffffff
N??CA?_ECgX?W_@W@S?	46	3fffffffffff
N??CA?_ECgX?W_@WAK?	46	3fffffffffff
N??CA?_ECgX?W_@W?k?	46	1ffffffffb7fe
N??CA?_ECgX?W_@WEA?	46	7ffffffeffff
N??CA?_ECgX?W_@WCa?	46	3fffffffffff
N??CA?_ECgX?W_@W?U?	46	3fffffffffff
N??CA?_ECgX?I_@WKO?	46	7ffffffff7ff
N??CA?_ECgX?I_@WAo?	46	3fffffffffff
N??CA?_ECgX?I_@WEG?	46	3fffffffffff
N??CA?_ECgX?I_@WGg?	46	3fffffffffff
N??CA?_ECgX?I_@WCg?	46	3fffffffffff
N??CA?_ECgX?I_@WAg?	46	3fffffffffff
N??CA?_ECgX?I_@WCW?	46	3fffffffffff
N??CA?_ECgX?I_@WAW?	46	3fffffffffff
N??CA?_ECgX?I_@WIC?	46	3fffffffffff
N??CA?_ECgX?I_@WGc?	46	3fffffffffff
N??CA?_ECgX?I_@WAc?	46	3fffffffffff
N??CA?_ECgX?I_@WGS?	46	3fffffffffff
N??CA?_ECgX?I_@WAS?	46	3fffffffffff
N??CA?_ECgX?I_@W?s?	46	3fffffffffff
N??CA?_ECgX?I_@WAK?	46	3fffffffffff
N??CA?_ECgX?I_@W?k?	46	3fffffffffff
N??CA?_ECgX?I_@W?[?	46	3fffffffffff
N??CA?_ECgX?I_@WKA?	46	7ffffffeffff
N??CA?_ECgX?I_@WEA?	46	fffffffeefff
N??CA?_ECgX?I_@WGa?	46	3fffffffffff
N??CA?_ECgX?I_@WAa?	46	3fffffffffff
N??CA?_ECgX?I_@WGQ?	46	fffffffdf7ff
N??CA?_ECgX?I_@WCQ?	46	fffffffdefff
N??CA?_ECgX?I_@WAI?	46	3fffffffffff
N??CA?_ECgX?I_@W?Y?	46	3fffffffffff
N??CA?_ECgX?I_@WGE?	46	3fffffffffff
N??CA?_ECgX?I_@W?e?	46	3fffffffffff
N??CA?_ECgX?I_@W?U?	46	3fffffffffff
N??CA?_ECgX?I_@W?M?	46	3fffffffffff
N??CA?_ECgX?H_@WM??	46	3fffffffffff
N??CA?_ECgX?H_@WF??	46	3fffffffffff
N??CA?_ECgX?H_@WKO?	46	3ffffffffffcc
N??CA?_ECgX?H_@WBO?	46	3fffffffffff
N??CA?_ECgX?H_@WDG?	46	3fffffffffff
N??CA?_ECgX?H_@WBG?	46	3fffffffffff
N??CA?_ECgX?H_@WCW?	46	1ffffffffb7fe
N??CA?_ECgX?H_@WIC?	46	3fffffffffff
N??CA?_ECgX?H_@WHC?	46	3fffffffffff
N??CA?_ECgX?H_@WBC?	46	3fffffffffff
N??CA?_ECgX?H_@WGS?	46	1ffffffffb7fe
N??CA?_ECgX?H_@WCS?	46	3fdffffffb7fe
N??CA?_ECgX?H_@WGK?	46	1ffffffffb7fe
N??CA?_ECgX?H_@W?[?	46	3ffdf7ffff77f
N??CA?_ECgX?H_@WKA?	46	3fffffffffff
N??CA?_ECgX?H_@WIA?	46	3fffffffffff
N??CA?_ECgX?H_@WEA?	46	3fffffffffff
N??CA?_ECgX?H_@WHA?	46	3fffffffffff
N??CA?_ECgX?H_@WBA?	46	3fffffffffff
N??CA?_ECgX?H_@WAI?	46	3fffffffffff
N??CA?_ECgX?H_@W?Y?	46	3fffffffffff
N??CA?_ECgX?H_@WGE?	46	3fffffffffff
N??CA?_ECgX?H_@WAE?	46	3fffffffffff
N??CA?_ECgX?H_@W@E?	46	3fffffffffff
N??CA?_ECgX?H_?wM??	46	3fffffffffff
N??CA?_ECgX?H_?wL??	46	3fffffffffff
N??CA?_ECgX?H_?wJ??	46	3fffffffffff
N??CA?_ECgX?H_?wF??	46	3fffffffffff
N??CA?_ECgX?H_?wK_?	46	3ffffffffffcc
N??CA?_ECgX?H_?wB_?	46	3fffffffffff
N??CA?_ECgX?H_?wDG?	46	3fffffffffff
N??CA?_ECgX?H_?wBG?	46	3fffffffffff
N??CA?_ECgX?H_?wCg?	46	1ffffffffb7fe
N??CA?_ECgX?H_?wIC?	46	3fffffffffff
N??CA?_ECgX?H_?wHC?	46	3fffffffffff
N??CA?_ECgX?H_?wBC?	46	3fffffffffff
N??CA?_ECgX?H_?wGc?	46	1ffffffffb7fe
N??CA?_ECgX?H_?wKA?	46	3fffffffffff
N??CA?_ECgX?H_?wIA?	46	3fffffffffff
N??CA?_ECgX?H_?wHA?	46	3fffffffffff
N??CA?_ECgX?H_?wDA?	46	3fffffffffff
N??CA?_ECgX?H_?wBA?	46	3fffffffffff
N??CA?_ECgX?H_?wGI?	46	3fffffffffff
N??CA?_ECgX?H_?w@I?	46	3fffffffffff
N??CA?_ECgX?H_?w?i?	46	3fffffffffff
N??CA?_ECgX?H_?wGE?	46	3fffffffffff
N??CA?_ECgX?H_?wCE?	46	3fffffffffff
N??CA?_ECgX?H_?w@E?	46	3fffffffffff
N??CA?_ECgX?H_?w?M?	46	3fffffffffff
N??CA?_ECgX?WO@gDO?	46	3fffffffffff
N??CA?_ECgX?WO@gBO?	46	3ffff7dfdf7ff
N??CA?_ECgX?WO@gCo?	46	3ffffffffffcc
N??CA?_ECgX?WO@gEG?	46	7ffffffff7ff
N??CA?_ECgX?WO@g?s?	46	1ffffffffb7fe
N??CA?_ECgX?WO@gCK?	46	3ffffffffffcc
N??CA?_ECgX?WO@gAK?	46	3fffffffffff
N??CA?_ECgX?WO@gDA?	46	7fffffffefff
N??CA?_ECgX?WO@gCQ?	46	3fffffffffff
N??CA?_ECgX?IO@gK_?	46	3fffffffffff
N??CA?_ECgX?IO@gE_?	46	3fffffffffff
N??CA?_ECgX?IO@gKO?	46	3fffffffffff
N??CA?_ECgX?IO@gEO?	46	3fffffffffff
N??CA?_ECgX?IO@gAo?	46	3fffffffffff
N??CA?_ECgX?IO@gKG?	46	7ffffffff7ff
N??CA?_ECgX?IO@gEG?	46	7ffffffff7ff
N??CA?_ECgX?IO@gGg?	46	3fffffffffff
N??CA?_ECgX?IO@gCg?	46	3fffffffffff
N??CA?_ECgX?IO@gAg?	46	3fffffffffff
N??CA?_ECgX?IO@gCW?	46	3fffffffffff
N??CA?_ECgX?IO@gAW?	46	3fffffffffff
N??CA?_ECgX?IO@gIC?	46	3fffffffffff
N??CA?_ECgX?IO@gEC?	46	3fffffffffff
N??CA?_ECgX?IO@gGS?	46	3fffffffffff
N??CA?_ECgX?IO@gAS?	46	3fffffffffff
N??CA?_ECgX?IO@gCK?	46	3fffffffffff
N??CA?_ECgX?IO@gAK?	46	3fffffffffff
N??CA?_ECgX?IO@g?k?	46	3fffffffffff
N??CA?_ECgX?IO@g?[?	46	3fffffffffff
N??CA?_ECgX?IO@gKA?	46	7fffffffefff
N??CA?_ECgX?IO@gGa?	46	3fffffffffff
N??CA?_ECgX?IO@gCa?	46	3fffffffffff
N??CA?_ECgX?IO@gAa?	46	3fffffffffff
N??CA?_ECgX?IO@gGQ?	46	3fffffffffff
N??CA?_ECgX?IO@gCQ?	46	3fffffffffff
N??CA?_ECgX?IO@gAQ?	46	3fffffffffff
N??CA?_ECgX?IO@gCI?	46	7ffffffdffff
N??CA?_ECgX?IO@gAI?	46	fffffffdff7f
N??CA?_ECgX?IO@g?Y?	46	3fffffffffff
N??CA?_ECgX?IO@gGE?	46	3fffffffffff
N??CA?_ECgX?IO@gCE?	46	3fffffffffff
N??CA?_ECgX?IO@g?U?	46	3fffffffffff
N??CA?_ECgX?HO?wM??	46	3fffffffffff
N??CA?_ECgX?HO?wF??	46	3fffffffffff
N??CA?_ECgX?HO?wK_?	46	3ffffffffffcc
N??CA?_ECgX?HO?wB_?	46	3fffffffffff
N??CA?_ECgX?HO?wDO?	46	3fffffffffff
N??CA?_ECgX?HO?wBO?	46	3fffffffffff
N??CA?_ECgX?HO?wIC?	46	3fffffffffff
N??CA?_ECgX?HO?wBC?	46	3fffffffffff
N??CA?_ECgX?HO?w@c?	46	3fffffffffff
N??CA?_ECgX?HO?wEA?	46	3fffffffffff
N??CA?_ECgX?HO?wGQ?	46	3fffffffffff
N??CA?_ECgX?HO?wGE?	46	3fffffffffff
N??CA?_ECgX?HO?wAE?	46	3fffffffffff
N??CA?_ECgX?BOGgM??	46	3fffffffffff
N??CA?_ECgX?BOGgK_?	46	3fffffffffff
N??CA?_ECgX?BOGgKO?	46	3fffffffffff
N??CA?_ECgX?BOGgEO?	46	3fffffffffff
N??CA?_ECgX?BOGgCo?	46	3fffffffffff
N??CA?_ECgX?BOGgKG?	46	3fffffffffff
N??CA?_ECgX?BOGgEG?	46	3fffffffffff
N??CA?_ECgX?BOGgCg?	46	3fffffffffff
N??CA?_ECgX?BOGgCW?	46	3fffffffffff
N??CA?_ECgX?BOGgEC?	46	3fffffffffff
N??CA?_ECgX?BOGgKA?	46	3fffffffffff
N??CA?_ECgX?BOGgCa?	46	3fffffffffff
N??CA?_ECgX?BOGgCQ?	46	3fffffffffff
N??CA?_ECgX?BOGWEO?	46	3fffffffffff
N??CA?_ECgX?AoKGCg?	46	3fffffffffff
N??CA?_ECgX?AoHGM??	46	3fffffffffff
N??CA?_ECgX?AoHGK_?	46	3fffffffffff
N??CA?_ECgX?AoHGE_?	46	3fffffffffff
N??CA?_ECgX?AoHGKO?	46	3fffffffffff
N??CA?_ECgX?AoHGEO?	46	3fffffffffff
N??CA?_ECgX?AoHGEG?	46	3fffffffffff
N??CA?_ECgX?AoHGCg?	46	3fffffffffff
N??CA?_ECgX?AoHGCW?	46	3fffffffffff
N??CA?_ECgX?AoHGCK?	46	3fffffffffff
N??CA?_ECgX?AoHGKA?	46	3fffffffffff
N??CA?_ECgX?AoHGCa?	46	3fffffffffff
N??CA?_ECgX?AoHGCQ?	46	3fffffffffff
N??CA?_ECgX?AoHGCE?	46	3fffffffffff
N??CA?_ECgX?AoGWE_?	46	3fffffffffff
N??CA?_ECgX?@oHGM??	46	3fffffffffff
N??CA?_ECgX?@oHGL??	46	3fffffffffff
N??CA?_ECgX?@oHGF??	46	3fffffffffff
N??CA?_ECgX?@oHGKO?	46	3ffffffffffcc
N??CA?_ECgX?@oHGEO?	46	3fffffffffff
N??CA?_ECgX?@oHGDG?	46	3fffffffffff
N??CA?_ECgX?@oHGCW?	46	1ffffffffb7fe
N??CA?_ECgX?@oHGKC?	46	3ffffffffffcc
N??CA?_ECgX?@oHGCK?	46	1ffffffffb7fe
N??CA?_ECgX?@oHGKA?	46	3fffffffffff
N??CA?_ECgX?@oHGEA?	46	3fffffffffff
N??CA?_ECgX?@oHGDA?	46	3fffffffffff
N??CA?_ECgX?@oGgM??	46	3fffffffffff
N??CA?_ECgX?@oGgL??	46	3fffffffffff
N??CA?_ECgX?@oGgF??	46	3fffffffffff
N??CA?_ECgX?@oGgK_?	46	3ffffffffffcc
N??CA?_ECgX?@oGgE_?	46	3fffffffffff
N??CA?_ECgX?@oGgD_?	46	3fffffffffff
N??CA?_ECgX?@oGgDG?	46	3fffffffffff
N??CA?_ECgX?@oGgCg?	46	1ffffffffb7fe
N??CA?_ECgX?@oGgCK?	46	1ffffffffb7fe
N??CA?_ECgX?@oGgKA?	46	3fffffffffff
N??CA?_ECgX?@oGgEA?	46	3fffffffffff
N??CA?_ECgX?@oGgDA?	46	3fffffffffff
N??CA?_ECgX?@oGgCa?	46	3fffffffffff
N??CA?_ECgX?@oGWM??	46	3fffffffffff
N??CA?_ECgX?@oGWF??	46	3fffffffffff
N??CA?_ECgX?@oGWD_?	46	3fffffffffff
N??CA?_ECgX?@oGWCo?	46	1ffffffffb7fe
N??CA?_ECgX?@oGWCQ?	46	3fffffffffff
N??CA?_ECgX?WG@oCo?	46	3ffffffffffcc
N??CA?_ECgX?WG@oEG?	46	3fffffffffff
N??CA?_ECgX?WG@oCW?	46	3ffffffffffcc
N??CA?_ECgX?WG@oCS?	46	3ffffffffffcc
N??CA?_ECgX?WG@oEA?	46	7ffffffff7ff
N??CA?_ECgX?WG@oCa?	46	3fffffffffff
N??CA?_ECgX?WG@oCQ?	46	3fffffffffff
N??CA?_ECgX?IG@oM??	46	7ffffffffffe
N??CA?_ECgX?IG@oK_?	46	3fffffffffff
N??CA?_ECgX?IG@oKO?	46	3fffffffffff
N??CA?_ECgX?IG@oEO?	46	3fffffffffff
N??CA?_ECgX?IG@oCo?	46	3fffffffffff
N??CA?_ECgX?IG@oKG?	46	3fffffffffff
N??CA?_ECgX?IG@oEG?	46	3fffffffffff
N??CA?_ECgX?IG@oCg?	46	3fffffffffff
N??CA?_ECgX?IG@oCW?	46	3fffffffffff
N??CA?_ECgX?IG@oCK?	46	3fffffffffff
N??CA?_ECgX?IG@oKA?	46	7ffffffff7ff
N??CA?_ECgX?IG@oCa?	46	3fffffffffff
N??CA?_ECgX?IG@oCQ?	46	3fffffffffff
N??CA?_ECgX?IG@oCE?	46	fffffffdf7ff
N??CA?_ECgX?HC?wL??	46	7ffffffdffff
N??CA?_ECgX?HC?wF??	46	fffffffdefff
N??CA?_ECgX?HC?wK_?	46	7ffffffdffff
N??CA?_ECgX?HC?wI_?	46	fffffffdf7ff
N??CA?_ECgX?HC?wB_?	46	3fffffffdef7e
N??CA?_ECgX?HC?wKO?	46	3fffffffffff
N??CA?_ECgX?HC?wHO?	46	3fffffffffff
N??CA?_ECgX?HC?wDO?	46	3fffffffffff
N??CA?_ECgX?HC?wBO?	46	3fffffffffff
N??CA?_ECgX?HC?wCo?	46	3fffffffffff
N??CA?_ECgX?HC?wAo?	46	3fffffffffff
N??CA?_ECgX?HC?wEG?	46	3fffffffffff
N??CA?_ECgX?HC?wDG?	46	3fffffffffff
N??CA?_ECgX?HC?wBG?	46	3fffffffffff
N??CA?_ECgX?HC?wCg?	46	3fffffffffff
N??CA?_ECgX?HC?wGW?	46	3fffffffffff
N??CA?_ECgX?HC?wCW?	46	3fffffffffff
N??CA?_ECgX?HC?w?w?	46	3fffffffffff
N??CA?_ECgX?HC?wKC?	46	3fffffffffff
N??CA?_ECgX?HC?wGc?	46	3fffffffffff
N??CA?_ECgX?HC?wAc?	46	3fffffffffff
N??CA?_ECgX?HC?wGS?	46	3fffffffffff
N??CA?_ECgX?HC?wCS?	46	3fffffffffff
N??CA?_ECgX?HC?w@S?	46	3fffffffffff
N??CA?_ECgX?HC?wGK?	46	3fffffffffff
N??CA?_ECgX?HC?wCK?	46	3fffffffffff
N??CA?_ECgX?HC?wAK?	46	3fffffffffff
N??CA?_ECgX?HC?w@K?	46	3fffffffffff
N??CA?_ECgX?HC?w?k?	46	3fffffffffff
N??CA?_ECgX?HC?w?[?	46	3fffffffffff
N??CA?_ECgX?Gc@WM??	46	7ffffffeffff
N??CA?_ECgX?Gc@WL??	46	7ffffffeffff
N??CA?_ECgX?Gc@WF??	46	fffffffeefff
N??CA?_ECgX?Gc@WK_?	46	3fffffffffff
N??CA?_ECgX?Gc@WB_?	46	3fffffffffff
N??CA?_ECgX?Gc@WKO?	46	7ffffffdffff
N??CA?_ECgX?Gc@WCo?	46	3fffffffffff
N??CA?_ECgX?Gc@WEG?	46	3fffffffffff
N??CA?_ECgX?Gc@WBG?	46	3fffffffffff
N??CA?_ECgX?Gc@WGW?	46	3fffffffffff
N??CA?_ECgX?Gc@WCW?	46	3fffffffffff
N??CA?_ECgX?Gc@W?w?	46	3fffffffffff
N??CA?_ECgX?Gc@WHC?	46	3fffffffffff
N??CA?_ECgX?Gc@WGc?	46	3fffffffffff
N??CA?_ECgX?Gc@WGS?	46	3fffffffffff
N??CA?_ECgX?Gc@W@S?	46	3fffffffffff
N??CA?_ECgX?Gc@W?s?	46	3fffffffffff
N??CA?_ECgX?Gc@WCK?	46	3fffffffffff
N??CA?_ECgX?Gc@WAK?	46	3fffffffffff
N??CA?_ECgX?Gc@W?k?	46	3fffffffffff
N??CA?_ECgX?Gc@W?[?	46	3fffffffffff
N??CA?_ECgX?GS@gL??	46	7fffffffefff
N??CA?_ECgX?GS@gK_?	46	3fffffffffff
N??CA?_ECgX?GS@gI_?	46	3fffffffffff
N??CA?_ECgX?GS@gB_?	46	3fffffffffff
N??CA?_ECgX?GS@gKO?	46	3fffffffffff
N??CA?_ECgX?GS@gHO?	46	3fffffffffff
N??CA?_ECgX?GS@gDO?	46	3fffffffffff
N??CA?_ECgX?GS@gBO?	46	3fffffffffff
N??CA?_ECgX?GS@gAo?	46	3fffffffffff
N??CA?_ECgX?GS@gBG?	46	fffffffdff7f
N??CA?_ECgX?GS@gCg?	46	3fffffffffff
N??CA?_ECgX?GS@gGW?	46	3fffffffffff
N??CA?_ECgX?GS@g?w?	46	3fffffffffff
N??CA?_ECgX?GS@gGc?	46	3fffffffffff
N??CA?_ECgX?GS@gGS?	46	3fffffffffff
N??CA?_ECgX?GS@gCS?	46	3fffffffffff
N??CA?_ECgX?GS@g@S?	46	3fffffffffff
N??CA?_ECgX?GS@g?s?	46	3fffffffffff
N??CA?_ECgX?GS@gCK?	46	3fffffffffff
N??CA?_ECgX?GS@g@K?	46	3fffffffffff
N??CA?_ECgX?GS@g?k?	46	3fffffffffff
N??CA?_ECgX?GS@g?[?	46	3fffffffffff
N??CA?_ECgX?@SGgL??	46	3fffffffffff
N??CA?_ECgX?@SGgE_?	46	3fffffffffff
N??CA?_ECgX?@SGgKO?	46	3fffffffffff
N??CA?_ECgX?@SGgDO?	46	3fffffffffff
N??CA?_ECgX?@SGgEG?	46	3fffffffffff
N??CA?_ECgX?@SGgDG?	46	3fffffffffff
N??CA?_ECgX?@SGgCg?	46	3fffffffffff
N??CA?_ECgX?@SGgCW?	46	3fffffffffff
N??CA?_ECgX?@SGgCK?	46	3fffffffffff
N??CA?_ECgX??sHGL??	46	3fffffffffff
N??CA?_ECgX??sHGK_?	46	3fffffffffff
N??CA?_ECgX??sHGE_?	46	3fffffffffff
N??CA?_ECgX??sHGKO?	46	3fffffffffff
N??CA?_ECgX??sHGDO?	46	3fffffffffff
N??CA?_ECgX??sHGEG?	46	3fffffffffff
N??CA?_ECgX??sHGDG?	46	3fffffffffff
N??CA?_ECgX??sHGCg?	46	3fffffffffff
N??CA?_ECgX??sHGCW?	46	3fffffffffff
N??CA?_ECgX??sHGKC?	46	3fffffffffff
N??CA?_ECgX??sHGCS?	46	3fffffffffff
N??CA?_ECgX??sHGCK?	46	3fffffffffff
N??CA?_ECgX?GK@oK_?	46	7ffffffffffb
N??CA?_ECgX?GK@oKO?	46	7ffffffffffb
N??CA?_ECgX?GK@oCo?	46	7fffffffefff
N??CA?_ECgX?GK@oDG?	46	3fffffffffff
N??CA?_ECgX?GK@oCW?	46	7fffffffefff
N??CA?_ECgX?GK@oKC?	46	7ffffffdffff
N??CA?_ECgX?GK@oCK?	46	3fffffffffff
N??CA?_ECgR?X??wL??	46	7ffffffff7ff
N??CA?_ECgR?X??wK_?	46	7ffffffff7ff
N??CA?_ECgR?X??wKO?	46	3fffffffffff
N??CA?_ECgR?X??wKG?	46	1ffffffffcffe
N??CA?_ECgR?X??wDG?	46	3fffffffffff
N??CA?_ECgR?X??wGg?	46	3fffffffffff
N??CA?_ECgR?X??wCg?	46	3fffffffffff
N??CA?_ECgR?X??w@K?	46	7ffffffffffe
N??CA?_ECgR?P_GWL??	46	7ffffffffffb
N??CA?_ECgR?P_GWK_?	46	3fffffffffff
N??CA?_ECgR?P_GWCg?	46	3fffffffffff
N??CA?_ECgR?P_GWCc?	46	3fffffffffff
N??CA?_ECgR?POGgL??	46	3fffffffffff
N??CA?_ECgR?POGgK_?	46	1ffffffffcffe
N??CA?_ECgJ?J?GoOK?	46	3fffffffffff
N??CA?_ECgJ?J??w[??	46	7ffffffff7ff
N??CA?_ECgJ?J??wS_?	46	fffffffef7ff
N??CA?_ECgJ?J??wKO?	46	3fffffffffff
N??CA?_ECgJ?J??wSG?	46	3fffffffffff
N??CA?_ECgJ?J??wOW?	46	3fffffffffff
N??CA?_ECgJ?J??wCW?	46	3fffffffffff
N??CA?_ECgJ?J??w?w?	46	3fffffffffff
N??CA?_ECgJ?J??wGS?	46	3fffffffffff
N??CA?_ECgJ?J??w?[?	46	7ffffffffffe
N??CA?_ECgJ?J??wWA?	46	fffffffdf7ff
N??CA?_ECgJ?J??wSA?	46	fffffffdefff
N??CA?_ECgJ?J??wOQ?	46	3fffffffffff
N??CA?_ECgJ?J??wGQ?	46	3fffffffffff
N??CA?_ECgJ?J??wCQ?	46	3fffffffffff
N??CA?_ECgJ?J??wOI?	46	3fffffffffff
N??CA?_ECgJ?J??w?Y?	46	3fffffffffff
N??CA?_ECgJ?J??w?U?	46	3fffffffffff
N??CA?_ECgJ?W_@WS_?	46	3fffffffffff
N??CA?_ECgJ?W_@WSG?	46	3fffffffffff
N??CA?_ECgJ?W_@WPG?	46	3fffffffffff
N??CA?_ECgJ?W_@WOW?	46	3fffffffffff
N??CA?_ECgJ?W_@WSC?	46	3fffffffffff
N??CA?_ECgJ?W_@WPC?	46	3fffffffffff
N??CA?_ECgJ?W_@WOc?	46	3fffffffffff
N??CA?_ECgJ?W_@WOS?	46	3fffffffffff
N??CA?_ECgJ?W_@W?s?	46	3fffffffffff
N??CA?_ECgJ?W_@WOK?	46	3fffffffffff
N??CA?_ECgJ?W_@W@K?	46	3fffffffffff
N??CA?_ECgJ?W_@W?[?	46	7ffffffffffd
N??CA?_ECgJ?W_@WSA?	46	7ffffffeffff
N??CA?_ECgJ?W_@WDA?	46	7ffffffeffff
N??CA?_ECgJ?W_@WCQ?	46	7ffffffdffff
N??CA?_ECgJ?W_@W@E?	46	3fffffffffff
N??CA?_ECgJ?W_@W?U?	46	3fffffffffff
N??CA?_ECgJ?W_@W?M?	46	3fffffffffff
N??CA?_ECgJ?I__WCg?	46	3fffffffffff
N??CA?_ECgJ?I_@WKO?	46	7ffffffff7ff
N??CA?_ECgJ?I_@WSG?	46	3fffffffffff
N??CA?_ECgJ?I_@WCg?	46	3fffffffffff
N??CA?_ECgJ?I_@WOW?	46	3fffffffffff
N??CA?_ECgJ?I_@W?w?	46	3fffffffffff
N??CA?_ECgJ?I_@WWC?	46	3fffffffffff
N??CA?_ECgJ?I_@WOc?	46	3fffffffffff
N??CA?_ECgJ?I_@WOS?	46	3fffffffffff
N??CA?_ECgJ?I_@WGS?	46	3fffffffffff
N??CA?_ECgJ?I_@W?s?	46	3fffffffffff
N??CA?_ECgJ?I_@WOK?	46	3fffffffffff
N??CA?_ECgJ?I_@WCK?	46	3fffffffffff
N??CA?_ECgJ?I_@W?k?	46	3fffffffffff
N??CA?_ECgJ?I_@W?[?	46	3fffffffffff
N??CA?_ECgJ?I_@WWA?	46	fffffffef7ff
N??CA?_ECgJ?I_@WSA?	46	fffffffeefff
N??CA?_ECgJ?I_@WKA?	46	7ffffffeffff
N??CA?_ECgJ?I_@WGQ?	46	fffffffdff7f
N??CA?_ECgJ?I_@WCQ?	46	fffffffdfeff
N??CA?_ECgJ?I_@W?q?	46	3fffffffffff
N??CA?_ECgJ?I_@WCI?	46	3fffffffffff
N??CA?_ECgJ?I_@W?i?	46	3fffffffffff
N??CA?_ECgJ?I_@W?Y?	46	3fffffffffff
N??CA?_ECgJ?I_@WOE?	46	3fffffffffff
N??CA?_ECgJ?I_@WGE?	46	3fffffffffff
N??CA?_ECgJ?I_@W?U?	46	3fffffffffff
N??CA?_ECgJ?I_@W?M?	46	3fffffffffff
N??CA?_ECgJ?B_GW[??	46	3fffffffffff
N??CA?_ECgJ?B_GWSG?	46	3fffffffffff
N??CA?_ECgJ?B_GWCg?	46	3fffffffffff
N??CA?_ECgJ?B_GWSC?	46	3fffffffffff
N??CA?_ECgJ?B_GWSA?	46	2ffeffffffefb
N??CA?_ECgJ?B_GWKA?	46	7ffffffffffe
N??CA?_ECgJ?B_GWCI?	46	7fffffffff7f
N??CA?_ECgJ?gO@gK_?	46	3fffffffffff
N??CA?_ECgJ?gO@gD_?	46	3fffffffffff
N??CA?_ECgJ?gO@gKO?	46	3fffffffffff
N??CA?_ECgJ?gO@gDO?	46	3fffffffffff
N??CA?_ECgJ?gO@gCo?	46	3bfffffbf7ffd
N??CA?_ECgJ?gO@g@o?	46	3fffffffffff
N??CA?_ECgJ?gO@gDG?	46	7ffffffff7ff
N??CA?_ECgJ?gO@gGW?	46	3fffffffffff
N??CA?_ECgJ?gO@g@W?	46	3fffffffffff
N??CA?_ECgJ?gO@gKC?	46	3fffffffffff
N??CA?_ECgJ?gO@gHC?	46	3fffffffffff
N??CA?_ECgJ?gO@gDC?	46	3fffffffffff
N??CA?_ECgJ?gO@gGc?	46	3fffffffffff
N??CA?_ECgJ?gO@gGS?	46	3fffffffffff
N??CA?_ECgJ?gO@g@S?	46	3fffffffffff
N??CA?_ECgJ?gO@gGK?	46	3fffffffffff
N??CA?_ECgJ?gO@g@K?	46	3fffffffffff
N??CA?_ECgJ?gO@g?k?	46	3fffffffffff
N??CA?_ECgJ?gO@gGa?	46	3fffffffffff
N??CA?_ECgJ?gO@gCa?	46	3fffffffffff
N??CA?_ECgJ?gO@g@a?	46	3fffffffffff
N??CA?_ECgJ?gO@g@Q?	46	3fffffffffff
N??CA?_ECgJ?gO@g?i?	46	3fffffffffff
N??CA?_ECgJ?gO@g?e?	46	3fffffffffff
N??CA?_ECgJ?gO@g?M?	46	3fffffffffff
N??CA?_ECgJ?IO@g[??	46	7ffffffffffd
N??CA?_ECgJ?IO@gS_?	46	3fffffffffff
N??CA?_ECgJ?IO@gOW?	46	3fffffffffff
N??CA?_ECgJ?IO@gCW?	46	3fffffffffff
N??CA?_ECgJ?IO@g?w?	46	3fffffffffff
N??CA?_ECgJ?IO@gWC?	46	3fffffffffff
N??CA?_ECgJ?IO@gSC?	46	3fffffffffff
N??CA?_ECgJ?IO@gCc?	46	3fffffffffff
N??CA?_ECgJ?IO@gGS?	46	3fffffffffff
N??CA?_ECgJ?IO@gCS?	46	3fffffffffff
N??CA?_ECgJ?IO@g?s?	46	3fffffffffff
N??CA?_ECgJ?IO@gOK?	46	3fffffffffff
N??CA?_ECgJ?IO@g?k?	46	3fffffffffff
N??CA?_ECgJ?IO@g?[?	46	3fffffffffff
N??CA?_ECgJ?IO@gWA?	46	ffffffffe7ff
N??CA?_ECgJ?IO@gSA?	46	7fffffffefff
N??CA?_ECgJ?IO@gKA?	46	3fffffffeeffc
N??CA?_ECgJ?IO@gOQ?	46	3fffffffffff
N??CA?_ECgJ?IO@gGQ?	46	3fffffffffff
N??CA?_ECgJ?IO@gCQ?	46	3fffffffffff
N??CA?_ECgJ?IO@g?q?	46	3fffffffffff
N??CA?_ECgJ?IO@gOI?	46	fffffffdff7f
N??CA?_ECgJ?IO@gGI?	46	3fffffffdef7e
N??CA?_ECgJ?IO@g?i?	46	3fffffffffff
N??CA?_ECgJ?IO@g?Y?	46	3fffffffffff
N??CA?_ECgJ?IO@gOE?	46	3fffffffffff
N??CA?_ECgJ?IO@gGE?	46	7fffffffff7f
N??CA?_ECgJ?IO@g?U?	46	3fffffffffff
N??CA?_ECgJ?IO@g?M?	46	7fffffff7fff
N??CA?_ECgJ?HO?w[??	46	3fffffffffff
N??CA?_ECgJ?HO?wX??	46	3fffffffffff
N??CA?_ECgJ?HO?wT??	46	3fffffffffff
N??CA?_ECgJ?HO?wL??	46	3fffffffffff
N??CA?_ECgJ?HO?wS_?	46	3fffffffffff
N??CA?_ECgJ?HO?wP_?	46	3fffffffffff
N??CA?_ECgJ?HO?wD_?	46	3fffffffffff
N??CA?_ECgJ?HO?wWO?	46	3fffffffffff
N??CA?_ECgJ?HO?wKO?	46	7fffffffff7f
N??CA?_ECgJ?HO?wPO?	46	3fffffffffff
N??CA?_ECgJ?HO?wDO?	46	3fffffffffff
N??CA?_ECgJ?HO?wCo?	46	3fffffffffff
N??CA?_ECgJ?HO?w@o?	46	3fffffffffff
N??CA?_ECgJ?HO?wWC?	46	3fffffffffff
N??CA?_ECgJ?HO?wSC?	46	3fffffffffff
N??CA?_ECgJ?HO?wPC?	46	3fffffffffff
N??CA?_ECgJ?HO?wDC?	46	3fffffffffff
N??CA?_ECgJ?HO?wOc?	46	3fffffffffff
N??CA?_ECgJ?HO?wCc?	46	3fffffffffff
N??CA?_ECgJ?HO?w@c?	46	3fffffffffff
N??CA?_ECgJ?HO?wGS?	46	7ffffffffffd
N??CA?_ECgJ?HO?w@S?	46	3fffffffffff
N??CA?_ECgJ?HO?wSA?	46	3fffffffffff
N??CA?_ECgJ?HO?wKA?	46	3fffffffffff
N??CA?_ECgJ?HO?wOa?	46	3fffffffffff
N??CA?_ECgJ?HO?wCQ?	46	3fffffffffff
N??CA?_ECgJ?HO?w?q?	46	3fffffffffff
N??CA?_ECgJ?HO?wOE?	46	3fffffffffff
N??CA?_ECgJ?HO?w?e?	46	3fffffffffff
N??CA?_ECgJ?AogGCg?	46	3fffffffffff
N??CA?_ECgJ?AoHG[??	46	3fffffffffff
N??CA?_ECgJ?AoHGSG?	46	3fffffffffff
N??CA?_ECgJ?AoHGCg?	46	3fffffffffff
N??CA?_ECgJ?AoHGCW?	46	3fffffffffff
N??CA?_ECgJ?AoHGCS?	46	3fffffffffff
N??CA?_ECgJ?AoHGSA?	46	3fffffffffff
N??CA?_ECgJ?AoHGKA?	46	3fffffffffff
N??CA?_ECgJ?AoHGCQ?	46	3fffffffffff
N??CA?_ECgJ?AoHGCI?	46	3fffffffffff
N??CA?_ECgJ?AoHGCE?	46	3fffffffffff
N??CA?_ECgJ?@oGW[??	46	3fffffffffff
N??CA?_ECgJ?@oGWT??	46	3fffffffffff
N??CA?_ECgJ?@oGWL??	46	7ffffffffffe
N??CA?_ECgJ?@oGWS_?	46	3fffffffffff
N??CA?_ECgJ?@oGWD_?	46	3fffffffffff
N??CA?_ECgJ?@oGWKO?	46	7fffffffff7f
N??CA?_ECgJ?@oGWDO?	46	3fffffffffff
N??CA?_ECgJ?@oGWCo?	46	3fffffffffff
N??CA?_ECgJ?@oGWSC?	46	3fffffffffff
N??CA?_ECgJ?@oGWDC?	46	7fffffffff7f
N??CA?_ECgJ?@oGWCc?	46	3fffffffffff
N??CA?_ECgJ?@oGWSA?	46	3fffffffffff
N??CA?_ECgJ?@oGWKA?	46	7fffffffff7f
N??CA?_ECgJ?@oGWDA?	46	7fffffffff7f
N??CA?_ECgJ?@oGWCa?	46	3fffffffffff
N??CA?_ECgJ?@oGWCQ?	46	3fffffffffff
N??CA?_ECgJ?gG@oK_?	46	3fffffffffff
N??CA?_ECgJ?gG@oD_?	46	3fffffffffff
N??CA?_ECgJ?gG@oKO?	46	3fffffffffff
N??CA?_ECgJ?gG@oDO?	46	3fffffffffff
N??CA?_ECgJ?gG@oCo?	46	3bfffffbf7ffd
N??CA?_ECgJ?gG@oKG?	46	3fffffffffff
N??CA?_ECgJ?gG@oDG?	46	3fffffffffff
N??CA?_ECgJ?gG@oCg?	46	3fffffffffff
N??CA?_ECgJ?gG@oDC?	46	ffffffffe7ff
N??CA?_ECgJ?gG@oCc?	46	3effffffffcfe
N??CA?_ECgJ?gG@oDA?	46	ffffffffe7ff
N??CA?_ECgJ?gG@oCa?	46	3fffffffffff
N??CA?_ECgJ?gG@oCI?	46	3fffffffffff
N??CA?_ECgJ?WG@oT??	46	7ffffffffffe
N??CA?_ECgJ?WG@oS_?	46	7ffffffff7ff
N??CA?_ECgJ?WG@oCo?	46	7fffffffff7f
N??CA?_ECgJ?WG@oSG?	46	3fffffffffff
N??CA?_ECgJ?WG@oDG?	46	7ffffffffffe
N??CA?_ECgJ?WG@oCW?	46	7fffffffff7f
N??CA?_ECgJ?WG@oSC?	46	7ffffffff7ff
N??CA?_ECgJ?WG@oCc?	46	3fffffffffff
N??CA?_ECgJ?WG@oCQ?	46	3fffffffffff
N??CA?_ECgJ?WG@oCI?	46	7fffffffff7f
N??CA?_ECgJ?IGGoOg?	46	3fffffffffff
N??CA?_ECgJ?IG@oS_?	46	3fffffffffff
N??CA?_ECgJ?IG@oSO?	46	3fffffffffff
N??CA?_ECgJ?IG@oKO?	46	3fffffffffff
N??CA?_ECgJ?IG@oCo?	46	3fffffffffff
N??CA?_ECgJ?IG@oSG?	46	3fffffffffff
N??CA?_ECgJ?IG@oCg?	46	3fffffffffff
N??CA?_ECgJ?IG@oCW?	46	3fffffffffff
N??CA?_ECgJ?IG@oSA?	46	ffffffffe7ff
N??CA?_ECgJ?IG@oKA?	46	3fffffffef7fa
N??CA?_ECgJ?IG@oCQ?	46	3fffffffffff
N??CA?_ECgJ?IG@oCI?	46	7fffffffff7f
N??CA?_ECgJ?HC?wX??	46	fffffffdf7ff
N??CA?_ECgJ?HC?wT??	46	fffffffdefff
N??CA?_ECgJ?HC?wL??	46	fffffffcffff
N??CA?_ECgJ?HC?wS_?	46	fffffffdefff
N??CA?_ECgJ?HC?wKO?	46	3fffffffffff
N??CA?_ECgJ?HC?wPO?	46	3fffffffffff
N??CA?_ECgJ?HC?wHO?	46	3fffffffffff
N??CA?_ECgJ?HC?wDO?	46	3fffffffffff
N??CA?_ECgJ?HC?wSG?	46	3fffffffffff
N??CA?_ECgJ?HC?wPG?	46	3fffffffffff
N??CA?_ECgJ?HC?wDG?	46	3fffffffffff
N??CA?_ECgJ?HC?wOg?	46	3fffffffffff
N??CA?_ECgJ?HC?wCg?	46	3fffffffffff
N??CA?_ECgJ?HC?wCW?	46	3fffffffffff
N??CA?_ECgJ?HC?w@W?	46	3fffffffffff
N??CA?_ECgJ?HC?wPC?	46	3fffffffffff
N??CA?_ECgJ?HC?wHC?	46	3fffffffffff
N??CA?_ECgJ?HC?wDC?	46	3fffffffffff
N??CA?_ECgJ?HC?wOc?	46	3fffffffffff
N??CA?_ECgJ?HC?wCc?	46	3fffffffffff
N??CA?_ECgJ?HC?wGS?	46	3fffffffffff
N??CA?_ECgJ?HC?w@S?	46	3fffffffffff
N??CA?_ECgJ?HC?w?s?	46	3fffffffffff
N??CA?_ECgJ?HC?wOK?	46	3fffffffffff
N??CA?_ECgJ?HC?w@K?	46	3fffffffffff
N??CA?_ECgJ?HC?w?k?	46	3fffffffffff
N??CA?_ECgJ?HC?w?[?	46	7ffffffffffe
N??CA?_ECgJ?Gc@WX??	46	fffffffef7ff
N??CA?_ECgJ?Gc@WT??	46	fffffffeefff
N??CA?_ECgJ?Gc@WL??	46	7ffffffeffff
N??CA?_ECgJ?Gc@WS_?	46	3fffffffffff
N??CA?_ECgJ?Gc@WHO?	46	fffffffdff7f
N??CA?_ECgJ?Gc@W@o?	46	3fffffffffff
N??CA?_ECgJ?Gc@WSG?	46	3fffffffffff
N??CA?_ECgJ?Gc@WDG?	46	3fffffffffff
N??CA?_ECgJ?Gc@WOg?	46	3fffffffffff
N??CA?_ECgJ?Gc@WCg?	46	3fffffffffff
N??CA?_ECgJ?Gc@W@g?	46	3fffffffffff
N??CA?_ECgJ?Gc@WCW?	46	3fffffffffff
N??CA?_ECgJ?Gc@W@W?	46	3fffffffffff
N??CA?_ECgJ?Gc@W?w?	46	3fffffffffff
N??CA?_ECgJ?Gc@WPC?	46	3fffffffffff
N??CA?_ECgJ?Gc@WHC?	46	3fffffffffff
N??CA?_ECgJ?Gc@WOc?	46	3fffffffffff
N??CA?_ECgJ?Gc@WCc?	46	3fffffffffff
N??CA?_ECgJ?Gc@WGS?	46	3fffffffffff
N??CA?_ECgJ?Gc@W@S?	46	3fffffffffff
N??CA?_ECgJ?Gc@W?s?	46	3fffffffffff
N??CA?_ECgJ?Gc@WOK?	46	3fffffffffff
N??CA?_ECgJ?Gc@W@K?	46	3fffffffffff
N??CA?_ECgJ?Gc@W?k?	46	3fffffffffff
N??CA?_ECgJ?Gc@W?[?	46	3fffffffffff
N??CA?_ECgJ?@cGWT??	46	2ffeffffffefb
N??CA?_ECgJ?@cGWL??	46	7ffffffffffe
N??CA?_ECgJ?@cGWS_?	46	2ffeffffffefb
N??CA?_ECgJ?@cGWKO?	46	3fffffffffff
N??CA?_ECgJ?@cGWDO?	46	37fffbfffeffb
N??CA?_ECgJ?@cGWCo?	46	37fffbfffeffb
N??CA?_ECgJ?@cGWSG?	46	3fffffffffff
N??CA?_ECgJ?@cGWDG?	46	7fffffffff7f
N??CA?_ECgJ?@cGWCg?	46	3fffffffffff
N??CA?_ECgJ?@cGWCW?	46	3fffffffffff
N??CA?_ECgJ?@cGWCc?	46	3fffffffffff
N??CA?_ECgJ?@cGWCS?	46	3fffffffffff
N??CA?_ECgJ?GS@gX??	46	ffffffffe7ff
N??CA?_ECgJ?GS@gT??	46	7fffffffefff
N??CA?_ECgJ?GS@gL??	46	3fffffffeeffc
N??CA?_ECgJ?GS@gS_?	46	3fffffffffff
N??CA?_ECgJ?GS@gKO?	46	3fffffffffff
N??CA?_ECgJ?GS@gPO?	46	3fffffffffff
N??CA?_ECgJ?GS@gHO?	46	3fffffffffff
N??CA?_ECgJ?GS@gDO?	46	3fffffffffff
N??CA?_ECgJ?GS@gOo?	46	3fffffffffff
N??CA?_ECgJ?GS@gCo?	46	3fffffffffff
N??CA?_ECgJ?GS@g@o?	46	3fffffffffff
N??CA?_ECgJ?GS@gSG?	46	7ffffffdffff
N??CA?_ECgJ?GS@gPG?	46	fffffffdff7f
N??CA?_ECgJ?GS@gDG?	46	3fffffffdef7e
N??CA?_ECgJ?GS@gOg?	46	3fffffffffff
N??CA?_ECgJ?GS@g@g?	46	3fffffffffff
N??CA?_ECgJ?GS@g@W?	46	3fffffffffff
N??CA?_ECgJ?GS@g?w?	46	3fffffffffff
N??CA?_ECgJ?GS@gPC?	46	3fffffffffff
N??CA?_ECgJ?GS@gHC?	46	7fffffffff7f
N??CA?_ECgJ?GS@gOc?	46	3fffffffffff
N??CA?_ECgJ?GS@gGS?	46	3fffffffffff
N??CA?_ECgJ?GS@gCS?	46	3fffffffffff
N??CA?_ECgJ?GS@g@S?	46	3fffffffffff
N??CA?_ECgJ?GS@g?s?	46	3fffffffffff
N??CA?_ECgJ?GS@gOK?	46	3fffffffffff
N??CA?_ECgJ?GS@g@K?	46	7fffffff7fff
N??CA?_ECgJ?GS@g?k?	46	3fffffffffff
N??CA?_ECgJ?GS@g?[?	46	3fffffffffff
N??CA?_ECgJ?@SGgT??	46	3fffffffffff
N??CA?_ECgJ?@SGgL??	46	2fffff7ff7ffb
N??CA?_ECgJ?@SGgS_?	46	3fffffffffff
N??CA?_ECgJ?@SGgKO?	46	3fffffffffff
N??CA?_ECgJ?@SGgDO?	46	3fffffffffff
N??CA?_ECgJ?@SGgCo?	46	3fffffffffff
N??CA?_ECgJ?@SGgSG?	46	3fffffffffff
N??CA?_ECgJ?@SGgDG?	46	2ffeffffffefb
N??CA?_ECgJ?@SGgCW?	46	3fffffffffff
N??CA?_ECgJ?@SGgCK?	46	3fffffffffff
N??CA?_ECgJ??sHGT??	46	3fffffffffff
N??CA?_ECgJ??sHGL??	46	3fffffffffff
N??CA?_ECgJ??sHGS_?	46	3fffffffffff
N??CA?_ECgJ??sHGKO?	46	3fffffffffff
N??CA?_ECgJ??sHGDO?	46	3fffffffffff
N??CA?_ECgJ??sHGCo?	46	3fffffffffff
N??CA?_ECgJ??sHGSG?	46	3fffffffffff
N??CA?_ECgJ??sHGDG?	46	3fffffffffff
N??CA?_ECgJ??sHGCg?	46	3fffffffffff
N??CA?_ECgJ??sHGDC?	46	3fffffffffff
N??CA?_ECgJ??sHGCS?	46	3fffffffffff
N??CA?_ECgJ??sHGCK?	46	3fffffffffff
N??CA?_ECgJ?GK@oT??	46	ffffffffe7ff
N??CA?_ECgJ?GK@oL??	46	3fffffffef7fa
N??CA?_ECgJ?GK@oS_?	46	3fffffffffff
N??CA?_ECgJ?GK@oKO?	46	3fffffffffff
N??CA?_ECgJ?GK@oDO?	46	3fffffffffff
N??CA?_ECgJ?GK@oCo?	46	3fffffffffff
N??CA?_ECgJ?GK@oSG?	46	3fffffffffff
N??CA?_ECgJ?GK@oDG?	46	7fffffffff7f
N??CA?_ECgJ?GK@oCg?	46	3fffffffffff
N??CA?_ECgJ?GK@oCW?	46	3fffffffffff
N??CA?_ECgJ?GK@oCc?	46	3fffffffffff
N??CA?_ECgJ?GK@oCK?	46	7fffffff7fff
N??CA?_ECgW_Y??wF??	46	7ffffffff7ff
N??CA?_ECgW_Y??wBO?	46	3fffffffffff
N??CA?_ECgW_Y??wBG?	46	3fffffffffff
N??CA?_ECgW_Y??wCW?	46	3ffffffffffcc
N??CA?_ECgW_Y??wBC?	46	3fffffffffff
N??CA?_ECgW_Y??wCQ?	46	3fffffffffff
N??CA?_ECgW_Y??w?Y?	46	3fffffffffff
N??CA?_ECgW_Y??wAE?	46	3fffffffffff
N??CA?_ECgW_Y??w@E?	46	3fffffffffff
N??CA?_ECgW_M?AWGS?	46	3fffffffffff
N??CA?_ECgW_M??wDG?	46	3fffffffffff
N??CA?_ECgW_M??wGg?	46	3effffffffcfe
N??CA?_ECgW_M??wCg?	46	3fffffffffff
N??CA?_ECgW_M??w@g?	46	3fffffffffff
N??CA?_ECgW_M??wCW?	46	3fffffffffff
N??CA?_ECgW_M??w@W?	46	3fffffffffff
N??CA?_ECgW_M??w?w?	46	3ffffffffffd2
N??CA?_ECgW_M??wKC?	46	3fffffffffff
N??CA?_ECgW_M??wHC?	46	3fffffffffff
N??CA?_ECgW_M??wCS?	46	3fffffffffff
N??CA?_ECgW_M??w@S?	46	3fffffffffff
N??CA?_ECgW_M??wCK?	46	7fffffffff7f
N??CA?_ECgW_M??w@K?	46	3fffffffffff
N??CA?_ECgW_M??w?k?	46	3fffffffffff
N??CA?_ECgW_M??w?[?	46	3fffffffffff
N??CA?_ECgW_M??wKA?	46	7ffffffdffff
N??CA?_ECgW_M??wCa?	46	fffffffdefff
N??CA?_ECgW_M??w@Q?	46	3fffffffffff
N??CA?_ECgW_M??w?i?	46	3fffffffffff
N??CA?_ECgW_M??wGE?	46	3fffffffffff
N??CA?_ECgW_M??w?e?	46	3fffffffffff
N??CA?_ECgW_M??w?M?	46	3fffffffffff
N??CA?_ECgW_J??wJ??	46	ffffffffe7ff
N??CA?_ECgW_J??wF??	46	fffffffef7ff
N??CA?_ECgW_J??wKO?	46	3ffffffffffcc
N??CA?_ECgW_J??wBO?	46	3fffffffffff
N??CA?_ECgW_J??wEG?	46	3fffffffffff
N??CA?_ECgW_J??wDG?	46	3fffffffffff
N??CA?_ECgW_J??wBG?	46	3fffffffffff
N??CA?_ECgW_J??wCW?	46	1ffffffffb7fe
N??CA?_ECgW_J??wEC?	46	3fffffffffff
N??CA?_ECgW_J??wBC?	46	3fffffffffff
N??CA?_ECgW_J??wGS?	46	1ffffffffb7fe
N??CA?_ECgW_J??wAK?	46	3fffffffffff
N??CA?_ECgW_J??w@K?	46	3fffffffffff
N??CA?_ECgW_J??w?[?	46	3ffdf7ffff77f
N??CA?_ECgW_J??wEA?	46	fffffffdefff
N??CA?_ECgW_J??wHA?	46	fffffffdf7ff
N??CA?_ECgW_J??wDA?	46	fffffffdefff
N??CA?_ECgW_J??wBA?	46	3fffffffdef7e
N??CA?_ECgW_J??wAI?	46	3fffffffffff
N??CA?_ECgW_J??wAE?	46	3fffffffffff
N??CA?_ECgW_J??w@E?	46	3fffffffffff
N??CA?_ECgW_J??w?U?	46	3fffffffffff
N??CA?_ECgW_J??w?M?	46	3fffffffffff
N??CA?_ECgW_W_AWF??	46	3fffffffffff
N??CA?_ECgW_W_AWBO?	46	3fffffffffff
N??CA?_ECgW_W_AW@o?	46	3fffffffffff
N??CA?_ECgW_W_AWBG?	46	3fffffffffff
N??CA?_ECgW_W_AWBC?	46	3fffffffffff
N??CA?_ECgW_W_AW?s?	46	1ffffffffb7fe
N??CA?_ECgW_W_AW?k?	46	1ffffffffb7fe
N??CA?_ECgW_W_AWDA?	46	3fffffffffff
N??CA?_ECgW_W_AWAE?	46	3fffffffffff
N??CA?_ECgW_W_AW?U?	46	3fffffffffff
N??CA?_ECgW_Q_GWF??	46	3fffffffffff
N??CA?_ECgW_Q_GWEA?	46	3fffffffffff
N??CA?_ECgW_I_GWJ??	46	3fffffffffff
N??CA?_ECgW_I_GWBO?	46	3bfffffbf7ffd
N??CA?_ECgW_I_GWBG?	46	3fffffffffff
N??CA?_ECgW_I_GWAg?	46	fffffffff77f
N??CA?_ECgW_I_GW@g?	46	3fffffffffff
N??CA?_ECgW_I_GW@W?	46	3fffffffffff
N??CA?_ECgW_I_GW?w?	46	1ffffffffb7fe
N??CA?_ECgW_I_GWIC?	46	3fffffffffff
N??CA?_ECgW_I_GWBC?	46	3fffffffffff
N??CA?_ECgW_I_GWAc?	46	3fffffffffff
N??CA?_ECgW_I_GW?k?	46	1ffffffffb7fe
N??CA?_ECgW_I_GWIA?	46	fffffffffefe
N??CA?_ECgW_I_GW@I?	46	3fffffffffff
N??CA?_ECgW_I_GW?Y?	46	3fffffffffff
N??CA?_ECgW_I_AWM??	46	3fffffffffff
N??CA?_ECgW_I_AWKO?	46	3fffffffffff
N??CA?_ECgW_I_AWEG?	46	3fffffffffff
N??CA?_ECgW_I_AWGg?	46	3fffffffffff
N??CA?_ECgW_I_AWCg?	46	3fffffffffff
N??CA?_ECgW_I_AWAg?	46	3fffffffffff
N??CA?_ECgW_I_AWCW?	46	3fffffffffff
N??CA?_ECgW_I_AWAW?	46	3fffffffffff
N??CA?_ECgW_I_AWKC?	46	3fffffffffff
N??CA?_ECgW_I_AWIC?	46	3fffffffffff
N??CA?_ECgW_I_AWGc?	46	3fffffffffff
N??CA?_ECgW_I_AWGS?	46	3fffffffffff
N??CA?_ECgW_I_AWAS?	46	3fffffffffff
N??CA?_ECgW_I_AW?s?	46	3fffffffffff
N??CA?_ECgW_I_AW?k?	46	3fffffffffff
N??CA?_ECgW_I_AW?[?	46	3fffffffffff
N??CA?_ECgW_I_AWKA?	46	3fffffffffff
N??CA?_ECgW_I_AWGa?	46	3fffffffffff
N??CA?_ECgW_I_AWGQ?	46	3fffffffffff
N??CA?_ECgW_I_AWCQ?	46	3fffffffffff
N??CA?_ECgW_I_AWAQ?	46	3fffffffffff
N??CA?_ECgW_I_AW?Y?	46	3fffffffffff
N??CA?_ECgW_I_AWGE?	46	3fffffffffff
N??CA?_ECgW_I_AW?e?	46	3fffffffffff
N??CA?_ECgW_I_AW?U?	46	3fffffffffff
N??CA?_ECgW_I_AW?M?	46	3fffffffffff
N??CA?_ECgW_I_?wL??	46	3fffffffffff
N??CA?_ECgW_I_?wJ??	46	3fffffffffff
N??CA?_ECgW_I_?wF??	46	3fffffffffff
N??CA?_ECgW_I_?wK_?	46	3ffffffffffcc
N??CA?_ECgW_I_?wB_?	46	3fffffffffff
N??CA?_ECgW_I_?wKG?	46	3ffffffffffcc
N??CA?_ECgW_I_?wEG?	46	3fffffffffff
N??CA?_ECgW_I_?wDG?	46	3fffffffffff
N??CA?_ECgW_I_?wBG?	46	3fffffffffff
N??CA?_ECgW_I_?wCg?	46	1ffffffffb7fe
N??CA?_ECgW_I_?wBC?	46	3fffffffffff
N??CA?_ECgW_I_?wGc?	46	1ffffffffb7fe
N??CA?_ECgW_I_?w@c?	46	3fffffffffff
N??CA?_ECgW_I_?w?k?	46	3ffdf7ffff77f
N??CA?_ECgW_I_?wKA?	46	3fffffffffff
N??CA?_ECgW_I_?wEA?	46	3fffffffffff
N??CA?_ECgW_I_?wHA?	46	3fffffffffff
N??CA?_ECgW_I_?wDA?	46	3fffffffffff
N??CA?_ECgW_I_?wBA?	46	3fffffffffff
N??CA?_ECgW_I_?wGI?	46	3fffffffffff
N??CA?_ECgW_I_?wCI?	46	3fffffffffff
N??CA?_ECgW_I_?w@I?	46	3fffffffffff
N??CA?_ECgW_I_?wGE?	46	3fffffffffff
N??CA?_ECgW_I_?w@E?	46	3fffffffffff
N??CA?_ECgW_I_?w?e?	46	3fffffffffff
N??CA?_ECgW_I_?w?M?	46	3fffffffffff
N??CA?_ECgW_H_AWJ??	46	3fffffffffff
N??CA?_ECgW_H_AWF??	46	3fffffffffff
N??CA?_ECgW_H_AWKO?	46	ffffffffff74c
N??CA?_ECgW_H_AWBO?	46	3fffffffffff
N??CA?_ECgW_H_AWDG?	46	3fffffffffff
N??CA?_ECgW_H_AWBG?	46	3fffffffffff
N??CA?_ECgW_H_AWCW?	46	1ffffffffb7fe
N??CA?_ECgW_H_AWAW?	46	3fffffffffff
N??CA?_ECgW_H_AWHC?	46	3fffffffffff
N??CA?_ECgW_H_AWBC?	46	3fffffffffff
N??CA?_ECgW_H_AWGS?	46	1ffffffffb7fe
N??CA?_ECgW_H_AWAS?	46	3fffffffffff
N??CA?_ECgW_H_AWGK?	46	1ffffffffb7fe
N??CA?_ECgW_H_AWAK?	46	3fffffffffff
N??CA?_ECgW_H_AW@K?	46	fffffffffff9
N??CA?_ECgW_H_AW?[?	46	3ffdf7ffff77f
N??CA?_ECgW_H_AWIA?	46	fffffffef7ff
N??CA?_ECgW_H_AWEA?	46	fffffffeefff
N??CA?_ECgW_H_AWHA?	46	3fffffffffff
N??CA?_ECgW_H_AWBA?	46	3fffffffffff
N??CA?_ECgW_H_AWAI?	46	3fffffffffff
N??CA?_ECgW_H_AWAE?	46	3fffffffffff
N??CA?_ECgW_H_AW@E?	46	ffffffffe7ff
N??CA?_ECgW_H_AW?M?	46	3fffffffffff
N??CA?_ECgW_B_GWL??	46	3fffffffffff
N??CA?_ECgW_B_GWF??	46	3bfffffbf7ffd
N??CA?_ECgW_B_GWKO?	46	3ffffffffffcc
N??CA?_ECgW_B_GWEG?	46	3fffffffffff
N??CA?_ECgW_B_GWDG?	46	3fffffffffff
N??CA?_ECgW_B_GWCW?	46	1ffffffffb7fe
N??CA?_ECgW_B_GWEC?	46	3fffffffffff
N??CA?_ECgW_B_GWEA?	46	2ffeffffffefb
N??CA?_ECgW_B_GWCI?	46	ffffffffe7ff
N??CA?_ECgW_WOAgF??	46	3fffffffffff
N??CA?_ECgW_WOAgBO?	46	3ffff7dfdf7ff
N??CA?_ECgW_WOAgBG?	46	3fffffffffff
N??CA?_ECgW_WOAgAg?	46	3ffffffffe67f
N??CA?_ECgW_WOAgBC?	46	3fffffffffff
N??CA?_ECgW_WOAg?s?	46	1ffffffffb7fe
N??CA?_ECgW_WOAg?k?	46	1ffffffffb7fe
N??CA?_ECgW_WOAgDA?	46	3fffffffffff
N??CA?_ECgW_WOAgAE?	46	3fffffffffff
N??CA?_ECgW_KOAgL??	46	3fffffffffff
N??CA?_ECgW_KOAgK_?	46	fffffffff7fd
N??CA?_ECgW_KOAgDO?	46	3fffffffffff
N??CA?_ECgW_KOAg@o?	46	3fffffffffff
N??CA?_ECgW_KOAgDG?	46	3fffffffffff
N??CA?_ECgW_KOAgCg?	46	fffffffff77f
N??CA?_ECgW_KOAg@g?	46	3fffffffffff
N??CA?_ECgW_KOAgCW?	46	3fffffffffff
N??CA?_ECgW_KOAg@W?	46	3fffffffffff
N??CA?_ECgW_KOAg?w?	46	3fffffffffff
N??CA?_ECgW_KOAgKC?	46	3fffffffffff
N??CA?_ECgW_KOAgHC?	46	3fffffffffff
N??CA?_ECgW_KOAgDC?	46	3fffffffffff
N??CA?_ECgW_KOAgGc?	46	3fffffffffff
N??CA?_ECgW_KOAgCc?	46	3fffffffffff
N??CA?_ECgW_KOAgCS?	46	3fffffffffff
N??CA?_ECgW_KOAg@S?	46	3fffffffffff
N??CA?_ECgW_KOAgCK?	46	3fffffffffff
N??CA?_ECgW_KOAg@K?	46	3fffffffffff
N??CA?_ECgW_KOAg?k?	46	3fffffffffff
N??CA?_ECgW_KOAg?[?	46	3fffffffffff
N??CA?_ECgW_KOAgGa?	46	ffffffffe7ff
N??CA?_ECgW_KOAgCa?	46	7fffffffefff
N??CA?_ECgW_KOAgCQ?	46	3fffffffffff
N??CA?_ECgW_KOAg@Q?	46	3fffffffffff
N??CA?_ECgW_KOAgCI?	46	7ffffffeffff
N??CA?_ECgW_KOAg?i?	46	fffffffdff7f
N??CA?_ECgW_KOAg?Y?	46	3fffffffffff
N??CA?_ECgW_KOAgGE?	46	3fffffffffff
N??CA?_ECgW_KOAg@E?	46	3fffffffffff
N??CA?_ECgW_KOAg?e?	46	3fffffffffff
N??CA?_ECgW_KOAg?U?	46	3fffffffffff
N??CA?_ECgW_KOAg?M?	46	3fffffffffff
N??CA?_ECgW_QOGgF??	46	3fffffffffff
N??CA?_ECgW_QOGgCo?	46	2ffdeff7fe70fccc
N??CA?_ECgW_QOGgEA?	46	3fffffffffff
N??CA?_ECgW_QOGgDA?	46	ffffffff7ffd
N??CA?_ECgW_EOGgL??	46	3fffffffffff
N??CA?_ECgW_EOGgK_?	46	3fffffffffff
N??CA?_ECgW_EOGgDO?	46	3fffffffffff
N??CA?_ECgW_EOGgCo?	46	3ffff7dfdf7ff
N??CA?_ECgW_EOGgDG?	46	3fffffffffff
N??CA?_ECgW_EOGgCg?	46	3fffffffffff
N??CA?_ECgW_EOGgCW?	46	7fffffffff7f
N??CA?_ECgW_EOGgDC?	46	3fffffffffff
N??CA?_ECgW_EOGgKA?	46	3fffffffffff
N??CA?_ECgW_EOGgCa?	46	3fffffffffff
N??CA?_ECgW_EOGgCQ?	46	3fffffffffff
N??CA?_ECgW_HOAgM??	46	fffffffff7fd
N??CA?_ECgW_HOAgL??	46	3fffffffffff
N??CA?_ECgW_HOAgJ??	46	3fffffffffff
N??CA?_ECgW_HOAgF??	46	3fffffffffff
N??CA?_ECgW_HOAgKO?	46	3ffffffffffcc
N??CA?_ECgW_HOAgDO?	46	3fffffffffff
N??CA?_ECgW_HOAgBO?	46	3fffffffffff
N??CA?_ECgW_HOAgIG?	46	3ffffffffe67f
N??CA?_ECgW_HOAgBG?	46	3fffffffffff
N??CA?_ECgW_HOAgBC?	46	3fffffffffff
N??CA?_ECgW_HOAgGS?	46	1ffffffffb7fe
N??CA?_ECgW_HOAgGK?	46	1ffffffffb7fe
N??CA?_ECgW_HOAgAK?	46	3fffffffffff
N??CA?_ECgW_HOAg@K?	46	3fffffffffff
N??CA?_ECgW_HOAg?[?	46	3ffdf7ffff77f
N??CA?_ECgW_HOAgIA?	46	ffffffffe7ff
N??CA?_ECgW_HOAgEA?	46	7fffffffefff
N??CA?_ECgW_HOAgHA?	46	3fffffffffff
N??CA?_ECgW_HOAgDA?	46	3fffffffffff
N??CA?_ECgW_HOAgBA?	46	3fffffffffff
N??CA?_ECgW_HOAgCQ?	46	3fffffffffff
N??CA?_ECgW_HOAgAI?	46	fffffffdff7f
N??CA?_ECgW_HOAgAE?	46	3fffffffffff
N??CA?_ECgW_BOGgF??	46	3fffffffffff
N??CA?_ECgW_BOGgKO?	46	3ffffffffffcc
N??CA?_ECgW_BOGgEO?	46	3fffffffffff
N??CA?_ECgW_BOGgDO?	46	3fffffffffff
N??CA?_ECgW_BOGgEG?	46	3fffffffffff
N??CA?_ECgW_BOGgDG?	46	3fffffffffff
N??CA?_ECgW_BOGgCW?	46	1ffffffffb7fe
N??CA?_ECgW_BOGgEA?	46	3fffffffffff
N??CA?_ECgW_BOGgDA?	46	3fffffffffff
N??CA?_ECgW_GoAWJ??	46	3fffffffffff
N??CA?_ECgW_GoAWF??	46	3fffffffffff
N??CA?_ECgW_GoAWD_?	46	3fffffffffff
N??CA?_ECgW_GoAWB_?	46	3fffffffffff
N??CA?_ECgW_GoAWBO?	46	3fffffffffff
N??CA?_ECgW_GoAWGS?	46	1ffffffffb7fe
N??CA?_ECgW_GoAWCS?	46	1ffffffffb7fe
N??CA?_ECgW_GoAWAS?	46	3fffffffffff
N??CA?_ECgW_GoAWEA?	46	3fffffffffff
N??CA?_ECgW_GoAWDA?	46	3fffffffffff
N??CA?_ECgW_GoAWGQ?	46	3fffffffffff
N??CA?_ECgW_GoAW?U?	46	3fffffffffff
N??CA?_ECgW_AoIGM??	46	3fffffffffff
N??CA?_ECgW_AoIGK_?	46	3fffffffffff
N??CA?_ECgW_AoIGKO?	46	3fffffffffff
N??CA?_ECgW_AoIGEO?	46	3fffffffffff
N??CA?_ECgW_AoIGCo?	46	3fffffffffff
N??CA?_ECgW_AoIGKG?	46	3fffffffffff
N??CA?_ECgW_AoIGEG?	46	3fffffffffff
N??CA?_ECgW_AoIGCg?	46	3fffffffffff
N??CA?_ECgW_AoIGCW?	46	3fffffffffff
N??CA?_ECgW_AoIGKC?	46	3fffffffffff
N??CA?_ECgW_AoIGCK?	46	ffffffff7f7f
N??CA?_ECgW_AoIGKA?	46	3fffffffffff
N??CA?_ECgW_AoIGCa?	46	3fffffffffff
N??CA?_ECgW_AoIGCQ?	46	3fffffffffff
N??CA?_ECgW_AoIGCE?	46	fffffffef7ff
N??CA?_ECgW_AoGgF??	46	3fffffffffff
N??CA?_ECgW_AoGgK_?	46	3ffffffffffcc
N??CA?_ECgW_AoGgE_?	46	3fffffffffff
N??CA?_ECgW_AoGgD_?	46	3fffffffffff
N??CA?_ECgW_AoGgKG?	46	3ffffffffffcc
N??CA?_ECgW_AoGgEG?	46	3fffffffffff
N??CA?_ECgW_AoGgDG?	46	3fffffffffff
N??CA?_ECgW_AoGgCg?	46	1ffffffffb7fe
N??CA?_ECgW_AoGgDC?	46	3fffffffffff
N??CA?_ECgW_AoGgCc?	46	1ffffffffb7fe
N??CA?_ECgW_AoGgKA?	46	3fffffffffff
N??CA?_ECgW_AoGgEA?	46	3fffffffffff
N??CA?_ECgW_AoGgDA?	46	3fffffffffff
N??CA?_ECgW_AoGgCI?	46	3fffffffffff
N??CA?_ECgW_AoGWF??	46	3fffffffffff
N??CA?_ECgW_AoGWK_?	46	3ffffffffffcc
N??CA?_ECgW_AoGWD_?	46	3fffffffffff
N??CA?_ECgW_AoGWKO?	46	3ffffffffffcc
N??CA?_ECgW_AoGWCo?	46	1ffffffffb7fe
N??CA?_ECgW_AoGWCS?	46	1ffffffffb7fe
N??CA?_ECgW_AoGWDA?	46	3fffffffffff
N??CA?_ECgW_AoGWCQ?	46	3fffffffffff
N??CA?_ECgW_@oIGL??	46	3bffbffffff7d
N??CA?_ECgW_@oIGKO?	46	3defbfffdea94fcc
N??CA?_ECgW_@oIGDO?	46	1ffffeffff7fd
N??CA?_ECgW_@oIGDG?	46	1ffffeffff7fd
N??CA?_ECgW_@oIGCW?	46	3fefedefe76634fe
N??CA?_ECgW_WGAoF??	46	3fffffffffff
N??CA?_ECgW_WGAoCo?	46	3ffffffffffcc
N??CA?_ECgW_WGAoDA?	46	3fffffffffff
N??CA?_ECgW_WGAoCQ?	46	3fffffffffff
N??CA?_ECgW_KGIOHO?	46	3fffffffffff
N??CA?_ECgW_KGAoL??	46	3fffffffffff
N??CA?_ECgW_KGAoK_?	46	fffffffff7fe
N??CA?_ECgW_KGAoDO?	46	3fffffffffff
N??CA?_ECgW_KGAoCo?	46	3fffffffffff
N??CA?_ECgW_KGAoKG?	46	3fffffffffff
N??CA?_ECgW_KGAoDG?	46	3fffffffffff
N??CA?_ECgW_KGAoCg?	46	3fffffffffff
N??CA?_ECgW_KGAoCW?	46	3fffffffffff
N??CA?_ECgW_KGAoKC?	46	fffffffff77f
N??CA?_ECgW_KGAoDC?	46	fffffffdefff
N??CA?_ECgW_KGAoCS?	46	3fffffffffff
N??CA?_ECgW_KGAoCK?	46	3fffffffffff
N??CA?_ECgW_IGGoJ??	46	7ffffffff7ff
N??CA?_ECgW_IGGoBO?	46	3fffffffffff
N??CA?_ECgW_IGGoBG?	46	3fffffffffff
N??CA?_ECgW_IGGoAg?	46	3ffffffe97fff
N??CA?_ECgW_IGGoIC?	46	3fffffffffff
N??CA?_ECgW_IGGoHC?	46	3fffffffffff
N??CA?_ECgW_IGGoBC?	46	fffffffdefff
N??CA?_ECgW_IGGoAc?	46	3fffffffffff
N??CA?_ECgW_IGGoAK?	46	3fffffffffff
N??CA?_ECgW_IGGo?k?	46	1ffffffffb7fe
N??CA?_ECgW_IGGoIA?	46	fffffffdf7ff
N??CA?_ECgW_IGGoAI?	46	3fffffffffff
N??CA?_ECgW_IGGo@I?	46	3fffffffffff
N??CA?_ECgW_IGGoGE?	46	3fffffffffff
N??CA?_ECgW_IGGo@E?	46	fffffffef7ff
N??CA?_ECgW_HGAoM??	46	fffffffff7fe
N??CA?_ECgW_HGAoL??	46	3fffffffffff
N??CA?_ECgW_HGAoF??	46	3fffffffffff
N??CA?_ECgW_HGAoKO?	46	3ffffffffffcc
N??CA?_ECgW_HGAoKG?	46	3ffffffffffcc
N??CA?_ECgW_HGAoEG?	46	3fffffffffff
N??CA?_ECgW_HGAoDG?	46	3fffffffffff
N??CA?_ECgW_HGAoCW?	46	1ffffffffb7fe
N??CA?_ECgW_HGAoCK?	46	1ffffffffb7fe
N??CA?_ECgW_HGAoEA?	46	ffffffffe7ff
N??CA?_ECgW_HGAoDA?	46	3fffffffffff
N??CA?_ECgW_GgIOJ??	46	3fffffffffff
N??CA?_ECgW_GgIOHO?	46	3fffffffffff
N??CA?_ECgW_GgIOBO?	46	3fffffffffff
N??CA?_ECgW_GgIOAg?	46	3fffffffffff
N??CA?_ECgW_GgIOBC?	46	3fffffffffff
N??CA?_ECgW_GgIO@S?	46	3fffffffffff
N??CA?_ECgW_GgIO?s?	46	1ffffffffb7fe
N??CA?_ECgW_GgIOIA?	46	ffffffff7ffd
N??CA?_ECgW_GgIO@a?	46	3fffffffffff
N??CA?_ECgW_GgIO@I?	46	fffffffffffa
N??CA?_ECgW_IC?wL??	46	7ffffffdffff
N??CA?_ECgW_IC?wK_?	46	7ffffffdffff
N??CA?_ECgW_IC?wB_?	46	3fffffffdef7e
N??CA?_ECgW_IC?wKO?	46	3fffffffffff
N??CA?_ECgW_IC?wHO?	46	3fffffffffff
N??CA?_ECgW_IC?wBO?	46	3fffffffffff
N??CA?_ECgW_IC?wCo?	46	3fffffffffff
N??CA?_ECgW_IC?wEG?	46	3fffffffffff
N??CA?_ECgW_IC?wDG?	46	3fffffffffff
N??CA?_ECgW_IC?wCg?	46	3fffffffffff
N??CA?_ECgW_IC?wAg?	46	3fff7fefdfeff
N??CA?_ECgW_IC?wGW?	46	3ff73fdb9cfdef61
N??CA?_ECgW_IC?wCW?	46	3fffffffffff
N??CA?_ECgW_IC?wKC?	46	3fffffffffff
N??CA?_ECgW_IC?wIC?	46	3fffffffffff
N??CA?_ECgW_IC?wHC?	46	3fffffffffff
N??CA?_ECgW_IC?wGS?	46	3ffffffffffe1
N??CA?_ECgW_IC?wCS?	46	3fffffffffff
N??CA?_ECgW_IC?w?s?	46	1ffffffffcffe
N??CA?_ECgW_IC?wCK?	46	ffffffff7eff
N??CA?_ECgW_IC?wAK?	46	3fffffffffff
N??CA?_ECgW_IC?w?k?	46	1ffffffffcffe
N??CA?_ECgW_IC?w?[?	46	1ffffffffcffe
N??CA?_ECgW_GcAWM??	46	7fffffff7fff
N??CA?_ECgW_GcAWL??	46	3fffffffffff
N??CA?_ECgW_GcAWB_?	46	3fffffffffff
N??CA?_ECgW_GcAWKO?	46	7ffffffeffff
N??CA?_ECgW_GcAWHO?	46	3fffffffffff
N??CA?_ECgW_GcAWBO?	46	3fffffffffff
N??CA?_ECgW_GcAWCo?	46	fffffffdefff
N??CA?_ECgW_GcAWEG?	46	3fffffffffff
N??CA?_ECgW_GcAWDG?	46	3fffffffffff
N??CA?_ECgW_GcAWAg?	46	3fffffffffff
N??CA?_ECgW_GcAWGW?	46	3fffffffffff
N??CA?_ECgW_GcAWCW?	46	3fffffffffff
N??CA?_ECgW_GcAWIC?	46	3fffffffffff
N??CA?_ECgW_GcAWGS?	46	3fffffffffff
N??CA?_ECgW_GcAW@S?	46	3fffffffffff
N??CA?_ECgW_GcAWCK?	46	3fffffffffff
N??CA?_ECgW_GcAWAK?	46	3fffffffffff
N??CA?_ECgW_GcAW@K?	46	3fffffffffff
N??CA?_ECgW_GcAW?k?	46	3fffffffffff
N??CA?_ECgW_GcAW?[?	46	3fffffffffff
N??CA?_ECgW_GSAgL??	46	3fffffffffff
N??CA?_ECgW_GSAgB_?	46	3fffffffffff
N??CA?_ECgW_GSAgKO?	46	3fffffffffff
N??CA?_ECgW_GSAgHO?	46	3fffffffffff
N??CA?_ECgW_GSAgBO?	46	3fffffffffff
N??CA?_ECgW_GSAgCo?	46	3fffffffffff
N??CA?_ECgW_GSAgAg?	46	fffffffdff7f
N??CA?_ECgW_GSAgGW?	46	3fffffffffff
N??CA?_ECgW_GSAg@W?	46	3fffffffffff
N??CA?_ECgW_GSAgIC?	46	3fffffffffff
N??CA?_ECgW_GSAgAc?	46	3fffffffffff
N??CA?_ECgW_GSAgGS?	46	3fffffffffff
N??CA?_ECgW_GSAgCS?	46	3fffffffffff
N??CA?_ECgW_GSAg@S?	46	3fffffffffff
N??CA?_ECgW_GSAg?s?	46	3fffffffffff
N??CA?_ECgW_GSAgCK?	46	3fffffffffff
N??CA?_ECgW_GSAg?[?	46	3fffffffffff
N??CA?_ECgW_ASGgM??	46	3fffffffffff
N??CA?_ECgW_ASGgL??	46	3fffffffffff
N??CA?_ECgW_ASGgE_?	46	3ffffffffffd2
N??CA?_ECgW_ASGgKO?	46	3fffbffbf7f7f
N??CA?_ECgW_ASGgDO?	46	fffffffeefff
N??CA?_ECgW_ASGgCo?	46	2ffdeff7fe70fccc
N??CA?_ECgW_ASGgEG?	46	3fffffffffff
N??CA?_ECgW_ASGgCg?	46	3fffffffffff
N??CA?_ECgW_ASGgCW?	46	ffffffff7eff
N??CA?_ECgW_ASGgCK?	46	ffffffff7eff
N??CA?_ECgW_?sIGM??	46	3fffffffffff
N??CA?_ECgW_?sIGL??	46	3fffffffffff
N??CA?_ECgW_?sIGE_?	46	3fffffffffff
N??CA?_ECgW_?sIGKO?	46	3fffffffffff
N??CA?_ECgW_?sIGEG?	46	3fffffffffff
N??CA?_ECgW_?sIGDG?	46	3fffffffffff
N??CA?_ECgW_?sIGCW?	46	3fffffffffff
N??CA?_ECgW_?sIGKC?	46	3fffffffffff
N??CA?_ECgW_?sIGCS?	46	3fffffffffff
N??CA?_ECgW_?sIGCK?	46	3fffffffffff
N??CA?_ECgW_GKAoL??	46	3fffffffffff
N??CA?_ECgW_GKAoK_?	46	fffffffff7fb
N??CA?_ECgW_GKAoKO?	46	7ffffffffffb
N??CA?_ECgW_GKAoCo?	46	7fffffffefff
N??CA?_ECgW_GKAoDG?	46	3fffffffffff
N??CA?_ECgW_GKAoCg?	46	7fffffffefff
N??CA?_ECgW_GKAoCW?	46	7fffffffefff
N??CA?_ECgW_GKAoKC?	46	7ffffffeffff
N??CA?_ECgW_GKAoCK?	46	3fffffffffff
N??CA?_ECgK_@WQ_T??	46	3fffffffffff
N??CA?_ECgK_@WQ_R??	46	3fffffffffff
N??CA?_ECgK_@WQ_F??	46	3fffffffffff
N??CA?_ECgK_@WQ_PO?	46	3fffffffffff
N??CA?_ECgK_@WQ_BO?	46	3fffffffffff
N??CA?_ECgK_@WQ_SG?	46	3ffffffffffcc
N??CA?_ECgK_@WQ_EG?	46	3fffffffffff
N??CA?_ECgK_@WQ_DG?	46	3fffffffffff
N??CA?_ECgK_@WQ_BG?	46	3fffffffffff
N??CA?_ECgK_@WQ_CW?	46	1ffffffffb7fe
N??CA?_ECgK_@WQ_BC?	46	3fffffffffff
N??CA?_ECgK_@WQ_OK?	46	1ffffffffb7fe
N??CA?_ECgK_@WQ_?[?	46	3ffdf7ffff77f
N??CA?_ECgK_@WQ_SA?	46	3fffffffffff
N??CA?_ECgK_@WQ_QA?	46	3fffffffffff
N??CA?_ECgK_@WQ_PA?	46	3fffffffffff
N??CA?_ECgK_@WQ_DA?	46	3fffffffffff
N??CA?_ECgK_@WQ_@Q?	46	3fffffffffff
N??CA?_ECgK_@WE_[??	46	3fffffffffff
N??CA?_ECgK_@WE_X??	46	3fffffffffff
N??CA?_ECgK_@WE_L??	46	3fffffffffff
N??CA?_ECgK_@WE_KO?	46	3fffffffffff
N??CA?_ECgK_@WE_SG?	46	3fffffffffff
N??CA?_ECgK_@WE_HG?	46	3fffffffffff
N??CA?_ECgK_@WE_DG?	46	3fffffffffff
N??CA?_ECgK_@WE_CW?	46	3fffffffffff
N??CA?_ECgK_@WE_WA?	46	3fffffffffff
N??CA?_ECgK_@WE_KA?	46	3fffffffffff
N??CA?_ECgK_@WE_CI?	46	3fffffffffff
N??CA?_ECgI_i??wL??	46	7ffffffff7ff
N??CA?_ECgI_i??wK_?	46	7ffffffff7ff
N??CA?_ECgI_i??wH_?	46	ffffffffe7ff
N??CA?_ECgI_i??wKO?	46	3fffffffffff
N??CA?_ECgI_i??wHO?	46	3fffffffffff
N??CA?_ECgI_i??wHG?	46	3fffffffffff
N??CA?_ECgI_i??wDG?	46	3fffffffffff
N??CA?_ECgI_i??wGg?	46	3fffffffffff
N??CA?_ECgI_i??wCg?	46	3fffffffffff
N??CA?_ECgI_i??w@g?	46	3fffffffffff
N??CA?_ECgI_i??wCW?	46	3fffffffffff
N??CA?_ECgI_i??w@W?	46	3fffffffffff
N??CA?_ECgI_i??w?w?	46	3fffffffffff
N??CA?_ECgI_i??wKC?	46	3fffffffffff
N??CA?_ECgI_i??wHC?	46	3fffffffffff
N??CA?_ECgI_i??wGc?	46	3fffffffffff
N??CA?_ECgI_i??wCc?	46	3fffffffffff
N??CA?_ECgI_i??w@c?	46	3fffffffffff
N??CA?_ECgI_i??wGS?	46	3fffffffffff
N??CA?_ECgI_i??wCS?	46	3fffffffffff
N??CA?_ECgI_i??w@S?	46	3fffffffffff
N??CA?_ECgI_i??wCK?	46	3fffffffffff
N??CA?_ECgI_i??w@K?	46	3fffffffffff
N??CA?_ECgI_i??w?k?	46	3fffffffffff
N??CA?_ECgI_i??w?[?	46	3fffffffffff
N??CA?_ECgI_i??wKA?	46	7ffffffdffff
N??CA?_ECgI_i??wGa?	46	fffffffdf7ff
N??CA?_ECgI_i??wCa?	46	fffffffdefff
N??CA?_ECgI_i??w@a?	46	3fffffffdef7e
N??CA?_ECgI_i??wCQ?	46	3fffffffffff
N??CA?_ECgI_i??w@Q?	46	3fffffffffff
N??CA?_ECgI_i??wCI?	46	3fffffffffff
N??CA?_ECgI_i??w?i?	46	3fffffffffff
N??CA?_ECgI_i??w@E?	46	3fffffffffff
N??CA?_ECgI_i??w?e?	46	3fffffffffff
N??CA?_ECgI_i??w?M?	46	3fffffffffff
N??CA?_ECgI_J??w[??	46	7ffffffff7ff
N??CA?_ECgI_J??wX??	46	ffffffffe7ff
N??CA?_ECgI_J??wT??	46	fffffffef7ff
N??CA?_ECgI_J??wKO?	46	3fffffffffff
N??CA?_ECgI_J??wHO?	46	3fffffffffff
N??CA?_ECgI_J??wDO?	46	3fffffffffff
N??CA?_ECgI_J??wOW?	46	3fffffffffff
N??CA?_ECgI_J??wCW?	46	3fffffffffff
N??CA?_ECgI_J??w@W?	46	3fffffffffff
N??CA?_ECgI_J??wWC?	46	3fffffffffff
N??CA?_ECgI_J??wPC?	46	3fffffffffff
N??CA?_ECgI_J??wGS?	46	3fffffffffff
N??CA?_ECgI_J??w@S?	46	3fffffffffff
N??CA?_ECgI_J??w?[?	46	7ffffffffffe
N??CA?_ECgI_J??wWA?	46	fffffffdf7ff
N??CA?_ECgI_J??wSA?	46	fffffffdefff
N??CA?_ECgI_J??wGQ?	46	3fffffffffff
N??CA?_ECgI_J??wCQ?	46	3fffffffffff
N??CA?_ECgI_J??wOE?	46	3fffffffffff
N??CA?_ECgI_J??w?U?	46	3fffffffffff
N??CA?_ECgI_g_AWL??	46	3fffffffffff
N??CA?_ECgI_g_AWK_?	46	fffffffff77f
N??CA?_ECgI_g_AWH_?	46	3ffffef7ef7ff
N??CA?_ECgI_g_AWKO?	46	fffffffff77f
N??CA?_ECgI_g_AWHO?	46	3fffffffffff
N??CA?_ECgI_g_AWDO?	46	3fffffffffff
N??CA?_ECgI_g_AWHG?	46	3ffff7dfdf7ff
N??CA?_ECgI_g_AWDG?	46	3fffffffffff
N??CA?_ECgI_g_AWGg?	46	3ffff7dfdf7ff
N??CA?_ECgI_g_AWCg?	46	3fffffffffff
N??CA?_ECgI_g_AW@g?	46	3ffdffdfdff7f
N??CA?_ECgI_g_AWCW?	46	3fffffffffff
N??CA?_ECgI_g_AW@W?	46	3fffffffffff
N??CA?_ECgI_g_AWHC?	46	3fffffffffff
N??CA?_ECgI_g_AWGc?	46	3fffffffffff
N??CA?_ECgI_g_AWCS?	46	3fffffffffff
N??CA?_ECgI_g_AW@S?	46	3fffffffffff
N??CA?_ECgI_g_AW?s?	46	3fffffffffff
N??CA?_ECgI_g_AWCK?	46	ffffffffff7d
N??CA?_ECgI_g_AW@K?	46	fffffffffefb
N??CA?_ECgI_g_AW?k?	46	3fffffffffff
N??CA?_ECgI_g_AWKA?	46	7fffffff7fff
N??CA?_ECgI_g_AWGa?	46	fffffdefce7ff
N??CA?_ECgI_g_AWCa?	46	fffffffeefff
N??CA?_ECgI_g_AW@a?	46	3fff7fefdfeff
N??CA?_ECgI_g_AWCQ?	46	fffffffeefff
N??CA?_ECgI_g_AW@Q?	46	3fffffffffff
N??CA?_ECgI_g_AWCI?	46	3fffffffffff
N??CA?_ECgI_g_AW?i?	46	3ffffffe97fff
N??CA?_ECgI_g_AW?Y?	46	3fffffffffff
N??CA?_ECgI_g_AW?e?	46	3fffffffffff
N??CA?_ECgI_g_AW?M?	46	3fffffffffff
N??CA?_ECgI_W_AWT??	46	3fffffffffff
N??CA?_ECgI_W_AWS_?	46	fffffffff77f
N??CA?_ECgI_W_AWP_?	46	3fffffffffff
N??CA?_ECgI_W_AWPO?	46	3fffffffffff
N??CA?_ECgI_W_AWDO?	46	3fffffffffff
N??CA?_ECgI_W_AWOo?	46	3ffffffffe67f
N??CA?_ECgI_W_AW@o?	46	3fffffffffff
N??CA?_ECgI_W_AWPG?	46	3fffffffffff
N??CA?_ECgI_W_AWDG?	46	3fffffffffff
N??CA?_ECgI_W_AW@g?	46	3fffffffffff
N??CA?_ECgI_W_AW@W?	46	3fffffffffff
N??CA?_ECgI_W_AWSC?	46	3fffffffffff
N??CA?_ECgI_W_AWPC?	46	3fffffffffff
N??CA?_ECgI_W_AWOc?	46	3fffffffffff
N??CA?_ECgI_W_AWCc?	46	3fffffffffff
N??CA?_ECgI_W_AW@S?	46	3fffffffffff
N??CA?_ECgI_W_AW?s?	46	3fffffffffff
N??CA?_ECgI_W_AWOK?	46	3fffffffffff
N??CA?_ECgI_W_AWCK?	46	3fffffffffff
N??CA?_ECgI_W_AW@K?	46	3fffffffffff
N??CA?_ECgI_W_AW?[?	46	3fffffffffff
N??CA?_ECgI_W_AWOa?	46	fffffffef7ff
N??CA?_ECgI_W_AWCa?	46	7ffffffeffff
N??CA?_ECgI_W_AW@a?	46	3fffffffffff
N??CA?_ECgI_W_AW?q?	46	fffffffdff7f
N??CA?_ECgI_W_AW@I?	46	3fffffffffff
N??CA?_ECgI_W_AW@E?	46	3fffffffffff
N??CA?_ECgI_W_AW?e?	46	3fffffffffff
N??CA?_ECgI_W_AW?U?	46	3fffffffffff
N??CA?_ECgI_W_AW?M?	46	3fffffffffff
N??CA?_ECgI_a_IOKC?	46	7ffffffffffb
N??CA?_ECgI_a_GWL??	46	7ffffffffffb
N??CA?_ECgI_a_GWK_?	46	3ffffbbfeefff
N??CA?_ECgI_a_GWD_?	46	3bfffffbf7ffd
N??CA?_ECgI_a_GWKO?	46	3fffffffffff
N??CA?_ECgI_a_GWDO?	46	3bfffffbf7ffd
N??CA?_ECgI_a_GWDG?	46	fffffffdefff
N??CA?_ECgI_a_GWCg?	46	3fff7fefdfeff
N??CA?_ECgI_a_GWCW?	46	3fffffffffff
N??CA?_ECgI_a_GWDC?	46	fffffffdefff
N??CA?_ECgI_a_GWCS?	46	3fffffffffff
N??CA?_ECgI_a_GWDA?	46	2ffeffffffefb
N??CA?_ECgI_a_GWCa?	46	2ffeffffffefb
N??CA?_ECgI_a_GWCQ?	46	2ffeffffffefb
N??CA?_ECgI_a_GWCI?	46	3fffffffffff
N??CA?_ECgI_Q_GWT??	46	3fffffffffff
N??CA?_ECgI_Q_GWS_?	46	3fffffffffff
N??CA?_ECgI_Q_GWDO?	46	3fffffffffff
N??CA?_ECgI_Q_GWCo?	46	3fffffffffff
N??CA?_ECgI_Q_GWSG?	46	3fffffffffff
N??CA?_ECgI_Q_GWDG?	46	3fffffffffff
N??CA?_ECgI_Q_GWCg?	46	3fffffffffff
N??CA?_ECgI_Q_GWCW?	46	3fffffffffff
N??CA?_ECgI_Q_GWDC?	46	3fffffffffff
N??CA?_ECgI_Q_GWCa?	46	3fffffffffff
N??CA?_ECgI_Q_GWCQ?	46	3fffffffffff
N??CA?_ECgI_Q_GWCI?	46	3fffffffffff
N??CA?_ECgI_I_AW[??	46	3fffffffffff
N??CA?_ECgI_I_AWW_?	46	7fffffffefff
N??CA?_ECgI_I_AWK_?	46	3fffffffffff
N??CA?_ECgI_I_AWGo?	46	3fffffffffff
N??CA?_ECgI_I_AWSG?	46	3fffffffffff
N??CA?_ECgI_I_AWKG?	46	3fffffffffff
N??CA?_ECgI_I_AWCg?	46	3fffffffffff
N??CA?_ECgI_I_AWCW?	46	3fffffffffff
N??CA?_ECgI_I_AWWA?	46	3fffffffffff
N??CA?_ECgI_I_AWSA?	46	3fffffffffff
N??CA?_ECgI_I_AWKA?	46	3fffffffffff
N??CA?_ECgI_I_AWOQ?	46	3fffffffffff
N??CA?_ECgI_I_AWGQ?	46	3fffffffffff
N??CA?_ECgI_I_AWCQ?	46	3fffffffffff
N??CA?_ECgI_I_AW?q?	46	3fffffffffff
N??CA?_ECgI_I_AWCI?	46	3fffffffffff
N??CA?_ECgI_I_AW?Y?	46	3fffffffffff
N??CA?_ECgI_I_?w[??	46	3fffffffffff
N??CA?_ECgI_I_?wX??	46	3fffffffffff
N??CA?_ECgI_I_?wT??	46	3fffffffffff
N??CA?_ECgI_I_?wK_?	46	3fffffffffff
N??CA?_ECgI_I_?wH_?	46	3fffffffffff
N??CA?_ECgI_I_?wSG?	46	3fffffffffff
N??CA?_ECgI_I_?wKG?	46	3fffffffffff
N??CA?_ECgI_I_?wPG?	46	3fffffffffff
N??CA?_ECgI_I_?wHG?	46	3fffffffffff
N??CA?_ECgI_I_?wDG?	46	3fffffffffff
N??CA?_ECgI_I_?wCg?	46	3fffffffffff
N??CA?_ECgI_I_?wWC?	46	3fffffffffff
N??CA?_ECgI_I_?wSC?	46	3fffffffffff
N??CA?_ECgI_I_?wKC?	46	3fffffffffff
N??CA?_ECgI_I_?wPC?	46	3fffffffffff
N??CA?_ECgI_I_?wHC?	46	3fffffffffff
N??CA?_ECgI_I_?wGc?	46	3fffffffffff
N??CA?_ECgI_I_?w@c?	46	3fffffffffff
N??CA?_ECgI_I_?wOK?	46	3fffffffffff
N??CA?_ECgI_I_?wSA?	46	3fffffffffff
N??CA?_ECgI_I_?wKA?	46	3fffffffffff
N??CA?_ECgI_I_?wPA?	46	3fffffffffff
N??CA?_ECgI_I_?wHA?	46	3fffffffffff
N??CA?_ECgI_I_?wGa?	46	7fffffffff7f
N??CA?_ECgI_I_?wCI?	46	3fffffffffff
N??CA?_ECgI_I_?w@I?	46	3fffffffffff
N??CA?_ECgI_I_?wGE?	46	3fffffffffff
N??CA?_ECgI_I_?wCE?	46	3fffffffffff
N??CA?_ECgI_I_?w@E?	46	3fffffffffff
N??CA?_ECgI_I_?w?e?	46	3fffffffffff
N??CA?_ECgI_H_AW[??	46	fffffffff77f
N??CA?_ECgI_H_AWX??	46	3fffffffffff
N??CA?_ECgI_H_AWT??	46	3fffffffffff
N??CA?_ECgI_H_AWL??	46	3fffffffffff
N??CA?_ECgI_H_AWKO?	46	fffffffff77f
N??CA?_ECgI_H_AWHO?	46	3fffffffffff
N??CA?_ECgI_H_AWDO?	46	3fffffffffff
N??CA?_ECgI_H_AWSG?	46	3fffffffffff
N??CA?_ECgI_H_AWPG?	46	3fffffffffff
N??CA?_ECgI_H_AWHG?	46	3fffffffffff
N??CA?_ECgI_H_AWDG?	46	3fffffffffff
N??CA?_ECgI_H_AWOW?	46	3fffffffffff
N??CA?_ECgI_H_AWCW?	46	3fffffffffff
N??CA?_ECgI_H_AW@W?	46	3fffffffffff
N??CA?_ECgI_H_AWWC?	46	3fffffffffff
N??CA?_ECgI_H_AWPC?	46	3fffffffffff
N??CA?_ECgI_H_AWHC?	46	3fffffffffff
N??CA?_ECgI_H_AWDC?	46	3fffffffffff
N??CA?_ECgI_H_AWGS?	46	3fffffffffff
N??CA?_ECgI_H_AW@S?	46	3fffffffffff
N??CA?_ECgI_H_AWOK?	46	3fffffffffff
N??CA?_ECgI_H_AW@K?	46	7fffffffefff
N??CA?_ECgI_H_AW?[?	46	3fffffffffff
N??CA?_ECgI_H_AWWA?	46	fffffffef7ff
N??CA?_ECgI_H_AWSA?	46	fffffffeefff
N??CA?_ECgI_H_AWKA?	46	7ffffffeffff
N??CA?_ECgI_H_AWGQ?	46	fffffffdff7f
N??CA?_ECgI_H_AWCQ?	46	fffffffdfeff
N??CA?_ECgI_H_AW@Q?	46	3fffffffffff
N??CA?_ECgI_H_AWOI?	46	3fffffffffff
N??CA?_ECgI_H_AWCI?	46	3fffffffffff
N??CA?_ECgI_H_AW@I?	46	3fffffffffff
N??CA?_ECgI_H_AWOE?	46	3fffffffffff
N??CA?_ECgI_H_AWGE?	46	3fffffffffff
N??CA?_ECgI_H_AW?U?	46	3fffffffffff
N??CA?_ECgI_H_AW?M?	46	3fffffffffff
N??CA?_ECgI_B_GW[??	46	3fffffffffff
N??CA?_ECgI_B_GWT??	46	3bfffffbf7ffd
N??CA?_ECgI_B_GWL??	46	3fffffffffff
N??CA?_ECgI_B_GWKO?	46	3fffffffffff
N??CA?_ECgI_B_GWDO?	46	1ffffff7efffd
N??CA?_ECgI_B_GWSG?	46	3fffffffffff
N??CA?_ECgI_B_GWDG?	46	3fffffffffff
N??CA?_ECgI_B_GWCW?	46	3fffffffffff
N??CA?_ECgI_B_GWDC?	46	3fffffffffff
N??CA?_ECgI_B_GWSA?	46	2ffeffffffefb
N??CA?_ECgI_B_GWKA?	46	3fffffffffff
N??CA?_ECgI_B_GWCQ?	46	37fffbfffeffb
N??CA?_ECgI_B_GWCI?	46	3fffffffffff
N??CA?_ECgI__oIGL??	46	3fffffffffff
N??CA?_ECgI__oIGK_?	46	3fffffff0ffff
N??CA?_ECgI__oIGD_?	46	3ffffffffffe1
N??CA?_ECgI__oIGDO?	46	3fffffffffff
N??CA?_ECgI__oIGKG?	46	3fffffff0ffff
N??CA?_ECgI__oIGDG?	46	ffffffffff7e
N??CA?_ECgI__oIGCg?	46	3ffffffe97fff
N??CA?_ECgI__oIGCW?	46	3ffffffe97fff
N??CA?_ECgI__oIGKC?	46	3fffffffffff
N??CA?_ECgI__oIGCS?	46	3fffffffffff
N??CA?_ECgI__oIGCK?	46	ffffffffff7d
N??CA?_ECgI__oIGCa?	46	3effffffffcfe
N??CA?_ECgI__oIGCQ?	46	3fffffffffff
N??CA?_ECgI__oIGCI?	46	7fffffffff7f
N??CA?_ECgI_AoGg[??	46	3fffffffffff
N??CA?_ECgI_AoGgT??	46	3fffffffffff
N??CA?_ECgI_AoGgL??	46	3fffffffffff
N??CA?_ECgI_AoGgS_?	46	3fffffffffff
N??CA?_ECgI_AoGgK_?	46	3fffffffffff
N??CA?_ECgI_AoGgD_?	46	3fffffffffff
N??CA?_ECgI_AoGgSG?	46	3fffffffffff
N??CA?_ECgI_AoGgCg?	46	3fffffffffff
N??CA?_ECgI_AoGgKC?	46	3fffffffffff
N??CA?_ECgI_AoGgDC?	46	ffffffff7eff
N??CA?_ECgI_AoGgCK?	46	fffffffffffc
N??CA?_ECgI_AoGgSA?	46	3fffffffffff
N??CA?_ECgI_AoGgKA?	46	3fffffffffff
N??CA?_ECgI_AoGgDA?	46	3fffffffffff
N??CA?_ECgI_AoGgCa?	46	3fffffffffff
N??CA?_ECgI_AoGgCI?	46	3fffffffffff
N??CA?_ECgI_AoGgCE?	46	3fffffffffff
N??CA?_ECgI_@oIG[??	46	3fffffff0ffff
N??CA?_ECgI_@oIGT??	46	3fffffffffff
N??CA?_ECgI_@oIGKO?	46	3ffffffe97fff
N??CA?_ECgI_@oIGDO?	46	3fffffffffff
N??CA?_ECgI_@oIGCW?	46	3ffffffe67fff
N??CA?_ECgI_@oIGSA?	46	3fffffffffff
N??CA?_ECgI_@oIGCQ?	46	3fffffffffff
N??CA?_ECgI_gGAoL??	46	3fffffffffff
N??CA?_ECgI_gGAoK_?	46	fffffffff7fe
N??CA?_ECgI_gGAoD_?	46	3fffffffffff
N??CA?_ECgI_gGAoDO?	46	3fffffffffff
N??CA?_ECgI_gGAoCo?	46	3fffffffffff
N??CA?_ECgI_gGAoKG?	46	3fffffffffff
N??CA?_ECgI_gGAoDG?	46	3fffffffffff
N??CA?_ECgI_gGAoCg?	46	3fffffffffff
N??CA?_ECgI_gGAoCW?	46	3fffffffffff
N??CA?_ECgI_gGAoKC?	46	fffffffff77f
N??CA?_ECgI_gGAoDC?	46	3fffffffffff
N??CA?_ECgI_gGAoDA?	46	3fffffffffff
N??CA?_ECgI_gGAoCa?	46	ffffffffe7ff
N??CA?_ECgI_gGAoCQ?	46	3fffffffffff
N??CA?_ECgI_gGAoCI?	46	3fffffffffff
N??CA?_ECgI_IGGoX??	46	7ffffffff7ff
N??CA?_ECgI_IGGoW_?	46	ffffffff0e7ff
N??CA?_ECgI_IGGoP_?	46	fffffffef7ff
N??CA?_ECgI_IGGoPO?	46	3fffffffffff
N??CA?_ECgI_IGGoHO?	46	3fffffffffff
N??CA?_ECgI_IGGoGo?	46	3ffffffe97fff
N??CA?_ECgI_IGGo@o?	46	3fffffffffff
N??CA?_ECgI_IGGo@W?	46	3fffffffffff
N??CA?_ECgI_IGGoWC?	46	3fffffffffff
N??CA?_ECgI_IGGoPC?	46	3fffffffffff
N??CA?_ECgI_IGGo@c?	46	3fffffffffff
N??CA?_ECgI_IGGoOS?	46	3fffffffffff
N??CA?_ECgI_IGGoGS?	46	3fffffffffff
N??CA?_ECgI_IGGo@S?	46	ffffffff7eff
N??CA?_ECgI_IGGo?[?	46	fffffffffffc
N??CA?_ECgI_IGGoPA?	46	fffffffdefff
N??CA?_ECgI_IGGoOa?	46	3fffffffdef7e
N??CA?_ECgI_IGGoGQ?	46	3fffffffffff
N??CA?_ECgI_IGGo?q?	46	3fffffffffff
N??CA?_ECgI_IGGo?U?	46	3fffffffffff
N??CA?_ECgI_IGAo[??	46	3fffffffffff
N??CA?_ECgI_IGAoS_?	46	3fffffffffff
N??CA?_ECgI_IGAoSO?	46	3fffffffffff
N??CA?_ECgI_IGAoKO?	46	3fffffffffff
N??CA?_ECgI_IGAoCo?	46	3fffffffffff
N??CA?_ECgI_IGAoSA?	46	3fffffffffff
N??CA?_ECgI_IGAoCa?	46	3fffffffffff
N??CA?_ECgI_IGAoCQ?	46	3fffffffffff
N??CA?_ECgI_HGAo[??	46	fffffffff7fe
N??CA?_ECgI_HGAoT??	46	3fffffffffff
N??CA?_ECgI_HGAoKO?	46	3fffffffffff
N??CA?_ECgI_HGAoDO?	46	3fffffffffff
N??CA?_ECgI_HGAoCW?	46	3fffffffffff
N??CA?_ECgI_HGAoDC?	46	3fffffffffff
N??CA?_ECgI_HGAoCS?	46	3fffffffffff
N??CA?_ECgI_HGAoSA?	46	ffffffffe7ff
N??CA?_ECgI_HGAoCQ?	46	3fffffffffff
N??CA?_ECgI_GgIOX??	46	3fffffffffff
N??CA?_ECgI_GgIOW_?	46	3ffffffffe67f
N??CA?_ECgI_GgIOHO?	46	3fffffffffff
N??CA?_ECgI_GgIOGo?	46	fffffffff77f
N??CA?_ECgI_GgIO@o?	46	3fffffffffff
N??CA?_ECgI_GgIOOg?	46	3fffffffffff
N??CA?_ECgI_GgIOGg?	46	7bffdffbf7ffd
N??CA?_ECgI_GgIO@W?	46	3fffffffffff
N??CA?_ECgI_GgIO?w?	46	3fffffffffff
N??CA?_ECgI_GgIOWC?	46	3fffffffffff
N??CA?_ECgI_GgIOPC?	46	3fffffffffff
N??CA?_ECgI_GgIOHC?	46	3fffffffffff
N??CA?_ECgI_GgIO@c?	46	3fffffffffff
N??CA?_ECgI_GgIOGS?	46	3fffffffffff
N??CA?_ECgI_GgIO@S?	46	ffffffff7eff
N??CA?_ECgI_GgIO?s?	46	3fffffffffff
N??CA?_ECgI_GgIOOK?	46	3fffffffffff
N??CA?_ECgI_GgIOGK?	46	3fffffffffff
N??CA?_ECgI_GgIO@K?	46	fffffffeefff
N??CA?_ECgI_GgIO?[?	46	fffffffffffc
N??CA?_ECgI_GgIOOa?	46	3fffffffeeffc
N??CA?_ECgI_GgIOGa?	46	efffff7fe7ff9
N??CA?_ECgI_GgIO@a?	46	2fffff7ff7ffb
N??CA?_ECgI_GgIOGQ?	46	7ffffffeffff
N??CA?_ECgI_GgIO@Q?	46	3fffffffffff
N??CA?_ECgI_GgIO?q?	46	fffffffdfeff
N??CA?_ECgI_GgIOOI?	46	3fffffffffff
N??CA?_ECgI_GgIO?Y?	46	3fffffffffff
N??CA?_ECgI_GgIO?U?	46	3fffffffffff
N??CA?_ECgI_GgIO?M?	46	3fffffffffff
N??CA?_ECgI_IC?wX??	46	fffffffdf7ff
N??CA?_ECgI_IC?wT??	46	fffffffdefff
N??CA?_ECgI_IC?wW_?	46	fffffbbfce7ff
N??CA?_ECgI_IC?wS_?	46	fffffffdefff
N??CA?_ECgI_IC?wKO?	46	3fffffffffff
N??CA?_ECgI_IC?wPO?	46	3fffffffffff
N??CA?_ECgI_IC?wHO?	46	3fffffffffff
N??CA?_ECgI_IC?wDO?	46	3fffffffffff
N??CA?_ECgI_IC?wGo?	46	3fff7fefdfeff
N??CA?_ECgI_IC?wCW?	46	3fffffffffff
N??CA?_ECgI_IC?w@W?	46	3fffffffffff
N??CA?_ECgI_IC?wPC?	46	3fffffffffff
N??CA?_ECgI_IC?wOc?	46	3fffffffffff
N??CA?_ECgI_IC?w@c?	46	3fffffffffff
N??CA?_ECgI_IC?wGS?	46	3fffffffffff
N??CA?_ECgI_IC?w@S?	46	3fffffffffff
N??CA?_ECgI_IC?w?s?	46	3fffffffffff
N??CA?_ECgI_IC?w?[?	46	fffffffffffa
N??CA?_ECgI_GcAWX??	46	3fffffffffff
N??CA?_ECgI_GcAWT??	46	3fffffffffff
N??CA?_ECgI_GcAWL??	46	3fffffffffff
N??CA?_ECgI_GcAWW_?	46	fffffffef7ff
N??CA?_ECgI_GcAWS_?	46	fffffffeefff
N??CA?_ECgI_GcAWK_?	46	7ffffffeffff
N??CA?_ECgI_GcAWKO?	46	7ffffffeffff
N??CA?_ECgI_GcAWPO?	46	3fffffffffff
N??CA?_ECgI_GcAWHO?	46	3fffffffffff
N??CA?_ECgI_GcAWGo?	46	fffffffdff7f
N??CA?_ECgI_GcAW@o?	46	3fffffffffff
N??CA?_ECgI_GcAWSG?	46	3fffffffffff
N??CA?_ECgI_GcAWPG?	46	3fffffffffff
N??CA?_ECgI_GcAWHG?	46	3fffffffffff
N??CA?_ECgI_GcAWDG?	46	3fffffffffff
N??CA?_ECgI_GcAWOg?	46	3fffffffffff
N??CA?_ECgI_GcAWCg?	46	3fffffffffff
N??CA?_ECgI_GcAW@g?	46	3fffffffffff
N??CA?_ECgI_GcAWCW?	46	3fffffffffff
N??CA?_ECgI_GcAW@W?	46	3fffffffffff
N??CA?_ECgI_GcAWPC?	46	3fffffffffff
N??CA?_ECgI_GcAWHC?	46	3fffffffffff
N??CA?_ECgI_GcAWOc?	46	3fffffffffff
N??CA?_ECgI_GcAWGc?	46	3fffffffffff
N??CA?_ECgI_GcAWCc?	46	3fffffffffff
N??CA?_ECgI_GcAWGS?	46	3fffffffffff
N??CA?_ECgI_GcAW@S?	46	3fffffffffff
N??CA?_ECgI_GcAW?s?	46	3fffffffffff
N??CA?_ECgI_GcAWOK?	46	3fffffffffff
N??CA?_ECgI_GcAW@K?	46	3fffffffffff
N??CA?_ECgI_GcAW?[?	46	3fffffffffff
N??CA?_ECgI_AcGWT??	46	2ffeffffffefb
N??CA?_ECgI_AcGWL??	46	3fffffffffff
N??CA?_ECgI_AcGWS_?	46	2ffeffffffefb
N??CA?_ECgI_AcGWK_?	46	3ffffffffffe1
N??CA?_ECgI_AcGWKO?	46	7ffffffffffe
N??CA?_ECgI_AcGWDO?	46	37fffbfffeffb
N??CA?_ECgI_AcGWCo?	46	37fffbfffeffb
N??CA?_ECgI_AcGWSG?	46	3fffffffffff
N??CA?_ECgI_AcGWDG?	46	3fffffffffff
N??CA?_ECgI_AcGWCg?	46	3effffffffcfe
N??CA?_ECgI_AcGWCW?	46	fffffffffe7f
N??CA?_ECgI_AcGWCS?	46	fffffffffe7f
N??CA?_ECgI_?sIGT??	46	3fffffffffff
N??CA?_ECgI_?sIGS_?	46	3fffffffffff
N??CA?_ECgI_?sIGD_?	46	3fffffffffff
N??CA?_ECgI_?sIGKO?	46	3fffffffffff
N??CA?_ECgI_?sIGDO?	46	3fffffffffff
N??CA?_ECgI_?sIGCo?	46	3fffffffffff
N??CA?_ECgI_?sIGCW?	46	3fffffffffff
N??CA?_ECgI_GKAoT??	46	3fffffffffff
N??CA?_ECgI_GKAoS_?	46	ffffffffe7ff
N??CA?_ECgI_GKAoD_?	46	3fffffffffff
N??CA?_ECgI_GKAoKO?	46	3fffffffffff
N??CA?_ECgI_GKAoDO?	46	3fffffffffff
N??CA?_ECgI_GKAoCo?	46	3fffffffffff
N??CA?_ECgI_GKAoCW?	46	3fffffffffff
N??CA?_ECgP_[??wL??	46	7ffffffff7ff
N??CA?_ECgP_[??wK_?	46	7ffffffff7ff
N??CA?_ECgP_[??wKO?	46	3fffffffffff
N??CA?_ECgP_[??wKG?	46	3fffffffffff
N??CA?_ECgP_[??wHG?	46	3fffffffffff
N??CA?_ECgP_[??wDG?	46	3fffffffffff
N??CA?_ECgP_[??wGg?	46	3fffffffffff
N??CA?_ECgP_[??wCg?	46	3fffffffffff
N??CA?_ECgP_[??wGW?	46	3fffffffffff
N??CA?_ECgP_[??wCW?	46	3fffffffffff
N??CA?_ECgP_[??w@K?	46	3fffffffffff
N??CA?_ECgP_[??w?k?	46	3fffffffffff
N??CA?_ECgP_[??w?[?	46	3fffffffffff
N??CA?_ECgP_[??wKA?	46	7ffffffdffff
N??CA?_ECgP_[??wGa?	46	fffffffdf7ff
N??CA?_ECgP_[??wGQ?	46	3fffffffffff
N??CA?_ECgP_[??wCI?	46	3fffffffffff
N??CA?_ECgP_[??w?i?	46	3fffffffffff
N??CA?_ECgP_[??w?M?	46	3fffffffffff
N??CA?_ECgP_X??wJ??	46	ffffffffe7ff
N??CA?_ECgP_X??wBO?	46	3fffffffcfefb
N??CA?_ECgP_X??wEG?	46	3fffffffffff
N??CA?_ECgP_X??wBG?	46	3fffffffffff
N??CA?_ECgP_X??wCW?	46	1ffffffffb7fe
N??CA?_ECgP_X??wGK?	46	1ffffffffb7fe
N??CA?_ECgP_X??wAK?	46	3fffffffffff
N??CA?_ECgP_X??w?[?	46	3ffdf7ffff77f
N??CA?_ECgP_X??wIA?	46	fffffffdf7ff
N??CA?_ECgP_X??wAI?	46	3fffffffffff
N??CA?_ECgP_X??w?M?	46	3fffffffffff
N??CA?_ECgP_W_?wJ??	46	3fffffffffff
N??CA?_ECgP_W_?wK_?	46	3ffffffffffcc
N??CA?_ECgP_W_?wCg?	46	1ffffffffb7fe
N??CA?_ECgP_W_?wKA?	46	7ffffffffffe
N??CA?_ECgP_W_?wCI?	46	7ffffffff7ff
N??CA?_ECgP_P_GWM??	46	3fffffffffff
N??CA?_ECgP_P_GWF??	46	3bfffffbf7ffd
N??CA?_ECgP_P_GWKO?	46	3ffffffffffcc
N??CA?_ECgP_P_GWEG?	46	3fffffffffff
N??CA?_ECgP_P_GWCW?	46	1ffffffffb7fe
N??CA?_ECgP_P_GWEA?	46	2ffeffffffefb
N??CA?_ECgP_WOOgF??	46	7ffffffff7ff
N??CA?_ECgP_WOOgCo?	46	3ffffffffffcc
N??CA?_ECgP_WOOgBG?	46	3fffffffffff
N??CA?_ECgP_WOOgCg?	46	3ffffffffffcc
N??CA?_ECgP_WOOgBC?	46	3fffffffffff
N??CA?_ECgP_WOOgAc?	46	3fffffffffff
N??CA?_ECgP_WOOgCQ?	46	7ffffffffffe
N??CA?_ECgP_WOOgAE?	46	3fffffffffff
N??CA?_ECgP_SOWGDO?	46	3fffffffffff
N??CA?_ECgP_SOGgL??	46	3fffffffffff
N??CA?_ECgP_SOGgK_?	46	3fffffffffff
N??CA?_ECgP_SOGgKO?	46	3fffffffffff
N??CA?_ECgP_SOGgKG?	46	3fffffffffff
N??CA?_ECgP_SOGgKC?	46	3fffffffffff
N??CA?_ECgP_POGgM??	46	3fffffffffff
N??CA?_ECgP_POGgKO?	46	3ffffffffffcc
N??CA?_ECgP_POGgKG?	46	3ffffffffffcc
N??CA?_ECgP_OoWGF??	46	1ffffff7efffd
N??CA?_ECgP_OoWGCo?	46	3ffffffffffcc
N??CA?_ECgP_OoWGCQ?	46	7ffffffffffe
N??CA?_ECgP_OoGgK_?	46	3ffffffffffcc
N??CA?_ECgP_OoGgKA?	46	7ffffffffffe
N??CA?_ECgP_WC?wKG?	46	fffffffffffa
N??CA?_ECgP_WC?wCW?	46	7ffffffff7ff
N??CA?_ECgP_WC?wGK?	46	fffffffff7fe
N??CA?_ECgP_WC?wAK?	46	3fffffffffff
N??CA?_ECgP_WC?w?k?	46	3fffffffffff
N??CA?_ECgP_WC?w?[?	46	7ffffffdffff
N??CA?_ECgP_OcGWM??	46	3fffffffffff
N??CA?_ECgP_OcGWKO?	46	7ffffffffffe
N??CA?_ECgP_OcGWCW?	46	7ffffffff7ff
N??CA?_ECgP_OSGgK_?	46	7ffffffffffd
N??CA?_ECgP_OSGgKO?	46	fffffffffffc
N??CA?_ECgP_OSGgKG?	46	fffffffffffa
N??CA?_ECgP_OSGgKC?	46	fffffffffffa
N??CA?_ECgH_H__WM??	46	3fffffffffff
N??CA?_ECgH_H__WL??	46	3fffffffffff
N??CA?_ECgH_H__WJ??	46	3fffffffffff
N??CA?_ECgH_H__WF??	46	3fffffffffff
N??CA?_ECgH_H__WKO?	46	3ffffffffffcc
N??CA?_ECgH_H__WBO?	46	3fffffffffff
N??CA?_ECgH_H__WIG?	46	3fffffffffff
N??CA?_ECgH_H__WEG?	46	3fffffffffff
N??CA?_ECgH_H__WDG?	46	3fffffffffff
N??CA?_ECgH_H__WBG?	46	3fffffffffff
N??CA?_ECgH_H__WCW?	46	1ffffffffb7fe
N??CA?_ECgH_H__WIC?	46	3fffffffffff
N??CA?_ECgH_H__WHC?	46	3fffffffffff
N??CA?_ECgH_H__WBC?	46	3fffffffffff
N??CA?_ECgH_H__WGS?	46	1ffffffffb7fe
N??CA?_ECgH_H__W?[?	46	3ffdf7ffff77f
N??CA?_ECgH_H__WIA?	46	3fffffffffff
N??CA?_ECgH_H__WEA?	46	3fffffffffff
N??CA?_ECgH_H__WHA?	46	3fffffffffff
N??CA?_ECgH_H__WBA?	46	3fffffffffff
N??CA?_ECgH_H__WCI?	46	3fffffffffff
N??CA?_ECgH_H__WAI?	46	3fffffffffff
N??CA?_ECgH_H__W@I?	46	3fffffffffff
N??CA?_ECgH_H__W?Y?	46	3fffffffffff
N??CA?_ECgH_H__WAE?	46	3fffffffffff
N??CA?_ECgH_H__W@E?	46	3fffffffffff
N??CA?_ECgH_H_CW[??	46	3fffffffffff
N??CA?_ECgH_H_CWX??	46	3fffffffffff
N??CA?_ECgH_H_CWT??	46	3fffffffffff
N??CA?_ECgH_H_CWL??	46	3fffffffffff
N??CA?_ECgH_H_CWKO?	46	3fffffffffff
N??CA?_ECgH_H_CWPO?	46	3fffffffffff
N??CA?_ECgH_H_CWHO?	46	3fffffffffff
N??CA?_ECgH_H_CWDO?	46	3fffffffffff
N??CA?_ECgH_H_CWSG?	46	3fffffffffff
N??CA?_ECgH_H_CWKG?	46	3fffffffffff
N??CA?_ECgH_H_CWPG?	46	3fffffffffff
N??CA?_ECgH_H_CWHG?	46	3fffffffffff
N??CA?_ECgH_H_CWDG?	46	3fffffffffff
N??CA?_ECgH_H_CWCW?	46	3fffffffffff
N??CA?_ECgH_H_CW@W?	46	3fffffffffff
N??CA?_ECgH_H_CWWC?	46	3fffffffffff
N??CA?_ECgH_H_CWKC?	46	3fffffffffff
N??CA?_ECgH_H_CWPC?	46	3fffffffffff
N??CA?_ECgH_H_CWHC?	46	3fffffffffff
N??CA?_ECgH_H_CWDC?	46	3fffffffffff
N??CA?_ECgH_H_CWOS?	46	3fffffffffff
N??CA?_ECgH_H_CWGS?	46	3fffffffffff
N??CA?_ECgH_H_CW@S?	46	3fffffffffff
N??CA?_ECgH_H_CWOK?	46	3fffffffffff
N??CA?_ECgH_H_CW?[?	46	3fffffffffff
N??CA?_ECgH_H_CWWA?	46	3fffffffffff
N??CA?_ECgH_H_CWSA?	46	3fffffffffff
N??CA?_ECgH_H_CWKA?	46	3fffffffffff
N??CA?_ECgH_H_CWGQ?	46	3fffffffffff
N??CA?_ECgH_H_CWCQ?	46	3fffffffffff
N??CA?_ECgH_H_CW@Q?	46	3fffffffffff
N??CA?_ECgH_H_CWOI?	46	3fffffffffff
N??CA?_ECgH_H_CWCI?	46	3fffffffffff
N??CA?_ECgH_H_CW@I?	46	3fffffffffff
N??CA?_ECgH_H_CW?Y?	46	3fffffffffff
N??CA?_ECgH_H_CWOE?	46	3fffffffffff
N??CA?_ECgH_H_CWGE?	46	3fffffffffff
N??CA?_ECgH_H_CW?U?	46	3fffffffffff
N??CA?_ECgH_H_CW?M?	46	3fffffffffff
N??CA?_ECgH_H_AW[??	46	3fffffffffff
N??CA?_ECgH_H_AWY??	46	3fffffffffff
N??CA?_ECgH_H_AWU??	46	3fffffffffff
N??CA?_ECgH_H_AWM??	46	3fffffffffff
N??CA?_ECgH_H_AWKO?	46	3fffffffffff
N??CA?_ECgH_H_AWQO?	46	3fffffffffff
N??CA?_ECgH_H_AWIO?	46	3fffffffffff
N??CA?_ECgH_H_AWEO?	46	3fffffffffff
N??CA?_ECgH_H_AWSG?	46	3fffffffffff
N??CA?_ECgH_H_AWQG?	46	3fffffffffff
N??CA?_ECgH_H_AWIG?	46	3fffffffffff
N??CA?_ECgH_H_AWEG?	46	3fffffffffff
N??CA?_ECgH_H_AWCW?	46	3fffffffffff
N??CA?_ECgH_H_AWAW?	46	3fffffffffff
N??CA?_ECgH_H_AWWC?	46	3fffffffffff
N??CA?_ECgH_H_AWQC?	46	3fffffffffff
N??CA?_ECgH_H_AWIC?	46	3fffffffffff
N??CA?_ECgH_H_AWEC?	46	3fffffffffff
N??CA?_ECgH_H_AWGS?	46	3fffffffffff
N??CA?_ECgH_H_AWAS?	46	3fffffffffff
N??CA?_ECgH_H_AWOK?	46	3fffffffffff
N??CA?_ECgH_H_AWCK?	46	3fffffffffff
N??CA?_ECgH_H_AWAK?	46	3fffffffffff
N??CA?_ECgH_H_AW?[?	46	3fffffffffff
N??CA?_ECgH_H_AWWA?	46	3fffffffffff
N??CA?_ECgH_H_AWSA?	46	3fffffffffff
N??CA?_ECgH_H_AWKA?	46	3fffffffffff
N??CA?_ECgH_H_AWGQ?	46	3fffffffffff
N??CA?_ECgH_H_AWCQ?	46	3fffffffffff
N??CA?_ECgH_H_AWAQ?	46	3fffffffffff
N??CA?_ECgH_H_AWOI?	46	3fffffffffff
N??CA?_ECgH_H_AWCI?	46	3fffffffffff
N??CA?_ECgH_H_AWAI?	46	3fffffffffff
N??CA?_ECgH_H_AW?Y?	46	3fffffffffff
N??CA?_ECgH_H_AWOE?	46	3fffffffffff
N??CA?_ECgH_H_AWGE?	46	3fffffffffff
N??CA?_ECgH_H_AW?U?	46	3fffffffffff
N??CA?_ECgH_H_AW?M?	46	3fffffffffff
N??CA?_ECgH_H_?w[??	46	3ffffffffffcc
N??CA?_ECgH_H_?wM??	46	3fffffffffff
N??CA?_ECgH_H_?wR??	46	3fffffffffff
N??CA?_ECgH_H_?wJ??	46	3fffffffffff
N??CA?_ECgH_H_?wF??	46	3fffffffffff
N??CA?_ECgH_H_?wSG?	46	1ffffffffb7fe
N??CA?_ECgH_H_?wDG?	46	3fffffffffff
N??CA?_ECgH_H_?wBG?	46	3fffffffffff
N??CA?_ECgH_H_?wWC?	46	1ffffffffb7fe
N??CA?_ECgH_H_?wKC?	46	1ffffffffb7fe
N??CA?_ECgH_H_?wIC?	46	3fffffffffff
N??CA?_ECgH_H_?wHC?	46	3fffffffffff
N??CA?_ECgH_H_?wBC?	46	3fffffffffff
N??CA?_ECgH_H_?wKA?	46	3fffffffffff
N??CA?_ECgH_H_?wEA?	46	3fffffffffff
N??CA?_ECgH_H_?wHA?	46	3fffffffffff
N??CA?_ECgH_H_?wOI?	46	3fffffffffff
N??CA?_ECgH_H_?wAI?	46	3fffffffffff
N??CA?_ECgH_H_?w@I?	46	3fffffffffff
N??CA?_ECgH_H_?wGE?	46	3fffffffffff
N??CA?_ECgH_H_?w@E?	46	3fffffffffff
N??CA?_ECgH_H_?[[??	46	3fffffffffff
N??CA?_ECgH_H_?[Y??	46	3fffffffffff
N??CA?_ECgH_H_?[U??	46	3fffffffffff
N??CA?_ECgH_H_?[M??	46	3fffffffffff
N??CA?_ECgH_H_?[X??	46	3fffffffffff
N??CA?_ECgH_H_?[L??	46	3fffffffffff
N??CA?_ECgH_H_?[SO?	46	3fffffffffff
N??CA?_ECgH_H_?[KO?	46	3fffffffffff
N??CA?_ECgH_H_?[EO?	46	3fffffffffff
N??CA?_ECgH_H_?[HO?	46	3fffffffffff
N??CA?_ECgH_H_?[DO?	46	3fffffffffff
N??CA?_ECgH_H_?[BO?	46	3fffffffffff
N??CA?_ECgH_H_?[SG?	46	3fffffffffff
N??CA?_ECgH_H_?[KG?	46	3fffffffffff
N??CA?_ECgH_H_?[QG?	46	3fffffffffff
N??CA?_ECgH_H_?[EG?	46	3fffffffffff
N??CA?_ECgH_H_?[DG?	46	3fffffffffff
N??CA?_ECgH_H_?[BG?	46	3fffffffffff
N??CA?_ECgH_H_?[OW?	46	3fffffffffff
N??CA?_ECgH_H_?[GW?	46	3fffffffffff
N??CA?_ECgH_H_?[CW?	46	3fffffffffff
N??CA?_ECgH_H_?[AW?	46	3fffffffffff
N??CA?_ECgH_H_?[@W?	46	3fffffffffff
N??CA?_ECgH_H_?[WC?	46	3fffffffffff
N??CA?_ECgH_H_?[QC?	46	3fffffffffff
N??CA?_ECgH_H_?[IC?	46	3fffffffffff
N??CA?_ECgH_H_?[PC?	46	3fffffffffff
N??CA?_ECgH_H_?[HC?	46	3fffffffffff
N??CA?_ECgH_H_?[DC?	46	3fffffffffff
N??CA?_ECgH_H_?[GS?	46	3fffffffffff
N??CA?_ECgH_H_?[AS?	46	3fffffffffff
N??CA?_ECgH_H_?[@S?	46	3fffffffffff
N??CA?_ECgH_H_?[OK?	46	3fffffffffff
N??CA?_ECgH_H_?[GK?	46	3fffffffffff
N??CA?_ECgH_H_?[?[?	46	3fffffffffff
N??CA?_ECgH_@ogGM??	46	3fffffffffff
N??CA?_ECgH_@ogGL??	46	3fffffffffff
N??CA?_ECgH_@ogGF??	46	3fffffffffff
N??CA?_ECgH_@ogGKO?	46	3ffffffffffcc
N??CA?_ECgH_@ogGEO?	46	3fffffffffff
N??CA?_ECgH_@ogGDO?	46	3fffffffffff
N??CA?_ECgH_@ogGKG?	46	3ffffffffffcc
N??CA?_ECgH_@ogGEG?	46	3fffffffffff
N??CA?_ECgH_@ogGDG?	46	3fffffffffff
N??CA?_ECgH_@ogGCW?	46	1ffffffffb7fe
N??CA?_ECgH_@ogGKC?	46	3ffffffffffcc
N??CA?_ECgH_@ogGEA?	46	3fffffffffff
N??CA?_ECgH_@ogGDA?	46	3fffffffffff
N??CA?_ECgH_@ogGCI?	46	3fffffffffff
N??CA?_ECgH_@oKG[??	46	3fffffffffff
N??CA?_ECgH_@oKGT??	46	3fffffffffff
N??CA?_ECgH_@oKGL??	46	3fffffffffff
N??CA?_ECgH_@oKGSO?	46	3fffffffffff
N??CA?_ECgH_@oKGKO?	46	3fffffffffff
N??CA?_ECgH_@oKGDO?	46	3fffffffffff
N??CA?_ECgH_@oKGSG?	46	3fffffffffff
N??CA?_ECgH_@oKGKG?	46	3fffffffffff
N??CA?_ECgH_@oKGDG?	46	3fffffffffff
N??CA?_ECgH_@oKGCW?	46	3fffffffffff
N??CA?_ECgH_@oKGDC?	46	3fffffffffff
N??CA?_ECgH_@oKGSA?	46	3fffffffffff
N??CA?_ECgH_@oKGKA?	46	3fffffffffff
N??CA?_ECgH_@oKGCQ?	46	3fffffffffff
N??CA?_ECgH_@oKGCI?	46	3fffffffffff
N??CA?_ECgH_@oGg[??	46	3ffffffffffcc
N??CA?_ECgH_@oGgT??	46	3fffffffffff
N??CA?_ECgH_@oGgL??	46	3fffffffffff
N??CA?_ECgH_@oGgF??	46	3fffffffffff
N??CA?_ECgH_@oGgSG?	46	1ffffffffb7fe
N??CA?_ECgH_@oGgKG?	46	1ffffffffb7fe
N??CA?_ECgH_@oGgDG?	46	3fffffffffff
N??CA?_ECgH_@oGgKC?	46	1ffffffffb7fe
N??CA?_ECgH_@oGgSA?	46	3fffffffffff
N??CA?_ECgH_@oGgKA?	46	3fffffffffff
N??CA?_ECgH_@oGgEA?	46	3fffffffffff
N??CA?_ECgH_@oGgDA?	46	3fffffffffff
N??CA?_ECgH_@oGK[??	46	7ffffffffffb
N??CA?_ECgH_@oGKU??	46	3fffffffffff
N??CA?_ECgH_@oGKM??	46	3fffffffffff
N??CA?_ECgH_@oGKF??	46	3fffffffffff
N??CA?_ECgH_@oGKSO?	46	7fffffffefff
N??CA?_ECgH_@oGKKO?	46	7fffffffefff
N??CA?_ECgH_@oGKEO?	46	3fffffffffff
N??CA?_ECgH_@oGKDO?	46	3fffffffffff
N??CA?_ECgH_@oGKCW?	46	7ffffffdffff
N??CA?_ECgH_@oGKSC?	46	3fffffffffff
N??CA?_ECgH_HGGoY??	46	7ffffffff7ff
N??CA?_ECgH_HGGoR??	46	fffffffef7ff
N??CA?_ECgH_HGGoIO?	46	3fffffffffff
N??CA?_ECgH_HGGoHO?	46	3fffffffffff
N??CA?_ECgH_HGGoBO?	46	3fffffffffff
N??CA?_ECgH_HGGoWC?	46	3ffffffffffcc
N??CA?_ECgH_HGGoBC?	46	3fffffffffff
N??CA?_ECgH_HGGoGS?	46	1ffffffffb7fe
N??CA?_ECgH_HGGoAS?	46	3fffffffffff
N??CA?_ECgH_HGGo?[?	46	3ffdf7ffff77f
N??CA?_ECgH_HGGoQA?	46	fffffffdefff
N??CA?_ECgH_HGGo@Q?	46	3fffffffffff
N??CA?_ECgH_HGCo[??	46	3fffffffffff
N??CA?_ECgH_HGCoT??	46	3fffffffffff
N??CA?_ECgH_HGCoL??	46	3fffffffffff
N??CA?_ECgH_HGCoSO?	46	3fffffffffff
N??CA?_ECgH_HGCoKO?	46	3fffffffffff
N??CA?_ECgH_HGCoDO?	46	3fffffffffff
N??CA?_ECgH_HGCoSG?	46	3fffffffffff
N??CA?_ECgH_HGCoDG?	46	3fffffffffff
N??CA?_ECgH_HGCoCW?	46	3fffffffffff
N??CA?_ECgH_HGCoDC?	46	3fffffffffff
N??CA?_ECgH_HGCoCS?	46	3fffffffffff
N??CA?_ECgH_HGCoSA?	46	3fffffffffff
N??CA?_ECgH_HGCoKA?	46	3fffffffffff
N??CA?_ECgH_HGCoCQ?	46	3fffffffffff
N??CA?_ECgH_HGCoCI?	46	3fffffffffff
N??CA?_ECgH_HG?s[??	46	3fffffffffff
N??CA?_ECgH_HG?sU??	46	3fffffffffff
N??CA?_ECgH_HG?sKO?	46	3fffffffffff
N??CA?_ECgH_HG?sEO?	46	3fffffffffff
N??CA?_ECgH_HG?sDO?	46	3fffffffffff
N??CA?_ECgH_HG?sCW?	46	3fffffffffff
N??CA?_ECgH_HG?sSC?	46	3fffffffffff
N??CA?_ECgWOY?@WF??	46	7fffffffff7f
N??CA?_ECgWOY?@WE_?	46	3fffffffffff
N??CA?_ECgWOY?@WB_?	46	3fffffffffff
N??CA?_ECgWOY?@WBO?	46	ffffffffe7ff
N??CA?_ECgWOY?@WEG?	46	3fffffffffff
N??CA?_ECgWOY?@WBG?	46	3fffffffffff
N??CA?_ECgWOY?@W@W?	46	3fffffffffff
N??CA?_ECgWOY?@WEC?	46	3fffffffffff
N??CA?_ECgWOY?@WBC?	46	3fffffffffff
N??CA?_ECgWOY?@W@c?	46	3fffffffffff
N??CA?_ECgWOY?@WCS?	46	3ffffffffffcc
N??CA?_ECgWOY?@W@S?	46	3fffffffffff
N??CA?_ECgWOY?@W?[?	46	1ffffffffb7fe
N??CA?_ECgWOY?@WEA?	46	7ffffffeffff
N??CA?_ECgWOY?@WDA?	46	fffffffefffe
N??CA?_ECgWOY?@WCa?	46	3fffffffffff
N??CA?_ECgWOY?@W@a?	46	3fffffffffff
N??CA?_ECgWOY?@W?U?	46	3fffffffffff
N??CA?_ECgWOM?@WK_?	46	3fffffffffff
N??CA?_ECgWOM?@WKO?	46	7ffffffff7ff
N??CA?_ECgWOM?@WHO?	46	ffffffffe7ff
N??CA?_ECgWOM?@W@o?	46	3fffffffffff
N??CA?_ECgWOM?@WKG?	46	7ffffffff7ff
N??CA?_ECgWOM?@WDG?	46	3fffffffffff
N??CA?_ECgWOM?@WCg?	46	3fffffffffff
N??CA?_ECgWOM?@W@g?	46	3fffffffffff
N??CA?_ECgWOM?@WGW?	46	3effffffffcfe
N??CA?_ECgWOM?@WCW?	46	3fffffffffff
N??CA?_ECgWOM?@W@W?	46	3fffffffffff
N??CA?_ECgWOM?@W?w?	46	3ffffffffffd2
N??CA?_ECgWOM?@WKC?	46	7ffffffff7ff
N??CA?_ECgWOM?@WHC?	46	3fffffffffff
N??CA?_ECgWOM?@WGc?	46	3fffffffffff
N??CA?_ECgWOM?@WGS?	46	3fffffffffff
N??CA?_ECgWOM?@WCS?	46	3fffffffffff
N??CA?_ECgWOM?@W@S?	46	3fffffffffff
N??CA?_ECgWOM?@WCK?	46	7fffffffff7f
N??CA?_ECgWOM?@W@K?	46	3fffffffffff
N??CA?_ECgWOM?@W?k?	46	3fffffffffff
N??CA?_ECgWOM?@WKA?	46	7ffffffeffff
N??CA?_ECgWOM?@WHA?	46	fffffffef7ff
N??CA?_ECgWOM?@WGa?	46	3fffffffffff
N??CA?_ECgWOM?@WCa?	46	3ffff7dfdf7ff
N??CA?_ECgWOM?@W@a?	46	3ffff7dfdf7ff
N??CA?_ECgWOM?@WGQ?	46	fffffffdf7ff
N??CA?_ECgWOM?@W?i?	46	3fffffffffff
N??CA?_ECgWOM?@WGE?	46	3fffffffffff
N??CA?_ECgWOM?@W?e?	46	3fffffff0ffff
N??CA?_ECgWOM?@W?U?	46	3fffffffffff
N??CA?_ECgWOM?@W?M?	46	3fffffffffff
N??CA?_ECgWOX?AWF??	46	3fffffffffff
N??CA?_ECgWOX?AWB_?	46	3fffffffffff
N??CA?_ECgWOX?AWBO?	46	3fffffffffff
N??CA?_ECgWOX?AW@o?	46	3fffffffffff
N??CA?_ECgWOX?AWBG?	46	3fffffffffff
N??CA?_ECgWOX?AWCW?	46	3ffffffffffcc
N??CA?_ECgWOX?AW@W?	46	3fffffffffff
N??CA?_ECgWOX?AWBC?	46	3fffffffffff
N??CA?_ECgWOX?AW@c?	46	3fffffffffff
N??CA?_ECgWOX?AW?s?	46	1ffffffffb7fe
N??CA?_ECgWOX?AWAK?	46	3fffffffffff
N??CA?_ECgWOX?AWDA?	46	7ffffffffffe
N??CA?_ECgWOX?AW@a?	46	3fffffffffff
N??CA?_ECgWOX?AW?U?	46	3fffffffffff
N??CA?_ECgWOX?AW?M?	46	7ffffffeffff
N??CA?_ECgWOR?GWF??	46	3fffffffffff
N??CA?_ECgWOR?GWE_?	46	3fffffffffff
N??CA?_ECgWOR?GWD_?	46	3fffffffffff
N??CA?_ECgWOR?GWCW?	46	ffffffffff74c
N??CA?_ECgWOR?GWDA?	46	7ffffffffffe
N??CA?_ECgWOR?GWCQ?	46	3fffffffffff
N??CA?_ECgWOR?GWCI?	46	ffffffffff7b
N??CA?_ECgWOJ?GWJ??	46	3fffffffffff
N??CA?_ECgWOJ?GWI_?	46	3fffffffffff
N??CA?_ECgWOJ?GWBO?	46	3bfffffbf7ffd
N??CA?_ECgWOJ?GW?w?	46	1ffffffffb7fe
N??CA?_ECgWOJ?GWAa?	46	3ff8ffe76cfdf6e1
N??CA?_ECgWOJ?GWGQ?	46	ffffffffeffe
N??CA?_ECgWOJ?GW?Y?	46	7ffffffdffff
N??CA?_ECgWOJ?AWM??	46	3fffffffffff
N??CA?_ECgWOJ?AWK_?	46	3fffffffffff
N??CA?_ECgWOJ?AWKO?	46	3fffffffffff
N??CA?_ECgWOJ?AWIO?	46	7fffffffefff
N??CA?_ECgWOJ?AWEO?	46	3fffffffffff
N??CA?_ECgWOJ?AWAo?	46	3fffffffffff
N??CA?_ECgWOJ?AWIG?	46	3fffffffffff
N??CA?_ECgWOJ?AWEG?	46	3fffffffffff
N??CA?_ECgWOJ?AWCg?	46	3fffffffffff
N??CA?_ECgWOJ?AWAg?	46	3fffffffffff
N??CA?_ECgWOJ?AWCW?	46	3fffffffffff
N??CA?_ECgWOJ?AWAW?	46	3fffffffffff
N??CA?_ECgWOJ?AWIC?	46	3fffffffffff
N??CA?_ECgWOJ?AWEC?	46	3ffff7dfdf7ff
N??CA?_ECgWOJ?AWGc?	46	3fffffffffff
N??CA?_ECgWOJ?AWAc?	46	3ffff7dfdf7ff
N??CA?_ECgWOJ?AWGS?	46	3fffffffffff
N??CA?_ECgWOJ?AWCS?	46	3fffffffffff
N??CA?_ECgWOJ?AWAS?	46	3fffffffffff
N??CA?_ECgWOJ?AWCK?	46	3ffffffffe67f
N??CA?_ECgWOJ?AW?k?	46	3fffffffffff
N??CA?_ECgWOJ?AW?[?	46	3fffffffffff
N??CA?_ECgWOJ?AWKA?	46	7ffffffffffe
N??CA?_ECgWOJ?AWIA?	46	3fffffffffff
N??CA?_ECgWOJ?AWEA?	46	3ffff7dfdf7ff
N??CA?_ECgWOJ?AWGa?	46	3fffffffffff
N??CA?_ECgWOJ?AWCa?	46	3ffff7dfdf7ff
N??CA?_ECgWOJ?AWAa?	46	3ffff7dfdf7ff
N??CA?_ECgWOJ?AWGQ?	46	3fffffffffff
N??CA?_ECgWOJ?AWCQ?	46	3fffffffffff
N??CA?_ECgWOJ?AW?i?	46	3fffffffffff
N??CA?_ECgWOJ?AW?Y?	46	3fffffffffff
N??CA?_ECgWOJ?AWGE?	46	7ffffffff7ff
N??CA?_ECgWOJ?AW?e?	46	3fffffff0ffff
N??CA?_ECgWOJ?AW?U?	46	3fffffffffff
N??CA?_ECgWOJ?AW?M?	46	fffffffdf7ff
N??CA?_ECgWOJ?@WM??	46	3fffffffffff
N??CA?_ECgWOJ?@WL??	46	3fffffffffff
N??CA?_ECgWOJ?@WJ??	46	3fffffffffff
N??CA?_ECgWOJ?@WF??	46	3ffffffff87ff
N??CA?_ECgWOJ?@WKO?	46	3ffffffffffcc
N??CA?_ECgWOJ?@WBO?	46	3fffffffffff
N??CA?_ECgWOJ?@WEG?	46	3fffffffffff
N??CA?_ECgWOJ?@WDG?	46	3fffffffffff
N??CA?_ECgWOJ?@WBG?	46	3fffffffffff
N??CA?_ECgWOJ?@WGW?	46	3fdffffffb7fe
N??CA?_ECgWOJ?@WCW?	46	1ffffffffb7fe
N??CA?_ECgWOJ?@WKC?	46	3ffffffffffcc
N??CA?_ECgWOJ?@WIC?	46	3fffffffffff
N??CA?_ECgWOJ?@WHC?	46	3fffffffffff
N??CA?_ECgWOJ?@WBC?	46	3ffff7dfdf7ff
N??CA?_ECgWOJ?@WGS?	46	1ffffffffb7fe
N??CA?_ECgWOJ?@WCK?	46	3fdffffffb7fe
N??CA?_ECgWOJ?@W?[?	46	3ffdf7ffff77f
N??CA?_ECgWOJ?@WKA?	46	3fffffffffff
N??CA?_ECgWOJ?@WIA?	46	3fffffffffff
N??CA?_ECgWOJ?@WEA?	46	3ffff7dfdf7ff
N??CA?_ECgWOJ?@WHA?	46	3fffffffffff
N??CA?_ECgWOJ?@WDA?	46	3ffff7dfdf7ff
N??CA?_ECgWOJ?@WBA?	46	3ffff7dfdf7ff
N??CA?_ECgWOJ?@WAI?	46	3fffffffffff
N??CA?_ECgWOJ?@W@I?	46	3fffffffffff
N??CA?_ECgWOJ?@WGE?	46	3fffffffffff
N??CA?_ECgWOJ?@WAE?	46	3fffffff0ffff
N??CA?_ECgWOJ?@W@E?	46	3fffffff0ffff
N??CA?_ECgWOJ?@W?U?	46	3fffffffffff
N??CA?_ECgWOI_@WM??	46	7ffffffff7ff
N??CA?_ECgWOI_@WL??	46	7ffffffff7ff
N??CA?_ECgWOI_@WJ??	46	ffffffffe7ff
N??CA?_ECgWOI_@WF??	46	fffffffef7ff
N??CA?_ECgWOI_@WK_?	46	3ffffffffffcc
N??CA?_ECgWOI_@WB_?	46	3fffffffffff
N??CA?_ECgWOI_@WEG?	46	3fffffffffff
N??CA?_ECgWOI_@WHG?	46	3fffffffffff
N??CA?_ECgWOI_@WDG?	46	3fffffffffff
N??CA?_ECgWOI_@WBG?	46	3fffffffffff
N??CA?_ECgWOI_@WCg?	46	1ffffffffb7fe
N??CA?_ECgWOI_@WIC?	46	3fffffffffff
N??CA?_ECgWOI_@WHC?	46	3fffffffffff
N??CA?_ECgWOI_@WBC?	46	3fffffffffff
N??CA?_ECgWOI_@WGc?	46	1ffffffffb7fe
N??CA?_ECgWOI_@WGK?	46	1ffffffffb7fe
N??CA?_ECgWOI_@W@K?	46	3fffffffffff
N??CA?_ECgWOI_@W?k?	46	3ffdf7ffff77f
N??CA?_ECgWOI_@WKA?	46	7ffffffdffff
N??CA?_ECgWOI_@WIA?	46	fffffffdf7ff
N??CA?_ECgWOI_@WEA?	46	fffffffdefff
N??CA?_ECgWOI_@WHA?	46	fffffffdf7ff
N??CA?_ECgWOI_@WDA?	46	fffffffdefff
N??CA?_ECgWOI_@WCa?	46	3fffffffffff
N??CA?_ECgWOI_@WGI?	46	3fffffffffff
N??CA?_ECgWOI_@W@I?	46	3fffffffffff
N??CA?_ECgWOI_@WGE?	46	3fffffffffff
N??CA?_ECgWOI_@WAE?	46	3fffffffffff
N??CA?_ECgWOI_@W@E?	46	3fffffffffff
N??CA?_ECgWOI_@W?e?	46	3fffffffffff
N??CA?_ECgWOI_@W?M?	46	3fffffffffff
N??CA?_ECgWOH_AWM??	46	fffffffff77f
N??CA?_ECgWOH_AWL??	46	3fffffffffff
N??CA?_ECgWOH_AWJ??	46	3fffffffffff
N??CA?_ECgWOH_AWF??	46	3fffffffffff
N??CA?_ECgWOH_AWK_?	46	ffffffffff74c
N??CA?_ECgWOH_AWB_?	46	3fffffffffff
N??CA?_ECgWOH_AWKG?	46	3ffffffffffcc
N??CA?_ECgWOH_AWHG?	46	3fffffffffff
N??CA?_ECgWOH_AWDG?	46	3fffffffffff
N??CA?_ECgWOH_AWBG?	46	3fffffffffff
N??CA?_ECgWOH_AWCg?	46	1ffffffffb7fe
N??CA?_ECgWOH_AWAg?	46	3fffffffffff
N??CA?_ECgWOH_AW@g?	46	3fffffffffff
N??CA?_ECgWOH_AWIC?	46	3fffffffffff
N??CA?_ECgWOH_AWHC?	46	3fffffffffff
N??CA?_ECgWOH_AWBC?	46	3fffffffffff
N??CA?_ECgWOH_AWGc?	46	1ffffffffb7fe
N??CA?_ECgWOH_AWAc?	46	3fffffffffff
N??CA?_ECgWOH_AW@c?	46	3fffffffffff
N??CA?_ECgWOH_AW@K?	46	fffffffffff9
N??CA?_ECgWOH_AWKA?	46	7ffffffeffff
N??CA?_ECgWOH_AWIA?	46	fffffffef7ff
N??CA?_ECgWOH_AWHA?	46	3fffffffffff
N??CA?_ECgWOH_AWDA?	46	3fffffffffff
N??CA?_ECgWOH_AWBA?	46	3fffffffffff
N??CA?_ECgWOH_AWGI?	46	3fffffffffff
N??CA?_ECgWOH_AW@I?	46	fffffffffe7f
N??CA?_ECgWOH_AWGE?	46	3fffffffffff
N??CA?_ECgWOH_AWAE?	46	3fffffffffff
N??CA?_ECgWOH_AW@E?	46	ffffffffe7ff
N??CA?_ECgWOH_AW?M?	46	3fffffffffff
N??CA?_ECgWOB_GWM??	46	3fffffffffff
N??CA?_ECgWOB_GWF??	46	3bfffffbf7ffd
N??CA?_ECgWOB_GWK_?	46	3ffffffffffcc
N??CA?_ECgWOB_GWEG?	46	3fffffffffff
N??CA?_ECgWOB_GWCg?	46	1ffffffffb7fe
N??CA?_ECgWOB_GWKA?	46	7ffffffffffe
N??CA?_ECgWOB_GWCI?	46	ffffffffe7ff
N??CA?_ECgWOWOBGF??	46	3fffffffffff
N??CA?_ECgWOWOBGE_?	46	3fffffffffff
N??CA?_ECgWOWOBGD_?	46	3fffffffffff
N??CA?_ECgWOWOBGB_?	46	3ff8ffe76cfdf6e1
N??CA?_ECgWOWOBGDO?	46	3fffffffffff
N??CA?_ECgWOWOBGBO?	46	3ffff7dfdf7ff
N??CA?_ECgWOWOBGBG?	46	3fffffffffff
N??CA?_ECgWOWOBG@W?	46	3fffffffffff
N??CA?_ECgWOWOBGBC?	46	3effffffffcfe
N??CA?_ECgWOWOBGAc?	46	3effffffffcfe
N??CA?_ECgWOWOBG@c?	46	7edfffffffcfe
N??CA?_ECgWOWOBG@S?	46	3fffffffffff
N??CA?_ECgWOWOBG?s?	46	1ffffffffb7fe
N??CA?_ECgWOWOBG?[?	46	7ffffffffb77c
N??CA?_ECgWOWOBGEA?	46	7ffffffffffb
N??CA?_ECgWOWOBGDA?	46	fffffffffffa
N??CA?_ECgWOWOBGCa?	46	3fffffffffff
N??CA?_ECgWOWOBG@a?	46	2ffdeff7fe70fccc
N??CA?_ECgWOWOBGCQ?	46	7fffffffefff
N??CA?_ECgWOWOBG?Y?	46	fffffffdf7ff
N??CA?_ECgWOWOBG@E?	46	fbffbfffff77c
N??CA?_ECgWOWOBG?U?	46	3fffffffffff
N??CA?_ECgWOKOBGL??	46	3fffffffffff
N??CA?_ECgWOKOBGK_?	46	3fffffffffff
N??CA?_ECgWOKOBGD_?	46	3ffffffff87ff
N??CA?_ECgWOKOBGKO?	46	fffffffff7fd
N??CA?_ECgWOKOBGHO?	46	3fffffffffff
N??CA?_ECgWOKOBGDO?	46	3fffffffffff
N??CA?_ECgWOKOBG@o?	46	3fffffffffff
N??CA?_ECgWOKOBGKG?	46	fffffffff7fd
N??CA?_ECgWOKOBGDG?	46	3fffffffffff
N??CA?_ECgWOKOBGCg?	46	3fffffffffff
N??CA?_ECgWOKOBG@g?	46	3fffffffffff
N??CA?_ECgWOKOBGGW?	46	3ffffffffe67f
N??CA?_ECgWOKOBG@W?	46	3fffffffffff
N??CA?_ECgWOKOBG?w?	46	3fffffffffff
N??CA?_ECgWOKOBGHC?	46	3fffffffffff
N??CA?_ECgWOKOBGGc?	46	3fffffffffff
N??CA?_ECgWOKOBGGS?	46	3fffffffffff
N??CA?_ECgWOKOBGCS?	46	3fffffffffff
N??CA?_ECgWOKOBG@S?	46	3fffffffffff
N??CA?_ECgWOKOBGCK?	46	3fffffffffff
N??CA?_ECgWOKOBG@K?	46	3fffffffffff
N??CA?_ECgWOKOBG?k?	46	3fffffffffff
N??CA?_ECgWOKOBG?[?	46	3fffffffffff
N??CA?_ECgWOKOBGGa?	46	3fffffffffff
N??CA?_ECgWOKOBGCa?	46	3ffff7dfdf7ff
N??CA?_ECgWOKOBGGQ?	46	ffffffffe7ff
N??CA?_ECgWOKOBGCQ?	46	7fffffffefff
N??CA?_ECgWOKOBG@Q?	46	3fffffffffff
N??CA?_ECgWOKOBGCI?	46	7fffffffefff
N??CA?_ECgWOKOBG?i?	46	3fffffffffff
N??CA?_ECgWOKOBGGE?	46	3fffffffffff
N??CA?_ECgWOKOBG@E?	46	3fffffff0ffff
N??CA?_ECgWOKOBG?e?	46	3fffffff0ffff
N??CA?_ECgWOKOBG?M?	46	3fffffffffff
N??CA?_ECgWOEOJ?KC?	46	7ffffffff7ff
N??CA?_ECgWOEOIGK_?	46	3fffffffffff
N??CA?_ECgWOEOHGL??	46	3fffffffffff
N??CA?_ECgWOEOHGK_?	46	7ffffffff7ff
N??CA?_ECgWOEOHGD_?	46	3ffffffff87ff
N??CA?_ECgWOEOHGKO?	46	3fffffffffff
N??CA?_ECgWOEOHGDO?	46	3fffffffffff
N??CA?_ECgWOEOHGCo?	46	3ffff7dfdf7ff
N??CA?_ECgWOEOHGKG?	46	7ffffffff7ff
N??CA?_ECgWOEOHGDG?	46	3fffffffffff
N??CA?_ECgWOEOHGCg?	46	7fffffffff7f
N??CA?_ECgWOEOHGCW?	46	3fffffffffff
N??CA?_ECgWOEOHGKA?	46	3fffffffffff
N??CA?_ECgWOEOHGCa?	46	3ffff7dfdf7ff
N??CA?_ECgWOEOHGCQ?	46	3fffffffffff
N??CA?_ECgWOHOAWJ??	46	3fffffffffff
N??CA?_ECgWOHOAWF??	46	3fffffffffff
N??CA?_ECgWOHOAWDO?	46	3fffffffffff
N??CA?_ECgWOHOAWBO?	46	3fffffffffff
N??CA?_ECgWOHOAWIC?	46	3fffffffffff
N??CA?_ECgWOHOAWAc?	46	3fffffffffff
N??CA?_ECgWOHOAWEA?	46	3fffffffffff
N??CA?_ECgWOHOAWGQ?	46	3fffffffffff
N??CA?_ECgWOHOAWGE?	46	7ffffffeffff
N??CA?_ECgWOBOIGM??	46	3fffffffffff
N??CA?_ECgWOBOIGK_?	46	3fffffffffff
N??CA?_ECgWOBOIGKO?	46	3fffffffffff
N??CA?_ECgWOBOIGEO?	46	3fffffffffff
N??CA?_ECgWOBOIGCo?	46	3fffffffffff
N??CA?_ECgWOBOIGEG?	46	3fffffffffff
N??CA?_ECgWOBOIGCg?	46	3fffffffffff
N??CA?_ECgWOBOIGCW?	46	3fffffffffff
N??CA?_ECgWOBOIGKC?	46	fffffffff7fe
N??CA?_ECgWOBOIGCK?	46	3ffffffffe67f
N??CA?_ECgWOBOIGKA?	46	7ffffffffffe
N??CA?_ECgWOBOIGCa?	46	3ffff7dfdf7ff
N??CA?_ECgWOBOIGCQ?	46	3fffffffffff
N??CA?_ECgWOBOIGCE?	46	ffffffff0e7ff
N??CA?_ECgWOBOHGM??	46	3fffffffffff
N??CA?_ECgWOBOHGL??	46	3fffffffffff
N??CA?_ECgWOBOHGF??	46	3ffffffff87ff
N??CA?_ECgWOBOHGKO?	46	3ffffffffffcc
N??CA?_ECgWOBOHGEO?	46	3fffffffffff
N??CA?_ECgWOBOHGKG?	46	3ffffffffffcc
N??CA?_ECgWOBOHGEG?	46	3fffffffffff
N??CA?_ECgWOBOHGDG?	46	3fffffffffff
N??CA?_ECgWOBOHGCW?	46	1ffffffffb7fe
N??CA?_ECgWOBOHGKC?	46	3ffffffffffcc
N??CA?_ECgWOBOHGCK?	46	3fdffffffb7fe
N??CA?_ECgWOBOHGKA?	46	3fffffffffff
N??CA?_ECgWOBOHGEA?	46	3ffff7dfdf7ff
N??CA?_ECgWOBOHGDA?	46	3ffff7dfdf7ff
N??CA?_ECgWOBOGWF??	46	3fffffffffff
N??CA?_ECgWOBOGWK_?	46	3ffffffffffcc
N??CA?_ECgWOBOGWCo?	46	1ffffffffb7fe
N??CA?_ECgWOBOGWKA?	46	7fffffffff7f
N??CA?_ECgWOBOGWCQ?	46	3fffffffffff
N??CA?_ECgWOGoBGM??	46	fffffffff7fd
N??CA?_ECgWOGoBGL??	46	3fffffffffff
N??CA?_ECgWOGoBGJ??	46	3fffffffffff
N??CA?_ECgWOGoBGF??	46	3fffffffffff
N??CA?_ECgWOGoBGK_?	46	3ffffffffffcc
N??CA?_ECgWOGoBGB_?	46	77ffebfffeffb
N??CA?_ECgWOGoBGHG?	46	3fffffffffff
N??CA?_ECgWOGoBGBG?	46	3fffffffffff
N??CA?_ECgWOGoBGKC?	46	ffffffffff74c
N??CA?_ECgWOGoBGIC?	46	3fffffffffff
N??CA?_ECgWOGoBGHC?	46	3fffffffffff
N??CA?_ECgWOGoBGBC?	46	3fffffffffff
N??CA?_ECgWOGoBGGc?	46	1ffffffffb7fe
N??CA?_ECgWOGoBGGK?	46	7ffffffffb77c
N??CA?_ECgWOGoBG?k?	46	3ffdf7ffff77f
N??CA?_ECgWOGoBGKA?	46	7fffffffefff
N??CA?_ECgWOGoBGHA?	46	3fffffffffff
N??CA?_ECgWOGoBGDA?	46	7fffffffefff
N??CA?_ECgWOGoBGBA?	46	3fdffffffb7fe
N??CA?_ECgWOGoBGCa?	46	3fffffffffff
N??CA?_ECgWOGoBGGI?	46	fffffffdf7ff
N??CA?_ECgWOGoBGCI?	46	7ffffffdffff
N??CA?_ECgWOGoBG@I?	46	3fffffffffff
N??CA?_ECgWOGoBGGE?	46	3fffffffffff
N??CA?_ECgWOGoBG@E?	46	7ffffffff7ff
N??CA?_ECgWOGoBG?M?	46	3fffffffffff
N??CA?_ECgWOAoHGM??	46	3fffffffffff
N??CA?_ECgWOAoHGL??	46	3fffffffffff
N??CA?_ECgWOAoHGF??	46	3fffffffffff
N??CA?_ECgWOAoHGK_?	46	3ffffffffffcc
N??CA?_ECgWOAoHGE_?	46	5fffdeffff7fd
N??CA?_ECgWOAoHGD_?	46	7ffffffeffff
N??CA?_ECgWOAoHGEG?	46	3fffffffffff
N??CA?_ECgWOAoHGDG?	46	3fffffffffff
N??CA?_ECgWOAoHGCg?	46	1ffffffffb7fe
N??CA?_ECgWOAoHGCK?	46	1ffffffffb7fe
N??CA?_ECgWOAoHGKA?	46	3fffffffffff
N??CA?_ECgWOAoHGEA?	46	3fffffffffff
N??CA?_ECgWOAoHGDA?	46	7fffffffefff
N??CA?_ECgWOAoHGCE?	46	7ffffffff7ff
N??CA?_ECgWO@oIGM??	46	3fffffff0ffff
N??CA?_ECgWO@oIGL??	46	3bffbffffff7d
N??CA?_ECgWO@oIGK_?	46	3defbfffdea94fcc
N??CA?_ECgWO@oIGD_?	46	1ffffeffff7fd
N??CA?_ECgWO@oIGKG?	46	3defbfffdea94fcc
N??CA?_ECgWO@oIGDG?	46	1ffffeffff7fd
N??CA?_ECgWO@oIGCg?	46	3fefedefe76634fe
N??CA?_ECgWO@oIGKA?	46	3fffffffffff
N??CA?_ECgWOWGBOF??	46	7ffffffff7ff
N??CA?_ECgWOWGBOE_?	46	7ffffffff7ff
N??CA?_ECgWOWGBOD_?	46	7ffffffff7ff
N??CA?_ECgWOWGBOCo?	46	3ffffffffffcc
N??CA?_ECgWOWGBOCW?	46	ffffffffff74c
N??CA?_ECgWOWGBOEA?	46	fffffffdfffd
N??CA?_ECgWOWGBODA?	46	fffffffdfffe
N??CA?_ECgWOWGBOCa?	46	7ffffffdffff
N??CA?_ECgWOKGBOL??	46	3fffffffffff
N??CA?_ECgWOKGBOK_?	46	3fffffffffff
N??CA?_ECgWOKGBOKO?	46	fffffffff7fe
N??CA?_ECgWOKGBODO?	46	3fffffffffff
N??CA?_ECgWOKGBOCo?	46	3fffffffffff
N??CA?_ECgWOKGBOKG?	46	3fffffffffff
N??CA?_ECgWOKGBODG?	46	3fffffffffff
N??CA?_ECgWOKGBOCg?	46	3fffffffffff
N??CA?_ECgWOKGBOCW?	46	3fffffffffff
N??CA?_ECgWOKGBOKC?	46	fffffffff7fd
N??CA?_ECgWOKGBODC?	46	fffff7dfce7ff
N??CA?_ECgWOKGBOCc?	46	3ffff7dfdf7ff
N??CA?_ECgWOKGBOCS?	46	3ffffffffe67f
N??CA?_ECgWOKGBOCK?	46	3fffffffffff
N??CA?_ECgWOKGBOKA?	46	7ffffffffffd
N??CA?_ECgWOHGIOJ??	46	3fffffffffff
N??CA?_ECgWOHGIOB_?	46	3ffffffff87ff
N??CA?_ECgWOHGIOBO?	46	3fffffffffff
N??CA?_ECgWOHGIOBC?	46	3ffff7dfdf7ff
N??CA?_ECgWOHGIOGc?	46	3ffffffffffcc
N??CA?_ECgWOHGIO?k?	46	3fdffffffb7fe
N??CA?_ECgWOHGIO?[?	46	1ffffffffb7fe
N??CA?_ECgWOHGIOIA?	46	ffffffff7f7f
N??CA?_ECgWOHGIOGQ?	46	fffffffefffd
N??CA?_ECgWOHGIO@Q?	46	3fffffffffff
N??CA?_ECgWOHGIO@E?	46	ffffffff0e7ff
N??CA?_ECgWOHGIO?U?	46	3fffffffffff
N??CA?_ECgWOGgBOM??	46	fffffffff7fe
N??CA?_ECgWOGgBOL??	46	3fffffffffff
N??CA?_ECgWOGgBOF??	46	3fffffffffff
N??CA?_ECgWOGgBOK_?	46	3ffffffffffcc
N??CA?_ECgWOGgBOD_?	46	3fffffffffff
N??CA?_ECgWOGgBOKG?	46	ffffffffff74c
N??CA?_ECgWOGgBOCg?	46	1ffffffffb7fe
N??CA?_ECgWOGgBODC?	46	3fffffffffff
N??CA?_ECgWOGgBOCK?	46	7ffffffffb77c
N??CA?_ECgWOGgBOKA?	46	7ffffffff7ff
N??CA?_ECgWOGgBOEA?	46	ffffffffe7ff
N??CA?_ECgWOGgBODA?	46	3fffffffffff
N??CA?_ECgWOGgBOCa?	46	3fffffffffff
N??CA?_ECgWOGgBOCI?	46	3fffffffffff
N??CA?_ECgWOGgBOCE?	46	fffffffdf7ff
N??CA?_ECgWOIC@WM??	46	7ffffffeffff
N??CA?_ECgWOIC@WJ??	46	fffffffef7ff
N??CA?_ECgWOIC@WK_?	46	3fffffffffff
N??CA?_ECgWOIC@WB_?	46	3ffff7dfdf7ff
N??CA?_ECgWOIC@WKO?	46	7ffffffdffff
N??CA?_ECgWOIC@WHO?	46	fffffffdf7ff
N??CA?_ECgWOIC@WCo?	46	3fffffffffff
N??CA?_ECgWOIC@WAo?	46	3fff7fefdfeff
N??CA?_ECgWOIC@WKG?	46	fffffffdff7f
N??CA?_ECgWOIC@WEG?	46	3fffffffffff
N??CA?_ECgWOIC@WDG?	46	ffffffffe7ff
N??CA?_ECgWOIC@WCW?	46	3fffffffffff
N??CA?_ECgWOIC@W@W?	46	3fffffffffff
N??CA?_ECgWOIC@WGc?	46	3ffffffffffe1
N??CA?_ECgWOIC@WGS?	46	3ffffffffffe1
N??CA?_ECgWOIC@WCS?	46	3fffffffffff
N??CA?_ECgWOIC@W?s?	46	1ffffffffcffe
N??CA?_ECgWOIC@WCK?	46	3fffffffe777f
N??CA?_ECgWOIC@WAK?	46	3fffffffffff
N??CA?_ECgWOIC@W?k?	46	1ffffffffcffe
N??CA?_ECgWOIC@W?[?	46	1ffffffffcffe
N??CA?_ECgWOHCAWM??	46	7fffffff7fff
N??CA?_ECgWOHCAWL??	46	7ffffffffffe
N??CA?_ECgWOHCAWJ??	46	3fffffffffff
N??CA?_ECgWOHCAWF??	46	3ffff7dfdf7ff
N??CA?_ECgWOHCAWK_?	46	7ffffffeffff
N??CA?_ECgWOHCAWB_?	46	3ffff7dfdf7ff
N??CA?_ECgWOHCAWKO?	46	7ffffffeffff
N??CA?_ECgWOHCAWHO?	46	3fffffffffff
N??CA?_ECgWOHCAWDO?	46	3fffffffffff
N??CA?_ECgWOHCAWBO?	46	3fffffffffff
N??CA?_ECgWOHCAWCo?	46	fffffffdefff
N??CA?_ECgWOHCAWAo?	46	3fffffffdef7e
N??CA?_ECgWOHCAWKG?	46	7fffffffff7f
N??CA?_ECgWOHCAWEG?	46	3fffffffffff
N??CA?_ECgWOHCAWDG?	46	ffffffffe7ff
N??CA?_ECgWOHCAWCg?	46	3fffffffffff
N??CA?_ECgWOHCAWCW?	46	3fffffffffff
N??CA?_ECgWOHCAW@W?	46	3fffffffffff
N??CA?_ECgWOHCAWIC?	46	3fffffffffff
N??CA?_ECgWOHCAWGc?	46	3fffffffffff
N??CA?_ECgWOHCAWAc?	46	3fffffff0ffff
N??CA?_ECgWOHCAWGS?	46	3fffffffffff
N??CA?_ECgWOHCAWCS?	46	3fffffffffff
N??CA?_ECgWOHCAW@S?	46	3fffffffffff
N??CA?_ECgWOHCAWGK?	46	fffffffefeff
N??CA?_ECgWOHCAWCK?	46	fffffffef7ff
N??CA?_ECgWOHCAWAK?	46	3fffffffffff
N??CA?_ECgWOHCAW@K?	46	fffffffdf7ff
N??CA?_ECgWOHCAW?[?	46	3fffffffffff
N??CA?_ECgWOGSBGL??	46	7ffffffffffe
N??CA?_ECgWOGSBGJ??	46	3fffffffffff
N??CA?_ECgWOGSBGK_?	46	3fffffffffff
N??CA?_ECgWOGSBGB_?	46	3ffff7dfdf7ff
N??CA?_ECgWOGSBGKO?	46	7fffffffefff
N??CA?_ECgWOGSBGHO?	46	3fffffffffff
N??CA?_ECgWOGSBGBO?	46	3fffffffffff
N??CA?_ECgWOGSBGCo?	46	3fffffffffff
N??CA?_ECgWOGSBGAo?	46	3fffffffffff
N??CA?_ECgWOGSBGCg?	46	3fffffffffff
N??CA?_ECgWOGSBG@W?	46	3fffffffffff
N??CA?_ECgWOGSBGKC?	46	7fffffffff7f
N??CA?_ECgWOGSBGIC?	46	3fffffffffff
N??CA?_ECgWOGSBGHC?	46	7ffffffff7ff
N??CA?_ECgWOGSBGBC?	46	3fffffff0ffff
N??CA?_ECgWOGSBGGc?	46	3fffffffffff
N??CA?_ECgWOGSBGGS?	46	3fffffffffff
N??CA?_ECgWOGSBG?[?	46	3fffffffffff
N??CA?_ECgWOASHGM??	46	3fffffffffff
N??CA?_ECgWOASHGL??	46	ffffffffff7e
N??CA?_ECgWOASHGK_?	46	ffffbffbd7e7f
N??CA?_ECgWOASHGE_?	46	3faeffff75e937d2
N??CA?_ECgWOASHGKO?	46	7fbfbffbf7f7f
N??CA?_ECgWOASHGDO?	46	3fffffffffff
N??CA?_ECgWOASHGEG?	46	3fffffffffff
N??CA?_ECgWOASHGDG?	46	3ffffffffe7f9
N??CA?_ECgWOASHGCg?	46	3fffffffe6eff
N??CA?_ECgWOASHGCW?	46	3fffffffffff
N??CA?_ECgWOASHGCS?	46	37ff6fdff9f0fb52
N??CA?_ECgWOASHGCK?	46	3fffffffe777f
N??CA?_ECgWO@SIGM??	46	3fffffffffff
N??CA?_ECgWO@SIGE_?	46	3ffff7dfdf7ff
N??CA?_ECgWO@SIGKO?	46	3fffffffffff
N??CA?_ECgWO@SIGEG?	46	3fffffffffff
N??CA?_ECgWO@SIGCg?	46	3fffffffffff
N??CA?_ECgWO@SIGCW?	46	3fffffffffff
N??CA?_ECgWO@SIGCS?	46	3fffffffffff
N??CA?_ECgWO@SIGCK?	46	fffffffef7ff
N??CA?_ECgWOGKBOL??	46	7ffffffffffe
N??CA?_ECgWOGKBOK_?	46	7ffffffffffb
N??CA?_ECgWOGKBOKO?	46	fffffffff7fb
N??CA?_ECgWOGKBOCo?	46	7fffffffefff
N??CA?_ECgWOGKBOKG?	46	ffffffffff7b
N??CA?_ECgWOGKBOCW?	46	7fffffffefff
N??CA?_ECgWOGKBOKC?	46	ffffffffef7f
N??CA?_ECgWOGKBOCK?	46	fffffffef7ff
N??CA?_ECgIOi?@WK_?	46	3fffffffffff
N??CA?_ECgIOi?@WKO?	46	7ffffffff7ff
N??CA?_ECgIOi?@WHO?	46	ffffffffe7ff
N??CA?_ECgIOi?@W@o?	46	3fffffffffff
N??CA?_ECgIOi?@WDG?	46	3fffffffffff
N??CA?_ECgIOi?@WCg?	46	3fffffffffff
N??CA?_ECgIOi?@W@g?	46	3fffffffffff
N??CA?_ECgIOi?@WGW?	46	3fffffffffff
N??CA?_ECgIOi?@WCW?	46	3fffffffffff
N??CA?_ECgIOi?@W@W?	46	3fffffffffff
N??CA?_ECgIOi?@W?w?	46	3fffffffffff
N??CA?_ECgIOi?@WKC?	46	3fffffffffff
N??CA?_ECgIOi?@WHC?	46	3fffffffffff
N??CA?_ECgIOi?@WGc?	46	3fffffffffff
N??CA?_ECgIOi?@WCc?	46	3fffffffffff
N??CA?_ECgIOi?@W@c?	46	3fffffffffff
N??CA?_ECgIOi?@WGS?	46	3fffffffffff
N??CA?_ECgIOi?@WCS?	46	3fffffffffff
N??CA?_ECgIOi?@W@S?	46	3fffffffffff
N??CA?_ECgIOi?@WCK?	46	3fffffffffff
N??CA?_ECgIOi?@W@K?	46	3fffffffffff
N??CA?_ECgIOi?@W?k?	46	3fffffffffff
N??CA?_ECgIOi?@W?[?	46	3fffffffffff
N??CA?_ECgIOi?@WKA?	46	7ffffffeffff
N??CA?_ECgIOi?@WGa?	46	3fffffffffff
N??CA?_ECgIOi?@WCa?	46	3fffffffffff
N??CA?_ECgIOi?@W@a?	46	3fffffffffff
N??CA?_ECgIOi?@WCQ?	46	fffffffdefff
N??CA?_ECgIOi?@WCI?	46	3fffffffffff
N??CA?_ECgIOi?@W?i?	46	3fffffffffff
N??CA?_ECgIOi?@W@E?	46	3fffffffffff
N??CA?_ECgIOi?@W?e?	46	3fffffffffff
N??CA?_ECgIOi?@W?U?	46	3fffffffffff
N??CA?_ECgIOi?@W?M?	46	3fffffffffff
N??CA?_ECgIOY?@WT??	46	7fffffffff7f
N??CA?_ECgIOY?@WS_?	46	3fffffffffff
N??CA?_ECgIOY?@WP_?	46	3fffffffffff
N??CA?_ECgIOY?@WSO?	46	7ffffffff7ff
N??CA?_ECgIOY?@WOo?	46	3fffffffffff
N??CA?_ECgIOY?@WCo?	46	3fffffffffff
N??CA?_ECgIOY?@WSG?	46	3fffffffffff
N??CA?_ECgIOY?@WPG?	46	3fffffffffff
N??CA?_ECgIOY?@WDG?	46	3fffffffffff
N??CA?_ECgIOY?@W@g?	46	3fffffffffff
N??CA?_ECgIOY?@WOW?	46	3fffffffffff
N??CA?_ECgIOY?@WCW?	46	3fffffffffff
N??CA?_ECgIOY?@W@W?	46	3fffffffffff
N??CA?_ECgIOY?@W?w?	46	3fffffffffff
N??CA?_ECgIOY?@WSC?	46	3fffffffffff
N??CA?_ECgIOY?@WPC?	46	3fffffffffff
N??CA?_ECgIOY?@WOc?	46	3fffffffffff
N??CA?_ECgIOY?@W@c?	46	3fffffffffff
N??CA?_ECgIOY?@WOS?	46	3fffffffffff
N??CA?_ECgIOY?@WOK?	46	3fffffffffff
N??CA?_ECgIOY?@W@K?	46	3fffffffffff
N??CA?_ECgIOY?@W?[?	46	3fffffffffff
N??CA?_ECgIOY?@WSA?	46	7ffffffeffff
N??CA?_ECgIOY?@WOa?	46	3fffffffffff
N??CA?_ECgIOY?@WCa?	46	3fffffffffff
N??CA?_ECgIOY?@WCQ?	46	7ffffffdffff
N??CA?_ECgIOY?@WCI?	46	3fffffffffff
N??CA?_ECgIOY?@W?Y?	46	3fffffffffff
N??CA?_ECgIOY?@WCE?	46	3fffffffffff
N??CA?_ECgIOY?@W@E?	46	3fffffffffff
N??CA?_ECgIOY?@W?e?	46	3fffffffffff
N??CA?_ECgIOY?@W?U?	46	3fffffffffff
N??CA?_ECgIOY?@W?M?	46	3fffffffffff
N??CA?_ECgIOh?AWL??	46	3fffffffffff
N??CA?_ECgIOh?AWHO?	46	3fffffffffff
N??CA?_ECgIOh?AWDG?	46	3fffffffffff
N??CA?_ECgIOh?AWCg?	46	3fffffffffff
N??CA?_ECgIOh?AWGW?	46	3fffffffffff
N??CA?_ECgIOh?AW@W?	46	3fffffffffff
N??CA?_ECgIOh?AWHC?	46	3fffffffffff
N??CA?_ECgIOh?AWGc?	46	3fffffffffff
N??CA?_ECgIOh?AWCc?	46	3fffffffffff
N??CA?_ECgIOh?AW@c?	46	3fffffffffff
N??CA?_ECgIOh?AWGS?	46	3fffffffffff
N??CA?_ECgIOh?AW@S?	46	3fffffffffff
N??CA?_ECgIOh?AW?s?	46	3fffffffffff
N??CA?_ECgIOh?AW@K?	46	7ffffffffffb
N??CA?_ECgIOh?AW?k?	46	3fffffffffff
N??CA?_ECgIOh?AW?[?	46	3fffffffffff
N??CA?_ECgIOh?AWKA?	46	7fffffff7fff
N??CA?_ECgIOh?AWGa?	46	fffffffef7ff
N??CA?_ECgIOh?AWCa?	46	fffffffeefff
N??CA?_ECgIOh?AWGQ?	46	fffffffef7ff
N??CA?_ECgIOh?AW@Q?	46	3fffffffffff
N??CA?_ECgIOh?AWCI?	46	3fffffffffff
N??CA?_ECgIOh?AW?i?	46	3fffffffffff
N??CA?_ECgIOh?AW?e?	46	3fffffffffff
N??CA?_ECgIOh?AW?U?	46	3fffffffffff
N??CA?_ECgIOh?AW?M?	46	3fffffffffff
N??CA?_ECgIOb?IOKC?	46	3fffffffffff
N??CA?_ECgIOb?GWL??	46	3fffffffffff
N??CA?_ECgIOb?GWK_?	46	3fffffffffff
N??CA?_ECgIOb?GWKO?	46	3fffffffffff
N??CA?_ECgIOb?GWDG?	46	3fffffffffff
N??CA?_ECgIOb?GWCg?	46	3fffffffffff
N??CA?_ECgIOb?GWCW?	46	3fffffffffff
N??CA?_ECgIOb?GWDC?	46	3fffffffffff
N??CA?_ECgIOb?GWCc?	46	3fffffffffff
N??CA?_ECgIOb?GWCS?	46	3fffffffffff
N??CA?_ECgIOb?GWCa?	46	2ffeffffffefb
N??CA?_ECgIOb?GWCQ?	46	2ffeffffffefb
N??CA?_ECgIOb?GWCI?	46	3fffffffffff
N??CA?_ECgIOJ?AW[??	46	3fffffffffff
N??CA?_ECgIOJ?AWS_?	46	3fffffffffff
N??CA?_ECgIOJ?AWK_?	46	3fffffffffff
N??CA?_ECgIOJ?AWCo?	46	3fffffffffff
N??CA?_ECgIOJ?AWWG?	46	3fffffffffff
N??CA?_ECgIOJ?AWOW?	46	3fffffffffff
N??CA?_ECgIOJ?AWCW?	46	3fffffffffff
N??CA?_ECgIOJ?AW?w?	46	3fffffffffff
N??CA?_ECgIOJ?AWGS?	46	3fffffffffff
N??CA?_ECgIOJ?AWWA?	46	3fffffffffff
N??CA?_ECgIOJ?AWSA?	46	3fffffffffff
N??CA?_ECgIOJ?AWKA?	46	3fffffffffff
N??CA?_ECgIOJ?AWOQ?	46	3fffffffffff
N??CA?_ECgIOJ?AWGQ?	46	3fffffffffff
N??CA?_ECgIOJ?AWCQ?	46	3fffffffffff
N??CA?_ECgIOJ?AW?q?	46	3fffffffffff
N??CA?_ECgIOJ?AW?Y?	46	3fffffffffff
N??CA?_ECgIOJ?AW?U?	46	3fffffffffff
N??CA?_ECgIOI_@W[??	46	7ffffffff7ff
N??CA?_ECgIOI_@WX??	46	ffffffffe7ff
N??CA?_ECgIOI_@WT??	46	fffffffef7ff
N??CA?_ECgIOI_@WK_?	46	3fffffffffff
N??CA?_ECgIOI_@WP_?	46	3fffffffffff
N??CA?_ECgIOI_@WSG?	46	3fffffffffff
N??CA?_ECgIOI_@WKG?	46	3fffffffffff
N??CA?_ECgIOI_@WPG?	46	3fffffffffff
N??CA?_ECgIOI_@WDG?	46	3fffffffffff
N??CA?_ECgIOI_@WOg?	46	3fffffffffff
N??CA?_ECgIOI_@W@g?	46	3fffffffffff
N??CA?_ECgIOI_@WWC?	46	3fffffffffff
N??CA?_ECgIOI_@WSC?	46	3fffffffffff
N??CA?_ECgIOI_@WPC?	46	3fffffffffff
N??CA?_ECgIOI_@W@c?	46	3fffffffffff
N??CA?_ECgIOI_@WOK?	46	3fffffffffff
N??CA?_ECgIOI_@WGK?	46	3fffffffffff
N??CA?_ECgIOI_@W@K?	46	3fffffffffff
N??CA?_ECgIOI_@W?k?	46	3fffffffffff
N??CA?_ECgIOI_@WWA?	46	fffffffdf7ff
N??CA?_ECgIOI_@WSA?	46	fffffffdefff
N??CA?_ECgIOI_@WKA?	46	7ffffffdffff
N??CA?_ECgIOI_@WGa?	46	3fffffffffff
N??CA?_ECgIOI_@WGI?	46	3fffffffffff
N??CA?_ECgIOI_@WCI?	46	3fffffffffff
N??CA?_ECgIOI_@W@I?	46	3fffffffffff
N??CA?_ECgIOI_@WOE?	46	3fffffffffff
N??CA?_ECgIOI_@WGE?	46	3fffffffffff
N??CA?_ECgIOI_@WCE?	46	3fffffffffff
N??CA?_ECgIOI_@W@E?	46	3fffffffffff
N??CA?_ECgIOI_@W?e?	46	3fffffffffff
N??CA?_ECgIOI_@W?M?	46	3fffffffffff
N??CA?_ECgIOH_AW[??	46	fffffffff77f
N??CA?_ECgIOH_AWX??	46	3fffffffffff
N??CA?_ECgIOH_AWT??	46	3fffffffffff
N??CA?_ECgIOH_AWL??	46	3fffffffffff
N??CA?_ECgIOH_AWK_?	46	fffffffff77f
N??CA?_ECgIOH_AWKG?	46	3fffffffffff
N??CA?_ECgIOH_AWPG?	46	3fffffffffff
N??CA?_ECgIOH_AWDG?	46	3fffffffffff
N??CA?_ECgIOH_AWOg?	46	3fffffffffff
N??CA?_ECgIOH_AWCg?	46	3fffffffffff
N??CA?_ECgIOH_AW@g?	46	3fffffffffff
N??CA?_ECgIOH_AWWC?	46	3fffffffffff
N??CA?_ECgIOH_AWPC?	46	3fffffffffff
N??CA?_ECgIOH_AWHC?	46	3fffffffffff
N??CA?_ECgIOH_AWOK?	46	3fffffffffff
N??CA?_ECgIOH_AWGK?	46	3fffffffffff
N??CA?_ECgIOH_AWCK?	46	3fffffffffff
N??CA?_ECgIOH_AW@K?	46	7fffffffefff
N??CA?_ECgIOH_AWWA?	46	fffffffef7ff
N??CA?_ECgIOH_AWKA?	46	7ffffffeffff
N??CA?_ECgIOH_AWPA?	46	3fffffffffff
N??CA?_ECgIOH_AWDA?	46	3fffffffffff
N??CA?_ECgIOH_AWGa?	46	fffffffdff7f
N??CA?_ECgIOH_AWCa?	46	fffffffdfeff
N??CA?_ECgIOH_AWGI?	46	3fffffffffff
N??CA?_ECgIOH_AWCI?	46	3fffffffffff
N??CA?_ECgIOH_AW@I?	46	3fffffffffff
N??CA?_ECgIOH_AWOE?	46	3fffffffffff
N??CA?_ECgIOH_AWGE?	46	3fffffffffff
N??CA?_ECgIOH_AW@E?	46	3fffffffffff
N??CA?_ECgIOH_AW?M?	46	3fffffffffff
N??CA?_ECgIOB_GW[??	46	3fffffffffff
N??CA?_ECgIOB_GWT??	46	3bfffffbf7ffd
N??CA?_ECgIOB_GWL??	46	3fffffffffff
N??CA?_ECgIOB_GWK_?	46	3fffffffffff
N??CA?_ECgIOB_GWSG?	46	3fffffffffff
N??CA?_ECgIOB_GWDG?	46	3fffffffffff
N??CA?_ECgIOB_GWCg?	46	3fffffffffff
N??CA?_ECgIOB_GWSC?	46	3fffffffffff
N??CA?_ECgIOB_GWDC?	46	3fffffffffff
N??CA?_ECgIOB_GWSA?	46	2ffeffffffefb
N??CA?_ECgIOB_GWKA?	46	3fffffffffff
N??CA?_ECgIOB_GWCI?	46	3fffffffffff
N??CA?_ECgIOB_GWCE?	46	3fffffffffff
N??CA?_ECgIOgOQGD_?	46	3fffffffffff
N??CA?_ECgIOgOIGH_?	46	3fffffffffff
N??CA?_ECgIOgOBGL??	46	3fffffffffff
N??CA?_ECgIOgOBGK_?	46	3fffffffffff
N??CA?_ECgIOgOBGD_?	46	3fffffffffff
N??CA?_ECgIOgOBGKO?	46	fffffffff7fd
N??CA?_ECgIOgOBGHO?	46	3fffffffffff
N??CA?_ECgIOgOBGDO?	46	3fffffffffff
N??CA?_ECgIOgOBG@o?	46	3fffffffffff
N??CA?_ECgIOgOBGDG?	46	3fffffffffff
N??CA?_ECgIOgOBG@g?	46	3fffffffffff
N??CA?_ECgIOgOBGGW?	46	3ffffffffe67f
N??CA?_ECgIOgOBG@W?	46	3fffffffffff
N??CA?_ECgIOgOBGHC?	46	3fffffffffff
N??CA?_ECgIOgOBGGc?	46	3fffffffffff
N??CA?_ECgIOgOBGGS?	46	3fffffffffff
N??CA?_ECgIOgOBGCS?	46	3fffffffffff
N??CA?_ECgIOgOBG@S?	46	3fffffffffff
N??CA?_ECgIOgOBG@K?	46	3fffffffffff
N??CA?_ECgIOgOBG?k?	46	3fffffffffff
N??CA?_ECgIOgOBG?[?	46	3fffffffffff
N??CA?_ECgIOgOBGKA?	46	7ffffffffffb
N??CA?_ECgIOgOBGGa?	46	3fffffffffff
N??CA?_ECgIOgOBGCa?	46	3fffffffffff
N??CA?_ECgIOgOBGCQ?	46	7fffffffefff
N??CA?_ECgIOgOBG@Q?	46	3fffffffffff
N??CA?_ECgIOgOBG?i?	46	3fffffffffff
N??CA?_ECgIOgOBG@E?	46	3fffffffffff
N??CA?_ECgIOgOBG?e?	46	3fffffffffff
N??CA?_ECgIOgOBG?U?	46	3fffffffffff
N??CA?_ECgIOgOBG?M?	46	3fffffffffff
N??CA?_ECgIOaOHGL??	46	3fffffffffff
N??CA?_ECgIOaOHGK_?	46	3fffffffffff
N??CA?_ECgIOaOHGD_?	46	3fffffffffff
N??CA?_ECgIOaOHGKO?	46	3fffffffffff
N??CA?_ECgIOaOHGDO?	46	3fffffffffff
N??CA?_ECgIOaOHGCo?	46	3fffffffffff
N??CA?_ECgIOaOHGDG?	46	3fffffffffff
N??CA?_ECgIOaOHGCg?	46	3fffffffffff
N??CA?_ECgIOaOHGCW?	46	3fffffffffff
N??CA?_ECgIOaOHGCa?	46	3fffffffffff
N??CA?_ECgIOaOHGCQ?	46	3fffffffffff
N??CA?_ECgIOaOHGCI?	46	3fffffffffff
N??CA?_ECgIO`OIGL??	46	3fffffffffff
N??CA?_ECgIO`OIGK_?	46	3fffffff0ffff
N??CA?_ECgIO`OIGD_?	46	3fffffffffff
N??CA?_ECgIO`OIGKO?	46	3fffffff0ffff
N??CA?_ECgIO`OIGDO?	46	3fffffffffff
N??CA?_ECgIO`OIGDG?	46	3fffffffffff
N??CA?_ECgIO`OIGKC?	46	3fffffffffff
N??CA?_ECgIO`OIGCS?	46	3fffffffffff
N??CA?_ECgIO`OIGCK?	46	3fffffffffff
N??CA?_ECgIO`OIGCa?	46	3fffffffffff
N??CA?_ECgIO`OIGCQ?	46	3fffffffffff
N??CA?_ECgIO`OIGCI?	46	3fffffffffff
N??CA?_ECgIOHOAW[??	46	3fffffffffff
N??CA?_ECgIOHOAWX??	46	3fffffffffff
N??CA?_ECgIOHOAWT??	46	3fffffffffff
N??CA?_ECgIOHOAWL??	46	3fffffffffff
N??CA?_ECgIOHOAWP_?	46	3fffffffffff
N??CA?_ECgIOHOAWH_?	46	3fffffffffff
N??CA?_ECgIOHOAWD_?	46	3fffffffffff
N??CA?_ECgIOHOAWKO?	46	3fffffffffff
N??CA?_ECgIOHOAWPO?	46	3fffffffffff
N??CA?_ECgIOHOAWHO?	46	3fffffffffff
N??CA?_ECgIOHOAWDO?	46	3fffffffffff
N??CA?_ECgIOHOAWGo?	46	3fffffffffff
N??CA?_ECgIOHOAW@o?	46	3fffffffffff
N??CA?_ECgIOHOAWWC?	46	3fffffffffff
N??CA?_ECgIOHOAWSC?	46	3fffffffffff
N??CA?_ECgIOHOAWOc?	46	3fffffffffff
N??CA?_ECgIOHOAWCc?	46	3fffffffffff
N??CA?_ECgIOHOAWOS?	46	3fffffffffff
N??CA?_ECgIOHOAWGS?	46	3fffffffffff
N??CA?_ECgIOHOAWCS?	46	3fffffffffff
N??CA?_ECgIOHOAW?s?	46	3fffffffffff
N??CA?_ECgIOHOAWSA?	46	3fffffffffff
N??CA?_ECgIOHOAWKA?	46	3fffffffffff
N??CA?_ECgIOHOAWPA?	46	3fffffffffff
N??CA?_ECgIOHOAWDA?	46	3fffffffffff
N??CA?_ECgIOHOAWOa?	46	3fffffffffff
N??CA?_ECgIOHOAWCa?	46	3fffffffffff
N??CA?_ECgIOHOAWGQ?	46	3fffffffffff
N??CA?_ECgIOHOAWCQ?	46	3fffffffffff
N??CA?_ECgIOHOAWOE?	46	3fffffffffff
N??CA?_ECgIOHOAWGE?	46	3fffffffffff
N??CA?_ECgIOHOAWCE?	46	3fffffffffff
N??CA?_ECgIOHOAW?e?	46	3fffffffffff
N??CA?_ECgIOHOAW?U?	46	3fffffffffff
N??CA?_ECgIOBOGW[??	46	3fffffffffff
N??CA?_ECgIOBOGWT??	46	3fffffffffff
N??CA?_ECgIOBOGWL??	46	3fffffffffff
N??CA?_ECgIOBOGWS_?	46	3fffffffffff
N??CA?_ECgIOBOGWD_?	46	3fffffffffff
N??CA?_ECgIOBOGWKO?	46	3fffffffffff
N??CA?_ECgIOBOGWDO?	46	3fffffffffff
N??CA?_ECgIOBOGWCo?	46	3fffffffffff
N??CA?_ECgIOBOGWSC?	46	3fffffffffff
N??CA?_ECgIOBOGWCc?	46	3fffffffffff
N??CA?_ECgIOBOGWSA?	46	3fffffffffff
N??CA?_ECgIOBOGWKA?	46	3fffffffffff
N??CA?_ECgIOBOGWDA?	46	3fffffffffff
N??CA?_ECgIOBOGWCa?	46	3fffffffffff
N??CA?_ECgIOBOGWCQ?	46	3fffffffffff
N??CA?_ECgIOGoBG[??	46	fffffffff7fd
N??CA?_ECgIOGoBGX??	46	3fffffffffff
N??CA?_ECgIOGoBGT??	46	3fffffffffff
N??CA?_ECgIOGoBGL??	46	3fffffffffff
N??CA?_ECgIOGoBGP_?	46	3fffffffffff
N??CA?_ECgIOGoBGSG?	46	fffffffff77f
N??CA?_ECgIOGoBGPG?	46	3fffffffffff
N??CA?_ECgIOGoBG@g?	46	3fffffffffff
N??CA?_ECgIOGoBGWC?	46	3fffffffffff
N??CA?_ECgIOGoBGSC?	46	3fffffffffff
N??CA?_ECgIOGoBGPC?	46	3fffffffffff
N??CA?_ECgIOGoBGGc?	46	3fffffffffff
N??CA?_ECgIOGoBG@c?	46	3fffffffffff
N??CA?_ECgIOGoBGGK?	46	3fffffffffff
N??CA?_ECgIOGoBG@K?	46	3fffffffffff
N??CA?_ECgIOGoBG?k?	46	3fffffffffff
N??CA?_ECgIOGoBGSA?	46	7fffffffefff
N??CA?_ECgIOGoBGKA?	46	7fffffffefff
N??CA?_ECgIOGoBGPA?	46	3fffffffffff
N??CA?_ECgIOGoBGDA?	46	3fffffffffff
N??CA?_ECgIOGoBGGa?	46	3fffffffffff
N??CA?_ECgIOGoBGCa?	46	3fffffffffff
N??CA?_ECgIOGoBGCI?	46	7ffffffdffff
N??CA?_ECgIOGoBG@I?	46	3fffffffffff
N??CA?_ECgIOGoBGOE?	46	3fffffffffff
N??CA?_ECgIOGoBGGE?	46	3fffffffffff
N??CA?_ECgIOGoBG@E?	46	3fffffffffff
N??CA?_ECgIOGoBG?M?	46	3fffffffffff
N??CA?_ECgIOAoHG[??	46	3fffffffffff
N??CA?_ECgIOAoHGT??	46	3fffffffffff
N??CA?_ECgIOAoHGSG?	46	3fffffffffff
N??CA?_ECgIOAoHGKG?	46	3fffffffffff
N??CA?_ECgIOAoHGCg?	46	3fffffffffff
N??CA?_ECgIOAoHGCK?	46	3fffffffffff
N??CA?_ECgIOAoHGSA?	46	3fffffffffff
N??CA?_ECgIOAoHGKA?	46	3fffffffffff
N??CA?_ECgIOAoHGDA?	46	3fffffffffff
N??CA?_ECgIOAoHGCI?	46	3fffffffffff
N??CA?_ECgIOAoHGCE?	46	3fffffffffff
N??CA?_ECgIO@oIG[??	46	3fffffff0ffff
N??CA?_ECgIO@oIGT??	46	3fffffffffff
N??CA?_ECgIO@oIGD_?	46	3fffffffffff
N??CA?_ECgIO@oIGDG?	46	3fffffffffff
N??CA?_ECgIO@oIGSC?	46	3fffffffffff
N??CA?_ECgIO@oIGCK?	46	3fffffffffff
N??CA?_ECgIO@oIGSA?	46	3fffffffffff
N??CA?_ECgIO@oIGKA?	46	3fffffffffff
N??CA?_ECgIO@oIGCa?	46	3fffffffffff
N??CA?_ECgIO@oIGCI?	46	3fffffffffff
N??CA?_ECgIOgGBOL??	46	3fffffffffff
N??CA?_ECgIOgGBOK_?	46	3fffffffffff
N??CA?_ECgIOgGBOD_?	46	3fffffffffff
N??CA?_ECgIOgGBODO?	46	3fffffffffff
N??CA?_ECgIOgGBODG?	46	3fffffffffff
N??CA?_ECgIOgGBOCg?	46	3fffffffffff
N??CA?_ECgIOgGBOCW?	46	3fffffffffff
N??CA?_ECgIOgGBOKC?	46	fffffffff7fd
N??CA?_ECgIOgGBODC?	46	3fffffffffff
N??CA?_ECgIOgGBOCc?	46	3fffffffffff
N??CA?_ECgIOgGBODA?	46	3fffffffffff
N??CA?_ECgIOgGBOCa?	46	3fffffffffff
N??CA?_ECgIOgGBOCQ?	46	ffffffffe7ff
N??CA?_ECgIOgGBOCI?	46	3fffffffffff
N??CA?_ECgIOWGBOT??	46	3fffffffffff
N??CA?_ECgIOWGBOS_?	46	3fffffffffff
N??CA?_ECgIOWGBOD_?	46	3fffffffffff
N??CA?_ECgIOWGBOCo?	46	3fffffffffff
N??CA?_ECgIOWGBODG?	46	3fffffffffff
N??CA?_ECgIOWGBOCW?	46	3fffffffffff
N??CA?_ECgIOWGBODC?	46	3fffffffffff
N??CA?_ECgIOWGBOCc?	46	3fffffffffff
N??CA?_ECgIOWGBOSA?	46	7ffffffffffd
N??CA?_ECgIOWGBODA?	46	3fffffffffff
N??CA?_ECgIOWGBOCa?	46	3fffffffffff
N??CA?_ECgIOWGBOCQ?	46	7ffffffff7ff
N??CA?_ECgIOWGBOCI?	46	3fffffffffff
N??CA?_ECgIOGgBO[??	46	fffffffff7fe
N??CA?_ECgIOGgBOT??	46	3fffffffffff
N??CA?_ECgIOGgBOD_?	46	3fffffffffff
N??CA?_ECgIOGgBODG?	46	3fffffffffff
N??CA?_ECgIOGgBOCg?	46	3fffffffffff
N??CA?_ECgIOGgBODC?	46	3fffffffffff
N??CA?_ECgIOGgBOCK?	46	3fffffffffff
N??CA?_ECgIOGgBOSA?	46	ffffffffe7ff
N??CA?_ECgIOGgBOKA?	46	7ffffffff7ff
N??CA?_ECgIOGgBODA?	46	3fffffffffff
N??CA?_ECgIOGgBOCa?	46	3fffffffffff
N??CA?_ECgIOGgBOCI?	46	3fffffffffff
N??CA?_ECgIOGSBG[??	46	7ffffffffffb
N??CA?_ECgIOGSBGX??	46	3fffffffffff
N??CA?_ECgIOGSBGT??	46	3fffffffffff
N??CA?_ECgIOGSBGL??	46	3fffffffffff
N??CA?_ECgIOGSBGW_?	46	3fffffffffff
N??CA?_ECgIOGSBGS_?	46	3fffffffffff
N??CA?_ECgIOGSBGK_?	46	3fffffffffff
N??CA?_ECgIOGSBGD_?	46	3fffffffffff
N??CA?_ECgIOGSBGKO?	46	7fffffffefff
N??CA?_ECgIOGSBGPO?	46	3fffffffffff
N??CA?_ECgIOGSBGHO?	46	3fffffffffff
N??CA?_ECgIOGSBGDO?	46	3fffffffffff
N??CA?_ECgIOGSBGCo?	46	3fffffffffff
N??CA?_ECgIOGSBG@o?	46	3fffffffffff
N??CA?_ECgIOGSBGSG?	46	7fffffffefff
N??CA?_ECgIOGSBGPG?	46	3fffffffffff
N??CA?_ECgIOGSBGOg?	46	3fffffffffff
N??CA?_ECgIOGSBG@W?	46	3fffffffffff
N??CA?_ECgIOGSBGWC?	46	3fffffffffff
N??CA?_ECgIOGSBGKC?	46	3fffffffffff
N??CA?_ECgIOGSBGPC?	46	3fffffffffff
N??CA?_ECgIOGSBGHC?	46	3fffffffffff
N??CA?_ECgIOGSBGDC?	46	3fffffffffff
N??CA?_ECgIOGSBGOc?	46	3fffffffffff
N??CA?_ECgIOGSBGGc?	46	3fffffffffff
N??CA?_ECgIOGSBGGS?	46	3fffffffffff
N??CA?_ECgIOGSBG@S?	46	3fffffffffff
N??CA?_ECgIOGSBGOK?	46	3fffffffffff
N??CA?_ECgIOGSBGGK?	46	3fffffffffff
N??CA?_ECgIOGSBG@K?	46	3fffffffffff
N??CA?_ECgIOGSBG?k?	46	3fffffffffff
N??CA?_ECgIOGSBG?[?	46	3fffffffffff
N??CA?_ECgIOGKBO[??	46	7ffffffffffd
N??CA?_ECgIOGKBOT??	46	3fffffffffff
N??CA?_ECgIOGKBOL??	46	3fffffffffff
N??CA?_ECgIOGKBOS_?	46	3fffffffffff
N??CA?_ECgIOGKBOK_?	46	3fffffffffff
N??CA?_ECgIOGKBOD_?	46	3fffffffffff
N??CA?_ECgIOGKBOKO?	46	7ffffffff7ff
N??CA?_ECgIOGKBODO?	46	3fffffffffff
N??CA?_ECgIOGKBOCo?	46	3fffffffffff
N??CA?_ECgIOGKBOSG?	46	3fffffffffff
N??CA?_ECgIOGKBODG?	46	3fffffffffff
N??CA?_ECgIOGKBOCg?	46	3fffffffffff
N??CA?_ECgIOGKBOCW?	46	3fffffffffff
N??CA?_ECgIOGKBOKC?	46	7fffffffefff
N??CA?_ECgIOGKBOCc?	46	3fffffffffff
N??CA?_ECgIOGKBOCS?	46	fffffffdff7f
N??CA?_ECgIOGKBOCK?	46	3fffffffffff
N??CA?_ECgPO[?@WK_?	46	3ffffbbfeefff
N??CA?_ECgPO[?@WH_?	46	3fffffffffff
N??CA?_ECgPO[?@WKO?	46	7ffffffff7ff
N??CA?_ECgPO[?@WHO?	46	ffffffffe7ff
N??CA?_ECgPO[?@WKG?	46	3ffffdefdefff
N??CA?_ECgPO[?@WHG?	46	3fffffffffff
N??CA?_ECgPO[?@WDG?	46	3fffffffffff
N??CA?_ECgPO[?@WCg?	46	3fff7fefdfeff
N??CA?_ECgPO[?@W@g?	46	3fffffffffff
N??CA?_ECgPO[?@WGW?	46	3fffffffffff
N??CA?_ECgPO[?@WCW?	46	3fffffffffff
N??CA?_ECgPO[?@W@W?	46	3fffffffffff
N??CA?_ECgPO[?@W@K?	46	3fffffffffff
N??CA?_ECgPO[?@W?k?	46	3ffffffe67fff
N??CA?_ECgPO[?@W?[?	46	3fffffffffff
N??CA?_ECgPO[?@WKA?	46	7ffffffeffff
N??CA?_ECgPO[?@WHA?	46	fffffffef7ff
N??CA?_ECgPO[?@WGa?	46	3fffffffffff
N??CA?_ECgPO[?@WGQ?	46	fffffffdf7ff
N??CA?_ECgPO[?@W@Q?	46	3fffffffdef7e
N??CA?_ECgPO[?@WCI?	46	3fffffffffff
N??CA?_ECgPO[?@W@I?	46	3fffffffffff
N??CA?_ECgPO[?@W?i?	46	3fffffffffff
N??CA?_ECgPO[?@W?M?	46	3fffffffffff
N??CA?_ECgPOY?@WM??	46	7fffffffff7f
N??CA?_ECgPOY?@WI_?	46	3fffffffffff
N??CA?_ECgPOY?@WKO?	46	7ffffffff7ff
N??CA?_ECgPOY?@WIO?	46	ffffffffe7ff
N??CA?_ECgPOY?@WKG?	46	3fffffffdf6fe
N??CA?_ECgPOY?@WIG?	46	3fffffffffff
N??CA?_ECgPOY?@WEG?	46	3fffffffffff
N??CA?_ECgPOY?@WCg?	46	7fffffffefff
N??CA?_ECgPOY?@WAg?	46	3fffffffffff
N??CA?_ECgPOY?@WCW?	46	3fffffffffff
N??CA?_ECgPOY?@WAW?	46	3fffffffffff
N??CA?_ECgPOY?@WAK?	46	3fffffffffff
N??CA?_ECgPOY?@W?k?	46	7ffffffdffff
N??CA?_ECgPOY?@W?[?	46	3fffffffffff
N??CA?_ECgPOY?@WKA?	46	fffffffefffe
N??CA?_ECgPOY?@WIA?	46	fffffffef7ff
N??CA?_ECgPOY?@WGa?	46	3fffffffffff
N??CA?_ECgPOY?@WGQ?	46	fffffffdf7ff
N??CA?_ECgPOY?@WAQ?	46	3fffffffdef7e
N??CA?_ECgPOY?@WAI?	46	3fffffffffff
N??CA?_ECgPOY?@W?i?	46	3fffffffffff
N??CA?_ECgPOY?@W?Y?	46	3fffffffffff
N??CA?_ECgPOY?@W?M?	46	7ffffffdffff
N??CA?_ECgPOX?OWF??	46	3fffffffffff
N??CA?_ECgPOX?OWEO?	46	3fffffffffff
N??CA?_ECgPOX?OWDO?	46	3fffffffffff
N??CA?_ECgPOX?OWBG?	46	3fffffffffff
N??CA?_ECgPOX?OWBC?	46	7ffffffffffd
N??CA?_ECgPOX?OW@c?	46	7fffffffefff
N??CA?_ECgPOX?OW@S?	46	7fffffffff7f
N??CA?_ECgPOX?OWEA?	46	3fffffffffff
N??CA?_ECgPOX?OWCQ?	46	3fffffffffff
N??CA?_ECgPOX?OW?Y?	46	3fffffffffff
N??CA?_ECgPOX?@WL??	46	7ffffffffffb
N??CA?_ECgPOX?@WJ??	46	3fffffffffff
N??CA?_ECgPOX?@WKO?	46	3ffffffffffcc
N??CA?_ECgPOX?@WDG?	46	7fffffffefff
N??CA?_ECgPOX?@WIA?	46	3fffffffffff
N??CA?_ECgPOX?@WHA?	46	3fffffffffff
N??CA?_ECgPOW_@WJ??	46	ffffffffe7ff
N??CA?_ECgPOW_@WB_?	46	3fffffffcfefb
N??CA?_ECgPOW_@WEG?	46	3fffffffffff
N??CA?_ECgPOW_@WDG?	46	3fffffffffff
N??CA?_ECgPOW_@WBG?	46	3fffffffffff
N??CA?_ECgPOW_@WCg?	46	1ffffffffb7fe
N??CA?_ECgPOW_@WAK?	46	3fffffffffff
N??CA?_ECgPOW_@W@K?	46	3fffffffffff
N??CA?_ECgPOW_@W?k?	46	3ffdf7ffff77f
N??CA?_ECgPOW_@WIA?	46	fffffffdf7ff
N??CA?_ECgPOW_@WHA?	46	fffffffdf7ff
N??CA?_ECgPOW_@WBA?	46	3fffffffdef7e
N??CA?_ECgPOW_@WCI?	46	3fffffffffff
N??CA?_ECgPOW_@W@I?	46	3fffffffffff
N??CA?_ECgPOW_@W?M?	46	3fffffffffff
N??CA?_ECgPOP_GWM??	46	3fffffffffff
N??CA?_ECgPOP_GWL??	46	3fffffffffff
N??CA?_ECgPOP_GWF??	46	3bfffffbf7ffd
N??CA?_ECgPOP_GWK_?	46	3ffffffffffcc
N??CA?_ECgPOP_GWEG?	46	3fffffffffff
N??CA?_ECgPOP_GWDG?	46	3fffffffffff
N??CA?_ECgPOP_GWCg?	46	1ffffffffb7fe
N??CA?_ECgPOP_GWEA?	46	2ffeffffffefb
N??CA?_ECgPOP_GWDA?	46	2ffeffffffefb
N??CA?_ECgPOP_GWCI?	46	ffffffffe7ff
N??CA?_ECgPOP_GWCE?	46	ffffffffe7ff
N??CA?_ECgPOSOWGD_?	46	3fffffffffff
N??CA?_ECgPOSOHGL??	46	3fffffffffff
N??CA?_ECgPOSOHGK_?	46	7ff7fbbfeefff
N??CA?_ECgPOSOHGKO?	46	3fffffffffff
N??CA?_ECgPOSOHGKG?	46	3ffffdefdefff
N??CA?_ECgPOSOHGKC?	46	3ffffdefdefff
N??CA?_ECgPOQOWGE_?	46	ffffffffeffb
N??CA?_ECgPOQOKGK_?	46	ffffffffef7f
N??CA?_ECgPOQOHGM??	46	7fffffffefff
N??CA?_ECgPOQOHGK_?	46	3ffffffffe7f9
N??CA?_ECgPOQOHGKO?	46	3fffffffffff
N??CA?_ECgPOQOHGKG?	46	3fffffffdf6fe
N??CA?_ECgPOQOHGKC?	46	3fffffffdf6fe
N??CA?_ECgPOPOWGF??	46	3bfffffbf7ffd
N??CA?_ECgPOPOWGD_?	46	7ffffffffffb
N??CA?_ECgPOPOWGDO?	46	1ffffff7efffd
N??CA?_ECgPOPOWGCS?	46	3ffffffffffcc
N??CA?_ECgPOPOHGL??	46	7ffffffffffb
N??CA?_ECgPOOoHGM??	46	3fffffffffff
N??CA?_ECgPOOoHGL??	46	3fffffffffff
N??CA?_ECgPOOoHGK_?	46	3ffffffffffcc
N??CA?_ECgPOOoHGKC?	46	3ffffffffffcc
N??CA?_ECgPOWC@WJ??	46	fffffffef7ff
N??CA?_ECgPOWC@WK_?	46	7ffffffffffe
N??CA?_ECgPOWC@WI_?	46	3fffffffffff
N??CA?_ECgPOWC@WKO?	46	7ffffffdffff
N??CA?_ECgPOWC@WHO?	46	fffffffdf7ff
N??CA?_ECgPOWC@WBO?	46	3fffffffdef7e
N??CA?_ECgPOWC@WKG?	46	3fffffffffe79
N??CA?_ECgPOWC@WBG?	46	3fffffffffff
N??CA?_ECgPOWC@WGW?	46	3fffffffffff
N??CA?_ECgPOWC@WCW?	46	3fffffffffff
N??CA?_ECgPOWC@W@W?	46	3fffffffffff
N??CA?_ECgPOWC@WAK?	46	3fffffffffff
N??CA?_ECgPOWC@W?k?	46	7ffffffdffff
N??CA?_ECgPOWC@W?[?	46	3fffffffffff
N??CA?_ECgPOPCGWM??	46	3fffffffffff
N??CA?_ECgPOPCGWF??	46	2ffeffffffefb
N??CA?_ECgPOPCGWK_?	46	7ffffffffffe
N??CA?_ECgPOPCGWKO?	46	3fffffffffff
N??CA?_ECgPOPCGWDO?	46	2ffeffffffefb
N??CA?_ECgPOPCGWCg?	46	7ffffffff7ff
N??CA?_ECgPOPCGWCW?	46	3fffffffffff
N??CA?_ECgPOPCGWCS?	46	3fffffffffff
N??CA?_ECgPOOSHGKO?	46	7ffffffffffd
N??CA?_ECgPOOSHGKG?	46	3fffffffffe79
N??CA?_ECgPOOSHGKC?	46	3fffffffffe79
N??CA?_ECgBOw?@WH_?	46	3fffffffffff
N??CA?_ECgBOw?@WHG?	46	3fffffffffff
N??CA?_ECgBOw?@WDG?	46	3fffffffffff
N??CA?_ECgBOw?@WGg?	46	3fffffffffff
N??CA?_ECgBOw?@WCg?	46	3fffffffffff
N??CA?_ECgBOw?@W@g?	46	3fffffffffff
N??CA?_ECgBOw?@WGW?	46	3fffffffffff
N??CA?_ECgBOw?@WCW?	46	3fffffffffff
N??CA?_ECgBOw?@W@K?	46	3fffffffffff
N??CA?_ECgBOw?@W?k?	46	3fffffffffff
N??CA?_ECgBOw?@W?[?	46	3fffffffffff
N??CA?_ECgBOw?@WGa?	46	3fffffffffff
N??CA?_ECgBOw?@WCI?	46	3fffffffffff
N??CA?_ECgBOw?@W?i?	46	3fffffffffff
N??CA?_ECgBOw?@W?M?	46	3fffffffffff
N??CA?_ECgBOY?_WCg?	46	3fffffffffff
N??CA?_ECgBOY?@W[??	46	7fffffffff7f
N??CA?_ECgBOY?@WKO?	46	7ffffffff7ff
N??CA?_ECgBOY?@WWG?	46	3fffffffffff
N??CA?_ECgBOY?@WSG?	46	3fffffffffff
N??CA?_ECgBOY?@WGg?	46	3fffffffffff
N??CA?_ECgBOY?@WCg?	46	3fffffffffff
N??CA?_ECgBOY?@WCW?	46	3fffffffffff
N??CA?_ECgBOY?@WOK?	46	3fffffffffff
N??CA?_ECgBOY?@W?k?	46	3fffffffffff
N??CA?_ECgBOY?@W?[?	46	3fffffffffff
N??CA?_ECgBOY?@WKA?	46	7ffffffeffff
N??CA?_ECgBOY?@WOQ?	46	3fffffffdef7e
N??CA?_ECgBOY?@WGQ?	46	fffffffdff7f
N??CA?_ECgBOY?@WCI?	46	3fffffffffff
N??CA?_ECgBOY?@W?Y?	46	3fffffffffff
N??CA?_ECgBOY?@W?M?	46	3fffffffffff
N??CA?_ECgBOp?IOKC?	46	3fffffffffff
N??CA?_ECgBOp?GWL??	46	3fffffffffff
N??CA?_ECgBOp?GWK_?	46	3fffffffffff
N??CA?_ECgBOp?GWD_?	46	3bfffffbf7ffd
N??CA?_ECgBOp?GWDG?	46	3fffffffffff
N??CA?_ECgBOp?GWCg?	46	3fffffffffff
N??CA?_ECgBOp?GWCW?	46	3fffffffffff
N??CA?_ECgBOp?GWDC?	46	3fffffffffff
N??CA?_ECgBOp?GWCc?	46	3fffffffffff
N??CA?_ECgBOp?GWCS?	46	3fffffffffff
N??CA?_ECgBOp?GWKA?	46	3fffffffffff
N??CA?_ECgBOp?GWCa?	46	2ffeffffffefb
N??CA?_ECgBOp?GWCI?	46	3fffffffffff
N??CA?_ECgBOR?GW[??	46	3fffffffffff
N??CA?_ECgBOR?GWK_?	46	3fffffffffff
N??CA?_ECgBOR?GWKO?	46	3fffffffffff
N??CA?_ECgBOR?GWSG?	46	3fffffffffff
N??CA?_ECgBOR?GWCg?	46	3fffffffffff
N??CA?_ECgBOR?GWSC?	46	3fffffffffff
N??CA?_ECgBOR?GWCc?	46	3fffffffffff
N??CA?_ECgBOR?GWKA?	46	3fffffffffff
N??CA?_ECgBOR?GWCQ?	46	37fffbfffeffb
N??CA?_ECgBOR?GWCI?	46	3fffffffffff
N??CA?_ECgBOW_@W[??	46	7ffffffff7ff
N??CA?_ECgBOW_@WWG?	46	3fffffffffff
N??CA?_ECgBOW_@WSG?	46	3fffffffffff
N??CA?_ECgBOW_@WCg?	46	3fffffffffff
N??CA?_ECgBOW_@WOK?	46	3fffffffffff
N??CA?_ECgBOW_@W@K?	46	3fffffffffff
N??CA?_ECgBOW_@W?k?	46	3fffffffffff
N??CA?_ECgBOW_@WKA?	46	7ffffffdffff
N??CA?_ECgBOW_@WPA?	46	3fffffffdef7e
N??CA?_ECgBOW_@WHA?	46	fffffffdff7f
N??CA?_ECgBOW_@WCI?	46	3fffffffffff
N??CA?_ECgBOW_@W@I?	46	3fffffffffff
N??CA?_ECgBOW_@W?M?	46	3fffffffffff
N??CA?_ECgBOP_GW[??	46	3fffffffffff
N??CA?_ECgBOP_GWK_?	46	3fffffffffff
N??CA?_ECgBOP_GWSG?	46	3fffffffffff
N??CA?_ECgBOP_GWDG?	46	3fffffffffff
N??CA?_ECgBOP_GWCg?	46	3fffffffffff
N??CA?_ECgBOP_GWSC?	46	3fffffffffff
N??CA?_ECgBOP_GWKA?	46	3fffffffffff
N??CA?_ECgBOP_GWDA?	46	37fffbfffeffb
N??CA?_ECgBOP_GWCI?	46	3fffffffffff
N??CA?_ECgBOoOHGL??	46	3fffffffffff
N??CA?_ECgBOoOHGK_?	46	3fffffffffff
N??CA?_ECgBOoOHGKC?	46	3fffffffffff
N??CA?_ECgBOoOHGKA?	46	3fffffffffff
N??CA?_ECgBOQOWGS_?	46	3fffffffffff
N??CA?_ECgBOQOHG[??	46	3fffffffffff
N??CA?_ECgBOQOHGK_?	46	3fffffffffff
N??CA?_ECgBOQOHGKO?	46	3fffffffffff
N??CA?_ECgBOQOHGKA?	46	3fffffffffff
N??CA?_ECgBOOoHG[??	46	3fffffffffff
N??CA?_ECgBOOoHGK_?	46	7fffffffff7f
N??CA?_ECgBOOoHGKA?	46	3fffffffffff
N??CA?_ECgBOWC@W[??	46	7ffffffeffff
N??CA?_ECgBOWC@WW_?	46	3fffffffffff
N??CA?_ECgBOWC@WP_?	46	3fffffffdef7e
N??CA?_ECgBOWC@WHO?	46	fffffffdff7f
N??CA?_ECgBOWC@WSG?	46	3fffffffffff
N??CA?_ECgBOWC@WDG?	46	3fffffffffff
N??CA?_ECgBOWC@WOg?	46	3fffffffffff
N??CA?_ECgBOWC@WGg?	46	3fffffffffff
N??CA?_ECgBOWC@WCg?	46	3fffffffffff
N??CA?_ECgBOWC@WCW?	46	3fffffffffff
N??CA?_ECgBOWC@W@W?	46	3fffffffffff
N??CA?_ECgBOWC@WOK?	46	3fffffffffff
N??CA?_ECgBOWC@W@K?	46	3fffffffffff
N??CA?_ECgBOWC@W?k?	46	3fffffffffff
N??CA?_ECgBOWC@W?[?	46	3fffffffffff
N??CA?_ECgBOPCGW[??	46	3fffffffffff
N??CA?_ECgBOPCGWL??	46	3fffffffffff
N??CA?_ECgBOPCGWS_?	46	2ffeffffffefb
N??CA?_ECgBOPCGWK_?	46	3fffffffffff
N??CA?_ECgBOPCGWKO?	46	3fffffffffff
N??CA?_ECgBOPCGWDO?	46	37fffbfffeffb
N??CA?_ECgBOPCGWSG?	46	3fffffffffff
N??CA?_ECgBOPCGWDG?	46	3fffffffffff
N??CA?_ECgBOPCGWCg?	46	3fffffffffff
N??CA?_ECgBOPCGWCW?	46	3fffffffffff
N??CA?_ECgBOPCGWCc?	46	3fffffffffff
N??CA?_ECgBOOSHG[??	46	3fffffffffff
N??CA?_ECgBOOSHGL??	46	3fffffffffff
N??CA?_ECgBOOSHGK_?	46	3fffffffffff
N??CA?_ECgBOOSHGKO?	46	3fffffffffff
N??CA?_ECgBOOSHGKG?	46	3fffffffffff
N??CA?_ECgGoHOQGR??	46	3fffffffffff
N??CA?_ECgGoHOQGF??	46	3fffffffffff
N??CA?_ECgGoHOQGBO?	46	3fffffffffff
N??CA?_ECgGoHOQGSG?	46	3ffffffffffcc
N??CA?_ECgGoHOQGBG?	46	3fffffffffff
N??CA?_ECgGoHOQGCW?	46	1ffffffffb7fe
N??CA?_ECgGoHOQGQC?	46	3fffffffffff
N??CA?_ECgGoHOQGPC?	46	3fffffffffff
N??CA?_ECgGoHOQGOS?	46	1ffffffffb7fe
N??CA?_ECgGoHOQG@K?	46	3fffffffffff
N??CA?_ECgGoHOQG?[?	46	3ffdf7ffff77f
N??CA?_ECgGoHOQGQA?	46	3fffffffffff
N??CA?_ECgGoHOQGEA?	46	3fffffffffff
N??CA?_ECgGoHOQGPA?	46	3fffffffffff
N??CA?_ECgGoHOQG@Q?	46	3fffffffffff
N??CA?_ECgGoHOQGAE?	46	3fffffffffff
N??CA?_ECgGoHOQG@E?	46	3fffffffffff
N??CA?_ECgGoHOEG[??	46	3fffffffffff
N??CA?_ECgGoHOEGX??	46	3fffffffffff
N??CA?_ECgGoHOEGT??	46	3fffffffffff
N??CA?_ECgGoHOEGL??	46	3fffffffffff
N??CA?_ECgGoHOEGKO?	46	3fffffffffff
N??CA?_ECgGoHOEGPO?	46	3fffffffffff
N??CA?_ECgGoHOEGHO?	46	3fffffffffff
N??CA?_ECgGoHOEGDO?	46	3fffffffffff
N??CA?_ECgGoHOEGSG?	46	3fffffffffff
N??CA?_ECgGoHOEGPG?	46	3fffffffffff
N??CA?_ECgGoHOEGHG?	46	3fffffffffff
N??CA?_ECgGoHOEGDG?	46	3fffffffffff
N??CA?_ECgGoHOEGOW?	46	7fffaffbf7f7f
N??CA?_ECgGoHOEGCW?	46	3fffffffffff
N??CA?_ECgGoHOEG@W?	46	3fffffffffff
N??CA?_ECgGoHOEGWC?	46	3fffffffffff
N??CA?_ECgGoHOEGPC?	46	3fffffffffff
N??CA?_ECgGoHOEGHC?	46	3fffffffffff
N??CA?_ECgGoHOEGGS?	46	3fffffffffff
N??CA?_ECgGoHOEG@S?	46	3fffffffffff
N??CA?_ECgGoHOEGOK?	46	3fffffffffff
N??CA?_ECgGoHOEG?[?	46	3fffffffffff
N??CA?_ECgGoHOEGWA?	46	3fffffffffff
N??CA?_ECgGoHOEGSA?	46	3fffffffffff
N??CA?_ECgGoHOEGKA?	46	3fffffffffff
N??CA?_ECgGoHOEGDA?	46	3fffffffffff
N??CA?_ECgGoHOEGGQ?	46	3fffffffffff
N??CA?_ECgGoHOEGCQ?	46	3fffffffffff
N??CA?_ECgGoHOEG@Q?	46	3fffffffffff
N??CA?_ECgGoHOEGOI?	46	3fffffffffff
N??CA?_ECgGoHOEGCI?	46	3fffffffffff
N??CA?_ECgGoHOEG?Y?	46	3fffffffffff
N??CA?_ECgGoHOEGOE?	46	3fffffffffff
N??CA?_ECgGoHOEGGE?	46	3fffffffffff
N??CA?_ECgGoHOEG?M?	46	3fffffffffff
N??CA?_ECgGoHOAW[??	46	3ffffffffffcc
N??CA?_ECgGoHOAWR??	46	3fffffffffff
N??CA?_ECgGoHOAWJ??	46	3fffffffffff
N??CA?_ECgGoHOAWF??	46	3fffffffffff
N??CA?_ECgGoHOAWKO?	46	1ffffffffb7fe
N??CA?_ECgGoHOAWBO?	46	3fffffffffff
N??CA?_ECgGoHOAWSC?	46	1ffffffffb7fe
N??CA?_ECgGoHOAWQC?	46	3fffffffffff
N??CA?_ECgGoHOAWBC?	46	3fffffffffff
N??CA?_ECgGoHOAWGS?	46	3ffdf7ffff77f
N??CA?_ECgGoHOAWSA?	46	3fffffffffff
N??CA?_ECgGoHOAWQA?	46	3fffffffffff
N??CA?_ECgGoHOAWEA?	46	3fffffffffff
N??CA?_ECgGoHOAWPA?	46	3fffffffffff
N??CA?_ECgGoHOAW@Q?	46	3fffffffffff
N??CA?_ECgGoHOAWOE?	46	3fffffffffff
N??CA?_ECgGoHOAWAE?	46	3fffffffffff
N??CA?_ECgGoHGEO[??	46	3fffffffffff
N??CA?_ECgGoHGEOT??	46	3fffffffffff
N??CA?_ECgGoHGEOL??	46	3fffffffffff
N??CA?_ECgGoHGEOKO?	46	3fffffffffff
N??CA?_ECgGoHGEODO?	46	3fffffffffff
N??CA?_ECgGoHGEOSG?	46	3fffffffffff
N??CA?_ECgGoHGEOCW?	46	3fffffffffff
N??CA?_ECgGoHGEODC?	46	3fffffffffff
N??CA?_ECgGoHGEOSA?	46	3fffffffffff
N??CA?_ECgGoHGEOKA?	46	3fffffffffff
N??CA?_ECgGoHGEOCQ?	46	3fffffffffff
N??CA?_ECgGoHGEOCI?	46	3fffffffffff
N??CA?_ECgAow?AWL??	46	3fffffffffff
N??CA?_ECgAow?AWKO?	46	fffffffff77f
N??CA?_ECgAow?AWHO?	46	3fffffffffff
N??CA?_ECgAow?AW@o?	46	3fffffffcfefb
N??CA?_ECgAow?AWHG?	46	3fffffffffff
N??CA?_ECgAow?AWDG?	46	3fffffffffff
N??CA?_ECgAow?AWCg?	46	3fffffffffff
N??CA?_ECgAow?AW@W?	46	3fffffffffff
N??CA?_ECgAow?AWGK?	46	3ffeff7ff7eff
N??CA?_ECgAow?AW@K?	46	7ffffffffffb
N??CA?_ECgAow?AW?k?	46	3fffffffffff
N??CA?_ECgAow?AW?[?	46	3fffffffffff
N??CA?_ECgAow?AWGa?	46	fffffffef7ff
N??CA?_ECgAow?AWCI?	46	3fffffffffff
N??CA?_ECgAow?AW?i?	46	3fffffffffff
N??CA?_ECgAow?AW?M?	46	7ffffffffffe
N??CA?_ECgAoq?GWL??	46	3fffffffffff
N??CA?_ECgAoq?GWK_?	46	3fffffffffff
N??CA?_ECgAoq?GWKO?	46	3fffffffffff
N??CA?_ECgAoq?GWDO?	46	3bfffffbf7ffd
N??CA?_ECgAoq?GWDG?	46	3fffffffffff
N??CA?_ECgAoq?GWCg?	46	3fffffffffff
N??CA?_ECgAoq?GWCW?	46	3fffffffffff
N??CA?_ECgAoq?GWDC?	46	3fffffffffff
N??CA?_ECgAoq?GWKA?	46	3fffffffffff
N??CA?_ECgAoq?GWCa?	46	2ffeffffffefb
N??CA?_ECgAoq?GWCI?	46	7ffffffffffb
N??CA?_ECgAoY?AWWG?	46	3fffffffffff
N??CA?_ECgAoY?AWSG?	46	3fffffffffff
N??CA?_ECgAoY?AWCg?	46	3fffffffffff
N??CA?_ECgAoY?AWWA?	46	3fffffffffff
N??CA?_ECgAoX?AW[??	46	fffffffff77f
N??CA?_ECgAoX?AWX??	46	3fffffffffff
N??CA?_ECgAoX?AWL??	46	3fffffffffff
N??CA?_ECgAoX?AWPO?	46	3fffffffcfefb
N??CA?_ECgAoX?AWWG?	46	3fffffffffff
N??CA?_ECgAoX?AWSG?	46	3fffffffffff
N??CA?_ECgAoX?AWPG?	46	3fffffffffff
N??CA?_ECgAoX?AWHG?	46	3fffffffffff
N??CA?_ECgAoX?AWDG?	46	3fffffffffff
N??CA?_ECgAoX?AWOK?	46	3fffffffffff
N??CA?_ECgAoX?AW@K?	46	7fffffffefff
N??CA?_ECgAoX?AWWA?	46	fffffffef7ff
N??CA?_ECgAoX?AWKA?	46	7ffffffeffff
N??CA?_ECgAoX?AWOI?	46	3fffffffffff
N??CA?_ECgAoX?AWCI?	46	3fffffffffff
N??CA?_ECgAoX?AW?M?	46	7ffffffff7ff
N??CA?_ECgAoR?GW[??	46	3fffffffffff
N??CA?_ECgAoR?GWT??	46	3bfffffbf7ffd
N??CA?_ECgAoR?GWL??	46	3fffffffffff
N??CA?_ECgAoR?GWSG?	46	3fffffffffff
N??CA?_ECgAoR?GWDG?	46	3fffffffffff
N??CA?_ECgAoR?GWDC?	46	3fffffffffff
N??CA?_ECgAoR?GWSA?	46	2ffeffffffefb
N??CA?_ECgAoR?GWKA?	46	3fffffffffff
N??CA?_ECgAoR?GWCI?	46	7fffffffefff
N??CA?_ECgAooOIGL??	46	3fff7dfffeeff
N??CA?_ECgAooOIGK_?	46	3fffffff0ffff
N??CA?_ECgAooOIGKC?	46	3fffffff0ffff
N??CA?_ECgAooOIGKA?	46	3fffffffffff
N??CA?_ECgAoWOQGT??	46	3fffffffffff
N??CA?_ECgAoWOQGS_?	46	ffffffffff74c
N??CA?_ECgAoWOQGD_?	46	3fffffffffff
N??CA?_ECgAoWOQGSG?	46	3fffffff0ffff
N??CA?_ECgAoWOQGPG?	46	3fffffffffff
N??CA?_ECgAoWOQG@g?	46	3fffffffffff
N??CA?_ECgAoWOQGSC?	46	3fffffff0ffff
N??CA?_ECgAoWOQGOc?	46	3fdffffffb7fe
N??CA?_ECgAoWOQGOS?	46	3fdffffffb7fe
N??CA?_ECgAoWOQGOK?	46	3ffeff7ff7eff
N??CA?_ECgAoWOQG?k?	46	37ffffbfefffb
N??CA?_ECgAoWOQGSA?	46	7fffffff7fff
N??CA?_ECgAoWOQGCa?	46	7ffffffeffff
N??CA?_ECgAoWOQGOI?	46	3fffffffffff
N??CA?_ECgAoWOQGOE?	46	3fffffffffff
N??CA?_ECgAoWOQG?e?	46	3fffffffffff
N??CA?_ECgAoQOWGT??	46	3fffffffffff
N??CA?_ECgAoQOWGS_?	46	3defbfffdea94fcc
N??CA?_ECgAoQOWGD_?	46	3fffffffffff
N??CA?_ECgAoQOWGSG?	46	3fffffff0ffff
N??CA?_ECgAoQOWGSC?	46	3fffffff0ffff
N??CA?_ECgAoQOWGSA?	46	2ffeffffffefb
N??CA?_ECgAoQOWGCa?	46	37fffbfffeffb
N??CA?_ECgAoQOIG[??	46	7ffffffdffff
N??CA?_ECgAoQOIGK_?	46	7ffffffdffff
N??CA?_ECgAoPOIG[??	46	3fffffff0ffff
N??CA?_ECgAoPOIGL??	46	3fff7dfffeeff
N??CA?_ECgAoPOIGKA?	46	3fffffffffff
N??CA?_ECgAoWCAW[??	46	7fffffff7fff
N??CA?_ECgAoWCAWX??	46	3fffffffffff
N??CA?_ECgAoWCAWW_?	46	fffffffef7ff
N??CA?_ECgAoWCAWP_?	46	3fffffffdef7e
N??CA?_ECgAoWCAWSG?	46	3fffffffffff
N??CA?_ECgAoWCAWPG?	46	3fffffffffff
N??CA?_ECgAoWCAWOg?	46	3fffffffffff
N??CA?_ECgAoWCAWCg?	46	3fffffffffff
N??CA?_ECgAoWCAWOK?	46	3fffffffffff
N??CA?_ECgAoWCAW?k?	46	3fffffffffff
N??CA?_ECgAoQCGW[??	46	3fffffffffff
N??CA?_ECgAoQCGWT??	46	2ffeffffffefb
N??CA?_ECgAoQCGWS_?	46	3ffe7f8f6b7ef07b
N??CA?_ECgAoQCGWK_?	46	3fffffffffff
N??CA?_ECgAoQCGWSG?	46	3ffffbbfeefff
N??CA?_ECgAoQCGWCg?	46	3fff7fefdfeff
N??CA?_ECgAoOSIG[??	46	7fffffff7fff
N??CA?_ECgAoOSIGK_?	46	7ffffffeffff
N??CA?_ECg@oX?_WL??	46	3fffffffffff
N??CA?_ECg@oX?_WJ??	46	3fffffffffff
N??CA?_ECg@oX?_WBO?	46	3fffffffcfefb
N??CA?_ECg@oX?_WKG?	46	3ffffffffffcc
N??CA?_ECg@oX?_WIG?	46	3fffffffffff
N??CA?_ECg@oX?_WEG?	46	3fffffffffff
N??CA?_ECg@oX?_WDG?	46	3fffffffffff
N??CA?_ECg@oX?_WBG?	46	3fffffffffff
N??CA?_ECg@oX?_WCW?	46	1ffffffffb7fe
N??CA?_ECg@oX?_W?[?	46	3ffdf7ffff77f
N??CA?_ECg@oX?_WKA?	46	3fffffffffff
N??CA?_ECg@oX?_WIA?	46	3fffffffffff
N??CA?_ECg@oX?_WCI?	46	3fffffffffff
N??CA?_ECg@oX?_WAI?	46	3fffffffffff
N??CA?_ECg@oX?CW[??	46	3fffffffffff
N??CA?_ECg@oX?CWX??	46	3fffffffffff
N??CA?_ECg@oX?CWL??	46	3fffffffffff
N??CA?_ECg@oX?CWKO?	46	3fffffffffff
N??CA?_ECg@oX?CWHO?	46	3fffffffffff
N??CA?_ECg@oX?CWSG?	46	3fffffffffff
N??CA?_ECg@oX?CWPG?	46	3fffffffffff
N??CA?_ECg@oX?CWHG?	46	3fffffffffff
N??CA?_ECg@oX?CWDG?	46	3fffffffffff
N??CA?_ECg@oX?CWCW?	46	3fffffffffff
N??CA?_ECg@oX?CW@W?	46	3fffffffffff
N??CA?_ECg@oX?CWOK?	46	3fffffffffff
N??CA?_ECg@oX?CW@K?	46	3fffffffffff
N??CA?_ECg@oX?CW?[?	46	3fffffffffff
N??CA?_ECg@oX?CWWA?	46	3fffffffffff
N??CA?_ECg@oX?CWKA?	46	3fffffffffff
N??CA?_ECg@oX?CWGQ?	46	3fffffffffff
N??CA?_ECg@oX?CWOI?	46	3fffffffffff
N??CA?_ECg@oX?CWCI?	46	3fffffffffff
N??CA?_ECg@oX?CW?Y?	46	3fffffffffff
N??CA?_ECg@oX?CW?M?	46	3fffffffffff
N??CA?_ECg@oX??[[??	46	3fffffffffff
N??CA?_ECg@oX??[Y??	46	3fffffffffff
N??CA?_ECg@oX??[M??	46	3fffffffffff
N??CA?_ECg@oX??[SG?	46	3fffffffffff
N??CA?_ECg@oX??[QG?	46	3fffffffffff
N??CA?_ECg@oX??[IG?	46	3fffffffffff
N??CA?_ECg@oX??[EG?	46	3fffffffffff
N??CA?_ECg@oX??[OK?	46	3fffffffffff
N??CA?_ECg@oPOgGM??	46	3fffffffffff
N??CA?_ECg@oPOgGL??	46	3fffffffffff
N??CA?_ECg@oPOgGKO?	46	3ffffffffffcc
N??CA?_ECg@oPOgGKG?	46	3ffffffffffcc
N??CA?_ECg@oPOgGKC?	46	3ffffffffffcc
N??CA?_ECg@oPOgGKA?	46	3fffffffffff
N??CA?_ECg@oPOWGU??	46	3fffffffffff
N??CA?_ECg@oPOWGT??	46	3fffffffffff
N??CA?_ECg@oPOWGF??	46	3fffffffffff
N??CA?_ECg@oPOWGSG?	46	3ffffffffffcc
N??CA?_ECg@oPOWGEG?	46	3fffffffffff
N??CA?_ECg@oPOWGSA?	46	3fffffffffff
N??CA?_ECg@oPOWGEA?	46	3fffffffffff
N??CA?_ECg@oPOKG[??	46	3fffffffffff
N??CA?_ECg@oPOKGL??	46	3fffffffffff
N??CA?_ECg@oPOKGKO?	46	3fffffffffff
N??CA?_ECg@oPOKGKG?	46	3fffffffffff
N??CA?_ECg@oPOKGKA?	46	3fffffffffff
N??CA?_ECg@oPOGK[??	46	7ffffffffffb
N??CA?_ECg@oPOGKM??	46	3fffffffffff
N??CA?_ECg@oPOGKKG?	46	7fffffffefff
N??CA?_ECgWGY?@gF??	46	7ffffffffffd
N??CA?_ECgWGY?@gE_?	46	3fffffffffff
N??CA?_ECgWGY?@gB_?	46	3fffffffffff
N??CA?_ECgWGY?@gBO?	46	3fffffffffff
N??CA?_ECgWGY?@gBG?	46	ffffffffe7ff
N??CA?_ECgWGY?@gBC?	46	3fffffffffff
N??CA?_ECgWGY?@g@c?	46	3fffffffffff
N??CA?_ECgWGY?@g@S?	46	3fffffffffff
N??CA?_ECgWGY?@gCK?	46	3ffffffffffcc
N??CA?_ECgWGY?@g?[?	46	1ffffffffb7fe
N??CA?_ECgWGY?@gDA?	46	ffffffff6fff
N??CA?_ECgWGY?@gCa?	46	3fffffffffff
N??CA?_ECgWGY?@gAE?	46	7ffffffffffb
N??CA?_ECgWGY?@g@E?	46	3fffffffffff
N??CA?_ECgWGX?IGBO?	46	7fffffffff7f
N??CA?_ECgWGX?AgF??	46	3fffffffffff
N??CA?_ECgWGX?AgB_?	46	3fffffffffff
N??CA?_ECgWGX?AgDO?	46	3fffffffffff
N??CA?_ECgWGX?AgBO?	46	ffffffffeffe
N??CA?_ECgWGX?AgBG?	46	3fffffffffff
N??CA?_ECgWGX?AgAg?	46	3ffffffffe67f
N??CA?_ECgWGX?Ag@W?	46	3fffffffffff
N??CA?_ECgWGX?AgBC?	46	7ffffffffffd
N??CA?_ECgWGX?AgAc?	46	3fffffffffff
N??CA?_ECgWGX?Ag?k?	46	1ffffffffb7fe
N??CA?_ECgWGX?AgDA?	46	3fffffffffff
N??CA?_ECgWGX?Ag?Y?	46	3fffffffffff
N??CA?_ECgWGX?AgAE?	46	7ffffffffeff
N??CA?_ECgWGW_BGF??	46	3fffffffffff
N??CA?_ECgWGW_BGE_?	46	3fffffffffff
N??CA?_ECgWGW_BGD_?	46	3fffffffffff
N??CA?_ECgWGW_BGB_?	46	effefffffeefa
N??CA?_ECgWGW_BGBO?	46	3fffffffffff
N??CA?_ECgWGW_BGEG?	46	fffffffff7fd
N??CA?_ECgWGW_BGBG?	46	3fffffffffff
N??CA?_ECgWGW_BG@W?	46	3fffffffffff
N??CA?_ECgWGW_BGBC?	46	7fffffffff7f
N??CA?_ECgWGW_BGAc?	46	7fffffffff7f
N??CA?_ECgWGW_BG@c?	46	7fffffffff7f
N??CA?_ECgWGW_BG@K?	46	3fffffffffff
N??CA?_ECgWGW_BG?k?	46	1ffffffffb7fe
N??CA?_ECgWGW_BG?[?	46	7ffffffffb77c
N??CA?_ECgWGW_BGEA?	46	7ffffffffffb
N??CA?_ECgWGW_BGDA?	46	7ffffffffffb
N??CA?_ECgWGW_BGCa?	46	3fffffffffff
N??CA?_ECgWGW_BG?Y?	46	fffffffdf7ff
N??CA?_ECgWGW_BGAE?	46	7fffffff7fff
N??CA?_ECgWGB_IGM??	46	3fffffffffff
N??CA?_ECgWGB_IGK_?	46	3fffffffffff
N??CA?_ECgWGB_IGKO?	46	3fffffffffff
N??CA?_ECgWGB_IGKG?	46	3fffffffffff
N??CA?_ECgWGB_IGKC?	46	3fffffffffff
N??CA?_ECgWGB_IGKA?	46	3fffffffffff
N??CA?_ECgWGB_GgM??	46	3fffffffffff
N??CA?_ECgWGB_GgK_?	46	3ffffffffffcc
N??CA?_ECgWGB_GgKA?	46	3fffffffffff
N??CA?_ECgWGWGB_F??	46	3fffffffffff
N??CA?_ECgWGWGB_D_?	46	3fffffffffff
N??CA?_ECgWGWGB_EA?	46	7ffffffffffe
N??CA?_ECgWGWGB_DA?	46	3fffffffffff
N??CA?_ECgWGWGB_Ca?	46	3fffffffffff
N??CA?_ECgWGWGB_CQ?	46	3fffffffffff
N??CA?_ECgWGGKB_M??	46	7ffffffffffe
N??CA?_ECgWGGKB_L??	46	3fffffffffff
N??CA?_ECgWGGKB_K_?	46	7ffffffffffb
N??CA?_ECgWGGKB_KO?	46	7ffffffffffb
N??CA?_ECgWGGKB_KG?	46	fffffffff7fb
N??CA?_ECgWGGKB_KC?	46	fffffffff7fb
N??CA?_ECgIGi?@gL??	46	7ffffffffffd
N??CA?_ECgIGi?@gK_?	46	3fffffffffff
N??CA?_ECgIGi?@gKO?	46	3fffffffffff
N??CA?_ECgIGi?@gHO?	46	3fffffffffff
N??CA?_ECgIGi?@gGo?	46	3fffffffffff
N??CA?_ECgIGi?@gKG?	46	7ffffffff7ff
N??CA?_ECgIGi?@gHG?	46	ffffffffe7ff
N??CA?_ECgIGi?@gGg?	46	3fffffffffff
N??CA?_ECgIGi?@gGW?	46	3fffffffffff
N??CA?_ECgIGi?@gKC?	46	3fffffffffff
N??CA?_ECgIGi?@gHC?	46	3fffffffffff
N??CA?_ECgIGi?@gGc?	46	3fffffffffff
N??CA?_ECgIGi?@gGS?	46	3fffffffffff
N??CA?_ECgIGi?@gGK?	46	3fffffffffff
N??CA?_ECgIGY?@gS_?	46	7ffffffffeff
N??CA?_ECgIGY?@gSO?	46	7ffffffffeff
N??CA?_ECgIGY?@gPO?	46	3fffffffffff
N??CA?_ECgIGY?@gDO?	46	3fffffffffff
N??CA?_ECgIGY?@gOo?	46	3fffffffdef7e
N??CA?_ECgIGY?@gCo?	46	7fffffffefff
N??CA?_ECgIGY?@g@o?	46	3fffffffffff
N??CA?_ECgIGY?@gSG?	46	7ffffffff7ff
N??CA?_ECgIGY?@gPG?	46	ffffffffe7ff
N??CA?_ECgIGY?@gDG?	46	3fffffffef7fa
N??CA?_ECgIGY?@gCW?	46	3fffffffffff
N??CA?_ECgIGY?@g@W?	46	3fffffffffff
N??CA?_ECgIGY?@gSC?	46	7fffffff7fff
N??CA?_ECgIGY?@gPC?	46	3fffffffffff
N??CA?_ECgIGY?@gOc?	46	3fffffffcff7d
N??CA?_ECgIGY?@g@c?	46	3fffffffffff
N??CA?_ECgIGY?@gCS?	46	7ffffffeffff
N??CA?_ECgIGY?@g@S?	46	3fffffffffff
N??CA?_ECgIGY?@g?s?	46	3fffffffd77fd
N??CA?_ECgIGY?@gOK?	46	3fffffffffff
N??CA?_ECgIGY?@g@K?	46	7fffffffff7f
N??CA?_ECgIGY?@g?[?	46	3fffffffffff
N??CA?_ECgIGY?@gSA?	46	7fffffffefff
N??CA?_ECgIGY?@gCQ?	46	3fffffffffff
N??CA?_ECgIGY?@gOI?	46	fffffffdf7ff
N??CA?_ECgIGY?@gCI?	46	3fffffffdef7e
N??CA?_ECgIGY?@g@I?	46	3fffffffdef7e
N??CA?_ECgIGY?@g?Y?	46	3fffffffffff
N??CA?_ECgIGY?@g?U?	46	7fffffffefff
N??CA?_ECgIGY?@g?M?	46	7fffffff7fff
N??CA?_ECgIGX?AgT??	46	3fffffffffff
N??CA?_ECgIGX?AgPO?	46	ffffffffeffe
N??CA?_ECgIGX?AgDO?	46	3fffffffffff
N??CA?_ECgIGX?AgCo?	46	3fffffffffff
N??CA?_ECgIGX?Ag@o?	46	3fffffffffff
N??CA?_ECgIGX?AgSG?	46	fffffffff77f
N??CA?_ECgIGX?AgPG?	46	3fffffffffff
N??CA?_ECgIGX?AgDG?	46	3fffffffffff
N??CA?_ECgIGX?AgCW?	46	3fffffffffff
N??CA?_ECgIGX?Ag@W?	46	3fffffffffff
N??CA?_ECgIGX?Ag?w?	46	3fffffffffff
N??CA?_ECgIGX?AgPC?	46	7ffffffffffd
N??CA?_ECgIGX?AgDC?	46	3fffffffffff
N??CA?_ECgIGX?AgOc?	46	3fffffffffff
N??CA?_ECgIGX?Ag@c?	46	3fffffffffff
N??CA?_ECgIGX?AgOS?	46	7fffffffff7f
N??CA?_ECgIGX?AgCS?	46	3fffffffffff
N??CA?_ECgIGX?Ag@S?	46	fffffffff7fb
N??CA?_ECgIGX?AgOK?	46	3fffffffffff
N??CA?_ECgIGX?AgCK?	46	3fffffffffff
N??CA?_ECgIGX?Ag@K?	46	3fffffffffff
N??CA?_ECgIGX?Ag?[?	46	3fffffffffff
N??CA?_ECgIGX?AgSA?	46	7ffffffffeff
N??CA?_ECgIGX?AgCQ?	46	3fffffffffff
N??CA?_ECgIGX?AgOI?	46	fffffffef7ff
N??CA?_ECgIGX?AgCI?	46	fffffffeefff
N??CA?_ECgIGX?Ag?Y?	46	3fffffffffff
N??CA?_ECgIGX?Ag?U?	46	7ffffffeffff
N??CA?_ECgIGX?Ag?M?	46	3fffffffffff
N??CA?_ECgIGR?GgT??	46	3fffffffffff
N??CA?_ECgIGR?GgS_?	46	7ffffffffeff
N??CA?_ECgIGR?GgD_?	46	3fffbffbf7f7f
N??CA?_ECgIGR?GgDO?	46	3fffffffffff
N??CA?_ECgIGR?GgCo?	46	7fffffffefff
N??CA?_ECgIGR?GgSG?	46	3fffffffffff
N??CA?_ECgIGR?GgDG?	46	3bfffffbf7ffd
N??CA?_ECgIGR?GgCW?	46	3fffffffffff
N??CA?_ECgIGR?GgDC?	46	3fffffffffff
N??CA?_ECgIGR?GgDA?	46	2fffff7ff7ffb
N??CA?_ECgIGR?GgCa?	46	2fffff7ff7ffb
N??CA?_ECgIGR?GgCQ?	46	7ffffffff7ff
N??CA?_ECgIGR?GgCI?	46	2ffeffffffefb
N??CA?_ECgIGJ?Ag[??	46	3fffffffffff
N??CA?_ECgIGJ?AgK_?	46	3fffffffffff
N??CA?_ECgIGJ?AgWO?	46	3fffffffffff
N??CA?_ECgIGJ?AgKO?	46	3fffffffffff
N??CA?_ECgIGJ?AgGo?	46	3fffffffffff
N??CA?_ECgIGJ?AgWG?	46	7fffffffefff
N??CA?_ECgIGJ?AgWC?	46	3fffffffffff
N??CA?_ECgIGJ?AgKC?	46	3fffffffffff
N??CA?_ECgIGJ?AgGc?	46	3fffffffffff
N??CA?_ECgIGJ?AgGS?	46	3fffffffffff
N??CA?_ECgIGJ?AgWA?	46	3fffffffffff
N??CA?_ECgIGJ?AgKA?	46	3fffffffffff
N??CA?_ECgIGJ?AgGQ?	46	3fffffffffff
N??CA?_ECgIGJ?AgGE?	46	3fffffffffff
N??CA?_ECgIGW_BGT??	46	3fffffffffff
N??CA?_ECgIGW_BGS_?	46	3fffffffffff
N??CA?_ECgIGW_BGD_?	46	3fffffffffff
N??CA?_ECgIGW_BGPO?	46	3fffffffffff
N??CA?_ECgIGW_BG@o?	46	3fffffffffff
N??CA?_ECgIGW_BGSG?	46	fffffffff7fd
N??CA?_ECgIGW_BGPG?	46	3fffffffffff
N??CA?_ECgIGW_BGDG?	46	3fffffffffff
N??CA?_ECgIGW_BG@g?	46	3fffffffffff
N??CA?_ECgIGW_BGCW?	46	fffffffff77f
N??CA?_ECgIGW_BG@W?	46	3fffffffffff
N??CA?_ECgIGW_BG?w?	46	3fffffffffff
N??CA?_ECgIGW_BGPC?	46	7fffffffff7f
N??CA?_ECgIGW_BGDC?	46	3fffffffffff
N??CA?_ECgIGW_BGOc?	46	7fffffffff7f
N??CA?_ECgIGW_BG@c?	46	fffffffef7ff
N??CA?_ECgIGW_BG@S?	46	3fffffffffff
N??CA?_ECgIGW_BG?s?	46	3fffffffffff
N??CA?_ECgIGW_BGOK?	46	3fffffffffff
N??CA?_ECgIGW_BG@K?	46	3fffffffffff
N??CA?_ECgIGW_BG?[?	46	3fffffffffff
N??CA?_ECgIGW_BGSA?	46	7ffffffffffb
N??CA?_ECgIGW_BGCI?	46	7fffffffefff
N??CA?_ECgIGW_BG?Y?	46	fffffffdff7f
N??CA?_ECgIGW_BG@E?	46	fffffffeefff
N??CA?_ECgIGW_BG?U?	46	3fffffffffff
N??CA?_ECgIGW_BG?M?	46	3fffffffffff
N??CA?_ECgIGQ_HGT??	46	3fffffffffff
N??CA?_ECgIGQ_HGS_?	46	3fffffffdf6fe
N??CA?_ECgIGQ_HGD_?	46	3fffffffffff
N??CA?_ECgIGQ_HGDO?	46	3fffffffffff
N??CA?_ECgIGQ_HGCo?	46	7fffffffefff
N??CA?_ECgIGQ_HGSG?	46	3fffffffffff
N??CA?_ECgIGQ_HGDG?	46	3fffffffffff
N??CA?_ECgIGQ_HGCW?	46	3fffffffffff
N??CA?_ECgIGQ_HGCS?	46	7ffffffeffff
N??CA?_ECgIGQ_HGCK?	46	3fffffffffff
N??CA?_ECgIGQ_HGCa?	46	fffffffef7ff
N??CA?_ECgIGQ_HGCQ?	46	3fffffffffff
N??CA?_ECgIGQ_HGCI?	46	3fffffffffff
N??CA?_ECgIGP_IGT??	46	7ffffffffffe
N??CA?_ECgIGP_IGS_?	46	3fffffff0ffff
N??CA?_ECgIGP_IGD_?	46	3fffffffffff
N??CA?_ECgIGP_IGSO?	46	3fffffff0ffff
N??CA?_ECgIGP_IGDO?	46	3fffffffffff
N??CA?_ECgIGP_IGSG?	46	3fffffff0ffff
N??CA?_ECgIGP_IGDG?	46	7ffffffffffe
N??CA?_ECgIGP_IGCW?	46	3ffffffe97fff
N??CA?_ECgIGP_IGSC?	46	7ffffffff7ff
N??CA?_ECgIGP_IGCS?	46	3fffffffffff
N??CA?_ECgIGP_IGCQ?	46	3fffffffffff
N??CA?_ECgIGP_IGCI?	46	7fffffffff7f
N??CA?_ECgIGB_IG[??	46	3fffffffffff
N??CA?_ECgIGB_IGK_?	46	3fffffffffff
N??CA?_ECgIGB_IGKG?	46	7ffffffffffe
N??CA?_ECgIGB_IGKA?	46	7ffffffffffe
N??CA?_ECgIGgGB_L??	46	3fffffffffff
N??CA?_ECgIGgGB_K_?	46	3fffffffffff
N??CA?_ECgIGgGB_KO?	46	3fffffffffff
N??CA?_ECgIGgGB_KG?	46	fffffffff7fe
N??CA?_ECgIGgGB_KA?	46	7ffffffffffe
N??CA?_ECgIGWGB_T??	46	3fffffffffff
N??CA?_ECgIGWGB_S_?	46	3fffffffffff
N??CA?_ECgIGWGB_D_?	46	3fffffffffff
N??CA?_ECgIGWGB_SO?	46	3fffffffffff
N??CA?_ECgIGWGB_DO?	46	3fffffffffff
N??CA?_ECgIGWGB_Co?	46	3fffffffffff
N??CA?_ECgIGWGB_SG?	46	fffffffff7fe
N??CA?_ECgIGWGB_DG?	46	7ffffffffffe
N??CA?_ECgIGWGB_CW?	46	3fffffffffff
N??CA?_ECgIGWGB_SC?	46	fffffffff7fe
N??CA?_ECgIGWGB_SA?	46	7ffffffffffe
N??CA?_ECgIGWGB_Ca?	46	3fffffffffff
N??CA?_ECgIGWGB_CQ?	46	3fffffffffff
N??CA?_ECgIGWGB_CI?	46	3ffffffffe67f
N??CA?_ECgIGGcBG[??	46	7ffffffffffb
N??CA?_ECgIGGcBGX??	46	3fffffffffff
N??CA?_ECgIGGcBGL??	46	3fffffffffff
N??CA?_ECgIGGcBGW_?	46	3fffffffffff
N??CA?_ECgIGGcBGK_?	46	3fffffffffff
N??CA?_ECgIGGcBGKO?	46	7fffffffefff
N??CA?_ECgIGGcBGHO?	46	3fffffffffff
N??CA?_ECgIGGcBGKG?	46	7fffffffefff
N??CA?_ECgIGGcBGGW?	46	fffffffdff7f
N??CA?_ECgIGGcBGWC?	46	3fffffffffff
N??CA?_ECgIGGcBGHC?	46	3fffffffffff
N??CA?_ECgIGGcBGGS?	46	3fffffffffff
N??CA?_ECgIGGcBGGK?	46	3fffffffffff
N??CA?_ECgIGGKB_[??	46	7ffffffffffe
N??CA?_ECgIGGKB_L??	46	7ffffffffffe
N??CA?_ECgIGGKB_K_?	46	3fffffffffff
N??CA?_ECgIGGKB_KO?	46	3fffffffffff
N??CA?_ECgGgHGE_[??	46	3fffffffffff
N??CA?_ECgGgHGE_L??	46	3fffffffffff
N??CA?_ECgGgHGE_KO?	46	3fffffffffff
N??CA?_ECgGgHGE_KA?	46	3fffffffffff
N??CA?_ECG{?F??wEG?	46	3fffffffffff
N??CA?_ECG{?F??wCg?	46	3fffffffffff
N??CA?_ECG{?F??wAK?	46	3fffffffffff
N??CA?_ECG{?F??w?k?	46	3fffffffffff
N??CA?_ECG{?E_@WBO?	46	3fffffffdef7e
N??CA?_ECG{?E_@WEG?	46	3fffffffffff
N??CA?_ECG{?E_@WGg?	46	7ffffffff7ff
N??CA?_ECG{?E_@WCg?	46	7ffffffff7ff
N??CA?_ECG{?E_@WGW?	46	3fffffffffff
N??CA?_ECG{?E_@WCW?	46	3fffffffffff
N??CA?_ECG{?E_@WAK?	46	3fffffffffff
N??CA?_ECG{?E_@W?k?	46	7ffffffdffff
N??CA?_ECG{?E_@W?[?	46	3fffffffffff
N??CA?_ECG{?D_AWGo?	46	fffffffdf7ff
N??CA?_ECG{?D_AWEG?	46	3fffffffffff
N??CA?_ECG{?D_AWDG?	46	7ffffffff7ff
N??CA?_ECG{?D_AWGg?	46	3fffffffffff
N??CA?_ECG{?D_AWCg?	46	3fffffffffff
N??CA?_ECG{?D_AWGW?	46	3fffffffffff
N??CA?_ECG{?D_AWCW?	46	3fffffffffff
N??CA?_ECG{?D_AW?w?	46	3fffffffffff
N??CA?_ECG{?D_AWAK?	46	3fffffffffff
N??CA?_ECG{?D_AW@K?	46	7ffffffdffff
N??CA?_ECG{?D_AW?k?	46	3fffffffffff
N??CA?_ECG{?D_AW?[?	46	3fffffffffff
N??CA?_ECG{?EO@gB_?	46	3fffffffffff
N??CA?_ECG{?EO@gBO?	46	3fffffffffff
N??CA?_ECG{?EO@gCo?	46	ffffffff0e7ff
N??CA?_ECG{?EO@gAo?	46	3fffffffffff
N??CA?_ECG{?EO@gCg?	46	3fffffffffff
N??CA?_ECG{?EO@gGW?	46	3fffffffffff
N??CA?_ECG{?EO@gCW?	46	3fffffffffff
N??CA?_ECG{?EO@gIC?	46	3fffffffffff
N??CA?_ECG{?EO@gGc?	46	7fffffffefff
N??CA?_ECG{?EO@gGK?	46	3fffffffffff
N??CA?_ECG{?EO@gCK?	46	3fffffffffff
N??CA?_ECG{?EO@g?k?	46	3fffffffffff
N??CA?_ECG{?EO@g?[?	46	3fffffffffff
N??CA?_ECG{?DOAgB_?	46	3fffffffffff
N??CA?_ECG{?DOAgBO?	46	3fffffffffff
N??CA?_ECG{?DOAgAo?	46	3fffffffffff
N??CA?_ECG{?DOAg@o?	46	3fffffffffff
N??CA?_ECG{?DOAgEG?	46	7ffffffeffff
N??CA?_ECG{?DOAgDG?	46	3fffffffffff
N??CA?_ECG{?DOAgBG?	46	3fffffffffff
N??CA?_ECG{?DOAgCg?	46	7ffffffdffff
N??CA?_ECG{?DOAgGW?	46	3fffffffffff
N??CA?_ECG{?DOAgCW?	46	3fffffffffff
N??CA?_ECG{?DOAg?w?	46	3fffffffffff
N??CA?_ECG{?DOAgIC?	46	3fffffffffff
N??CA?_ECG{?DOAgBC?	46	3fffffffffff
N??CA?_ECG{?DOAgGc?	46	3fffffffffff
N??CA?_ECG{?DOAgCc?	46	3fffffffffff
N??CA?_ECG{?DOAgGS?	46	7ffffffeffff
N??CA?_ECG{?DOAg?s?	46	3fffffffffff
N??CA?_ECG{?DOAgGK?	46	3fffffffffff
N??CA?_ECG{?DOAgCK?	46	3fffffffffff
N??CA?_ECG{?DOAgAK?	46	3fffffffffff
N??CA?_ECG{?DOAg?k?	46	3fffffffffff
N??CA?_ECG{?DOAg?[?	46	3fffffffffff
N??CA?_ECGy?J??wF??	46	fffffffdefff
N??CA?_ECGy?J??wK_?	46	7ffffffdffff
N??CA?_ECGy?J??wB_?	46	3fffffffdef7e
N??CA?_ECGy?J??wBO?	46	3fffffffffff
N??CA?_ECGy?J??wGo?	46	3fffffffffff
N??CA?_ECGy?J??wCo?	46	3fffffffffff
N??CA?_ECGy?J??wAo?	46	3fffffffffff
N??CA?_ECGy?J??w@o?	46	3fffffffffff
N??CA?_ECGy?J??wDG?	46	3fffffffffff
N??CA?_ECGy?J??wBG?	46	3fffffffffff
N??CA?_ECGy?J??wCg?	46	3fffffffffff
N??CA?_ECGy?J??wCW?	46	3fffffffffff
N??CA?_ECGy?J??wKC?	46	3fffffffffff
N??CA?_ECGy?J??wHC?	46	3fffffffffff
N??CA?_ECGy?J??wGc?	46	3fffffffffff
N??CA?_ECGy?J??wGS?	46	7fffffffff7f
N??CA?_ECGy?J??wCS?	46	3fffffffffff
N??CA?_ECGy?J??wCK?	46	3fffffffffff
N??CA?_ECGy?J??w@K?	46	3fffffffffff
N??CA?_ECGy?J??w?k?	46	3fffffffffff
N??CA?_ECGy?J??w?[?	46	7ffffffeffff
N??CA?_ECGy?I_@WF??	46	fffffffeefff
N??CA?_ECGy?I_@WK_?	46	3fffffffffff
N??CA?_ECGy?I_@WB_?	46	3fffffffffff
N??CA?_ECGy?I_@WKO?	46	7ffffffdffff
N??CA?_ECGy?I_@WEO?	46	fffffffdefff
N??CA?_ECGy?I_@WGo?	46	3fffffffffff
N??CA?_ECGy?I_@WCo?	46	3fffffffffff
N??CA?_ECGy?I_@WAo?	46	3fffffffffff
N??CA?_ECGy?I_@W@o?	46	3fffffffffff
N??CA?_ECGy?I_@WBG?	46	3fffffffffff
N??CA?_ECGy?I_@WCg?	46	3fffffffffff
N??CA?_ECGy?I_@WCW?	46	3fffffffffff
N??CA?_ECGy?I_@WKC?	46	3fffffffffff
N??CA?_ECGy?I_@WHC?	46	3fffffffffff
N??CA?_ECGy?I_@WGc?	46	7fffffffff7f
N??CA?_ECGy?I_@WCc?	46	3fffffffffff
N??CA?_ECGy?I_@WGK?	46	7ffffffffeff
N??CA?_ECGy?I_@WCK?	46	3fffffffffff
N??CA?_ECGy?I_@W@K?	46	3fffffffffff
N??CA?_ECGy?I_@W?k?	46	7ffffffeffff
N??CA?_ECGy?I_@W?[?	46	3fffffffffff
N??CA?_ECGy?H_AWL??	46	3fffffffffff
N??CA?_ECGy?H_AWK_?	46	7ffffffeffff
N??CA?_ECGy?H_AWB_?	46	3fffffffffff
N??CA?_ECGy?H_AWEO?	46	fffffffeefff
N??CA?_ECGy?H_AWBO?	46	3fffffffffff
N??CA?_ECGy?H_AWGo?	46	fffffffdf7ff
N??CA?_ECGy?H_AW@o?	46	3fffffffffff
N??CA?_ECGy?H_AWDG?	46	3fffffffffff
N??CA?_ECGy?H_AWBG?	46	fffffffff77f
N??CA?_ECGy?H_AWCg?	46	3fffffffffff
N??CA?_ECGy?H_AWCW?	46	3fffffffffff
N??CA?_ECGy?H_AWKC?	46	3fffffffffff
N??CA?_ECGy?H_AWGc?	46	3fffffffffff
N??CA?_ECGy?H_AWGS?	46	3fffffffffff
N??CA?_ECGy?H_AW?s?	46	3fffffffffff
N??CA?_ECGy?H_AWGK?	46	7fffffff7fff
N??CA?_ECGy?H_AWCK?	46	3fffffffffff
N??CA?_ECGy?H_AW@K?	46	7ffffffeffff
N??CA?_ECGy?H_AW?k?	46	3fffffffffff
N??CA?_ECGy?H_AW?[?	46	3fffffffffff
N??CA?_ECGy?B_GWL??	46	3fffffffffff
N??CA?_ECGy?B_GWK_?	46	3fffffffffff
N??CA?_ECGy?B_GWKO?	46	3fffffffffff
N??CA?_ECGy?B_GWCo?	46	2ffeffffffefb
N??CA?_ECGy?B_GWEG?	46	7ffffffff7ff
N??CA?_ECGy?B_GWDG?	46	3fffffffffff
N??CA?_ECGy?B_GWCg?	46	3fffffffffff
N??CA?_ECGy?B_GWCW?	46	3fffffffffff
N??CA?_ECGy?B_GWCc?	46	3fffffffffff
N??CA?_ECGy?B_GWCS?	46	3fffffffffff
N??CA?_ECGy?BOGgL??	46	3fffffffffff
N??CA?_ECGy?BOGgK_?	46	3fffffffffff
N??CA?_ECGy?BOGgKO?	46	7ffffffff7ff
N??CA?_ECGy?BOGgCo?	46	3fffffffffff
N??CA?_ECGy?BOGgDG?	46	3fffffffffff
N??CA?_ECGy?BOGgCg?	46	3fffffffffff
N??CA?_ECGy?BOGgCW?	46	3fffffffffff
N??CA?_ECGy?BOGgKC?	46	7fffffffefff
N??CA?_ECGy?AoHGL??	46	3fffffffffff
N??CA?_ECGy?AoHGK_?	46	7ffffffff7ff
N??CA?_ECGy?AoHGCo?	46	3fffffffffff
N??CA?_ECGy?AoHGCg?	46	3fffffffffff
N??CA?_ECGy?AoHGCW?	46	3fffffffffff
N??CA?_ECGy?@oIGK_?	46	3fffffffffff
N??CA?_ECGy?@oIGKO?	46	3fffffffffff
N??CA?_ECGy?@oIGCg?	46	3fffffffffff
N??CA?_ECGy?@oIGCW?	46	3fffffffffff
N??CA?_ECGy?@oIGKC?	46	7ffffffdffff
N??CA?_ECGy?@oIGCK?	46	3fffffffffff
N??CA?_ECGm?GoBGY??	46	7ffffffffffb
N??CA?_ECGm?GoBGX??	46	3fffffffffff
N??CA?_ECGm?GoBGR??	46	3fffffffffff
N??CA?_ECGm?GoBGW_?	46	3fffffffffff
N??CA?_ECGm?GoBGWO?	46	7fffffffefff
N??CA?_ECGm?GoBGHO?	46	3fffffffffff
N??CA?_ECGm?GoBGBO?	46	3fffffffffff
N??CA?_ECGm?GoBGGo?	46	3fffffffffff
N??CA?_ECGm?GoBGAo?	46	3fffffffffff
N??CA?_ECGm?GoBGQG?	46	7fffffffefff
N??CA?_ECGm?GoBGPG?	46	3fffffffffff
N??CA?_ECGm?GoBGBG?	46	3fffffffffff
N??CA?_ECGm?GoBGOg?	46	3fffffffffff
N??CA?_ECGm?GoBGWC?	46	3fffffffffff
N??CA?_ECGm?GoBGQC?	46	3fffffffffff
N??CA?_ECGm?GoBGBC?	46	3fffffffffff
N??CA?_ECGm?GoBGOc?	46	3fffffffffff
N??CA?_ECGm?GoBGGc?	46	3fffffffffff
N??CA?_ECGm?GoBGOS?	46	3fffffffffff
N??CA?_ECGm?GoBGGS?	46	3fffffffffff
N??CA?_ECGm?GoBGAS?	46	3fffffffffff
N??CA?_ECGm?GoBGOK?	46	3fffffffffff
N??CA?_ECGm?GoBGGK?	46	3fffffffffff
N??CA?_ECGm?GoBG?k?	46	3fffffffffff
N??CA?_ECGm?GoBG?[?	46	3fffffffffff
N??CA?_ECGm?CWB_[??	46	7ffffffffffe
N??CA?_ECGm?CWB_X??	46	3fffffffffff
N??CA?_ECGm?CWB_L??	46	7ffffffffffe
N??CA?_ECGm?CWB_KO?	46	3fffffffffff
N??CA?_ECGm?CWB_HO?	46	3fffffffffff
N??CA?_ECGm?CWB_SG?	46	7ffffffff7ff
N??CA?_ECGm?CWB_DG?	46	7fffffffff7f
N??CA?_ECGm?CWB_CW?	46	3fffffffffff
N??CA?_ECGr?X??wK_?	46	7ffffffdffff
N??CA?_ECGr?X??wKO?	46	3fffffffffff
N??CA?_ECGr?X??wKG?	46	3ffdf7ffff77f
N??CA?_ECGr?X??wGg?	46	3fffffffffff
N??CA?_ECGr?X??wCg?	46	3fffffffffff
N??CA?_ECGr?P_GWK_?	46	3fffffffffff
N??CA?_ECGr?P_GWCg?	46	3fffffffffff
N??CA?_ECGr?P_GWCc?	46	3fffffffffff
N??CA?_ECGr?POGgK_?	46	3ffdf7ffff77f
N??CA?_ECGj?W_@WF??	46	7ffffffeffff
N??CA?_ECGj?W_@WS_?	46	3fffffffffff
N??CA?_ECGj?W_@WB_?	46	3fffffffffff
N??CA?_ECGj?W_@WOo?	46	3fffffffffff
N??CA?_ECGj?W_@WSG?	46	3fffffffffff
N??CA?_ECGj?W_@WCg?	46	3fffffffffff
N??CA?_ECGj?W_@WOW?	46	3fffffffffff
N??CA?_ECGj?W_@W?w?	46	3fffffffffff
N??CA?_ECGj?W_@WSC?	46	3fffffffffff
N??CA?_ECGj?W_@WBC?	46	3fffffffffff
N??CA?_ECGj?W_@WOc?	46	3fffffffffff
N??CA?_ECGj?W_@WOS?	46	3fffffffffff
N??CA?_ECGj?W_@WAS?	46	3fffffffffff
N??CA?_ECGj?W_@W?s?	46	3fffffffffff
N??CA?_ECGj?W_@WOK?	46	3fffffffffff
N??CA?_ECGj?W_@WCK?	46	7fffffff7fff
N??CA?_ECGj?W_@W?[?	46	7ffffffffffb
N??CA?_ECGj?K_@WX??	46	fffffffef7ff
N??CA?_ECGj?K_@WT??	46	fffffffeefff
N??CA?_ECGj?K_@WL??	46	7ffffffeffff
N??CA?_ECGj?K_@WS_?	46	3fffffffffff
N??CA?_ECGj?K_@WKO?	46	7ffffffdffff
N??CA?_ECGj?K_@WHO?	46	fffffffdff7f
N??CA?_ECGj?K_@WDO?	46	fffffffdfeff
N??CA?_ECGj?K_@WOo?	46	3fffffffffff
N??CA?_ECGj?K_@W@o?	46	3fffffffffff
N??CA?_ECGj?K_@WSG?	46	3fffffffffff
N??CA?_ECGj?K_@WPG?	46	3fffffffffff
N??CA?_ECGj?K_@WDG?	46	3fffffffffff
N??CA?_ECGj?K_@WCg?	46	3fffffffffff
N??CA?_ECGj?K_@W@g?	46	3fffffffffff
N??CA?_ECGj?K_@WCW?	46	3fffffffffff
N??CA?_ECGj?K_@W@W?	46	3fffffffffff
N??CA?_ECGj?K_@W?w?	46	3fffffffffff
N??CA?_ECGj?K_@WWC?	46	3fffffffffff
N??CA?_ECGj?K_@WPC?	46	3fffffffffff
N??CA?_ECGj?K_@WHC?	46	3fffffffffff
N??CA?_ECGj?K_@WCc?	46	3fffffffffff
N??CA?_ECGj?K_@W@S?	46	3fffffffffff
N??CA?_ECGj?K_@W?s?	46	3fffffffffff
N??CA?_ECGj?K_@WOK?	46	3fffffffffff
N??CA?_ECGj?K_@W@K?	46	3fffffffffff
N??CA?_ECGj?K_@W?k?	46	3fffffffffff
N??CA?_ECGj?K_@W?[?	46	3fffffffffff
N??CA?_ECGj?KO@gX??	46	ffffffffe7ff
N??CA?_ECGj?KO@gT??	46	7fffffffefff
N??CA?_ECGj?KO@gL??	46	3fffffffeeffc
N??CA?_ECGj?KO@gPO?	46	3fffffffffff
N??CA?_ECGj?KO@gHO?	46	3fffffffffff
N??CA?_ECGj?KO@gDO?	46	3fffffffffff
N??CA?_ECGj?KO@gOo?	46	3fffffffffff
N??CA?_ECGj?KO@gCo?	46	3fffffffffff
N??CA?_ECGj?KO@g@o?	46	3fffffffffff
N??CA?_ECGj?KO@gSG?	46	7ffffffdffff
N??CA?_ECGj?KO@gPG?	46	fffffffdff7f
N??CA?_ECGj?KO@gDG?	46	3fffffffdef7e
N??CA?_ECGj?KO@g@g?	46	3fffffffffff
N??CA?_ECGj?KO@gCW?	46	3fffffffffff
N??CA?_ECGj?KO@g@W?	46	3fffffffffff
N??CA?_ECGj?KO@g?w?	46	3fffffffffff
N??CA?_ECGj?KO@gWC?	46	3fffffffffff
N??CA?_ECGj?KO@gSC?	46	3fffffffffff
N??CA?_ECGj?KO@gPC?	46	3fffffffffff
N??CA?_ECGj?KO@gHC?	46	7fffffffff7f
N??CA?_ECGj?KO@gOc?	46	3fffffffffff
N??CA?_ECGj?KO@gCc?	46	3fffffffffff
N??CA?_ECGj?KO@gGS?	46	3fffffffffff
N??CA?_ECGj?KO@gCS?	46	3fffffffffff
N??CA?_ECGj?KO@g@S?	46	3fffffffffff
N??CA?_ECGj?KO@g?s?	46	3fffffffffff
N??CA?_ECGj?KO@gOK?	46	3fffffffffff
N??CA?_ECGj?KO@g@K?	46	7fffffff7fff
N??CA?_ECGj?KO@g?k?	46	3fffffffffff
N??CA?_ECGj?KO@g?[?	46	3fffffffffff
N??CA?_ECGj?CoHG[??	46	3fffffffffff
N??CA?_ECGj?CoHGT??	46	3fffffffffff
N??CA?_ECGj?CoHGL??	46	3fffffffffff
N??CA?_ECGj?CoHGS_?	46	3fffffffffff
N??CA?_ECGj?CoHGDO?	46	3fffffffffff
N??CA?_ECGj?CoHGCo?	46	3fffffffffff
N??CA?_ECGj?CoHGSG?	46	3fffffffffff
N??CA?_ECGj?CoHGDG?	46	3fffffffffff
N??CA?_ECGj?CoHGCg?	46	3fffffffffff
N??CA?_ECGj?CoHGCW?	46	3fffffffffff
N??CA?_ECGj?CoHGDC?	46	3fffffffffff
N??CA?_ECGj?WG@oS_?	46	7ffffffdffff
N??CA?_ECGj?WG@oCo?	46	7fffffff7fff
N??CA?_ECGj?WG@oSG?	46	3fffffffffff
N??CA?_ECGj?WG@oCg?	46	3fffffffffff
N??CA?_ECGj?WG@oCW?	46	7fffffff7fff
N??CA?_ECGj?WG@oSC?	46	7ffffffdffff
N??CA?_ECGj?WG@oCc?	46	3fffffffffff
N??CA?_ECGj?KG@oT??	46	ffffffffe7ff
N??CA?_ECGj?KG@oL??	46	3fffffffef7fa
N??CA?_ECGj?KG@oDO?	46	3fffffffffff
N??CA?_ECGj?KG@oCo?	46	3fffffffffff
N??CA?_ECGj?KG@oSG?	46	3fffffffffff
N??CA?_ECGj?KG@oDG?	46	7fffffffff7f
N??CA?_ECGj?KG@oCg?	46	3fffffffffff
N??CA?_ECGj?KG@oCW?	46	3fffffffffff
N??CA?_ECGj?KG@oSC?	46	fffffffdf7ff
N??CA?_ECGj?KG@oDC?	46	3fffffffdef7e
N??CA?_ECGj?KG@oCK?	46	7fffffff7fff
N??CA?_ECGw_M??wB_?	46	3fffffffdef7e
N??CA?_ECGw_M??wBO?	46	3fffffffffff
N??CA?_ECGw_M??wAo?	46	3fffffffffff
N??CA?_ECGw_M??wGg?	46	fbffbfffff77c
N??CA?_ECGw_M??wCg?	46	3fffffffffff
N??CA?_ECGw_M??wCW?	46	3fffffffffff
N??CA?_ECGw_M??w?w?	46	ffffffffff74c
N??CA?_ECGw_M??wKC?	46	3fffffffffff
N??CA?_ECGw_M??wIC?	46	3fffffffffff
N??CA?_ECGw_M??wCS?	46	3fffffffffff
N??CA?_ECGw_M??wCK?	46	7fffffff7fff
N??CA?_ECGw_M??wAK?	46	3fffffffffff
N??CA?_ECGw_M??w?k?	46	7ffffffff7ff
N??CA?_ECGw_M??w?[?	46	7ffffffff7ff
N??CA?_ECGw_K_AWM??	46	7fffffff7fff
N??CA?_ECGw_K_AWL??	46	3fffffffffff
N??CA?_ECGw_K_AWK_?	46	7ffffffeffff
N??CA?_ECGw_K_AWB_?	46	3fffffffffff
N??CA?_ECGw_K_AWKO?	46	7ffffffeffff
N??CA?_ECGw_K_AWBO?	46	3fffffffffff
N??CA?_ECGw_K_AWCo?	46	fffffffdefff
N??CA?_ECGw_K_AW@o?	46	3fffffffffff
N??CA?_ECGw_K_AWDG?	46	3fffffffffff
N??CA?_ECGw_K_AWGg?	46	fffffffff7fd
N??CA?_ECGw_K_AWCg?	46	3fffffffffff
N??CA?_ECGw_K_AWCW?	46	3fffffffffff
N??CA?_ECGw_K_AW?w?	46	3fffffffffff
N??CA?_ECGw_K_AWKC?	46	3fffffffffff
N??CA?_ECGw_K_AWIC?	46	3fffffffffff
N??CA?_ECGw_K_AWGc?	46	7ffffffffffd
N??CA?_ECGw_K_AWCc?	46	3fffffffffff
N??CA?_ECGw_K_AWGK?	46	7ffffffffffb
N??CA?_ECGw_K_AWCK?	46	3fffffffffff
N??CA?_ECGw_K_AWAK?	46	3fffffffffff
N??CA?_ECGw_K_AW@K?	46	7fffffffefff
N??CA?_ECGw_K_AW?k?	46	7fffffffefff
N??CA?_ECGw_K_AW?[?	46	3fffffffffff
N??CA?_ECGw_E_GWM??	46	3fffffffffff
N??CA?_ECGw_E_GWK_?	46	7ffffffffffe
N??CA?_ECGw_E_GWEG?	46	3fffffffffff
N??CA?_ECGw_E_GWCg?	46	7ffffffff7ff
N??CA?_ECGw_E_GWCW?	46	3fffffffffff
N??CA?_ECGw_E_GWCc?	46	7ffffffff7ff
N??CA?_ECGw_E_GWCS?	46	3fffffffffff
N??CA?_ECGw_EOGgM??	46	3fffffffffff
N??CA?_ECGw_EOGgK_?	46	7ffffffffffd
N??CA?_ECGw_EOGgCo?	46	ffffffff0e7ff
N??CA?_ECGw_EOGgCg?	46	3fffffffffff
N??CA?_ECGw_EOGgCW?	46	7fffffff7fff
N??CA?_ECGw_CoIGM??	46	3fffffffffff
N??CA?_ECGw_CoIGL??	46	7fffffffff7f
N??CA?_ECGw_CoIGCg?	46	3fffffffffff
N??CA?_ECGw_CoIGCW?	46	3fffffffffff
N??CA?_ECGw_CoIGCK?	46	3fffffffffff
N??CA?_ECGk_GoEGY??	46	3fffffffffff
N??CA?_ECGk_GoEGR??	46	7fffffffefff
N??CA?_ECGk_GoEGW_?	46	7ffffffffffb
N??CA?_ECGk_GoEGIO?	46	3fffffffffff
N??CA?_ECGk_GoEGGo?	46	7fffffffefff
N??CA?_ECGk_GoEGAo?	46	3fffffffffff
N??CA?_ECGk_GoEGWG?	46	7ffffffffffb
N??CA?_ECGk_GoEGQG?	46	3fffffffffff
N??CA?_ECGk_GoEGOg?	46	7fffffffefff
N??CA?_ECGk_GoEGGg?	46	7fffffffefff
N??CA?_ECGk_GoEGAg?	46	3fffffffffff
N??CA?_ECGk_GoEGWC?	46	3fffffffffff
N??CA?_ECGk_GoEGOS?	46	3fffffffffff
N??CA?_ECGk_GoEGGS?	46	7fffffff7fff
N??CA?_ECGk_GoEG?s?	46	3fffffffffff
N??CA?_ECGk_GoEGOK?	46	3fffffffffff
N??CA?_ECGk_GoEG?k?	46	3fffffffffff
N??CA?_ECGk_GoEG?[?	46	7ffffffffffb
N??CA?_ECGk_@WE_[??	46	7ffffffffffe
N??CA?_ECGk_@WE_M??	46	3fffffffffff
N??CA?_ECGk_@WE_KO?	46	3fffffffffff
N??CA?_ECGk_@WE_SG?	46	7ffffffff7ff
N??CA?_ECGk_@WE_EG?	46	3fffffffffff
N??CA?_ECGk_@WE_CW?	46	3fffffffffff
N??CA?_ECGq_Y??wL??	46	7ffffffdffff
N??CA?_ECGq_Y??wK_?	46	7ffffffdffff
N??CA?_ECGq_Y??wKO?	46	3fffffffffff
N??CA?_ECGq_Y??wGo?	46	3fffffffffff
N??CA?_ECGq_Y??wEG?	46	3fffffffffff
N??CA?_ECGq_Y??wDG?	46	3fffffffffff
N??CA?_ECGq_Y??wCg?	46	3fffffffffff
N??CA?_ECGq_Y??wGW?	46	3fffffffffff
N??CA?_ECGq_Y??wCW?	46	3fffffffffff
N??CA?_ECGq_Y??w?w?	46	ffffffffff7d
N??CA?_ECGq_Y??wGK?	46	3ffffdefdefff
N??CA?_ECGq_Y??wAK?	46	7ffffffffffe
N??CA?_ECGq_Y??w@K?	46	3fffffffffff
N??CA?_ECGq_Y??w?k?	46	7ffffffffffd
N??CA?_ECGq_Y??w?[?	46	7ffffffffffd
N??CA?_ECGq_Q_GWM??	46	7ffffffffffe
N??CA?_ECGq_Q_GWK_?	46	7ffffffffffe
N??CA?_ECGq_Q_GWKO?	46	3fffffffffff
N??CA?_ECGq_Q_GWCo?	46	2ffeffffffefb
N??CA?_ECGq_Q_GWDG?	46	3fffffffffff
N??CA?_ECGq_Q_GWCg?	46	fffffffff77f
N??CA?_ECGq_Q_GWCW?	46	3fffffffffff
N??CA?_ECGq_Q_GWCS?	46	3fffffffffff
N??CA?_ECGq_QOGgM??	46	3fffffffffff
N??CA?_ECGq_QOGgK_?	46	3fffffffffff
N??CA?_ECGq_QOGgKO?	46	37fffbfffeffb
N??CA?_ECGq_QOGgKG?	46	1ffffeffff7fd
N??CA?_ECGi_J??w[??	46	7ffffffdffff
N??CA?_ECGi_J??wY??	46	fffffffdf7ff
N??CA?_ECGi_J??wM??	46	fffffffcffff
N??CA?_ECGi_J??wWO?	46	3fffffffffff
N??CA?_ECGi_J??wKO?	46	3fffffffffff
N??CA?_ECGi_J??wIO?	46	3fffffffffff
N??CA?_ECGi_J??wWG?	46	3fffffffffff
N??CA?_ECGi_J??wSG?	46	3fffffffffff
N??CA?_ECGi_J??wPG?	46	3fffffffffff
N??CA?_ECGi_J??wDG?	46	3fffffffffff
N??CA?_ECGi_J??wCW?	46	3fffffffffff
N??CA?_ECGi_J??wAW?	46	3fffffffffff
N??CA?_ECGi_J??w@W?	46	3fffffffffff
N??CA?_ECGi_J??wOK?	46	3fffffffffff
N??CA?_ECGi_J??wGK?	46	3fffffffffff
N??CA?_ECGi_J??w?[?	46	7ffffffffffe
N??CA?_ECGi_W_AWT??	46	3fffffffffff
N??CA?_ECGi_W_AWR??	46	3fffffffffff
N??CA?_ECGi_W_AWS_?	46	7ffffffeffff
N??CA?_ECGi_W_AWE_?	46	7ffffffeffff
N??CA?_ECGi_W_AWB_?	46	3fffffffffff
N??CA?_ECGi_W_AWAo?	46	fffffffdff7f
N??CA?_ECGi_W_AWSG?	46	3fffffffffff
N??CA?_ECGi_W_AWPG?	46	3fffffffffff
N??CA?_ECGi_W_AWBG?	46	3fffffffffff
N??CA?_ECGi_W_AWOg?	46	3fffffffffff
N??CA?_ECGi_W_AWCg?	46	3fffffffffff
N??CA?_ECGi_W_AWOW?	46	3fffffffffff
N??CA?_ECGi_W_AW@W?	46	3fffffffffff
N??CA?_ECGi_W_AWQC?	46	3fffffffffff
N??CA?_ECGi_W_AWPC?	46	3fffffffffff
N??CA?_ECGi_W_AWBC?	46	3fffffffffff
N??CA?_ECGi_W_AWOc?	46	3fffffffffff
N??CA?_ECGi_W_AWAc?	46	3fffffffffff
N??CA?_ECGi_W_AWOS?	46	3fffffffffff
N??CA?_ECGi_W_AWAS?	46	3fffffffffff
N??CA?_ECGi_W_AW@S?	46	3fffffffffff
N??CA?_ECGi_W_AWOK?	46	3fffffffffff
N??CA?_ECGi_W_AWCK?	46	3fffffffffff
N??CA?_ECGi_W_AW@K?	46	3fffffffffff
N??CA?_ECGi_W_AW?k?	46	3fffffffffff
N??CA?_ECGi_W_AW?[?	46	3fffffffffff
N??CA?_ECGi_K_AWX??	46	3fffffffffff
N??CA?_ECGi_K_AWT??	46	3fffffffffff
N??CA?_ECGi_K_AWL??	46	3fffffffffff
N??CA?_ECGi_K_AWS_?	46	fffffffeefff
N??CA?_ECGi_K_AWK_?	46	7ffffffeffff
N??CA?_ECGi_K_AWKO?	46	7ffffffeffff
N??CA?_ECGi_K_AWPO?	46	3fffffffffff
N??CA?_ECGi_K_AWHO?	46	3fffffffffff
N??CA?_ECGi_K_AWDO?	46	3fffffffffff
N??CA?_ECGi_K_AWGo?	46	fffffffdff7f
N??CA?_ECGi_K_AW@o?	46	3fffffffffff
N??CA?_ECGi_K_AWSG?	46	3fffffffffff
N??CA?_ECGi_K_AWPG?	46	3fffffffffff
N??CA?_ECGi_K_AWHG?	46	3fffffffffff
N??CA?_ECGi_K_AWDG?	46	3fffffffffff
N??CA?_ECGi_K_AW@g?	46	3fffffffffff
N??CA?_ECGi_K_AWCW?	46	3fffffffffff
N??CA?_ECGi_K_AW@W?	46	3fffffffffff
N??CA?_ECGi_K_AW?w?	46	3fffffffffff
N??CA?_ECGi_K_AWWC?	46	3fffffffffff
N??CA?_ECGi_K_AWPC?	46	3fffffffffff
N??CA?_ECGi_K_AWHC?	46	3fffffffffff
N??CA?_ECGi_K_AWOc?	46	3fffffffffff
N??CA?_ECGi_K_AWGc?	46	3fffffffffff
N??CA?_ECGi_K_AWCc?	46	3fffffffffff
N??CA?_ECGi_K_AWGS?	46	3fffffffffff
N??CA?_ECGi_K_AW@S?	46	3fffffffffff
N??CA?_ECGi_K_AW?s?	46	3fffffffffff
N??CA?_ECGi_K_AWOK?	46	3fffffffffff
N??CA?_ECGi_K_AW@K?	46	3fffffffffff
N??CA?_ECGi_K_AW?[?	46	3fffffffffff
N??CA?_ECGi_H_AW[??	46	7ffffffeffff
N??CA?_ECGi_H_AWY??	46	fffffffef7ff
N??CA?_ECGi_H_AWU??	46	fffffffeefff
N??CA?_ECGi_H_AWM??	46	7ffffffeffff
N??CA?_ECGi_H_AWT??	46	3fffffffffff
N??CA?_ECGi_H_AWL??	46	3fffffffffff
N??CA?_ECGi_H_AWWO?	46	fffffffdf7ff
N??CA?_ECGi_H_AWKO?	46	7ffffffdffff
N??CA?_ECGi_H_AWIO?	46	fffffffdff7f
N??CA?_ECGi_H_AWEO?	46	fffffffdfeff
N??CA?_ECGi_H_AWDO?	46	3fffffffffff
N??CA?_ECGi_H_AWBO?	46	3fffffffffff
N??CA?_ECGi_H_AWWG?	46	3fffffffffff
N??CA?_ECGi_H_AWSG?	46	3fffffffffff
N??CA?_ECGi_H_AWKG?	46	3fffffffffff
N??CA?_ECGi_H_AWEG?	46	3fffffffffff
N??CA?_ECGi_H_AWDG?	46	3fffffffffff
N??CA?_ECGi_H_AWBG?	46	3fffffffffff
N??CA?_ECGi_H_AWCW?	46	3fffffffffff
N??CA?_ECGi_H_AWAW?	46	3fffffffffff
N??CA?_ECGi_H_AW@W?	46	3fffffffffff
N??CA?_ECGi_H_AWWC?	46	3fffffffffff
N??CA?_ECGi_H_AWQC?	46	3fffffffffff
N??CA?_ECGi_H_AWIC?	46	3fffffffffff
N??CA?_ECGi_H_AWEC?	46	3fffffffffff
N??CA?_ECGi_H_AWDC?	46	3fffffffffff
N??CA?_ECGi_H_AWOS?	46	3fffffffffff
N??CA?_ECGi_H_AWGS?	46	3fffffffffff
N??CA?_ECGi_H_AWAS?	46	3fffffffffff
N??CA?_ECGi_H_AW@S?	46	3fffffffffff
N??CA?_ECGi_H_AWOK?	46	3fffffffffff
N??CA?_ECGi_H_AWGK?	46	3fffffffffff
N??CA?_ECGi_H_AW@K?	46	3fffffffffff
N??CA?_ECGi_H_AW?[?	46	3fffffffffff
N??CA?_ECGi_KOAgX??	46	3fffffffffff
N??CA?_ECGi_KOAgT??	46	3fffffffffff
N??CA?_ECGi_KOAgL??	46	3fffffffffff
N??CA?_ECGi_KOAgK_?	46	fffffffeefff
N??CA?_ECGi_KOAgKO?	46	3fffffffffff
N??CA?_ECGi_KOAgPO?	46	3fffffffffff
N??CA?_ECGi_KOAgHO?	46	3fffffffffff
N??CA?_ECGi_KOAgDO?	46	3fffffffffff
N??CA?_ECGi_KOAgOo?	46	3fffffffffff
N??CA?_ECGi_KOAgGo?	46	3fffffffffff
N??CA?_ECGi_KOAgCo?	46	3fffffffffff
N??CA?_ECGi_KOAg@o?	46	3fffffffffff
N??CA?_ECGi_KOAgSG?	46	7ffffffeffff
N??CA?_ECGi_KOAgPG?	46	3fffffffffff
N??CA?_ECGi_KOAgHG?	46	3fffffffffff
N??CA?_ECGi_KOAgDG?	46	3fffffffffff
N??CA?_ECGi_KOAg@g?	46	3fffffffffff
N??CA?_ECGi_KOAgCW?	46	3fffffffffff
N??CA?_ECGi_KOAg@W?	46	3fffffffffff
N??CA?_ECGi_KOAg?w?	46	3fffffffffff
N??CA?_ECGi_KOAgWC?	46	3fffffffffff
N??CA?_ECGi_KOAgSC?	46	3fffffffffff
N??CA?_ECGi_KOAgPC?	46	3fffffffffff
N??CA?_ECGi_KOAgHC?	46	3fffffffffff
N??CA?_ECGi_KOAgGc?	46	3fffffffffff
N??CA?_ECGi_KOAgGS?	46	3fffffffffff
N??CA?_ECGi_KOAg@S?	46	3fffffffffff
N??CA?_ECGi_KOAg?s?	46	3fffffffffff
N??CA?_ECGi_KOAgOK?	46	3fffffffffff
N??CA?_ECGi_KOAg@K?	46	3fffffffffff
N??CA?_ECGi_KOAg?[?	46	3fffffffffff
N??CA?_ECGi_HOAg[??	46	7fffffffefff
N??CA?_ECGi_HOAgM??	46	fffffffeefff
N??CA?_ECGi_HOAgWO?	46	3fffffffffff
N??CA?_ECGi_HOAgKO?	46	3fffffffffff
N??CA?_ECGi_HOAgIO?	46	3fffffffffff
N??CA?_ECGi_HOAgEO?	46	3fffffffffff
N??CA?_ECGi_HOAgDO?	46	3fffffffffff
N??CA?_ECGi_HOAgBO?	46	3fffffffffff
N??CA?_ECGi_HOAgWG?	46	fffffffdf7ff
N??CA?_ECGi_HOAgSG?	46	7ffffffdffff
N??CA?_ECGi_HOAgKG?	46	fffffffdefff
N??CA?_ECGi_HOAgDG?	46	3fffffffffff
N??CA?_ECGi_HOAgBG?	46	3fffffffffff
N??CA?_ECGi_HOAgCW?	46	3fffffffffff
N??CA?_ECGi_HOAgAW?	46	3fffffffffff
N??CA?_ECGi_HOAg@W?	46	3fffffffffff
N??CA?_ECGi_HOAgWC?	46	3fffffffffff
N??CA?_ECGi_HOAgIC?	46	3fffffffffff
N??CA?_ECGi_HOAgPC?	46	3fffffffffff
N??CA?_ECGi_HOAgHC?	46	3fffffffffff
N??CA?_ECGi_HOAgDC?	46	3fffffffffff
N??CA?_ECGi_HOAgOS?	46	3fffffffffff
N??CA?_ECGi_HOAgGS?	46	3fffffffffff
N??CA?_ECGi_HOAgAS?	46	3fffffffffff
N??CA?_ECGi_HOAg@S?	46	3fffffffffff
N??CA?_ECGi_HOAgOK?	46	3fffffffffff
N??CA?_ECGi_HOAgAK?	46	3fffffffffff
N??CA?_ECGi_HOAg@K?	46	3fffffffffff
N??CA?_ECGi_HOAg?[?	46	3fffffffffff
N??CA?_ECGi_BOGg[??	46	3fffffffffff
N??CA?_ECGi_BOGgU??	46	3fffffffffff
N??CA?_ECGi_BOGgM??	46	2fffff7ff7ffb
N??CA?_ECGi_BOGgKO?	46	3fffffffffff
N??CA?_ECGi_BOGgEO?	46	3fffffffffff
N??CA?_ECGi_BOGgEC?	46	3fffffffffff
N??CA?_ECGi_CoIG[??	46	3fffffffffff
N??CA?_ECGi_CoIGT??	46	3fffffffffff
N??CA?_ECGi_CoIGL??	46	3fffffffffff
N??CA?_ECGi_CoIGS_?	46	3fffffffffff
N??CA?_ECGi_CoIGK_?	46	3fffffffffff
N??CA?_ECGi_CoIGD_?	46	3fffffffffff
N??CA?_ECGi_CoIGKO?	46	3fffffffffff
N??CA?_ECGi_CoIGDO?	46	3fffffffffff
N??CA?_ECGi_CoIGCo?	46	3fffffffffff
N??CA?_ECGi_CoIGSG?	46	3fffffffffff
N??CA?_ECGi_CoIGDG?	46	3fffffffffff
N??CA?_ECGi_CoIGCg?	46	3fffffffffff
N??CA?_ECGi_CoIGCW?	46	3fffffffffff
N??CA?_ECGi_@oIG[??	46	3fffffffffff
N??CA?_ECGi_@oIGU??	46	3fffffffffff
N??CA?_ECGi_@oIGM??	46	3fffffffffff
N??CA?_ECGi_@oIGT??	46	3fffffffffff
N??CA?_ECGi_@oIGF??	46	3fffffffffff
N??CA?_ECGi_@oIGEO?	46	3fffffffffff
N??CA?_ECGi_@oIGDO?	46	3fffffffffff
N??CA?_ECGi_@oIGSG?	46	3fffffffffff
N??CA?_ECGi_@oIGEG?	46	3fffffffffff
N??CA?_ECGi_@oIGDG?	46	3fffffffffff
N??CA?_ECGi_@oIGCW?	46	3fffffffffff
N??CA?_ECGi_@oIGSC?	46	3fffffffffff
N??CA?_ECGi_@oIGKC?	46	3fffffffffff
N??CA?_ECGi_@oIGCS?	46	3fffffffffff
N??CA?_ECGi_@oIGCK?	46	3fffffffffff
N??CA?_ECGi_WGAoT??	46	3fffffffffff
N??CA?_ECGi_WGAoF??	46	3fffffffffff
N??CA?_ECGi_WGAoS_?	46	7ffffffff7ff
N??CA?_ECGi_WGAoSG?	46	3fffffffffff
N??CA?_ECGi_WGAoDG?	46	3fffffffffff
N??CA?_ECGi_WGAoCW?	46	3fffffffffff
N??CA?_ECGi_WGAoSC?	46	7ffffffeffff
N??CA?_ECGi_KGAoT??	46	3fffffffffff
N??CA?_ECGi_KGAoL??	46	3fffffffffff
N??CA?_ECGi_KGAoS_?	46	ffffffffe7ff
N??CA?_ECGi_KGAoKO?	46	3fffffffffff
N??CA?_ECGi_KGAoDO?	46	3fffffffffff
N??CA?_ECGi_KGAoCo?	46	3fffffffffff
N??CA?_ECGi_KGAoSG?	46	3fffffffffff
N??CA?_ECGi_KGAoDG?	46	3fffffffffff
N??CA?_ECGi_KGAoCW?	46	3fffffffffff
N??CA?_ECGi_KGAoSC?	46	fffffffef7ff
N??CA?_ECGi_KGAoCK?	46	3fffffffffff
N??CA?_ECGi_HGAo[??	46	7ffffffff7ff
N??CA?_ECGi_HGAoU??	46	ffffffffe7ff
N??CA?_ECGi_HGAoM??	46	fffffffef7ff
N??CA?_ECGi_HGAoT??	46	3fffffffffff
N??CA?_ECGi_HGAoKO?	46	3fffffffffff
N??CA?_ECGi_HGAoEO?	46	3fffffffffff
N??CA?_ECGi_HGAoDO?	46	3fffffffffff
N??CA?_ECGi_HGAoSG?	46	3fffffffffff
N??CA?_ECGi_HGAoEG?	46	3fffffffffff
N??CA?_ECGi_HGAoDG?	46	3fffffffffff
N??CA?_ECGi_HGAoCW?	46	3fffffffffff
N??CA?_ECGi_HGAoKC?	46	fffffffdefff
N??CA?_ECGb_[??w[??	46	7ffffffdffff
N??CA?_ECGb_[??wX??	46	fffffffdf7ff
N??CA?_ECGb_[??wL??	46	fffffffcffff
N??CA?_ECGb_[??wW_?	46	fffffffdf7ff
N??CA?_ECGb_[??wKO?	46	3fffffffffff
N??CA?_ECGb_[??wHO?	46	3fffffffffff
N??CA?_ECGb_[??w@o?	46	3ffffffff7efc
N??CA?_ECGb_[??wWG?	46	3fffffffffff
N??CA?_ECGb_[??wSG?	46	3fffffffffff
N??CA?_ECGb_[??wPG?	46	3fffffffffff
N??CA?_ECGb_[??wHG?	46	3fffffffffff
N??CA?_ECGb_[??wDG?	46	3fffffffffff
N??CA?_ECGb_[??wOg?	46	3fffffffffff
N??CA?_ECGb_[??wGW?	46	3fffffffffff
N??CA?_ECGb_[??wCW?	46	3fffffffffff
N??CA?_ECGb_[??w@W?	46	3fffffffffff
N??CA?_ECGb_[??wOK?	46	7ffffffffffb
N??CA?_ECGb_[??w@K?	46	3fffffffffff
N??CA?_ECGb_[??w?k?	46	3fffffffffff
N??CA?_ECGb_[??w?[?	46	7ffffffffffe
N??CA?_ECGb_X??w[??	46	7ffffffdffff
N??CA?_ECGb_X??wY??	46	fffffffdf7ff
N??CA?_ECGb_X??wM??	46	fffffffcffff
N??CA?_ECGb_X??wKO?	46	3fffffffffff
N??CA?_ECGb_X??wBO?	46	3ffffffff7efc
N??CA?_ECGb_X??wSG?	46	3fffffffffff
N??CA?_ECGb_X??wQG?	46	3fffffffffff
N??CA?_ECGb_X??wGW?	46	3fffffffffff
N??CA?_ECGb_X??wCW?	46	3fffffffffff
N??CA?_ECGb_X??wOK?	46	7ffffffffffb
N??CA?_ECGb_X??wGK?	46	3ffffffffffcc
N??CA?_ECGb_X??wAK?	46	3fffffffffff
N??CA?_ECGb_X??w?[?	46	7ffffffffffe
N??CA?_ECGb_S_GW[??	46	3fffffffffff
N??CA?_ECGb_S_GWT??	46	2ffeffffffefb
N??CA?_ECGb_S_GWL??	46	3fffffffffff
N??CA?_ECGb_S_GWS_?	46	2ffeffffffefb
N??CA?_ECGb_S_GWK_?	46	3fffffffffff
N??CA?_ECGb_S_GWKO?	46	3fffffffffff
N??CA?_ECGb_S_GWDO?	46	37fffbfffeffb
N??CA?_ECGb_S_GWSG?	46	7fffffff7fff
N??CA?_ECGb_S_GWDG?	46	3fffffffffff
N??CA?_ECGb_S_GWCW?	46	3fffffffffff
N??CA?_ECGb_S_GWSC?	46	7fffffff7fff
N??CA?_ECGb_S_GWDC?	46	3fffffffffff
N??CA?_ECGb_S_GWCS?	46	3fffffffffff
N??CA?_ECGb_P_GW[??	46	3fffffffffff
N??CA?_ECGb_P_GWU??	46	2ffeffffffefb
N??CA?_ECGb_P_GWM??	46	3fffffffffff
N??CA?_ECGb_P_GWKO?	46	3fffffffffff
N??CA?_ECGb_P_GWSG?	46	7fffffff7fff
N??CA?_ECGb_P_GWCW?	46	3fffffffffff
N??CA?_ECGb_P_GWCS?	46	3fffffffffff
N??CA?_ECGb_SOGg[??	46	3fffffffffff
N??CA?_ECGb_SOGgL??	46	2fffff7ff7ffb
N??CA?_ECGb_SOGgKO?	46	3bffbffffff7d
N??CA?_ECGb_SOGgKG?	46	2ffeffffffefb
N??CA?_ECGb_POGg[??	46	3fffffffffff
N??CA?_ECGb_POGgKO?	46	3bffbffffff7d
N??CA?_ECGwOM?@WJ??	46	fffffffef7ff
N??CA?_ECGwOM?@WK_?	46	3fffffffffff
N??CA?_ECGwOM?@WB_?	46	3ffff7dfdf7ff
N??CA?_ECGwOM?@WKO?	46	7ffffffdffff
N??CA?_ECGwOM?@WAo?	46	3fffffffffff
N??CA?_ECGwOM?@WKG?	46	7ffffffdffff
N??CA?_ECGwOM?@WCg?	46	3fffffffffff
N??CA?_ECGwOM?@WGW?	46	fbffbfffff77c
N??CA?_ECGwOM?@WCW?	46	3fffffffffff
N??CA?_ECGwOM?@W?w?	46	ffffffffff74c
N??CA?_ECGwOM?@WKC?	46	7ffffffdffff
N??CA?_ECGwOM?@WIC?	46	3fffffffffff
N??CA?_ECGwOM?@WGc?	46	7ffffffffffe
N??CA?_ECGwOM?@WGS?	46	7ffffffffffe
N??CA?_ECGwOM?@WCS?	46	3fffffffffff
N??CA?_ECGwOM?@WCK?	46	7fffffff7fff
N??CA?_ECGwOM?@WAK?	46	3fffffffffff
N??CA?_ECGwOM?@W?k?	46	7ffffffff7ff
N??CA?_ECGwOL?AWM??	46	7fffffff7fff
N??CA?_ECGwOL?AWL??	46	3fffffffffff
N??CA?_ECGwOL?AWJ??	46	3fffffffffff
N??CA?_ECGwOL?AWF??	46	3ffff7dfdf7ff
N??CA?_ECGwOL?AWK_?	46	7ffffffeffff
N??CA?_ECGwOL?AWB_?	46	3ffff7dfdf7ff
N??CA?_ECGwOL?AWKO?	46	7ffffffeffff
N??CA?_ECGwOL?AWBO?	46	3fffffffffff
N??CA?_ECGwOL?AWCo?	46	fffffffdefff
N??CA?_ECGwOL?AW@o?	46	3fffffffffff
N??CA?_ECGwOL?AWKG?	46	3fffffffffff
N??CA?_ECGwOL?AWEG?	46	3fffffffffff
N??CA?_ECGwOL?AWDG?	46	3fffffffffff
N??CA?_ECGwOL?AWCg?	46	3fffffffffff
N??CA?_ECGwOL?AWGW?	46	fffffffff7fd
N??CA?_ECGwOL?AW?w?	46	3fffffffffff
N??CA?_ECGwOL?AWKC?	46	3fffffffffff
N??CA?_ECGwOL?AWIC?	46	3fffffffffff
N??CA?_ECGwOL?AWGc?	46	3fffffffffff
N??CA?_ECGwOL?AWGS?	46	7ffffffffffd
N??CA?_ECGwOL?AWCS?	46	3fffffffffff
N??CA?_ECGwOL?AWGK?	46	fffffffffefd
N??CA?_ECGwOL?AWCK?	46	3fffffffffff
N??CA?_ECGwOL?AWAK?	46	3fffffffffff
N??CA?_ECGwOL?AW@K?	46	7ffffffff7ff
N??CA?_ECGwOL?AW?k?	46	3fffffffffff
N??CA?_ECGwOL?AW?[?	46	7fffffffefff
N??CA?_ECGwOF?GWM??	46	3fffffffffff
N??CA?_ECGwOF?GWK_?	46	3fffffffffff
N??CA?_ECGwOF?GWEG?	46	3fffffff0ffff
N??CA?_ECGwOF?GWCg?	46	3fffffff0ffff
N??CA?_ECGwOEOHGM??	46	3fffffffffff
N??CA?_ECGwOEOHGK_?	46	fffffffdfffd
N??CA?_ECGwOEOHGKO?	46	7ffffffffffd
N??CA?_ECGwOEOHGCo?	46	ffffffff0e7ff
N??CA?_ECGwOEOHGKG?	46	7ffffffdffff
N??CA?_ECGwOEOHGCg?	46	7fffffff7fff
N??CA?_ECGwOEOHGCW?	46	3fffffffffff
N??CA?_ECGwODOIGM??	46	3fffffffffff
N??CA?_ECGwODOIGK_?	46	3fffffffffff
N??CA?_ECGwODOIGKO?	46	7fffffffff7f
N??CA?_ECGwODOIGKG?	46	3fffffffffff
N??CA?_ECGwODOIGEG?	46	3fffffffffff
N??CA?_ECGwODOIGCg?	46	3fffffffffff
N??CA?_ECGwODOIGKC?	46	fffffffefeff
N??CA?_ECGwODOIGCK?	46	3fffffffffff
N??CA?_ECGkO?wF?J??	46	3fffffffffff
N??CA?_ECGkO?wF?EG?	46	3fffffffffff
N??CA?_ECGkO?wF?Cg?	46	3fffffffffff
N??CA?_ECGqOY?@WL??	46	7ffffffeffff
N??CA?_ECGqOY?@WJ??	46	fffffffef7ff
N??CA?_ECGqOY?@WK_?	46	3fffffffffff
N??CA?_ECGqOY?@WKO?	46	7ffffffdffff
N??CA?_ECGqOY?@WGo?	46	3fffffffffff
N??CA?_ECGqOY?@WEG?	46	3fffffffffff
N??CA?_ECGqOY?@WDG?	46	3fffffffffff
N??CA?_ECGqOY?@WBG?	46	3fffffffffff
N??CA?_ECGqOY?@WGg?	46	3fffffffffff
N??CA?_ECGqOY?@WCg?	46	3fffffffffff
N??CA?_ECGqOY?@WCW?	46	3fffffffffff
N??CA?_ECGqOY?@W?w?	46	ffffffffff7d
N??CA?_ECGqOY?@WGK?	46	3ffff7dfdf7ff
N??CA?_ECGqOY?@WAK?	46	7ffffffffffe
N??CA?_ECGqOY?@W@K?	46	3fffffffffff
N??CA?_ECGqOY?@W?k?	46	7ffffffffffd
N??CA?_ECGqOY?@W?[?	46	7ffffffffffd
N??CA?_ECGqOR?GWM??	46	7ffffffffffe
N??CA?_ECGqOR?GWL??	46	3fffffffffff
N??CA?_ECGqOR?GWF??	46	2ffeffffffefb
N??CA?_ECGqOR?GWK_?	46	3fffffffffff
N??CA?_ECGqOR?GWKO?	46	7ffffffffffe
N??CA?_ECGqOR?GWCo?	46	2ffeffffffefb
N??CA?_ECGqOR?GWDG?	46	3fffffffffff
N??CA?_ECGqOR?GWCg?	46	3fffffffffff
N??CA?_ECGqOR?GWCc?	46	3fffffffffff
N??CA?_ECGqOQOHGM??	46	3fffffffffff
N??CA?_ECGqOQOHGK_?	46	37fffbfffeffb
N??CA?_ECGqOQOHGKO?	46	3fffffffffff
N??CA?_ECGqOQOHGKG?	46	1ffffffffb7fe
N??CA?_ECGiOI_@W[??	46	7ffffffdffff
N??CA?_ECGiOI_@WU??	46	fffffffdefff
N??CA?_ECGiOI_@WM??	46	7ffffffdffff
N??CA?_ECGiOI_@WW_?	46	3fffffffffff
N??CA?_ECGiOI_@WK_?	46	3fffffffffff
N??CA?_ECGiOI_@WSG?	46	3fffffffffff
N??CA?_ECGiOI_@WEG?	46	3fffffffffff
N??CA?_ECGiOI_@WDG?	46	3fffffffffff
N??CA?_ECGiOI_@WBG?	46	3fffffffffff
N??CA?_ECGiOI_@WOK?	46	3fffffffffff
N??CA?_ECGiOI_@WGK?	46	3fffffffffff
N??CA?_ECGiOI_@W?k?	46	3fffffffffff
N??CA?_ECGiOKOBGX??	46	3fffffffffff
N??CA?_ECGiOKOBGT??	46	3fffffffffff
N??CA?_ECGiOKOBGL??	46	3fffffffffff
N??CA?_ECGiOKOBGW_?	46	3fffffffffff
N??CA?_ECGiOKOBGK_?	46	3fffffffffff
N??CA?_ECGiOKOBGD_?	46	3fffffffffff
N??CA?_ECGiOKOBGKO?	46	7fffffffefff
N??CA?_ECGiOKOBGPO?	46	3fffffffffff
N??CA?_ECGiOKOBGDO?	46	3fffffffffff
N??CA?_ECGiOKOBGOo?	46	3fffffffffff
N??CA?_ECGiOKOBGCo?	46	3fffffffffff
N??CA?_ECGiOKOBG@o?	46	3fffffffffff
N??CA?_ECGiOKOBGSG?	46	7fffffffefff
N??CA?_ECGiOKOBGPG?	46	3fffffffffff
N??CA?_ECGiOKOBGGg?	46	3fffffffffff
N??CA?_ECGiOKOBGCW?	46	7ffffffdffff
N??CA?_ECGiOKOBG@W?	46	3fffffffffff
N??CA?_ECGiOKOBG?w?	46	3fffffffffff
N??CA?_ECGiOKOBGWC?	46	3fffffffffff
N??CA?_ECGiOKOBGSC?	46	3fffffffffff
N??CA?_ECGiOKOBGPC?	46	3fffffffffff
N??CA?_ECGiOKOBGHC?	46	3fffffffffff
N??CA?_ECGiOKOBGDC?	46	3fffffffffff
N??CA?_ECGiOKOBGGc?	46	3fffffffffff
N??CA?_ECGiOKOBGGS?	46	3fffffffffff
N??CA?_ECGiOKOBGCS?	46	3fffffffffff
N??CA?_ECGiOKOBG@S?	46	3fffffffffff
N??CA?_ECGiOKOBGOK?	46	3fffffffffff
N??CA?_ECGiOKOBG@K?	46	3fffffffffff
N??CA?_ECGiOKOBG?[?	46	3fffffffffff
N??CA?_ECGiOGoBG[??	46	7fffffffefff
N??CA?_ECGiOGoBGM??	46	7fffffffefff
N??CA?_ECGiOGoBGX??	46	3fffffffffff
N??CA?_ECGiOGoBGL??	46	3fffffffffff
N??CA?_ECGiOGoBGR??	46	3fffffffffff
N??CA?_ECGiOGoBGF??	46	3fffffffffff
N??CA?_ECGiOGoBGW_?	46	3fffffffffff
N??CA?_ECGiOGoBGK_?	46	3fffffffffff
N??CA?_ECGiOGoBGSG?	46	7ffffffdffff
N??CA?_ECGiOGoBGBG?	46	3fffffffffff
N??CA?_ECGiOGoBGWC?	46	3fffffffffff
N??CA?_ECGiOGoBGSC?	46	3fffffffffff
N??CA?_ECGiOGoBGKC?	46	3fffffffffff
N??CA?_ECGiOGoBGIC?	46	3fffffffffff
N??CA?_ECGiOGoBGHC?	46	3fffffffffff
N??CA?_ECGiOGoBGBC?	46	3fffffffffff
N??CA?_ECGiOGoBGOc?	46	3fffffffffff
N??CA?_ECGiOGoBGGc?	46	3fffffffffff
N??CA?_ECGiOGoBGOK?	46	3fffffffffff
N??CA?_ECGiOGoBGGK?	46	3fffffffffff
N??CA?_ECGiOGoBGAK?	46	3fffffffffff
N??CA?_ECGiOGoBG?k?	46	3fffffffffff
N??CA?_ECGiOAoHG[??	46	3fffffffffff
N??CA?_ECGiOAoHGM??	46	3fffffffffff
N??CA?_ECGiOAoHGF??	46	3fffffffffff
N??CA?_ECGiOAoHGS_?	46	7fffffffefff
N??CA?_ECGiOAoHGKC?	46	3fffffffffff
N??CA?_ECGiOWGBOU??	46	7ffffffffffd
N??CA?_ECGiOWGBOT??	46	3fffffffffff
N??CA?_ECGiOWGBOF??	46	3fffffffffff
N??CA?_ECGiOWGBOS_?	46	3fffffffffff
N??CA?_ECGiOWGBODO?	46	3fffffffffff
N??CA?_ECGiOWGBOCo?	46	3fffffffffff
N??CA?_ECGiOWGBOSG?	46	3fffffffffff
N??CA?_ECGiOWGBOEG?	46	3fffffffffff
N??CA?_ECGiOWGBOCg?	46	3fffffffffff
N??CA?_ECGiOWGBOCW?	46	3fffffffffff
N??CA?_ECGiOWGBOSC?	46	7fffffffefff
N??CA?_ECGiOWGBOCc?	46	3fffffffffff
N??CA?_ECGiOKGBOT??	46	3fffffffffff
N??CA?_ECGiOKGBOL??	46	3fffffffffff
N??CA?_ECGiOKGBOD_?	46	3fffffffffff
N??CA?_ECGiOKGBOKO?	46	7ffffffff7ff
N??CA?_ECGiOKGBODO?	46	3fffffffffff
N??CA?_ECGiOKGBOCo?	46	3fffffffffff
N??CA?_ECGiOKGBOSG?	46	3fffffffffff
N??CA?_ECGiOKGBODG?	46	3fffffffffff
N??CA?_ECGiOKGBOCW?	46	3fffffffffff
N??CA?_ECGiOKGBOSC?	46	ffffffffe7ff
N??CA?_ECGiOKGBOKC?	46	7fffffffefff
N??CA?_ECGiOKGBOCS?	46	fffffffdff7f
N??CA?_ECGiOKGBOCK?	46	3fffffffffff
N??CA?_ECGiOGgBO[??	46	7ffffffff7ff
N??CA?_ECGiOGgBOL??	46	3fffffffffff
N??CA?_ECGiOGgBOF??	46	3fffffffffff
N??CA?_ECGiOGgBOK_?	46	3fffffffffff
N??CA?_ECGiOGgBOSG?	46	3fffffffffff
N??CA?_ECGiOGgBOKG?	46	3fffffffffff
N??CA?_ECGiOGgBOEG?	46	3fffffffffff
N??CA?_ECGiOGgBOCg?	46	3fffffffffff
N??CA?_ECGiOGgBOKC?	46	fffffffdfffb
N??CA?_ECGiOGgBOCK?	46	3fffffffffff
N??CA?_ECGbO[?@W[??	46	7ffffffeffff
N??CA?_ECGbO[?@WX??	46	fffffffef7ff
N??CA?_ECGbO[?@WL??	46	7ffffffeffff
N??CA?_ECGbO[?@WKO?	46	7ffffffdffff
N??CA?_ECGbO[?@WHO?	46	fffffffdff7f
N??CA?_ECGbO[?@WWG?	46	3fffffffffff
N??CA?_ECGbO[?@WSG?	46	3fffffffffff
N??CA?_ECGbO[?@WPG?	46	3fffffffffff
N??CA?_ECGbO[?@WDG?	46	3fffffffffff
N??CA?_ECGbO[?@WCg?	46	3fffffffffff
N??CA?_ECGbO[?@W@W?	46	3fffffffffff
N??CA?_ECGbO[?@WOK?	46	3fffffffffff
N??CA?_ECGbO[?@W@K?	46	3fffffffffff
N??CA?_ECGbO[?@W?k?	46	3fffffffffff
N??CA?_ECGbO[?@W?[?	46	3fffffffffff
N??CA?_ECGbOW_@W[??	46	7ffffffdffff
N??CA?_ECGbOW_@WR??	46	3fffffffdef7e
N??CA?_ECGbOW_@WJ??	46	fffffffdff7f
N??CA?_ECGbOW_@WWG?	46	3fffffffffff
N??CA?_ECGbOW_@WSG?	46	3fffffffffff
N??CA?_ECGbOW_@WEG?	46	3fffffffffff
N??CA?_ECGbOW_@WBG?	46	3fffffffffff
N??CA?_ECGbOW_@WCg?	46	3fffffffffff
N??CA?_ECGbOW_@WOK?	46	3fffffffffff
N??CA?_ECGbOW_@WAK?	46	3fffffffffff
N??CA?_ECGbOW_@W?k?	46	3fffffffffff
N??CA?_ECGbOP_GW[??	46	3fffffffffff
N??CA?_ECGbOP_GWF??	46	37fffbfffeffb
N??CA?_ECGbOP_GWK_?	46	3fffffffffff
N??CA?_ECGbOP_GWSG?	46	3fffffffffff
N??CA?_ECGbOP_GWCg?	46	3fffffffffff
N??CA?_ECGbOP_GWSC?	46	3fffffffffff
N??CA?_ECGbOSOHG[??	46	3fffffffffff
N??CA?_ECGbOSOHGL??	46	3fffffffffff
N??CA?_ECGbOSOHGK_?	46	3fffffffffff
N??CA?_ECGbOSOHGKG?	46	3fffffffffff
N??CA?_ECGbOOoHG[??	46	3fffffffffff
N??CA?_ECGbOOoHGK_?	46	7fffffff7fff
N??CA?_ECGbOOoHGKG?	46	7fffffff7fff
N??CA?_ECGoo[?AWK_?	46	fffffffefffe
N??CA?_ECGoo[?AWKO?	46	fffffffefffe
N??CA?_ECGoo[?AWCg?	46	7ffffffff7ff
N??CA?_ECGoo[?AWCW?	46	7ffffffff7ff
N??CA?_ECGooU?GWK_?	46	7ffffffffffe
N??CA?_ECGooU?GWKO?	46	7ffffffffffe
N??CA?_ECGooU?GWCg?	46	fbffbfffff77c
N??CA?_ECGooSOIGK_?	46	3fffffffdef7e
N??CA?_ECGooSOIGKO?	46	3fffffffdef7e
N??CA?_ECGgoK_AW[??	46	7ffffffeffff
N??CA?_ECGgoK_AWY??	46	fffffffef7ff
N??CA?_ECGgoK_AWM??	46	7ffffffeffff
N??CA?_ECGgoK_AWT??	46	3fffffffffff
N??CA?_ECGgoK_AWL??	46	3fffffffffff
N??CA?_ECGgoK_AWR??	46	3fffffffffff
N??CA?_ECGgoK_AWJ??	46	3fffffffffff
N??CA?_ECGgoK_AWS_?	46	fffffffdefff
N??CA?_ECGgoK_AWK_?	46	7ffffffdffff
N??CA?_ECGgoK_AWSG?	46	3fffffffffff
N??CA?_ECGgoK_AWBG?	46	3fffffffffff
N??CA?_ECGgoK_AWOg?	46	3fffffffffff
N??CA?_ECGgoK_AWCg?	46	3fffffffffff
N??CA?_ECGgoK_AWWC?	46	3fffffffffff
N??CA?_ECGgoK_AWIC?	46	3fffffffffff
N??CA?_ECGgoK_AWBC?	46	3fffffffffff
N??CA?_ECGgoK_AWGc?	46	3fffffffffff
N??CA?_ECGgoK_AWOK?	46	3fffffffffff
N??CA?_ECGgoK_AWCK?	46	3fffffffffff
N??CA?_ECGgoK_AW@K?	46	3fffffffffff
N??CA?_ECGgoK_AW?k?	46	3fffffffffff
N??CA?_ECGgoHOEG[??	46	7ffffffffffb
N??CA?_ECGgoHOEGY??	46	3fffffffffff
N??CA?_ECGgoHOEGM??	46	3fffffffffff
N??CA?_ECGgoHOEGF??	46	3fffffffffff
N??CA?_ECGgoHOEGKO?	46	7fffffffefff
N??CA?_ECGgoHOEGIO?	46	3fffffffffff
N??CA?_ECGgoHOEGEO?	46	3fffffffffff
N??CA?_ECGgoHOEGBO?	46	3fffffffffff
N??CA?_ECGgoHOEGSG?	46	7fffffffefff
N??CA?_ECGgoHOEGIG?	46	3fffffffffff
N??CA?_ECGgoHOEGEG?	46	3fffffffffff
N??CA?_ECGgoHOEGOW?	46	fffeff7fd7e7f
N??CA?_ECGgoHOEGCW?	46	7ffffffdffff
N??CA?_ECGgoHOEGAW?	46	3fffffffffff
N??CA?_ECGgoHOEGWC?	46	3fffffffffff
N??CA?_ECGgoHOEGKC?	46	3fffffffffff
N??CA?_ECGgoHOEGGS?	46	3fffffffffff
N??CA?_ECGgoHOEGCS?	46	3fffffffffff
N??CA?_ECGgoHOEGOK?	46	3fffffffffff
N??CA?_ECGgoHOEG?[?	46	3fffffffffff
N??CA?_ECGgoGoEGM??	46	3fffffffffff
N??CA?_ECGgoGoEGR??	46	3fffffffffff
N??CA?_ECGgoGoEGJ??	46	3fffffffffff
N??CA?_ECGgoGoEGF??	46	7ffffffffeff
N??CA?_ECGgoGoEGSG?	46	7fffffffefff
N??CA?_ECGgoGoEGBG?	46	3fffffffffff
N??CA?_ECGgoGoEGOg?	46	fffeff7fd7e7f
N??CA?_ECGgoGoEGWC?	46	3fffffffffff
N??CA?_ECGgoGoEGSC?	46	3fffffffffff
N??CA?_ECGgoGoEGKC?	46	7fffffff7fff
N??CA?_ECGgoGoEGIC?	46	3fffffffffff
N??CA?_ECGgoGoEGBC?	46	7fffffffff7f
N??CA?_ECGgoGoEGGc?	46	3fffffffffff
N??CA?_ECGgoGoEGOK?	46	3fffffffffff
N??CA?_ECGgoGoEGGK?	46	7ffffffffffb
N??CA?_ECGgoGoEGAK?	46	3fffffffffff
N??CA?_ECGgoGoEG?k?	46	3fffffffffff
N??CA?_ECGgoCoIG[??	46	3fffffffffff
N??CA?_ECGgoCoIGM??	46	3fffffffffff
N??CA?_ECGgoCoIGL??	46	3fffffffffff
N??CA?_ECGgoCoIGK_?	46	3fffffffffff
N??CA?_ECGgoCoIGSG?	46	3fffffffffff
N??CA?_ECGgoCoIGEG?	46	3fffffffffff
N??CA?_ECGgoCoIGDG?	46	3fffffffffff
N??CA?_ECGgoCoIGKC?	46	3fffffffffff
N??CA?_ECGgoCoIGCK?	46	3fffffffffff
N??CA?_ECGgoWGEOU??	46	3fffffffffff
N??CA?_ECGgoWGEOF??	46	7ffffffffffe
N??CA?_ECGgoWGEOS_?	46	7ffffffffffd
N??CA?_ECGgoWGEOEO?	46	3fffffffffff
N??CA?_ECGgoWGEOCo?	46	7ffffffff7ff
N??CA?_ECGgoWGEOSG?	46	3fffffffffff
N??CA?_ECGgoWGEOCW?	46	7fffffff7fff
N??CA?_ECGgoWGEOSC?	46	7ffffffffffb
N??CA?_ECGgoWGEOCc?	46	7fffffffefff
N??CA?_ECGgoHGEO[??	46	7ffffffffffd
N??CA?_ECGgoHGEOU??	46	3fffffffffff
N??CA?_ECGgoHGEOM??	46	3fffffffffff
N??CA?_ECGgoHGEOSO?	46	ffffffff0e7ff
N??CA?_ECGgoHGEOKO?	46	7ffffffff7ff
N??CA?_ECGgoHGEOEO?	46	3fffffffffff
N??CA?_ECGgoHGEOSG?	46	3fffffffffff
N??CA?_ECGgoHGEOCW?	46	3fffffffffff
N??CA?_ECGgoHGEOCS?	46	fffeff7fd7e7f
N??CA?_ECGgoGgEOM??	46	3fffffffffff
N??CA?_ECGgoGgEOF??	46	3fffffffffff
N??CA?_ECGgoGgEOS_?	46	ffffffff0e7ff
N??CA?_ECGgoGgEOSG?	46	3fffffffffff
N??CA?_ECGgoGgEOKG?	46	7fffffff7fff
N??CA?_ECGgoGgEOKC?	46	ffffffff6fff
N??CA?_ECGgoGgEOCK?	46	7ffffffffffb
N??CA?_ECGao[?AW[??	46	7fffffff7fff
N??CA?_ECGao[?AWX??	46	3fffffffffff
N??CA?_ECGao[?AWW_?	46	fffffffef7ff
N??CA?_ECGao[?AWKO?	46	7ffffffeffff
N??CA?_ECGao[?AWHO?	46	3fffffffffff
N??CA?_ECGao[?AWOo?	46	3fffffffdef7e
N??CA?_ECGao[?AWGo?	46	fffffffdff7f
N??CA?_ECGao[?AWWG?	46	3fffffffffff
N??CA?_ECGao[?AWSG?	46	3fffffffffff
N??CA?_ECGao[?AWPG?	46	3fffffffffff
N??CA?_ECGao[?AWDG?	46	7fffffffff7f
N??CA?_ECGao[?AWGg?	46	3fffffffffff
N??CA?_ECGao[?AWCg?	46	3fffffffffff
N??CA?_ECGao[?AWCW?	46	3fffffffffff
N??CA?_ECGao[?AW@W?	46	3fffffffffff
N??CA?_ECGao[?AW?w?	46	3fffffffffff
N??CA?_ECGao[?AWOK?	46	3fffffffffff
N??CA?_ECGao[?AW@K?	46	7fffffff7fff
N??CA?_ECGao[?AW?k?	46	3fffffffffff
N??CA?_ECGao[?AW?[?	46	3fffffffffff
N??CA?_ECGaoX?AW[??	46	7ffffffeffff
N??CA?_ECGaoX?AWY??	46	fffffffef7ff
N??CA?_ECGaoX?AWM??	46	7ffffffeffff
N??CA?_ECGaoX?AWL??	46	3fffffffffff
N??CA?_ECGaoX?AWWO?	46	fffffffdf7ff
N??CA?_ECGaoX?AWKO?	46	7ffffffdffff
N??CA?_ECGaoX?AWIO?	46	fffffffdff7f
N??CA?_ECGaoX?AWSG?	46	3fffffffffff
N??CA?_ECGaoX?AWIG?	46	3fffffffffff
N??CA?_ECGaoX?AWEG?	46	3fffffffffff
N??CA?_ECGaoX?AWDG?	46	3fffffffffff
N??CA?_ECGaoX?AWOW?	46	3fffffffffff
N??CA?_ECGaoX?AWCW?	46	3fffffffffff
N??CA?_ECGaoX?AWAW?	46	3fffffffffff
N??CA?_ECGaoX?AWOK?	46	3fffffffffff
N??CA?_ECGaoX?AWAK?	46	3fffffffffff
N??CA?_ECGaoX?AW@K?	46	3fffffffffff
N??CA?_ECGaoX?AW?[?	46	3fffffffffff
N??CA?_ECGaoR?GW[??	46	3fffffffffff
N??CA?_ECGaoR?GWU??	46	2ffeffffffefb
N??CA?_ECGaoR?GWM??	46	3fffffffffff
N??CA?_ECGaoR?GWL??	46	3fffffffffff
N??CA?_ECGaoR?GWSO?	46	2ffeffffffefb
N??CA?_ECGaoR?GWEO?	46	37fffbfffeffb
N??CA?_ECGaoR?GWSG?	46	3fffffffffff
N??CA?_ECGaoR?GWEG?	46	3fffffffffff
N??CA?_ECGaoR?GWDG?	46	3fffffffffff
N??CA?_ECGaoR?GWCW?	46	3fffffffffff
N??CA?_ECGaoR?GWEC?	46	3fffffffffff
N??CA?_ECGaoW_AW[??	46	7ffffffeffff
N??CA?_ECGaoW_AWW_?	46	fffffffdf7ff
N??CA?_ECGaoW_AWQ_?	46	3fffffffdef7e
N??CA?_ECGaoW_AWWG?	46	3fffffffffff
N??CA?_ECGaoW_AWSG?	46	3fffffffffff
N??CA?_ECGaoW_AWEG?	46	3fffffffffff
N??CA?_ECGaoW_AWDG?	46	3fffffffffff
N??CA?_ECGaoW_AWOg?	46	3fffffffffff
N??CA?_ECGaoW_AWCg?	46	3fffffffffff
N??CA?_ECGaoW_AWOK?	46	3fffffffffff
N??CA?_ECGaoW_AWAK?	46	3fffffffffff
N??CA?_ECGaoW_AW@K?	46	3fffffffffff
N??CA?_ECGaoW_AW?k?	46	3fffffffffff
N??CA?_ECGaoQ_GW[??	46	3fffffffffff
N??CA?_ECGaoQ_GWS_?	46	2ffeffffffefb
N??CA?_ECGaoQ_GWSG?	46	3fffffffffff
N??CA?_ECGaoQ_GWDG?	46	3fffffffffff
N??CA?_ECGaoQ_GWCg?	46	3fffffffffff
N??CA?_ECGaoQ_GWSC?	46	3fffffffffff
N??CA?_ECGaoSOIG[??	46	3fffffffffff
N??CA?_ECGaoSOIGL??	46	7ffffffffffe
N??CA?_ECGaoSOIGK_?	46	3fffffffffff
N??CA?_ECGaoSOIGKO?	46	3fffffffffff
N??CA?_ECGaoSOIGKG?	46	7fffffffff7f
N??CA?_ECGaoPOIG[??	46	3fffffffffff
N??CA?_ECGaoPOIGM??	46	3fffffffffff
N??CA?_ECGaoPOIGL??	46	3fffffffffff
N??CA?_ECGaoPOIGKC?	46	3fffffffffff
N??CA?_ECGaoOoIG[??	46	3fffffffffff
N??CA?_ECGaoOoIGL??	46	3fffffffffff
N??CA?_ECGaoOoIGKG?	46	3fffffffffff
N??CA?_ECGwGM?@gJ??	46	ffffffffe7ff
N??CA?_ECGwGM?@gK_?	46	3fffffffffff
N??CA?_ECGwGM?@gKO?	46	3fffffffffff
N??CA?_ECGwGM?@gGo?	46	fbffbfffff77c
N??CA?_ECGwGM?@gGg?	46	fbffbfffff77c
N??CA?_ECGwGM?@gKC?	46	3fffffffffff
N??CA?_ECGwGM?@gIC?	46	3fffffffffff
N??CA?_ECGwGM?@gGc?	46	7ffffffffffe
N??CA?_ECGwGL?AgL??	46	3fffffffffff
N??CA?_ECGwGL?AgJ??	46	3fffffffffff
N??CA?_ECGwGL?AgK_?	46	7fffffffefff
N??CA?_ECGwGL?AgGo?	46	3fffffffffff
N??CA?_ECGwGL?AgGg?	46	fffffffdf7ff
N??CA?_ECGwGL?AgKC?	46	3fffffffffff
N??CA?_ECGwGL?AgIC?	46	3fffffffffff
N??CA?_ECGwGL?AgGc?	46	3fffffffffff
N??CA?_ECGwGL?AgGS?	46	7ffffffffffd
N??CA?_ECGwGF?GgM??	46	7ffffffdffff
N??CA?_ECGwGF?GgK_?	46	7ffffffdffff
N??CA?_ECGwGE_HGM??	46	3fffffffffff
N??CA?_ECGwGE_HGK_?	46	7ffffffffffe
N??CA?_ECGwGE_HGKC?	46	7ffffffffffd
N??CA?_ECGwGD_IGM??	46	3fffffffffff
N??CA?_ECGwGD_IGL??	46	7ffffffffffe
N??CA?_ECGwGD_IGK_?	46	3fffffffffff
N??CA?_ECGwGD_IGKO?	46	3fffffffffff
N??CA?_ECGkGOgF?U??	46	7ffffffdffff
N??CA?_ECGkGOgF?S_?	46	7ffffffdffff
N??CA?_ECGkGOgF?EO?	46	3fffffffffff
N??CA?_ECGkGOgF?Co?	46	3fffffffffff
N??CA?_ECGkGOgF?QG?	46	3fffffffffff
N??CA?_ECGkGOgF?EG?	46	2ffeffffffefb
N??CA?_ECGkGOgF?BG?	46	3ffff7dfdf7ff
N??CA?_ECGkGOgF?AW?	46	3fffffffffff
N??CA?_ECGkGOgF??w?	46	3fffffffffff
N??CA?_ECGkGOgF?QC?	46	3fffffffffff
N??CA?_ECGkGOgF?BC?	46	3ffff7dfdf7ff
N??CA?_ECGkGOgF?Oc?	46	3fffffffffff
N??CA?_ECGkGOgF?AK?	46	3ffffffffffcc
N??CA?_ECGkGOgF??k?	46	3ffffffffffcc
N??CA?_ECGiGW_BGT??	46	3fffffffffff
N??CA?_ECGiGW_BGR??	46	fffffffff77f
N??CA?_ECGiGW_BGS_?	46	3fffffffffff
N??CA?_ECGiGW_BGOo?	46	3fffffffffff
N??CA?_ECGiGW_BG@o?	46	3fffffffffff
N??CA?_ECGiGW_BGSG?	46	7fffffffefff
N??CA?_ECGiGW_BGEG?	46	7fffffffefff
N??CA?_ECGiGW_BGOg?	46	3fffffffffff
N??CA?_ECGiGW_BGCg?	46	3fffffffffff
N??CA?_ECGiGW_BGCW?	46	fffffffdfffb
N??CA?_ECGiGW_BGAW?	46	fffffffdff7f
N??CA?_ECGiGW_BG?w?	46	3fffffffffff
N??CA?_ECGiGW_BGSC?	46	3fffffffffff
N??CA?_ECGiGW_BGPC?	46	ffffffff7f7f
N??CA?_ECGiGW_BGBC?	46	fffffffeefff
N??CA?_ECGiGW_BGOc?	46	ffffffff7f7f
N??CA?_ECGiGW_BG@c?	46	3fffffffeeffc
N??CA?_ECGiGW_BGOS?	46	3fffffffffff
N??CA?_ECGiGW_BGAS?	46	3fffffffffff
N??CA?_ECGiGW_BG?s?	46	3fffffffffff
N??CA?_ECGiGW_BGOK?	46	3fffffffffff
N??CA?_ECGiGW_BGCK?	46	3fffffffffff
N??CA?_ECGiGW_BGAK?	46	3fffffffffff
N??CA?_ECGiGW_BG?k?	46	3fffffffffff
N??CA?_ECGiGW_BG?[?	46	3fffffffffff
N??CA?_ECGiGWGB_U??	46	7ffffffffffe
N??CA?_ECGiGWGB_T??	46	2ffeffffffefb
N??CA?_ECGiGWGB_F??	46	7ffffffffffe
N??CA?_ECGiGWGB_S_?	46	2ffeffffffefb
N??CA?_ECGiGWGB_EO?	46	3fffffffffff
N??CA?_ECGiGWGB_Co?	46	37fffbfffeffb
N??CA?_ECGiGWGB_SG?	46	7ffffffff7ff
N??CA?_ECGiGWGB_CW?	46	3fffffffffff
N??CA?_ECGiGWGB_SC?	46	7ffffffff7ff
N??CA?_ECGiGWGB_Cc?	46	3fffffffffff
N??CA?_ECGiGKGB_[??	46	7ffffffffffe
N??CA?_ECGiGKGB_L??	46	7ffffffffffe
N??CA?_ECGiGKGB_KO?	46	3fffffffffff
N??CA?_ECGggW_EGU??	46	3fffffffffff
N??CA?_ECGggW_EGR??	46	3ffffffffe67f
N??CA?_ECGggW_EGF??	46	3fffffffcfefb
N??CA?_ECGggW_EGS_?	46	7ffffffffffb
N??CA?_ECGggW_EGBO?	46	3fffffffffff
N??CA?_ECGggW_EGBG?	46	3fffffffffff
N??CA?_ECGggW_EGCW?	46	ffffffff6fff
N??CA?_ECGggW_EG?w?	46	fffeff7fd7e7f
N??CA?_ECGggW_EGBC?	46	3fffffffeeffc
N??CA?_ECGggW_EGOc?	46	7fffffff7fff
N??CA?_ECGggW_EGOS?	46	3fffffffffff
N??CA?_ECGggW_EGAS?	46	3fffffffffff
N??CA?_ECGggW_EG?s?	46	3fffffffffff
N??CA?_ECGggW_EGOK?	46	3fffffffffff
N??CA?_ECGggW_EG?[?	46	7ffffffffffb
N??CA?_ECGggWGE_U??	46	37fffbfffeffb
N??CA?_ECGggWGE_F??	46	37fffbfffeffb
N??CA?_ECGggWGE_S_?	46	7ffffffffffe
N??CA?_ECGggWGE_E_?	46	3fffffffffff
N??CA?_ECGggWGE_Co?	46	3fffffffffff
N??CA?_ECGggWGE_CW?	46	7fffffff7fff
N??CA?_ECGggWGE_SC?	46	7ffffffffffd
N??CA?_ECGggHGE_[??	46	7ffffffffffe
N??CA?_ECGggHGE_M??	46	3fffffffffff
N??CA?_ECGggHGE_KO?	46	3fffffffffff
N??CA?_ECGgWWGF?U??	46	3fff7dfffeeff
N??CA?_ECGgWWGF?S_?	46	3fff7dfffeeff
N??CA?_ECGgWWGF?EO?	46	3fffffffffff
N??CA?_ECGgWWGF?Co?	46	3fffffffffff
N??CA?_ECGgWWGF?EG?	46	2ffeffffffefb
N??CA?_ECGgWWGF?Cc?	46	2ffeffffffefb
N??CA?_ECGgWGgF?M??	46	7fffffff7fff
N??CA?_ECGgWGgF?K_?	46	7fffffff7fff
N??CA?___wJ?L?_WKO?	46	7ffffffdffff
N??CA?___wJ?L?_WHO?	46	fffffffdefff
N??CA?___wJ?L?_W@o?	46	3fffffffcfefb
N??CA?___wJ?L?_WGW?	46	2ffeffffffefb
N??CA?___wJ?L?_WCW?	46	3fffffffffff
N??CA?___wJ?L?_W@W?	46	3fffffffffff
N??CA?___wJ?L?_W?w?	46	3fffffffffff
N??CA?___wJ?L?_W?[?	46	3ffffffffffcc
N??CA?___wJ?L?_WGQ?	46	3bffbffffff7d
N??CAA_S@OJ?D_@oDC?	46	3fffffffffff
N??CAA_S@OJ?D_@oCE?	46	3fffffffffff
N??CAA_S@OJ?D_@oCD?	46	3fffffffffff
N??CAA_S@OF?BOD_Oo?	46	3ffffef7ef7ff
N??CAA_S@OF?BOD_?s?	46	3ffdffdfdff7f
N??CAA_S@OF?BOD_?[?	46	3fffffffffff
N??CAA_S@OF?BOD_WA?	46	3fffffffffff
N??CAA_S@OF?BOD_Ga?	46	3ffffef7ef7ff
N??CAA_S@OF?BOD_OI?	46	3fffffffffff
N??CAA_S@OF?BOD_?i?	46	3ffff7dfdf7ff
N??CAA_S@OF?BOD_?T?	46	3ffffffe97fff
N??CAA_S@OF?BOD_?J?	46	3fffffff0ffff
N??CAA_S@OF?BOD_?F?	46	3fffffffffff
N??CAA_S@OF?BO@oI_?	46	3ffffffff87ff
N??CAA_S@OF?BO@oOo?	46	3ffffffffffd2
N??CAA_S@OF?BO@oAo?	46	3fffffffffff
N??CAA_S@OF?BO@oGS?	46	3fffffffffff
N??CAA_S@OF?BO@o?s?	46	1ffffffffcffe
N??CAA_S@OF?BO@oGa?	46	3ffff7dfdf7ff
N??CAA_S@OF?BO@o?U?	46	3fffffffffff
N??CAA_S@OF?BO@gGW?	46	3fffffffffff
N??CAA_S@OF?BO@gWA?	46	3fffffffffff
N??CAA_S@OF?BO@gGa?	46	3fffffffffff
N??CAA_S@OF?BO@gGQ?	46	3fffffffffff
N??CAA_S@OF?BO@gOI?	46	3fffffffffff
N??CAA_S@OF?BO@gGI?	46	3fffffffffff
N??CAA_S@OF?BO@g?Y?	46	3fffffffffff
N??CAA_S@OF?BO@gGP?	46	3fffffffffff
N??CAA_S@OF?BO@g?X?	46	1ffffffffb7fe
N??CAA_S@OF?BO@gGB?	46	3fffffffffff
N??CAA_S@OF?BO@gAB?	46	3fffffffffff
N??CAA_S@OQ_F??wD_?	46	3ffff7dfdf7ff
N??CAA_S@OQ_F??wDO?	46	3ffff7dfdf7ff
N??CAA_S@OQ_F??wGW?	46	3ffffffffffcc
N??CAA_S@OQ_F??wDA?	46	3fffffffffff
N??CAA_S@OQ_F??wCa?	46	3fffffffffff
N??CAA_S@OQ_F??sCg?	46	3fffffffffff
N??CAA_S@OQ_F??sDC?	46	3fffffffffff
N??CAA_S@OQ_F??s?k?	46	1ffffffffb7fe
N??CAA_S@OQ_F??sK@?	46	3fffffffffff
N??CAA_S@OQ_F??sC`?	46	3fffffffffff
N??CAA_S@OQ_F??sCP?	46	3fffffffffff
N??CAA_S@OQ_F??sCH?	46	3fffffffffff
N??CAA_S@OQ_F??sGD?	46	3fffffffffff
N??CAA_S@OQ_F??s@D?	46	3fffffffffff
N??CAA_S@OQ_F??s?L?	46	3fffffffffff
N??CAA_S@OQ_I_BOGa?	46	7ffffffeffff
N??CAA_S@OQ_I_BOGQ?	46	3fffffffffff
N??CAA_S@OQ_I_BOI@?	46	3fffffffffff
N??CAA_S@OQ_I_BOGB?	46	3fffffffffff
N??CAA_S@OQ_I_@SJ??	46	7ffffffeffff
N??CAA_S@OQ_I_@SH_?	46	7ffffffeffff
N??CAA_S@OQ_I_@SB_?	46	7ffffffeffff
N??CAA_S@OQ_E_@oGg?	46	3defbfffdea94fcc
N??CAA_S@OQ_E_@oDC?	46	3ffff7dfdf7ff
N??CAA_S@OQ_E_@o@a?	46	3ffffffe97fff
N??CAA_S@OQ_E_@oCI?	46	3fffffffffff
N??CAA_S@OQ_E_@o@I?	46	3ffffffe97fff
N??CAA_S@OQ_E_@o?i?	46	3faeffff75e937d2
N??CAA_S@OQ_E_@oCE?	46	3fffffffffff
N??CAA_S@OQ_E_@o@E?	46	3fffffffffff
N??CAA_S@OQ_E_@o?M?	46	1ffffffffb7fe
N??CAA_S@OQ_E_@oD@?	46	3ffffdefdefff
N??CAA_S@OQ_E_@oC`?	46	3ffffdefdefff
N??CAA_S@OQ_E_@o@D?	46	3fffffff0ffff
N??CAA_S@OQ_E_@oCB?	46	3fffffffffff
N??CAA_S@OQ_E_@WL??	46	3fffffffffff
N??CAA_S@OQ_E_@WD_?	46	3ffff7dfdf7ff
N??CAA_S@OQ_E_@WDO?	46	3ffff7dfdf7ff
N??CAA_S@OQ_E_@WCg?	46	3fffffffffff
N??CAA_S@OQ_E_@WDA?	46	3fffffffffff
N??CAA_S@OQ_E_@WCa?	46	3fffffffffff
N??CAA_S@OQ_E_@SDC?	46	3fffffffffff
N??CAA_S@OQ_E_@SCS?	46	3fffffffffff
N??CAA_S@OQ_E_@S@S?	46	3fffffffffff
N??CAA_S@OQ_E_@SK@?	46	3fffffffffff
N??CAA_S@OQ_E_@SC`?	46	3fffffffffff
N??CAA_S@OQ_E_@SCP?	46	3fffffffffff
N??CAA_S@OQ_E_@SCH?	46	3fffffffffff
N??CAA_S@OQ_E_@SGD?	46	3fffffffffff
N??CAA_S@OQ_E_@S?d?	46	3fffffffffff
N??CAA_S@OQ_B_@oIG?	46	3defbfffdea94fcc
N??CAA_S@OQ_B_@oEG?	46	3fffffffffff
N??CAA_S@OQ_B_@oBG?	46	3fff7fefdfeff
N??CAA_S@OQ_B_@oHC?	46	3fffffffffff
N??CAA_S@OQ_B_@oDC?	46	3faeffff75e937d2
N??CAA_S@OQ_B_@oBC?	46	3ffff7dfdf7ff
N??CAA_S@OQ_B_@oCK?	46	3ffffffffffd2
N??CAA_S@OQ_B_@oKA?	46	3fffffffffff
N??CAA_S@OQ_B_@oHA?	46	3fffffff0ffff
N??CAA_S@OQ_B_@oGI?	46	37ff6fdff9f0fb52
N??CAA_S@OQ_B_@oGE?	46	3effffffffb7e
N??CAA_S@OI_F?AoSC?	46	3fffffffffff
N??CAA_S@OI_F?AoCS?	46	3fffffffffff
N??CAA_S@OI_F?Ao?s?	46	3fffffffffff
N??CAA_S@OI_F?AoOD?	46	3fffffffffff
N??CAA_S@OI_F?Ao?d?	46	3fffffffffff
N??CAA_S@OI_F?@oDC?	46	3ffffbbfeefff
N??CAA_S@OI_F?@oCS?	46	3ffffffffffcc
N??CAA_S@OI_F?@oSA?	46	3fffffffffff
N??CAA_S@OI_F?@oDA?	46	3ffffef7ef7ff
N??CAA_S@OI_F?@o@I?	46	3faeffff75e937d2
N??CAA_S@OI_F?@o?Y?	46	3faeffff75e937d2
N??CAA_S@OI_F?@oCE?	46	3fffffffffff
N??CAA_S@OI_F?@oS@?	46	3ffffffffffd2
N??CAA_S@OI_F?@oOD?	46	3ffffffff87ff
N??CAA_S@OI_F?@oCD?	46	3ffffffff87ff
N??CAA_S@OI_F??sS_?	46	3fffffffffff
N??CAA_S@OI_F??sD_?	46	3ffffef7ef7ff
N??CAA_S@OI_F??sDC?	46	3ffffdefdefff
N??CAA_S@OI_F??sCc?	46	3fffffffffff
N??CAA_S@OI_F??sS@?	46	3effffffffb7e
N??CAA_S@OI_F??qOc?	46	3fffffffffff
N??CAA_S@OI_EOB_SC?	46	3fffffffffff
N??CAA_S@OI_EOB_Cc?	46	3fffffffffff
N??CAA_S@OI_EOB_CS?	46	3fffffffffff
N??CAA_S@OI_EOB_OD?	46	3fffffffffff
N??CAA_S@OI_EO@oDA?	46	3ffff7dfdf7ff
N??CAA_S@OI_EO@o@a?	46	3faeffff75e937d2
N??CAA_S@OI_EO@oCE?	46	3fffffffffff
N??CAA_S@OI_EO@oOD?	46	3ffffef7ef7ff
N??CAA_S@OI_EO@cSG?	46	3fffffffffff
N??CAA_S@OI_EO@cDG?	46	3ffff7dfdf7ff
N??CAA_S@OI_EO@cDC?	46	3ffffdefdefff
N??CAA_S@OI_EO@cCc?	46	3fffffffffff
N??CAA_S@OI_EO@cS@?	46	3effffffffb7e
N??CAA_S@OI_EO@aSC?	46	3ffffffffffe1
N??CAA_S@OI_EO@aOc?	46	3fffffffffff
N??CAA_S@OI_EO@aCS?	46	3ffffffff87ff
N??CAA_S@OI_EO@a?s?	46	3fffffffffff
N??CAA_S@OI_EO@aOK?	46	3fffffffffff
N??CAA_S@OI_EO@aOE?	46	3fffffffffff
N??CAA_S@OI_EO@a?e?	46	3fffffffffff
N??CAA_S@OI_EO@a?U?	46	3fffffffffff
N??CAA_S@OI_DOB_OI?	46	2ffdeff7fe70fccc
N??CAA_S@OI_DOB_CI?	46	3ffff7dfdf7ff
N??CAA_S@OI_DOB_@I?	46	3faeffff75e937d2
N??CAA_S@OI_DOAoOa?	46	2ffdeff7fe70fccc
N??CAA_S@OI_DOAoCa?	46	3ffff7dfdf7ff
N??CAA_S@OI_DOAo@a?	46	3faeffff75e937d2
N??CAA_S@OI_BO@oPO?	46	3ffffdefdefff
N??CAA_S@OI_BO@oDC?	46	3ffffdefdefff
N??CAA_S@OI_BO@oBA?	46	3faeffff75e937d2
N??CAA_S@OI_BO@oS@?	46	1ffffffffcffe
N??CAA_S@OI_EC@oS_?	46	3fffffffffff
N??CAA_S@OI_EC@oD_?	46	3ffffef7ef7ff
N??CAA_S@OI_EC@o?w?	46	3faeffff75e937d2
N??CAA_S@OI_EC@oDC?	46	fffffdefce7ff
N??CAA_S@OI_EC@oCc?	46	3fffffffffff
N??CAA_S@OI_EC@oCS?	46	ffffffffff74c
N??CAA_S@OI_EC@oOD?	46	fffffef7ce7ff
N??CAA_S@OI_DCAoOg?	46	2ffdeff7fe70fccc
N??CAA_S@OI_DCAoCg?	46	3ffff7dfdf7ff
N??CAA_S@OI_DCAo@g?	46	3faeffff75e937d2
N??CAA_S@OI_DCAoCc?	46	3fffffffe777f
N??CAA_S@OI_DCAoO`?	46	7ffffffff7ff
N??CAA_S@OP_F?@oIG?	46	3ffffdefdefff
N??CAA_S@OP_F?@oIC?	46	3fffffffffff
N??CAA_S@OP_F?@oAS?	46	3ffff7dfdf7ff
N??CAA_S@OP_F?@oKA?	46	3fffffffffff
N??CAA_S@OP_F?@oGQ?	46	3fffffff0ffff
N??CAA_S@OP_F?@oAI?	46	3ffffffe97fff
N??CAA_S@OP_F?@oGE?	46	3fffffffffff
N??CAA_S@OP_F?@oAP?	46	3ffffdefdefff
N??CAA_S@OP_F?@oGH?	46	3fffffffffff
N??CAA_S@OP_F?@o?X?	46	3effffffffb7e
N??CAA_S@OP_F?@oGD?	46	3fffffffffff
N??CAA_S@OP_F?@oCD?	46	2ffdeff7fe70fccc
N??CAA_S@OP_F?@oAD?	46	3fffffff0ffff
N??CAA_S@OP_F?@o?T?	46	37ff6fdff9f0fb52
N??CAA_S@OP_F?@o?L?	46	3effffffffb7e
N??CAA_S@OP_F?@oGB?	46	3fffffffffff
N??CAA_S@OP_F?@oAB?	46	3fffffffffff
N??CAA_S@OP_F?@o?F?	46	3fffffffffff
N??CAA_S@OP_F??wM??	46	3fffffffffff
N??CAA_S@OP_F??wI_?	46	3fffffffffff
N??CAA_S@OP_F??wGo?	46	3fffffffffff
N??CAA_S@OP_F??wIG?	46	3fffffffffff
N??CAA_S@OP_F??wKA?	46	3fffffffffff
N??CAA_S@OP_F??wGa?	46	3fffffffffff
N??CAA_S@OP_F??wCQ?	46	3fffffffffff
N??CAA_S@OP_F??wC`?	46	2ffdeff7fe70fccc
N??CAA_S@OP_E_@oIG?	46	3ffffdefdefff
N??CAA_S@OP_E_@oAc?	46	3ffff7dfdf7ff
N??CAA_S@OP_E_@oIA?	46	3fffffff0ffff
N??CAA_S@OP_E_@oGa?	46	3fffffff0ffff
N??CAA_S@OP_E_@oAI?	46	3ffffffe97fff
N??CAA_S@OP_E_@oGE?	46	3fffffffffff
N??CAA_S@OP_E_@oA`?	46	3ffffdefdefff
N??CAA_S@OP_E_@oGD?	46	3fffffffffff
N??CAA_S@OP_E_@oCD?	46	2ffdeff7fe70fccc
N??CAA_S@OP_E_@oAD?	46	3fffffff0ffff
N??CAA_S@OP_E_@o?d?	46	37ff6fdff9f0fb52
N??CAA_S@OP_E_@oGB?	46	3fffffffffff
N??CAA_S@OP_E_@WM??	46	3fffffffffff
N??CAA_S@OP_E_@WKO?	46	3fffffffffff
N??CAA_S@OP_E_@WIO?	46	3fffffffffff
N??CAA_S@OP_E_@WGo?	46	3fffffffffff
N??CAA_S@OP_E_@WIG?	46	3fffffffffff
N??CAA_S@OP_E_@WKA?	46	3fffffffffff
N??CAA_S@OP_E_@WGa?	46	3fffffffffff
N??CAA_S@OP_D_@oIG?	46	3defbfffdea94fcc
N??CAA_S@OP_D_@oEG?	46	3fffffffffff
N??CAA_S@OP_D_@oEC?	46	3ffff7dfdf7ff
N??CAA_S@OP_D_@oHC?	46	3fffffffffff
N??CAA_S@OP_D_@oDC?	46	3faeffff75e937d2
N??CAA_S@OP_D_@oBC?	46	3ffff7dfdf7ff
N??CAA_S@OP_D_@oHA?	46	3fffffff0ffff
N??CAA_S@OP_D_@oK@?	46	3fffffffffff
N??CAA_S@OP_D_@oE@?	46	3ffffdefdefff
N??CAA_S@OB_E_`OGg?	46	3ffffdefdefff
N??CAA_S@OB_E_`O?i?	46	3ffffffe97fff
N??CAA_S@OB_E_`O?Y?	46	3ffffffe97fff
N??CAA_S@OB_E_`O?b?	46	3fffffffffff
N??CAA_S@OB_E_POSC?	46	3bfffffbf7ffd
N??CAA_S@OB_E_POOc?	46	3fffffffffff
N??CAA_S@OB_E_POCS?	46	1ffffff7efffd
N??CAA_S@OB_E_HO?w?	46	3fffffffffff
N??CAA_S@OB_E_HO?s?	46	3ffdffdfdff7f
N??CAA_S@OB_E_HO?q?	46	3fffffffffff
N??CAA_S@OB_E_HO?i?	46	3ffff7dfdf7ff
N??CAA_S@OB_E_HO?Y?	46	3fffffffffff
N??CAA_S@OB_E_@oSC?	46	3ffff7dfdf7ff
N??CAA_S@OB_E_@oCc?	46	3ffdffdfdff7f
N??CAA_S@OB_E_@oOa?	46	3ffffffe97fff
N??CAA_S@OB_E_@oOI?	46	3ffffffe97fff
N??CAA_S@OB_E_@oCI?	46	3fffffffffff
N??CAA_S@OB_E_@o?i?	46	3fefedefe76634fe
N??CAA_S@OB_E_@oCE?	46	3fffffffffff
N??CAA_S@OB_E_@oS@?	46	3ffffdefdefff
N??CAA_S@OB_E_@oOD?	46	3fffffff0ffff
N??CAA_S@OB_E_@oCD?	46	3ffffffe97fff
N??CAA_S@OB_E_@oOB?	46	3fffffffffff
N??CAA_S@OB_E_@oGB?	46	3ffffffffffcc
N??CAA_S@OB_E_@oCB?	46	3fffffffffff
N??CAA_S@OB_E_@o?J?	46	3effffffffb7e
N??CAA_S@OB_E_@SSC?	46	3fffffffffff
N??CAA_S@OB_E_@SKC?	46	3fffffffffff
N??CAA_S@OB_E_@SCc?	46	3fffffffffff
N??CAA_S@OB_E_@SGS?	46	3fffffffffff
N??CAA_S@OB_E_@SCS?	46	3fffffffffff
N??CAA_S@OB_E_@S?[?	46	3fffffffffff
N??CAA_S@OB_E_@SOP?	46	3fffffffffff
N??CAA_S@OB_E_@SGP?	46	3ffffffffffcc
N??CAA_S@OB_E_@SCP?	46	3fffffffffff
N??CAA_S@OB_E_@S?p?	46	3effffffffb7e
N??CAA_S@OB_E_@SGD?	46	3fffffffffff
N??CAA_S@OB_E_@SCD?	46	3fffffffffff
N??CAA_S@OB_E_@S?L?	46	3fffffffffff
N??CAA_S@OB_E_@QSO?	46	3ffffdefdefff
N??CAA_S@OB_E_@QOc?	46	3fffffff0ffff
N??CAA_S@OB_E_@QCS?	46	3ffffffe97fff
N??CAA_S@OB_E_@Q?k?	46	3fffffffffff
N??CAA_S@OB_E_@QKA?	46	3ffffdefdefff
N??CAA_S@OB_E_@QOa?	46	3fffffffffff
N??CAA_S@OB_E_@QOQ?	46	3fffffffffff
N??CAA_S@OB_E_@QCQ?	46	3fffffffffff
N??CAA_S@OB_E_@QCI?	46	3fffffff0ffff
N??CAA_S@OB_E_@Q?i?	46	37ff6fdff9f0fb52
N??CAA_S@OB_E_@Q?Y?	46	3effffffffb7e
N??CAA_S@OB_E_@QCE?	46	3fffffffffff
N??CAA_S@OB_B_@oQG?	46	3fff7fefdfeff
N??CAA_S@OB_B_@oIG?	46	3ff8ffe76cfdf6e1
N??CAA_S@OB_B_@oEG?	46	3fffffffffff
N??CAA_S@OB_B_@oKC?	46	3fffffffffff
N??CAA_S@OB_B_@oQC?	46	3ffff7dfdf7ff
N??CAA_S@OB_B_@oEC?	46	3ffdffdfdff7f
N??CAA_S@OB_BOD_OW?	46	3fff7fefdfeff
N??CAA_S@OB_BOD_GW?	46	3ff8ffe76cfdf6e1
N??CAA_S@OB_BOD_SC?	46	3ffff7dfdf7ff
N??CAA_S@OB_BOD_CS?	46	3ffdffdfdff7f
N??CAA_S@OB_BOD_OK?	46	3fffffffffff
N??CAA_S@OB_BOD_OI?	46	3ffffffe97fff
N??CAA_S@OB_BOD_?Y?	46	3fefedefe76634fe
N??CAA_S@OB_BOD_?M?	46	3fffffffffff
N??CAA_S@OB_BOD_?X?	46	3effffffffcfe
N??CAA_S@OB_BOD_?T?	46	3ffffffe97fff
N??CAA_S@OQOF?@WDO?	46	3ffff7dfdf7ff
N??CAA_S@OQOF?@WGg?	46	3ffffffffffcc
N??CAA_S@OQOF?@W@g?	46	3fffffffffff
N??CAA_S@OQOF?@W@W?	46	3fffffffffff
N??CAA_S@OQOF?@WCQ?	46	3fffffffffff
N??CAA_S@OQOF?@SDO?	46	3fffffffffff
N??CAA_S@OQOF?@SCS?	46	3fffffffffff
N??CAA_S@OQOF?@SK@?	46	3fffffffffff
N??CAA_S@OQOF?@SC`?	46	3fffffffffff
N??CAA_S@OQOF?@SCP?	46	3fffffffffff
N??CAA_S@OQOF?@SCH?	46	3fffffffffff
N??CAA_S@OQOF?@S?X?	46	3fffffffffff
N??CAA_S@OQOF?@SGD?	46	3fffffffffff
N??CAA_S@OQOB_BOIG?	46	3ffffdefdefff
N??CAA_S@OQOB_BOIA?	46	3fffffff0ffff
N??CAA_S@OQOB_BOGa?	46	3fffffff0ffff
N??CAA_S@OQOB_BOAI?	46	3ffffffe97fff
N??CAA_S@OQOB_BO?i?	46	3ffffffe97fff
N??CAA_S@OQOB_BOGE?	46	3fffffffffff
N??CAA_S@OQOB_BO?e?	46	3fffffffffff
N??CAA_S@OQOB_BOI@?	46	3fffffffffff
N??CAA_S@OQOB_BOC`?	46	3defbfffdea94fcc
N??CAA_S@OQOB_BOA`?	46	3ffffdefdefff
N??CAA_S@OQOB_BOGD?	46	3fffffffffff
N??CAA_S@OQOB_BOCD?	46	2ffdeff7fe70fccc
N??CAA_S@OQOB_BOAD?	46	3fffffff0ffff
N??CAA_S@OQOB_BO?d?	46	37ff6fdff9f0fb52
N??CAA_S@OQOB_BOGB?	46	3fffffffffff
N??CAA_S@OQOB_BOAB?	46	3fffffffffff
N??CAA_S@OQOB_@WL??	46	3fffffffffff
N??CAA_S@OQOB_@WF??	46	3ffff7dfdf7ff
N??CAA_S@OQOB_@WD_?	46	3faeffff75e937d2
N??CAA_S@OQOB_@WKG?	46	3fffffffffff
N??CAA_S@OQOB_@WIG?	46	3ffffffffffcc
N??CAA_S@OQOB_@WDG?	46	3ffffffffffd2
N??CAA_S@OQOB_@WCg?	46	3ffffffffffd2
N??CAA_S@OQOB_@WKA?	46	3fffffffffff
N??CAA_S@OQOB_@WEA?	46	3fffffffffff
N??CAA_S@OQOB_@WHA?	46	3fffffffffff
N??CAA_S@OQOB_@WDA?	46	3fffffffffff
N??CAA_S@OQOB_@WGa?	46	3effffffffb7e
N??CAA_S@OQOB_@WGI?	46	3effffffffb7e
N??CAA_S@OQOB_@WAI?	46	1ffffffffb7fe
N??CAA_S@OQOB_@WGB?	46	3fffffffffff
N??CAA_S@OPOF?@oIG?	46	3ffffdefdefff
N??CAA_S@OPOF?@oIC?	46	3fffffffffff
N??CAA_S@OPOF?@oAc?	46	3ffff7dfdf7ff
N??CAA_S@OPOF?@oGK?	46	3fffffffffff
N??CAA_S@OPOF?@oKA?	46	3fffffffffff
N??CAA_S@OPOF?@oGa?	46	3fffffff0ffff
N??CAA_S@OPOF?@oAI?	46	3ffffffe97fff
N??CAA_S@OPOF?@oGE?	46	3fffffffffff
N??CAA_S@OPOF?@o?M?	46	3fffffffffff
N??CAA_S@OPOF?@oK@?	46	3fffffffffff
N??CAA_S@OPOF?@oI@?	46	3fffffffffff
N??CAA_S@OPOF?@oGH?	46	3fffffffffff
N??CAA_S@OPOF?@oGD?	46	3fffffffffff
N??CAA_S@OPOF?@oAD?	46	3fffffff0ffff
N??CAA_S@OPOF?@o?d?	46	37ff6fdff9f0fb52
N??CAA_S@OPOF?@o?L?	46	3effffffffb7e
N??CAA_S@OPOF?@oGB?	46	3fffffffffff
N??CAA_S@OPOF?@oCB?	46	3fffffffffff
N??CAA_S@OPOF?@oAB?	46	3fffffffffff
N??CAA_S@OPOF?@o?J?	46	3fffffffffff
N??CAA_S@OPOF?@o?F?	46	3fffffffffff
N??CAA_S@OPOF?@WM??	46	3fffffffffff
N??CAA_S@OPOF?@WIO?	46	3fffffffffff
N??CAA_S@OPOF?@WIG?	46	7ffffffffeff
N??CAA_S@OPOF?@WAg?	46	7fffffffefff
N??CAA_S@OPOF?@WAW?	46	3fffffffffff
N??CAA_S@OPOF?@WKA?	46	3fffffffffff
N??CAA_S@OPOF?@WGa?	46	7ffffffffeff
N??CAA_S@OPOF?@WGQ?	46	3fffffffffff
N??CAA_S@OPOF?@SGS?	46	7ffffffff7ff
N??CAA_S@OPOF?@SK@?	46	7ffffffffffd
N??CAA_S@OPOF?@SGP?	46	7ffffffff7ff
N??CAA_S@OPOF?@SGD?	46	7fffffffefff
N??CAA_S@OPOD_DOHA?	46	3fffffff0ffff
N??CAA_S@OPOD_DOCE?	46	3fffffffffff
N??CAA_S@OPOD_DO@E?	46	3fffffffffff
N??CAA_S@OPOD_DOC`?	46	3ffffdefdefff
N??CAA_S@OPOD_@SL??	46	7ffffffffffe
N??CAA_S@OPOD_@SJ??	46	3fffffff0ffff
N??CAA_S@OPOD_@SKC?	46	7fffffffff7f
N??CAA_S@OPOD_@SHC?	46	7ffffffff7ff
N??CAA_S@OPOD_@SBC?	46	3fffffffffff
N??CAA_S@OPOD_@SK@?	46	7fffffffff7f
N??CAA_S@OHOF?DOSC?	46	7fffffffff7f
N??CAA_S@OHOF?DOCS?	46	7ffffffff7ff
N??CAA_S@OHOF?DOOE?	46	3fffffffffff
N??CAA_S@OHOF?DOCE?	46	3fffffffffff
N??CAA_S@OHOF?DOOD?	46	7ffffffeffff
N??CAA_S@ODOF?@SWO?	46	7ffffffffffe
N??CAA_S@ODOF?@SGS?	46	7ffffffff7ff
N??CAA_S@ODOF?@SGP?	46	7ffffffff7ff
N??CAA_S@ODOF?@SGD?	46	7fffffffefff
N??CAA_S@ODOF?@QWO?	46	3fffffffffff
N??CAA_S@ODOF?@QIO?	46	3fffffffffff
N??CAA_S@ODOF?@QAo?	46	3fff7fefdfeff
N??CAA_S@ODOF?@QIG?	46	3ffff7dfdf7ff
N??CAA_S@ODOF?@Q?w?	46	1ffffffffb7fe
N??CAA_S@ODOF?@QWC?	46	3fffffffffff
N??CAA_S@ODOF?@QIC?	46	3fffffffffff
N??CAA_S@ODOF?@QGS?	46	3fffffffffff
N??CAA_S@ODOF?@QAS?	46	3ffffffe97fff
N??CAA_S@ODOF?@Q?s?	46	3faeffff75e937d2
N??CAA_S@ODOF?@QWA?	46	3fffffffffff
N??CAA_S@ODOF?@QGa?	46	3ffffdefdefff
N??CAA_S@ODOF?@QGQ?	46	3fffffffffff
N??CAA_S@O@oE_`OGc?	46	3fffffffffff
N??CAA_S@O@oE_`OAc?	46	3ffff7dfdf7ff
N??CAA_S@O@oE_`OIA?	46	3fffffff0ffff
N??CAA_S@O@oE_`OGa?	46	3fffffff0ffff
N??CAA_S@O@oE_`OAI?	46	3ffffffe97fff
N??CAA_S@O@oE_`O?i?	46	3ffffffe97fff
N??CAA_S@O@oE_`OGE?	46	3fffffffffff
N??CAA_S@O@oE_`OC`?	46	3defbfffdea94fcc
N??CAA_S@O@oE_`O?h?	46	3effffffffb7e
N??CAA_S@O@oE_`OGD?	46	3fffffffffff
N??CAA_S@O@oE_`OAD?	46	3fffffff0ffff
N??CAA_S@O@oE_`O?d?	46	37ff6fdff9f0fb52
N??CAA_S@O@oE_`OGB?	46	3fffffffffff
N??CAA_S@O@oE_`OAB?	46	3fffffffffff
N??CAA_S@O@oE_`O?b?	46	3fffffffffff
N??CAA_S@O@oE_DOSC?	46	3ffff7dfdf7ff
N??CAA_S@O@oE_DOCc?	46	3ffdffdfdff7f
N??CAA_S@O@oE_DOCK?	46	3fffffffffff
N??CAA_S@O@oE_DOOa?	46	3ffffffe97fff
N??CAA_S@O@oE_DO?i?	46	3fefedefe76634fe
N??CAA_S@O@oE_DOCE?	46	3fffffffffff
N??CAA_S@O@oE_DOS@?	46	3ffffdefdefff
N??CAA_S@O@oE_DOOB?	46	3fffffffffff
N??CAA_S@O@oE_@SQ_?	46	3ffffffe97fff
N??CAA_S@O@oE_@SKC?	46	3fffffffffff
N??CAA_S@O@oE_@SEC?	46	3fffffffffff
N??CAA_S@O@oE_@SQ@?	46	3fffffffffff
N??CAA_S@OIGF?@oSA?	46	3fffffffffff
N??CAA_S@OIGF?@oDA?	46	3ffff7dfdf7ff
N??CAA_S@OIGF?@oCE?	46	3fffffffffff
N??CAA_S@OIGF?@o?U?	46	1ffffffffb7fe
N??CAA_S@OIGF?@oS@?	46	fefffffffecfa
N??CAA_S@OIGF?@oOD?	46	fffffef7ce7ff
N??CAA_S@OIGF?@o?F?	46	3fffffffffff
N??CAA_S@OIGF?@cSG?	46	3fffffffffff
N??CAA_S@OIGF?@cDG?	46	3ffff7dfdf7ff
N??CAA_S@OIGF?@cDC?	46	fffffdefce7ff
N??CAA_S@OIGF?@cCK?	46	3fffffffffff
N??CAA_S@OIGF?@cS@?	46	feffffffff37c
N??CAA_S@OIGF?@aOK?	46	ffffffff6fff
N??CAA_S@OIGF?@aSA?	46	7ffffffffffd
N??CAA_S@OIGF?@aOE?	46	ffffffff6fff
N??CAA_S@OIGBOB_QC?	46	fffffffff77f
N??CAA_S@OIGBO@aU??	46	7ffffffffffb
N??CAA_S@OIGBO@aQC?	46	ffffffff6fff
N??CAA_S@OIGDCB_Og?	46	2ffdeff7fe70fccc
N??CAA_S@OIGDCB_Cg?	46	3ffff7dfdf7ff
N??CAA_S@OIGDCB_@g?	46	3faeffff75e937d2
N??CAA_S@OIGDCB_CK?	46	3ffffffffe67f
N??CAA_S@OIGDCB_OH?	46	7ffffffff7ff
N??CAA_S@OAgF?B_OW?	46	3fff7fefdfeff
N??CAA_S@OAgF?B_GW?	46	3ff8ffe76cfdf6e1
N??CAA_S@OAgF?B_SC?	46	3ffff7dfdf7ff
N??CAA_S@OAgF?B_CS?	46	3ffdffdfdff7f
N??CAA_S@OAgF?B_OK?	46	3fffffffffff
N??CAA_S@OAgF?B_CK?	46	3fffffffffff
N??CAA_S@OAgF?B_OQ?	46	3ffffffe97fff
N??CAA_S@OAgF?B_GQ?	46	3faeffff75e937d2
N??CAA_S@OAgF?B_OI?	46	3ffffffe97fff
N??CAA_S@OAgF?B_?Y?	46	3fefedefe76634fe
N??CAA_S@OAgF?B_?M?	46	3fffffffffff
N??CAA_S@OAgF?B_?X?	46	3effffffffcfe
N??CAA_S@OAgF?B_?T?	46	3ffffffe97fff
N??CAA_S@OAgF?@oPO?	46	3fff7fefdfeff
N??CAA_S@OAgF?@oHO?	46	3ff8ffe76cfdf6e1
N??CAA_S@OAgF?@oWC?	46	3ffffffffffcc
N??CAA_S@OAgF?@oSC?	46	1ffffffffb7fe
N??CAA_S@OAgF?@oKC?	46	3fffffffffff
N??CAA_S@OAgF?@oPC?	46	3fffffffffff
N??CAA_S@OAgF?@oDC?	46	3ffffdefdefff
N??CAA_S@OAgF?@oGS?	46	1ffffffffb7fe
N??CAA_S@OAgF?@oSA?	46	3fffffffffff
N??CAA_S@OAgF?@oHA?	46	3faeffff75e937d2
N??CAA_S@OAgF?@oOQ?	46	3faeffff75e937d2
N??CAA_S@OAgF?@oOE?	46	1ffffffffb7fe
N??CAA_S@OAgF?@oS@?	46	1ffffffffcffe
N??CAA_S@OQCJ?@oHO?	46	3fffffffffff
N??CAA_S@OQCJ?@oIG?	46	7ffffffff7ff
N??CAA_S@OQCJ?@o@W?	46	3ffffffffffd2
N??CAA_S@OQCJ?@oIA?	46	7ffffffff7ff
N??CAA_S@OQCJ?@oHA?	46	7ffffffff7ff
N??CAA_S@OQCJ?@oGQ?	46	3fffffffffff
N??CAA_S@OQCJ?@oAI?	46	7fffffffff7f
N??CAA_S@OQCJ?@oI@?	46	7ffffffff7ff
N??CAA_S@OQCJ?@oAH?	46	3fffffffffff
N??CAA_S@OQCJ?@oGB?	46	7ffffffdffff
N??CAA_S@OQCF?@oL??	46	7ffffffffffe
N??CAA_S@OQCF?@oD_?	46	3ffff7dfdf7ff
N??CAA_S@OQCF?@oDO?	46	3ffff7dfdf7ff
N??CAA_S@OQCF?@oDG?	46	3fffffffffff
N??CAA_S@OQCF?@oDA?	46	ffffffffe7ff
N??CAA_S@OQCF?@oCa?	46	3fffffffffff
N??CAA_S@OQCF?@oCQ?	46	3fffffffffff
N??CAA_S@OQCF?@oCI?	46	3fffffffffff
N??CAA_S@OQCF?@o?i?	46	1ffffffffb7fe
N??CAA_S@OQCF?@o?Y?	46	1ffffffffb7fe
N??CAA_S@OQCF?@oCH?	46	3fffffffffff
N??CAA_S@OQCH_BOHO?	46	3fffffffffff
N??CAA_S@OQCH_BOBO?	46	3ffff7dfdf7ff
N??CAA_S@OQCH_BO@o?	46	3faeffff75e937d2
N??CAA_S@OQCH_BOIG?	46	fffffffff7fd
N??CAA_S@OQCH_BOGW?	46	3fffffffffff
N??CAA_S@OQCH_BOAW?	46	3fffffffffff
N??CAA_S@OQCH_BO?w?	46	3ffffffffffd2
N??CAA_S@OQCH_BOIA?	46	fffffffff7fd
N??CAA_S@OQCH_BOHA?	46	3fffffffffff
N??CAA_S@OQCH_BOGQ?	46	fffffffff77f
N??CAA_S@OQCH_BOAI?	46	ffffffffff7e
N??CAA_S@OQCH_BOI@?	46	7ffffffffffd
N??CAA_S@OQCH_BO@P?	46	2ffdeff7fe70fccc
N??CAA_S@OQCH_BOAH?	46	3fffffffffff
N??CAA_S@OQCH_BOGB?	46	7fffffffefff
N??CAA_S@OQCD_BOD_?	46	3ffff7dfdf7ff
N??CAA_S@OQCD_BODO?	46	3ffff7dfdf7ff
N??CAA_S@OQCD_BODG?	46	3fffffffffff
N??CAA_S@OQCD_BOGW?	46	3ffffffffffcc
N??CAA_S@OQCD_BODA?	46	3fffffffffff
N??CAA_S@OQCD_BOCQ?	46	3ffffffffe67f
N??CAA_S@OQCD_BO@Q?	46	3fffffffffff
N??CAA_S@OQCD_BOGI?	46	3ffffffffffcc
N??CAA_S@OQCD_BOCI?	46	3fffffffffff
N??CAA_S@OQCD_BO@I?	46	3fffffffffff
N??CAA_S@OQCD_BO?i?	46	1ffffffffb7fe
N??CAA_S@OQCD_BO?Y?	46	1ffffffffb7fe
N??CAA_S@OQCD_BOD@?	46	3fffffff0ffff
N??CAA_S@OQCD_BO@P?	46	3fffffff0ffff
N??CAA_S@OQCD_BOCH?	46	3fffffffffff
N??CAA_S@OQCB_BOKO?	46	3fffffffffff
N??CAA_S@OQCB_BO?w?	46	7edfffffffcfe
N??CAA_S@OQCB_BOKA?	46	3fffffffffff
N??CAA_S@OQCB_BOIA?	46	fffffffff77f
N??CAA_S@OQCB_BOGa?	46	fffffffff7fe
N??CAA_S@OQCB_BOGQ?	46	3fffffffffff
N??CAA_S@OQCB_BOGI?	46	fffffffff7fd
N??CAA_S@OQCB_BOAI?	46	ffffffffff7d
N??CAA_S@OQCB_BO?p?	46	37ff6fdff9f0fb52
N??CAA_S@OQCB_BOGB?	46	7ffffffffffd
N??CAA_S@OQCB_BO?J?	46	7fffffffefff
N??CAA_S@OQCB_@oL??	46	3fffffffffff
N??CAA_S@OQCB_@oF??	46	3ffff7dfdf7ff
N??CAA_S@OQCB_@oE_?	46	3ffff7dfdf7ff
N??CAA_S@OQCB_@oD_?	46	3faeffff75e937d2
N??CAA_S@OQCB_@oIG?	46	3ffffffffffcc
N??CAA_S@OQCB_@oCg?	46	3ffffffffffd2
N??CAA_S@OQCB_@oKA?	46	3fffffffffff
N??CAA_S@OQCB_@oEA?	46	3fffffffffff
N??CAA_S@OQCB_@oHA?	46	3fffffffffff
N??CAA_S@OQCB_@oDA?	46	3fffffffffff
N??CAA_S@OQCB_@oGa?	46	3effffffffb7e
N??CAA_S@OQCB_@oGI?	46	3effffffffb7e
N??CAA_S@OQCB_@oAI?	46	1ffffffffb7fe
N??CAA_S@OQCB_@o@`?	46	37ff6fdff9f0fb52
N??CAA_S@OQCB_@oGB?	46	3fffffffffff
N??CAA_S@OQCHOB_Go?	46	3fffffffffff
N??CAA_S@OQCHOB_@o?	46	3faeffff75e937d2
N??CAA_S@OQCHOB_Ag?	46	3fffffffffff
N??CAA_S@OQCHOB_HA?	46	3fffffffffff
N??CAA_S@OQCHOB_Ga?	46	3fffffffffff
N??CAA_S@OQCHOB_Aa?	46	3fffffffffff
N??CAA_S@OQCHOB_GQ?	46	3fffffffffff
N??CAA_S@OQCHOB_AI?	46	fffffffff77f
N??CAA_S@OQCHOB_?Y?	46	3fffffffffff
N??CAA_S@OQCHOB_@P?	46	2ffdeff7fe70fccc
N??CAA_S@OQCHOB_GB?	46	7ffffffff7ff
N??CAA_S@OQCDOB_D_?	46	3ffff7dfdf7ff
N??CAA_S@OQCDOB_DO?	46	3ffff7dfdf7ff
N??CAA_S@OQCDOB_DA?	46	3fffffffffff
N??CAA_S@OQCDOB_CQ?	46	3fffffffffff
N??CAA_S@OQCDOB_?i?	46	7ffffffffb77c
N??CAA_S@OQCDOB_D@?	46	3fffffff0ffff
N??CAA_S@OQCDOB_CH?	46	7ffffffff7ff
N??CAA_S@OQC@oBOM??	46	3fffffffffff
N??CAA_S@OQC@oBOL??	46	3fffffffffff
N??CAA_S@OQC@oBOF??	46	3fffffffffff
N??CAA_S@OQC@oBOI_?	46	3ffffffffffcc
N??CAA_S@OQC@oBOIO?	46	3ffffffffffcc
N??CAA_S@OQC@oBODO?	46	3ffffffffffd2
N??CAA_S@OQC@oBOIA?	46	3ffffffffffcc
N??CAA_S@OQC@oBOGa?	46	feffffffff37c
N??CAA_S@OQC@oBOGQ?	46	3effffffffb7e
N??CAA_S@OQC@oBOE@?	46	fffffffef7ff
N??CAA_S@OQC@oBOGB?	46	7ffffffffffb
N??CAA_S@OQC@aBODO?	46	2ffdeff7fe70fccc
N??CAA_S@OQC@aBOKA?	46	7fffffffefff
N??CAA_S@OQC@aBOHA?	46	7ffffffffffd
N??CAA_S@OQC@aBOGI?	46	fffffffff7fb
N??CAA_S@OQC@QB_KO?	46	3fffffffffff
N??CAA_S@OQC@QB_DO?	46	2ffdeff7fe70fccc
N??CAA_S@OQC@QB_HA?	46	7ffffffffffd
N??CAA_S@OQC@QB_Ga?	46	7ffffffffffd
N??CAA_S@OQC@QB_GQ?	46	3fffffffffff
N??CAA_S@OQC@QB_GI?	46	fffffffdfffb
N??CAA_S@OPCT?@oF??	46	ffffffffff7e
N??CAA_S@OPCT?@oD_?	46	3fffffffffff
N??CAA_S@OPCT?@oEO?	46	7ffffffff7ff
N??CAA_S@OPCT?@oE@?	46	fffffffef7ff
N??CAA_S@OPCT?@oA`?	46	7ffffffffffe
N??CAA_S@OPCT?@oAH?	46	7ffffffffffd
N??CAA_S@OPCL?@oJ??	46	7ffffffffffe
N??CAA_S@OPCL?@oI_?	46	3fffffffffff
N??CAA_S@OPCL?@oIO?	46	3fffffffffff
N??CAA_S@OPCL?@oIG?	46	7ffffffff7ff
N??CAA_S@OPCL?@oHA?	46	7ffffffff7ff
N??CAA_S@OPCL?@oGa?	46	3fffffffffff
N??CAA_S@OPCL?@oGQ?	46	7fffffffff7f
N??CAA_S@OPCL?@o?q?	46	3fffffffffff
N??CAA_S@OPCL?@oGI?	46	7fffffffff7f
N??CAA_S@OPCL?@oGB?	46	7ffffffdffff
N??CAA_S@OPCL?@o?R?	46	3fffffffffff
N??CAA_S@OPCH_DOGW?	46	3fffffffffff
N??CAA_S@OPCH_DOHA?	46	7ffffffffffd
N??CAA_S@OPCH_DOGQ?	46	7fffffffff7f
N??CAA_S@OPCH_DOGB?	46	7ffffffffeff
N??CAA_S@OPCD_DOD_?	46	3ffff7dfdf7ff
N??CAA_S@OPCD_DODA?	46	3fffffffffff
N??CAA_S@OPCD_@oM??	46	3fffffffffff
N??CAA_S@OPCD_@oL??	46	fffffffdefff
N??CAA_S@OPCD_@oF??	46	3ffff7dfdf7ff
N??CAA_S@OPCD_@oE_?	46	3ffff7dfdf7ff
N??CAA_S@OPCD_@oD_?	46	3faeffff75e937d2
N??CAA_S@OPCD_@oKA?	46	7fffffffff7f
N??CAA_S@OPCD_@oK@?	46	fffffffef7ff
N??CAA_S@OPCD_@oC`?	46	2ffdeff7fe70fccc
N??CAA_S@OPCD_@oGB?	46	7ffffffeffff
N??CAA_S@OPCDA@oL??	46	7ffffffff7ff
N??CAA_S@OPCDA@oIG?	46	fffffffdfffd
N??CAA_S@OPCDA@oKA?	46	7ffffffdffff
N??CAA_S@OPCDA@oGa?	46	7fffffffff7f
N??CAA_S@OPCDA@oGQ?	46	7ffffffeffff
N??CAA_S@OPCDA@oGI?	46	fffffffefeff
N??CAA_S@OPCDA@oAI?	46	ffffffff6fff
N??CAA_S@ODCd?@oHA?	46	ffffffff77ff
N??CAA_S@ODCT?@oR??	46	ffffffffff7e
N??CAA_S@ODCT?@oBG?	46	3ffffdefdefff
N??CAA_S@ODCT?@oB@?	46	fffffffef7ff
N??CAA_S@ODCF?@oIG?	46	fffffdefce7ff
N??CAA_S@ODCF?@oWA?	46	fffffffff7fb
N??CAA_S@ODCF?@oOI?	46	7fffffffefff
N??CAA_S@ODCF?@oAI?	46	ffffffff0e7ff
N??CAA_S@ODCF?@oGP?	46	3fffffffffff
N??CAA_S@ODCF?@o?p?	46	3faeffff75e937d2
N??CAA_S@ODCF?@o?h?	46	1ffffffffb7fe
N??CAA_S@ODCF?@oGB?	46	fffffffdefff
N??CAA_S@ODC`_DOHA?	46	f7ffffbfe7ff9
N??CAA_S@ODCB_DOY??	46	7ffffffffffb
N??CAA_S@ODCB_DOWA?	46	ffffffffeffd
N??CAA_S@ODCB_DOAH?	46	3fffffffffff
N??CAA_S@ODCB_DOGB?	46	7fffffffefff
N??CAA_S@ODCDOD_PG?	46	3fffffffffff
N??CAA_S@ODCDOD_@I?	46	3fffffff0ffff
N??CAA_S@ODCDOD_@H?	46	3fffffffffff
N??CAA_S@OIAb?@oF??	46	7ffffffffffe
N??CAA_S@OIAb?@oE@?	46	ffffffff77ff
N??CAA_S@OIAF?@oS_?	46	3fffffffffff
N??CAA_S@OIAF?@oD_?	46	3ffffef7ef7ff
N??CAA_S@OIAF?@oSO?	46	fbffbfffff77c
N??CAA_S@OIAF?@oSG?	46	3fffffffffff
N??CAA_S@OIAF?@oDG?	46	3ffff7dfdf7ff
N??CAA_S@OIAF?@oPC?	46	7ffffffff7ff
N??CAA_S@OIAF?@oDC?	46	fffffdefce7ff
N??CAA_S@OIAF?@oCc?	46	3fffffffffff
N??CAA_S@OIAF?@oCS?	46	ffffffffff74c
N??CAA_S@OIAF?@oCK?	46	3fffffffffff
N??CAA_S@OIAF?@o?[?	46	1ffffffffb7fe
N??CAA_S@OIAF?@oS@?	46	feffffffff37c
N??CAA_S@OIAF?@oOD?	46	fffffef7ce7ff
N??CAA_S@OIAF?@o?T?	46	7ffffffdffff
N??CAA_S@OIAF?@o?L?	46	3fffffffffff
N??CAA_S@OIADOB_Og?	46	2ffdeff7fe70fccc
N??CAA_S@OIADOB_Cg?	46	3ffff7dfdf7ff
N??CAA_S@OIADOB_@g?	46	3faeffff75e937d2
N??CAA_S@OIADOB_CK?	46	3ffffffffe67f
N??CAA_S@OIADOB_OH?	46	7ffffffff7ff
N??CAA_S@OIABOB_EC?	46	fffffffe7fff
N??CAA_S@OIABOB_AS?	46	3fffffffffff
N??CAA_S@OIABOB_AD?	46	3fffffffffff
N??CAA_S@OIABO@oU??	46	3fffffffffff
N??CAA_S@OIABO@oF??	46	3ffff7dfdf7ff
N??CAA_S@OIABO@oB_?	46	3faeffff75e937d2
N??CAA_S@OIABO@oEC?	46	3fffffffffff
N??CAA_S@OHAF?@oQC?	46	7ffffffff7ff
N??CAA_S@OHAF?@oCS?	46	fffffffff77f
N??CAA_S@OHAF?@oAS?	46	3fffffffffff
N??CAA_S@OHAF?@o?[?	46	3fffffffffff
N??CAA_S@OHAF?@oOD?	46	fffffffdefff
N??CAA_S@OHAF?@o?L?	46	3fffffffffff
N??CAA_S@OHAD_@oEC?	46	3fffffffffff
N??CAA_S@OHAD_@oDC?	46	fffffffef7ff
N??CAA_S@OHAD_@oS@?	46	ffffffffff7d
N??CAA_S@OHAD_@oCD?	46	fffffffeefff
N??CAA_S@OHAB_DOCS?	46	7ffffffff7ff
N??CAA_S@OHAB_DOAS?	46	3fffffffffff
N??CAA_S@OHAB_DOOD?	46	7fffffffefff
N??CAA_S@OHAB_DOAD?	46	3fffffffffff
N??CAA_S@OHADOD_SG?	46	3fffffffffff
N??CAA_S@OHADOD_?w?	46	3faeffff75e937d2
N??CAA_S@OHADOD_DC?	46	3ffffdefdefff
N??CAA_S@OHADOD_CS?	46	3ffffffffffcc
N??CAA_S@OHADOD_CK?	46	3fffffffffff
N??CAA_S@OHADOD_S@?	46	3effffffffb7e
N??CAA_S@OGae?@oE_?	46	3fffffffffff
N??CAA_S@OGae?@oAg?	46	2ffdeff7fe70fccc
N??CAA_S@OGae?@oDC?	46	feffffffff37c
N??CAA_S@OGae?@oC`?	46	3fffffffffff
N??CAA_S@OGae?@oCP?	46	7fffffffff7f
N??CAA_S@OGae?@o@D?	46	fffffef7ce7ff
N??CAA_S@OGaF?CoS_?	46	3fffffffffff
N??CAA_S@OGaF?CoD_?	46	3ffffef7ef7ff
N??CAA_S@OGaF?CoDC?	46	3ffffdefdefff
N??CAA_S@OGaF?CoCc?	46	3fffffffffff
N??CAA_S@OGaF?CoS@?	46	3effffffffb7e
N??CAA_S@OGaF?AoSC?	46	7ffffffffffd
N??CAA_S@OGaF?AoCS?	46	7ffffffff7ff
N??CAA_S@OGaF?AoOD?	46	7fffffffefff
N??CAA_S@OGaF?Ao?T?	46	7ffffffdffff
N??CAA_S@OGaDOE_Og?	46	2ffdeff7fe70fccc
N??CAA_S@OGaDOE_Cg?	46	3ffff7dfdf7ff
N??CAA_S@OGaDOE_@g?	46	3faeffff75e937d2
N?AA@?OAF?Y?B_?[E_?	46	fffffffdf7ff
N?AA@?OAF?Y?B_?[BG?	46	3fffffffffff
N?AA@?OAF?Y?B_?[Cg?	46	3fffffffffff
N?AA@?OAF?Y?B_?[Ag?	46	3fffffffffff
N?AA@?OAF?Y?B_?[@g?	46	3fffffffffff
N?AA@?OAF?Y?B_?[@K?	46	3fffffffffff
N?AA@?OAF?Y?B_?[EA?	46	7ffffffffffe
N?AA@?OAF?Y?B_?[Ca?	46	3fffffffffff
N?AA@?OAF?Y?B_?[?q?	46	3fffffffffff
N?AA@?OAF?Y?B_?[@I?	46	3fffffffffff
N?AA@?OAF?Y?B_?[?i?	46	3fffffffffff
N?AA@?OAF?Y?B_?[?M?	46	fffffffdfffe
N?AA@?OAF?Y?BO?kD_?	46	fffffffeefff
N?AA@?OAF?Y?BO?kB_?	46	7ffffffeffff
N?AA@?OAF?Y?BO?kDO?	46	3fffffffffff
N?AA@?OAF?Y?BO?kBO?	46	3fffffffffff
N?AA@?OAF?Y?BO?kBG?	46	7ffffffdffff
N?AA@?OAF?Y?BO?kCg?	46	3fffffffdef7e
N?AA@?OAF?Y?BO?kAg?	46	fffffffdff7f
N?AA@?OAF?Y?BO?k@g?	46	fffffffdfeff
N?AA@?OAF?Y?BO?kCW?	46	3fffffffffff
N?AA@?OAF?Y?BO?kAW?	46	3fffffffffff
N?AA@?OAF?Y?BO?k@W?	46	3fffffffffff
N?AA@?OAF?Y?BO?k?w?	46	3fffffffffff
N?AA@?OAF?Y?BO?kDC?	46	3fffffffffff
N?AA@?OAF?Y?BO?k@c?	46	3fffffffffff
N?AA@?OAF?Y?BO?k@S?	46	3fffffffffff
N?AA@?OAF?Y?BO?k@K?	46	3fffffffffff
N?AA@?OAF?Y?BO?k@I?	46	3fffffffffff
N?AA@?OAF?Y?BO?[@S?	46	3fffffffffff
N?AA@?OAF?Y?@oAKD_?	46	2ffeffffffefb
N?AA@?OAF?Y?@oAKB_?	46	3fffffffffff
N?AA@?OAF?Y?@oAKBG?	46	3fffffffffff
N?AA@?OAF?Y?@oAK@g?	46	37fffbfffeffb
N?AA@?OAF?Y?@oAK@c?	46	3fffffffffff
N?AA@?OAF?Y?@oAK@K?	46	3fffffffffff
N?AA@?OAF?Y?@oAK@I?	46	3fffffffffff
N?AA@?OAF?Y?@WAS@S?	46	3fffffffffff
N?AA@?OAF?Y?BC?wF??	46	7ffffffff7ff
N?AA@?OAF?Y?BC?wD_?	46	ffffffffe7ff
N?AA@?OAF?Y?BC?wDO?	46	3fffffffffff
N?AA@?OAF?Y?BC?wBG?	46	3fffffffffff
N?AA@?OAF?Y?BC?w@g?	46	3fffffffffff
N?AA@?OAF?Y?BC?w@W?	46	3fffffffffff
N?AA@?OAF?Y?BC?w@K?	46	3fffffffffff
N?AA@?OAF?Y?BC?w@I?	46	3fffffffffff
N?AA@?OAF?R?Co@cCE?	46	3fffffffffff
N?AA@?OAF?R?Co@KL??	46	7fffffff7fff
N?AA@?OAF?R?Co@KK_?	46	3fffffffffff
N?AA@?OAF?R?Co@KCo?	46	3fffffffffff
N?AA@?OAF?R?Co@K@o?	46	3fffffffffff
N?AA@?OAF?R?Co@KGa?	46	3fffffffffff
N?AA@?OAF?R?Co@KGQ?	46	3fffffffffff
N?AA@?OAF?R?Co@KCQ?	46	3fffffffffff
N?AA@?OAF?R?Co@K?q?	46	3fffffffffff
N?AA@?OAF?R?@o@KM??	46	3fffffffffff
N?AA@?OAF?R?@o@KEO?	46	3fffffffffff
N?AA@?OAF?R?@o@KBO?	46	3fffffffffff
N?AA@?OAF?R?@o?kM??	46	3fffffffffff
N?AA@?OAF?R?@o?kF??	46	3fffffffffff
N?AA@?OAF?R?@o?kE_?	46	3fffffffffff
N?AA@?OAF?R?@o?kIG?	46	3fffffffffff
N?AA@?OAF?R?@o?kBG?	46	3fffffffffff
N?AA@?OAF?R?@o?kEC?	46	3fffffffffff
N?AA@?OAF?R?@o?kHC?	46	3fffffffffff
N?AA@?OAF?R?@o?kDC?	46	3fffffffffff
N?AA@?OAF?R?@g@SM??	46	3fffffffffff
N?AA@?OAF?R?@g@SIO?	46	3fffffffffff
N?AA@?OAF?R?@g@SEO?	46	3fffffffffff
N?AA@?OAF?R?@g@SDO?	46	3fffffffffff
N?AA@?OAF?R?@g@SBO?	46	3fffffffffff
N?AA@?OAF?R?@g?sM??	46	3fffffffffff
N?AA@?OAF?R?@g?sF??	46	3fffffffffff
N?AA@?OAF?R?@g?sI_?	46	3fffffffffff
N?AA@?OAF?R?@g?sE_?	46	3fffffffffff
N?AA@?OAF?R?@g?sD_?	46	3fffffffffff
N?AA@?OAF?R?@g?sB_?	46	3fffffffffff
N?AA@?OAF?R?@g?sKG?	46	3fffffffffff
N?AA@?OAF?R?@g?sIG?	46	3fffffffffff
N?AA@?OAF?R?@g?sHG?	46	3fffffffffff
N?AA@?OAF?R?@g?sDG?	46	3fffffffffff
N?AA@?OAF?R?@g?s@g?	46	3fffffffffff
N?AA@?OAF?R?@g?sHC?	46	3fffffffffff
N?AA@?OAF?R?@g?sDC?	46	3fffffffffff
N?AA@?OAF?R?@g?s@c?	46	3fffffffffff
N?AA@?OAF?R?@g?s@K?	46	3fffffffffff
N?AA@?OAF?R?@g?sDA?	46	3fffffffffff
N?AA@?OAF?K_E_?[R??	46	7ffffffdffff
N?AA@?OAF?K_E_?[BO?	46	7ffffffdffff
N?AA@?OAF?K_E_?[BG?	46	3fffffffffff
N?AA@?OAF?K_E_?[OW?	46	3fffffffdef7e
N?AA@?OAF?K_E_?[PC?	46	3fffffffffff
N?AA@?OAF?K_E_?[BC?	46	3ffdf7ffff77f
N?AA@?OAF?K_E_?[@S?	46	3fffffffffff
N?AA@?OAF?K_CoAKR??	46	7ffffffffffe
N?AA@?OAF?K_CoAKBO?	46	3fffffffffff
N?AA@?OAF?K_CoAK@S?	46	3fffffffffff
N?AA@?OAF?K_CgASR??	46	3fffffffffff
N?AA@?OAF?K_CgASBO?	46	3ffdf7ffff77f
N?AA@?OAF?K_CgASBC?	46	3ffdf7ffff77f
N?AA@?OAF?I_a_AWAI?	46	3fffffffffff
N?AA@?OAF?I_a_?[F??	46	7ffffffdffff
N?AA@?OAF?I_a_?[E_?	46	fffffffdf7ff
N?AA@?OAF?I_a_?[BG?	46	3fffffffffff
N?AA@?OAF?I_a_?[Cg?	46	3fffffffffff
N?AA@?OAF?I_a_?[Ag?	46	3fffffffffff
N?AA@?OAF?I_a_?[DC?	46	3fffffffffff
N?AA@?OAF?I_a_?[Cc?	46	3fffffffffff
N?AA@?OAF?I_a_?[Ac?	46	3fffffffffff
N?AA@?OAF?I_a_?[@c?	46	3fffffffffff
N?AA@?OAF?I_a_?[CS?	46	3fffffffffff
N?AA@?OAF?I_a_?[@S?	46	3fffffffffff
N?AA@?OAF?I_a_?[@K?	46	3fffffffffff
N?AA@?OAF?I_a_?[?k?	46	3fffffffffff
N?AA@?OAF?I_a_?[?[?	46	3fffffffffff
N?AA@?OAF?I_a_?[?e?	46	3fffffffffff
N?AA@?OAF?I_a_?[?M?	46	7ffffffffffe
N?AA@?OAF?I_aO?kF??	46	7ffffffeffff
N?AA@?OAF?I_aO?kD_?	46	fffffffeefff
N?AA@?OAF?I_aO?kB_?	46	7ffffffeffff
N?AA@?OAF?I_aO?kDO?	46	3fffffffffff
N?AA@?OAF?I_aO?kBO?	46	3fffffffffff
N?AA@?OAF?I_aO?kCg?	46	3fffffffdef7e
N?AA@?OAF?I_aO?kAg?	46	fffffffdff7f
N?AA@?OAF?I_aO?kCW?	46	3fffffffffff
N?AA@?OAF?I_aO?k?w?	46	3fffffffffff
N?AA@?OAF?I_aO?kDC?	46	3fffffffffff
N?AA@?OAF?I_aO?kCc?	46	3fffffffffff
N?AA@?OAF?I_aO?kAc?	46	3fffffffffff
N?AA@?OAF?I_aO?k@c?	46	3fffffffffff
N?AA@?OAF?I_aO?k@S?	46	3fffffffffff
N?AA@?OAF?I_aO?k?s?	46	3fffffffffff
N?AA@?OAF?I_aO?k@K?	46	3fffffffffff
N?AA@?OAF?I_aO?k?k?	46	3fffffffffff
N?AA@?OAF?I_aO?k?[?	46	3fffffffffff
N?AA@?OAF?I_aO?kEA?	46	3fffffffffff
N?AA@?OAF?I_aO?kBA?	46	3fffffffffff
N?AA@?OAF?I_aO?kCa?	46	3fffffffffff
N?AA@?OAF?I_aO?kAa?	46	3fffffffffff
N?AA@?OAF?I_aO?kAQ?	46	3fffffffffff
N?AA@?OAF?I_aO?kAI?	46	3fffffffffff
N?AA@?OAF?I_aO?k?i?	46	3fffffffffff
N?AA@?OAF?I_aO?k?Y?	46	3fffffffffff
N?AA@?OAF?I_aO?k@E?	46	3fffffffffff
N?AA@?OAF?I_aO?k?e?	46	3fffffffffff
N?AA@?OAF?I_aO?k?U?	46	3fffffffffff
N?AA@?OAF?I_aO?k?M?	46	3fffffffffff
N?AA@?OAF?I_aO?[AQ?	46	3fffffffffff
N?AA@?OAF?I_EO?kT??	46	7ffffffeffff
N?AA@?OAF?I_EO?kPO?	46	3fffffffffff
N?AA@?OAF?I_EO?kDO?	46	3fffffffffff
N?AA@?OAF?I_EO?kOo?	46	3fffffffffff
N?AA@?OAF?I_EO?kCo?	46	3fffffffffff
N?AA@?OAF?I_EO?kPG?	46	7ffffffdffff
N?AA@?OAF?I_EO?k@g?	46	7ffffffdffff
N?AA@?OAF?I_EO?kOW?	46	3fffffffffff
N?AA@?OAF?I_EO?kPC?	46	3fffffffffff
N?AA@?OAF?I_EO?kDC?	46	3fffffffffff
N?AA@?OAF?I_EO?kOc?	46	3fffffffffff
N?AA@?OAF?I_EO?kCc?	46	3fffffffffff
N?AA@?OAF?I_EO?kOS?	46	3fffffffffff
N?AA@?OAF?I_EO?k@S?	46	3fffffffffff
N?AA@?OAF?I_EO?kOK?	46	3fffffffffff
N?AA@?OAF?I_EO?k@K?	46	3fffffffffff
N?AA@?OAF?I_EO?kSA?	46	3fffffffffff
N?AA@?OAF?I_EO?kPA?	46	3fffffffffff
N?AA@?OAF?I_EO?kDA?	46	3fffffffffff
N?AA@?OAF?I_EO?kCa?	46	3fffffffffff
N?AA@?OAF?I_EO?kOQ?	46	3fffffffffff
N?AA@?OAF?I_EO?kCQ?	46	3fffffffffff
N?AA@?OAF?I_EO?kOI?	46	3fffffffffff
N?AA@?OAF?I_EO?kCI?	46	3fffffffffff
N?AA@?OAF?I_EO?k?Y?	46	3fffffffffff
N?AA@?OAF?I_EO?kOE?	46	3fffffffffff
N?AA@?OAF?I_EO?kCE?	46	3fffffffffff
N?AA@?OAF?I_EO?k?M?	46	3fffffffffff
N?AA@?OAF?I_BOGK@S?	46	3fffffffffff
N?AA@?OAF?I_BOAKCS?	46	3fffffffffff
N?AA@?OAF?I_BO?kT??	46	fffffffeefff
N?AA@?OAF?I_BO?kR??	46	7ffffffeffff
N?AA@?OAF?I_BO?kF??	46	7ffffffeffff
N?AA@?OAF?I_BO?kDO?	46	3fffffffffff
N?AA@?OAF?I_BO?kSG?	46	3fffffffdef7e
N?AA@?OAF?I_BO?kQG?	46	fffffffdff7f
N?AA@?OAF?I_BO?kPG?	46	fffffffdfeff
N?AA@?OAF?I_BO?kOW?	46	3fffffffffff
N?AA@?OAF?I_BO?kAW?	46	3fffffffffff
N?AA@?OAF?I_BO?kSC?	46	3fffffffffff
N?AA@?OAF?I_BO?kQC?	46	3fffffffffff
N?AA@?OAF?I_BO?kPC?	46	3fffffffffff
N?AA@?OAF?I_BO?kDC?	46	3fffffffffff
N?AA@?OAF?I_BO?kOS?	46	3fffffffffff
N?AA@?OAF?I_BO?kAS?	46	3fffffffffff
N?AA@?OAF?I_BO?k@S?	46	3fffffffffff
N?AA@?OAF?I_BO?kOK?	46	3fffffffffff
N?AA@?OAF?I_BO?k?[?	46	3fffffffffff
N?AA@?OAF?I_BO?kSA?	46	3fffffffffff
N?AA@?OAF?I_BO?kQA?	46	3fffffffffff
N?AA@?OAF?I_BO?kEA?	46	3fffffffffff
N?AA@?OAF?I_BO?kDA?	46	3fffffffffff
N?AA@?OAF?I_BO?kCQ?	46	3fffffffffff
N?AA@?OAF?I_BO?kAQ?	46	3fffffffffff
N?AA@?OAF?I_BO?kOI?	46	3fffffffffff
N?AA@?OAF?I_BO?kCI?	46	3fffffffffff
N?AA@?OAF?I_BO?k?Y?	46	3fffffffffff
N?AA@?OAF?I_BO?kOE?	46	3fffffffffff
N?AA@?OAF?I_BO?kCE?	46	3fffffffffff
N?AA@?OAF?I_BO?k@E?	46	3fffffffffff
N?AA@?OAF?I_BO?k?U?	46	3fffffffffff
N?AA@?OAF?I_BO?k?M?	46	3fffffffffff
N?AA@?OAF?I_Ao?kU??	46	3fffffffffff
N?AA@?OAF?I_Ao?kT??	46	3fffffffffff
N?AA@?OAF?I_Ao?kR??	46	3fffffffffff
N?AA@?OAF?I_Ao?kF??	46	3fffffffffff
N?AA@?OAF?I_Ao?kD_?	46	3fffffffffff
N?AA@?OAF?I_Ao?kB_?	46	3fffffffffff
N?AA@?OAF?I_Ao?kQG?	46	3fffffffffff
N?AA@?OAF?I_Ao?kBG?	46	3fffffffffff
N?AA@?OAF?I_Ao?kOg?	46	3fffffffffff
N?AA@?OAF?I_Ao?kCg?	46	3fffffffffff
N?AA@?OAF?I_Ao?[U??	46	3fffffffffff
N?AA@?OAF?I_Ao?[R??	46	3fffffffffff
N?AA@?OAF?I_Ao?[F??	46	3fffffffffff
N?AA@?OAF?I_Ao?[S_?	46	3fffffffffff
N?AA@?OAF?I_Ao?[D_?	46	3fffffffffff
N?AA@?OAF?I_Ao?[B_?	46	3fffffffffff
N?AA@?OAF?I_Ao?[Co?	46	3fffffffffff
N?AA@?OAF?I_Ao?[Cc?	46	3fffffffffff
N?AA@?OAF?I_Ao?[@c?	46	3fffffffffff
N?AA@?OAF?I_Ao?[?s?	46	3fffffffffff
N?AA@?OAF?I_Ao?[Ca?	46	3fffffffffff
N?AA@?OAF?I_@oAKT??	46	2ffeffffffefb
N?AA@?OAF?I_@oAKR??	46	3fffffffffff
N?AA@?OAF?I_@oAKF??	46	3fffffffffff
N?AA@?OAF?I_@oAKDO?	46	37fffbfffeffb
N?AA@?OAF?I_@oAKPC?	46	3fffffffffff
N?AA@?OAF?I_@oAKDC?	46	3fffffffffff
N?AA@?OAF?I_@oAKDA?	46	3fffffffffff
N?AA@?OAF?I__WAcF??	46	3fffffffffff
N?AA@?OAF?I__WAcD_?	46	3fffffffffff
N?AA@?OAF?I__WAcB_?	46	3fffffffffff
N?AA@?OAF?I__WAcDO?	46	3fffffffffff
N?AA@?OAF?I__WAcBO?	46	3fffffffffff
N?AA@?OAF?I__WAcBG?	46	3fffffffffff
N?AA@?OAF?I__WAc@g?	46	3fffffffffff
N?AA@?OAF?I__WAc@W?	46	3fffffffffff
N?AA@?OAF?I__WAc@c?	46	3fffffffffff
N?AA@?OAF?I__WAc@S?	46	3fffffffffff
N?AA@?OAF?I__WAc@K?	46	3fffffffffff
N?AA@?OAF?I__WAc@I?	46	3fffffffffff
N?AA@?OAF?I__WAc@E?	46	3fffffffffff
N?AA@?OAF?I_aC?wD_?	46	ffffffffe7ff
N?AA@?OAF?I_aC?wB_?	46	fffffffef7ff
N?AA@?OAF?I_aC?wBO?	46	3fffffffffff
N?AA@?OAF?I_aC?wBG?	46	3fffffffffff
N?AA@?OAF?I_aC?w@g?	46	3fffffffffff
N?AA@?OAF?I_aC?w@W?	46	3fffffffffff
N?AA@?OAF?I_aC?w@c?	46	3fffffffffff
N?AA@?OAF?I_aC?w@S?	46	3fffffffffff
N?AA@?OAF?I_aC?w@K?	46	3fffffffffff
N?AA@?OAF?I_aC?wBA?	46	fffffffdefff
N?AA@?OAF?I_aC?w@Q?	46	3fffffffffff
N?AA@?OAF?I_IC?wB_?	46	7ffffffff7ff
N?AA@?OAF?I_IC?wBO?	46	3fffffffffff
N?AA@?OAF?I_IC?w@o?	46	3fffffffffff
N?AA@?OAF?I_IC?wPG?	46	3fffffffffff
N?AA@?OAF?I_IC?wBG?	46	3fffffffffff
N?AA@?OAF?I_IC?w@g?	46	3fffffffffff
N?AA@?OAF?I_IC?wBC?	46	3fffffffffff
N?AA@?OAF?I_IC?w@c?	46	3fffffffffff
N?AA@?OAF?I_IC?w@S?	46	3fffffffffff
N?AA@?OAF?I_IC?w@K?	46	3fffffffffff
N?AA@?OAF?I_IC?wBA?	46	7ffffffdffff
N?AA@?OAF?I_IC?w@Q?	46	3fffffffffff
N?AA@?OAF?I_AcAWU??	46	fffffffdff7f
N?AA@?OAF?I_AcAWSO?	46	fffffffdefff
N?AA@?OAF?I_AcAWQO?	46	fffffffcffff
N?AA@?OAF?I_AcAWEO?	46	7ffffffdffff
N?AA@?OAF?I_AcAWQG?	46	3fffffffffff
N?AA@?OAF?I_AcAWEG?	46	3fffffffffff
N?AA@?OAF?I_AcAWOg?	46	3fffffffffff
N?AA@?OAF?I_AcAWCg?	46	3fffffffffff
N?AA@?OAF?I_AcAWOW?	46	3fffffffffff
N?AA@?OAF?I_AcAWAW?	46	3fffffffffff
N?AA@?OAF?I_AcAW?w?	46	3fffffffffff
N?AA@?OAF?I_AcAWQA?	46	3fffffffffff
N?AA@?OAF?I_AcAWEA?	46	3fffffffffff
N?AA@?OAF?I_AcAWOI?	46	3fffffffffff
N?AA@?OAF?I_AcAW?i?	46	3fffffffffff
N?AA@?OAF?I_AcAW?M?	46	7fffffffefff
N?AA@?OAF?Coe??[B_?	46	7ffffffdffff
N?AA@?OAF?Coe??[BO?	46	7ffffffdffff
N?AA@?OAF?Coe??[IG?	46	3fffffffffff
N?AA@?OAF?Coe??[Gg?	46	3fffffffdef7e
N?AA@?OAF?Coe??[@c?	46	3fffffffffff
N?AA@?OAF?Coe??[AS?	46	3fffffffffff
N?AA@?OAF?Coe??[@S?	46	3fffffffffff
N?AA@?OAF?Coe??[@K?	46	3fffffffffff
N?AA@?OAF?Coe??[AE?	46	3fffffffffff
N?AA@?OAF?Coe??[?e?	46	3fffffffffff
N?AA@?OAF?Coe??[?U?	46	3fffffffffff
N?AA@?OAF?Coe??[?M?	46	3fffffffffff
N?AA@?OAF?CocOAgBA?	46	3fffffffffff
N?AA@?OAF?CocOAKJ??	46	3fffffffffff
N?AA@?OAF?CocOAKB_?	46	3fffffffffff
N?AA@?OAF?CocOAKBO?	46	3fffffffffff
N?AA@?OAF?CocOAKHG?	46	2ffeffffffefb
N?AA@?OAF?CocOAKBG?	46	3fffffffffff
N?AA@?OAF?CocOAK@c?	46	3fffffffffff
N?AA@?OAF?CocOAK@S?	46	3fffffffffff
N?AA@?OAF?CocOAK@K?	46	3fffffffffff
N?AA@?OAF?CocOAK@Q?	46	3fffffffffff
N?AA@?OAF?CoEO?[Y??	46	3fffffffffff
N?AA@?OAF?CoEO?[I_?	46	3fffffffffff
N?AA@?OAF?CocGEC@W?	46	3fffffffffff
N?AA@?OAF?CocGASB_?	46	3fffffffffff
N?AA@?OAF?CocGASBO?	46	3fffffffffff
N?AA@?OAF?CocGASBG?	46	3fffffffffff
N?AA@?OAF?CoCWECP_?	46	3fff7dfffeeff
N?AA@?OAF?CoCWECH_?	46	3fff7dfffeeff
N?AA@?OAF?CoCWECPG?	46	3fffffffffff
N?AA@?OAF?CoCWECPA?	46	3fffffffffff
N?AA@?OAF?QCE_@SH_?	46	3fffffffffff
N?AA@?OAF?QCE_@SD_?	46	3fffffffffff
N?AA@?OAF?QCE_@SHG?	46	3fffffffffff
N?AA@?OAF?QCE_@SDG?	46	3fffffffffff
N?AA@?OAF?QCE_@S@g?	46	3fffffffffff
N?AA@?OAF?QCE_@S@W?	46	3fffffffffff
N?AA@?OAF?QCE_@S?w?	46	3fffffffffff
N?AA@?OAF?QCE_@SHC?	46	fffffffeefff
N?AA@?OAF?QCE_@SDC?	46	7ffffffeffff
N?AA@?OAF?QCE_@SGS?	46	3fffffffdef7e
N?AA@?OAF?QCE_@SCS?	46	fffffffdff7f
N?AA@?OAF?QCE_@S@S?	46	fffffffdfeff
N?AA@?OAF?QCE_@SGK?	46	3fffffffffff
N?AA@?OAF?QCE_@SCK?	46	3fffffffffff
N?AA@?OAF?QCE_@S@K?	46	3fffffffffff
N?AA@?OAF?QCE_@S?[?	46	3fffffffffff
N?AA@?OAF?QCE_@SKA?	46	7ffffffffeff
N?AA@?OAF?QCE_@SHA?	46	3fffffffffff
N?AA@?OAF?QCE_@SDA?	46	3fffffffffff
N?AA@?OAF?QCE_@SGa?	46	7fffffffefff
N?AA@?OAF?QCE_@SCa?	46	fffffffeefff
N?AA@?OAF?QCE_@SGQ?	46	3fffffffffff
N?AA@?OAF?QCE_@SCQ?	46	3fffffffffff
N?AA@?OAF?QCE_@S?q?	46	3fffffffffff
N?AA@?OAF?QCE_@SGI?	46	7ffffffeffff
N?AA@?OAF?QCE_@S?i?	46	fffffffdefff
N?AA@?OAF?QCE_@S?Y?	46	3fffffffffff
N?AA@?OAF?QCE_@SGE?	46	3fffffffffff
N?AA@?OAF?QCE_@SCE?	46	3fffffffffff
N?AA@?OAF?QCE_@S@E?	46	3fffffffffff
N?AA@?OAF?QCE_@S?U?	46	3fffffffffff
N?AA@?OAF?QCE_@S?M?	46	3fffffffffff
N?AA@?OAF?QCE_?sCa?	46	3fffffffffff
N?AA@?OAF?QCB_@SM??	46	3fffffffffff
N?AA@?OAF?QCB_@SJ??	46	3fffffffffff
N?AA@?OAF?QCB_@SF??	46	3fffffffffff
N?AA@?OAF?QCB_@SEO?	46	3fffffffffff
N?AA@?OAF?QCB_@SBO?	46	3fffffffffff
N?AA@?OAF?QCB_@SBG?	46	3fffffffffff
N?AA@?OAF?QCB_@SAW?	46	3fffffffffff
N?AA@?OAF?QCB_@SBA?	46	3fffffffffff
N?AA@?OAF?QCB_?sJ??	46	3fffffffffff
N?AA@?OAF?QCB_?sF??	46	3fffffffffff
N?AA@?OAF?QCB_?sB_?	46	3fffffffffff
N?AA@?OAF?QCB_?sIG?	46	3fffffffffff
N?AA@?OAF?QCB_?sBG?	46	3fffffffffff
N?AA@?OAF?QCB_?sAg?	46	3fffffffffff
N?AA@?OAF?QCB_?sIC?	46	3fffffffffff
N?AA@?OAF?QCB_?sEC?	46	7fffffffff7f
N?AA@?OAF?QCB_?sBC?	46	3fffffffffff
N?AA@?OAF?QCB_?sAK?	46	3fffffffffff
N?AA@?OAF?QCB_?sIA?	46	3fffffffffff
N?AA@?OAF?QCB_?sEA?	46	3fffffffffff
N?AA@?OAF?QCB_?sAa?	46	3fffffffffff
N?AA@?OAF?QCB_?sAE?	46	3fffffffffff
N?AA@?OAF?QCCoQC@g?	46	3fffffffffff
N?AA@?OAF?QCCoBCL??	46	7ffffffff7ff
N?AA@?OAF?QCCoBCH_?	46	fffffffef7ff
N?AA@?OAF?QCCoBCHO?	46	3fffffffffff
N?AA@?OAF?QCCoBCDO?	46	3fffffffffff
N?AA@?OAF?QCCoBC@o?	46	3fffffffffff
N?AA@?OAF?QCCoBC@W?	46	3fffffffffff
N?AA@?OAF?QCCoBCHC?	46	3fffffffffff
N?AA@?OAF?QCCoBC@c?	46	3fffffffcfefb
N?AA@?OAF?QCCoBC@S?	46	3fffffffffff
N?AA@?OAF?QCCoBCHA?	46	fffffffdefff
N?AA@?OAF?QCCoBC@Q?	46	3fffffffffff
N?AA@?OAF?QCCoAcD_?	46	3fffffffffff
N?AA@?OAF?QC@oBCJ??	46	3fffffffffff
N?AA@?OAF?QC@oAcJ??	46	3fffffffffff
N?AA@?OAF?QC@oAcF??	46	3fffffffffff
N?AA@?OAF?QCQC@oB_?	46	3fffffffffff
N?AA@?OAF?QCQC@oBG?	46	3fffffffffff
N?AA@?OAF?QCEC@oL??	46	7ffffffffffe
N?AA@?OAF?QCEC@oH_?	46	3fffffffffff
N?AA@?OAF?QCEC@oHO?	46	3fffffffffff
N?AA@?OAF?QCEC@oDO?	46	3fffffffffff
N?AA@?OAF?QCEC@o@o?	46	3fffffffffff
N?AA@?OAF?QCEC@o@W?	46	3fffffffffff
N?AA@?OAF?QCEC@oHC?	46	ffffffffe7ff
N?AA@?OAF?QCEC@o@S?	46	3fffffffffff
N?AA@?OAF?QCEC@oHA?	46	ffffffffe7ff
N?AA@?OAF?QCEC@o@Q?	46	3fffffffffff
N?AA@?OAF?QCBCAoI_?	46	fffffffeefff
N?AA@?OAF?QCBCAoIO?	46	3fffffffffff
N?AA@?OAF?QCBCAoEO?	46	3fffffffffff
N?AA@?OAF?QCBCAoAo?	46	3fffffffffff
N?AA@?OAF?QCBCAoIC?	46	3fffffffdef7e
N?AA@?OAF?QCBCAoAS?	46	3fffffffffff
N?AA@?OAF?QCBCAoIA?	46	3fffffffffff
N?AA@?OAF?QCBCAoAQ?	46	3fffffffffff
