c --- [ banner ] -------------------------------------------------------------
c 
c CaDiCaL SAT Solver
c Copyright (c) 2016-2026
c A. Biere, M. Fleury, N. Froleyks, K. Fazekas, F. Pollitt, T. Faller
c JKU Linz, University of Freiburg, TU Wien
c 
c Version 3.0.1
c Apple clang version 21.0.0 (clang-2100.0.123.102) -Wall -Wextra -O3 -DNDEBUG -DNCLOSEFROM
c Sun Jul 19 15:40:55 UTC 2026 Darwin Tahoe-arm64.local 25.4.0 arm64
c 
c --- [ proof tracing ] ------------------------------------------------------
c 
c opening file to write 'scratch/order100-global-profile1-final.lrat'
c writing non-binary proof trace to 'scratch/order100-global-profile1-final.lrat'
c 
c --- [ parsing input ] ------------------------------------------------------
c 
c reading DIMACS file from 'scratch/order100-global-profile1-final.cnf'
c opening file to read 'scratch/order100-global-profile1-final.cnf'
c found 'p cnf 36188 210922' header
c parsed 210922 clauses in 0.06 seconds process time
c 
c --- [ options ] ------------------------------------------------------------
c 
c   --binary=false                 (different from default 'true')
c   --lrat=true                    (different from default 'false')
c 
c --- [ solving ] ------------------------------------------------------------
c 
c time measured in process time since initialization
c 
c  seconds  reduction conflicts       size tier2        variables
c         MB    restarts   redundant    glue  trail          remaining
c          level     rate       size/glu tier1  irredundant
c 
c *  0.06  0  0 0   0  0    0    0 0.0 0 0 2 6  0% 210910 36182 100%
c )  0.06  0  0 0   0  0    0    0 0.0 0 0 2 6  0% 210910 36182 100%
c {  0.07  0  0 0   0  0    0    0 0.0 0 0 2 6  0% 210910 36182 100%
c -  0.09  0 160 1   3 17  300  120 1.2 60 50 2 6  6% 210910 36182 100%
c i  0.09  0 131 1   3 15  380  164 1.2 52 44 2 6  6% 210910 36181 100%
c -  0.15  0 201 2   8 21  873  291 2.4 74 31 2 6 14% 210904 36181 100%
c }  0.16  0 227 2  13 19 1004  360 2.2 72 33 2 6 15% 210904 36181 100%
c [  0.16  0  0 2  13  0 1004  360 0.0 0 0 2 6  0% 210904 36181 100%
c O  0.16  0  7 2  13  8 1005  361 1.1 8 7 2 6 10% 210904 36181 100%
c ]  0.24  0 51 2  13 19 1693 1048 1.2 7 6 2 6 14% 210904 36181 100%
c {  0.24  0 227 2  13 19 1693 1048 2.2 72 33 2 6 15% 210904 36181 100%
c i  0.24  0 227 2  13 19 1694 1048 2.2 72 33 2 6 15% 210904 36180 100%
c -  0.26  0 205 3  13 18 1850  984 2.2 67 30 2 6 16% 210899 36180 100%
c i  0.30  0 188 3  34 17 2209 1261 1.9 65 33 2 6 18% 210899 36179 100%
c O  0.39  0 136 3  59 15 3006 1841 2.0 56 28 2 6 18% 210899 36179 100%
c -  0.44  0 194 4  59 14 3277 1362 2.0 54 27 2 6 24% 210894 36179 100%
c i  0.44  0 194 4  59 14 3279 1363 2.0 54 27 2 6 24% 210894 36178 100%
c s  0.69  0 225 4 183 13 5087 2488 1.8 44 25 12 35 33% 204510 36178 100%
c e  0.81  0 225 4 183 13 5087 1854 1.8 44 25 12 35 33% 199145 21364 59%
c s  0.83  0 225 4 183 13 5087 1829 1.8 44 25 12 35 33% 195514 21364 59%
c 
c  seconds   reduction conflicts       size    tier2         variables
c         MB     restarts   redundant     glue     trail          remaining
c           level     rate       size/glue  tier1    irredundant
c 
c -  0.88  0 224 5 183 13 5199 1723 1.8 43 24 12 35 21% 195514 21364 59%
c }  0.89  0 220 5 188 13 5312 1827 1.8 43 24 12 35 26% 195514 21364 59%
c [  0.89  0 51 5 188 19 5312 1827 1.2 7 6 2 6 24% 195514 21364 59%
c 2  0.90  0 56 5 188 20 5339 1854 1.3 9 7 2 6 25% 195002 21364 59%
c I  0.99  0 253 5 189 15 6007 2447 1.4 69 49 6 7 32% 195002 21364 59%
c -  1.13  0 247 6 190 11 7526 3012 1.3 61 46 15 126 35% 195002 21364 59%
c B  1.34  0 146 6 192  8 10010 4951 1.5 47 32 13 87 36% 195002 21364 59%
c -  1.36  0 148 7 192  8 10322 4748 1.4 50 35 13 87 34% 195002 21364 59%
c ]  1.44  0 154 7 193  8 11629 5814 1.6 53 33 13 87 33% 195002 21364 59%
c {  1.44  0 220 7 193 13 11629 5814 1.8 43 24 12 35 26% 195002 21364 59%
c -  1.56  0 185 8 550 13 13597 6199 1.5 48 32 12 40 18% 195002 21364 59%
c #  1.71  0 185 8 640 13 15012 7263 1.5 48 31 12 40 29% 195002 21364 59%
c -  1.84  0 157 9 777 12 17357 7294 1.5 46 31 12 40 36% 195002 21364 59%
c s  1.96  0 158 9 777 11 17864 7651 1.5 46 30 12 40 38% 180135 21364 59%
c e  1.98  0 158 9 777 11 17864 7513 1.5 46 30 12 40 38% 180111 21348 59%
c s  2.00  0 158 9 777 11 17864 7481 1.5 46 30 12 40 38% 170684 21348 59%
c B  2.20  0 146 9 1072 12 21013 9789 1.4 49 34 12 40 34% 170684 21348 59%
c -  2.29  0 155 10 1233 12 21606 8465 1.4 56 41 14 47 34% 170684 21348 59%
c 2  2.29  0 155 10 1233 12 21606 8465 1.4 56 41 14 47 34% 170652 21348 59%
c }  2.54  0 176 10 1636 13 24161 10335 1.3 75 60 14 47 32% 170652 21348 59%
c 
c  seconds   reductions   conflicts        size    tier2         variables
c         MB      restarts      redundant     glue     trail          remaining
c           level       rate         size/glue  tier1    irredundant
c 
c [  2.54  0 154 10 1636  8 24161 10335 1.6 53 33 13 87 33% 170652 21348 59%
c -  2.71  0 147 11 1637  7 26133 9708 1.7 53 32 13 87 34% 170652 21348 59%
c W  3.00  0 129 11 1637  7 28014 10910 1.6 51 32 13 87 31% 170652 21348 59%
c -  3.19  0 121 12 1638  6 31111 11462 1.6 51 32 13 87 31% 170652 21348 59%
c s  3.66  0 169 12 1642  6 35859 15586 1.8 67 37 13 87 37% 166835 21348 59%
c s  3.69  0 169 12 1642  6 35859 15492 1.8 67 37 13 87 37% 166835 21348 59%
c ^  3.69  0 169 12 1642  6 35859 15492 1.8 67 37 13 87 37% 166835 21348 59%
c O  3.70  0 168 12 1642  6 36016 15620 1.8 67 37 13 87 37% 166835 21348 59%
c -  3.76  0 166 13 1642  6 36543 13230 1.8 67 38 13 87 36% 166835 21348 59%
c ]  3.85  0 163 13 1643  6 36947 13483 1.8 66 37 13 87 36% 166835 21348 59%
c {  3.85  0 176 13 1643 13 36947 13483 1.3 75 60 14 47 32% 166835 21348 59%
c -  4.22  0 194 14 1707 11 42384 15834 1.3 71 54 18 105 37% 166835 21348 59%
c u  4.24  0 194 14 1707 11 42384 15826 1.3 71 54 18 105 37% 166835 21347 59%
c v  4.25  0 194 14 1707 11 42384 15772 1.3 71 54 18 105 37% 166835 21347 59%
c w  4.26  0 194 14 1707 11 42384 15750 1.3 71 54 18 105 37% 166835 21347 59%
c x  4.26  0 194 14 1707 11 42384 15750 1.3 71 54 18 105 37% 166833 21347 59%
c W  4.58  0 193 14 1807 10 45022 17796 1.3 69 52 18 105 39% 166828 21347 59%
c i  4.72  0 186 14 1807 10 46835 19221 1.3 67 50 18 105 42% 166828 21346 59%
c -  4.86  0 176 15 1816  9 48675 18246 1.4 64 48 18 105 44% 166825 21346 59%
c d  4.87  0 176 15 1816  9 48675 18244 1.4 64 48 18 105 44% 166823 21344 59%
c 
c  seconds   reductions   conflicts        size     tier2         variables
c         MB      restarts      redundant     glue      trail          remaining
c           level       rate         size/glue  tier1     irredundant
c 
c 2  4.87  0 176 15 1816  9 48675 18244 1.4 64 48 18 105 44% 166819 21344 59%
c t  4.87  0 176 15 1816  9 48675 18244 1.4 64 48 18 105 44% 166818 21344 59%
c F  5.31  0 163 15 1864  9 55030 22706 1.4 60 44 18 105 45% 166818 21344 59%
c -  5.33  0 162 16 1888  9 55415 20381 1.4 60 43 18 105 45% 166818 21344 59%
c i  5.50  0 158 16 2009  9 59047 22805 1.4 60 43 18 105 42% 166818 21296 59%
c s  5.63  0 159 16 2071  9 59589 20979 1.4 60 43 18 105 41% 166676 21296 59%
c e  5.72  0 159 16 2071  9 59589 20793 1.4 60 43 18 105 41% 166329 21180 59%
c s  5.77  0 159 16 2071  9 59589 18876 1.4 60 43 18 105 41% 166329 21180 59%
c ^  5.77  0 159 16 2071  9 59589 18876 1.4 60 43 18 105 41% 166329 21180 59%
c -  6.02  0 155 17 2104  9 62607 18567 1.4 59 41 18 105 43% 166329 21180 59%
c 2  6.03  0 155 17 2104  9 62607 18567 1.4 59 41 18 105 43% 166313 21180 59%
c }  6.07  0 155 17 2104  9 62646 18601 1.4 59 41 18 105 43% 166313 21180 59%
c [  6.07  0 163 17 2104  6 62646 18601 1.8 66 37 13 87 36% 166313 21180 59%
c B  6.32  0 157 17 2105  5 66038 21337 1.8 62 36 13 87 41% 166313 21180 59%
c -  6.48  0 157 18 2106  5 70244 22918 1.8 61 34 13 87 37% 166313 21180 59%
c W  7.04  0 319 18 2107  5 78077 29349 1.7 60 36 19 53 40% 166313 21180 59%
c -  7.05  0 318 19 2107  5 78334 27671 1.7 60 36 19 53 40% 166313 21180 59%
c -  7.63  0 337 20 2113  4 86876 31212 1.6 60 37 19 53 40% 166313 21180 59%
c s  7.89  0 319 20 2113  4 89322 30501 1.6 59 37 19 53 40% 166309 21180 59%
c s  8.03  0 319 20 2113  4 89322 29656 1.6 59 37 19 53 40% 166309 21180 59%
c 
c  seconds   reductions   conflicts        size    tier2         variables
c         MB      restarts      redundant     glue     trail          remaining
c           level       rate         size/glue  tier1    irredundant
c 
c ^  8.04  0 319 20 2113  4 89322 29656 1.6 59 37 19 53 40% 166309 21180 59%
c ]  8.15  0 306 20 2114  4 91065 30853 1.6 58 36 19 53 40% 166309 21180 59%
c {  8.15  0 155 20 2114  9 91065 30853 1.4 59 41 18 105 43% 166309 21180 59%
c B  8.15  0 155 20 2114  9 91078 30866 1.4 59 41 18 105 43% 166309 21180 59%
c i  8.18  0 155 20 2171  9 91636 31264 1.4 59 41 18 105 43% 166309 21177 59%
c -  8.46  0 158 21 2659  9 95871 28722 1.4 61 44 18 105 41% 166177 21177 59%
c i  8.75  0 165 21 2790  9 101219 32916 1.4 61 42 18 105 41% 166177 21164 58%
c W  9.21  0 167 21 2912  9 105081 34924 1.4 59 41 18 105 42% 165864 21128 58%
c -  9.24  0 167 22 2912  9 105318 31603 1.4 59 41 18 105 42% 165864 21128 58%
c u  9.31  0 167 22 2912  9 105318 31524 1.4 59 41 18 105 42% 165864 21102 58%
c v  9.32  0 167 22 2912  9 105318 31490 1.4 59 41 18 105 42% 165864 21102 58%
c w  9.33  0 167 22 2912  9 105318 31475 1.4 59 41 18 105 42% 165864 21102 58%
c -  9.92  0 168 23 3358  9 115213 33916 1.5 59 40 18 105 41% 165709 21102 58%
c 2  9.92  0 168 23 3358  9 115213 33915 1.5 59 40 18 105 41% 165709 21102 58%
c d  9.93  0 168 23 3358  9 115213 33913 1.5 59 40 18 105 41% 165705 21098 58%
c 2  9.93  0 168 23 3358  9 115213 33913 1.5 59 40 18 105 41% 165703 21098 58%
c t  9.94  0 168 23 3358  9 115213 33913 1.5 59 40 18 105 41% 165702 21098 58%
c # 10.20  0 163 23 3519  8 120092 37515 1.5 59 40 18 105 42% 165702 21098 58%
c s 10.66  0 161 23 3849  9 125000 37637 1.5 60 40 18 105 41% 165677 21098 58%
c e 10.79  0 161 23 3849  9 125000 19359 1.5 60 40 18 105 41% 173453 13967 39%
c 
c  seconds   reductions   conflicts         size     tier2         variables
c         MB      restarts       redundant     glue      trail          remaining
c           level       rate          size/glue  tier1     irredundant
c 
c s 10.84  0 161 23 3849  9 125000 19048 1.5 60 40 18 105 41% 173453 13967 39%
c - 10.93  0 162 24 3956  9 125590 17882 1.5 60 41 18 105 41% 173453 13967 39%
c 2 10.93  0 162 24 3956  9 125590 17882 1.5 60 41 18 105 41% 172187 13967 39%
c i 10.96  0 162 24 3958  9 125828 18060 1.5 60 41 18 105 37% 172187 13907 38%
c i 11.01  0 162 24 4049  9 126299 18479 1.5 61 41 18 105 37% 172187 13841 38%
c } 11.22  0 154 24 4259  9 132048 22522 1.5 59 40 18 105 36% 172187 13833 38%
c [ 11.22  0 306 24 4259  4 132048 22522 1.6 58 36 19 53 60% 172187 13833 38%
c i 11.34  0 287 24 4261  4 135354 24908 1.6 57 36 19 53 59% 172187 13832 38%
c i 11.34  0 285 24 4261  4 135585 25058 1.6 57 36 19 53 58% 172187 13831 38%
c I 11.38  0 284 24 4262  4 136101 25469 1.6 57 35 20 55 58% 172187 13831 38%
c - 11.41  0 282 25 4262  4 136567 19484 1.6 57 35 20 55 58% 170972 13831 38%
c 2 11.41  0 282 25 4262  4 136567 19484 1.6 57 35 20 55 58% 170972 13830 38%
c i 11.54  0 279 25 4264  4 139381 21562 1.6 58 36 20 55 57% 170972 13828 38%
c - 12.05  0 255 26 4266  4 147961 26452 1.6 56 34 20 55 59% 170937 13828 38%
c B 12.49  0 254 26 4266  4 153102 30595 1.7 62 37 20 55 60% 170937 13828 38%
c i 12.61  0 253 26 4267  4 155630 32601 1.7 62 37 20 55 60% 170937 13827 38%
c - 12.96  0 257 27 4267  4 159815 33581 1.8 69 38 20 55 60% 170925 13827 38%
c k 12.97  0 257 27 4267  4 159815 33581 1.8 69 38 20 55 60% 170925 13801 38%
c W 13.97  0 273 27 4267  4 171105 42329 2.1 78 37 20 55 59% 170717 13801 38%
c - 14.03  0 273 28 4268  4 172136 38225 2.1 78 37 20 55 60% 170717 13801 38%
c 
c  seconds   reductions   conflicts         size    tier2         variables
c         MB      restarts       redundant     glue     trail          remaining
c           level       rate          size/glue  tier1    irredundant
c 
c 2 14.03  0 273 28 4268  4 172136 38224 2.1 78 37 20 55 60% 170717 13801 38%
c d 14.04  0 273 28 4268  4 172136 37793 2.1 78 37 20 55 60% 170716 13800 38%
c u 14.13  0 273 28 4268  4 172136 37712 2.1 78 37 20 55 60% 170716 13652 38%
c v 14.14  0 273 28 4268  4 172136 37694 2.1 78 37 20 55 60% 170716 13648 38%
c w 14.14  0 273 28 4268  4 172136 37657 2.1 78 37 20 55 60% 170716 13648 38%
c ] 14.27  0 268 28 4270  4 174332 39474 2.1 79 37 20 55 59% 170716 13648 38%
c { 14.27  0 154 28 4270  9 174332 39474 1.5 59 40 18 105 36% 170716 13648 38%
c s 14.46  0 153 28 4301  9 175887 38820 1.5 59 39 18 105 36% 170710 13648 38%
c e 14.52  0 153 28 4301  9 175887 36026 1.5 59 39 18 105 36% 169029 13524 37%
c s 14.62  0 153 28 4301  9 175887 35761 1.5 59 39 18 105 36% 169027 13524 37%
c i 14.72  0 151 28 4366  9 177185 36501 1.5 59 39 18 105 33% 169027 13523 37%
c i 14.72  0 151 28 4366  9 177186 36501 1.5 59 39 18 105 33% 169027 13522 37%
c i 14.73  0 151 28 4366  9 177469 36666 1.5 59 39 18 105 33% 169027 13521 37%
c i 14.73  0 151 28 4366  9 177474 36669 1.5 59 39 18 105 33% 169027 13520 37%
c i 14.74  0 151 28 4396  9 177762 36843 1.5 59 39 18 105 32% 169027 13519 37%
c i 14.74  0 151 28 4396  9 177763 36843 1.5 59 39 18 105 32% 169027 13518 37%
c i 14.79  0 148 28 4422  9 179061 37373 1.5 58 39 18 105 30% 169027 13426 37%
c i 14.90  0 146 28 4505  9 181285 38974 1.5 58 38 18 105 31% 169027 13420 37%
c i 14.93  0 147 28 4527  9 181877 39401 1.5 58 38 18 105 33% 169027 13414 37%
c - 15.11  0 143 29 4614  9 184921 31012 1.5 57 38 18 105 35% 168012 13414 37%
c 
c  seconds   reductions   conflicts         size     tier2         variables
c         MB      restarts       redundant     glue      trail          remaining
c           level       rate          size/glue  tier1     irredundant
c 
c 2 15.11  0 143 29 4614  9 184921 31010 1.5 57 38 18 105 35% 168000 13414 37%
c d 15.12  0 143 29 4614  9 184921 31008 1.5 57 38 18 105 35% 167999 13413 37%
c 2 15.13  0 143 29 4614  9 184921 31008 1.5 57 38 18 105 35% 167995 13413 37%
c t 15.13  0 143 29 4614  9 184921 31008 1.5 57 38 18 105 35% 167882 13413 37%
c i 15.17  0 142 29 4614  8 185863 31643 1.5 57 37 18 105 35% 167882 13412 37%
c i 15.30  0 141 29 4674  8 188741 33830 1.5 57 37 18 105 38% 167882 13410 37%
c i 15.32  0 140 29 4730  8 189384 34184 1.5 56 37 18 105 37% 167882 13310 37%
c B 15.36  0 140 29 4816  9 190106 34634 1.5 57 37 18 105 37% 167882 13310 37%
c i 15.37  0 141 29 4816  9 190481 34955 1.5 57 37 18 105 37% 167882 13297 37%
c i 15.40  0 142 29 4824  8 191147 35430 1.5 57 37 18 105 38% 167882 13284 37%
c i 15.40  0 142 29 4824  8 191169 35433 1.5 57 37 18 105 38% 167882 13263 37%
c - 15.72  0 138 30 4932  8 198093 30210 1.6 56 36 18 105 44% 166540 13263 37%
c d 15.73  0 138 30 4932  8 198093 30018 1.6 56 36 18 105 44% 166536 13259 37%
c k 15.74  0 138 30 4932  8 198093 30018 1.6 56 36 18 105 44% 166536 13231 37%
c 2 15.74  0 138 30 4932  8 198093 30017 1.6 56 36 18 105 44% 166536 13231 37%
c i 16.07  0 132 30 5029  8 204785 34999 1.6 56 35 12 42 44% 166536 13230 37%
c i 16.13  0 132 30 5041  8 205887 35755 1.7 57 34 12 42 44% 166536 13228 37%
c i 16.15  0 132 30 5041  8 206166 35960 1.7 57 34 12 42 45% 166536 13199 36%
c i 16.18  0 132 30 5041  8 206874 36470 1.7 57 34 12 42 46% 166536 13150 36%
c W 16.51  0 134 30 5231  8 210110 36829 1.7 58 35 12 42 47% 165319 13126 36%
c 
c  seconds   reductions   conflicts         size    tier2         variables
c         MB      restarts       redundant     glue     trail          remaining
c           level       rate          size/glue  tier1    irredundant
c 
c i 16.57  0 134 30 5231  8 211129 37647 1.7 58 35 12 42 48% 165319 13119 36%
c - 16.64  0 134 31 5234  7 211683 29248 1.7 59 35 12 42 48% 165015 13098 36%
c i 16.91  0 132 31 5514  7 217039 32695 1.7 59 35 12 42 47% 165015 13058 36%
c i 16.92  0 132 31 5515  7 217316 32883 1.7 59 34 12 42 47% 165015 13057 36%
c i 16.92  0 132 31 5515  7 217317 32883 1.7 59 34 12 42 47% 165015 13056 36%
c - 17.23  0 128 32 5780  7 225689 31782 1.7 58 34 12 42 46% 164626 13056 36%
c F 17.46  0 126 32 6210  7 231111 35882 1.7 57 33 12 42 46% 164626 13056 36%
c i 17.56  0 125 32 6332  7 233708 37517 1.7 57 33 12 42 46% 164626 13054 36%
c s 17.76  0 125 32 6346  7 234190 34609 1.7 57 33 12 42 46% 164522 13054 36%
c e 17.79  0 125 32 6346  7 234190 32479 1.7 57 33 12 42 46% 164306 12886 36%
c s 17.93  0 125 32 6346  7 234190 31422 1.7 57 33 12 42 46% 164298 12886 36%
c i 18.01  0 124 32 6352  7 235562 32410 1.7 57 33 12 42 46% 164298 12878 36%
c i 18.02  0 124 32 6352  7 235727 32482 1.7 57 33 12 42 46% 164298 12877 36%
c i 18.13  0 125 32 6497  7 238767 34597 1.7 57 33 12 42 46% 164298 12785 35%
c - 18.22  0 127 33 6683  7 240136 27125 1.7 57 33 12 42 46% 163226 12785 35%
c 2 18.22  0 127 33 6683  7 240136 27125 1.7 57 33 12 42 46% 163212 12785 35%
c d 18.22  0 127 33 6683  7 240136 27121 1.7 57 33 12 42 46% 163211 12784 35%
c 2 18.23  0 127 33 6683  7 240136 27120 1.7 57 33 12 42 46% 163211 12784 35%
c u 18.26  0 127 33 6683  7 240136 27077 1.7 57 33 12 42 46% 163211 12776 35%
c v 18.26  0 127 33 6683  7 240136 27064 1.7 57 33 12 42 46% 163211 12769 35%
c 
c  seconds   reductions   conflicts         size    tier2         variables
c         MB      restarts       redundant     glue     trail          remaining
c           level       rate          size/glue  tier1    irredundant
c 
c w 18.26  0 127 33 6683  7 240136 27043 1.7 57 33 12 42 46% 163211 12769 35%
c x 18.27  0 127 33 6683  7 240136 27043 1.7 57 33 12 42 46% 163210 12769 35%
c i 18.33  0 126 33 6685  7 241614 28205 1.7 57 33 12 42 47% 163210 12768 35%
c i 18.39  0 125 33 6792  7 243255 28934 1.7 57 33 12 42 47% 163210 12764 35%
c i 18.39  0 125 33 6792  7 243264 28935 1.7 57 33 12 42 47% 163210 12721 35%
c i 18.41  0 125 33 6910  7 243883 29401 1.7 57 34 12 42 46% 163210 12668 35%
c i 18.48  0 124 33 7020  7 245748 30706 1.7 57 33 12 42 47% 163210 12662 35%
c } 18.57  0 122 33 7046  7 248565 32750 1.7 57 33 12 42 47% 163210 12662 35%
c [ 18.57  0 268 33 7046  4 248565 32750 2.1 79 37 20 55 59% 163210 12662 35%
c O 18.74  0 256 33 7049  4 253112 36490 2.1 75 36 20 55 59% 163210 12662 35%
c i 18.80  0 251 33 7050  4 254825 37556 2.1 74 35 20 55 59% 163210 12661 35%
c i 18.80  0 251 33 7050  4 254826 37556 2.1 74 35 20 55 59% 163210 12660 35%
c - 18.83  0 250 34 7050  4 254993 32791 2.1 74 35 20 55 59% 162025 12660 35%
c 2 18.83  0 250 34 7050  4 254993 32789 2.1 74 35 20 55 59% 162025 12660 35%
c i 19.31  0 231 34 7054  4 264341 39951 2.1 72 35 20 55 58% 162025 12659 35%
c - 19.71  0 216 35 7057  4 270262 39855 2.1 71 34 14 45 57% 162013 12659 35%
c p 19.72  0 216 35 7057  4 270262 39857 2.1 71 34 14 45 57% 162013 12659 35%
c k 19.72  0 216 35 7057  4 270262 39857 2.1 71 34 14 45 57% 162013 12658 35%
c i 19.99  0 207 35 7058  4 274013 42387 2.1 70 34 14 45 57% 161996 12657 35%
c B 20.12  0 204 35 7058  4 276117 44007 2.1 70 34 14 45 56% 161996 12657 35%
c 
c  seconds   reductions   conflicts         size    tier2         variables
c         MB      restarts       redundant     glue     trail          remaining
c           level       rate          size/glue  tier1    irredundant
c 
c i 20.24  0 202 35 7058  4 278196 45750 2.1 70 34 14 45 57% 161996 12654 35%
c - 20.68  0 200 36 7062  4 285981 46573 2.2 72 33 14 45 57% 161936 12654 35%
c i 20.97  0 204 36 7065  4 290888 50914 2.1 72 34 14 45 58% 161936 12653 35%
c i 20.97  0 204 36 7065  4 290910 50920 2.1 72 34 14 45 58% 161936 12640 35%
c W 21.82  0 195 36 7070  4 300119 58686 2.2 72 33 14 45 59% 161818 12640 35%
c s 22.08  0 195 36 7070  4 300297 57203 2.2 72 33 14 45 59% 160583 12640 35%
c e 22.11  0 195 36 7070  4 300297 52261 2.2 72 33 14 45 59% 160498 12529 35%
c s 22.33  0 195 36 7070  4 300297 51679 2.2 72 33 14 45 59% 160411 12529 35%
c ] 22.51  0 195 36 7071  4 302027 53065 2.2 72 33 14 45 63% 160411 12529 35%
c { 22.51  0 122 36 7071  7 302027 53065 1.7 57 33 12 42 53% 160411 12529 35%
c - 22.54  0 122 37 7071  7 302148 48627 1.7 57 33 12 42 53% 160411 12529 35%
c 2 22.54  0 122 37 7071  7 302148 48625 1.7 57 33 12 42 53% 160401 12529 35%
c u 22.58  0 122 37 7071  7 302148 48601 1.7 57 33 12 42 53% 160401 12529 35%
c v 22.58  0 122 37 7071  7 302148 48597 1.7 57 33 12 42 53% 160401 12529 35%
c x 22.60  0 122 37 7071  7 302148 48592 1.7 57 33 12 42 53% 160396 12529 35%
c i 22.73  0 123 37 7093  7 303905 49888 1.8 60 33 12 42 54% 160396 12528 35%
c - 23.50  0 115 38 7513  7 318709 54360 1.9 59 31 12 42 52% 160377 12528 35%
c B 23.85  0 113 38 7572  6 325122 58976 1.9 58 30 12 42 53% 160377 12528 35%
c i 23.86  0 113 38 7588  6 325396 59189 1.9 58 30 12 42 53% 160377 12527 35%
c i 23.86  0 113 38 7588  6 325403 59191 1.9 58 30 12 42 53% 160377 12526 35%
c 
c  seconds   reductions   conflicts         size    tier2         variables
c         MB      restarts       redundant     glue     trail          remaining
c           level       rate          size/glue  tier1    irredundant
c 
c i 23.86  0 113 38 7588  6 325405 59192 1.9 58 30 12 42 53% 160377 12525 35%
c i 23.86  0 113 38 7588  6 325411 59194 1.9 58 30 12 42 53% 160377 12524 35%
c i 23.86  0 113 38 7588  6 325413 59195 1.9 58 30 12 42 53% 160377 12523 35%
c - 24.44  0 110 39 7832  6 335721 53365 2.0 59 29 10 35 55% 160304 12523 35%
c 2 24.44  0 110 39 7832  6 335721 53365 2.0 59 29 10 35 55% 160304 12521 35%
c k 24.47  0 110 39 7832  6 335721 53365 2.0 59 29 10 35 55% 160304 12520 35%
c i 24.53  0 110 39 7832  6 336253 53728 2.1 60 29 10 35 55% 160304 12519 35%
c i 24.53  0 110 39 7832  6 336264 53730 2.1 60 29 10 35 55% 160304 12518 35%
c i 24.53  0 110 39 7832  6 336268 53732 2.1 60 29 10 35 55% 160304 12517 35%
c i 24.53  0 110 39 7832  6 336271 53734 2.1 60 29 10 35 55% 160304 12516 35%
c i 24.53  0 110 39 7832  6 336276 53736 2.1 60 29 10 35 55% 160304 12515 35%
c i 24.61  0 110 39 7885  6 337914 54889 2.1 59 29 10 35 55% 160304 12514 35%
c i 24.62  0 110 39 7904  6 338079 55018 2.1 59 29 10 35 55% 160304 12513 35%
c i 24.65  0 110 39 8041  6 338728 55411 2.0 59 29 10 35 55% 160304 12512 35%
c i 24.65  0 110 39 8042  6 338729 55411 2.0 59 29 10 35 55% 160304 12511 35%
c i 24.65  0 110 39 8042  6 338730 55411 2.0 59 29 10 35 55% 160304 12510 35%
c i 24.65  0 110 39 8042  6 338731 55411 2.0 59 29 10 35 55% 160304 12509 35%
c i 24.65  0 110 39 8043  6 338732 55411 2.0 59 29 10 35 55% 160304 12508 35%
c i 24.65  0 110 39 8043  6 338733 55411 2.0 59 29 10 35 55% 160304 12507 35%
c i 24.67  0 109 39 8054  6 339040 55619 2.0 59 29 10 35 55% 160304 12506 35%
c 
c  seconds   reductions   conflicts         size    tier2         variables
c         MB      restarts       redundant     glue     trail          remaining
c           level       rate          size/glue  tier1    irredundant
c 
c i 24.72  0 109 39 8126  6 339773 56071 2.0 59 29 10 35 55% 160304 12505 35%
c i 24.72  0 109 39 8128  6 339777 56073 2.0 59 29 10 35 55% 160304 12504 35%
c i 24.72  0 109 39 8128  6 339778 56073 2.0 59 29 10 35 55% 160304 12503 35%
c i 24.72  0 109 39 8128  6 339779 56073 2.0 59 29 10 35 55% 160304 12502 35%
c i 24.72  0 109 39 8129  6 339780 56073 2.0 59 29 10 35 55% 160304 12501 35%
c i 24.72  0 109 39 8129  6 339781 56073 2.0 59 29 10 35 55% 160304 12500 35%
c i 24.72  0 109 39 8145  6 339859 56103 2.0 59 29 10 35 55% 160304 12499 35%
c i 24.72  0 109 39 8146  6 339860 56103 2.0 59 29 10 35 55% 160304 12498 35%
c i 24.72  0 109 39 8146  6 339861 56103 2.0 59 29 10 35 55% 160304 12497 35%
c i 24.72  0 109 39 8146  6 339862 56103 2.0 59 29 10 35 55% 160304 12496 35%
c i 24.72  0 109 39 8147  6 339863 56103 2.0 59 29 10 35 55% 160304 12495 35%
c i 24.72  0 109 39 8147  6 339864 56103 2.0 59 29 10 35 55% 160304 12494 35%
c i 24.72  0 109 39 8147  6 339865 56103 2.0 59 29 10 35 55% 160304 12493 35%
c i 24.72  0 109 39 8148  6 339866 56103 2.0 59 29 10 35 55% 160304 12492 35%
c i 24.82  0 108 39 8244  6 341596 57185 2.0 59 29 10 35 55% 160304 12491 35%
c i 25.01  0 106 39 8473  7 344944 59680 2.0 59 29 10 35 54% 160304 12490 35%
c i 25.02  0 106 39 8481  7 345270 59934 2.0 59 29 10 35 54% 160304 12489 35%
c i 25.02  0 106 39 8481  7 345271 59934 2.0 59 29 10 35 54% 160304 12488 35%
c i 25.18  0 105 39 8580  7 348558 62257 2.0 58 29 10 35 53% 160304 12487 35%
c i 25.20  0 105 39 8590  7 348746 62428 2.0 58 29 10 35 53% 160304 12481 34%
c 
c  seconds   reductions   conflicts         size    tier2         variables
c         MB      restarts       redundant     glue     trail          remaining
c           level       rate          size/glue  tier1    irredundant
c 
c W 25.65  0 105 39 8730  7 351124 62515 2.0 58 29 10 35 53% 159056 12481 34%
c - 25.79  0 103 40 8756  7 353174 55199 2.0 58 29 10 35 53% 159056 12481 34%
c k 25.81  0 103 40 8756  7 353174 55199 2.0 58 29 10 35 53% 159056 12475 34%
c i 26.04  0 102 40 8835  6 357629 58415 2.1 59 28 10 35 53% 159056 12474 34%
c i 26.13  0 101 40 8934  7 359011 59455 2.1 58 28 10 35 53% 159056 12473 34%
c i 26.13  0 101 40 8934  7 359013 59456 2.1 58 28 10 35 53% 159056 12472 34%
c i 26.13  0 101 40 8934  7 359017 59459 2.1 58 28 10 35 53% 159056 12471 34%
c i 26.38  0 98 40 9018  6 364911 63305 2.1 58 28 10 35 53% 159056 12470 34%
c i 26.42  0 97 40 9018  6 365859 64010 2.1 58 27 10 35 53% 159056 12469 34%
c i 26.42  0 97 40 9018  6 365860 64010 2.1 58 27 10 35 53% 159056 12468 34%
c i 26.42  0 97 40 9018  6 365861 64010 2.1 58 27 10 35 53% 159056 12467 34%
c i 26.42  0 97 40 9018  6 365865 64012 2.1 58 27 10 35 53% 159056 12466 34%
c i 26.57  0 98 40 9089  6 368938 66404 2.2 58 27 10 35 53% 159056 12465 34%
c i 26.57  0 98 40 9089  6 368939 66404 2.2 58 27 10 35 53% 159056 12464 34%
c i 26.57  0 98 40 9089  6 368940 66404 2.2 58 27 10 35 53% 159056 12463 34%
c i 26.57  0 98 40 9089  6 368941 66404 2.2 58 27 10 35 53% 159056 12462 34%
c i 26.57  0 98 40 9089  6 368942 66404 2.2 58 27 10 35 53% 159056 12461 34%
c i 26.57  0 98 40 9089  6 368943 66404 2.2 58 27 10 35 53% 159056 12460 34%
c i 26.57  0 98 40 9104  6 369028 66469 2.1 58 27 10 35 53% 159056 12459 34%
c i 26.59  0 98 40 9145  6 369342 66587 2.1 58 27 10 35 53% 159056 12458 34%
c 
c  seconds  reductions   conflicts         size    tier2         variables
c         MB     restarts       redundant     glue     trail          remaining
c          level       rate          size/glue  tier1    irredundant
c 
c i 26.59  0 98 40 9145  6 369344 66588 2.1 58 27 10 35 53% 159056 12457 34%
c i 26.59  0 98 40 9145  6 369346 66589 2.1 58 27 10 35 53% 159056 12456 34%
c i 26.59  0 98 40 9145  6 369348 66590 2.1 58 27 10 35 53% 159056 12455 34%
c i 26.59  0 98 40 9145  6 369350 66591 2.1 58 27 10 35 53% 159056 12454 34%
c - 26.69  0 97 41 9221  6 371025 59086 2.2 58 27 10 35 52% 158615 12454 34%
c k 26.70  0 97 41 9221  6 371025 59086 2.2 58 27 10 35 52% 158615 12452 34%
c u 26.74  0 97 41 9221  6 371025 58997 2.2 58 27 10 35 52% 158615 12452 34%
c v 26.75  0 97 41 9221  6 371025 58963 2.2 58 27 10 35 52% 158615 12452 34%
c w 26.76  0 97 41 9221  6 371025 58952 2.2 58 27 10 35 52% 158615 12452 34%
c x 26.77  0 97 41 9221  6 371025 58952 2.2 58 27 10 35 52% 158606 12452 34%
c i 26.80  0 97 41 9278  6 371363 59211 2.1 58 27 10 35 52% 158606 12447 34%
c i 26.89  0 98 41 9495  6 373202 60509 2.1 58 27 10 35 52% 158606 12446 34%
c i 26.89  0 98 41 9504  6 373252 60527 2.1 58 28 10 35 52% 158606 12432 34%
c s 27.17  0 98 41 9616  6 373867 54572 2.1 59 28 10 35 52% 154806 12432 34%
c e 27.23  0 98 41 9616  6 373867 53288 2.1 59 28 10 35 52% 154464 12342 34%
c s 27.42  0 98 41 9616  6 373867 51929 2.1 59 28 10 35 52% 154172 12342 34%
c # 27.68  0 96 41 9821  6 378126 54731 2.1 58 28 10 35 52% 154172 12342 34%
c i 27.69  0 96 41 9827  6 378240 54792 2.1 58 28 10 35 52% 154172 12341 34%
c i 27.69  0 96 41 9833  6 378268 54816 2.1 58 28 10 35 52% 154172 12340 34%
c } 27.71  0 96 41 9855  6 378536 55008 2.1 58 28 10 35 52% 154172 12340 34%
c 
c  seconds   reductions   conflicts         size    tier2         variables
c         MB      restarts       redundant     glue     trail          remaining
c           level       rate          size/glue  tier1    irredundant
c 
c [ 27.71  0 195 41 9855  4 378536 55008 2.2 72 33 14 45 63% 154172 12340 34%
c i 27.84  0 204 41 9856  4 380882 56922 2.1 72 33 14 45 65% 154172 12332 34%
c i 28.01  0 213 41 9856  4 383233 58763 2.2 73 34 14 45 68% 154172 12328 34%
c i 28.04  0 214 41 9856  4 383631 59086 2.2 74 34 14 45 68% 154172 12327 34%
c i 28.07  0 214 41 9857  4 384011 59337 2.2 74 34 14 45 67% 154172 12321 34%
c i 28.09  0 214 41 9857  4 384399 59628 2.2 74 34 14 45 67% 154172 12307 34%
c i 28.12  0 214 41 9857  4 384876 59992 2.2 74 34 14 45 68% 154172 12300 34%
c i 28.20  0 213 41 9857  4 386027 60905 2.2 75 34 14 45 67% 154172 12294 34%
c i 28.26  0 212 41 9857  4 386995 61588 2.2 75 33 14 45 69% 154172 12288 34%
c i 28.26  0 212 41 9857  4 387008 61599 2.2 75 33 14 45 69% 154172 12287 34%
c i 28.33  0 212 41 9857  4 387708 62169 2.3 76 33 14 45 70% 154172 12285 34%
c i 28.35  0 212 41 9857  4 387978 62378 2.3 76 33 14 45 70% 154172 12280 34%
c - 28.48  0 210 42 9857  4 389302 56477 2.3 77 33 14 45 71% 153226 12280 34%
c 2 28.48  0 210 42 9857  4 389302 56469 2.3 77 33 14 45 71% 153203 12278 34%
c p 28.49  0 210 42 9857  4 389302 56481 2.3 77 33 14 45 71% 153203 12277 34%
c k 28.50  0 210 42 9857  4 389302 56481 2.3 77 33 14 45 71% 153203 12258 34%
c i 28.54  0 210 42 9857  4 389724 56818 2.3 77 33 14 45 70% 153203 12255 34%
c i 28.60  0 209 42 9857  4 390800 57687 2.3 77 33 14 45 69% 153203 12247 34%
c i 28.61  0 209 42 9857  4 390815 57695 2.3 77 33 14 45 69% 153203 12241 34%
c i 28.64  0 209 42 9857  4 391221 57972 2.3 77 33 14 45 69% 153203 12233 34%
c 
c  seconds   reductions   conflicts         size    tier2         variables
c         MB      restarts       redundant     glue     trail          remaining
c           level       rate          size/glue  tier1    irredundant
c 
c i 28.89  0 205 42 9858  4 394483 60601 2.3 77 34 14 45 66% 153203 12232 34%
c i 29.11  0 203 42 9858  4 396852 62543 2.3 78 34 14 45 67% 153203 12231 34%
c i 29.11  0 203 42 9858  4 396853 62543 2.3 78 34 14 45 67% 153203 12230 34%
c i 29.13  0 203 42 9858  4 397127 62754 2.3 78 34 14 45 67% 153203 12229 34%
c i 29.48  0 197 42 9858  4 401028 66007 2.4 79 33 11 40 66% 153203 12228 34%
c i 29.52  0 197 42 9858  4 401328 66257 2.4 79 33 11 40 66% 153203 12225 34%
c i 29.55  0 197 42 9858  4 401607 66491 2.4 79 33 11 40 66% 153203 12211 34%
c i 29.55  0 197 42 9858  4 401630 66497 2.4 79 33 11 40 66% 153203 12205 34%
c i 29.55  0 197 42 9858  4 401636 66499 2.4 79 33 11 40 66% 153203 12204 34%
c i 29.55  0 197 42 9858  4 401638 66498 2.4 79 33 11 40 66% 153203 12203 34%
c i 29.56  0 197 42 9858  4 401688 66547 2.4 79 33 11 40 66% 153203 12202 34%
c i 29.56  0 197 42 9858  4 401690 66528 2.4 79 33 11 40 66% 153203 12201 34%
c i 29.59  0 196 42 9858  4 402321 66948 2.4 79 33 11 40 66% 153203 12195 34%
c i 29.61  0 196 42 9858  4 402821 67181 2.4 79 33 11 40 65% 153203 12188 34%
c i 29.68  0 194 42 9858  4 403808 67925 2.4 79 33 11 40 65% 153203 12187 34%
c i 29.79  0 193 42 9858  4 405101 68962 2.4 79 33 11 40 65% 153203 12186 34%
c i 29.85  0 192 42 9858  4 405920 69637 2.4 79 33 11 40 65% 153203 12185 34%
c I 29.87  0 192 42 9858  4 406127 69814 2.4 79 33 11 40 65% 153203 12185 34%
c i 29.89  0 191 42 9858  4 406572 70189 2.4 79 33 11 40 64% 153203 12184 34%
c i 29.90  0 191 42 9858  4 406780 70328 2.4 79 33 11 40 64% 153203 12176 34%
c 
c  seconds   reductions   conflicts         size    tier2         variables
c         MB      restarts       redundant     glue     trail          remaining
c           level       rate          size/glue  tier1    irredundant
c 
c - 30.00  0 191 43 9858  4 407791 63977 2.4 79 33 11 40 65% 151568 12176 34%
c 2 30.00  0 191 43 9858  4 407791 63977 2.4 79 33 11 40 65% 151568 12174 34%
c p 30.01  0 191 43 9858  4 407791 64049 2.4 79 33 11 40 65% 151568 12169 34%
c d 30.05  0 191 43 9858  4 407791 63908 2.4 79 33 11 40 65% 151412 12165 34%
c k 30.06  0 191 43 9858  4 407791 63908 2.4 79 33 11 40 65% 151412 12157 34%
c 2 30.06  0 191 43 9858  4 407791 63908 2.4 79 33 11 40 65% 151396 12157 34%
c t 30.17  0 191 43 9858  4 407791 63908 2.4 79 33 11 40 65% 150139 12157 34%
c i 30.25  0 191 43 9858  4 409253 65169 2.4 79 33 11 40 63% 150139 12156 34%
c i 30.43  0 191 43 9859  4 412460 67686 2.4 79 33 11 40 64% 150139 12148 34%
c i 30.44  0 191 43 9859  4 412678 67859 2.4 79 33 11 40 64% 150139 12140 34%
c i 30.46  0 191 43 9859  4 412958 68078 2.4 79 33 11 40 64% 150139 12134 34%
c i 30.65  0 189 43 9859  4 415666 70407 2.4 80 33 11 40 63% 150139 12133 34%
c i 30.65  0 189 43 9859  4 415671 70408 2.4 80 33 11 40 63% 150139 12129 34%
c i 30.65  0 189 43 9859  4 415676 70409 2.4 80 33 11 40 63% 150139 12125 34%
c i 30.65  0 189 43 9859  4 415681 70410 2.4 80 33 11 40 63% 150139 12121 33%
c i 30.65  0 189 43 9859  4 415688 70416 2.4 80 33 11 40 63% 150139 12120 33%
c i 30.67  0 189 43 9859  4 415817 70533 2.4 80 33 11 40 63% 150139 12112 33%
c i 30.67  0 189 43 9859  4 415824 70534 2.4 80 33 11 40 63% 150139 12106 33%
c i 30.68  0 189 43 9859  4 415945 70629 2.4 80 33 11 40 63% 150139 12105 33%
c i 30.91  0 183 43 9859  4 419875 73855 2.4 79 33 11 40 61% 150139 12104 33%
c 
c  seconds   reductions   conflicts         size    tier2         variables
c         MB      restarts       redundant     glue     trail          remaining
c           level       rate          size/glue  tier1    irredundant
c 
c i 31.40  0 179 43 9859  4 425973 78783 2.6 88 33 11 40 61% 150139 12102 33%
c i 31.40  0 179 43 9859  4 425980 78789 2.6 88 33 11 40 61% 150139 12101 33%
c - 31.50  0 180 44 9859  4 426644 69124 2.6 88 34 11 40 61% 149322 12101 33%
c 2 31.50  0 180 44 9859  4 426644 69124 2.6 88 34 11 40 61% 149322 12093 33%
c p 31.51  0 180 44 9859  4 426644 69144 2.6 88 34 11 40 61% 149322 12093 33%
c k 31.51  0 180 44 9859  4 426644 69144 2.6 88 34 11 40 61% 149322 12090 33%
c u 31.55  0 180 44 9859  4 426644 69018 2.6 88 34 11 40 61% 149322 12040 33%
c v 31.56  0 180 44 9859  4 426644 68984 2.6 88 34 11 40 61% 149322 12040 33%
c w 31.57  0 180 44 9859  4 426644 68984 2.6 88 34 11 40 61% 149322 12040 33%
c x 31.59  0 180 44 9859  4 426644 68984 2.6 88 34 11 40 61% 149315 12040 33%
c i 31.63  0 179 44 9859  4 427325 69432 2.6 88 34 11 40 60% 149315 12036 33%
c i 31.63  0 179 44 9859  4 427442 69445 2.6 88 34 11 40 60% 149315 12032 33%
c i 31.68  0 179 44 9859  4 428354 70216 2.6 88 34 11 40 60% 149315 12027 33%
c i 31.82  0 179 44 9859  4 429877 71458 2.6 90 34 11 40 60% 149315 12026 33%
c ] 32.04  0 179 44 9859  4 431963 73154 2.7 92 34 11 40 61% 149315 12026 33%
c { 32.04  0 96 44 9859  6 431963 73154 2.1 58 28 10 35 52% 149315 12026 33%
c i 32.05  0 96 44 9867  6 432137 73249 2.1 58 28 10 35 52% 149315 12025 33%
c i 32.05  0 96 44 9867  6 432145 73254 2.1 58 28 10 35 52% 149315 12024 33%
c i 32.05  0 96 44 9867  6 432149 73256 2.1 58 28 10 35 52% 149315 12023 33%
c i 32.15  0 96 44 9970  6 434293 74775 2.1 58 28 10 35 52% 149315 12022 33%
c 
c  seconds  reductions   conflicts         size    tier2         variables
c         MB     restarts       redundant     glue     trail          remaining
c          level       rate          size/glue  tier1    irredundant
c 
c i 32.15  0 96 44 9970  6 434298 74779 2.1 58 28 10 35 52% 149315 12021 33%
c i 32.15  0 96 44 9970  6 434312 74785 2.1 58 28 10 35 52% 149315 12013 33%
c i 32.15  0 96 44 9970  6 434337 74796 2.1 58 28 10 35 52% 149315 11999 33%
c i 32.15  0 96 44 9970  6 434344 74802 2.1 58 28 10 35 52% 149315 11998 33%
c B 32.20  0 96 44 9987  6 435128 75424 2.1 59 28 10 35 52% 149315 11998 33%
c i 32.23  0 96 44 10000  6 435828 75879 2.1 59 27 10 35 52% 149315 11996 33%
c i 32.23  0 96 44 10001  6 435851 75900 2.1 59 27 10 35 52% 149315 11995 33%
c i 32.25  0 96 44 10048  6 436058 76036 2.1 59 28 10 35 52% 149315 11992 33%
c i 32.25  0 96 44 10053  6 436078 76054 2.1 59 28 10 35 52% 149315 11991 33%
c i 32.25  0 96 44 10054  6 436079 76054 2.1 59 28 10 35 52% 149315 11990 33%
c i 32.25  0 96 44 10054  6 436080 76054 2.1 59 28 10 35 52% 149315 11989 33%
c i 32.25  0 96 44 10054  6 436081 76054 2.1 59 28 10 35 52% 149315 11988 33%
c i 32.25  0 96 44 10055  6 436082 76054 2.1 59 28 10 35 52% 149315 11987 33%
c i 32.25  0 96 44 10055  6 436083 76054 2.1 59 28 10 35 52% 149315 11986 33%
c i 32.25  0 96 44 10055  6 436084 76054 2.1 59 28 10 35 52% 149315 11985 33%
c i 32.29  0 96 44 10117  6 436714 76465 2.1 59 28 10 35 51% 149315 11984 33%
c i 32.29  0 96 44 10118  6 436716 76466 2.1 59 28 10 35 51% 149315 11983 33%
c i 32.29  0 96 44 10118  6 436718 76467 2.1 59 28 10 35 51% 149315 11982 33%
c i 32.29  0 96 44 10119  6 436720 76468 2.1 59 28 10 35 51% 149315 11981 33%
c i 32.29  0 96 44 10119  6 436722 76469 2.1 59 28 10 35 51% 149315 11980 33%
c 
c  seconds  reductions    conflicts         size    tier2         variables
c         MB      restarts       redundant     glue     trail          remaining
c          level        rate          size/glue  tier1    irredundant
c 
c i 32.29  0 96 44 10119  6 436724 76470 2.1 59 28 10 35 51% 149315 11979 33%
c i 32.29  0 96 44 10119  6 436726 76471 2.1 59 28 10 35 51% 149315 11978 33%
c i 32.29  0 96 44 10119  6 436728 76472 2.1 59 28 10 35 51% 149315 11977 33%
c i 32.42  0 95 44 10183  6 439651 78826 2.1 58 27 10 35 51% 149315 11976 33%
c i 32.44  0 95 44 10299  6 440227 79217 2.1 58 27 10 35 51% 149315 11975 33%
c i 32.44  0 95 44 10300  6 440228 79217 2.1 58 27 10 35 51% 149315 11974 33%
c i 32.44  0 95 44 10300  6 440229 79217 2.1 58 27 10 35 51% 149315 11973 33%
c i 32.44  0 95 44 10300  6 440230 79217 2.1 58 27 10 35 51% 149315 11972 33%
c i 32.44  0 95 44 10301  6 440231 79217 2.1 58 27 10 35 51% 149315 11971 33%
c i 32.48  0 95 44 10366  6 440899 79711 2.1 58 27 10 35 51% 149315 11970 33%
c i 32.48  0 95 44 10367  6 440904 79715 2.1 58 27 10 35 51% 149315 11969 33%
c i 32.48  0 95 44 10368  6 440906 79716 2.1 58 27 10 35 51% 149315 11968 33%
c i 32.48  0 95 44 10368  6 440907 79716 2.1 58 27 10 35 51% 149315 11967 33%
c i 32.48  0 95 44 10369  6 440908 79716 2.1 58 27 10 35 51% 149315 11966 33%
c i 32.53  0 95 44 10400  6 442065 80373 2.1 58 27 10 35 51% 149315 11965 33%
c i 32.55  0 94 44 10400  6 442527 80714 2.1 58 27 10 35 51% 149315 11964 33%
c i 32.55  0 94 44 10400  6 442547 80733 2.1 58 27 10 35 51% 149315 11963 33%
c i 32.55  0 94 44 10400  6 442566 80736 2.1 58 27 10 35 51% 149315 11962 33%
c i 32.55  0 94 44 10400  6 442567 80736 2.1 58 27 10 35 51% 149315 11961 33%
c i 32.56  0 94 44 10400  6 442568 80736 2.1 58 27 10 35 51% 149315 11960 33%
c 
c  seconds  reductions    conflicts         size    tier2         variables
c         MB      restarts       redundant     glue     trail          remaining
c          level        rate          size/glue  tier1    irredundant
c 
c i 32.56  0 94 44 10400  6 442569 80736 2.1 58 27 10 35 51% 149315 11959 33%
c i 32.56  0 94 44 10400  6 442570 80736 2.1 58 27 10 35 51% 149315 11958 33%
c i 32.60  0 94 44 10428  6 443447 81334 2.1 58 27 10 35 51% 149315 11952 33%
c i 32.64  0 94 44 10540  6 444288 81981 2.1 58 27 10 35 51% 149315 11951 33%
c - 32.79  0 93 45 10601  6 445816 71139 2.1 58 27 10 35 51% 147119 11951 33%
c 2 32.79  0 93 45 10601  6 445816 71082 2.1 58 27 10 35 51% 147119 11951 33%
c d 32.83  0 93 45 10601  6 445816 71072 2.1 58 27 10 35 51% 147114 11946 33%
c p 32.83  0 93 45 10601  6 445816 71100 2.1 58 27 10 35 51% 147114 11945 33%
c k 32.84  0 93 45 10601  6 445816 71100 2.1 58 27 10 35 51% 147114 11926 33%
c 2 32.84  0 93 45 10601  6 445816 71100 2.1 58 27 10 35 51% 147094 11926 33%
c t 32.86  0 93 45 10601  6 445816 71100 2.1 58 27 10 35 51% 146764 11926 33%
c i 32.92  0 93 45 10612  6 447257 72182 2.1 58 27 10 35 51% 146764 11925 33%
c i 33.01  0 92 45 10616  6 449111 73427 2.1 57 27 10 35 51% 146764 11924 33%
c i 33.11  0 92 45 10667  6 451350 75035 2.1 57 27 10 35 51% 146764 11923 33%
c i 33.14  0 92 45 10688  6 451897 75507 2.1 57 27 10 35 51% 146764 11922 33%
c i 33.15  0 92 45 10688  6 452070 75652 2.1 57 27 10 35 51% 146764 11921 33%
c i 33.16  0 92 45 10688  6 452361 75913 2.1 57 27 10 35 51% 146764 11920 33%
c i 33.17  0 92 45 10689  6 452384 75930 2.1 57 27 10 35 51% 146764 11919 33%
c i 33.17  0 92 45 10691  6 452398 75938 2.1 57 27 10 35 51% 146764 11918 33%
c i 33.17  0 92 45 10691  6 452403 75941 2.1 57 27 10 35 51% 146764 11917 33%
c 
c  seconds  reductions    conflicts         size    tier2         variables
c         MB      restarts       redundant     glue     trail          remaining
c          level        rate          size/glue  tier1    irredundant
c 
c i 33.20  0 93 45 10719  6 452921 76370 2.2 57 27 10 35 51% 146764 11916 33%
c s 33.50  0 92 45 10746  6 454012 73145 2.1 57 27 10 35 50% 145387 11916 33%
c e 33.58  0 92 45 10746  6 454012 69980 2.1 57 27 10 35 50% 144288 11496 32%
c s 33.81  0 92 45 10746  6 454012 69140 2.1 57 27 10 35 50% 144184 11496 32%
c i 33.89  0 92 45 10746  6 454321 69380 2.1 57 27 10 35 50% 144184 11495 32%
c i 33.95  0 92 45 10748  6 455652 70380 2.2 57 26 10 35 51% 144184 11494 32%
c i 33.95  0 92 45 10748  6 455685 70400 2.2 57 26 10 35 51% 144184 11493 32%
c i 34.01  0 92 45 10803  6 457477 71510 2.2 57 26 10 35 51% 144184 11482 32%
c i 34.03  0 92 45 10809  6 457908 71772 2.2 57 26 10 35 51% 144184 11481 32%
c i 34.04  0 91 45 10843  6 458158 71984 2.2 57 26 10 35 50% 144184 11480 32%
c i 34.05  0 91 45 10843  6 458319 72089 2.2 57 26 10 35 50% 144184 11479 32%
c i 34.10  0 92 45 10891  6 459341 72814 2.2 57 26 10 35 50% 144184 11478 32%
c i 34.10  0 92 45 10891  6 459342 72814 2.2 57 26 10 35 50% 144184 11477 32%
c i 34.10  0 92 45 10892  6 459343 72814 2.2 57 26 10 35 50% 144184 11476 32%
c i 34.10  0 92 45 10892  6 459344 72814 2.2 57 26 10 35 50% 144184 11475 32%
c i 34.10  0 92 45 10892  6 459345 72814 2.2 57 26 10 35 50% 144184 11474 32%
c i 34.10  0 92 45 10893  6 459346 72814 2.2 57 26 10 35 50% 144184 11473 32%
c i 34.19  0 91 45 10952  6 461211 74262 2.2 57 26 10 35 50% 144184 11472 32%
c i 34.19  0 91 45 10953  6 461212 74262 2.2 57 26 10 35 50% 144184 11471 32%
c i 34.28  0 91 45 11033  6 463447 76004 2.2 56 26 10 35 50% 144184 11470 32%
c 
c  seconds  reductions    conflicts         size    tier2         variables
c         MB      restarts       redundant     glue     trail          remaining
c          level        rate          size/glue  tier1    irredundant
c 
c i 34.29  0 90 45 11037  6 463630 76152 2.2 56 26 10 35 50% 144184 11469 32%
c i 34.32  0 90 45 11090  6 464443 76642 2.2 56 26 8 28 50% 144184 11468 32%
c i 34.32  0 90 45 11090  6 464444 76642 2.2 56 26 8 28 50% 144184 11467 32%
c i 34.32  0 90 45 11090  6 464445 76642 2.2 56 26 8 28 50% 144184 11466 32%
c i 34.32  0 90 45 11090  6 464446 76642 2.2 56 26 8 28 50% 144184 11465 32%
c i 34.32  0 90 45 11090  6 464447 76642 2.2 56 26 8 28 50% 144184 11464 32%
c W 34.90  0 90 45 11097  6 465129 75584 2.2 56 26 8 28 50% 143755 11464 32%
c - 34.93  0 90 46 11098  6 465308 59730 2.2 56 26 8 28 50% 143755 11464 32%
c 2 34.93  0 90 46 11098  6 465308 59729 2.2 56 26 8 28 50% 143737 11463 32%
c p 34.94  0 90 46 11098  6 465308 59740 2.2 56 26 8 28 50% 143737 11462 32%
c d 34.96  0 90 46 11098  6 465308 59719 2.2 56 26 8 28 50% 143694 11459 32%
c k 34.97  0 90 46 11098  6 465308 59719 2.2 56 26 8 28 50% 143694 11451 32%
c 2 34.97  0 90 46 11098  6 465308 59719 2.2 56 26 8 28 50% 143682 11451 32%
c i 35.06  0 90 46 11117  6 467137 61052 2.2 56 26 8 28 50% 143682 11450 32%
c i 35.07  0 90 46 11117  6 467244 61128 2.2 56 26 8 28 50% 143682 11446 32%
c i 35.08  0 90 46 11132  6 467694 61404 2.2 56 26 8 28 50% 143682 11445 32%
c i 35.11  0 90 46 11180  6 468247 61773 2.2 56 26 8 28 50% 143682 11444 32%
c i 35.11  0 90 46 11180  6 468249 61774 2.2 56 26 8 28 50% 143682 11443 32%
c i 35.11  0 90 46 11180  6 468252 61776 2.2 56 26 8 28 50% 143682 11442 32%
c i 35.22  0 89 46 11209  6 470362 63484 2.2 56 26 8 28 50% 143682 11441 32%
c 
c  seconds  reductions    conflicts         size   tier2         variables
c         MB      restarts       redundant     glue    trail          remaining
c          level        rate          size/glue  tier1   irredundant
c 
c i 35.22  0 89 46 11209  6 470363 63484 2.2 56 26 8 28 50% 143682 11440 32%
c i 35.22  0 89 46 11209  6 470364 63484 2.2 56 26 8 28 50% 143682 11439 32%
c i 35.22  0 89 46 11209  6 470365 63484 2.2 56 26 8 28 50% 143682 11438 32%
c i 35.22  0 89 46 11209  6 470366 63484 2.2 56 26 8 28 50% 143682 11437 32%
c i 35.22  0 89 46 11209  6 470367 63484 2.2 56 26 8 28 50% 143682 11436 32%
c i 35.43  0 88 46 11300  6 475103 67047 2.2 56 25 8 28 50% 143682 11435 32%
c i 35.43  0 88 46 11301  6 475107 67049 2.2 56 25 8 28 50% 143682 11434 32%
c i 35.44  0 88 46 11314  6 475259 67150 2.2 56 25 8 28 50% 143682 11433 32%
c i 35.45  0 88 46 11331  6 475439 67295 2.2 56 25 8 28 50% 143682 11432 32%
c i 35.45  0 88 46 11331  6 475475 67298 2.2 56 25 8 28 50% 143682 11431 32%
c i 35.46  0 88 46 11331  6 475541 67354 2.2 56 25 8 28 50% 143682 11430 32%
c i 35.55  0 88 46 11357  6 477975 69115 2.2 56 25 8 28 50% 143682 11429 32%
c i 35.55  0 88 46 11357  6 477977 69116 2.2 56 25 8 28 50% 143682 11428 32%
c i 35.68  0 86 46 11448  6 480895 70685 2.2 55 25 8 28 49% 143682 11427 32%
c i 35.68  0 86 46 11448  6 480896 70685 2.2 55 25 8 28 49% 143682 11426 32%
c i 35.68  0 86 46 11448  6 480897 70685 2.2 55 25 8 28 49% 143682 11425 32%
c i 35.68  0 86 46 11448  6 480898 70685 2.2 55 25 8 28 49% 143682 11424 32%
c i 35.68  0 86 46 11448  6 480899 70685 2.2 55 25 8 28 49% 143682 11423 32%
c i 35.68  0 86 46 11448  6 480900 70685 2.2 55 25 8 28 49% 143682 11422 32%
c i 35.68  0 86 46 11448  6 480901 70685 2.2 55 25 8 28 49% 143682 11421 32%
c 
c  seconds  reductions    conflicts         size   tier2         variables
c         MB      restarts       redundant     glue    trail          remaining
c          level        rate          size/glue  tier1   irredundant
c 
c i 35.68  0 86 46 11448  6 480902 70685 2.2 55 25 8 28 49% 143682 11420 32%
c i 35.69  0 86 46 11448  6 481039 70758 2.2 55 25 8 28 49% 143682 11419 32%
c i 35.76  0 87 46 11606  6 482316 71599 2.2 55 25 8 28 49% 143682 11418 32%
c i 35.76  0 87 46 11606  6 482318 71600 2.2 55 25 8 28 49% 143682 11417 32%
c i 35.76  0 87 46 11606  6 482319 71600 2.2 55 25 8 28 49% 143682 11416 32%
c i 35.78  0 87 46 11606  6 482653 71817 2.2 55 25 8 28 49% 143682 11415 32%
c i 35.86  0 87 46 11631  6 484249 72773 2.2 55 25 8 28 49% 143682 11414 32%
c i 35.87  0 87 46 11642  6 484453 72923 2.2 55 25 8 28 49% 143682 11413 32%
c i 35.87  0 87 46 11643  6 484454 72923 2.2 55 25 8 28 49% 143682 11412 32%
c i 35.87  0 87 46 11643  6 484455 72923 2.2 55 25 8 28 49% 143682 11411 32%
c i 35.87  0 87 46 11643  6 484456 72923 2.2 55 25 8 28 49% 143682 11410 32%
c i 35.87  0 87 46 11644  6 484457 72923 2.2 55 25 8 28 49% 143682 11409 32%
c i 35.87  0 87 46 11644  6 484458 72923 2.2 55 25 8 28 49% 143682 11408 32%
c - 35.95  0 87 47 11718  6 485048 60399 2.2 55 25 8 28 49% 142982 11408 32%
c k 35.96  0 87 47 11718  6 485048 60399 2.2 55 25 8 28 49% 142982 11383 31%
c u 35.99  0 87 47 11718  6 485048 60181 2.2 55 25 8 28 49% 142982 11381 31%
c v 36.00  0 87 47 11718  6 485048 60135 2.2 55 25 8 28 49% 142982 11381 31%
c w 36.00  0 87 47 11718  6 485048 60115 2.2 55 25 8 28 49% 142982 11381 31%
c x 36.02  0 87 47 11718  6 485048 60115 2.2 55 25 8 28 49% 142982 11381 31%
c i 36.05  0 87 47 11728  6 485510 60290 2.2 55 25 8 28 49% 142982 11380 31%
c 
c  seconds  reductions    conflicts         size   tier2         variables
c         MB      restarts       redundant     glue    trail          remaining
c          level        rate          size/glue  tier1   irredundant
c 
c i 36.06  0 87 47 11731  6 485666 60429 2.2 55 25 8 28 49% 142982 11379 31%
c i 36.06  0 87 47 11731  6 485667 60429 2.2 55 25 8 28 49% 142982 11378 31%
c i 36.06  0 87 47 11731  6 485668 60429 2.2 55 25 8 28 49% 142982 11377 31%
c i 36.06  0 87 47 11731  6 485669 60429 2.2 55 25 8 28 49% 142982 11376 31%
c i 36.06  0 87 47 11731  6 485670 60429 2.2 55 25 8 28 49% 142982 11375 31%
c i 36.07  0 87 47 11740  6 485818 60541 2.2 55 25 8 28 49% 142982 11374 31%
c i 36.07  0 87 47 11741  6 485819 60541 2.2 55 25 8 28 49% 142982 11373 31%
c i 36.07  0 87 47 11741  6 485820 60541 2.2 55 25 8 28 49% 142982 11372 31%
c i 36.07  0 87 47 11741  6 485821 60541 2.2 55 25 8 28 49% 142982 11371 31%
c i 36.07  0 87 47 11742  6 485822 60541 2.2 55 25 8 28 49% 142982 11370 31%
c i 36.07  0 87 47 11742  6 485823 60541 2.2 55 25 8 28 49% 142982 11369 31%
c i 36.07  0 87 47 11742  6 485824 60541 2.2 55 25 8 28 49% 142982 11368 31%
c i 36.07  0 87 47 11748  6 485848 60559 2.2 55 25 8 28 49% 142982 11367 31%
c i 36.07  0 86 47 11748  6 485857 60562 2.2 55 25 8 28 49% 142982 11366 31%
c i 36.07  0 86 47 11748  6 485858 60562 2.2 55 25 8 28 49% 142982 11365 31%
c i 36.07  0 86 47 11748  6 485859 60562 2.2 55 25 8 28 49% 142982 11364 31%
c i 36.09  0 86 47 11758  6 486492 61097 2.2 54 25 8 28 49% 142982 11363 31%
c i 36.10  0 86 47 11761  6 486789 61354 2.2 54 25 8 28 49% 142982 11362 31%
c i 36.11  0 86 47 11761  6 486892 61426 2.2 54 25 8 28 49% 142982 11361 31%
c i 36.11  0 86 47 11761  6 486893 61426 2.2 54 25 8 28 49% 142982 11360 31%
c 
c  seconds  reductions    conflicts         size   tier2         variables
c         MB      restarts       redundant     glue    trail          remaining
c          level        rate          size/glue  tier1   irredundant
c 
c i 36.17  0 86 47 11794  6 488188 62326 2.2 54 25 8 28 49% 142982 11359 31%
c i 36.17  0 86 47 11797  6 488199 62330 2.2 54 25 8 28 49% 142982 11358 31%
c i 36.17  0 86 47 11798  6 488200 62330 2.2 54 25 8 28 49% 142982 11357 31%
c i 36.17  0 86 47 11798  6 488201 62330 2.2 54 25 8 28 49% 142982 11356 31%
c i 36.17  0 86 47 11798  6 488202 62330 2.2 54 25 8 28 49% 142982 11355 31%
c i 36.17  0 86 47 11799  6 488203 62330 2.2 54 25 8 28 49% 142982 11354 31%
c i 36.19  0 85 47 11834  6 488698 62658 2.2 54 25 8 28 48% 142982 11353 31%
c i 36.21  0 85 47 11840  6 489216 62909 2.2 54 25 8 28 48% 142982 11352 31%
c i 36.21  0 85 47 11840  6 489249 62925 2.2 54 25 8 28 48% 142982 11351 31%
c i 36.21  0 85 47 11840  6 489250 62925 2.2 54 25 8 28 48% 142982 11350 31%
c i 36.21  0 85 47 11840  6 489251 62925 2.2 54 25 8 28 48% 142982 11349 31%
c i 36.21  0 85 47 11840  6 489252 62925 2.2 54 25 8 28 48% 142982 11348 31%
c i 36.21  0 85 47 11840  6 489253 62925 2.2 54 25 8 28 48% 142982 11347 31%
c i 36.26  0 85 47 11856  6 490429 63651 2.2 54 25 8 28 48% 142982 11344 31%
c i 36.26  0 85 47 11857  6 490433 63652 2.2 54 25 8 28 48% 142982 11341 31%
c i 36.29  0 85 47 11896  6 490996 64041 2.2 54 25 8 28 48% 142982 11340 31%
c i 36.30  0 85 47 11897  6 491021 64062 2.2 54 25 8 28 48% 142982 11338 31%
c i 36.30  0 85 47 11901  6 491045 64071 2.2 54 25 8 28 48% 142982 11333 31%
c i 36.30  0 85 47 11905  6 491106 64131 2.2 54 25 8 28 48% 142982 11332 31%
c i 36.30  0 85 47 11905  6 491107 64131 2.2 54 25 8 28 48% 142982 11331 31%
c 
c  seconds  reductions    conflicts         size   tier2         variables
c         MB      restarts       redundant     glue    trail          remaining
c          level        rate          size/glue  tier1   irredundant
c 
c i 36.30  0 85 47 11905  6 491108 64131 2.2 54 25 8 28 48% 142982 11330 31%
c i 36.30  0 85 47 11905  6 491109 64131 2.2 54 25 8 28 48% 142982 11329 31%
c i 36.30  0 85 47 11905  6 491110 64131 2.2 54 25 8 28 48% 142982 11328 31%
c i 36.30  0 85 47 11905  6 491119 64139 2.2 54 25 8 28 48% 142982 11327 31%
c i 36.30  0 85 47 11905  6 491120 64139 2.2 54 25 8 28 48% 142982 11326 31%
c i 36.30  0 85 47 11905  6 491121 64139 2.2 54 25 8 28 48% 142982 11325 31%
c i 36.30  0 85 47 11905  6 491122 64139 2.2 54 25 8 28 48% 142982 11324 31%
c i 36.30  0 85 47 11905  6 491123 64139 2.2 54 25 8 28 48% 142982 11323 31%
c i 36.30  0 85 47 11905  6 491124 64139 2.2 54 25 8 28 48% 142982 11322 31%
c i 36.31  0 85 47 11908  6 491228 64233 2.2 54 25 8 28 48% 142982 11316 31%
c i 36.35  0 85 47 11977  6 492122 64927 2.2 54 25 8 28 48% 142982 11315 31%
c i 36.35  0 85 47 11977  6 492123 64927 2.2 54 25 8 28 48% 142982 11314 31%
c i 36.35  0 85 47 11977  6 492124 64927 2.2 54 25 8 28 48% 142982 11313 31%
c i 36.49  0 84 47 12058  6 495131 66803 2.2 53 25 8 28 48% 142982 11312 31%
c i 36.49  0 84 47 12058  6 495163 66832 2.2 53 25 8 28 48% 142982 11311 31%
c i 36.49  0 84 47 12058  6 495164 66832 2.2 53 25 8 28 48% 142982 11310 31%
c F 36.53  0 83 47 12060  6 496159 67542 2.2 53 25 8 28 48% 142982 11310 31%
c i 36.79  0 81 47 12243  6 501580 70604 2.1 52 24 8 28 47% 142982 11309 31%
c i 36.82  0 81 47 12244  6 502079 71006 2.1 52 24 8 28 47% 142982 11308 31%
c i 36.83  0 81 47 12249  6 502324 71182 2.1 52 24 8 28 47% 142982 11305 31%
c 
c  seconds  reductions    conflicts         size   tier2         variables
c         MB      restarts       redundant     glue    trail          remaining
c          level        rate          size/glue  tier1   irredundant
c 
c i 36.83  0 81 47 12249  6 502329 71184 2.1 52 24 8 28 47% 142982 11302 31%
c i 36.89  0 81 47 12358  6 503384 71992 2.1 52 24 8 28 47% 142982 11301 31%
c - 37.02  0 81 48 12554  6 505163 61748 2.1 52 25 8 28 47% 141420 11301 31%
c 2 37.03  0 81 48 12554  6 505163 61746 2.1 52 25 8 28 47% 141420 11299 31%
c p 37.03  0 81 48 12554  6 505163 61772 2.1 52 25 8 28 47% 141420 11299 31%
c k 37.05  0 81 48 12554  6 505163 61772 2.1 52 25 8 28 47% 141420 11287 31%
c k 37.06  0 81 48 12554  6 505163 61772 2.1 52 25 8 28 47% 141420 11284 31%
c i 37.27  0 79 48 12636  6 509662 64870 2.1 52 24 8 28 47% 141420 11283 31%
c i 37.27  0 79 48 12636  6 509671 64878 2.1 52 24 8 28 47% 141420 11282 31%
c i 37.27  0 79 48 12636  6 509672 64878 2.1 52 24 8 28 47% 141420 11281 31%
c i 37.27  0 79 48 12636  6 509673 64878 2.1 52 24 8 28 47% 141420 11280 31%
c i 37.27  0 79 48 12636  6 509674 64878 2.1 52 24 8 28 47% 141420 11279 31%
c i 37.27  0 79 48 12636  6 509675 64878 2.1 52 24 8 28 47% 141420 11278 31%
c i 37.27  0 79 48 12636  6 509676 64878 2.1 52 24 8 28 47% 141420 11277 31%
c i 37.27  0 79 48 12636  6 509677 64878 2.1 52 24 8 28 47% 141420 11276 31%
c i 37.33  0 79 48 12688  6 510180 65220 2.1 52 25 8 28 24% 141061 11268 31%
c i 37.34  0 80 48 12727  6 510335 65341 2.1 52 25 8 28 27% 141061 11267 31%
c i 37.35  0 80 48 12731  6 510372 65373 2.1 52 25 8 28 28% 141061 11264 31%
c i 37.35  0 80 48 12732  6 510381 65374 2.1 52 25 8 28 28% 141061 11263 31%
c i 37.35  0 80 48 12733  6 510382 65374 2.1 52 25 8 28 28% 141061 11262 31%
c 
c  seconds  reductions    conflicts         size   tier2         variables
c         MB      restarts       redundant     glue    trail          remaining
c          level        rate          size/glue  tier1   irredundant
c 
c i 37.35  0 80 48 12733  6 510383 65374 2.1 52 25 8 28 28% 141061 11261 31%
c i 37.35  0 80 48 12733  6 510384 65374 2.1 52 25 8 28 28% 141061 11260 31%
c i 37.35  0 80 48 12734  6 510385 65374 2.1 52 25 8 28 28% 141061 11259 31%
c i 37.35  0 80 48 12734  6 510386 65374 2.1 52 25 8 28 28% 141061 11258 31%
c i 37.35  0 80 48 12749  6 510434 65419 2.1 52 25 8 28 29% 141061 11257 31%
c i 37.46  0 80 48 12879  6 512333 66814 2.1 52 25 8 28 49% 141061 11256 31%
c i 37.51  0 79 48 12879  6 513799 67907 2.1 51 25 8 28 52% 141061 11255 31%
c i 37.51  0 79 48 12879  6 513800 67907 2.1 51 25 8 28 52% 141061 11254 31%
c i 37.51  0 79 48 12879  6 513801 67907 2.1 51 25 8 28 52% 141061 11253 31%
c i 37.51  0 79 48 12879  6 513802 67907 2.1 51 25 8 28 52% 141061 11252 31%
c i 37.51  0 79 48 12879  6 513803 67907 2.1 51 25 8 28 52% 141061 11251 31%
c i 37.51  0 79 48 12879  6 513804 67907 2.1 51 25 8 28 52% 141061 11250 31%
c i 37.51  0 79 48 12879  6 513805 67907 2.1 51 25 8 28 52% 141061 11249 31%
c i 37.51  0 79 48 12879  6 513806 67907 2.1 51 25 8 28 52% 141061 11248 31%
c i 37.52  0 79 48 12879  6 513899 67973 2.1 51 25 8 28 52% 141061 11247 31%
c i 37.55  0 79 48 12887  6 514558 68447 2.1 51 25 8 28 50% 141061 11246 31%
c i 37.55  0 79 48 12888  6 514573 68454 2.1 51 25 8 28 50% 141061 11245 31%
c i 37.55  0 79 48 12889  6 514574 68454 2.1 51 25 8 28 50% 141061 11244 31%
c i 37.55  0 79 48 12889  6 514575 68454 2.1 51 25 8 28 50% 141061 11243 31%
c i 37.55  0 79 48 12889  6 514576 68454 2.1 51 25 8 28 50% 141061 11242 31%
c 
c  seconds  reductions    conflicts         size   tier2         variables
c         MB      restarts       redundant     glue    trail          remaining
c          level        rate          size/glue  tier1   irredundant
c 
c i 37.55  0 79 48 12889  6 514577 68454 2.1 51 25 8 28 50% 141061 11241 31%
c i 37.70  0 79 48 12985  6 517431 70619 2.1 51 24 8 28 50% 141061 11240 31%
c i 37.77  0 79 48 12985  6 518754 71662 2.1 52 24 8 28 51% 141061 11239 31%
c i 37.88  0 78 48 12999  6 520345 72811 2.1 52 24 8 28 53% 141061 11238 31%
c i 37.88  0 78 48 12999  6 520347 72812 2.1 52 24 8 28 53% 141061 11237 31%
c i 37.88  0 78 48 12999  6 520348 72812 2.1 52 24 8 28 53% 141061 11236 31%
c i 37.88  0 78 48 12999  6 520349 72812 2.1 52 24 8 28 53% 141061 11235 31%
c i 37.88  0 78 48 12999  6 520350 72812 2.1 52 24 8 28 53% 141061 11234 31%
c i 37.88  0 78 48 12999  6 520351 72812 2.1 52 24 8 28 53% 141061 11233 31%
c i 37.89  0 78 48 12999  6 520666 72982 2.1 52 24 8 28 53% 141061 11232 31%
c i 37.91  0 78 48 13006  6 521153 73284 2.1 52 24 8 28 51% 141061 11231 31%
c i 37.91  0 78 48 13006  6 521154 73284 2.1 52 24 8 28 51% 141061 11230 31%
c i 37.91  0 78 48 13006  6 521155 73284 2.1 52 24 8 28 51% 141061 11229 31%
c i 37.98  0 78 48 13006  6 522510 74369 2.2 52 24 8 28 53% 141061 11228 31%
c i 38.00  0 78 48 13028  6 523097 74806 2.2 52 24 8 28 53% 141061 11227 31%
c i 38.01  0 78 48 13028  6 523243 74920 2.2 52 24 8 28 53% 141061 11226 31%
c i 38.09  0 78 48 13115  6 524741 75948 2.2 52 24 8 28 51% 141061 11221 31%
c i 38.09  0 78 48 13116  6 524742 75948 2.2 52 24 8 28 51% 141061 11220 31%
c i 38.09  0 78 48 13116  6 524743 75948 2.2 52 24 8 28 51% 141061 11219 31%
c i 38.09  0 78 48 13116  6 524744 75948 2.2 52 24 8 28 51% 141061 11218 31%
c 
c  seconds  reductions    conflicts         size   tier2         variables
c         MB      restarts       redundant     glue    trail          remaining
c          level        rate          size/glue  tier1   irredundant
c 
c i 38.09  0 78 48 13117  6 524745 75948 2.2 52 24 8 28 51% 141061 11217 31%
c i 38.09  0 78 48 13117  6 524746 75948 2.2 52 24 8 28 51% 141061 11216 31%
c i 38.09  0 78 48 13117  6 524747 75948 2.2 52 24 8 28 51% 141061 11215 31%
c i 38.09  0 78 48 13118  6 524748 75948 2.2 52 24 8 28 51% 141061 11214 31%
c i 38.09  0 78 48 13118  6 524773 75972 2.2 52 24 8 28 51% 141061 11213 31%
c i 38.09  0 78 48 13118  6 524809 76002 2.2 52 24 8 28 51% 141061 11212 31%
c i 38.11  0 77 48 13122  6 525103 76222 2.2 52 24 8 28 51% 141061 11211 31%
c i 38.12  0 77 48 13134  6 525205 76305 2.2 52 24 8 28 51% 141061 11210 31%
c } 38.12  0 77 48 13149  6 525250 76336 2.2 52 24 8 28 51% 141061 11210 31%
c [ 38.12  0 179 48 13149  4 525250 76336 2.7 92 34 11 40 67% 141061 11210 31%
c i 38.12  0 179 48 13149  4 525256 76340 2.7 92 34 11 40 67% 141061 11209 31%
c - 38.18  0 179 49 13149  4 525607 68282 2.7 92 34 11 40 67% 139517 11209 31%
c 2 38.18  0 179 49 13149  4 525607 68280 2.7 92 34 11 40 67% 139517 11209 31%
c p 38.19  0 179 49 13149  4 525607 68299 2.7 92 34 11 40 67% 139517 11207 31%
c k 38.20  0 179 49 13149  4 525607 68299 2.7 92 34 11 40 67% 139517 11197 31%
c k 38.21  0 179 49 13149  4 525607 68299 2.7 92 34 11 40 67% 139517 11192 31%
c B 38.34  0 178 49 13149  4 528160 70433 2.7 92 34 11 40 66% 139517 11192 31%
c i 38.35  0 178 49 13149  4 528231 70493 2.7 92 34 11 40 66% 139517 11181 31%
c i 38.41  0 178 49 13149  4 528815 71009 2.7 92 34 11 40 66% 139517 11161 31%
c i 38.41  0 178 49 13149  4 528836 71026 2.7 92 34 11 40 66% 139517 11160 31%
c 
c  seconds   reductions    conflicts         size   tier2         variables
c         MB       restarts       redundant     glue    trail          remaining
c           level        rate          size/glue  tier1   irredundant
c 
c i 38.49  0 178 49 13149  4 529359 71488 2.7 93 35 9 38 66% 139517 11154 31%
c i 38.54  0 178 49 13149  4 529878 71907 2.7 94 35 9 38 66% 139517 11153 31%
c i 38.64  0 176 49 13149  4 531106 72931 2.7 94 34 9 38 66% 139517 11152 31%
c i 38.67  0 176 49 13149  4 531468 73210 2.8 95 34 9 38 66% 139517 11151 31%
c i 38.68  0 176 49 13149  4 531741 73458 2.7 94 34 9 38 66% 139517 11150 31%
c i 38.80  0 174 49 13149  4 533629 74991 2.7 94 34 9 38 65% 139517 11149 31%
c i 38.81  0 174 49 13149  4 533631 74992 2.7 94 34 9 38 65% 139517 11148 31%
c i 38.81  0 174 49 13149  4 533632 74992 2.7 94 34 9 38 65% 139517 11147 31%
c i 38.81  0 174 49 13149  4 533633 74992 2.7 94 34 9 38 65% 139517 11146 31%
c i 38.81  0 174 49 13149  4 533634 74992 2.7 94 34 9 38 65% 139517 11145 31%
c i 38.93  0 173 49 13149  4 534977 76048 2.8 95 34 9 38 65% 139517 11137 31%
c i 39.10  0 172 49 13149  4 536222 77039 2.8 96 34 9 38 65% 139517 11136 31%
c i 39.10  0 172 49 13149  4 536223 77039 2.8 96 34 9 38 65% 139517 11135 31%
c i 39.10  0 172 49 13149  4 536224 77039 2.8 96 34 9 38 65% 139517 11134 31%
c i 39.10  0 172 49 13149  4 536225 77039 2.8 96 34 9 38 65% 139517 11133 31%
c i 39.10  0 172 49 13149  4 536226 77039 2.8 96 34 9 38 65% 139517 11132 31%
c i 39.10  0 172 49 13149  4 536227 77039 2.8 96 34 9 38 65% 139517 11131 31%
c i 39.10  0 172 49 13149  4 536228 77039 2.8 96 34 9 38 65% 139517 11130 31%
c i 39.10  0 172 49 13149  4 536229 77039 2.8 96 34 9 38 65% 139517 11129 31%
c i 39.10  0 172 49 13149  4 536230 77039 2.8 96 34 9 38 65% 139517 11128 31%
c 
c  seconds   reductions    conflicts         size   tier2         variables
c         MB       restarts       redundant     glue    trail          remaining
c           level        rate          size/glue  tier1   irredundant
c 
c i 39.10  0 172 49 13149  4 536231 77039 2.8 96 34 9 38 65% 139517 11127 31%
c i 39.10  0 172 49 13149  4 536232 77039 2.8 96 34 9 38 65% 139517 11126 31%
c i 39.10  0 172 49 13149  4 536233 77039 2.8 96 34 9 38 65% 139517 11125 31%
c i 39.10  0 172 49 13149  4 536234 77039 2.8 96 34 9 38 65% 139517 11124 31%
c i 39.10  0 172 49 13149  4 536235 77039 2.8 96 34 9 38 65% 139517 11123 31%
c i 39.11  0 172 49 13149  4 536256 77056 2.8 96 34 9 38 65% 139517 11122 31%
c i 39.11  0 172 49 13149  4 536257 77056 2.8 96 34 9 38 65% 139517 11121 31%
c i 39.21  0 171 49 13149  4 537075 77755 2.8 96 34 9 38 66% 139517 11120 31%
c i 39.21  0 171 49 13149  4 537076 77755 2.8 96 34 9 38 66% 139517 11119 31%
c i 39.21  0 171 49 13149  4 537077 77755 2.8 96 34 9 38 66% 139517 11118 31%
c i 39.21  0 171 49 13149  4 537078 77755 2.8 96 34 9 38 66% 139517 11117 31%
c i 39.21  0 171 49 13149  4 537079 77755 2.8 96 34 9 38 66% 139517 11116 31%
c i 39.21  0 171 49 13149  4 537080 77755 2.8 96 34 9 38 66% 139517 11115 31%
c i 39.40  0 169 49 13149  4 538566 78990 2.9 97 34 9 38 66% 139517 11113 31%
c i 39.40  0 169 49 13149  4 538584 79002 2.9 97 34 9 38 66% 139517 11107 31%
c i 39.43  0 169 49 13149  4 538778 79159 2.9 98 34 9 38 66% 139517 11101 31%
c i 39.57  0 169 49 13150  4 540166 80251 2.9 99 35 9 38 66% 139517 11098 31%
c i 39.57  0 169 49 13150  4 540168 80251 2.9 99 35 9 38 66% 139517 11097 31%
c i 39.57  0 169 49 13150  4 540251 80319 2.9 100 35 9 38 66% 139517 11089 31%
c i 39.58  0 169 49 13150  4 540316 80378 2.9 100 35 9 38 66% 139517 11083 31%
c 
c  seconds   reductions    conflicts         size   tier2         variables
c         MB       restarts       redundant     glue    trail          remaining
c           level        rate          size/glue  tier1   irredundant
c 
c i 39.58  0 169 49 13150  4 540346 80392 2.9 99 35 9 38 66% 139517 11067 31%
c i 39.59  0 169 49 13151  4 540529 80520 2.9 99 35 9 38 66% 139517 11066 31%
c i 39.61  0 169 49 13151  4 540922 80705 2.9 100 35 9 38 65% 139517 11065 31%
c s 39.94  0 169 49 13151  4 541581 74123 2.9 100 35 9 38 65% 133639 11065 31%
c e 40.02  0 169 49 13151  4 541581 66679 2.9 100 35 9 38 65% 131305 10595 29%
c s 40.23  0 169 49 13151  4 541581 65295 2.9 100 35 9 38 65% 131230 10595 29%
c i 40.29  0 169 49 13151  4 541599 65312 2.9 100 35 9 38 65% 131230 10594 29%
c i 40.29  0 169 49 13151  4 541600 65312 2.9 100 35 9 38 65% 131230 10593 29%
c - 40.90  0 164 50 13155  4 546352 60298 2.8 100 35 9 38 65% 131191 10593 29%
c 2 40.90  0 164 50 13155  4 546352 60296 2.8 100 35 9 38 65% 131174 10592 29%
c p 40.91  0 164 50 13155  4 546352 60395 2.8 100 35 9 38 65% 131174 10586 29%
c d 40.94  0 164 50 13155  4 546352 60291 2.8 100 35 9 38 65% 131022 10584 29%
c k 40.95  0 164 50 13155  4 546352 60291 2.8 100 35 9 38 65% 131022 10532 29%
c 2 40.96  0 164 50 13155  4 546352 60291 2.8 100 35 9 38 65% 131014 10532 29%
c u 41.00  0 164 50 13155  4 546352 60191 2.8 100 35 9 38 65% 131014 10530 29%
c v 41.02  0 164 50 13155  4 546352 60071 2.8 100 35 9 38 65% 131014 10526 29%
c w 41.03  0 164 50 13155  4 546352 60069 2.8 100 35 9 38 65% 131014 10526 29%
c x 41.04  0 164 50 13155  4 546352 60069 2.8 100 35 9 38 65% 131014 10526 29%
c t 41.05  0 164 50 13155  4 546352 60069 2.8 100 35 9 38 65% 130875 10526 29%
c W 42.86  0 148 50 13163  3 561163 71000 2.7 95 36 9 38 62% 129648 10526 29%
c 
c  seconds   reductions    conflicts         size   tier2         variables
c         MB       restarts       redundant     glue    trail          remaining
c           level        rate          size/glue  tier1   irredundant
c 
c - 43.40  0 143 51 13164  3 567008 63097 2.7 93 35 9 38 62% 129648 10526 29%
c 2 43.40  0 143 51 13164  3 567008 63089 2.7 93 35 9 38 62% 129648 10526 29%
c p 43.41  0 143 51 13164  3 567008 63139 2.7 93 35 9 38 62% 129648 10520 29%
c d 43.43  0 143 51 13164  3 567008 63110 2.7 93 35 9 38 62% 129502 10518 29%
c k 43.44  0 143 51 13164  3 567008 63110 2.7 93 35 9 38 62% 129502 10501 29%
c 2 43.44  0 143 51 13164  3 567008 63110 2.7 93 35 9 38 62% 129494 10501 29%
c t 43.45  0 143 51 13164  3 567008 63110 2.7 93 35 9 38 62% 129368 10501 29%
c i 44.25  0 134 51 13167  3 576035 69839 2.6 90 35 9 38 61% 129368 10500 29%
c ] 45.11  0 126 51 13171  3 585786 77658 2.8 96 35 9 38 59% 129368 10500 29%
c { 45.11  0 77 51 13171  6 585786 77658 2.2 52 24 8 28 51% 129368 10500 29%
c - 45.27  0 76 52 13234  6 587957 65729 2.2 52 24 8 28 48% 128881 10500 29%
c 2 45.27  0 76 52 13234  6 587957 65729 2.2 52 24 8 28 48% 128881 10499 29%
c p 45.29  0 76 52 13234  6 587957 65792 2.2 52 24 8 28 48% 128881 10495 29%
c k 45.29  0 76 52 13234  6 587957 65792 2.2 52 24 8 28 48% 128881 10471 29%
c u 45.44  0 76 52 13234  6 587957 65689 2.2 52 24 8 28 48% 128202 10467 29%
c v 45.46  0 76 52 13234  6 587957 65638 2.2 52 24 8 28 48% 128202 10466 29%
c w 45.47  0 76 52 13234  6 587957 65612 2.2 52 24 8 28 48% 128202 10466 29%
c i 45.65  0 75 52 13386  6 591582 68135 2.2 52 24 8 28 45% 128202 10465 29%
c i 45.65  0 75 52 13386  6 591588 68139 2.2 52 24 8 28 45% 128202 10464 29%
c i 45.68  0 75 52 13434  6 592448 68522 2.2 52 24 8 28 45% 128202 10463 29%
c 
c  seconds  reductions    conflicts         size   tier2         variables
c         MB      restarts       redundant     glue    trail          remaining
c          level        rate          size/glue  tier1   irredundant
c 
c i 45.73  0 75 52 13472  6 593191 69006 2.2 52 24 8 28 45% 128202 10462 29%
c i 45.73  0 75 52 13472  6 593192 69006 2.2 52 24 8 28 45% 128202 10461 29%
c i 45.73  0 75 52 13472  6 593193 69006 2.2 52 24 8 28 45% 128202 10460 29%
c i 45.73  0 75 52 13472  6 593194 69006 2.2 52 24 8 28 45% 128202 10459 29%
c i 45.73  0 75 52 13472  6 593195 69006 2.2 52 24 8 28 45% 128202 10458 29%
c i 45.73  0 75 52 13472  6 593196 69006 2.2 52 24 8 28 45% 128202 10457 29%
c i 45.73  0 75 52 13472  6 593197 69006 2.2 52 24 8 28 45% 128202 10456 29%
c i 45.73  0 75 52 13472  6 593198 69006 2.2 52 24 8 28 45% 128202 10455 29%
c i 45.75  0 75 52 13472  6 593430 69217 2.2 52 24 8 28 45% 128202 10454 29%
c B 45.87  0 75 52 13512  6 595171 70565 2.2 52 24 7 24 46% 128202 10454 29%
c i 45.91  0 75 52 13532  6 595632 70922 2.2 52 24 7 24 47% 128202 10453 29%
c i 45.91  0 75 52 13532  6 595633 70922 2.2 52 24 7 24 47% 128202 10452 29%
c i 45.91  0 75 52 13532  6 595634 70922 2.2 52 24 7 24 47% 128202 10451 29%
c i 46.15  0 74 52 13637  5 599886 73705 2.2 51 24 7 24 46% 128202 10450 29%
c i 46.15  0 74 52 13637  5 599887 73705 2.2 51 24 7 24 46% 128202 10449 29%
c i 46.15  0 74 52 13637  5 599888 73705 2.2 51 24 7 24 46% 128202 10448 29%
c i 46.15  0 74 52 13637  5 599889 73705 2.2 51 24 7 24 46% 128202 10447 29%
c i 46.15  0 74 52 13637  5 599890 73705 2.2 51 24 7 24 46% 128202 10446 29%
c i 46.15  0 74 52 13637  5 599891 73705 2.2 51 24 7 24 46% 128202 10445 29%
c i 46.15  0 74 52 13637  5 599893 73706 2.2 51 24 7 24 46% 128202 10444 29%
c 
c  seconds  reductions    conflicts         size   tier2         variables
c         MB      restarts       redundant     glue    trail          remaining
c          level        rate          size/glue  tier1   irredundant
c 
c i 46.15  0 74 52 13637  5 599894 73706 2.2 51 24 7 24 46% 128202 10443 29%
c i 46.15  0 74 52 13637  5 599895 73706 2.2 51 24 7 24 46% 128202 10442 29%
c i 46.15  0 74 52 13637  5 599904 73714 2.2 51 24 7 24 46% 128202 10441 29%
c i 46.19  0 74 52 13706  5 600570 74188 2.2 51 24 7 24 45% 128202 10440 29%
c i 46.19  0 74 52 13707  5 600571 74188 2.2 51 24 7 24 45% 128202 10439 29%
c i 46.19  0 74 52 13707  5 600572 74188 2.2 51 24 7 24 45% 128202 10435 29%
c i 46.20  0 74 52 13710  5 600587 74187 2.2 51 24 7 24 45% 128202 10434 29%
c i 46.20  0 74 52 13711  5 600588 74187 2.2 51 24 7 24 45% 128202 10433 29%
c i 46.20  0 74 52 13711  5 600589 74187 2.2 51 24 7 24 45% 128202 10432 29%
c i 46.20  0 74 52 13711  5 600590 74187 2.2 51 24 7 24 45% 128202 10431 29%
c i 46.20  0 74 52 13712  5 600591 74187 2.2 51 24 7 24 45% 128202 10430 29%
c i 46.20  0 74 52 13712  5 600592 74187 2.2 51 24 7 24 45% 128202 10429 29%
c i 46.20  0 74 52 13713  5 600596 74189 2.2 51 24 7 24 45% 128202 10428 29%
c i 46.20  0 74 52 13714  5 600597 74189 2.2 51 24 7 24 45% 128202 10427 29%
c i 46.20  0 74 52 13714  5 600598 74189 2.2 51 24 7 24 45% 128202 10426 29%
c i 46.20  0 74 52 13717  5 600606 74196 2.2 51 24 7 24 45% 128202 10425 29%
c i 46.20  0 74 52 13717  5 600607 74196 2.2 51 24 7 24 45% 128202 10424 29%
c i 46.20  0 74 52 13717  5 600608 74196 2.2 51 24 7 24 45% 128202 10423 29%
c i 46.20  0 74 52 13717  5 600609 74196 2.2 51 24 7 24 45% 128202 10422 29%
c i 46.22  0 73 52 13723  5 601137 74431 2.2 51 24 7 24 45% 128202 10421 29%
c 
c  seconds  reductions    conflicts         size   tier2         variables
c         MB      restarts       redundant     glue    trail          remaining
c          level        rate          size/glue  tier1   irredundant
c 
c i 46.23  0 73 52 13723  5 601413 74646 2.2 51 24 7 24 45% 128202 10420 29%
c i 46.24  0 73 52 13723  5 601437 74664 2.2 51 24 7 24 45% 128202 10419 29%
c i 46.38  0 73 52 13784  5 603828 76383 2.2 51 23 7 24 46% 128202 10413 29%
c i 46.41  0 73 52 13788  5 604298 76737 2.2 51 23 7 24 46% 128202 10412 29%
c i 46.41  0 73 52 13788  5 604431 76824 2.2 51 23 7 24 46% 128202 10411 29%
c i 46.43  0 73 52 13791  5 604587 76961 2.2 51 23 7 24 46% 128202 10401 29%
c i 46.43  0 73 52 13791  5 604592 76964 2.2 51 23 7 24 46% 128202 10399 29%
c i 46.50  0 73 52 13851  5 605865 77804 2.2 51 23 7 24 46% 128202 10394 29%
c i 46.58  0 73 52 13868  5 607141 78583 2.2 51 23 7 24 46% 128202 10391 29%
c i 46.58  0 73 52 13871  5 607154 78593 2.2 51 23 7 24 46% 128202 10390 29%
c i 46.58  0 73 52 13872  5 607206 78635 2.2 51 23 7 24 46% 128202 10389 29%
c i 46.58  0 73 52 13872  5 607207 78635 2.2 51 23 7 24 46% 128202 10388 29%
c i 46.58  0 73 52 13872  5 607208 78635 2.2 51 23 7 24 46% 128202 10387 29%
c i 46.58  0 73 52 13872  5 607209 78635 2.2 51 23 7 24 46% 128202 10386 29%
c i 46.58  0 73 52 13872  5 607210 78635 2.2 51 23 7 24 46% 128202 10385 29%
c i 46.58  0 73 52 13872  5 607211 78635 2.2 51 23 7 24 46% 128202 10384 29%
c i 46.58  0 73 52 13872  5 607212 78635 2.2 51 23 7 24 46% 128202 10383 29%
c i 46.66  0 72 52 13876  5 608850 79728 2.2 51 23 7 24 45% 128202 10382 29%
c - 46.74  0 72 53 13876  5 609238 62615 2.2 50 23 7 24 45% 124608 10382 29%
c 2 46.74  0 72 53 13876  5 609238 62591 2.2 50 23 7 24 45% 124608 10382 29%
c 
c  seconds  reductions    conflicts         size   tier2         variables
c         MB      restarts       redundant     glue    trail          remaining
c          level        rate          size/glue  tier1   irredundant
c 
c p 46.74  0 72 53 13876  5 609238 62666 2.2 50 23 7 24 45% 124608 10381 29%
c k 46.75  0 72 53 13876  5 609238 62666 2.2 50 23 7 24 45% 124608 10359 29%
c i 46.81  0 72 53 13918  5 610211 63315 2.2 50 23 7 24 45% 124608 10358 29%
c i 46.89  0 71 53 13958  5 612132 64761 2.2 50 23 7 24 45% 124608 10357 29%
c i 46.89  0 71 53 13958  5 612201 64814 2.2 50 23 7 24 45% 124608 10356 29%
c i 46.96  0 71 53 14002  5 613571 65821 2.2 50 23 7 24 45% 124608 10350 29%
c i 46.98  0 71 53 14023  5 613852 66011 2.2 50 23 7 24 45% 124608 10349 29%
c i 46.98  0 71 53 14023  5 613932 66073 2.2 50 23 7 24 45% 124608 10348 29%
c i 46.99  0 71 53 14039  5 614070 66166 2.2 50 23 7 24 45% 124608 10341 29%
c i 47.20  0 70 53 14142  5 617785 68763 2.2 50 23 7 24 45% 124608 10340 29%
c i 47.25  0 70 53 14144  5 618905 69762 2.2 50 23 7 24 46% 124608 10339 29%
c i 47.26  0 70 53 14144  5 619015 69860 2.2 50 23 7 24 46% 124608 10338 29%
c i 47.26  0 70 53 14159  5 619127 69934 2.2 50 23 7 24 46% 124608 10337 29%
c i 47.26  0 70 53 14159  5 619128 69934 2.2 50 23 7 24 46% 124608 10336 29%
c i 47.26  0 70 53 14160  5 619129 69934 2.2 50 23 7 24 46% 124608 10335 29%
c i 47.26  0 70 53 14160  5 619130 69934 2.2 50 23 7 24 46% 124608 10334 29%
c i 47.26  0 70 53 14160  5 619131 69934 2.2 50 23 7 24 46% 124608 10333 29%
c i 47.26  0 70 53 14161  5 619132 69934 2.2 50 23 7 24 46% 124608 10332 29%
c i 47.26  0 70 53 14161  5 619134 69935 2.2 50 23 7 24 46% 124608 10331 29%
c i 47.26  0 70 53 14162  5 619135 69935 2.2 50 23 7 24 46% 124608 10330 29%
c 
c  seconds  reductions    conflicts         size   tier2         variables
c         MB      restarts       redundant     glue    trail          remaining
c          level        rate          size/glue  tier1   irredundant
c 
c i 47.26  0 70 53 14162  5 619136 69935 2.2 50 23 7 24 46% 124608 10329 29%
c i 47.26  0 70 53 14162  5 619137 69935 2.2 50 23 7 24 46% 124608 10328 29%
c i 47.27  0 70 53 14162  5 619408 70119 2.2 50 23 7 24 46% 124608 10327 29%
c i 47.31  0 70 53 14173  5 620141 70712 2.2 50 23 7 24 46% 124608 10326 29%
c i 47.31  0 70 53 14173  5 620146 70715 2.2 50 23 7 24 46% 124608 10325 29%
c i 47.31  0 70 53 14173  5 620147 70715 2.2 50 23 7 24 46% 124608 10324 29%
c i 47.31  0 70 53 14173  5 620148 70715 2.2 50 23 7 24 46% 124608 10323 29%
c i 47.31  0 70 53 14173  5 620149 70715 2.2 50 23 7 24 46% 124608 10322 29%
c i 47.35  0 70 53 14206  5 621026 71283 2.2 50 23 7 24 45% 124608 10321 29%
c i 47.41  0 69 53 14332  5 622515 72155 2.2 50 23 7 24 45% 124608 10320 29%
c i 47.41  0 69 53 14342  5 622587 72224 2.2 50 23 7 24 45% 124608 10319 29%
c i 47.41  0 69 53 14342  5 622588 72224 2.2 50 23 7 24 45% 124608 10318 29%
c i 47.41  0 69 53 14342  5 622589 72224 2.2 50 23 7 24 45% 124608 10317 29%
c i 47.41  0 69 53 14342  5 622590 72224 2.2 50 23 7 24 45% 124608 10316 29%
c i 47.41  0 69 53 14342  5 622591 72224 2.2 50 23 7 24 45% 124608 10315 29%
c i 47.42  0 69 53 14342  5 622721 72279 2.2 50 23 7 24 45% 124608 10314 29%
c i 47.53  0 69 53 14483  5 624967 73893 2.2 50 23 7 24 45% 124608 10313 28%
c i 47.74  0 69 53 14504  5 627608 75947 2.4 53 22 7 24 46% 124608 10312 28%
c W 48.20  0 68 53 14618  5 630172 76881 2.4 53 22 7 24 46% 123327 10312 28%
c - 48.23  0 68 54 14648  5 630619 66915 2.4 53 22 7 24 45% 123327 10312 28%
c 
c  seconds  reductions    conflicts         size   tier2         variables
c         MB      restarts       redundant     glue    trail          remaining
c          level        rate          size/glue  tier1   irredundant
c 
c 2 48.23  0 68 54 14648  5 630619 66915 2.4 53 22 7 24 45% 123327 10311 28%
c p 48.24  0 68 54 14648  5 630619 66938 2.4 53 22 7 24 45% 123327 10308 28%
c k 48.25  0 68 54 14648  5 630619 66938 2.4 53 22 7 24 45% 123327 10281 28%
c i 48.34  0 67 54 14652  5 631807 67792 2.4 53 22 7 24 46% 123327 10280 28%
c i 48.35  0 67 54 14652  5 632060 67991 2.4 53 22 7 24 46% 123327 10279 28%
c i 48.45  0 67 54 14657  5 633222 68918 2.4 53 22 7 24 46% 123327 10278 28%
c i 48.55  0 67 54 14738  5 635006 70043 2.4 53 22 7 24 46% 123327 10277 28%
c i 48.56  0 67 54 14738  5 635191 70186 2.4 53 22 7 24 46% 123327 10276 28%
c i 48.56  0 67 54 14738  5 635193 70187 2.4 53 22 7 24 46% 123327 10275 28%
c i 48.56  0 67 54 14738  5 635194 70187 2.4 53 22 7 24 46% 123327 10274 28%
c i 48.56  0 67 54 14738  5 635195 70187 2.4 53 22 7 24 46% 123327 10273 28%
c i 48.56  0 67 54 14738  5 635196 70187 2.4 53 22 7 24 46% 123327 10272 28%
c i 48.56  0 67 54 14738  5 635197 70187 2.4 53 22 7 24 46% 123327 10271 28%
c i 48.61  0 67 54 14742  5 635543 70469 2.5 54 22 7 24 46% 123327 10270 28%
c s 48.87  0 67 54 14756  5 635979 63406 2.5 54 22 7 24 46% 121939 10270 28%
c e 48.93  0 67 54 14756  5 635979 61075 2.5 54 22 7 24 46% 120967 9934 27%
c s 49.12  0 67 54 14756  5 635979 59438 2.5 54 22 7 24 46% 120951 9934 27%
c i 49.31  0 66 54 14895  5 637958 60496 2.4 54 22 7 24 29% 120951 9933 27%
c i 49.31  0 66 54 14895  5 637977 60503 2.4 54 22 7 24 30% 120951 9932 27%
c i 49.42  0 65 54 14975  5 640862 62276 2.4 53 22 7 24 28% 120951 9931 27%
c 
c  seconds  reductions    conflicts         size   tier2        variables
c         MB      restarts       redundant     glue    trail         remaining
c          level        rate          size/glue  tier1   irredundant
c 
c i 49.42  0 65 54 14975  5 640863 62276 2.4 53 22 7 24 28% 120951 9930 27%
c i 49.42  0 65 54 14975  5 640864 62276 2.4 53 22 7 24 28% 120951 9929 27%
c i 49.42  0 65 54 14975  5 640865 62276 2.4 53 22 7 24 28% 120951 9928 27%
c i 49.42  0 65 54 14975  5 640866 62276 2.4 53 22 7 24 28% 120951 9927 27%
c i 49.42  0 65 54 14975  5 640867 62276 2.4 53 22 7 24 28% 120951 9926 27%
c i 49.42  0 65 54 14975  5 640868 62276 2.4 53 22 7 24 28% 120951 9925 27%
c i 49.42  0 65 54 14975  5 640869 62276 2.4 53 22 7 24 28% 120951 9924 27%
c i 49.55  0 64 54 15202  5 644189 64364 2.4 52 22 7 24 30% 120951 9923 27%
c i 49.63  0 64 54 15249  5 645874 65425 2.4 52 22 7 24 32% 120951 9922 27%
c i 49.65  0 63 54 15249  5 646295 65656 2.4 52 22 7 24 33% 120951 9921 27%
c i 49.94  0 63 54 15417  5 650754 68895 2.4 52 21 7 24 40% 120951 9920 27%
c - 50.10  0 63 55 15417  5 652281 60417 2.4 52 21 7 24 44% 120743 9920 27%
c 2 50.10  0 63 55 15417  5 652281 60412 2.4 52 21 7 24 44% 120735 9919 27%
c p 50.10  0 63 55 15417  5 652281 60526 2.4 52 21 7 24 44% 120735 9916 27%
c k 50.11  0 63 55 15417  5 652281 60526 2.4 52 21 7 24 44% 120735 9892 27%
c u 50.15  0 63 55 15417  5 652281 60476 2.4 52 21 7 24 44% 120735 9892 27%
c v 50.16  0 63 55 15417  5 652281 60472 2.4 52 21 7 24 44% 120735 9889 27%
c w 50.17  0 63 55 15417  5 652281 60423 2.4 52 21 7 24 44% 120735 9888 27%
c x 50.19  0 63 55 15417  5 652281 60423 2.4 52 21 7 24 44% 120734 9888 27%
c i 50.39  0 62 55 15463  5 654437 62087 2.5 52 21 7 24 47% 120734 9876 27%
c 
c  seconds  reductions    conflicts         size   tier2        variables
c         MB      restarts       redundant     glue    trail         remaining
c          level        rate          size/glue  tier1   irredundant
c 
c i 50.39  0 62 55 15463  5 654502 62141 2.5 52 21 7 24 47% 120734 9875 27%
c i 50.39  0 62 55 15463  5 654503 62141 2.5 52 21 7 24 47% 120734 9874 27%
c i 50.39  0 62 55 15463  5 654504 62141 2.5 52 21 7 24 47% 120734 9873 27%
c i 50.39  0 62 55 15463  5 654505 62141 2.5 52 21 7 24 47% 120734 9872 27%
c i 50.39  0 62 55 15463  5 654506 62141 2.5 52 21 7 24 47% 120734 9871 27%
c i 50.39  0 62 55 15463  5 654507 62141 2.5 52 21 7 24 47% 120734 9870 27%
c i 50.39  0 62 55 15463  5 654508 62141 2.5 52 21 7 24 47% 120734 9869 27%
c i 50.39  0 62 55 15463  5 654509 62141 2.5 52 21 7 24 47% 120734 9868 27%
c i 50.44  0 62 55 15475  5 655187 62588 2.5 53 21 7 24 48% 120734 9867 27%
c i 50.47  0 63 55 15486  5 655600 62925 2.5 53 21 7 24 48% 120734 9866 27%
c i 50.47  0 63 55 15486  5 655601 62925 2.5 53 21 7 24 48% 120734 9865 27%
c i 50.48  0 63 55 15486  5 655603 62926 2.5 53 21 7 24 48% 120734 9864 27%
c i 50.48  0 63 55 15488  5 655612 62933 2.5 53 21 7 24 48% 120734 9862 27%
c i 50.78  0 62 55 15607  5 659556 65591 2.5 53 21 7 24 49% 120734 9861 27%
c i 50.78  0 62 55 15607  5 659557 65591 2.5 53 21 7 24 49% 120734 9860 27%
c i 50.78  0 62 55 15607  5 659558 65591 2.5 53 21 7 24 49% 120734 9859 27%
c i 50.78  0 62 55 15607  5 659559 65591 2.5 53 21 7 24 49% 120734 9858 27%
c i 50.78  0 62 55 15607  5 659560 65591 2.5 53 21 7 24 49% 120734 9857 27%
c i 50.78  0 62 55 15607  5 659561 65591 2.5 53 21 7 24 49% 120734 9856 27%
c i 50.78  0 62 55 15607  5 659564 65593 2.5 53 21 7 24 49% 120734 9855 27%
c 
c  seconds  reductions    conflicts         size   tier2        variables
c         MB      restarts       redundant     glue    trail         remaining
c          level        rate          size/glue  tier1   irredundant
c 
c i 50.78  0 62 55 15607  5 659567 65595 2.5 53 21 7 24 49% 120734 9854 27%
c i 50.78  0 62 55 15607  5 659568 65595 2.5 53 21 7 24 49% 120734 9853 27%
c i 50.78  0 62 55 15607  5 659569 65595 2.5 53 21 7 24 49% 120734 9852 27%
c i 50.78  0 62 55 15607  5 659570 65595 2.5 53 21 7 24 49% 120734 9851 27%
c i 50.78  0 62 55 15607  5 659571 65595 2.5 53 21 7 24 49% 120734 9850 27%
c i 50.78  0 62 55 15607  5 659575 65596 2.5 53 21 7 24 49% 120734 9849 27%
c i 50.78  0 62 55 15607  5 659576 65596 2.5 53 21 7 24 49% 120734 9848 27%
c i 50.78  0 62 55 15607  5 659577 65596 2.5 53 21 7 24 49% 120734 9847 27%
c i 50.78  0 62 55 15607  5 659578 65596 2.5 53 21 7 24 49% 120734 9846 27%
c i 50.78  0 62 55 15607  5 659579 65596 2.5 53 21 7 24 49% 120734 9845 27%
c i 50.78  0 62 55 15607  5 659580 65596 2.5 53 21 7 24 49% 120734 9844 27%
c i 50.78  0 62 55 15607  5 659581 65596 2.5 53 21 7 24 49% 120734 9843 27%
c i 50.78  0 62 55 15607  5 659582 65596 2.5 53 21 7 24 49% 120734 9842 27%
c i 50.78  0 62 55 15607  5 659583 65596 2.5 53 21 7 24 49% 120734 9841 27%
c i 50.78  0 62 55 15607  5 659584 65596 2.5 53 21 7 24 49% 120734 9840 27%
c i 50.78  0 62 55 15607  5 659585 65596 2.5 53 21 7 24 49% 120734 9839 27%
c i 50.78  0 62 55 15607  5 659586 65596 2.5 53 21 7 24 49% 120734 9838 27%
c i 50.78  0 62 55 15607  5 659587 65596 2.5 53 21 7 24 49% 120734 9837 27%
c i 50.78  0 62 55 15607  5 659588 65596 2.5 53 21 7 24 49% 120734 9836 27%
c i 50.78  0 62 55 15607  5 659589 65596 2.5 53 21 7 24 49% 120734 9835 27%
c 
c  seconds  reductions    conflicts         size   tier2        variables
c         MB      restarts       redundant     glue    trail         remaining
c          level        rate          size/glue  tier1   irredundant
c 
c i 50.78  0 62 55 15607  5 659590 65596 2.5 53 21 7 24 49% 120734 9834 27%
c i 50.78  0 62 55 15607  5 659591 65596 2.5 53 21 7 24 49% 120734 9833 27%
c i 50.78  0 62 55 15607  5 659592 65596 2.5 53 21 7 24 49% 120734 9832 27%
c i 50.78  0 62 55 15607  5 659593 65596 2.5 53 21 7 24 49% 120734 9831 27%
c i 50.78  0 62 55 15607  5 659594 65596 2.5 53 21 7 24 49% 120734 9830 27%
c i 50.78  0 62 55 15607  5 659595 65596 2.5 53 21 7 24 49% 120734 9829 27%
c i 50.78  0 62 55 15607  5 659596 65596 2.5 53 21 7 24 49% 120734 9828 27%
c i 50.78  0 62 55 15607  5 659597 65596 2.5 53 21 7 24 49% 120734 9827 27%
c i 50.78  0 62 55 15607  5 659598 65596 2.5 53 21 7 24 49% 120734 9826 27%
c i 50.78  0 62 55 15607  5 659599 65596 2.5 53 21 7 24 49% 120734 9825 27%
c i 50.78  0 62 55 15607  5 659600 65596 2.5 53 21 7 24 49% 120734 9824 27%
c i 50.78  0 62 55 15607  5 659601 65596 2.5 53 21 7 24 49% 120734 9823 27%
c i 50.78  0 62 55 15607  5 659602 65596 2.5 53 21 7 24 49% 120734 9822 27%
c i 50.78  0 62 55 15607  5 659603 65596 2.5 53 21 7 24 49% 120734 9821 27%
c i 50.78  0 62 55 15607  5 659604 65596 2.5 53 21 7 24 49% 120734 9820 27%
c i 50.78  0 62 55 15607  5 659605 65596 2.5 53 21 7 24 49% 120734 9819 27%
c i 50.78  0 62 55 15607  5 659606 65596 2.5 53 21 7 24 49% 120734 9818 27%
c i 50.78  0 62 55 15607  5 659607 65596 2.5 53 21 7 24 49% 120734 9817 27%
c i 50.78  0 62 55 15607  5 659608 65596 2.5 53 21 7 24 49% 120734 9816 27%
c i 50.78  0 62 55 15607  5 659609 65596 2.5 53 21 7 24 49% 120734 9815 27%
c 
c  seconds  reductions    conflicts         size   tier2        variables
c         MB      restarts       redundant     glue    trail         remaining
c          level        rate          size/glue  tier1   irredundant
c 
c i 50.78  0 62 55 15607  5 659610 65596 2.5 53 21 7 24 49% 120734 9814 27%
c i 50.86  0 62 55 15644  5 660624 66355 2.5 53 21 6 20 49% 120734 9813 27%
c i 50.86  0 62 55 15644  5 660633 66357 2.5 53 21 6 20 49% 120734 9812 27%
c i 50.86  0 62 55 15644  5 660643 66364 2.5 53 21 6 20 49% 120734 9811 27%
c i 51.11  0 61 55 15765  5 664385 69180 2.6 54 21 6 20 50% 120734 9810 27%
c i 51.14  0 61 55 15782  5 664887 69543 2.6 54 21 6 20 50% 120734 9809 27%
c i 51.14  0 61 55 15782  5 664908 69557 2.6 54 21 6 20 50% 120734 9808 27%
c i 51.17  0 61 55 15796  5 665384 69860 2.6 54 21 6 20 50% 120734 9807 27%
c i 51.17  0 61 55 15796  5 665411 69872 2.6 54 21 6 20 50% 120734 9806 27%
c # 51.21  0 61 55 15925  5 666173 70355 2.6 54 21 6 20 50% 120734 9806 27%
c i 51.22  0 61 55 15929  5 666365 70493 2.6 54 21 6 20 50% 120734 9805 27%
c i 51.32  0 60 55 15988  5 668092 71667 2.6 54 21 6 20 50% 120734 9804 27%
c i 51.33  0 60 55 16009  5 668324 71811 2.6 54 21 6 20 50% 120734 9801 27%
c i 51.35  0 60 55 16033  5 668823 72069 2.6 54 21 6 20 49% 120734 9800 27%
c i 51.56  0 59 55 16212  5 672859 74745 2.6 53 21 6 20 49% 120734 9792 27%
c i 51.58  0 59 55 16228  5 673208 74987 2.6 53 21 6 20 49% 120734 9789 27%
c i 51.62  0 59 55 16235  4 673577 75300 2.6 53 21 6 20 49% 120734 9788 27%
c i 51.62  0 59 55 16235  4 673623 75344 2.6 53 21 6 20 49% 120734 9787 27%
c - 51.73  0 59 56 16262  4 674123 58575 2.6 53 21 6 20 49% 118352 9787 27%
c 2 51.74  0 59 56 16262  4 674123 58558 2.6 53 21 6 20 49% 118352 9784 27%
c 
c  seconds  reductions    conflicts         size   tier2        variables
c         MB      restarts       redundant     glue    trail         remaining
c          level        rate          size/glue  tier1   irredundant
c 
c p 51.75  0 59 56 16262  4 674123 58661 2.6 53 21 6 20 49% 118352 9781 27%
c k 51.75  0 59 56 16262  4 674123 58661 2.6 53 21 6 20 49% 118352 9737 27%
c i 51.82  0 59 56 16314  4 674783 59064 2.6 53 21 6 20 49% 118352 9736 27%
c i 51.82  0 59 56 16314  4 674829 59081 2.6 53 21 6 20 49% 118352 9635 27%
c i 51.88  0 59 56 16405  5 675855 59781 2.6 53 21 6 20 49% 118352 9630 27%
c i 51.89  0 59 56 16405  5 675905 59805 2.6 53 21 6 20 49% 118352 9629 27%
c i 51.89  0 59 56 16405  5 675964 59844 2.6 53 21 6 20 49% 118352 9628 27%
c i 51.90  0 59 56 16405  4 676164 59995 2.6 53 21 6 20 49% 118352 9627 27%
c i 51.90  0 59 56 16405  4 676224 60031 2.6 53 21 6 20 49% 118352 9626 27%
c i 51.90  0 59 56 16405  4 676239 60028 2.6 53 21 6 20 49% 118352 9625 27%
c i 51.90  0 59 56 16405  4 676240 60028 2.6 53 21 6 20 49% 118352 9624 27%
c i 51.90  0 59 56 16405  4 676241 60028 2.6 53 21 6 20 49% 118352 9623 27%
c i 52.14  0 58 56 16546  4 680852 62888 2.5 52 21 6 20 49% 118352 9614 27%
c i 52.18  0 57 56 16557  4 681845 63541 2.5 52 20 6 20 49% 118352 9613 27%
c i 52.71  0 55 56 16740  4 690404 69011 2.5 51 20 6 20 49% 118352 9612 27%
c i 52.71  0 55 56 16740  4 690405 69011 2.5 51 20 6 20 49% 118352 9611 27%
c i 52.72  0 55 56 16761  4 690699 69173 2.5 51 20 6 20 49% 118352 9610 27%
c i 52.75  0 55 56 16781  4 691392 69591 2.5 51 20 6 20 49% 118352 9609 27%
c i 52.75  0 55 56 16781  4 691393 69591 2.5 51 20 6 20 49% 118352 9608 27%
c i 52.75  0 55 56 16781  4 691394 69591 2.5 51 20 6 20 49% 118352 9607 27%
c 
c  seconds  reductions    conflicts         size   tier2        variables
c         MB      restarts       redundant     glue    trail         remaining
c          level        rate          size/glue  tier1   irredundant
c 
c i 52.99  0 54 56 17145  4 695751 72168 2.5 51 20 6 20 49% 118352 9606 27%
c - 53.08  0 54 57 17192  4 696151 56946 2.5 51 20 6 20 49% 114873 9606 27%
c 2 53.08  0 54 57 17192  4 696151 56946 2.5 51 20 6 20 49% 114873 9603 27%
c p 53.09  0 54 57 17192  4 696151 56998 2.5 51 20 6 20 49% 114873 9601 27%
c k 53.10  0 54 57 17192  4 696151 56998 2.5 51 20 6 20 49% 114873 9580 26%
c u 53.13  0 54 57 17192  4 696151 56958 2.5 51 20 6 20 49% 114873 9580 26%
c v 53.15  0 54 57 17192  4 696151 56939 2.5 51 20 6 20 49% 114873 9575 26%
c w 53.15  0 54 57 17192  4 696151 56934 2.5 51 20 6 20 49% 114873 9575 26%
c } 53.42  0 54 57 17270  4 699712 59345 2.5 50 20 6 20 49% 114873 9575 26%
c [ 53.42  0 126 57 17270  3 699712 59345 2.8 96 35 9 38 67% 114873 9575 26%
c O 53.73  0 123 57 17273  3 703174 62014 2.7 95 35 9 38 66% 114873 9575 26%
c i 54.25  0 118 57 17277  3 709646 67172 2.7 93 34 9 38 66% 114873 9574 26%
c i 54.25  0 118 57 17277  3 709662 67178 2.7 93 34 9 38 66% 114873 9573 26%
c i 54.39  0 116 57 17277  3 712174 69202 2.7 92 34 9 38 65% 114873 9545 26%
c - 55.06  0 112 58 17278  3 718268 59139 2.8 92 33 9 38 64% 114073 9545 26%
c d 55.08  0 112 58 17278  3 718268 59114 2.8 92 33 9 38 64% 114071 9542 26%
c p 55.09  0 112 58 17278  3 718268 59236 2.8 92 33 9 38 64% 114071 9532 26%
c k 55.11  0 112 58 17278  3 718268 59236 2.8 92 33 9 38 64% 113841 9519 26%
c t 55.12  0 112 58 17278  3 718268 59236 2.8 92 33 9 38 64% 113737 9519 26%
c k 55.12  0 112 58 17278  3 718268 59236 2.8 92 33 9 38 64% 113737 9517 26%
c 
c  seconds   reductions    conflicts         size   tier2        variables
c         MB       restarts       redundant     glue    trail         remaining
c           level        rate          size/glue  tier1   irredundant
c 
c i 56.50  0 103 58 17279  3 731125 69272 2.9 92 31 8 34 63% 113737 9516 26%
c i 56.96  0 99 58 17279  3 735356 72559 3.0 91 31 8 34 63% 113737 9515 26%
c s 57.38  0 98 58 17279  3 736950 63821 3.0 92 30 8 34 63% 113667 9515 26%
c e 57.45  0 98 58 17279  3 736950 54220 3.0 92 30 8 34 63% 113083 9135 25%
c s 57.62  0 98 58 17279  3 736950 51495 3.0 92 30 8 34 63% 113081 9135 25%
c e 57.66  0 98 58 17279  3 736950 51008 3.0 92 30 8 34 63% 113082 9133 25%
c - 58.04  0 96 59 17281  3 740666 46915 3.1 92 30 8 34 63% 113082 9133 25%
c 2 58.04  0 96 59 17281  3 740666 46914 3.1 92 30 8 34 63% 113071 9130 25%
c d 58.05  0 96 59 17281  3 740666 46888 3.1 92 30 8 34 63% 113018 9128 25%
c p 58.07  0 96 59 17281  3 740666 47143 3.1 92 30 8 34 63% 113018 9115 25%
c k 58.08  0 96 59 17281  3 740666 47143 3.1 92 30 8 34 63% 113018 9106 25%
c 2 58.08  0 96 59 17281  3 740666 47142 3.1 92 30 8 34 63% 113012 9099 25%
c u 58.14  0 96 59 17281  3 740666 46979 3.1 92 30 8 34 63% 113012 9043 25%
c v 58.16  0 96 59 17281  3 740666 46933 3.1 92 30 8 34 63% 113012 9040 25%
c w 58.16  0 96 59 17281  3 740666 46918 3.1 92 30 8 34 63% 113012 9039 25%
c i 58.20  0 96 59 17281  3 740962 47166 3.1 92 30 8 34 63% 113012 9038 25%
c B 58.23  0 96 59 17281  3 741175 47353 3.1 92 30 8 34 63% 113012 9038 25%
c i 58.26  0 96 59 17282  3 741375 47518 3.1 92 30 8 34 63% 113012 9037 25%
c i 58.28  0 96 59 17282  3 741598 47699 3.1 92 30 8 34 63% 113012 9036 25%
c i 58.39  0 95 59 17282  3 742686 48558 3.1 92 30 8 34 63% 113012 9035 25%
c 
c  seconds  reductions    conflicts         size   tier2        variables
c         MB      restarts       redundant     glue    trail         remaining
c          level        rate          size/glue  tier1   irredundant
c 
c i 58.42  0 95 59 17282  3 742894 48713 3.1 92 30 8 34 63% 113012 9034 25%
c i 58.44  0 95 59 17282  3 743021 48802 3.1 92 30 8 34 63% 113012 9033 25%
c i 58.54  0 94 59 17283  3 744014 49495 3.1 91 29 8 34 63% 113012 9004 25%
c i 58.63  0 94 59 17284  3 744841 50190 3.1 91 29 8 34 63% 113012 9003 25%
c i 58.64  0 94 59 17284  3 744988 50321 3.1 91 29 8 34 63% 113012 9002 25%
c i 58.67  0 93 59 17284  3 745302 50588 3.1 91 29 8 34 63% 113012 9001 25%
c i 58.68  0 93 59 17284  3 745321 50599 3.1 91 29 8 34 63% 113012 9000 25%
c i 58.68  0 93 59 17284  3 745322 50599 3.1 91 29 8 34 63% 113012 8999 25%
c i 58.68  0 93 59 17284  3 745323 50599 3.1 91 29 8 34 63% 113012 8998 25%
c i 58.68  0 93 59 17284  3 745325 50600 3.1 91 29 8 34 63% 113012 8997 25%
c i 58.68  0 93 59 17284  3 745326 50600 3.1 91 29 8 34 63% 113012 8996 25%
c i 58.68  0 93 59 17284  3 745327 50600 3.1 91 29 8 34 63% 113012 8995 25%
c i 58.68  0 93 59 17284  3 745328 50600 3.1 91 29 8 34 63% 113012 8994 25%
c i 58.68  0 93 59 17284  3 745329 50600 3.1 91 29 8 34 63% 113012 8993 25%
c i 58.68  0 93 59 17284  3 745330 50600 3.1 91 29 8 34 63% 113012 8992 25%
c i 58.68  0 93 59 17284  3 745331 50600 3.1 91 29 8 34 63% 113012 8991 25%
c i 58.69  0 93 59 17284  3 745465 50705 3.1 91 29 8 34 63% 113012 8990 25%
c i 58.69  0 93 59 17284  3 745467 50705 3.1 91 29 8 34 63% 113012 8989 25%
c i 58.69  0 93 59 17284  3 745468 50705 3.1 91 29 8 34 63% 113012 8988 25%
c i 58.69  0 93 59 17284  3 745469 50705 3.1 91 29 8 34 63% 113012 8987 25%
c 
c  seconds  reductions    conflicts         size   tier2        variables
c         MB      restarts       redundant     glue    trail         remaining
c          level        rate          size/glue  tier1   irredundant
c 
c i 58.69  0 93 59 17284  3 745470 50705 3.1 91 29 8 34 63% 113012 8986 25%
c i 58.99  0 92 59 17286  3 747800 52546 3.2 92 29 8 34 63% 113012 8985 25%
c i 59.18  0 91 59 17286  3 749255 53657 3.2 92 29 8 34 63% 113012 8984 25%
c i 59.40  0 89 59 17286  3 751338 55292 3.2 92 28 8 34 62% 113012 8983 25%
c i 59.40  0 89 59 17286  3 751349 55295 3.2 92 28 8 34 62% 113012 8982 25%
c i 59.40  0 89 59 17286  3 751353 55297 3.2 92 28 8 34 62% 113012 8981 25%
c i 59.40  0 89 59 17286  3 751354 55297 3.2 92 28 8 34 62% 113012 8980 25%
c i 59.40  0 89 59 17286  3 751355 55297 3.2 92 28 8 34 62% 113012 8979 25%
c i 59.40  0 89 59 17286  3 751356 55297 3.2 92 28 8 34 62% 113012 8978 25%
c i 59.40  0 89 59 17286  3 751357 55297 3.2 92 28 8 34 62% 113012 8977 25%
c i 59.40  0 89 59 17286  3 751358 55297 3.2 92 28 8 34 62% 113012 8976 25%
c i 59.47  0 89 59 17286  3 751930 55706 3.2 91 28 8 34 62% 113012 8975 25%
c i 59.48  0 89 59 17287  3 752014 55775 3.2 91 28 8 34 62% 113012 8973 25%
c i 59.48  0 89 59 17287  3 752030 55778 3.2 91 28 8 34 62% 113012 8967 25%
c i 59.48  0 89 59 17287  3 752043 55782 3.2 91 28 8 34 62% 113012 8959 25%
c i 59.48  0 89 59 17287  3 752072 55804 3.2 91 28 8 34 62% 113012 8958 25%
c i 59.49  0 89 59 17287  3 752176 55866 3.2 92 28 8 34 62% 113012 8957 25%
c i 59.51  0 89 59 17287  3 752352 55923 3.2 92 28 8 34 62% 113012 8955 25%
c i 59.51  0 89 59 17287  3 752426 55987 3.2 92 28 8 34 62% 113012 8954 25%
c i 59.52  0 89 59 17287  3 752554 56106 3.2 92 28 8 34 62% 113012 8953 25%
c 
c  seconds  reductions    conflicts         size   tier2        variables
c         MB      restarts       redundant     glue    trail         remaining
c          level        rate          size/glue  tier1   irredundant
c 
c i 59.52  0 89 59 17287  3 752572 56119 3.2 92 28 8 34 62% 113012 8952 25%
c i 59.52  0 89 59 17287  3 752575 56119 3.2 92 28 8 34 62% 113012 8951 25%
c i 59.53  0 89 59 17287  3 752576 56119 3.2 92 28 8 34 62% 113012 8950 25%
c i 59.53  0 89 59 17287  3 752577 56119 3.2 92 28 8 34 62% 113012 8949 25%
c i 59.53  0 89 59 17287  3 752578 56119 3.2 92 28 8 34 62% 113012 8948 25%
c i 59.53  0 89 59 17287  3 752579 56119 3.2 92 28 8 34 62% 113012 8947 25%
c i 59.53  0 89 59 17287  3 752580 56119 3.2 92 28 8 34 62% 113012 8946 25%
c i 59.53  0 89 59 17287  3 752581 56119 3.2 92 28 8 34 62% 113012 8945 25%
c i 59.53  0 89 59 17287  3 752582 56119 3.2 92 28 8 34 62% 113012 8944 25%
c i 59.53  0 89 59 17287  3 752583 56119 3.2 92 28 8 34 62% 113012 8943 25%
c i 59.53  0 89 59 17287  3 752584 56119 3.2 92 28 8 34 62% 113012 8942 25%
c i 59.53  0 89 59 17287  3 752585 56119 3.2 92 28 8 34 62% 113012 8941 25%
c i 59.53  0 89 59 17287  3 752586 56119 3.2 92 28 8 34 62% 113012 8940 25%
c i 59.53  0 89 59 17287  3 752587 56119 3.2 92 28 8 34 62% 113012 8939 25%
c i 59.53  0 89 59 17287  3 752594 56125 3.2 92 28 8 34 62% 113012 8938 25%
c i 59.53  0 89 59 17287  3 752595 56125 3.2 92 28 8 34 62% 113012 8937 25%
c i 59.53  0 89 59 17287  3 752596 56125 3.2 92 28 8 34 62% 113012 8936 25%
c i 59.53  0 89 59 17287  3 752597 56125 3.2 92 28 8 34 62% 113012 8935 25%
c i 59.53  0 89 59 17287  3 752598 56125 3.2 92 28 8 34 62% 113012 8934 25%
c i 59.53  0 89 59 17287  3 752610 56128 3.2 92 28 8 34 62% 113012 8926 25%
c 
c  seconds  reductions    conflicts         size   tier2        variables
c         MB      restarts       redundant     glue    trail         remaining
c          level        rate          size/glue  tier1   irredundant
c 
c i 59.65  0 89 59 17288  3 753539 56795 3.2 92 28 8 34 62% 113012 8925 25%
c i 59.65  0 89 59 17288  3 753540 56795 3.2 92 28 8 34 62% 113012 8924 25%
c i 59.65  0 89 59 17288  3 753541 56795 3.2 92 28 8 34 62% 113012 8923 25%
c i 59.65  0 89 59 17288  3 753542 56795 3.2 92 28 8 34 62% 113012 8922 25%
c i 59.65  0 89 59 17288  3 753543 56795 3.2 92 28 8 34 62% 113012 8921 25%
c i 59.65  0 89 59 17288  3 753544 56795 3.2 92 28 8 34 62% 113012 8920 25%
c i 59.65  0 89 59 17288  3 753545 56795 3.2 92 28 8 34 62% 113012 8919 25%
c i 59.65  0 89 59 17288  3 753546 56795 3.2 92 28 8 34 62% 113012 8918 25%
c i 59.65  0 89 59 17288  3 753553 56795 3.2 92 28 8 34 62% 113012 8917 25%
c i 59.65  0 89 59 17288  3 753554 56795 3.2 92 28 8 34 62% 113012 8916 25%
c i 59.65  0 89 59 17288  3 753557 56797 3.2 92 28 8 34 62% 113012 8915 25%
c i 59.65  0 89 59 17288  3 753559 56794 3.2 92 28 8 34 62% 113012 8914 25%
c i 59.65  0 89 59 17288  3 753560 56794 3.2 92 28 8 34 62% 113012 8913 25%
c i 59.65  0 89 59 17288  3 753569 56801 3.2 92 28 8 34 62% 113012 8912 25%
c i 59.65  0 89 59 17288  3 753570 56801 3.2 92 28 8 34 62% 113012 8911 25%
c i 59.65  0 89 59 17288  3 753571 56801 3.2 92 28 8 34 62% 113012 8910 25%
c i 59.65  0 89 59 17288  3 753576 56801 3.2 92 28 8 34 62% 113012 8909 25%
c i 59.85  0 88 59 17289  3 755186 57897 3.2 91 28 8 34 62% 113012 8908 25%
c i 59.85  0 88 59 17289  3 755188 57898 3.2 91 28 8 34 62% 113012 8907 25%
c i 59.85  0 88 59 17289  3 755189 57898 3.2 91 28 8 34 62% 113012 8906 25%
c 
c  seconds  reductions    conflicts         size   tier2        variables
c         MB      restarts       redundant     glue    trail         remaining
c          level        rate          size/glue  tier1   irredundant
c 
c i 59.85  0 88 59 17289  3 755190 57898 3.2 91 28 8 34 62% 113012 8905 25%
c i 59.85  0 88 59 17289  3 755191 57898 3.2 91 28 8 34 62% 113012 8904 25%
c i 59.85  0 88 59 17289  3 755192 57898 3.2 91 28 8 34 62% 113012 8903 25%
c i 59.85  0 88 59 17289  3 755193 57898 3.2 91 28 8 34 62% 113012 8902 25%
c i 59.85  0 88 59 17289  3 755194 57898 3.2 91 28 8 34 62% 113012 8901 25%
c i 59.85  0 88 59 17289  3 755195 57898 3.2 91 28 8 34 62% 113012 8900 25%
c i 59.85  0 88 59 17289  3 755196 57898 3.2 91 28 8 34 62% 113012 8899 25%
c i 59.85  0 88 59 17289  3 755197 57898 3.2 91 28 8 34 62% 113012 8898 25%
c i 59.85  0 88 59 17289  3 755198 57898 3.2 91 28 8 34 62% 113012 8897 25%
c i 59.86  0 88 59 17289  3 755201 57900 3.2 91 28 8 34 62% 113012 8896 25%
c i 59.86  0 88 59 17289  3 755206 57903 3.2 91 28 8 34 62% 113012 8895 25%
c i 59.86  0 88 59 17289  3 755207 57903 3.2 91 28 8 34 62% 113012 8894 25%
c i 59.86  0 88 59 17289  3 755235 57925 3.2 91 28 8 34 62% 113012 8893 25%
c i 59.86  0 88 59 17289  3 755239 57928 3.2 91 28 8 34 62% 113012 8892 25%
c i 59.97  0 87 59 17289  3 756179 58767 3.2 91 28 8 34 62% 113012 8891 25%
c i 59.97  0 87 59 17289  3 756182 58769 3.2 91 28 8 34 62% 113012 8890 25%
c i 59.97  0 87 59 17289  3 756183 58769 3.2 91 28 8 34 62% 113012 8889 25%
c i 59.97  0 87 59 17289  3 756184 58769 3.2 91 28 8 34 62% 113012 8888 25%
c i 59.97  0 87 59 17289  3 756185 58769 3.2 91 28 8 34 62% 113012 8887 25%
c i 59.97  0 87 59 17289  3 756186 58769 3.2 91 28 8 34 62% 113012 8886 25%
c 
c  seconds  reductions    conflicts         size   tier2        variables
c         MB      restarts       redundant     glue    trail         remaining
c          level        rate          size/glue  tier1   irredundant
c 
c i 59.97  0 87 59 17289  3 756187 58769 3.2 91 28 8 34 62% 113012 8885 25%
c i 59.98  0 87 59 17289  3 756260 58826 3.2 91 28 8 34 62% 113012 8884 25%
c i 60.03  0 87 59 17290  3 756766 59225 3.2 91 28 8 34 62% 113012 8881 25%
c i 60.34  0 86 59 17292  3 758962 60822 3.2 90 28 8 34 62% 113012 8880 25%
c i 60.35  0 86 59 17292  3 759086 60877 3.2 89 28 8 34 62% 113012 6590 18%
c i 60.50  0 85 59 17292  3 760154 24311 3.2 89 28 8 34 38% 68535 6589 18%
c i 60.53  0 85 59 17293  3 760698 24758 3.2 89 27 8 34 39% 68535 6588 18%
c i 60.59  0 85 59 17293  3 761373 25227 3.2 88 27 8 34 39% 68535 6587 18%
c i 60.59  0 85 59 17293  3 761419 25239 3.2 88 27 8 34 39% 68535 6586 18%
c i 60.59  0 85 59 17293  3 761448 25241 3.2 88 27 8 34 39% 68535 5101 14%
c ] 60.59  0 85 59 17293  3 761482 25246 3.2 88 27 8 34 39% 68535 4706 13%
c 0 60.59  0 85 59 17293  3 761482 25246 3.2 88 27 8 34 39% 68535 4706 13%
c 
c --- [ closing proof ] ------------------------------------------------------
c 
c LRAT proof file 'scratch/order100-global-profile1-final.lrat' closed
c LRAT 1466805 added clauses 48.19%
c LRAT 1576675 deleted clauses 51.81%
c LRAT 2217270938 bytes (2114.55 MB)
c 
c --- [ result ] -------------------------------------------------------------
c 
s UNSATISFIABLE
c 
c --- [ run-time profiling ] -------------------------------------------------
c 
c process time taken by individual solving procedures
c (percentage relative to process time for solving)
c 
c        52.91   87.41% search
c        24.96   41.23% stable
c        24.81   40.98% unstable
c         7.62   12.59% simplify
c         3.76    6.21% subsume
c         3.15    5.20% walk
c         1.08    1.78% elim
c         0.82    1.35% vivify
c         0.46    0.75% sweep
c         0.18    0.31% backbone
c         0.14    0.24% congruence
c         0.08    0.13% probe
c         0.06    0.10% parse
c         0.05    0.08% ternary
c         0.00    0.01% lucky
c   =================================
c        60.53   99.90% solve
c 
c last line shows process time for solving
c (percentage relative to total process time)
c 
c --- [ statistics ] ---------------------------------------------------------
c 
c chronological:            378860        49.75 %  of conflicts
c conflicts:                761482     12580.12    per second
c backbone:                8198283     22654.70 %  of vars
c decisions:               3605290     59561.45    per second
c eliminated:                24178        66.81 %  of all variables
c fixed:                      7270        20.09 %  of all variables
c learned:                  687296        90.26 %  per conflict
c learned_lits:          122608237       100.00 %  learned literals
c minimized:                     0         0.00 %  learned literals
c shrunken:               66230771        54.02 %  learned literals
c minishrunken:            9972113         8.13 %  learned literals
c otfs:                       3662         0.48 %  of conflict
c propagations:          277765220         4.59 M  per second
c reduced:                  322900        42.40 %  per conflict
c rephased:                     38     20039.00    interval
c restarts:                  17293        44.03    interval
c stabilizing:                   9        41.85 %  of conflicts
c substituted:                  34         0.09 %  of all variables
c subsumed:                 262460        25.18 %  of all clauses
c strengthened:             263851        25.32 %  of all clauses
c ticks:                1467928676         6.09    propagation
c vivified:                   4990         0.48 %  of all clauses
c walked:                       11     69225.64    interval
c weakened:                 110682         2.06    average size
c congruence:                   10     76148.20    interval
c 
c seconds are measured in process time for solving
c 
c --- [ glue usage ] ---------------------------------------------------------
c 
c focused glue 6 used 79449 clauses 5.866% accumulated 54.08% tier1
c focused glue 7 used 68565 clauses 5.062% accumulated 59.14%
c focused glue 8-18 used 328865 clauses 24.28% accumulated 83.42%
c focused glue 19 used 14373 clauses 1.061% accumulated 84.49%
c focused glue 20 used 13800 clauses 1.018% accumulated 85.50% tier2
c 
c stable glue 6 used 72813 clauses 4.646% accumulated 51.55% tier1
c stable glue 7 used 58595 clauses 3.738% accumulated 55.28%
c stable glue 8-26 used 453044 clauses 28.90% accumulated 84.19%
c stable glue 27 used 10621 clauses 0.677% accumulated 84.87%
c stable glue 28 used 11116 clauses 0.709% accumulated 85.58% tier2
c 
c 
c --- [ resources ] ----------------------------------------------------------
c 
c total process time since initialization:        60.59    seconds
c total real time since initialization:           97.16    seconds
c maximum resident set size of process:          313.47    MB
c 
c --- [ shutting down ] ------------------------------------------------------
c 
c exit 20
